system:index,FCODE,KDBBPS,KDCBPS,KDCPUM,KDEBPS,KDEPUM,KDPBPS,KDPKAB,KDPPUM,LUASWH,METADATA,NAMOBJ,REMARK,SHAPE_Area,SHAPE_Leng,SRS_ID,TIPADM,WADMKC,WADMKD,WADMKK,WADMPR,WIADKC,WIADKD,WIADKK,WIADPR,date,mean,month,ntl_mean,source,unit,year,.geo
0_00000000000000000000,BA03050040,,,,,,,14.03,14,8616.35798018,TASWIL5000020230907KABKOTA,Bengkalis,,0.700215051782,7.82147949106,4326,4,,,Bengkalis,Riau,,0,,,2014-01,0.46211296404151386,1,0.46211296404151386,VIIRS DNB,nW/cm2/sr,2014,"{""type"":""MultiPoint"",""coordinates"":[]}"
0_00000000000000000001,BA03050040,,,,,,,14.04,14,13521.2628347,TASWIL5000020230907KABKOTA,Indragiri Hilir,,1.09851042149,7.37231237531,4326,4,,,Indragiri Hilir,Riau,,0,,,2014-01,0.1244894646431198,1,0.1244894646431198,VIIRS DNB,nW/cm2/sr,2014,"{""type"":""MultiPoint"",""coordinates"":[]}"
0_00000000000000000002,BA03050040,,,,,,,14.02,14,7871.84968405,TASWIL5000020230907KABKOTA,Indragiri Hulu,,0.63955084852,4.58568097253,4326,4,,,Indragiri Hulu,Riau,,0,,,2014-01,0.13968336983700078,1,0.13968336983700078,VIIRS DNB,nW/cm2/sr,2014,"{""type"":""MultiPoint"",""coordinates"":[]}"
0_00000000000000000003,BA03050040,,,,,,,14.01,14,10352.8025325,TASWIL5000020230907KABKOTA,Kampar,,0.841096503879,7.83544312369,4326,4,,,Kampar,Riau,,0,,,2014-01,0.28072763935791145,1,0.28072763935791145,VIIRS DNB,nW/cm2/sr,2014,"{""type"":""MultiPoint"",""coordinates"":[]}"
0_00000000000000000004,BA03050040,,,,,,,14.10,14,3623.55847532,TASWIL5000020230907KABKOTA,Kepulauan Meranti,,0.294426091439,5.55830216947,4326,4,,,Kepulauan Meranti,Riau,,0,Bengkalis,,2014-01,0.2412394899932166,1,0.2412394899932166,VIIRS DNB,nW/cm2/sr,2014,"{""type"":""MultiPoint"",""coordinates"":[]}"
0_00000000000000000009,BA03050040,,,,,,,14.07,14,9068.45847884,TASWIL5000020230907KABKOTA,Rokan Hilir,,0.737081443501,6.32413452193,4326,4,,,Rokan Hilir,Riau,,0,Bengkalis,,2014-01,0.22630521449338095,1,0.22630521449338095,VIIRS DNB,nW/cm2/sr,2014,"{""type"":""MultiPoint"",""coordinates"":[]}"
0_0000000000000000000b,BA03050040,,,,,,,14.08,14,7805.53759098,TASWIL5000020230907KABKOTA,Siak,,0.634194327848,6.48953973447,4326,4,,,Siak,Riau,,0,Bengkalis,,2014-01,0.6873580944227008,1,0.6873580944227008,VIIRS DNB,nW/cm2/sr,2014,"{""type"":""MultiPoint"",""coordinates"":[]}"
0_00000000000000000007,BA03050040,,,,,,,14.09,14,5457.8626224,TASWIL5000020230907KABKOTA,Kuantan Singingi,,0.443419280545,4.11162115584,4326,4,,,Kuantan Singingi,Riau,,0,Indragiri hulu,,2014-01,0.13204802732196275,1,0.13204802732196275,VIIRS DNB,nW/cm2/sr,2014,"{""type"":""MultiPoint"",""coordinates"":[]}"
0_00000000000000000008,BA03050040,,,,,,,14.05,14,13262.1130957,TASWIL5000020230907KABKOTA,Pelalawan,,1.077443852,7.46682963302,4326,4,,,Pelalawan,Riau,,0,Kampar,,2014-01,0.1567291627332911,1,0.1567291627332911,VIIRS DNB,nW/cm2/sr,2014,"{""type"":""MultiPoint"",""coordinates"":[]}"
0_0000000000000000000a,BA03050040,,,,,,,14.06,14,7658.14908776,TASWIL5000020230907KABKOTA,Rokan Hulu,,0.622243411779,6.12306366434,4326,4,,,Rokan Hulu,Riau,,0,Kampar,,2014-01,0.08709982743943127,1,0.08709982743943127,VIIRS DNB,nW/cm2/sr,2014,"{""type"":""MultiPoint"",""coordinates"":[]}"
0_00000000000000000006,BA03050040,,,,,,,14.71,14,638.331320853,TASWIL5000020230907KABKOTA,Kota Pekanbaru,,0.0518609743118,1.42760792315,4326,5,,,Kota Pekanbaru,Riau,,0,,,2014-01,5.099834999596895,1,5.099834999596895,VIIRS DNB,nW/cm2/sr,2014,"{""type"":""MultiPoint"",""coordinates"":[]}"
0_00000000000000000005,BA03050040,,,,,,,14.72,14,2059.61276209,TASWIL5000020230907KABKOTA,Kota Dumai,,0.167408051519,2.69322296248,4326,5,,,Kota Dumai,Riau,,0,Bengkalis,,2014-01,0.6800274228222929,1,0.6800274228222929,VIIRS DNB,nW/cm2/sr,2014,"{""type"":""MultiPoint"",""coordinates"":[]}"
1_00000000000000000000,BA03050040,,,,,,,14.03,14,8616.35798018,TASWIL5000020230907KABKOTA,Bengkalis,,0.700215051782,7.82147949106,4326,4,,,Bengkalis,Riau,,0,,,2014-02,0.50646577138107,2,0.50646577138107,VIIRS DNB,nW/cm2/sr,2014,"{""type"":""MultiPoint"",""coordinates"":[]}"
1_00000000000000000001,BA03050040,,,,,,,14.04,14,13521.2628347,TASWIL5000020230907KABKOTA,Indragiri Hilir,,1.09851042149,7.37231237531,4326,4,,,Indragiri Hilir,Riau,,0,,,2014-02,0.11130773771755298,2,0.11130773771755298,VIIRS DNB,nW/cm2/sr,2014,"{""type"":""MultiPoint"",""coordinates"":[]}"
1_00000000000000000002,BA03050040,,,,,,,14.02,14,7871.84968405,TASWIL5000020230907KABKOTA,Indragiri Hulu,,0.63955084852,4.58568097253,4326,4,,,Indragiri Hulu,Riau,,0,,,2014-02,0.12561539087533333,2,0.12561539087533333,VIIRS DNB,nW/cm2/sr,2014,"{""type"":""MultiPoint"",""coordinates"":[]}"
1_00000000000000000003,BA03050040,,,,,,,14.01,14,10352.8025325,TASWIL5000020230907KABKOTA,Kampar,,0.841096503879,7.83544312369,4326,4,,,Kampar,Riau,,0,,,2014-02,0.19512478657976953,2,0.19512478657976953,VIIRS DNB,nW/cm2/sr,2014,"{""type"":""MultiPoint"",""coordinates"":[]}"
1_00000000000000000004,BA03050040,,,,,,,14.10,14,3623.55847532,TASWIL5000020230907KABKOTA,Kepulauan Meranti,,0.294426091439,5.55830216947,4326,4,,,Kepulauan Meranti,Riau,,0,Bengkalis,,2014-02,0.8691058584896517,2,0.8691058584896517,VIIRS DNB,nW/cm2/sr,2014,"{""type"":""MultiPoint"",""coordinates"":[]}"
1_00000000000000000009,BA03050040,,,,,,,14.07,14,9068.45847884,TASWIL5000020230907KABKOTA,Rokan Hilir,,0.737081443501,6.32413452193,4326,4,,,Rokan Hilir,Riau,,0,Bengkalis,,2014-02,0.15922241193968928,2,0.15922241193968928,VIIRS DNB,nW/cm2/sr,2014,"{""type"":""MultiPoint"",""coordinates"":[]}"
1_0000000000000000000b,BA03050040,,,,,,,14.08,14,7805.53759098,TASWIL5000020230907KABKOTA,Siak,,0.634194327848,6.48953973447,4326,4,,,Siak,Riau,,0,Bengkalis,,2014-02,0.6484520844277469,2,0.6484520844277469,VIIRS DNB,nW/cm2/sr,2014,"{""type"":""MultiPoint"",""coordinates"":[]}"
1_00000000000000000007,BA03050040,,,,,,,14.09,14,5457.8626224,TASWIL5000020230907KABKOTA,Kuantan Singingi,,0.443419280545,4.11162115584,4326,4,,,Kuantan Singingi,Riau,,0,Indragiri hulu,,2014-02,0.10382014694880712,2,0.10382014694880712,VIIRS DNB,nW/cm2/sr,2014,"{""type"":""MultiPoint"",""coordinates"":[]}"
1_00000000000000000008,BA03050040,,,,,,,14.05,14,13262.1130957,TASWIL5000020230907KABKOTA,Pelalawan,,1.077443852,7.46682963302,4326,4,,,Pelalawan,Riau,,0,Kampar,,2014-02,0.1774790731331021,2,0.1774790731331021,VIIRS DNB,nW/cm2/sr,2014,"{""type"":""MultiPoint"",""coordinates"":[]}"
1_0000000000000000000a,BA03050040,,,,,,,14.06,14,7658.14908776,TASWIL5000020230907KABKOTA,Rokan Hulu,,0.622243411779,6.12306366434,4326,4,,,Rokan Hulu,Riau,,0,Kampar,,2014-02,0.09675257257857427,2,0.09675257257857427,VIIRS DNB,nW/cm2/sr,2014,"{""type"":""MultiPoint"",""coordinates"":[]}"
1_00000000000000000006,BA03050040,,,,,,,14.71,14,638.331320853,TASWIL5000020230907KABKOTA,Kota Pekanbaru,,0.0518609743118,1.42760792315,4326,5,,,Kota Pekanbaru,Riau,,0,,,2014-02,3.5968283172602913,2,3.5968283172602913,VIIRS DNB,nW/cm2/sr,2014,"{""type"":""MultiPoint"",""coordinates"":[]}"
1_00000000000000000005,BA03050040,,,,,,,14.72,14,2059.61276209,TASWIL5000020230907KABKOTA,Kota Dumai,,0.167408051519,2.69322296248,4326,5,,,Kota Dumai,Riau,,0,Bengkalis,,2014-02,0.6096390554225111,2,0.6096390554225111,VIIRS DNB,nW/cm2/sr,2014,"{""type"":""MultiPoint"",""coordinates"":[]}"
2_00000000000000000000,BA03050040,,,,,,,14.03,14,8616.35798018,TASWIL5000020230907KABKOTA,Bengkalis,,0.700215051782,7.82147949106,4326,4,,,Bengkalis,Riau,,0,,,2014-03,0.6516092070527558,3,0.6516092070527558,VIIRS DNB,nW/cm2/sr,2014,"{""type"":""MultiPoint"",""coordinates"":[]}"
2_00000000000000000001,BA03050040,,,,,,,14.04,14,13521.2628347,TASWIL5000020230907KABKOTA,Indragiri Hilir,,1.09851042149,7.37231237531,4326,4,,,Indragiri Hilir,Riau,,0,,,2014-03,0.16239791646096524,3,0.16239791646096524,VIIRS DNB,nW/cm2/sr,2014,"{""type"":""MultiPoint"",""coordinates"":[]}"
2_00000000000000000002,BA03050040,,,,,,,14.02,14,7871.84968405,TASWIL5000020230907KABKOTA,Indragiri Hulu,,0.63955084852,4.58568097253,4326,4,,,Indragiri Hulu,Riau,,0,,,2014-03,0.2079610408024331,3,0.2079610408024331,VIIRS DNB,nW/cm2/sr,2014,"{""type"":""MultiPoint"",""coordinates"":[]}"
2_00000000000000000003,BA03050040,,,,,,,14.01,14,10352.8025325,TASWIL5000020230907KABKOTA,Kampar,,0.841096503879,7.83544312369,4326,4,,,Kampar,Riau,,0,,,2014-03,0.34393998901999717,3,0.34393998901999717,VIIRS DNB,nW/cm2/sr,2014,"{""type"":""MultiPoint"",""coordinates"":[]}"
2_00000000000000000004,BA03050040,,,,,,,14.10,14,3623.55847532,TASWIL5000020230907KABKOTA,Kepulauan Meranti,,0.294426091439,5.55830216947,4326,4,,,Kepulauan Meranti,Riau,,0,Bengkalis,,2014-03,0.741810326997874,3,0.741810326997874,VIIRS DNB,nW/cm2/sr,2014,"{""type"":""MultiPoint"",""coordinates"":[]}"
2_00000000000000000009,BA03050040,,,,,,,14.07,14,9068.45847884,TASWIL5000020230907KABKOTA,Rokan Hilir,,0.737081443501,6.32413452193,4326,4,,,Rokan Hilir,Riau,,0,Bengkalis,,2014-03,0.29234618228940357,3,0.29234618228940357,VIIRS DNB,nW/cm2/sr,2014,"{""type"":""MultiPoint"",""coordinates"":[]}"
2_0000000000000000000b,BA03050040,,,,,,,14.08,14,7805.53759098,TASWIL5000020230907KABKOTA,Siak,,0.634194327848,6.48953973447,4326,4,,,Siak,Riau,,0,Bengkalis,,2014-03,0.7622613161152477,3,0.7622613161152477,VIIRS DNB,nW/cm2/sr,2014,"{""type"":""MultiPoint"",""coordinates"":[]}"
2_00000000000000000007,BA03050040,,,,,,,14.09,14,5457.8626224,TASWIL5000020230907KABKOTA,Kuantan Singingi,,0.443419280545,4.11162115584,4326,4,,,Kuantan Singingi,Riau,,0,Indragiri hulu,,2014-03,0.23560385942791376,3,0.23560385942791376,VIIRS DNB,nW/cm2/sr,2014,"{""type"":""MultiPoint"",""coordinates"":[]}"
2_00000000000000000008,BA03050040,,,,,,,14.05,14,13262.1130957,TASWIL5000020230907KABKOTA,Pelalawan,,1.077443852,7.46682963302,4326,4,,,Pelalawan,Riau,,0,Kampar,,2014-03,0.21958327440737108,3,0.21958327440737108,VIIRS DNB,nW/cm2/sr,2014,"{""type"":""MultiPoint"",""coordinates"":[]}"
2_0000000000000000000a,BA03050040,,,,,,,14.06,14,7658.14908776,TASWIL5000020230907KABKOTA,Rokan Hulu,,0.622243411779,6.12306366434,4326,4,,,Rokan Hulu,Riau,,0,Kampar,,2014-03,0.20286554102400298,3,0.20286554102400298,VIIRS DNB,nW/cm2/sr,2014,"{""type"":""MultiPoint"",""coordinates"":[]}"
2_00000000000000000006,BA03050040,,,,,,,14.71,14,638.331320853,TASWIL5000020230907KABKOTA,Kota Pekanbaru,,0.0518609743118,1.42760792315,4326,5,,,Kota Pekanbaru,Riau,,0,,,2014-03,3.9743708730748546,3,3.9743708730748546,VIIRS DNB,nW/cm2/sr,2014,"{""type"":""MultiPoint"",""coordinates"":[]}"
2_00000000000000000005,BA03050040,,,,,,,14.72,14,2059.61276209,TASWIL5000020230907KABKOTA,Kota Dumai,,0.167408051519,2.69322296248,4326,5,,,Kota Dumai,Riau,,0,Bengkalis,,2014-03,1.1635664942767612,3,1.1635664942767612,VIIRS DNB,nW/cm2/sr,2014,"{""type"":""MultiPoint"",""coordinates"":[]}"
3_00000000000000000000,BA03050040,,,,,,,14.03,14,8616.35798018,TASWIL5000020230907KABKOTA,Bengkalis,,0.700215051782,7.82147949106,4326,4,,,Bengkalis,Riau,,0,,,2014-04,0.46682839747446236,4,0.46682839747446236,VIIRS DNB,nW/cm2/sr,2014,"{""type"":""MultiPoint"",""coordinates"":[]}"
3_00000000000000000001,BA03050040,,,,,,,14.04,14,13521.2628347,TASWIL5000020230907KABKOTA,Indragiri Hilir,,1.09851042149,7.37231237531,4326,4,,,Indragiri Hilir,Riau,,0,,,2014-04,0.1474139482813361,4,0.1474139482813361,VIIRS DNB,nW/cm2/sr,2014,"{""type"":""MultiPoint"",""coordinates"":[]}"
3_00000000000000000002,BA03050040,,,,,,,14.02,14,7871.84968405,TASWIL5000020230907KABKOTA,Indragiri Hulu,,0.63955084852,4.58568097253,4326,4,,,Indragiri Hulu,Riau,,0,,,2014-04,0.24637616976418764,4,0.24637616976418764,VIIRS DNB,nW/cm2/sr,2014,"{""type"":""MultiPoint"",""coordinates"":[]}"
3_00000000000000000003,BA03050040,,,,,,,14.01,14,10352.8025325,TASWIL5000020230907KABKOTA,Kampar,,0.841096503879,7.83544312369,4326,4,,,Kampar,Riau,,0,,,2014-04,0.050288054026379266,4,0.050288054026379266,VIIRS DNB,nW/cm2/sr,2014,"{""type"":""MultiPoint"",""coordinates"":[]}"
3_00000000000000000004,BA03050040,,,,,,,14.10,14,3623.55847532,TASWIL5000020230907KABKOTA,Kepulauan Meranti,,0.294426091439,5.55830216947,4326,4,,,Kepulauan Meranti,Riau,,0,Bengkalis,,2014-04,0.14316923427524034,4,0.14316923427524034,VIIRS DNB,nW/cm2/sr,2014,"{""type"":""MultiPoint"",""coordinates"":[]}"
3_00000000000000000009,BA03050040,,,,,,,14.07,14,9068.45847884,TASWIL5000020230907KABKOTA,Rokan Hilir,,0.737081443501,6.32413452193,4326,4,,,Rokan Hilir,Riau,,0,Bengkalis,,2014-04,0.2555906393704204,4,0.2555906393704204,VIIRS DNB,nW/cm2/sr,2014,"{""type"":""MultiPoint"",""coordinates"":[]}"
3_0000000000000000000b,BA03050040,,,,,,,14.08,14,7805.53759098,TASWIL5000020230907KABKOTA,Siak,,0.634194327848,6.48953973447,4326,4,,,Siak,Riau,,0,Bengkalis,,2014-04,0.4767351781071214,4,0.4767351781071214,VIIRS DNB,nW/cm2/sr,2014,"{""type"":""MultiPoint"",""coordinates"":[]}"
3_00000000000000000007,BA03050040,,,,,,,14.09,14,5457.8626224,TASWIL5000020230907KABKOTA,Kuantan Singingi,,0.443419280545,4.11162115584,4326,4,,,Kuantan Singingi,Riau,,0,Indragiri hulu,,2014-04,0.19913846369018257,4,0.19913846369018257,VIIRS DNB,nW/cm2/sr,2014,"{""type"":""MultiPoint"",""coordinates"":[]}"
3_00000000000000000008,BA03050040,,,,,,,14.05,14,13262.1130957,TASWIL5000020230907KABKOTA,Pelalawan,,1.077443852,7.46682963302,4326,4,,,Pelalawan,Riau,,0,Kampar,,2014-04,0.14656957392742911,4,0.14656957392742911,VIIRS DNB,nW/cm2/sr,2014,"{""type"":""MultiPoint"",""coordinates"":[]}"
3_0000000000000000000a,BA03050040,,,,,,,14.06,14,7658.14908776,TASWIL5000020230907KABKOTA,Rokan Hulu,,0.622243411779,6.12306366434,4326,4,,,Rokan Hulu,Riau,,0,Kampar,,2014-04,0.11856797358954729,4,0.11856797358954729,VIIRS DNB,nW/cm2/sr,2014,"{""type"":""MultiPoint"",""coordinates"":[]}"
3_00000000000000000006,BA03050040,,,,,,,14.71,14,638.331320853,TASWIL5000020230907KABKOTA,Kota Pekanbaru,,0.0518609743118,1.42760792315,4326,5,,,Kota Pekanbaru,Riau,,0,,,2014-04,1.4506879124188077,4,1.4506879124188077,VIIRS DNB,nW/cm2/sr,2014,"{""type"":""MultiPoint"",""coordinates"":[]}"
3_00000000000000000005,BA03050040,,,,,,,14.72,14,2059.61276209,TASWIL5000020230907KABKOTA,Kota Dumai,,0.167408051519,2.69322296248,4326,5,,,Kota Dumai,Riau,,0,Bengkalis,,2014-04,0.31354768214624684,4,0.31354768214624684,VIIRS DNB,nW/cm2/sr,2014,"{""type"":""MultiPoint"",""coordinates"":[]}"
4_00000000000000000000,BA03050040,,,,,,,14.03,14,8616.35798018,TASWIL5000020230907KABKOTA,Bengkalis,,0.700215051782,7.82147949106,4326,4,,,Bengkalis,Riau,,0,,,2014-05,0.4781936520478667,5,0.4781936520478667,VIIRS DNB,nW/cm2/sr,2014,"{""type"":""MultiPoint"",""coordinates"":[]}"
4_00000000000000000001,BA03050040,,,,,,,14.04,14,13521.2628347,TASWIL5000020230907KABKOTA,Indragiri Hilir,,1.09851042149,7.37231237531,4326,4,,,Indragiri Hilir,Riau,,0,,,2014-05,0.026085654155732597,5,0.026085654155732597,VIIRS DNB,nW/cm2/sr,2014,"{""type"":""MultiPoint"",""coordinates"":[]}"
4_00000000000000000002,BA03050040,,,,,,,14.02,14,7871.84968405,TASWIL5000020230907KABKOTA,Indragiri Hulu,,0.63955084852,4.58568097253,4326,4,,,Indragiri Hulu,Riau,,0,,,2014-05,0.09834052823606831,5,0.09834052823606831,VIIRS DNB,nW/cm2/sr,2014,"{""type"":""MultiPoint"",""coordinates"":[]}"
4_00000000000000000003,BA03050040,,,,,,,14.01,14,10352.8025325,TASWIL5000020230907KABKOTA,Kampar,,0.841096503879,7.83544312369,4326,4,,,Kampar,Riau,,0,,,2014-05,0.30295552499516926,5,0.30295552499516926,VIIRS DNB,nW/cm2/sr,2014,"{""type"":""MultiPoint"",""coordinates"":[]}"
4_00000000000000000004,BA03050040,,,,,,,14.10,14,3623.55847532,TASWIL5000020230907KABKOTA,Kepulauan Meranti,,0.294426091439,5.55830216947,4326,4,,,Kepulauan Meranti,Riau,,0,Bengkalis,,2014-05,0.39880391976333635,5,0.39880391976333635,VIIRS DNB,nW/cm2/sr,2014,"{""type"":""MultiPoint"",""coordinates"":[]}"
4_00000000000000000009,BA03050040,,,,,,,14.07,14,9068.45847884,TASWIL5000020230907KABKOTA,Rokan Hilir,,0.737081443501,6.32413452193,4326,4,,,Rokan Hilir,Riau,,0,Bengkalis,,2014-05,0.20408409572930764,5,0.20408409572930764,VIIRS DNB,nW/cm2/sr,2014,"{""type"":""MultiPoint"",""coordinates"":[]}"
4_0000000000000000000b,BA03050040,,,,,,,14.08,14,7805.53759098,TASWIL5000020230907KABKOTA,Siak,,0.634194327848,6.48953973447,4326,4,,,Siak,Riau,,0,Bengkalis,,2014-05,0.7339316622506654,5,0.7339316622506654,VIIRS DNB,nW/cm2/sr,2014,"{""type"":""MultiPoint"",""coordinates"":[]}"
4_00000000000000000007,BA03050040,,,,,,,14.09,14,5457.8626224,TASWIL5000020230907KABKOTA,Kuantan Singingi,,0.443419280545,4.11162115584,4326,4,,,Kuantan Singingi,Riau,,0,Indragiri hulu,,2014-05,0.11520158673413541,5,0.11520158673413541,VIIRS DNB,nW/cm2/sr,2014,"{""type"":""MultiPoint"",""coordinates"":[]}"
4_00000000000000000008,BA03050040,,,,,,,14.05,14,13262.1130957,TASWIL5000020230907KABKOTA,Pelalawan,,1.077443852,7.46682963302,4326,4,,,Pelalawan,Riau,,0,Kampar,,2014-05,0.12260120087038043,5,0.12260120087038043,VIIRS DNB,nW/cm2/sr,2014,"{""type"":""MultiPoint"",""coordinates"":[]}"
4_0000000000000000000a,BA03050040,,,,,,,14.06,14,7658.14908776,TASWIL5000020230907KABKOTA,Rokan Hulu,,0.622243411779,6.12306366434,4326,4,,,Rokan Hulu,Riau,,0,Kampar,,2014-05,0.10189290603835248,5,0.10189290603835248,VIIRS DNB,nW/cm2/sr,2014,"{""type"":""MultiPoint"",""coordinates"":[]}"
4_00000000000000000006,BA03050040,,,,,,,14.71,14,638.331320853,TASWIL5000020230907KABKOTA,Kota Pekanbaru,,0.0518609743118,1.42760792315,4326,5,,,Kota Pekanbaru,Riau,,0,,,2014-05,7.749972727820526,5,7.749972727820526,VIIRS DNB,nW/cm2/sr,2014,"{""type"":""MultiPoint"",""coordinates"":[]}"
4_00000000000000000005,BA03050040,,,,,,,14.72,14,2059.61276209,TASWIL5000020230907KABKOTA,Kota Dumai,,0.167408051519,2.69322296248,4326,5,,,Kota Dumai,Riau,,0,Bengkalis,,2014-05,0.5806071818081483,5,0.5806071818081483,VIIRS DNB,nW/cm2/sr,2014,"{""type"":""MultiPoint"",""coordinates"":[]}"
5_00000000000000000000,BA03050040,,,,,,,14.03,14,8616.35798018,TASWIL5000020230907KABKOTA,Bengkalis,,0.700215051782,7.82147949106,4326,4,,,Bengkalis,Riau,,0,,,2014-06,0.4706204244971364,6,0.4706204244971364,VIIRS DNB,nW/cm2/sr,2014,"{""type"":""MultiPoint"",""coordinates"":[]}"
5_00000000000000000001,BA03050040,,,,,,,14.04,14,13521.2628347,TASWIL5000020230907KABKOTA,Indragiri Hilir,,1.09851042149,7.37231237531,4326,4,,,Indragiri Hilir,Riau,,0,,,2014-06,0.0732102208731814,6,0.0732102208731814,VIIRS DNB,nW/cm2/sr,2014,"{""type"":""MultiPoint"",""coordinates"":[]}"
5_00000000000000000002,BA03050040,,,,,,,14.02,14,7871.84968405,TASWIL5000020230907KABKOTA,Indragiri Hulu,,0.63955084852,4.58568097253,4326,4,,,Indragiri Hulu,Riau,,0,,,2014-06,0.11966218340107608,6,0.11966218340107608,VIIRS DNB,nW/cm2/sr,2014,"{""type"":""MultiPoint"",""coordinates"":[]}"
5_00000000000000000003,BA03050040,,,,,,,14.01,14,10352.8025325,TASWIL5000020230907KABKOTA,Kampar,,0.841096503879,7.83544312369,4326,4,,,Kampar,Riau,,0,,,2014-06,0.3255409866747141,6,0.3255409866747141,VIIRS DNB,nW/cm2/sr,2014,"{""type"":""MultiPoint"",""coordinates"":[]}"
5_00000000000000000004,BA03050040,,,,,,,14.10,14,3623.55847532,TASWIL5000020230907KABKOTA,Kepulauan Meranti,,0.294426091439,5.55830216947,4326,4,,,Kepulauan Meranti,Riau,,0,Bengkalis,,2014-06,0.22480247732284486,6,0.22480247732284486,VIIRS DNB,nW/cm2/sr,2014,"{""type"":""MultiPoint"",""coordinates"":[]}"
5_00000000000000000009,BA03050040,,,,,,,14.07,14,9068.45847884,TASWIL5000020230907KABKOTA,Rokan Hilir,,0.737081443501,6.32413452193,4326,4,,,Rokan Hilir,Riau,,0,Bengkalis,,2014-06,0.3853964161937414,6,0.3853964161937414,VIIRS DNB,nW/cm2/sr,2014,"{""type"":""MultiPoint"",""coordinates"":[]}"
5_0000000000000000000b,BA03050040,,,,,,,14.08,14,7805.53759098,TASWIL5000020230907KABKOTA,Siak,,0.634194327848,6.48953973447,4326,4,,,Siak,Riau,,0,Bengkalis,,2014-06,0.6455893752932987,6,0.6455893752932987,VIIRS DNB,nW/cm2/sr,2014,"{""type"":""MultiPoint"",""coordinates"":[]}"
5_00000000000000000007,BA03050040,,,,,,,14.09,14,5457.8626224,TASWIL5000020230907KABKOTA,Kuantan Singingi,,0.443419280545,4.11162115584,4326,4,,,Kuantan Singingi,Riau,,0,Indragiri hulu,,2014-06,0.15833925960651526,6,0.15833925960651526,VIIRS DNB,nW/cm2/sr,2014,"{""type"":""MultiPoint"",""coordinates"":[]}"
5_00000000000000000008,BA03050040,,,,,,,14.05,14,13262.1130957,TASWIL5000020230907KABKOTA,Pelalawan,,1.077443852,7.46682963302,4326,4,,,Pelalawan,Riau,,0,Kampar,,2014-06,0.20205671319801324,6,0.20205671319801324,VIIRS DNB,nW/cm2/sr,2014,"{""type"":""MultiPoint"",""coordinates"":[]}"
5_0000000000000000000a,BA03050040,,,,,,,14.06,14,7658.14908776,TASWIL5000020230907KABKOTA,Rokan Hulu,,0.622243411779,6.12306366434,4326,4,,,Rokan Hulu,Riau,,0,Kampar,,2014-06,0.1799569041609297,6,0.1799569041609297,VIIRS DNB,nW/cm2/sr,2014,"{""type"":""MultiPoint"",""coordinates"":[]}"
5_00000000000000000006,BA03050040,,,,,,,14.71,14,638.331320853,TASWIL5000020230907KABKOTA,Kota Pekanbaru,,0.0518609743118,1.42760792315,4326,5,,,Kota Pekanbaru,Riau,,0,,,2014-06,5.9170830346373195,6,5.9170830346373195,VIIRS DNB,nW/cm2/sr,2014,"{""type"":""MultiPoint"",""coordinates"":[]}"
5_00000000000000000005,BA03050040,,,,,,,14.72,14,2059.61276209,TASWIL5000020230907KABKOTA,Kota Dumai,,0.167408051519,2.69322296248,4326,5,,,Kota Dumai,Riau,,0,Bengkalis,,2014-06,0.916544020952269,6,0.916544020952269,VIIRS DNB,nW/cm2/sr,2014,"{""type"":""MultiPoint"",""coordinates"":[]}"
6_00000000000000000000,BA03050040,,,,,,,14.03,14,8616.35798018,TASWIL5000020230907KABKOTA,Bengkalis,,0.700215051782,7.82147949106,4326,4,,,Bengkalis,Riau,,0,,,2014-07,0.489142885286776,7,0.489142885286776,VIIRS DNB,nW/cm2/sr,2014,"{""type"":""MultiPoint"",""coordinates"":[]}"
6_00000000000000000001,BA03050040,,,,,,,14.04,14,13521.2628347,TASWIL5000020230907KABKOTA,Indragiri Hilir,,1.09851042149,7.37231237531,4326,4,,,Indragiri Hilir,Riau,,0,,,2014-07,0.033923910122982556,7,0.033923910122982556,VIIRS DNB,nW/cm2/sr,2014,"{""type"":""MultiPoint"",""coordinates"":[]}"
6_00000000000000000002,BA03050040,,,,,,,14.02,14,7871.84968405,TASWIL5000020230907KABKOTA,Indragiri Hulu,,0.63955084852,4.58568097253,4326,4,,,Indragiri Hulu,Riau,,0,,,2014-07,0.09323217133672727,7,0.09323217133672727,VIIRS DNB,nW/cm2/sr,2014,"{""type"":""MultiPoint"",""coordinates"":[]}"
6_00000000000000000003,BA03050040,,,,,,,14.01,14,10352.8025325,TASWIL5000020230907KABKOTA,Kampar,,0.841096503879,7.83544312369,4326,4,,,Kampar,Riau,,0,,,2014-07,0.2819915512940087,7,0.2819915512940087,VIIRS DNB,nW/cm2/sr,2014,"{""type"":""MultiPoint"",""coordinates"":[]}"
6_00000000000000000004,BA03050040,,,,,,,14.10,14,3623.55847532,TASWIL5000020230907KABKOTA,Kepulauan Meranti,,0.294426091439,5.55830216947,4326,4,,,Kepulauan Meranti,Riau,,0,Bengkalis,,2014-07,0.1714540431026698,7,0.1714540431026698,VIIRS DNB,nW/cm2/sr,2014,"{""type"":""MultiPoint"",""coordinates"":[]}"
6_00000000000000000009,BA03050040,,,,,,,14.07,14,9068.45847884,TASWIL5000020230907KABKOTA,Rokan Hilir,,0.737081443501,6.32413452193,4326,4,,,Rokan Hilir,Riau,,0,Bengkalis,,2014-07,0.3867714260206884,7,0.3867714260206884,VIIRS DNB,nW/cm2/sr,2014,"{""type"":""MultiPoint"",""coordinates"":[]}"
6_0000000000000000000b,BA03050040,,,,,,,14.08,14,7805.53759098,TASWIL5000020230907KABKOTA,Siak,,0.634194327848,6.48953973447,4326,4,,,Siak,Riau,,0,Bengkalis,,2014-07,0.6169094675171889,7,0.6169094675171889,VIIRS DNB,nW/cm2/sr,2014,"{""type"":""MultiPoint"",""coordinates"":[]}"
6_00000000000000000007,BA03050040,,,,,,,14.09,14,5457.8626224,TASWIL5000020230907KABKOTA,Kuantan Singingi,,0.443419280545,4.11162115584,4326,4,,,Kuantan Singingi,Riau,,0,Indragiri hulu,,2014-07,0.09257682535175872,7,0.09257682535175872,VIIRS DNB,nW/cm2/sr,2014,"{""type"":""MultiPoint"",""coordinates"":[]}"
6_00000000000000000008,BA03050040,,,,,,,14.05,14,13262.1130957,TASWIL5000020230907KABKOTA,Pelalawan,,1.077443852,7.46682963302,4326,4,,,Pelalawan,Riau,,0,Kampar,,2014-07,0.10283208289516238,7,0.10283208289516238,VIIRS DNB,nW/cm2/sr,2014,"{""type"":""MultiPoint"",""coordinates"":[]}"
6_0000000000000000000a,BA03050040,,,,,,,14.06,14,7658.14908776,TASWIL5000020230907KABKOTA,Rokan Hulu,,0.622243411779,6.12306366434,4326,4,,,Rokan Hulu,Riau,,0,Kampar,,2014-07,0.20336523340815338,7,0.20336523340815338,VIIRS DNB,nW/cm2/sr,2014,"{""type"":""MultiPoint"",""coordinates"":[]}"
6_00000000000000000006,BA03050040,,,,,,,14.71,14,638.331320853,TASWIL5000020230907KABKOTA,Kota Pekanbaru,,0.0518609743118,1.42760792315,4326,5,,,Kota Pekanbaru,Riau,,0,,,2014-07,5.96866348010624,7,5.96866348010624,VIIRS DNB,nW/cm2/sr,2014,"{""type"":""MultiPoint"",""coordinates"":[]}"
6_00000000000000000005,BA03050040,,,,,,,14.72,14,2059.61276209,TASWIL5000020230907KABKOTA,Kota Dumai,,0.167408051519,2.69322296248,4326,5,,,Kota Dumai,Riau,,0,Bengkalis,,2014-07,1.161377349003142,7,1.161377349003142,VIIRS DNB,nW/cm2/sr,2014,"{""type"":""MultiPoint"",""coordinates"":[]}"
7_00000000000000000000,BA03050040,,,,,,,14.03,14,8616.35798018,TASWIL5000020230907KABKOTA,Bengkalis,,0.700215051782,7.82147949106,4326,4,,,Bengkalis,Riau,,0,,,2014-08,0.448787019695246,8,0.448787019695246,VIIRS DNB,nW/cm2/sr,2014,"{""type"":""MultiPoint"",""coordinates"":[]}"
7_00000000000000000001,BA03050040,,,,,,,14.04,14,13521.2628347,TASWIL5000020230907KABKOTA,Indragiri Hilir,,1.09851042149,7.37231237531,4326,4,,,Indragiri Hilir,Riau,,0,,,2014-08,0.05881261388461787,8,0.05881261388461787,VIIRS DNB,nW/cm2/sr,2014,"{""type"":""MultiPoint"",""coordinates"":[]}"
7_00000000000000000002,BA03050040,,,,,,,14.02,14,7871.84968405,TASWIL5000020230907KABKOTA,Indragiri Hulu,,0.63955084852,4.58568097253,4326,4,,,Indragiri Hulu,Riau,,0,,,2014-08,0.10814297443200808,8,0.10814297443200808,VIIRS DNB,nW/cm2/sr,2014,"{""type"":""MultiPoint"",""coordinates"":[]}"
7_00000000000000000003,BA03050040,,,,,,,14.01,14,10352.8025325,TASWIL5000020230907KABKOTA,Kampar,,0.841096503879,7.83544312369,4326,4,,,Kampar,Riau,,0,,,2014-08,0.29912666369993185,8,0.29912666369993185,VIIRS DNB,nW/cm2/sr,2014,"{""type"":""MultiPoint"",""coordinates"":[]}"
7_00000000000000000004,BA03050040,,,,,,,14.10,14,3623.55847532,TASWIL5000020230907KABKOTA,Kepulauan Meranti,,0.294426091439,5.55830216947,4326,4,,,Kepulauan Meranti,Riau,,0,Bengkalis,,2014-08,0.14861038388556716,8,0.14861038388556716,VIIRS DNB,nW/cm2/sr,2014,"{""type"":""MultiPoint"",""coordinates"":[]}"
7_00000000000000000009,BA03050040,,,,,,,14.07,14,9068.45847884,TASWIL5000020230907KABKOTA,Rokan Hilir,,0.737081443501,6.32413452193,4326,4,,,Rokan Hilir,Riau,,0,Bengkalis,,2014-08,0.228676398750946,8,0.228676398750946,VIIRS DNB,nW/cm2/sr,2014,"{""type"":""MultiPoint"",""coordinates"":[]}"
7_0000000000000000000b,BA03050040,,,,,,,14.08,14,7805.53759098,TASWIL5000020230907KABKOTA,Siak,,0.634194327848,6.48953973447,4326,4,,,Siak,Riau,,0,Bengkalis,,2014-08,0.6180803221001858,8,0.6180803221001858,VIIRS DNB,nW/cm2/sr,2014,"{""type"":""MultiPoint"",""coordinates"":[]}"
7_00000000000000000007,BA03050040,,,,,,,14.09,14,5457.8626224,TASWIL5000020230907KABKOTA,Kuantan Singingi,,0.443419280545,4.11162115584,4326,4,,,Kuantan Singingi,Riau,,0,Indragiri hulu,,2014-08,0.09343056595614616,8,0.09343056595614616,VIIRS DNB,nW/cm2/sr,2014,"{""type"":""MultiPoint"",""coordinates"":[]}"
7_00000000000000000008,BA03050040,,,,,,,14.05,14,13262.1130957,TASWIL5000020230907KABKOTA,Pelalawan,,1.077443852,7.46682963302,4326,4,,,Pelalawan,Riau,,0,Kampar,,2014-08,0.11498220890866784,8,0.11498220890866784,VIIRS DNB,nW/cm2/sr,2014,"{""type"":""MultiPoint"",""coordinates"":[]}"
7_0000000000000000000a,BA03050040,,,,,,,14.06,14,7658.14908776,TASWIL5000020230907KABKOTA,Rokan Hulu,,0.622243411779,6.12306366434,4326,4,,,Rokan Hulu,Riau,,0,Kampar,,2014-08,0.11173115214227433,8,0.11173115214227433,VIIRS DNB,nW/cm2/sr,2014,"{""type"":""MultiPoint"",""coordinates"":[]}"
7_00000000000000000006,BA03050040,,,,,,,14.71,14,638.331320853,TASWIL5000020230907KABKOTA,Kota Pekanbaru,,0.0518609743118,1.42760792315,4326,5,,,Kota Pekanbaru,Riau,,0,,,2014-08,5.199731278752433,8,5.199731278752433,VIIRS DNB,nW/cm2/sr,2014,"{""type"":""MultiPoint"",""coordinates"":[]}"
7_00000000000000000005,BA03050040,,,,,,,14.72,14,2059.61276209,TASWIL5000020230907KABKOTA,Kota Dumai,,0.167408051519,2.69322296248,4326,5,,,Kota Dumai,Riau,,0,Bengkalis,,2014-08,1.0152554468847128,8,1.0152554468847128,VIIRS DNB,nW/cm2/sr,2014,"{""type"":""MultiPoint"",""coordinates"":[]}"
8_00000000000000000000,BA03050040,,,,,,,14.03,14,8616.35798018,TASWIL5000020230907KABKOTA,Bengkalis,,0.700215051782,7.82147949106,4326,4,,,Bengkalis,Riau,,0,,,2014-09,0.4219157596370856,9,0.4219157596370856,VIIRS DNB,nW/cm2/sr,2014,"{""type"":""MultiPoint"",""coordinates"":[]}"
8_00000000000000000001,BA03050040,,,,,,,14.04,14,13521.2628347,TASWIL5000020230907KABKOTA,Indragiri Hilir,,1.09851042149,7.37231237531,4326,4,,,Indragiri Hilir,Riau,,0,,,2014-09,0.056687925861597765,9,0.056687925861597765,VIIRS DNB,nW/cm2/sr,2014,"{""type"":""MultiPoint"",""coordinates"":[]}"
8_00000000000000000002,BA03050040,,,,,,,14.02,14,7871.84968405,TASWIL5000020230907KABKOTA,Indragiri Hulu,,0.63955084852,4.58568097253,4326,4,,,Indragiri Hulu,Riau,,0,,,2014-09,0.09269436811433633,9,0.09269436811433633,VIIRS DNB,nW/cm2/sr,2014,"{""type"":""MultiPoint"",""coordinates"":[]}"
8_00000000000000000003,BA03050040,,,,,,,14.01,14,10352.8025325,TASWIL5000020230907KABKOTA,Kampar,,0.841096503879,7.83544312369,4326,4,,,Kampar,Riau,,0,,,2014-09,0.2784448045857589,9,0.2784448045857589,VIIRS DNB,nW/cm2/sr,2014,"{""type"":""MultiPoint"",""coordinates"":[]}"
8_00000000000000000004,BA03050040,,,,,,,14.10,14,3623.55847532,TASWIL5000020230907KABKOTA,Kepulauan Meranti,,0.294426091439,5.55830216947,4326,4,,,Kepulauan Meranti,Riau,,0,Bengkalis,,2014-09,0.10645336703305969,9,0.10645336703305969,VIIRS DNB,nW/cm2/sr,2014,"{""type"":""MultiPoint"",""coordinates"":[]}"
8_00000000000000000009,BA03050040,,,,,,,14.07,14,9068.45847884,TASWIL5000020230907KABKOTA,Rokan Hilir,,0.737081443501,6.32413452193,4326,4,,,Rokan Hilir,Riau,,0,Bengkalis,,2014-09,0.13504145800163725,9,0.13504145800163725,VIIRS DNB,nW/cm2/sr,2014,"{""type"":""MultiPoint"",""coordinates"":[]}"
8_0000000000000000000b,BA03050040,,,,,,,14.08,14,7805.53759098,TASWIL5000020230907KABKOTA,Siak,,0.634194327848,6.48953973447,4326,4,,,Siak,Riau,,0,Bengkalis,,2014-09,0.6631496246190501,9,0.6631496246190501,VIIRS DNB,nW/cm2/sr,2014,"{""type"":""MultiPoint"",""coordinates"":[]}"
8_00000000000000000007,BA03050040,,,,,,,14.09,14,5457.8626224,TASWIL5000020230907KABKOTA,Kuantan Singingi,,0.443419280545,4.11162115584,4326,4,,,Kuantan Singingi,Riau,,0,Indragiri hulu,,2014-09,0.0804085413411687,9,0.0804085413411687,VIIRS DNB,nW/cm2/sr,2014,"{""type"":""MultiPoint"",""coordinates"":[]}"
8_00000000000000000008,BA03050040,,,,,,,14.05,14,13262.1130957,TASWIL5000020230907KABKOTA,Pelalawan,,1.077443852,7.46682963302,4326,4,,,Pelalawan,Riau,,0,Kampar,,2014-09,0.09756854825276731,9,0.09756854825276731,VIIRS DNB,nW/cm2/sr,2014,"{""type"":""MultiPoint"",""coordinates"":[]}"
8_0000000000000000000a,BA03050040,,,,,,,14.06,14,7658.14908776,TASWIL5000020230907KABKOTA,Rokan Hulu,,0.622243411779,6.12306366434,4326,4,,,Rokan Hulu,Riau,,0,Kampar,,2014-09,0.10886769365007194,9,0.10886769365007194,VIIRS DNB,nW/cm2/sr,2014,"{""type"":""MultiPoint"",""coordinates"":[]}"
8_00000000000000000006,BA03050040,,,,,,,14.71,14,638.331320853,TASWIL5000020230907KABKOTA,Kota Pekanbaru,,0.0518609743118,1.42760792315,4326,5,,,Kota Pekanbaru,Riau,,0,,,2014-09,5.283687386917833,9,5.283687386917833,VIIRS DNB,nW/cm2/sr,2014,"{""type"":""MultiPoint"",""coordinates"":[]}"
8_00000000000000000005,BA03050040,,,,,,,14.72,14,2059.61276209,TASWIL5000020230907KABKOTA,Kota Dumai,,0.167408051519,2.69322296248,4326,5,,,Kota Dumai,Riau,,0,Bengkalis,,2014-09,0.6624542039884769,9,0.6624542039884769,VIIRS DNB,nW/cm2/sr,2014,"{""type"":""MultiPoint"",""coordinates"":[]}"
9_00000000000000000000,BA03050040,,,,,,,14.03,14,8616.35798018,TASWIL5000020230907KABKOTA,Bengkalis,,0.700215051782,7.82147949106,4326,4,,,Bengkalis,Riau,,0,,,2014-10,0.4192328497038522,10,0.4192328497038522,VIIRS DNB,nW/cm2/sr,2014,"{""type"":""MultiPoint"",""coordinates"":[]}"
9_00000000000000000001,BA03050040,,,,,,,14.04,14,13521.2628347,TASWIL5000020230907KABKOTA,Indragiri Hilir,,1.09851042149,7.37231237531,4326,4,,,Indragiri Hilir,Riau,,0,,,2014-10,0.05564968061326896,10,0.05564968061326896,VIIRS DNB,nW/cm2/sr,2014,"{""type"":""MultiPoint"",""coordinates"":[]}"
9_00000000000000000002,BA03050040,,,,,,,14.02,14,7871.84968405,TASWIL5000020230907KABKOTA,Indragiri Hulu,,0.63955084852,4.58568097253,4326,4,,,Indragiri Hulu,Riau,,0,,,2014-10,0.09792293023098585,10,0.09792293023098585,VIIRS DNB,nW/cm2/sr,2014,"{""type"":""MultiPoint"",""coordinates"":[]}"
9_00000000000000000003,BA03050040,,,,,,,14.01,14,10352.8025325,TASWIL5000020230907KABKOTA,Kampar,,0.841096503879,7.83544312369,4326,4,,,Kampar,Riau,,0,,,2014-10,0.24117569826858595,10,0.24117569826858595,VIIRS DNB,nW/cm2/sr,2014,"{""type"":""MultiPoint"",""coordinates"":[]}"
9_00000000000000000004,BA03050040,,,,,,,14.10,14,3623.55847532,TASWIL5000020230907KABKOTA,Kepulauan Meranti,,0.294426091439,5.55830216947,4326,4,,,Kepulauan Meranti,Riau,,0,Bengkalis,,2014-10,0.09391262554795983,10,0.09391262554795983,VIIRS DNB,nW/cm2/sr,2014,"{""type"":""MultiPoint"",""coordinates"":[]}"
9_00000000000000000009,BA03050040,,,,,,,14.07,14,9068.45847884,TASWIL5000020230907KABKOTA,Rokan Hilir,,0.737081443501,6.32413452193,4326,4,,,Rokan Hilir,Riau,,0,Bengkalis,,2014-10,0.11610406373073284,10,0.11610406373073284,VIIRS DNB,nW/cm2/sr,2014,"{""type"":""MultiPoint"",""coordinates"":[]}"
9_0000000000000000000b,BA03050040,,,,,,,14.08,14,7805.53759098,TASWIL5000020230907KABKOTA,Siak,,0.634194327848,6.48953973447,4326,4,,,Siak,Riau,,0,Bengkalis,,2014-10,0.5322299808044691,10,0.5322299808044691,VIIRS DNB,nW/cm2/sr,2014,"{""type"":""MultiPoint"",""coordinates"":[]}"
9_00000000000000000007,BA03050040,,,,,,,14.09,14,5457.8626224,TASWIL5000020230907KABKOTA,Kuantan Singingi,,0.443419280545,4.11162115584,4326,4,,,Kuantan Singingi,Riau,,0,Indragiri hulu,,2014-10,0.11646330979198212,10,0.11646330979198212,VIIRS DNB,nW/cm2/sr,2014,"{""type"":""MultiPoint"",""coordinates"":[]}"
9_00000000000000000008,BA03050040,,,,,,,14.05,14,13262.1130957,TASWIL5000020230907KABKOTA,Pelalawan,,1.077443852,7.46682963302,4326,4,,,Pelalawan,Riau,,0,Kampar,,2014-10,0.10497523126607868,10,0.10497523126607868,VIIRS DNB,nW/cm2/sr,2014,"{""type"":""MultiPoint"",""coordinates"":[]}"
9_0000000000000000000a,BA03050040,,,,,,,14.06,14,7658.14908776,TASWIL5000020230907KABKOTA,Rokan Hulu,,0.622243411779,6.12306366434,4326,4,,,Rokan Hulu,Riau,,0,Kampar,,2014-10,0.0905173707457975,10,0.0905173707457975,VIIRS DNB,nW/cm2/sr,2014,"{""type"":""MultiPoint"",""coordinates"":[]}"
9_00000000000000000006,BA03050040,,,,,,,14.71,14,638.331320853,TASWIL5000020230907KABKOTA,Kota Pekanbaru,,0.0518609743118,1.42760792315,4326,5,,,Kota Pekanbaru,Riau,,0,,,2014-10,5.453152123670488,10,5.453152123670488,VIIRS DNB,nW/cm2/sr,2014,"{""type"":""MultiPoint"",""coordinates"":[]}"
9_00000000000000000005,BA03050040,,,,,,,14.72,14,2059.61276209,TASWIL5000020230907KABKOTA,Kota Dumai,,0.167408051519,2.69322296248,4326,5,,,Kota Dumai,Riau,,0,Bengkalis,,2014-10,0.5814428332614016,10,0.5814428332614016,VIIRS DNB,nW/cm2/sr,2014,"{""type"":""MultiPoint"",""coordinates"":[]}"
10_00000000000000000000,BA03050040,,,,,,,14.03,14,8616.35798018,TASWIL5000020230907KABKOTA,Bengkalis,,0.700215051782,7.82147949106,4326,4,,,Bengkalis,Riau,,0,,,2014-11,1.49285346986021E-4,11,1.49285346986021E-4,VIIRS DNB,nW/cm2/sr,2014,"{""type"":""MultiPoint"",""coordinates"":[]}"
10_00000000000000000001,BA03050040,,,,,,,14.04,14,13521.2628347,TASWIL5000020230907KABKOTA,Indragiri Hilir,,1.09851042149,7.37231237531,4326,4,,,Indragiri Hilir,Riau,,0,,,2014-11,-0.07203621936586749,11,-0.07203621936586749,VIIRS DNB,nW/cm2/sr,2014,"{""type"":""MultiPoint"",""coordinates"":[]}"
10_00000000000000000002,BA03050040,,,,,,,14.02,14,7871.84968405,TASWIL5000020230907KABKOTA,Indragiri Hulu,,0.63955084852,4.58568097253,4326,4,,,Indragiri Hulu,Riau,,0,,,2014-11,-0.01718915125168401,11,-0.01718915125168401,VIIRS DNB,nW/cm2/sr,2014,"{""type"":""MultiPoint"",""coordinates"":[]}"
10_00000000000000000003,BA03050040,,,,,,,14.01,14,10352.8025325,TASWIL5000020230907KABKOTA,Kampar,,0.841096503879,7.83544312369,4326,4,,,Kampar,Riau,,0,,,2014-11,0.03497981834778913,11,0.03497981834778913,VIIRS DNB,nW/cm2/sr,2014,"{""type"":""MultiPoint"",""coordinates"":[]}"
10_00000000000000000004,BA03050040,,,,,,,14.10,14,3623.55847532,TASWIL5000020230907KABKOTA,Kepulauan Meranti,,0.294426091439,5.55830216947,4326,4,,,Kepulauan Meranti,Riau,,0,Bengkalis,,2014-11,-0.03893602065844751,11,-0.03893602065844751,VIIRS DNB,nW/cm2/sr,2014,"{""type"":""MultiPoint"",""coordinates"":[]}"
10_00000000000000000009,BA03050040,,,,,,,14.07,14,9068.45847884,TASWIL5000020230907KABKOTA,Rokan Hilir,,0.737081443501,6.32413452193,4326,4,,,Rokan Hilir,Riau,,0,Bengkalis,,2014-11,-0.011249226632882886,11,-0.011249226632882886,VIIRS DNB,nW/cm2/sr,2014,"{""type"":""MultiPoint"",""coordinates"":[]}"
10_0000000000000000000b,BA03050040,,,,,,,14.08,14,7805.53759098,TASWIL5000020230907KABKOTA,Siak,,0.634194327848,6.48953973447,4326,4,,,Siak,Riau,,0,Bengkalis,,2014-11,0.03923331661245705,11,0.03923331661245705,VIIRS DNB,nW/cm2/sr,2014,"{""type"":""MultiPoint"",""coordinates"":[]}"
10_00000000000000000007,BA03050040,,,,,,,14.09,14,5457.8626224,TASWIL5000020230907KABKOTA,Kuantan Singingi,,0.443419280545,4.11162115584,4326,4,,,Kuantan Singingi,Riau,,0,Indragiri hulu,,2014-11,-0.0017650976384954882,11,-0.0017650976384954882,VIIRS DNB,nW/cm2/sr,2014,"{""type"":""MultiPoint"",""coordinates"":[]}"
10_00000000000000000008,BA03050040,,,,,,,14.05,14,13262.1130957,TASWIL5000020230907KABKOTA,Pelalawan,,1.077443852,7.46682963302,4326,4,,,Pelalawan,Riau,,0,Kampar,,2014-11,-0.04039112892176369,11,-0.04039112892176369,VIIRS DNB,nW/cm2/sr,2014,"{""type"":""MultiPoint"",""coordinates"":[]}"
10_0000000000000000000a,BA03050040,,,,,,,14.06,14,7658.14908776,TASWIL5000020230907KABKOTA,Rokan Hulu,,0.622243411779,6.12306366434,4326,4,,,Rokan Hulu,Riau,,0,Kampar,,2014-11,-0.00963678287886327,11,-0.00963678287886327,VIIRS DNB,nW/cm2/sr,2014,"{""type"":""MultiPoint"",""coordinates"":[]}"
10_00000000000000000006,BA03050040,,,,,,,14.71,14,638.331320853,TASWIL5000020230907KABKOTA,Kota Pekanbaru,,0.0518609743118,1.42760792315,4326,5,,,Kota Pekanbaru,Riau,,0,,,2014-11,1.201087790099694,11,1.201087790099694,VIIRS DNB,nW/cm2/sr,2014,"{""type"":""MultiPoint"",""coordinates"":[]}"
10_00000000000000000005,BA03050040,,,,,,,14.72,14,2059.61276209,TASWIL5000020230907KABKOTA,Kota Dumai,,0.167408051519,2.69322296248,4326,5,,,Kota Dumai,Riau,,0,Bengkalis,,2014-11,0.004466621552856877,11,0.004466621552856877,VIIRS DNB,nW/cm2/sr,2014,"{""type"":""MultiPoint"",""coordinates"":[]}"
11_00000000000000000000,BA03050040,,,,,,,14.03,14,8616.35798018,TASWIL5000020230907KABKOTA,Bengkalis,,0.700215051782,7.82147949106,4326,4,,,Bengkalis,Riau,,0,,,2014-12,0.19863411756463484,12,0.19863411756463484,VIIRS DNB,nW/cm2/sr,2014,"{""type"":""MultiPoint"",""coordinates"":[]}"
11_00000000000000000001,BA03050040,,,,,,,14.04,14,13521.2628347,TASWIL5000020230907KABKOTA,Indragiri Hilir,,1.09851042149,7.37231237531,4326,4,,,Indragiri Hilir,Riau,,0,,,2014-12,-0.032896953645200136,12,-0.032896953645200136,VIIRS DNB,nW/cm2/sr,2014,"{""type"":""MultiPoint"",""coordinates"":[]}"
11_00000000000000000002,BA03050040,,,,,,,14.02,14,7871.84968405,TASWIL5000020230907KABKOTA,Indragiri Hulu,,0.63955084852,4.58568097253,4326,4,,,Indragiri Hulu,Riau,,0,,,2014-12,-0.0011892589574331272,12,-0.0011892589574331272,VIIRS DNB,nW/cm2/sr,2014,"{""type"":""MultiPoint"",""coordinates"":[]}"
11_00000000000000000003,BA03050040,,,,,,,14.01,14,10352.8025325,TASWIL5000020230907KABKOTA,Kampar,,0.841096503879,7.83544312369,4326,4,,,Kampar,Riau,,0,,,2014-12,0.0341316886970499,12,0.0341316886970499,VIIRS DNB,nW/cm2/sr,2014,"{""type"":""MultiPoint"",""coordinates"":[]}"
11_00000000000000000004,BA03050040,,,,,,,14.10,14,3623.55847532,TASWIL5000020230907KABKOTA,Kepulauan Meranti,,0.294426091439,5.55830216947,4326,4,,,Kepulauan Meranti,Riau,,0,Bengkalis,,2014-12,0.015051651710834382,12,0.015051651710834382,VIIRS DNB,nW/cm2/sr,2014,"{""type"":""MultiPoint"",""coordinates"":[]}"
11_00000000000000000009,BA03050040,,,,,,,14.07,14,9068.45847884,TASWIL5000020230907KABKOTA,Rokan Hilir,,0.737081443501,6.32413452193,4326,4,,,Rokan Hilir,Riau,,0,Bengkalis,,2014-12,0.024714679690598935,12,0.024714679690598935,VIIRS DNB,nW/cm2/sr,2014,"{""type"":""MultiPoint"",""coordinates"":[]}"
11_0000000000000000000b,BA03050040,,,,,,,14.08,14,7805.53759098,TASWIL5000020230907KABKOTA,Siak,,0.634194327848,6.48953973447,4326,4,,,Siak,Riau,,0,Bengkalis,,2014-12,0.2015702294826984,12,0.2015702294826984,VIIRS DNB,nW/cm2/sr,2014,"{""type"":""MultiPoint"",""coordinates"":[]}"
11_00000000000000000007,BA03050040,,,,,,,14.09,14,5457.8626224,TASWIL5000020230907KABKOTA,Kuantan Singingi,,0.443419280545,4.11162115584,4326,4,,,Kuantan Singingi,Riau,,0,Indragiri hulu,,2014-12,0.012475002813877405,12,0.012475002813877405,VIIRS DNB,nW/cm2/sr,2014,"{""type"":""MultiPoint"",""coordinates"":[]}"
11_00000000000000000008,BA03050040,,,,,,,14.05,14,13262.1130957,TASWIL5000020230907KABKOTA,Pelalawan,,1.077443852,7.46682963302,4326,4,,,Pelalawan,Riau,,0,Kampar,,2014-12,0.020054951755807845,12,0.020054951755807845,VIIRS DNB,nW/cm2/sr,2014,"{""type"":""MultiPoint"",""coordinates"":[]}"
11_0000000000000000000a,BA03050040,,,,,,,14.06,14,7658.14908776,TASWIL5000020230907KABKOTA,Rokan Hulu,,0.622243411779,6.12306366434,4326,4,,,Rokan Hulu,Riau,,0,Kampar,,2014-12,0.004471052555344393,12,0.004471052555344393,VIIRS DNB,nW/cm2/sr,2014,"{""type"":""MultiPoint"",""coordinates"":[]}"
11_00000000000000000006,BA03050040,,,,,,,14.71,14,638.331320853,TASWIL5000020230907KABKOTA,Kota Pekanbaru,,0.0518609743118,1.42760792315,4326,5,,,Kota Pekanbaru,Riau,,0,,,2014-12,1.0451573091495026,12,1.0451573091495026,VIIRS DNB,nW/cm2/sr,2014,"{""type"":""MultiPoint"",""coordinates"":[]}"
11_00000000000000000005,BA03050040,,,,,,,14.72,14,2059.61276209,TASWIL5000020230907KABKOTA,Kota Dumai,,0.167408051519,2.69322296248,4326,5,,,Kota Dumai,Riau,,0,Bengkalis,,2014-12,0.9772620884800391,12,0.9772620884800391,VIIRS DNB,nW/cm2/sr,2014,"{""type"":""MultiPoint"",""coordinates"":[]}"
12_00000000000000000000,BA03050040,,,,,,,14.03,14,8616.35798018,TASWIL5000020230907KABKOTA,Bengkalis,,0.700215051782,7.82147949106,4326,4,,,Bengkalis,Riau,,0,,,2015-01,0.4078570059840018,1,0.4078570059840018,VIIRS DNB,nW/cm2/sr,2015,"{""type"":""MultiPoint"",""coordinates"":[]}"
12_00000000000000000001,BA03050040,,,,,,,14.04,14,13521.2628347,TASWIL5000020230907KABKOTA,Indragiri Hilir,,1.09851042149,7.37231237531,4326,4,,,Indragiri Hilir,Riau,,0,,,2015-01,0.07918480749305642,1,0.07918480749305642,VIIRS DNB,nW/cm2/sr,2015,"{""type"":""MultiPoint"",""coordinates"":[]}"
12_00000000000000000002,BA03050040,,,,,,,14.02,14,7871.84968405,TASWIL5000020230907KABKOTA,Indragiri Hulu,,0.63955084852,4.58568097253,4326,4,,,Indragiri Hulu,Riau,,0,,,2015-01,0.14793188654391212,1,0.14793188654391212,VIIRS DNB,nW/cm2/sr,2015,"{""type"":""MultiPoint"",""coordinates"":[]}"
12_00000000000000000003,BA03050040,,,,,,,14.01,14,10352.8025325,TASWIL5000020230907KABKOTA,Kampar,,0.841096503879,7.83544312369,4326,4,,,Kampar,Riau,,0,,,2015-01,0.3289849554819682,1,0.3289849554819682,VIIRS DNB,nW/cm2/sr,2015,"{""type"":""MultiPoint"",""coordinates"":[]}"
12_00000000000000000004,BA03050040,,,,,,,14.10,14,3623.55847532,TASWIL5000020230907KABKOTA,Kepulauan Meranti,,0.294426091439,5.55830216947,4326,4,,,Kepulauan Meranti,Riau,,0,Bengkalis,,2015-01,0.10907449749654145,1,0.10907449749654145,VIIRS DNB,nW/cm2/sr,2015,"{""type"":""MultiPoint"",""coordinates"":[]}"
12_00000000000000000009,BA03050040,,,,,,,14.07,14,9068.45847884,TASWIL5000020230907KABKOTA,Rokan Hilir,,0.737081443501,6.32413452193,4326,4,,,Rokan Hilir,Riau,,0,Bengkalis,,2015-01,0.17695511439701564,1,0.17695511439701564,VIIRS DNB,nW/cm2/sr,2015,"{""type"":""MultiPoint"",""coordinates"":[]}"
12_0000000000000000000b,BA03050040,,,,,,,14.08,14,7805.53759098,TASWIL5000020230907KABKOTA,Siak,,0.634194327848,6.48953973447,4326,4,,,Siak,Riau,,0,Bengkalis,,2015-01,0.5285642263486072,1,0.5285642263486072,VIIRS DNB,nW/cm2/sr,2015,"{""type"":""MultiPoint"",""coordinates"":[]}"
12_00000000000000000007,BA03050040,,,,,,,14.09,14,5457.8626224,TASWIL5000020230907KABKOTA,Kuantan Singingi,,0.443419280545,4.11162115584,4326,4,,,Kuantan Singingi,Riau,,0,Indragiri hulu,,2015-01,0.1365754236042403,1,0.1365754236042403,VIIRS DNB,nW/cm2/sr,2015,"{""type"":""MultiPoint"",""coordinates"":[]}"
12_00000000000000000008,BA03050040,,,,,,,14.05,14,13262.1130957,TASWIL5000020230907KABKOTA,Pelalawan,,1.077443852,7.46682963302,4326,4,,,Pelalawan,Riau,,0,Kampar,,2015-01,0.15416797460970413,1,0.15416797460970413,VIIRS DNB,nW/cm2/sr,2015,"{""type"":""MultiPoint"",""coordinates"":[]}"
12_0000000000000000000a,BA03050040,,,,,,,14.06,14,7658.14908776,TASWIL5000020230907KABKOTA,Rokan Hulu,,0.622243411779,6.12306366434,4326,4,,,Rokan Hulu,Riau,,0,Kampar,,2015-01,0.13650909574163692,1,0.13650909574163692,VIIRS DNB,nW/cm2/sr,2015,"{""type"":""MultiPoint"",""coordinates"":[]}"
12_00000000000000000006,BA03050040,,,,,,,14.71,14,638.331320853,TASWIL5000020230907KABKOTA,Kota Pekanbaru,,0.0518609743118,1.42760792315,4326,5,,,Kota Pekanbaru,Riau,,0,,,2015-01,5.743533350953503,1,5.743533350953503,VIIRS DNB,nW/cm2/sr,2015,"{""type"":""MultiPoint"",""coordinates"":[]}"
12_00000000000000000005,BA03050040,,,,,,,14.72,14,2059.61276209,TASWIL5000020230907KABKOTA,Kota Dumai,,0.167408051519,2.69322296248,4326,5,,,Kota Dumai,Riau,,0,Bengkalis,,2015-01,0.651967230662792,1,0.651967230662792,VIIRS DNB,nW/cm2/sr,2015,"{""type"":""MultiPoint"",""coordinates"":[]}"
13_00000000000000000000,BA03050040,,,,,,,14.03,14,8616.35798018,TASWIL5000020230907KABKOTA,Bengkalis,,0.700215051782,7.82147949106,4326,4,,,Bengkalis,Riau,,0,,,2015-02,0.6186389595899852,2,0.6186389595899852,VIIRS DNB,nW/cm2/sr,2015,"{""type"":""MultiPoint"",""coordinates"":[]}"
13_00000000000000000001,BA03050040,,,,,,,14.04,14,13521.2628347,TASWIL5000020230907KABKOTA,Indragiri Hilir,,1.09851042149,7.37231237531,4326,4,,,Indragiri Hilir,Riau,,0,,,2015-02,0.19241691239654243,2,0.19241691239654243,VIIRS DNB,nW/cm2/sr,2015,"{""type"":""MultiPoint"",""coordinates"":[]}"
13_00000000000000000002,BA03050040,,,,,,,14.02,14,7871.84968405,TASWIL5000020230907KABKOTA,Indragiri Hulu,,0.63955084852,4.58568097253,4326,4,,,Indragiri Hulu,Riau,,0,,,2015-02,0.2622473899356448,2,0.2622473899356448,VIIRS DNB,nW/cm2/sr,2015,"{""type"":""MultiPoint"",""coordinates"":[]}"
13_00000000000000000003,BA03050040,,,,,,,14.01,14,10352.8025325,TASWIL5000020230907KABKOTA,Kampar,,0.841096503879,7.83544312369,4326,4,,,Kampar,Riau,,0,,,2015-02,0.4483852834555495,2,0.4483852834555495,VIIRS DNB,nW/cm2/sr,2015,"{""type"":""MultiPoint"",""coordinates"":[]}"
13_00000000000000000004,BA03050040,,,,,,,14.10,14,3623.55847532,TASWIL5000020230907KABKOTA,Kepulauan Meranti,,0.294426091439,5.55830216947,4326,4,,,Kepulauan Meranti,Riau,,0,Bengkalis,,2015-02,0.2681011009784932,2,0.2681011009784932,VIIRS DNB,nW/cm2/sr,2015,"{""type"":""MultiPoint"",""coordinates"":[]}"
13_00000000000000000009,BA03050040,,,,,,,14.07,14,9068.45847884,TASWIL5000020230907KABKOTA,Rokan Hilir,,0.737081443501,6.32413452193,4326,4,,,Rokan Hilir,Riau,,0,Bengkalis,,2015-02,0.3100405494002565,2,0.3100405494002565,VIIRS DNB,nW/cm2/sr,2015,"{""type"":""MultiPoint"",""coordinates"":[]}"
13_0000000000000000000b,BA03050040,,,,,,,14.08,14,7805.53759098,TASWIL5000020230907KABKOTA,Siak,,0.634194327848,6.48953973447,4326,4,,,Siak,Riau,,0,Bengkalis,,2015-02,0.7514909404541831,2,0.7514909404541831,VIIRS DNB,nW/cm2/sr,2015,"{""type"":""MultiPoint"",""coordinates"":[]}"
13_00000000000000000007,BA03050040,,,,,,,14.09,14,5457.8626224,TASWIL5000020230907KABKOTA,Kuantan Singingi,,0.443419280545,4.11162115584,4326,4,,,Kuantan Singingi,Riau,,0,Indragiri hulu,,2015-02,0.26469496494822276,2,0.26469496494822276,VIIRS DNB,nW/cm2/sr,2015,"{""type"":""MultiPoint"",""coordinates"":[]}"
13_00000000000000000008,BA03050040,,,,,,,14.05,14,13262.1130957,TASWIL5000020230907KABKOTA,Pelalawan,,1.077443852,7.46682963302,4326,4,,,Pelalawan,Riau,,0,Kampar,,2015-02,0.2981814353782535,2,0.2981814353782535,VIIRS DNB,nW/cm2/sr,2015,"{""type"":""MultiPoint"",""coordinates"":[]}"
13_0000000000000000000a,BA03050040,,,,,,,14.06,14,7658.14908776,TASWIL5000020230907KABKOTA,Rokan Hulu,,0.622243411779,6.12306366434,4326,4,,,Rokan Hulu,Riau,,0,Kampar,,2015-02,0.2559863445972994,2,0.2559863445972994,VIIRS DNB,nW/cm2/sr,2015,"{""type"":""MultiPoint"",""coordinates"":[]}"
13_00000000000000000006,BA03050040,,,,,,,14.71,14,638.331320853,TASWIL5000020230907KABKOTA,Kota Pekanbaru,,0.0518609743118,1.42760792315,4326,5,,,Kota Pekanbaru,Riau,,0,,,2015-02,6.780693753455665,2,6.780693753455665,VIIRS DNB,nW/cm2/sr,2015,"{""type"":""MultiPoint"",""coordinates"":[]}"
13_00000000000000000005,BA03050040,,,,,,,14.72,14,2059.61276209,TASWIL5000020230907KABKOTA,Kota Dumai,,0.167408051519,2.69322296248,4326,5,,,Kota Dumai,Riau,,0,Bengkalis,,2015-02,0.9522949350264756,2,0.9522949350264756,VIIRS DNB,nW/cm2/sr,2015,"{""type"":""MultiPoint"",""coordinates"":[]}"
14_00000000000000000000,BA03050040,,,,,,,14.03,14,8616.35798018,TASWIL5000020230907KABKOTA,Bengkalis,,0.700215051782,7.82147949106,4326,4,,,Bengkalis,Riau,,0,,,2015-03,0.541093597154232,3,0.541093597154232,VIIRS DNB,nW/cm2/sr,2015,"{""type"":""MultiPoint"",""coordinates"":[]}"
14_00000000000000000001,BA03050040,,,,,,,14.04,14,13521.2628347,TASWIL5000020230907KABKOTA,Indragiri Hilir,,1.09851042149,7.37231237531,4326,4,,,Indragiri Hilir,Riau,,0,,,2015-03,0.19739992879122936,3,0.19739992879122936,VIIRS DNB,nW/cm2/sr,2015,"{""type"":""MultiPoint"",""coordinates"":[]}"
14_00000000000000000002,BA03050040,,,,,,,14.02,14,7871.84968405,TASWIL5000020230907KABKOTA,Indragiri Hulu,,0.63955084852,4.58568097253,4326,4,,,Indragiri Hulu,Riau,,0,,,2015-03,0.25599371663555676,3,0.25599371663555676,VIIRS DNB,nW/cm2/sr,2015,"{""type"":""MultiPoint"",""coordinates"":[]}"
14_00000000000000000003,BA03050040,,,,,,,14.01,14,10352.8025325,TASWIL5000020230907KABKOTA,Kampar,,0.841096503879,7.83544312369,4326,4,,,Kampar,Riau,,0,,,2015-03,0.3751068748921418,3,0.3751068748921418,VIIRS DNB,nW/cm2/sr,2015,"{""type"":""MultiPoint"",""coordinates"":[]}"
14_00000000000000000004,BA03050040,,,,,,,14.10,14,3623.55847532,TASWIL5000020230907KABKOTA,Kepulauan Meranti,,0.294426091439,5.55830216947,4326,4,,,Kepulauan Meranti,Riau,,0,Bengkalis,,2015-03,0.24948755518670568,3,0.24948755518670568,VIIRS DNB,nW/cm2/sr,2015,"{""type"":""MultiPoint"",""coordinates"":[]}"
14_00000000000000000009,BA03050040,,,,,,,14.07,14,9068.45847884,TASWIL5000020230907KABKOTA,Rokan Hilir,,0.737081443501,6.32413452193,4326,4,,,Rokan Hilir,Riau,,0,Bengkalis,,2015-03,0.27078125239208234,3,0.27078125239208234,VIIRS DNB,nW/cm2/sr,2015,"{""type"":""MultiPoint"",""coordinates"":[]}"
14_0000000000000000000b,BA03050040,,,,,,,14.08,14,7805.53759098,TASWIL5000020230907KABKOTA,Siak,,0.634194327848,6.48953973447,4326,4,,,Siak,Riau,,0,Bengkalis,,2015-03,0.5977346914388065,3,0.5977346914388065,VIIRS DNB,nW/cm2/sr,2015,"{""type"":""MultiPoint"",""coordinates"":[]}"
14_00000000000000000007,BA03050040,,,,,,,14.09,14,5457.8626224,TASWIL5000020230907KABKOTA,Kuantan Singingi,,0.443419280545,4.11162115584,4326,4,,,Kuantan Singingi,Riau,,0,Indragiri hulu,,2015-03,0.262321420240211,3,0.262321420240211,VIIRS DNB,nW/cm2/sr,2015,"{""type"":""MultiPoint"",""coordinates"":[]}"
14_00000000000000000008,BA03050040,,,,,,,14.05,14,13262.1130957,TASWIL5000020230907KABKOTA,Pelalawan,,1.077443852,7.46682963302,4326,4,,,Pelalawan,Riau,,0,Kampar,,2015-03,0.2615037560174689,3,0.2615037560174689,VIIRS DNB,nW/cm2/sr,2015,"{""type"":""MultiPoint"",""coordinates"":[]}"
14_0000000000000000000a,BA03050040,,,,,,,14.06,14,7658.14908776,TASWIL5000020230907KABKOTA,Rokan Hulu,,0.622243411779,6.12306366434,4326,4,,,Rokan Hulu,Riau,,0,Kampar,,2015-03,0.225691558561424,3,0.225691558561424,VIIRS DNB,nW/cm2/sr,2015,"{""type"":""MultiPoint"",""coordinates"":[]}"
14_00000000000000000006,BA03050040,,,,,,,14.71,14,638.331320853,TASWIL5000020230907KABKOTA,Kota Pekanbaru,,0.0518609743118,1.42760792315,4326,5,,,Kota Pekanbaru,Riau,,0,,,2015-03,3.772819553249401,3,3.772819553249401,VIIRS DNB,nW/cm2/sr,2015,"{""type"":""MultiPoint"",""coordinates"":[]}"
14_00000000000000000005,BA03050040,,,,,,,14.72,14,2059.61276209,TASWIL5000020230907KABKOTA,Kota Dumai,,0.167408051519,2.69322296248,4326,5,,,Kota Dumai,Riau,,0,Bengkalis,,2015-03,1.2653555771307485,3,1.2653555771307485,VIIRS DNB,nW/cm2/sr,2015,"{""type"":""MultiPoint"",""coordinates"":[]}"
15_00000000000000000000,BA03050040,,,,,,,14.03,14,8616.35798018,TASWIL5000020230907KABKOTA,Bengkalis,,0.700215051782,7.82147949106,4326,4,,,Bengkalis,Riau,,0,,,2015-04,0.5019323385789385,4,0.5019323385789385,VIIRS DNB,nW/cm2/sr,2015,"{""type"":""MultiPoint"",""coordinates"":[]}"
15_00000000000000000001,BA03050040,,,,,,,14.04,14,13521.2628347,TASWIL5000020230907KABKOTA,Indragiri Hilir,,1.09851042149,7.37231237531,4326,4,,,Indragiri Hilir,Riau,,0,,,2015-04,0.07068323945403,4,0.07068323945403,VIIRS DNB,nW/cm2/sr,2015,"{""type"":""MultiPoint"",""coordinates"":[]}"
15_00000000000000000002,BA03050040,,,,,,,14.02,14,7871.84968405,TASWIL5000020230907KABKOTA,Indragiri Hulu,,0.63955084852,4.58568097253,4326,4,,,Indragiri Hulu,Riau,,0,,,2015-04,0.11597115046504086,4,0.11597115046504086,VIIRS DNB,nW/cm2/sr,2015,"{""type"":""MultiPoint"",""coordinates"":[]}"
15_00000000000000000003,BA03050040,,,,,,,14.01,14,10352.8025325,TASWIL5000020230907KABKOTA,Kampar,,0.841096503879,7.83544312369,4326,4,,,Kampar,Riau,,0,,,2015-04,0.28895723834224524,4,0.28895723834224524,VIIRS DNB,nW/cm2/sr,2015,"{""type"":""MultiPoint"",""coordinates"":[]}"
15_00000000000000000004,BA03050040,,,,,,,14.10,14,3623.55847532,TASWIL5000020230907KABKOTA,Kepulauan Meranti,,0.294426091439,5.55830216947,4326,4,,,Kepulauan Meranti,Riau,,0,Bengkalis,,2015-04,0.15051041994203782,4,0.15051041994203782,VIIRS DNB,nW/cm2/sr,2015,"{""type"":""MultiPoint"",""coordinates"":[]}"
15_00000000000000000009,BA03050040,,,,,,,14.07,14,9068.45847884,TASWIL5000020230907KABKOTA,Rokan Hilir,,0.737081443501,6.32413452193,4326,4,,,Rokan Hilir,Riau,,0,Bengkalis,,2015-04,0.20529870901946004,4,0.20529870901946004,VIIRS DNB,nW/cm2/sr,2015,"{""type"":""MultiPoint"",""coordinates"":[]}"
15_0000000000000000000b,BA03050040,,,,,,,14.08,14,7805.53759098,TASWIL5000020230907KABKOTA,Siak,,0.634194327848,6.48953973447,4326,4,,,Siak,Riau,,0,Bengkalis,,2015-04,0.3750214614842987,4,0.3750214614842987,VIIRS DNB,nW/cm2/sr,2015,"{""type"":""MultiPoint"",""coordinates"":[]}"
15_00000000000000000007,BA03050040,,,,,,,14.09,14,5457.8626224,TASWIL5000020230907KABKOTA,Kuantan Singingi,,0.443419280545,4.11162115584,4326,4,,,Kuantan Singingi,Riau,,0,Indragiri hulu,,2015-04,0.12212867070889498,4,0.12212867070889498,VIIRS DNB,nW/cm2/sr,2015,"{""type"":""MultiPoint"",""coordinates"":[]}"
15_00000000000000000008,BA03050040,,,,,,,14.05,14,13262.1130957,TASWIL5000020230907KABKOTA,Pelalawan,,1.077443852,7.46682963302,4326,4,,,Pelalawan,Riau,,0,Kampar,,2015-04,0.15647489919271915,4,0.15647489919271915,VIIRS DNB,nW/cm2/sr,2015,"{""type"":""MultiPoint"",""coordinates"":[]}"
15_0000000000000000000a,BA03050040,,,,,,,14.06,14,7658.14908776,TASWIL5000020230907KABKOTA,Rokan Hulu,,0.622243411779,6.12306366434,4326,4,,,Rokan Hulu,Riau,,0,Kampar,,2015-04,0.12516008674780513,4,0.12516008674780513,VIIRS DNB,nW/cm2/sr,2015,"{""type"":""MultiPoint"",""coordinates"":[]}"
15_00000000000000000006,BA03050040,,,,,,,14.71,14,638.331320853,TASWIL5000020230907KABKOTA,Kota Pekanbaru,,0.0518609743118,1.42760792315,4326,5,,,Kota Pekanbaru,Riau,,0,,,2015-04,5.784320919901051,4,5.784320919901051,VIIRS DNB,nW/cm2/sr,2015,"{""type"":""MultiPoint"",""coordinates"":[]}"
15_00000000000000000005,BA03050040,,,,,,,14.72,14,2059.61276209,TASWIL5000020230907KABKOTA,Kota Dumai,,0.167408051519,2.69322296248,4326,5,,,Kota Dumai,Riau,,0,Bengkalis,,2015-04,0.8092443714990772,4,0.8092443714990772,VIIRS DNB,nW/cm2/sr,2015,"{""type"":""MultiPoint"",""coordinates"":[]}"
16_00000000000000000000,BA03050040,,,,,,,14.03,14,8616.35798018,TASWIL5000020230907KABKOTA,Bengkalis,,0.700215051782,7.82147949106,4326,4,,,Bengkalis,Riau,,0,,,2015-05,0.42635811309459504,5,0.42635811309459504,VIIRS DNB,nW/cm2/sr,2015,"{""type"":""MultiPoint"",""coordinates"":[]}"
16_00000000000000000001,BA03050040,,,,,,,14.04,14,13521.2628347,TASWIL5000020230907KABKOTA,Indragiri Hilir,,1.09851042149,7.37231237531,4326,4,,,Indragiri Hilir,Riau,,0,,,2015-05,0.08234456850286001,5,0.08234456850286001,VIIRS DNB,nW/cm2/sr,2015,"{""type"":""MultiPoint"",""coordinates"":[]}"
16_00000000000000000002,BA03050040,,,,,,,14.02,14,7871.84968405,TASWIL5000020230907KABKOTA,Indragiri Hulu,,0.63955084852,4.58568097253,4326,4,,,Indragiri Hulu,Riau,,0,,,2015-05,0.16041957226133105,5,0.16041957226133105,VIIRS DNB,nW/cm2/sr,2015,"{""type"":""MultiPoint"",""coordinates"":[]}"
16_00000000000000000003,BA03050040,,,,,,,14.01,14,10352.8025325,TASWIL5000020230907KABKOTA,Kampar,,0.841096503879,7.83544312369,4326,4,,,Kampar,Riau,,0,,,2015-05,0.33478034431653453,5,0.33478034431653453,VIIRS DNB,nW/cm2/sr,2015,"{""type"":""MultiPoint"",""coordinates"":[]}"
16_00000000000000000004,BA03050040,,,,,,,14.10,14,3623.55847532,TASWIL5000020230907KABKOTA,Kepulauan Meranti,,0.294426091439,5.55830216947,4326,4,,,Kepulauan Meranti,Riau,,0,Bengkalis,,2015-05,0.1721337049464395,5,0.1721337049464395,VIIRS DNB,nW/cm2/sr,2015,"{""type"":""MultiPoint"",""coordinates"":[]}"
16_00000000000000000009,BA03050040,,,,,,,14.07,14,9068.45847884,TASWIL5000020230907KABKOTA,Rokan Hilir,,0.737081443501,6.32413452193,4326,4,,,Rokan Hilir,Riau,,0,Bengkalis,,2015-05,0.13233800140638927,5,0.13233800140638927,VIIRS DNB,nW/cm2/sr,2015,"{""type"":""MultiPoint"",""coordinates"":[]}"
16_0000000000000000000b,BA03050040,,,,,,,14.08,14,7805.53759098,TASWIL5000020230907KABKOTA,Siak,,0.634194327848,6.48953973447,4326,4,,,Siak,Riau,,0,Bengkalis,,2015-05,0.6397534811422395,5,0.6397534811422395,VIIRS DNB,nW/cm2/sr,2015,"{""type"":""MultiPoint"",""coordinates"":[]}"
16_00000000000000000007,BA03050040,,,,,,,14.09,14,5457.8626224,TASWIL5000020230907KABKOTA,Kuantan Singingi,,0.443419280545,4.11162115584,4326,4,,,Kuantan Singingi,Riau,,0,Indragiri hulu,,2015-05,0.18547113568891457,5,0.18547113568891457,VIIRS DNB,nW/cm2/sr,2015,"{""type"":""MultiPoint"",""coordinates"":[]}"
16_00000000000000000008,BA03050040,,,,,,,14.05,14,13262.1130957,TASWIL5000020230907KABKOTA,Pelalawan,,1.077443852,7.46682963302,4326,4,,,Pelalawan,Riau,,0,Kampar,,2015-05,0.16604287434568887,5,0.16604287434568887,VIIRS DNB,nW/cm2/sr,2015,"{""type"":""MultiPoint"",""coordinates"":[]}"
16_0000000000000000000a,BA03050040,,,,,,,14.06,14,7658.14908776,TASWIL5000020230907KABKOTA,Rokan Hulu,,0.622243411779,6.12306366434,4326,4,,,Rokan Hulu,Riau,,0,Kampar,,2015-05,0.1731426094112637,5,0.1731426094112637,VIIRS DNB,nW/cm2/sr,2015,"{""type"":""MultiPoint"",""coordinates"":[]}"
16_00000000000000000006,BA03050040,,,,,,,14.71,14,638.331320853,TASWIL5000020230907KABKOTA,Kota Pekanbaru,,0.0518609743118,1.42760792315,4326,5,,,Kota Pekanbaru,Riau,,0,,,2015-05,5.1874076462436225,5,5.1874076462436225,VIIRS DNB,nW/cm2/sr,2015,"{""type"":""MultiPoint"",""coordinates"":[]}"
16_00000000000000000005,BA03050040,,,,,,,14.72,14,2059.61276209,TASWIL5000020230907KABKOTA,Kota Dumai,,0.167408051519,2.69322296248,4326,5,,,Kota Dumai,Riau,,0,Bengkalis,,2015-05,0.7163916999141564,5,0.7163916999141564,VIIRS DNB,nW/cm2/sr,2015,"{""type"":""MultiPoint"",""coordinates"":[]}"
17_00000000000000000000,BA03050040,,,,,,,14.03,14,8616.35798018,TASWIL5000020230907KABKOTA,Bengkalis,,0.700215051782,7.82147949106,4326,4,,,Bengkalis,Riau,,0,,,2015-06,0.7173183841317129,6,0.7173183841317129,VIIRS DNB,nW/cm2/sr,2015,"{""type"":""MultiPoint"",""coordinates"":[]}"
17_00000000000000000001,BA03050040,,,,,,,14.04,14,13521.2628347,TASWIL5000020230907KABKOTA,Indragiri Hilir,,1.09851042149,7.37231237531,4326,4,,,Indragiri Hilir,Riau,,0,,,2015-06,0.21839222198831748,6,0.21839222198831748,VIIRS DNB,nW/cm2/sr,2015,"{""type"":""MultiPoint"",""coordinates"":[]}"
17_00000000000000000002,BA03050040,,,,,,,14.02,14,7871.84968405,TASWIL5000020230907KABKOTA,Indragiri Hulu,,0.63955084852,4.58568097253,4326,4,,,Indragiri Hulu,Riau,,0,,,2015-06,0.2478828591803302,6,0.2478828591803302,VIIRS DNB,nW/cm2/sr,2015,"{""type"":""MultiPoint"",""coordinates"":[]}"
17_00000000000000000003,BA03050040,,,,,,,14.01,14,10352.8025325,TASWIL5000020230907KABKOTA,Kampar,,0.841096503879,7.83544312369,4326,4,,,Kampar,Riau,,0,,,2015-06,0.47751779836178143,6,0.47751779836178143,VIIRS DNB,nW/cm2/sr,2015,"{""type"":""MultiPoint"",""coordinates"":[]}"
17_00000000000000000004,BA03050040,,,,,,,14.10,14,3623.55847532,TASWIL5000020230907KABKOTA,Kepulauan Meranti,,0.294426091439,5.55830216947,4326,4,,,Kepulauan Meranti,Riau,,0,Bengkalis,,2015-06,0.29309574924924675,6,0.29309574924924675,VIIRS DNB,nW/cm2/sr,2015,"{""type"":""MultiPoint"",""coordinates"":[]}"
17_00000000000000000009,BA03050040,,,,,,,14.07,14,9068.45847884,TASWIL5000020230907KABKOTA,Rokan Hilir,,0.737081443501,6.32413452193,4326,4,,,Rokan Hilir,Riau,,0,Bengkalis,,2015-06,0.4267308576286469,6,0.4267308576286469,VIIRS DNB,nW/cm2/sr,2015,"{""type"":""MultiPoint"",""coordinates"":[]}"
17_0000000000000000000b,BA03050040,,,,,,,14.08,14,7805.53759098,TASWIL5000020230907KABKOTA,Siak,,0.634194327848,6.48953973447,4326,4,,,Siak,Riau,,0,Bengkalis,,2015-06,0.6036272047728097,6,0.6036272047728097,VIIRS DNB,nW/cm2/sr,2015,"{""type"":""MultiPoint"",""coordinates"":[]}"
17_00000000000000000007,BA03050040,,,,,,,14.09,14,5457.8626224,TASWIL5000020230907KABKOTA,Kuantan Singingi,,0.443419280545,4.11162115584,4326,4,,,Kuantan Singingi,Riau,,0,Indragiri hulu,,2015-06,0.2687753670833316,6,0.2687753670833316,VIIRS DNB,nW/cm2/sr,2015,"{""type"":""MultiPoint"",""coordinates"":[]}"
17_00000000000000000008,BA03050040,,,,,,,14.05,14,13262.1130957,TASWIL5000020230907KABKOTA,Pelalawan,,1.077443852,7.46682963302,4326,4,,,Pelalawan,Riau,,0,Kampar,,2015-06,0.27132088476063243,6,0.27132088476063243,VIIRS DNB,nW/cm2/sr,2015,"{""type"":""MultiPoint"",""coordinates"":[]}"
17_0000000000000000000a,BA03050040,,,,,,,14.06,14,7658.14908776,TASWIL5000020230907KABKOTA,Rokan Hulu,,0.622243411779,6.12306366434,4326,4,,,Rokan Hulu,Riau,,0,Kampar,,2015-06,0.3753525415855797,6,0.3753525415855797,VIIRS DNB,nW/cm2/sr,2015,"{""type"":""MultiPoint"",""coordinates"":[]}"
17_00000000000000000006,BA03050040,,,,,,,14.71,14,638.331320853,TASWIL5000020230907KABKOTA,Kota Pekanbaru,,0.0518609743118,1.42760792315,4326,5,,,Kota Pekanbaru,Riau,,0,,,2015-06,6.487648073994989,6,6.487648073994989,VIIRS DNB,nW/cm2/sr,2015,"{""type"":""MultiPoint"",""coordinates"":[]}"
17_00000000000000000005,BA03050040,,,,,,,14.72,14,2059.61276209,TASWIL5000020230907KABKOTA,Kota Dumai,,0.167408051519,2.69322296248,4326,5,,,Kota Dumai,Riau,,0,Bengkalis,,2015-06,1.1408214122554134,6,1.1408214122554134,VIIRS DNB,nW/cm2/sr,2015,"{""type"":""MultiPoint"",""coordinates"":[]}"
18_00000000000000000000,BA03050040,,,,,,,14.03,14,8616.35798018,TASWIL5000020230907KABKOTA,Bengkalis,,0.700215051782,7.82147949106,4326,4,,,Bengkalis,Riau,,0,,,2015-07,0.6598781804952185,7,0.6598781804952185,VIIRS DNB,nW/cm2/sr,2015,"{""type"":""MultiPoint"",""coordinates"":[]}"
18_00000000000000000001,BA03050040,,,,,,,14.04,14,13521.2628347,TASWIL5000020230907KABKOTA,Indragiri Hilir,,1.09851042149,7.37231237531,4326,4,,,Indragiri Hilir,Riau,,0,,,2015-07,0.12977636130449124,7,0.12977636130449124,VIIRS DNB,nW/cm2/sr,2015,"{""type"":""MultiPoint"",""coordinates"":[]}"
18_00000000000000000002,BA03050040,,,,,,,14.02,14,7871.84968405,TASWIL5000020230907KABKOTA,Indragiri Hulu,,0.63955084852,4.58568097253,4326,4,,,Indragiri Hulu,Riau,,0,,,2015-07,0.19349569994501076,7,0.19349569994501076,VIIRS DNB,nW/cm2/sr,2015,"{""type"":""MultiPoint"",""coordinates"":[]}"
18_00000000000000000003,BA03050040,,,,,,,14.01,14,10352.8025325,TASWIL5000020230907KABKOTA,Kampar,,0.841096503879,7.83544312369,4326,4,,,Kampar,Riau,,0,,,2015-07,0.4533619326337785,7,0.4533619326337785,VIIRS DNB,nW/cm2/sr,2015,"{""type"":""MultiPoint"",""coordinates"":[]}"
18_00000000000000000004,BA03050040,,,,,,,14.10,14,3623.55847532,TASWIL5000020230907KABKOTA,Kepulauan Meranti,,0.294426091439,5.55830216947,4326,4,,,Kepulauan Meranti,Riau,,0,Bengkalis,,2015-07,0.22945165570159706,7,0.22945165570159706,VIIRS DNB,nW/cm2/sr,2015,"{""type"":""MultiPoint"",""coordinates"":[]}"
18_00000000000000000009,BA03050040,,,,,,,14.07,14,9068.45847884,TASWIL5000020230907KABKOTA,Rokan Hilir,,0.737081443501,6.32413452193,4326,4,,,Rokan Hilir,Riau,,0,Bengkalis,,2015-07,0.3619095593036493,7,0.3619095593036493,VIIRS DNB,nW/cm2/sr,2015,"{""type"":""MultiPoint"",""coordinates"":[]}"
18_0000000000000000000b,BA03050040,,,,,,,14.08,14,7805.53759098,TASWIL5000020230907KABKOTA,Siak,,0.634194327848,6.48953973447,4326,4,,,Siak,Riau,,0,Bengkalis,,2015-07,0.7573914241610524,7,0.7573914241610524,VIIRS DNB,nW/cm2/sr,2015,"{""type"":""MultiPoint"",""coordinates"":[]}"
18_00000000000000000007,BA03050040,,,,,,,14.09,14,5457.8626224,TASWIL5000020230907KABKOTA,Kuantan Singingi,,0.443419280545,4.11162115584,4326,4,,,Kuantan Singingi,Riau,,0,Indragiri hulu,,2015-07,0.18679050983751513,7,0.18679050983751513,VIIRS DNB,nW/cm2/sr,2015,"{""type"":""MultiPoint"",""coordinates"":[]}"
18_00000000000000000008,BA03050040,,,,,,,14.05,14,13262.1130957,TASWIL5000020230907KABKOTA,Pelalawan,,1.077443852,7.46682963302,4326,4,,,Pelalawan,Riau,,0,Kampar,,2015-07,0.2553205337805672,7,0.2553205337805672,VIIRS DNB,nW/cm2/sr,2015,"{""type"":""MultiPoint"",""coordinates"":[]}"
18_0000000000000000000a,BA03050040,,,,,,,14.06,14,7658.14908776,TASWIL5000020230907KABKOTA,Rokan Hulu,,0.622243411779,6.12306366434,4326,4,,,Rokan Hulu,Riau,,0,Kampar,,2015-07,0.2681231811461659,7,0.2681231811461659,VIIRS DNB,nW/cm2/sr,2015,"{""type"":""MultiPoint"",""coordinates"":[]}"
18_00000000000000000006,BA03050040,,,,,,,14.71,14,638.331320853,TASWIL5000020230907KABKOTA,Kota Pekanbaru,,0.0518609743118,1.42760792315,4326,5,,,Kota Pekanbaru,Riau,,0,,,2015-07,7.387791998676024,7,7.387791998676024,VIIRS DNB,nW/cm2/sr,2015,"{""type"":""MultiPoint"",""coordinates"":[]}"
18_00000000000000000005,BA03050040,,,,,,,14.72,14,2059.61276209,TASWIL5000020230907KABKOTA,Kota Dumai,,0.167408051519,2.69322296248,4326,5,,,Kota Dumai,Riau,,0,Bengkalis,,2015-07,0.8469542203853185,7,0.8469542203853185,VIIRS DNB,nW/cm2/sr,2015,"{""type"":""MultiPoint"",""coordinates"":[]}"
19_00000000000000000000,BA03050040,,,,,,,14.03,14,8616.35798018,TASWIL5000020230907KABKOTA,Bengkalis,,0.700215051782,7.82147949106,4326,4,,,Bengkalis,Riau,,0,,,2015-08,0.6565487122025341,8,0.6565487122025341,VIIRS DNB,nW/cm2/sr,2015,"{""type"":""MultiPoint"",""coordinates"":[]}"
19_00000000000000000001,BA03050040,,,,,,,14.04,14,13521.2628347,TASWIL5000020230907KABKOTA,Indragiri Hilir,,1.09851042149,7.37231237531,4326,4,,,Indragiri Hilir,Riau,,0,,,2015-08,0.20952016174065155,8,0.20952016174065155,VIIRS DNB,nW/cm2/sr,2015,"{""type"":""MultiPoint"",""coordinates"":[]}"
19_00000000000000000002,BA03050040,,,,,,,14.02,14,7871.84968405,TASWIL5000020230907KABKOTA,Indragiri Hulu,,0.63955084852,4.58568097253,4326,4,,,Indragiri Hulu,Riau,,0,,,2015-08,0.286840960696922,8,0.286840960696922,VIIRS DNB,nW/cm2/sr,2015,"{""type"":""MultiPoint"",""coordinates"":[]}"
19_00000000000000000003,BA03050040,,,,,,,14.01,14,10352.8025325,TASWIL5000020230907KABKOTA,Kampar,,0.841096503879,7.83544312369,4326,4,,,Kampar,Riau,,0,,,2015-08,0.45888478472995026,8,0.45888478472995026,VIIRS DNB,nW/cm2/sr,2015,"{""type"":""MultiPoint"",""coordinates"":[]}"
19_00000000000000000004,BA03050040,,,,,,,14.10,14,3623.55847532,TASWIL5000020230907KABKOTA,Kepulauan Meranti,,0.294426091439,5.55830216947,4326,4,,,Kepulauan Meranti,Riau,,0,Bengkalis,,2015-08,0.3452833104570069,8,0.3452833104570069,VIIRS DNB,nW/cm2/sr,2015,"{""type"":""MultiPoint"",""coordinates"":[]}"
19_00000000000000000009,BA03050040,,,,,,,14.07,14,9068.45847884,TASWIL5000020230907KABKOTA,Rokan Hilir,,0.737081443501,6.32413452193,4326,4,,,Rokan Hilir,Riau,,0,Bengkalis,,2015-08,0.2817803563833906,8,0.2817803563833906,VIIRS DNB,nW/cm2/sr,2015,"{""type"":""MultiPoint"",""coordinates"":[]}"
19_0000000000000000000b,BA03050040,,,,,,,14.08,14,7805.53759098,TASWIL5000020230907KABKOTA,Siak,,0.634194327848,6.48953973447,4326,4,,,Siak,Riau,,0,Bengkalis,,2015-08,0.8011997705240498,8,0.8011997705240498,VIIRS DNB,nW/cm2/sr,2015,"{""type"":""MultiPoint"",""coordinates"":[]}"
19_00000000000000000007,BA03050040,,,,,,,14.09,14,5457.8626224,TASWIL5000020230907KABKOTA,Kuantan Singingi,,0.443419280545,4.11162115584,4326,4,,,Kuantan Singingi,Riau,,0,Indragiri hulu,,2015-08,0.1868946781195987,8,0.1868946781195987,VIIRS DNB,nW/cm2/sr,2015,"{""type"":""MultiPoint"",""coordinates"":[]}"
19_00000000000000000008,BA03050040,,,,,,,14.05,14,13262.1130957,TASWIL5000020230907KABKOTA,Pelalawan,,1.077443852,7.46682963302,4326,4,,,Pelalawan,Riau,,0,Kampar,,2015-08,0.30762843465775036,8,0.30762843465775036,VIIRS DNB,nW/cm2/sr,2015,"{""type"":""MultiPoint"",""coordinates"":[]}"
19_0000000000000000000a,BA03050040,,,,,,,14.06,14,7658.14908776,TASWIL5000020230907KABKOTA,Rokan Hulu,,0.622243411779,6.12306366434,4326,4,,,Rokan Hulu,Riau,,0,Kampar,,2015-08,0.2640055105351145,8,0.2640055105351145,VIIRS DNB,nW/cm2/sr,2015,"{""type"":""MultiPoint"",""coordinates"":[]}"
19_00000000000000000006,BA03050040,,,,,,,14.71,14,638.331320853,TASWIL5000020230907KABKOTA,Kota Pekanbaru,,0.0518609743118,1.42760792315,4326,5,,,Kota Pekanbaru,Riau,,0,,,2015-08,5.830962522267718,8,5.830962522267718,VIIRS DNB,nW/cm2/sr,2015,"{""type"":""MultiPoint"",""coordinates"":[]}"
19_00000000000000000005,BA03050040,,,,,,,14.72,14,2059.61276209,TASWIL5000020230907KABKOTA,Kota Dumai,,0.167408051519,2.69322296248,4326,5,,,Kota Dumai,Riau,,0,Bengkalis,,2015-08,0.8934221680601181,8,0.8934221680601181,VIIRS DNB,nW/cm2/sr,2015,"{""type"":""MultiPoint"",""coordinates"":[]}"
20_00000000000000000000,BA03050040,,,,,,,14.03,14,8616.35798018,TASWIL5000020230907KABKOTA,Bengkalis,,0.700215051782,7.82147949106,4326,4,,,Bengkalis,Riau,,0,,,2015-09,0.42085770468632444,9,0.42085770468632444,VIIRS DNB,nW/cm2/sr,2015,"{""type"":""MultiPoint"",""coordinates"":[]}"
20_00000000000000000001,BA03050040,,,,,,,14.04,14,13521.2628347,TASWIL5000020230907KABKOTA,Indragiri Hilir,,1.09851042149,7.37231237531,4326,4,,,Indragiri Hilir,Riau,,0,,,2015-09,0.16750395931996603,9,0.16750395931996603,VIIRS DNB,nW/cm2/sr,2015,"{""type"":""MultiPoint"",""coordinates"":[]}"
20_00000000000000000002,BA03050040,,,,,,,14.02,14,7871.84968405,TASWIL5000020230907KABKOTA,Indragiri Hulu,,0.63955084852,4.58568097253,4326,4,,,Indragiri Hulu,Riau,,0,,,2015-09,0.19148420045841924,9,0.19148420045841924,VIIRS DNB,nW/cm2/sr,2015,"{""type"":""MultiPoint"",""coordinates"":[]}"
20_00000000000000000003,BA03050040,,,,,,,14.01,14,10352.8025325,TASWIL5000020230907KABKOTA,Kampar,,0.841096503879,7.83544312369,4326,4,,,Kampar,Riau,,0,,,2015-09,0.34185592610940024,9,0.34185592610940024,VIIRS DNB,nW/cm2/sr,2015,"{""type"":""MultiPoint"",""coordinates"":[]}"
20_00000000000000000004,BA03050040,,,,,,,14.10,14,3623.55847532,TASWIL5000020230907KABKOTA,Kepulauan Meranti,,0.294426091439,5.55830216947,4326,4,,,Kepulauan Meranti,Riau,,0,Bengkalis,,2015-09,0.19057080305775526,9,0.19057080305775526,VIIRS DNB,nW/cm2/sr,2015,"{""type"":""MultiPoint"",""coordinates"":[]}"
20_00000000000000000009,BA03050040,,,,,,,14.07,14,9068.45847884,TASWIL5000020230907KABKOTA,Rokan Hilir,,0.737081443501,6.32413452193,4326,4,,,Rokan Hilir,Riau,,0,Bengkalis,,2015-09,0.23266933374204313,9,0.23266933374204313,VIIRS DNB,nW/cm2/sr,2015,"{""type"":""MultiPoint"",""coordinates"":[]}"
20_0000000000000000000b,BA03050040,,,,,,,14.08,14,7805.53759098,TASWIL5000020230907KABKOTA,Siak,,0.634194327848,6.48953973447,4326,4,,,Siak,Riau,,0,Bengkalis,,2015-09,0.49608757649801477,9,0.49608757649801477,VIIRS DNB,nW/cm2/sr,2015,"{""type"":""MultiPoint"",""coordinates"":[]}"
20_00000000000000000007,BA03050040,,,,,,,14.09,14,5457.8626224,TASWIL5000020230907KABKOTA,Kuantan Singingi,,0.443419280545,4.11162115584,4326,4,,,Kuantan Singingi,Riau,,0,Indragiri hulu,,2015-09,0.16234110994000933,9,0.16234110994000933,VIIRS DNB,nW/cm2/sr,2015,"{""type"":""MultiPoint"",""coordinates"":[]}"
20_00000000000000000008,BA03050040,,,,,,,14.05,14,13262.1130957,TASWIL5000020230907KABKOTA,Pelalawan,,1.077443852,7.46682963302,4326,4,,,Pelalawan,Riau,,0,Kampar,,2015-09,0.22086693430804202,9,0.22086693430804202,VIIRS DNB,nW/cm2/sr,2015,"{""type"":""MultiPoint"",""coordinates"":[]}"
20_0000000000000000000a,BA03050040,,,,,,,14.06,14,7658.14908776,TASWIL5000020230907KABKOTA,Rokan Hulu,,0.622243411779,6.12306366434,4326,4,,,Rokan Hulu,Riau,,0,Kampar,,2015-09,0.17997859861873777,9,0.17997859861873777,VIIRS DNB,nW/cm2/sr,2015,"{""type"":""MultiPoint"",""coordinates"":[]}"
20_00000000000000000006,BA03050040,,,,,,,14.71,14,638.331320853,TASWIL5000020230907KABKOTA,Kota Pekanbaru,,0.0518609743118,1.42760792315,4326,5,,,Kota Pekanbaru,Riau,,0,,,2015-09,5.289970761916143,9,5.289970761916143,VIIRS DNB,nW/cm2/sr,2015,"{""type"":""MultiPoint"",""coordinates"":[]}"
20_00000000000000000005,BA03050040,,,,,,,14.72,14,2059.61276209,TASWIL5000020230907KABKOTA,Kota Dumai,,0.167408051519,2.69322296248,4326,5,,,Kota Dumai,Riau,,0,Bengkalis,,2015-09,0.6042070115507184,9,0.6042070115507184,VIIRS DNB,nW/cm2/sr,2015,"{""type"":""MultiPoint"",""coordinates"":[]}"
21_00000000000000000000,BA03050040,,,,,,,14.03,14,8616.35798018,TASWIL5000020230907KABKOTA,Bengkalis,,0.700215051782,7.82147949106,4326,4,,,Bengkalis,Riau,,0,,,2015-10,0.4238598070293539,10,0.4238598070293539,VIIRS DNB,nW/cm2/sr,2015,"{""type"":""MultiPoint"",""coordinates"":[]}"
21_00000000000000000001,BA03050040,,,,,,,14.04,14,13521.2628347,TASWIL5000020230907KABKOTA,Indragiri Hilir,,1.09851042149,7.37231237531,4326,4,,,Indragiri Hilir,Riau,,0,,,2015-10,0.09250077564248334,10,0.09250077564248334,VIIRS DNB,nW/cm2/sr,2015,"{""type"":""MultiPoint"",""coordinates"":[]}"
21_00000000000000000002,BA03050040,,,,,,,14.02,14,7871.84968405,TASWIL5000020230907KABKOTA,Indragiri Hulu,,0.63955084852,4.58568097253,4326,4,,,Indragiri Hulu,Riau,,0,,,2015-10,0.14235505941835935,10,0.14235505941835935,VIIRS DNB,nW/cm2/sr,2015,"{""type"":""MultiPoint"",""coordinates"":[]}"
21_00000000000000000003,BA03050040,,,,,,,14.01,14,10352.8025325,TASWIL5000020230907KABKOTA,Kampar,,0.841096503879,7.83544312369,4326,4,,,Kampar,Riau,,0,,,2015-10,0.3079772419769302,10,0.3079772419769302,VIIRS DNB,nW/cm2/sr,2015,"{""type"":""MultiPoint"",""coordinates"":[]}"
21_00000000000000000004,BA03050040,,,,,,,14.10,14,3623.55847532,TASWIL5000020230907KABKOTA,Kepulauan Meranti,,0.294426091439,5.55830216947,4326,4,,,Kepulauan Meranti,Riau,,0,Bengkalis,,2015-10,0.16093415248051368,10,0.16093415248051368,VIIRS DNB,nW/cm2/sr,2015,"{""type"":""MultiPoint"",""coordinates"":[]}"
21_00000000000000000009,BA03050040,,,,,,,14.07,14,9068.45847884,TASWIL5000020230907KABKOTA,Rokan Hilir,,0.737081443501,6.32413452193,4326,4,,,Rokan Hilir,Riau,,0,Bengkalis,,2015-10,0.2247436962928988,10,0.2247436962928988,VIIRS DNB,nW/cm2/sr,2015,"{""type"":""MultiPoint"",""coordinates"":[]}"
21_0000000000000000000b,BA03050040,,,,,,,14.08,14,7805.53759098,TASWIL5000020230907KABKOTA,Siak,,0.634194327848,6.48953973447,4326,4,,,Siak,Riau,,0,Bengkalis,,2015-10,0.45901515326057835,10,0.45901515326057835,VIIRS DNB,nW/cm2/sr,2015,"{""type"":""MultiPoint"",""coordinates"":[]}"
21_00000000000000000007,BA03050040,,,,,,,14.09,14,5457.8626224,TASWIL5000020230907KABKOTA,Kuantan Singingi,,0.443419280545,4.11162115584,4326,4,,,Kuantan Singingi,Riau,,0,Indragiri hulu,,2015-10,0.13885159770851982,10,0.13885159770851982,VIIRS DNB,nW/cm2/sr,2015,"{""type"":""MultiPoint"",""coordinates"":[]}"
21_00000000000000000008,BA03050040,,,,,,,14.05,14,13262.1130957,TASWIL5000020230907KABKOTA,Pelalawan,,1.077443852,7.46682963302,4326,4,,,Pelalawan,Riau,,0,Kampar,,2015-10,0.14684411126379276,10,0.14684411126379276,VIIRS DNB,nW/cm2/sr,2015,"{""type"":""MultiPoint"",""coordinates"":[]}"
21_0000000000000000000a,BA03050040,,,,,,,14.06,14,7658.14908776,TASWIL5000020230907KABKOTA,Rokan Hulu,,0.622243411779,6.12306366434,4326,4,,,Rokan Hulu,Riau,,0,Kampar,,2015-10,0.2144903126536709,10,0.2144903126536709,VIIRS DNB,nW/cm2/sr,2015,"{""type"":""MultiPoint"",""coordinates"":[]}"
21_00000000000000000006,BA03050040,,,,,,,14.71,14,638.331320853,TASWIL5000020230907KABKOTA,Kota Pekanbaru,,0.0518609743118,1.42760792315,4326,5,,,Kota Pekanbaru,Riau,,0,,,2015-10,3.7526988753001023,10,3.7526988753001023,VIIRS DNB,nW/cm2/sr,2015,"{""type"":""MultiPoint"",""coordinates"":[]}"
21_00000000000000000005,BA03050040,,,,,,,14.72,14,2059.61276209,TASWIL5000020230907KABKOTA,Kota Dumai,,0.167408051519,2.69322296248,4326,5,,,Kota Dumai,Riau,,0,Bengkalis,,2015-10,0.6879261937823609,10,0.6879261937823609,VIIRS DNB,nW/cm2/sr,2015,"{""type"":""MultiPoint"",""coordinates"":[]}"
22_00000000000000000000,BA03050040,,,,,,,14.03,14,8616.35798018,TASWIL5000020230907KABKOTA,Bengkalis,,0.700215051782,7.82147949106,4326,4,,,Bengkalis,Riau,,0,,,2015-11,0.38090036210934786,11,0.38090036210934786,VIIRS DNB,nW/cm2/sr,2015,"{""type"":""MultiPoint"",""coordinates"":[]}"
22_00000000000000000001,BA03050040,,,,,,,14.04,14,13521.2628347,TASWIL5000020230907KABKOTA,Indragiri Hilir,,1.09851042149,7.37231237531,4326,4,,,Indragiri Hilir,Riau,,0,,,2015-11,-0.003727354831165929,11,-0.003727354831165929,VIIRS DNB,nW/cm2/sr,2015,"{""type"":""MultiPoint"",""coordinates"":[]}"
22_00000000000000000002,BA03050040,,,,,,,14.02,14,7871.84968405,TASWIL5000020230907KABKOTA,Indragiri Hulu,,0.63955084852,4.58568097253,4326,4,,,Indragiri Hulu,Riau,,0,,,2015-11,0.04775377057357985,11,0.04775377057357985,VIIRS DNB,nW/cm2/sr,2015,"{""type"":""MultiPoint"",""coordinates"":[]}"
22_00000000000000000003,BA03050040,,,,,,,14.01,14,10352.8025325,TASWIL5000020230907KABKOTA,Kampar,,0.841096503879,7.83544312369,4326,4,,,Kampar,Riau,,0,,,2015-11,0.21815034348200166,11,0.21815034348200166,VIIRS DNB,nW/cm2/sr,2015,"{""type"":""MultiPoint"",""coordinates"":[]}"
22_00000000000000000004,BA03050040,,,,,,,14.10,14,3623.55847532,TASWIL5000020230907KABKOTA,Kepulauan Meranti,,0.294426091439,5.55830216947,4326,4,,,Kepulauan Meranti,Riau,,0,Bengkalis,,2015-11,0.08625468091215269,11,0.08625468091215269,VIIRS DNB,nW/cm2/sr,2015,"{""type"":""MultiPoint"",""coordinates"":[]}"
22_00000000000000000009,BA03050040,,,,,,,14.07,14,9068.45847884,TASWIL5000020230907KABKOTA,Rokan Hilir,,0.737081443501,6.32413452193,4326,4,,,Rokan Hilir,Riau,,0,Bengkalis,,2015-11,0.05936301876651606,11,0.05936301876651606,VIIRS DNB,nW/cm2/sr,2015,"{""type"":""MultiPoint"",""coordinates"":[]}"
22_0000000000000000000b,BA03050040,,,,,,,14.08,14,7805.53759098,TASWIL5000020230907KABKOTA,Siak,,0.634194327848,6.48953973447,4326,4,,,Siak,Riau,,0,Bengkalis,,2015-11,0.648411423356524,11,0.648411423356524,VIIRS DNB,nW/cm2/sr,2015,"{""type"":""MultiPoint"",""coordinates"":[]}"
22_00000000000000000007,BA03050040,,,,,,,14.09,14,5457.8626224,TASWIL5000020230907KABKOTA,Kuantan Singingi,,0.443419280545,4.11162115584,4326,4,,,Kuantan Singingi,Riau,,0,Indragiri hulu,,2015-11,0.034024676927586206,11,0.034024676927586206,VIIRS DNB,nW/cm2/sr,2015,"{""type"":""MultiPoint"",""coordinates"":[]}"
22_00000000000000000008,BA03050040,,,,,,,14.05,14,13262.1130957,TASWIL5000020230907KABKOTA,Pelalawan,,1.077443852,7.46682963302,4326,4,,,Pelalawan,Riau,,0,Kampar,,2015-11,0.05646640939034887,11,0.05646640939034887,VIIRS DNB,nW/cm2/sr,2015,"{""type"":""MultiPoint"",""coordinates"":[]}"
22_0000000000000000000a,BA03050040,,,,,,,14.06,14,7658.14908776,TASWIL5000020230907KABKOTA,Rokan Hulu,,0.622243411779,6.12306366434,4326,4,,,Rokan Hulu,Riau,,0,Kampar,,2015-11,1.331706683106213E-4,11,1.331706683106213E-4,VIIRS DNB,nW/cm2/sr,2015,"{""type"":""MultiPoint"",""coordinates"":[]}"
22_00000000000000000006,BA03050040,,,,,,,14.71,14,638.331320853,TASWIL5000020230907KABKOTA,Kota Pekanbaru,,0.0518609743118,1.42760792315,4326,5,,,Kota Pekanbaru,Riau,,0,,,2015-11,4.969558235198424,11,4.969558235198424,VIIRS DNB,nW/cm2/sr,2015,"{""type"":""MultiPoint"",""coordinates"":[]}"
22_00000000000000000005,BA03050040,,,,,,,14.72,14,2059.61276209,TASWIL5000020230907KABKOTA,Kota Dumai,,0.167408051519,2.69322296248,4326,5,,,Kota Dumai,Riau,,0,Bengkalis,,2015-11,0.7273624417967869,11,0.7273624417967869,VIIRS DNB,nW/cm2/sr,2015,"{""type"":""MultiPoint"",""coordinates"":[]}"
23_00000000000000000000,BA03050040,,,,,,,14.03,14,8616.35798018,TASWIL5000020230907KABKOTA,Bengkalis,,0.700215051782,7.82147949106,4326,4,,,Bengkalis,Riau,,0,,,2015-12,0.43540542552296463,12,0.43540542552296463,VIIRS DNB,nW/cm2/sr,2015,"{""type"":""MultiPoint"",""coordinates"":[]}"
23_00000000000000000001,BA03050040,,,,,,,14.04,14,13521.2628347,TASWIL5000020230907KABKOTA,Indragiri Hilir,,1.09851042149,7.37231237531,4326,4,,,Indragiri Hilir,Riau,,0,,,2015-12,0.03151592388373911,12,0.03151592388373911,VIIRS DNB,nW/cm2/sr,2015,"{""type"":""MultiPoint"",""coordinates"":[]}"
23_00000000000000000002,BA03050040,,,,,,,14.02,14,7871.84968405,TASWIL5000020230907KABKOTA,Indragiri Hulu,,0.63955084852,4.58568097253,4326,4,,,Indragiri Hulu,Riau,,0,,,2015-12,0.05834266188555068,12,0.05834266188555068,VIIRS DNB,nW/cm2/sr,2015,"{""type"":""MultiPoint"",""coordinates"":[]}"
23_00000000000000000003,BA03050040,,,,,,,14.01,14,10352.8025325,TASWIL5000020230907KABKOTA,Kampar,,0.841096503879,7.83544312369,4326,4,,,Kampar,Riau,,0,,,2015-12,0.19251734704592358,12,0.19251734704592358,VIIRS DNB,nW/cm2/sr,2015,"{""type"":""MultiPoint"",""coordinates"":[]}"
23_00000000000000000004,BA03050040,,,,,,,14.10,14,3623.55847532,TASWIL5000020230907KABKOTA,Kepulauan Meranti,,0.294426091439,5.55830216947,4326,4,,,Kepulauan Meranti,Riau,,0,Bengkalis,,2015-12,0.10961136077918017,12,0.10961136077918017,VIIRS DNB,nW/cm2/sr,2015,"{""type"":""MultiPoint"",""coordinates"":[]}"
23_00000000000000000009,BA03050040,,,,,,,14.07,14,9068.45847884,TASWIL5000020230907KABKOTA,Rokan Hilir,,0.737081443501,6.32413452193,4326,4,,,Rokan Hilir,Riau,,0,Bengkalis,,2015-12,0.16264365332181432,12,0.16264365332181432,VIIRS DNB,nW/cm2/sr,2015,"{""type"":""MultiPoint"",""coordinates"":[]}"
23_0000000000000000000b,BA03050040,,,,,,,14.08,14,7805.53759098,TASWIL5000020230907KABKOTA,Siak,,0.634194327848,6.48953973447,4326,4,,,Siak,Riau,,0,Bengkalis,,2015-12,0.44294631570483983,12,0.44294631570483983,VIIRS DNB,nW/cm2/sr,2015,"{""type"":""MultiPoint"",""coordinates"":[]}"
23_00000000000000000007,BA03050040,,,,,,,14.09,14,5457.8626224,TASWIL5000020230907KABKOTA,Kuantan Singingi,,0.443419280545,4.11162115584,4326,4,,,Kuantan Singingi,Riau,,0,Indragiri hulu,,2015-12,0.04994243120914356,12,0.04994243120914356,VIIRS DNB,nW/cm2/sr,2015,"{""type"":""MultiPoint"",""coordinates"":[]}"
23_00000000000000000008,BA03050040,,,,,,,14.05,14,13262.1130957,TASWIL5000020230907KABKOTA,Pelalawan,,1.077443852,7.46682963302,4326,4,,,Pelalawan,Riau,,0,Kampar,,2015-12,0.09514055106878015,12,0.09514055106878015,VIIRS DNB,nW/cm2/sr,2015,"{""type"":""MultiPoint"",""coordinates"":[]}"
23_0000000000000000000a,BA03050040,,,,,,,14.06,14,7658.14908776,TASWIL5000020230907KABKOTA,Rokan Hulu,,0.622243411779,6.12306366434,4326,4,,,Rokan Hulu,Riau,,0,Kampar,,2015-12,0.0813704411465519,12,0.0813704411465519,VIIRS DNB,nW/cm2/sr,2015,"{""type"":""MultiPoint"",""coordinates"":[]}"
23_00000000000000000006,BA03050040,,,,,,,14.71,14,638.331320853,TASWIL5000020230907KABKOTA,Kota Pekanbaru,,0.0518609743118,1.42760792315,4326,5,,,Kota Pekanbaru,Riau,,0,,,2015-12,2.5510995923727044,12,2.5510995923727044,VIIRS DNB,nW/cm2/sr,2015,"{""type"":""MultiPoint"",""coordinates"":[]}"
23_00000000000000000005,BA03050040,,,,,,,14.72,14,2059.61276209,TASWIL5000020230907KABKOTA,Kota Dumai,,0.167408051519,2.69322296248,4326,5,,,Kota Dumai,Riau,,0,Bengkalis,,2015-12,0.8370182564089611,12,0.8370182564089611,VIIRS DNB,nW/cm2/sr,2015,"{""type"":""MultiPoint"",""coordinates"":[]}"
24_00000000000000000000,BA03050040,,,,,,,14.03,14,8616.35798018,TASWIL5000020230907KABKOTA,Bengkalis,,0.700215051782,7.82147949106,4326,4,,,Bengkalis,Riau,,0,,,2016-01,0.24925300153360636,1,0.24925300153360636,VIIRS DNB,nW/cm2/sr,2016,"{""type"":""MultiPoint"",""coordinates"":[]}"
24_00000000000000000001,BA03050040,,,,,,,14.04,14,13521.2628347,TASWIL5000020230907KABKOTA,Indragiri Hilir,,1.09851042149,7.37231237531,4326,4,,,Indragiri Hilir,Riau,,0,,,2016-01,-0.12274291284872965,1,-0.12274291284872965,VIIRS DNB,nW/cm2/sr,2016,"{""type"":""MultiPoint"",""coordinates"":[]}"
24_00000000000000000002,BA03050040,,,,,,,14.02,14,7871.84968405,TASWIL5000020230907KABKOTA,Indragiri Hulu,,0.63955084852,4.58568097253,4326,4,,,Indragiri Hulu,Riau,,0,,,2016-01,-0.04244678826412316,1,-0.04244678826412316,VIIRS DNB,nW/cm2/sr,2016,"{""type"":""MultiPoint"",""coordinates"":[]}"
24_00000000000000000003,BA03050040,,,,,,,14.01,14,10352.8025325,TASWIL5000020230907KABKOTA,Kampar,,0.841096503879,7.83544312369,4326,4,,,Kampar,Riau,,0,,,2016-01,0.18309603553799436,1,0.18309603553799436,VIIRS DNB,nW/cm2/sr,2016,"{""type"":""MultiPoint"",""coordinates"":[]}"
24_00000000000000000004,BA03050040,,,,,,,14.10,14,3623.55847532,TASWIL5000020230907KABKOTA,Kepulauan Meranti,,0.294426091439,5.55830216947,4326,4,,,Kepulauan Meranti,Riau,,0,Bengkalis,,2016-01,-0.06236226976222484,1,-0.06236226976222484,VIIRS DNB,nW/cm2/sr,2016,"{""type"":""MultiPoint"",""coordinates"":[]}"
24_00000000000000000009,BA03050040,,,,,,,14.07,14,9068.45847884,TASWIL5000020230907KABKOTA,Rokan Hilir,,0.737081443501,6.32413452193,4326,4,,,Rokan Hilir,Riau,,0,Bengkalis,,2016-01,0.013109510588578514,1,0.013109510588578514,VIIRS DNB,nW/cm2/sr,2016,"{""type"":""MultiPoint"",""coordinates"":[]}"
24_0000000000000000000b,BA03050040,,,,,,,14.08,14,7805.53759098,TASWIL5000020230907KABKOTA,Siak,,0.634194327848,6.48953973447,4326,4,,,Siak,Riau,,0,Bengkalis,,2016-01,0.3352485534438182,1,0.3352485534438182,VIIRS DNB,nW/cm2/sr,2016,"{""type"":""MultiPoint"",""coordinates"":[]}"
24_00000000000000000007,BA03050040,,,,,,,14.09,14,5457.8626224,TASWIL5000020230907KABKOTA,Kuantan Singingi,,0.443419280545,4.11162115584,4326,4,,,Kuantan Singingi,Riau,,0,Indragiri hulu,,2016-01,-0.0032818434759735327,1,-0.0032818434759735327,VIIRS DNB,nW/cm2/sr,2016,"{""type"":""MultiPoint"",""coordinates"":[]}"
24_00000000000000000008,BA03050040,,,,,,,14.05,14,13262.1130957,TASWIL5000020230907KABKOTA,Pelalawan,,1.077443852,7.46682963302,4326,4,,,Pelalawan,Riau,,0,Kampar,,2016-01,-0.048769009083187896,1,-0.048769009083187896,VIIRS DNB,nW/cm2/sr,2016,"{""type"":""MultiPoint"",""coordinates"":[]}"
24_0000000000000000000a,BA03050040,,,,,,,14.06,14,7658.14908776,TASWIL5000020230907KABKOTA,Rokan Hulu,,0.622243411779,6.12306366434,4326,4,,,Rokan Hulu,Riau,,0,Kampar,,2016-01,-0.04178410785406677,1,-0.04178410785406677,VIIRS DNB,nW/cm2/sr,2016,"{""type"":""MultiPoint"",""coordinates"":[]}"
24_00000000000000000006,BA03050040,,,,,,,14.71,14,638.331320853,TASWIL5000020230907KABKOTA,Kota Pekanbaru,,0.0518609743118,1.42760792315,4326,5,,,Kota Pekanbaru,Riau,,0,,,2016-01,5.999748912513705,1,5.999748912513705,VIIRS DNB,nW/cm2/sr,2016,"{""type"":""MultiPoint"",""coordinates"":[]}"
24_00000000000000000005,BA03050040,,,,,,,14.72,14,2059.61276209,TASWIL5000020230907KABKOTA,Kota Dumai,,0.167408051519,2.69322296248,4326,5,,,Kota Dumai,Riau,,0,Bengkalis,,2016-01,0.7421489282248436,1,0.7421489282248436,VIIRS DNB,nW/cm2/sr,2016,"{""type"":""MultiPoint"",""coordinates"":[]}"
25_00000000000000000000,BA03050040,,,,,,,14.03,14,8616.35798018,TASWIL5000020230907KABKOTA,Bengkalis,,0.700215051782,7.82147949106,4326,4,,,Bengkalis,Riau,,0,,,2016-02,0.12795646963508467,2,0.12795646963508467,VIIRS DNB,nW/cm2/sr,2016,"{""type"":""MultiPoint"",""coordinates"":[]}"
25_00000000000000000001,BA03050040,,,,,,,14.04,14,13521.2628347,TASWIL5000020230907KABKOTA,Indragiri Hilir,,1.09851042149,7.37231237531,4326,4,,,Indragiri Hilir,Riau,,0,,,2016-02,-0.08384022489085562,2,-0.08384022489085562,VIIRS DNB,nW/cm2/sr,2016,"{""type"":""MultiPoint"",""coordinates"":[]}"
25_00000000000000000002,BA03050040,,,,,,,14.02,14,7871.84968405,TASWIL5000020230907KABKOTA,Indragiri Hulu,,0.63955084852,4.58568097253,4326,4,,,Indragiri Hulu,Riau,,0,,,2016-02,-0.058561380709868924,2,-0.058561380709868924,VIIRS DNB,nW/cm2/sr,2016,"{""type"":""MultiPoint"",""coordinates"":[]}"
25_00000000000000000003,BA03050040,,,,,,,14.01,14,10352.8025325,TASWIL5000020230907KABKOTA,Kampar,,0.841096503879,7.83544312369,4326,4,,,Kampar,Riau,,0,,,2016-02,0.12362428895704088,2,0.12362428895704088,VIIRS DNB,nW/cm2/sr,2016,"{""type"":""MultiPoint"",""coordinates"":[]}"
25_00000000000000000004,BA03050040,,,,,,,14.10,14,3623.55847532,TASWIL5000020230907KABKOTA,Kepulauan Meranti,,0.294426091439,5.55830216947,4326,4,,,Kepulauan Meranti,Riau,,0,Bengkalis,,2016-02,-0.03489753466748841,2,-0.03489753466748841,VIIRS DNB,nW/cm2/sr,2016,"{""type"":""MultiPoint"",""coordinates"":[]}"
25_00000000000000000009,BA03050040,,,,,,,14.07,14,9068.45847884,TASWIL5000020230907KABKOTA,Rokan Hilir,,0.737081443501,6.32413452193,4326,4,,,Rokan Hilir,Riau,,0,Bengkalis,,2016-02,0.009884221463450337,2,0.009884221463450337,VIIRS DNB,nW/cm2/sr,2016,"{""type"":""MultiPoint"",""coordinates"":[]}"
25_0000000000000000000b,BA03050040,,,,,,,14.08,14,7805.53759098,TASWIL5000020230907KABKOTA,Siak,,0.634194327848,6.48953973447,4326,4,,,Siak,Riau,,0,Bengkalis,,2016-02,0.3276084968621201,2,0.3276084968621201,VIIRS DNB,nW/cm2/sr,2016,"{""type"":""MultiPoint"",""coordinates"":[]}"
25_00000000000000000007,BA03050040,,,,,,,14.09,14,5457.8626224,TASWIL5000020230907KABKOTA,Kuantan Singingi,,0.443419280545,4.11162115584,4326,4,,,Kuantan Singingi,Riau,,0,Indragiri hulu,,2016-02,-0.06542505305870655,2,-0.06542505305870655,VIIRS DNB,nW/cm2/sr,2016,"{""type"":""MultiPoint"",""coordinates"":[]}"
25_00000000000000000008,BA03050040,,,,,,,14.05,14,13262.1130957,TASWIL5000020230907KABKOTA,Pelalawan,,1.077443852,7.46682963302,4326,4,,,Pelalawan,Riau,,0,Kampar,,2016-02,-0.03050553205538157,2,-0.03050553205538157,VIIRS DNB,nW/cm2/sr,2016,"{""type"":""MultiPoint"",""coordinates"":[]}"
25_0000000000000000000a,BA03050040,,,,,,,14.06,14,7658.14908776,TASWIL5000020230907KABKOTA,Rokan Hulu,,0.622243411779,6.12306366434,4326,4,,,Rokan Hulu,Riau,,0,Kampar,,2016-02,-0.004774079379845796,2,-0.004774079379845796,VIIRS DNB,nW/cm2/sr,2016,"{""type"":""MultiPoint"",""coordinates"":[]}"
25_00000000000000000006,BA03050040,,,,,,,14.71,14,638.331320853,TASWIL5000020230907KABKOTA,Kota Pekanbaru,,0.0518609743118,1.42760792315,4326,5,,,Kota Pekanbaru,Riau,,0,,,2016-02,5.807683823889648,2,5.807683823889648,VIIRS DNB,nW/cm2/sr,2016,"{""type"":""MultiPoint"",""coordinates"":[]}"
25_00000000000000000005,BA03050040,,,,,,,14.72,14,2059.61276209,TASWIL5000020230907KABKOTA,Kota Dumai,,0.167408051519,2.69322296248,4326,5,,,Kota Dumai,Riau,,0,Bengkalis,,2016-02,0.04372684396529235,2,0.04372684396529235,VIIRS DNB,nW/cm2/sr,2016,"{""type"":""MultiPoint"",""coordinates"":[]}"
26_00000000000000000000,BA03050040,,,,,,,14.03,14,8616.35798018,TASWIL5000020230907KABKOTA,Bengkalis,,0.700215051782,7.82147949106,4326,4,,,Bengkalis,Riau,,0,,,2016-03,0.4974568996146111,3,0.4974568996146111,VIIRS DNB,nW/cm2/sr,2016,"{""type"":""MultiPoint"",""coordinates"":[]}"
26_00000000000000000001,BA03050040,,,,,,,14.04,14,13521.2628347,TASWIL5000020230907KABKOTA,Indragiri Hilir,,1.09851042149,7.37231237531,4326,4,,,Indragiri Hilir,Riau,,0,,,2016-03,0.10619555872091696,3,0.10619555872091696,VIIRS DNB,nW/cm2/sr,2016,"{""type"":""MultiPoint"",""coordinates"":[]}"
26_00000000000000000002,BA03050040,,,,,,,14.02,14,7871.84968405,TASWIL5000020230907KABKOTA,Indragiri Hulu,,0.63955084852,4.58568097253,4326,4,,,Indragiri Hulu,Riau,,0,,,2016-03,0.11652240554433714,3,0.11652240554433714,VIIRS DNB,nW/cm2/sr,2016,"{""type"":""MultiPoint"",""coordinates"":[]}"
26_00000000000000000003,BA03050040,,,,,,,14.01,14,10352.8025325,TASWIL5000020230907KABKOTA,Kampar,,0.841096503879,7.83544312369,4326,4,,,Kampar,Riau,,0,,,2016-03,0.29408529551296414,3,0.29408529551296414,VIIRS DNB,nW/cm2/sr,2016,"{""type"":""MultiPoint"",""coordinates"":[]}"
26_00000000000000000004,BA03050040,,,,,,,14.10,14,3623.55847532,TASWIL5000020230907KABKOTA,Kepulauan Meranti,,0.294426091439,5.55830216947,4326,4,,,Kepulauan Meranti,Riau,,0,Bengkalis,,2016-03,0.17379770001914593,3,0.17379770001914593,VIIRS DNB,nW/cm2/sr,2016,"{""type"":""MultiPoint"",""coordinates"":[]}"
26_00000000000000000009,BA03050040,,,,,,,14.07,14,9068.45847884,TASWIL5000020230907KABKOTA,Rokan Hilir,,0.737081443501,6.32413452193,4326,4,,,Rokan Hilir,Riau,,0,Bengkalis,,2016-03,0.1701534879037858,3,0.1701534879037858,VIIRS DNB,nW/cm2/sr,2016,"{""type"":""MultiPoint"",""coordinates"":[]}"
26_0000000000000000000b,BA03050040,,,,,,,14.08,14,7805.53759098,TASWIL5000020230907KABKOTA,Siak,,0.634194327848,6.48953973447,4326,4,,,Siak,Riau,,0,Bengkalis,,2016-03,0.5800693812970188,3,0.5800693812970188,VIIRS DNB,nW/cm2/sr,2016,"{""type"":""MultiPoint"",""coordinates"":[]}"
26_00000000000000000007,BA03050040,,,,,,,14.09,14,5457.8626224,TASWIL5000020230907KABKOTA,Kuantan Singingi,,0.443419280545,4.11162115584,4326,4,,,Kuantan Singingi,Riau,,0,Indragiri hulu,,2016-03,0.1163990587322573,3,0.1163990587322573,VIIRS DNB,nW/cm2/sr,2016,"{""type"":""MultiPoint"",""coordinates"":[]}"
26_00000000000000000008,BA03050040,,,,,,,14.05,14,13262.1130957,TASWIL5000020230907KABKOTA,Pelalawan,,1.077443852,7.46682963302,4326,4,,,Pelalawan,Riau,,0,Kampar,,2016-03,0.17638748665000978,3,0.17638748665000978,VIIRS DNB,nW/cm2/sr,2016,"{""type"":""MultiPoint"",""coordinates"":[]}"
26_0000000000000000000a,BA03050040,,,,,,,14.06,14,7658.14908776,TASWIL5000020230907KABKOTA,Rokan Hulu,,0.622243411779,6.12306366434,4326,4,,,Rokan Hulu,Riau,,0,Kampar,,2016-03,0.1463269048591943,3,0.1463269048591943,VIIRS DNB,nW/cm2/sr,2016,"{""type"":""MultiPoint"",""coordinates"":[]}"
26_00000000000000000006,BA03050040,,,,,,,14.71,14,638.331320853,TASWIL5000020230907KABKOTA,Kota Pekanbaru,,0.0518609743118,1.42760792315,4326,5,,,Kota Pekanbaru,Riau,,0,,,2016-03,6.02947529289771,3,6.02947529289771,VIIRS DNB,nW/cm2/sr,2016,"{""type"":""MultiPoint"",""coordinates"":[]}"
26_00000000000000000005,BA03050040,,,,,,,14.72,14,2059.61276209,TASWIL5000020230907KABKOTA,Kota Dumai,,0.167408051519,2.69322296248,4326,5,,,Kota Dumai,Riau,,0,Bengkalis,,2016-03,0.9188397940963382,3,0.9188397940963382,VIIRS DNB,nW/cm2/sr,2016,"{""type"":""MultiPoint"",""coordinates"":[]}"
27_00000000000000000000,BA03050040,,,,,,,14.03,14,8616.35798018,TASWIL5000020230907KABKOTA,Bengkalis,,0.700215051782,7.82147949106,4326,4,,,Bengkalis,Riau,,0,,,2016-04,0.5879480503368201,4,0.5879480503368201,VIIRS DNB,nW/cm2/sr,2016,"{""type"":""MultiPoint"",""coordinates"":[]}"
27_00000000000000000001,BA03050040,,,,,,,14.04,14,13521.2628347,TASWIL5000020230907KABKOTA,Indragiri Hilir,,1.09851042149,7.37231237531,4326,4,,,Indragiri Hilir,Riau,,0,,,2016-04,0.1700100782725571,4,0.1700100782725571,VIIRS DNB,nW/cm2/sr,2016,"{""type"":""MultiPoint"",""coordinates"":[]}"
27_00000000000000000002,BA03050040,,,,,,,14.02,14,7871.84968405,TASWIL5000020230907KABKOTA,Indragiri Hulu,,0.63955084852,4.58568097253,4326,4,,,Indragiri Hulu,Riau,,0,,,2016-04,0.22990292480452656,4,0.22990292480452656,VIIRS DNB,nW/cm2/sr,2016,"{""type"":""MultiPoint"",""coordinates"":[]}"
27_00000000000000000003,BA03050040,,,,,,,14.01,14,10352.8025325,TASWIL5000020230907KABKOTA,Kampar,,0.841096503879,7.83544312369,4326,4,,,Kampar,Riau,,0,,,2016-04,0.37402513919703145,4,0.37402513919703145,VIIRS DNB,nW/cm2/sr,2016,"{""type"":""MultiPoint"",""coordinates"":[]}"
27_00000000000000000004,BA03050040,,,,,,,14.10,14,3623.55847532,TASWIL5000020230907KABKOTA,Kepulauan Meranti,,0.294426091439,5.55830216947,4326,4,,,Kepulauan Meranti,Riau,,0,Bengkalis,,2016-04,0.22437559027555098,4,0.22437559027555098,VIIRS DNB,nW/cm2/sr,2016,"{""type"":""MultiPoint"",""coordinates"":[]}"
27_00000000000000000009,BA03050040,,,,,,,14.07,14,9068.45847884,TASWIL5000020230907KABKOTA,Rokan Hilir,,0.737081443501,6.32413452193,4326,4,,,Rokan Hilir,Riau,,0,Bengkalis,,2016-04,0.24396506427526926,4,0.24396506427526926,VIIRS DNB,nW/cm2/sr,2016,"{""type"":""MultiPoint"",""coordinates"":[]}"
27_0000000000000000000b,BA03050040,,,,,,,14.08,14,7805.53759098,TASWIL5000020230907KABKOTA,Siak,,0.634194327848,6.48953973447,4326,4,,,Siak,Riau,,0,Bengkalis,,2016-04,0.48155795260922823,4,0.48155795260922823,VIIRS DNB,nW/cm2/sr,2016,"{""type"":""MultiPoint"",""coordinates"":[]}"
27_00000000000000000007,BA03050040,,,,,,,14.09,14,5457.8626224,TASWIL5000020230907KABKOTA,Kuantan Singingi,,0.443419280545,4.11162115584,4326,4,,,Kuantan Singingi,Riau,,0,Indragiri hulu,,2016-04,0.24486289546372983,4,0.24486289546372983,VIIRS DNB,nW/cm2/sr,2016,"{""type"":""MultiPoint"",""coordinates"":[]}"
27_00000000000000000008,BA03050040,,,,,,,14.05,14,13262.1130957,TASWIL5000020230907KABKOTA,Pelalawan,,1.077443852,7.46682963302,4326,4,,,Pelalawan,Riau,,0,Kampar,,2016-04,0.24223859482381793,4,0.24223859482381793,VIIRS DNB,nW/cm2/sr,2016,"{""type"":""MultiPoint"",""coordinates"":[]}"
27_0000000000000000000a,BA03050040,,,,,,,14.06,14,7658.14908776,TASWIL5000020230907KABKOTA,Rokan Hulu,,0.622243411779,6.12306366434,4326,4,,,Rokan Hulu,Riau,,0,Kampar,,2016-04,0.2232495114963269,4,0.2232495114963269,VIIRS DNB,nW/cm2/sr,2016,"{""type"":""MultiPoint"",""coordinates"":[]}"
27_00000000000000000006,BA03050040,,,,,,,14.71,14,638.331320853,TASWIL5000020230907KABKOTA,Kota Pekanbaru,,0.0518609743118,1.42760792315,4326,5,,,Kota Pekanbaru,Riau,,0,,,2016-04,6.21480921737127,4,6.21480921737127,VIIRS DNB,nW/cm2/sr,2016,"{""type"":""MultiPoint"",""coordinates"":[]}"
27_00000000000000000005,BA03050040,,,,,,,14.72,14,2059.61276209,TASWIL5000020230907KABKOTA,Kota Dumai,,0.167408051519,2.69322296248,4326,5,,,Kota Dumai,Riau,,0,Bengkalis,,2016-04,0.8218027228149692,4,0.8218027228149692,VIIRS DNB,nW/cm2/sr,2016,"{""type"":""MultiPoint"",""coordinates"":[]}"
28_00000000000000000000,BA03050040,,,,,,,14.03,14,8616.35798018,TASWIL5000020230907KABKOTA,Bengkalis,,0.700215051782,7.82147949106,4326,4,,,Bengkalis,Riau,,0,,,2016-05,0.2942011793997302,5,0.2942011793997302,VIIRS DNB,nW/cm2/sr,2016,"{""type"":""MultiPoint"",""coordinates"":[]}"
28_00000000000000000001,BA03050040,,,,,,,14.04,14,13521.2628347,TASWIL5000020230907KABKOTA,Indragiri Hilir,,1.09851042149,7.37231237531,4326,4,,,Indragiri Hilir,Riau,,0,,,2016-05,0.052102304686659176,5,0.052102304686659176,VIIRS DNB,nW/cm2/sr,2016,"{""type"":""MultiPoint"",""coordinates"":[]}"
28_00000000000000000002,BA03050040,,,,,,,14.02,14,7871.84968405,TASWIL5000020230907KABKOTA,Indragiri Hulu,,0.63955084852,4.58568097253,4326,4,,,Indragiri Hulu,Riau,,0,,,2016-05,0.10220048106467491,5,0.10220048106467491,VIIRS DNB,nW/cm2/sr,2016,"{""type"":""MultiPoint"",""coordinates"":[]}"
28_00000000000000000003,BA03050040,,,,,,,14.01,14,10352.8025325,TASWIL5000020230907KABKOTA,Kampar,,0.841096503879,7.83544312369,4326,4,,,Kampar,Riau,,0,,,2016-05,0.2502091607549017,5,0.2502091607549017,VIIRS DNB,nW/cm2/sr,2016,"{""type"":""MultiPoint"",""coordinates"":[]}"
28_00000000000000000004,BA03050040,,,,,,,14.10,14,3623.55847532,TASWIL5000020230907KABKOTA,Kepulauan Meranti,,0.294426091439,5.55830216947,4326,4,,,Kepulauan Meranti,Riau,,0,Bengkalis,,2016-05,0.09247882913143551,5,0.09247882913143551,VIIRS DNB,nW/cm2/sr,2016,"{""type"":""MultiPoint"",""coordinates"":[]}"
28_00000000000000000009,BA03050040,,,,,,,14.07,14,9068.45847884,TASWIL5000020230907KABKOTA,Rokan Hilir,,0.737081443501,6.32413452193,4326,4,,,Rokan Hilir,Riau,,0,Bengkalis,,2016-05,0.15207241805825447,5,0.15207241805825447,VIIRS DNB,nW/cm2/sr,2016,"{""type"":""MultiPoint"",""coordinates"":[]}"
28_0000000000000000000b,BA03050040,,,,,,,14.08,14,7805.53759098,TASWIL5000020230907KABKOTA,Siak,,0.634194327848,6.48953973447,4326,4,,,Siak,Riau,,0,Bengkalis,,2016-05,0.447078556594826,5,0.447078556594826,VIIRS DNB,nW/cm2/sr,2016,"{""type"":""MultiPoint"",""coordinates"":[]}"
28_00000000000000000007,BA03050040,,,,,,,14.09,14,5457.8626224,TASWIL5000020230907KABKOTA,Kuantan Singingi,,0.443419280545,4.11162115584,4326,4,,,Kuantan Singingi,Riau,,0,Indragiri hulu,,2016-05,0.08740441610414415,5,0.08740441610414415,VIIRS DNB,nW/cm2/sr,2016,"{""type"":""MultiPoint"",""coordinates"":[]}"
28_00000000000000000008,BA03050040,,,,,,,14.05,14,13262.1130957,TASWIL5000020230907KABKOTA,Pelalawan,,1.077443852,7.46682963302,4326,4,,,Pelalawan,Riau,,0,Kampar,,2016-05,0.12091988032608401,5,0.12091988032608401,VIIRS DNB,nW/cm2/sr,2016,"{""type"":""MultiPoint"",""coordinates"":[]}"
28_0000000000000000000a,BA03050040,,,,,,,14.06,14,7658.14908776,TASWIL5000020230907KABKOTA,Rokan Hulu,,0.622243411779,6.12306366434,4326,4,,,Rokan Hulu,Riau,,0,Kampar,,2016-05,0.0784974153732939,5,0.0784974153732939,VIIRS DNB,nW/cm2/sr,2016,"{""type"":""MultiPoint"",""coordinates"":[]}"
28_00000000000000000006,BA03050040,,,,,,,14.71,14,638.331320853,TASWIL5000020230907KABKOTA,Kota Pekanbaru,,0.0518609743118,1.42760792315,4326,5,,,Kota Pekanbaru,Riau,,0,,,2016-05,6.247999416901743,5,6.247999416901743,VIIRS DNB,nW/cm2/sr,2016,"{""type"":""MultiPoint"",""coordinates"":[]}"
28_00000000000000000005,BA03050040,,,,,,,14.72,14,2059.61276209,TASWIL5000020230907KABKOTA,Kota Dumai,,0.167408051519,2.69322296248,4326,5,,,Kota Dumai,Riau,,0,Bengkalis,,2016-05,0.5108716443754416,5,0.5108716443754416,VIIRS DNB,nW/cm2/sr,2016,"{""type"":""MultiPoint"",""coordinates"":[]}"
29_00000000000000000000,BA03050040,,,,,,,14.03,14,8616.35798018,TASWIL5000020230907KABKOTA,Bengkalis,,0.700215051782,7.82147949106,4326,4,,,Bengkalis,Riau,,0,,,2016-06,0.5159871850967985,6,0.5159871850967985,VIIRS DNB,nW/cm2/sr,2016,"{""type"":""MultiPoint"",""coordinates"":[]}"
29_00000000000000000001,BA03050040,,,,,,,14.04,14,13521.2628347,TASWIL5000020230907KABKOTA,Indragiri Hilir,,1.09851042149,7.37231237531,4326,4,,,Indragiri Hilir,Riau,,0,,,2016-06,0.12841432440692002,6,0.12841432440692002,VIIRS DNB,nW/cm2/sr,2016,"{""type"":""MultiPoint"",""coordinates"":[]}"
29_00000000000000000002,BA03050040,,,,,,,14.02,14,7871.84968405,TASWIL5000020230907KABKOTA,Indragiri Hulu,,0.63955084852,4.58568097253,4326,4,,,Indragiri Hulu,Riau,,0,,,2016-06,0.17609869413712362,6,0.17609869413712362,VIIRS DNB,nW/cm2/sr,2016,"{""type"":""MultiPoint"",""coordinates"":[]}"
29_00000000000000000003,BA03050040,,,,,,,14.01,14,10352.8025325,TASWIL5000020230907KABKOTA,Kampar,,0.841096503879,7.83544312369,4326,4,,,Kampar,Riau,,0,,,2016-06,0.41803041008331626,6,0.41803041008331626,VIIRS DNB,nW/cm2/sr,2016,"{""type"":""MultiPoint"",""coordinates"":[]}"
29_00000000000000000004,BA03050040,,,,,,,14.10,14,3623.55847532,TASWIL5000020230907KABKOTA,Kepulauan Meranti,,0.294426091439,5.55830216947,4326,4,,,Kepulauan Meranti,Riau,,0,Bengkalis,,2016-06,0.1708153678172172,6,0.1708153678172172,VIIRS DNB,nW/cm2/sr,2016,"{""type"":""MultiPoint"",""coordinates"":[]}"
29_00000000000000000009,BA03050040,,,,,,,14.07,14,9068.45847884,TASWIL5000020230907KABKOTA,Rokan Hilir,,0.737081443501,6.32413452193,4326,4,,,Rokan Hilir,Riau,,0,Bengkalis,,2016-06,0.28655356073401905,6,0.28655356073401905,VIIRS DNB,nW/cm2/sr,2016,"{""type"":""MultiPoint"",""coordinates"":[]}"
29_0000000000000000000b,BA03050040,,,,,,,14.08,14,7805.53759098,TASWIL5000020230907KABKOTA,Siak,,0.634194327848,6.48953973447,4326,4,,,Siak,Riau,,0,Bengkalis,,2016-06,0.6051458238959316,6,0.6051458238959316,VIIRS DNB,nW/cm2/sr,2016,"{""type"":""MultiPoint"",""coordinates"":[]}"
29_00000000000000000007,BA03050040,,,,,,,14.09,14,5457.8626224,TASWIL5000020230907KABKOTA,Kuantan Singingi,,0.443419280545,4.11162115584,4326,4,,,Kuantan Singingi,Riau,,0,Indragiri hulu,,2016-06,0.18395039633072366,6,0.18395039633072366,VIIRS DNB,nW/cm2/sr,2016,"{""type"":""MultiPoint"",""coordinates"":[]}"
29_00000000000000000008,BA03050040,,,,,,,14.05,14,13262.1130957,TASWIL5000020230907KABKOTA,Pelalawan,,1.077443852,7.46682963302,4326,4,,,Pelalawan,Riau,,0,Kampar,,2016-06,0.20300289556283763,6,0.20300289556283763,VIIRS DNB,nW/cm2/sr,2016,"{""type"":""MultiPoint"",""coordinates"":[]}"
29_0000000000000000000a,BA03050040,,,,,,,14.06,14,7658.14908776,TASWIL5000020230907KABKOTA,Rokan Hulu,,0.622243411779,6.12306366434,4326,4,,,Rokan Hulu,Riau,,0,Kampar,,2016-06,0.2522528894861324,6,0.2522528894861324,VIIRS DNB,nW/cm2/sr,2016,"{""type"":""MultiPoint"",""coordinates"":[]}"
29_00000000000000000006,BA03050040,,,,,,,14.71,14,638.331320853,TASWIL5000020230907KABKOTA,Kota Pekanbaru,,0.0518609743118,1.42760792315,4326,5,,,Kota Pekanbaru,Riau,,0,,,2016-06,7.651326202840565,6,7.651326202840565,VIIRS DNB,nW/cm2/sr,2016,"{""type"":""MultiPoint"",""coordinates"":[]}"
29_00000000000000000005,BA03050040,,,,,,,14.72,14,2059.61276209,TASWIL5000020230907KABKOTA,Kota Dumai,,0.167408051519,2.69322296248,4326,5,,,Kota Dumai,Riau,,0,Bengkalis,,2016-06,0.8055978173652394,6,0.8055978173652394,VIIRS DNB,nW/cm2/sr,2016,"{""type"":""MultiPoint"",""coordinates"":[]}"
30_00000000000000000000,BA03050040,,,,,,,14.03,14,8616.35798018,TASWIL5000020230907KABKOTA,Bengkalis,,0.700215051782,7.82147949106,4326,4,,,Bengkalis,Riau,,0,,,2016-07,0.5121078545068837,7,0.5121078545068837,VIIRS DNB,nW/cm2/sr,2016,"{""type"":""MultiPoint"",""coordinates"":[]}"
30_00000000000000000001,BA03050040,,,,,,,14.04,14,13521.2628347,TASWIL5000020230907KABKOTA,Indragiri Hilir,,1.09851042149,7.37231237531,4326,4,,,Indragiri Hilir,Riau,,0,,,2016-07,0.09185515395248914,7,0.09185515395248914,VIIRS DNB,nW/cm2/sr,2016,"{""type"":""MultiPoint"",""coordinates"":[]}"
30_00000000000000000002,BA03050040,,,,,,,14.02,14,7871.84968405,TASWIL5000020230907KABKOTA,Indragiri Hulu,,0.63955084852,4.58568097253,4326,4,,,Indragiri Hulu,Riau,,0,,,2016-07,0.1551516173819686,7,0.1551516173819686,VIIRS DNB,nW/cm2/sr,2016,"{""type"":""MultiPoint"",""coordinates"":[]}"
30_00000000000000000003,BA03050040,,,,,,,14.01,14,10352.8025325,TASWIL5000020230907KABKOTA,Kampar,,0.841096503879,7.83544312369,4326,4,,,Kampar,Riau,,0,,,2016-07,0.37446467852851845,7,0.37446467852851845,VIIRS DNB,nW/cm2/sr,2016,"{""type"":""MultiPoint"",""coordinates"":[]}"
30_00000000000000000004,BA03050040,,,,,,,14.10,14,3623.55847532,TASWIL5000020230907KABKOTA,Kepulauan Meranti,,0.294426091439,5.55830216947,4326,4,,,Kepulauan Meranti,Riau,,0,Bengkalis,,2016-07,0.17898634406168515,7,0.17898634406168515,VIIRS DNB,nW/cm2/sr,2016,"{""type"":""MultiPoint"",""coordinates"":[]}"
30_00000000000000000009,BA03050040,,,,,,,14.07,14,9068.45847884,TASWIL5000020230907KABKOTA,Rokan Hilir,,0.737081443501,6.32413452193,4326,4,,,Rokan Hilir,Riau,,0,Bengkalis,,2016-07,0.20150321549246175,7,0.20150321549246175,VIIRS DNB,nW/cm2/sr,2016,"{""type"":""MultiPoint"",""coordinates"":[]}"
30_0000000000000000000b,BA03050040,,,,,,,14.08,14,7805.53759098,TASWIL5000020230907KABKOTA,Siak,,0.634194327848,6.48953973447,4326,4,,,Siak,Riau,,0,Bengkalis,,2016-07,0.4994939011469666,7,0.4994939011469666,VIIRS DNB,nW/cm2/sr,2016,"{""type"":""MultiPoint"",""coordinates"":[]}"
30_00000000000000000007,BA03050040,,,,,,,14.09,14,5457.8626224,TASWIL5000020230907KABKOTA,Kuantan Singingi,,0.443419280545,4.11162115584,4326,4,,,Kuantan Singingi,Riau,,0,Indragiri hulu,,2016-07,0.1483287455929168,7,0.1483287455929168,VIIRS DNB,nW/cm2/sr,2016,"{""type"":""MultiPoint"",""coordinates"":[]}"
30_00000000000000000008,BA03050040,,,,,,,14.05,14,13262.1130957,TASWIL5000020230907KABKOTA,Pelalawan,,1.077443852,7.46682963302,4326,4,,,Pelalawan,Riau,,0,Kampar,,2016-07,0.20002022655667948,7,0.20002022655667948,VIIRS DNB,nW/cm2/sr,2016,"{""type"":""MultiPoint"",""coordinates"":[]}"
30_0000000000000000000a,BA03050040,,,,,,,14.06,14,7658.14908776,TASWIL5000020230907KABKOTA,Rokan Hulu,,0.622243411779,6.12306366434,4326,4,,,Rokan Hulu,Riau,,0,Kampar,,2016-07,0.16119855911672926,7,0.16119855911672926,VIIRS DNB,nW/cm2/sr,2016,"{""type"":""MultiPoint"",""coordinates"":[]}"
30_00000000000000000006,BA03050040,,,,,,,14.71,14,638.331320853,TASWIL5000020230907KABKOTA,Kota Pekanbaru,,0.0518609743118,1.42760792315,4326,5,,,Kota Pekanbaru,Riau,,0,,,2016-07,7.225988470254776,7,7.225988470254776,VIIRS DNB,nW/cm2/sr,2016,"{""type"":""MultiPoint"",""coordinates"":[]}"
30_00000000000000000005,BA03050040,,,,,,,14.72,14,2059.61276209,TASWIL5000020230907KABKOTA,Kota Dumai,,0.167408051519,2.69322296248,4326,5,,,Kota Dumai,Riau,,0,Bengkalis,,2016-07,0.6880590897965229,7,0.6880590897965229,VIIRS DNB,nW/cm2/sr,2016,"{""type"":""MultiPoint"",""coordinates"":[]}"
31_00000000000000000000,BA03050040,,,,,,,14.03,14,8616.35798018,TASWIL5000020230907KABKOTA,Bengkalis,,0.700215051782,7.82147949106,4326,4,,,Bengkalis,Riau,,0,,,2016-08,0.5115879676850603,8,0.5115879676850603,VIIRS DNB,nW/cm2/sr,2016,"{""type"":""MultiPoint"",""coordinates"":[]}"
31_00000000000000000001,BA03050040,,,,,,,14.04,14,13521.2628347,TASWIL5000020230907KABKOTA,Indragiri Hilir,,1.09851042149,7.37231237531,4326,4,,,Indragiri Hilir,Riau,,0,,,2016-08,0.30308924650992547,8,0.30308924650992547,VIIRS DNB,nW/cm2/sr,2016,"{""type"":""MultiPoint"",""coordinates"":[]}"
31_00000000000000000002,BA03050040,,,,,,,14.02,14,7871.84968405,TASWIL5000020230907KABKOTA,Indragiri Hulu,,0.63955084852,4.58568097253,4326,4,,,Indragiri Hulu,Riau,,0,,,2016-08,0.4141311894500581,8,0.4141311894500581,VIIRS DNB,nW/cm2/sr,2016,"{""type"":""MultiPoint"",""coordinates"":[]}"
31_00000000000000000003,BA03050040,,,,,,,14.01,14,10352.8025325,TASWIL5000020230907KABKOTA,Kampar,,0.841096503879,7.83544312369,4326,4,,,Kampar,Riau,,0,,,2016-08,0.5478413700719507,8,0.5478413700719507,VIIRS DNB,nW/cm2/sr,2016,"{""type"":""MultiPoint"",""coordinates"":[]}"
31_00000000000000000004,BA03050040,,,,,,,14.10,14,3623.55847532,TASWIL5000020230907KABKOTA,Kepulauan Meranti,,0.294426091439,5.55830216947,4326,4,,,Kepulauan Meranti,Riau,,0,Bengkalis,,2016-08,0.265739994902488,8,0.265739994902488,VIIRS DNB,nW/cm2/sr,2016,"{""type"":""MultiPoint"",""coordinates"":[]}"
31_00000000000000000009,BA03050040,,,,,,,14.07,14,9068.45847884,TASWIL5000020230907KABKOTA,Rokan Hilir,,0.737081443501,6.32413452193,4326,4,,,Rokan Hilir,Riau,,0,Bengkalis,,2016-08,0.24018775369843556,8,0.24018775369843556,VIIRS DNB,nW/cm2/sr,2016,"{""type"":""MultiPoint"",""coordinates"":[]}"
31_0000000000000000000b,BA03050040,,,,,,,14.08,14,7805.53759098,TASWIL5000020230907KABKOTA,Siak,,0.634194327848,6.48953973447,4326,4,,,Siak,Riau,,0,Bengkalis,,2016-08,0.6632223532789662,8,0.6632223532789662,VIIRS DNB,nW/cm2/sr,2016,"{""type"":""MultiPoint"",""coordinates"":[]}"
31_00000000000000000007,BA03050040,,,,,,,14.09,14,5457.8626224,TASWIL5000020230907KABKOTA,Kuantan Singingi,,0.443419280545,4.11162115584,4326,4,,,Kuantan Singingi,Riau,,0,Indragiri hulu,,2016-08,0.30063042034701576,8,0.30063042034701576,VIIRS DNB,nW/cm2/sr,2016,"{""type"":""MultiPoint"",""coordinates"":[]}"
31_00000000000000000008,BA03050040,,,,,,,14.05,14,13262.1130957,TASWIL5000020230907KABKOTA,Pelalawan,,1.077443852,7.46682963302,4326,4,,,Pelalawan,Riau,,0,Kampar,,2016-08,0.465773960581822,8,0.465773960581822,VIIRS DNB,nW/cm2/sr,2016,"{""type"":""MultiPoint"",""coordinates"":[]}"
31_0000000000000000000a,BA03050040,,,,,,,14.06,14,7658.14908776,TASWIL5000020230907KABKOTA,Rokan Hulu,,0.622243411779,6.12306366434,4326,4,,,Rokan Hulu,Riau,,0,Kampar,,2016-08,0.21118666723925428,8,0.21118666723925428,VIIRS DNB,nW/cm2/sr,2016,"{""type"":""MultiPoint"",""coordinates"":[]}"
31_00000000000000000006,BA03050040,,,,,,,14.71,14,638.331320853,TASWIL5000020230907KABKOTA,Kota Pekanbaru,,0.0518609743118,1.42760792315,4326,5,,,Kota Pekanbaru,Riau,,0,,,2016-08,7.089115817182626,8,7.089115817182626,VIIRS DNB,nW/cm2/sr,2016,"{""type"":""MultiPoint"",""coordinates"":[]}"
31_00000000000000000005,BA03050040,,,,,,,14.72,14,2059.61276209,TASWIL5000020230907KABKOTA,Kota Dumai,,0.167408051519,2.69322296248,4326,5,,,Kota Dumai,Riau,,0,Bengkalis,,2016-08,0.537781123883443,8,0.537781123883443,VIIRS DNB,nW/cm2/sr,2016,"{""type"":""MultiPoint"",""coordinates"":[]}"
32_00000000000000000000,BA03050040,,,,,,,14.03,14,8616.35798018,TASWIL5000020230907KABKOTA,Bengkalis,,0.700215051782,7.82147949106,4326,4,,,Bengkalis,Riau,,0,,,2016-09,0.2726000244638153,9,0.2726000244638153,VIIRS DNB,nW/cm2/sr,2016,"{""type"":""MultiPoint"",""coordinates"":[]}"
32_00000000000000000001,BA03050040,,,,,,,14.04,14,13521.2628347,TASWIL5000020230907KABKOTA,Indragiri Hilir,,1.09851042149,7.37231237531,4326,4,,,Indragiri Hilir,Riau,,0,,,2016-09,0.0482137821458161,9,0.0482137821458161,VIIRS DNB,nW/cm2/sr,2016,"{""type"":""MultiPoint"",""coordinates"":[]}"
32_00000000000000000002,BA03050040,,,,,,,14.02,14,7871.84968405,TASWIL5000020230907KABKOTA,Indragiri Hulu,,0.63955084852,4.58568097253,4326,4,,,Indragiri Hulu,Riau,,0,,,2016-09,0.09026183563811879,9,0.09026183563811879,VIIRS DNB,nW/cm2/sr,2016,"{""type"":""MultiPoint"",""coordinates"":[]}"
32_00000000000000000003,BA03050040,,,,,,,14.01,14,10352.8025325,TASWIL5000020230907KABKOTA,Kampar,,0.841096503879,7.83544312369,4326,4,,,Kampar,Riau,,0,,,2016-09,0.23097907167447798,9,0.23097907167447798,VIIRS DNB,nW/cm2/sr,2016,"{""type"":""MultiPoint"",""coordinates"":[]}"
32_00000000000000000004,BA03050040,,,,,,,14.10,14,3623.55847532,TASWIL5000020230907KABKOTA,Kepulauan Meranti,,0.294426091439,5.55830216947,4326,4,,,Kepulauan Meranti,Riau,,0,Bengkalis,,2016-09,0.042039540482513245,9,0.042039540482513245,VIIRS DNB,nW/cm2/sr,2016,"{""type"":""MultiPoint"",""coordinates"":[]}"
32_00000000000000000009,BA03050040,,,,,,,14.07,14,9068.45847884,TASWIL5000020230907KABKOTA,Rokan Hilir,,0.737081443501,6.32413452193,4326,4,,,Rokan Hilir,Riau,,0,Bengkalis,,2016-09,0.1318798433999254,9,0.1318798433999254,VIIRS DNB,nW/cm2/sr,2016,"{""type"":""MultiPoint"",""coordinates"":[]}"
32_0000000000000000000b,BA03050040,,,,,,,14.08,14,7805.53759098,TASWIL5000020230907KABKOTA,Siak,,0.634194327848,6.48953973447,4326,4,,,Siak,Riau,,0,Bengkalis,,2016-09,0.42910563230471804,9,0.42910563230471804,VIIRS DNB,nW/cm2/sr,2016,"{""type"":""MultiPoint"",""coordinates"":[]}"
32_00000000000000000007,BA03050040,,,,,,,14.09,14,5457.8626224,TASWIL5000020230907KABKOTA,Kuantan Singingi,,0.443419280545,4.11162115584,4326,4,,,Kuantan Singingi,Riau,,0,Indragiri hulu,,2016-09,0.0734984893997424,9,0.0734984893997424,VIIRS DNB,nW/cm2/sr,2016,"{""type"":""MultiPoint"",""coordinates"":[]}"
32_00000000000000000008,BA03050040,,,,,,,14.05,14,13262.1130957,TASWIL5000020230907KABKOTA,Pelalawan,,1.077443852,7.46682963302,4326,4,,,Pelalawan,Riau,,0,Kampar,,2016-09,0.08144695514679183,9,0.08144695514679183,VIIRS DNB,nW/cm2/sr,2016,"{""type"":""MultiPoint"",""coordinates"":[]}"
32_0000000000000000000a,BA03050040,,,,,,,14.06,14,7658.14908776,TASWIL5000020230907KABKOTA,Rokan Hulu,,0.622243411779,6.12306366434,4326,4,,,Rokan Hulu,Riau,,0,Kampar,,2016-09,0.1234912333452416,9,0.1234912333452416,VIIRS DNB,nW/cm2/sr,2016,"{""type"":""MultiPoint"",""coordinates"":[]}"
32_00000000000000000006,BA03050040,,,,,,,14.71,14,638.331320853,TASWIL5000020230907KABKOTA,Kota Pekanbaru,,0.0518609743118,1.42760792315,4326,5,,,Kota Pekanbaru,Riau,,0,,,2016-09,6.849469942242216,9,6.849469942242216,VIIRS DNB,nW/cm2/sr,2016,"{""type"":""MultiPoint"",""coordinates"":[]}"
32_00000000000000000005,BA03050040,,,,,,,14.72,14,2059.61276209,TASWIL5000020230907KABKOTA,Kota Dumai,,0.167408051519,2.69322296248,4326,5,,,Kota Dumai,Riau,,0,Bengkalis,,2016-09,0.4709187468186899,9,0.4709187468186899,VIIRS DNB,nW/cm2/sr,2016,"{""type"":""MultiPoint"",""coordinates"":[]}"
33_00000000000000000000,BA03050040,,,,,,,14.03,14,8616.35798018,TASWIL5000020230907KABKOTA,Bengkalis,,0.700215051782,7.82147949106,4326,4,,,Bengkalis,Riau,,0,,,2016-10,0.32451902774528274,10,0.32451902774528274,VIIRS DNB,nW/cm2/sr,2016,"{""type"":""MultiPoint"",""coordinates"":[]}"
33_00000000000000000001,BA03050040,,,,,,,14.04,14,13521.2628347,TASWIL5000020230907KABKOTA,Indragiri Hilir,,1.09851042149,7.37231237531,4326,4,,,Indragiri Hilir,Riau,,0,,,2016-10,0.07418877685415114,10,0.07418877685415114,VIIRS DNB,nW/cm2/sr,2016,"{""type"":""MultiPoint"",""coordinates"":[]}"
33_00000000000000000002,BA03050040,,,,,,,14.02,14,7871.84968405,TASWIL5000020230907KABKOTA,Indragiri Hulu,,0.63955084852,4.58568097253,4326,4,,,Indragiri Hulu,Riau,,0,,,2016-10,0.09478913396185848,10,0.09478913396185848,VIIRS DNB,nW/cm2/sr,2016,"{""type"":""MultiPoint"",""coordinates"":[]}"
33_00000000000000000003,BA03050040,,,,,,,14.01,14,10352.8025325,TASWIL5000020230907KABKOTA,Kampar,,0.841096503879,7.83544312369,4326,4,,,Kampar,Riau,,0,,,2016-10,0.31377780972609,10,0.31377780972609,VIIRS DNB,nW/cm2/sr,2016,"{""type"":""MultiPoint"",""coordinates"":[]}"
33_00000000000000000004,BA03050040,,,,,,,14.10,14,3623.55847532,TASWIL5000020230907KABKOTA,Kepulauan Meranti,,0.294426091439,5.55830216947,4326,4,,,Kepulauan Meranti,Riau,,0,Bengkalis,,2016-10,0.056058999860392165,10,0.056058999860392165,VIIRS DNB,nW/cm2/sr,2016,"{""type"":""MultiPoint"",""coordinates"":[]}"
33_00000000000000000009,BA03050040,,,,,,,14.07,14,9068.45847884,TASWIL5000020230907KABKOTA,Rokan Hilir,,0.737081443501,6.32413452193,4326,4,,,Rokan Hilir,Riau,,0,Bengkalis,,2016-10,0.07042997559241912,10,0.07042997559241912,VIIRS DNB,nW/cm2/sr,2016,"{""type"":""MultiPoint"",""coordinates"":[]}"
33_0000000000000000000b,BA03050040,,,,,,,14.08,14,7805.53759098,TASWIL5000020230907KABKOTA,Siak,,0.634194327848,6.48953973447,4326,4,,,Siak,Riau,,0,Bengkalis,,2016-10,0.44453165539308825,10,0.44453165539308825,VIIRS DNB,nW/cm2/sr,2016,"{""type"":""MultiPoint"",""coordinates"":[]}"
33_00000000000000000007,BA03050040,,,,,,,14.09,14,5457.8626224,TASWIL5000020230907KABKOTA,Kuantan Singingi,,0.443419280545,4.11162115584,4326,4,,,Kuantan Singingi,Riau,,0,Indragiri hulu,,2016-10,0.1333392109756324,10,0.1333392109756324,VIIRS DNB,nW/cm2/sr,2016,"{""type"":""MultiPoint"",""coordinates"":[]}"
33_00000000000000000008,BA03050040,,,,,,,14.05,14,13262.1130957,TASWIL5000020230907KABKOTA,Pelalawan,,1.077443852,7.46682963302,4326,4,,,Pelalawan,Riau,,0,Kampar,,2016-10,0.20563847658594944,10,0.20563847658594944,VIIRS DNB,nW/cm2/sr,2016,"{""type"":""MultiPoint"",""coordinates"":[]}"
33_0000000000000000000a,BA03050040,,,,,,,14.06,14,7658.14908776,TASWIL5000020230907KABKOTA,Rokan Hulu,,0.622243411779,6.12306366434,4326,4,,,Rokan Hulu,Riau,,0,Kampar,,2016-10,0.1726620075989725,10,0.1726620075989725,VIIRS DNB,nW/cm2/sr,2016,"{""type"":""MultiPoint"",""coordinates"":[]}"
33_00000000000000000006,BA03050040,,,,,,,14.71,14,638.331320853,TASWIL5000020230907KABKOTA,Kota Pekanbaru,,0.0518609743118,1.42760792315,4326,5,,,Kota Pekanbaru,Riau,,0,,,2016-10,7.681619718274063,10,7.681619718274063,VIIRS DNB,nW/cm2/sr,2016,"{""type"":""MultiPoint"",""coordinates"":[]}"
33_00000000000000000005,BA03050040,,,,,,,14.72,14,2059.61276209,TASWIL5000020230907KABKOTA,Kota Dumai,,0.167408051519,2.69322296248,4326,5,,,Kota Dumai,Riau,,0,Bengkalis,,2016-10,0.17105500693747572,10,0.17105500693747572,VIIRS DNB,nW/cm2/sr,2016,"{""type"":""MultiPoint"",""coordinates"":[]}"
34_00000000000000000000,BA03050040,,,,,,,14.03,14,8616.35798018,TASWIL5000020230907KABKOTA,Bengkalis,,0.700215051782,7.82147949106,4326,4,,,Bengkalis,Riau,,0,,,2016-11,-0.002301003446180408,11,-0.002301003446180408,VIIRS DNB,nW/cm2/sr,2016,"{""type"":""MultiPoint"",""coordinates"":[]}"
34_00000000000000000001,BA03050040,,,,,,,14.04,14,13521.2628347,TASWIL5000020230907KABKOTA,Indragiri Hilir,,1.09851042149,7.37231237531,4326,4,,,Indragiri Hilir,Riau,,0,,,2016-11,-0.03482751260983982,11,-0.03482751260983982,VIIRS DNB,nW/cm2/sr,2016,"{""type"":""MultiPoint"",""coordinates"":[]}"
34_00000000000000000002,BA03050040,,,,,,,14.02,14,7871.84968405,TASWIL5000020230907KABKOTA,Indragiri Hulu,,0.63955084852,4.58568097253,4326,4,,,Indragiri Hulu,Riau,,0,,,2016-11,-0.0017098148837763373,11,-0.0017098148837763373,VIIRS DNB,nW/cm2/sr,2016,"{""type"":""MultiPoint"",""coordinates"":[]}"
34_00000000000000000003,BA03050040,,,,,,,14.01,14,10352.8025325,TASWIL5000020230907KABKOTA,Kampar,,0.841096503879,7.83544312369,4326,4,,,Kampar,Riau,,0,,,2016-11,-0.006101737148743262,11,-0.006101737148743262,VIIRS DNB,nW/cm2/sr,2016,"{""type"":""MultiPoint"",""coordinates"":[]}"
34_00000000000000000004,BA03050040,,,,,,,14.10,14,3623.55847532,TASWIL5000020230907KABKOTA,Kepulauan Meranti,,0.294426091439,5.55830216947,4326,4,,,Kepulauan Meranti,Riau,,0,Bengkalis,,2016-11,-0.014437602493049853,11,-0.014437602493049853,VIIRS DNB,nW/cm2/sr,2016,"{""type"":""MultiPoint"",""coordinates"":[]}"
34_00000000000000000009,BA03050040,,,,,,,14.07,14,9068.45847884,TASWIL5000020230907KABKOTA,Rokan Hilir,,0.737081443501,6.32413452193,4326,4,,,Rokan Hilir,Riau,,0,Bengkalis,,2016-11,-0.002914450145490988,11,-0.002914450145490988,VIIRS DNB,nW/cm2/sr,2016,"{""type"":""MultiPoint"",""coordinates"":[]}"
34_0000000000000000000b,BA03050040,,,,,,,14.08,14,7805.53759098,TASWIL5000020230907KABKOTA,Siak,,0.634194327848,6.48953973447,4326,4,,,Siak,Riau,,0,Bengkalis,,2016-11,-0.0023471611921274055,11,-0.0023471611921274055,VIIRS DNB,nW/cm2/sr,2016,"{""type"":""MultiPoint"",""coordinates"":[]}"
34_00000000000000000007,BA03050040,,,,,,,14.09,14,5457.8626224,TASWIL5000020230907KABKOTA,Kuantan Singingi,,0.443419280545,4.11162115584,4326,4,,,Kuantan Singingi,Riau,,0,Indragiri hulu,,2016-11,-0.005253759147153289,11,-0.005253759147153289,VIIRS DNB,nW/cm2/sr,2016,"{""type"":""MultiPoint"",""coordinates"":[]}"
34_00000000000000000008,BA03050040,,,,,,,14.05,14,13262.1130957,TASWIL5000020230907KABKOTA,Pelalawan,,1.077443852,7.46682963302,4326,4,,,Pelalawan,Riau,,0,Kampar,,2016-11,-0.010593769702387741,11,-0.010593769702387741,VIIRS DNB,nW/cm2/sr,2016,"{""type"":""MultiPoint"",""coordinates"":[]}"
34_0000000000000000000a,BA03050040,,,,,,,14.06,14,7658.14908776,TASWIL5000020230907KABKOTA,Rokan Hulu,,0.622243411779,6.12306366434,4326,4,,,Rokan Hulu,Riau,,0,Kampar,,2016-11,-1.1988716905565087E-4,11,-1.1988716905565087E-4,VIIRS DNB,nW/cm2/sr,2016,"{""type"":""MultiPoint"",""coordinates"":[]}"
34_00000000000000000006,BA03050040,,,,,,,14.71,14,638.331320853,TASWIL5000020230907KABKOTA,Kota Pekanbaru,,0.0518609743118,1.42760792315,4326,5,,,Kota Pekanbaru,Riau,,0,,,2016-11,0.0,11,0.0,VIIRS DNB,nW/cm2/sr,2016,"{""type"":""MultiPoint"",""coordinates"":[]}"
34_00000000000000000005,BA03050040,,,,,,,14.72,14,2059.61276209,TASWIL5000020230907KABKOTA,Kota Dumai,,0.167408051519,2.69322296248,4326,5,,,Kota Dumai,Riau,,0,Bengkalis,,2016-11,0.07338334318298972,11,0.07338334318298972,VIIRS DNB,nW/cm2/sr,2016,"{""type"":""MultiPoint"",""coordinates"":[]}"
35_00000000000000000000,BA03050040,,,,,,,14.03,14,8616.35798018,TASWIL5000020230907KABKOTA,Bengkalis,,0.700215051782,7.82147949106,4326,4,,,Bengkalis,Riau,,0,,,2016-12,0.31918390712115047,12,0.31918390712115047,VIIRS DNB,nW/cm2/sr,2016,"{""type"":""MultiPoint"",""coordinates"":[]}"
35_00000000000000000001,BA03050040,,,,,,,14.04,14,13521.2628347,TASWIL5000020230907KABKOTA,Indragiri Hilir,,1.09851042149,7.37231237531,4326,4,,,Indragiri Hilir,Riau,,0,,,2016-12,0.031004012312071,12,0.031004012312071,VIIRS DNB,nW/cm2/sr,2016,"{""type"":""MultiPoint"",""coordinates"":[]}"
35_00000000000000000002,BA03050040,,,,,,,14.02,14,7871.84968405,TASWIL5000020230907KABKOTA,Indragiri Hulu,,0.63955084852,4.58568097253,4326,4,,,Indragiri Hulu,Riau,,0,,,2016-12,0.12585232217452075,12,0.12585232217452075,VIIRS DNB,nW/cm2/sr,2016,"{""type"":""MultiPoint"",""coordinates"":[]}"
35_00000000000000000003,BA03050040,,,,,,,14.01,14,10352.8025325,TASWIL5000020230907KABKOTA,Kampar,,0.841096503879,7.83544312369,4326,4,,,Kampar,Riau,,0,,,2016-12,0.2425526502426398,12,0.2425526502426398,VIIRS DNB,nW/cm2/sr,2016,"{""type"":""MultiPoint"",""coordinates"":[]}"
35_00000000000000000004,BA03050040,,,,,,,14.10,14,3623.55847532,TASWIL5000020230907KABKOTA,Kepulauan Meranti,,0.294426091439,5.55830216947,4326,4,,,Kepulauan Meranti,Riau,,0,Bengkalis,,2016-12,0.06952371052347422,12,0.06952371052347422,VIIRS DNB,nW/cm2/sr,2016,"{""type"":""MultiPoint"",""coordinates"":[]}"
35_00000000000000000009,BA03050040,,,,,,,14.07,14,9068.45847884,TASWIL5000020230907KABKOTA,Rokan Hilir,,0.737081443501,6.32413452193,4326,4,,,Rokan Hilir,Riau,,0,Bengkalis,,2016-12,0.14930090692956421,12,0.14930090692956421,VIIRS DNB,nW/cm2/sr,2016,"{""type"":""MultiPoint"",""coordinates"":[]}"
35_0000000000000000000b,BA03050040,,,,,,,14.08,14,7805.53759098,TASWIL5000020230907KABKOTA,Siak,,0.634194327848,6.48953973447,4326,4,,,Siak,Riau,,0,Bengkalis,,2016-12,0.19211504957256054,12,0.19211504957256054,VIIRS DNB,nW/cm2/sr,2016,"{""type"":""MultiPoint"",""coordinates"":[]}"
35_00000000000000000007,BA03050040,,,,,,,14.09,14,5457.8626224,TASWIL5000020230907KABKOTA,Kuantan Singingi,,0.443419280545,4.11162115584,4326,4,,,Kuantan Singingi,Riau,,0,Indragiri hulu,,2016-12,0.13388252747987445,12,0.13388252747987445,VIIRS DNB,nW/cm2/sr,2016,"{""type"":""MultiPoint"",""coordinates"":[]}"
35_00000000000000000008,BA03050040,,,,,,,14.05,14,13262.1130957,TASWIL5000020230907KABKOTA,Pelalawan,,1.077443852,7.46682963302,4326,4,,,Pelalawan,Riau,,0,Kampar,,2016-12,0.06064942856756034,12,0.06064942856756034,VIIRS DNB,nW/cm2/sr,2016,"{""type"":""MultiPoint"",""coordinates"":[]}"
35_0000000000000000000a,BA03050040,,,,,,,14.06,14,7658.14908776,TASWIL5000020230907KABKOTA,Rokan Hulu,,0.622243411779,6.12306366434,4326,4,,,Rokan Hulu,Riau,,0,Kampar,,2016-12,0.023956263120829473,12,0.023956263120829473,VIIRS DNB,nW/cm2/sr,2016,"{""type"":""MultiPoint"",""coordinates"":[]}"
35_00000000000000000006,BA03050040,,,,,,,14.71,14,638.331320853,TASWIL5000020230907KABKOTA,Kota Pekanbaru,,0.0518609743118,1.42760792315,4326,5,,,Kota Pekanbaru,Riau,,0,,,2016-12,2.144770923638013,12,2.144770923638013,VIIRS DNB,nW/cm2/sr,2016,"{""type"":""MultiPoint"",""coordinates"":[]}"
35_00000000000000000005,BA03050040,,,,,,,14.72,14,2059.61276209,TASWIL5000020230907KABKOTA,Kota Dumai,,0.167408051519,2.69322296248,4326,5,,,Kota Dumai,Riau,,0,Bengkalis,,2016-12,0.3713701263085585,12,0.3713701263085585,VIIRS DNB,nW/cm2/sr,2016,"{""type"":""MultiPoint"",""coordinates"":[]}"
36_00000000000000000000,BA03050040,,,,,,,14.03,14,8616.35798018,TASWIL5000020230907KABKOTA,Bengkalis,,0.700215051782,7.82147949106,4326,4,,,Bengkalis,Riau,,0,,,2017-01,0.03078779608437541,1,0.03078779608437541,VIIRS DNB,nW/cm2/sr,2017,"{""type"":""MultiPoint"",""coordinates"":[]}"
36_00000000000000000001,BA03050040,,,,,,,14.04,14,13521.2628347,TASWIL5000020230907KABKOTA,Indragiri Hilir,,1.09851042149,7.37231237531,4326,4,,,Indragiri Hilir,Riau,,0,,,2017-01,0.046191652313977025,1,0.046191652313977025,VIIRS DNB,nW/cm2/sr,2017,"{""type"":""MultiPoint"",""coordinates"":[]}"
36_00000000000000000002,BA03050040,,,,,,,14.02,14,7871.84968405,TASWIL5000020230907KABKOTA,Indragiri Hulu,,0.63955084852,4.58568097253,4326,4,,,Indragiri Hulu,Riau,,0,,,2017-01,0.11148045215986396,1,0.11148045215986396,VIIRS DNB,nW/cm2/sr,2017,"{""type"":""MultiPoint"",""coordinates"":[]}"
36_00000000000000000003,BA03050040,,,,,,,14.01,14,10352.8025325,TASWIL5000020230907KABKOTA,Kampar,,0.841096503879,7.83544312369,4326,4,,,Kampar,Riau,,0,,,2017-01,0.02270045723190232,1,0.02270045723190232,VIIRS DNB,nW/cm2/sr,2017,"{""type"":""MultiPoint"",""coordinates"":[]}"
36_00000000000000000004,BA03050040,,,,,,,14.10,14,3623.55847532,TASWIL5000020230907KABKOTA,Kepulauan Meranti,,0.294426091439,5.55830216947,4326,4,,,Kepulauan Meranti,Riau,,0,Bengkalis,,2017-01,-0.020999043993821565,1,-0.020999043993821565,VIIRS DNB,nW/cm2/sr,2017,"{""type"":""MultiPoint"",""coordinates"":[]}"
36_00000000000000000009,BA03050040,,,,,,,14.07,14,9068.45847884,TASWIL5000020230907KABKOTA,Rokan Hilir,,0.737081443501,6.32413452193,4326,4,,,Rokan Hilir,Riau,,0,Bengkalis,,2017-01,0.011638407428368587,1,0.011638407428368587,VIIRS DNB,nW/cm2/sr,2017,"{""type"":""MultiPoint"",""coordinates"":[]}"
36_0000000000000000000b,BA03050040,,,,,,,14.08,14,7805.53759098,TASWIL5000020230907KABKOTA,Siak,,0.634194327848,6.48953973447,4326,4,,,Siak,Riau,,0,Bengkalis,,2017-01,0.05453574439627745,1,0.05453574439627745,VIIRS DNB,nW/cm2/sr,2017,"{""type"":""MultiPoint"",""coordinates"":[]}"
36_00000000000000000007,BA03050040,,,,,,,14.09,14,5457.8626224,TASWIL5000020230907KABKOTA,Kuantan Singingi,,0.443419280545,4.11162115584,4326,4,,,Kuantan Singingi,Riau,,0,Indragiri hulu,,2017-01,0.01888268486696138,1,0.01888268486696138,VIIRS DNB,nW/cm2/sr,2017,"{""type"":""MultiPoint"",""coordinates"":[]}"
36_00000000000000000008,BA03050040,,,,,,,14.05,14,13262.1130957,TASWIL5000020230907KABKOTA,Pelalawan,,1.077443852,7.46682963302,4326,4,,,Pelalawan,Riau,,0,Kampar,,2017-01,0.017461716564696323,1,0.017461716564696323,VIIRS DNB,nW/cm2/sr,2017,"{""type"":""MultiPoint"",""coordinates"":[]}"
36_0000000000000000000a,BA03050040,,,,,,,14.06,14,7658.14908776,TASWIL5000020230907KABKOTA,Rokan Hulu,,0.622243411779,6.12306366434,4326,4,,,Rokan Hulu,Riau,,0,Kampar,,2017-01,0.033622236324230864,1,0.033622236324230864,VIIRS DNB,nW/cm2/sr,2017,"{""type"":""MultiPoint"",""coordinates"":[]}"
36_00000000000000000006,BA03050040,,,,,,,14.71,14,638.331320853,TASWIL5000020230907KABKOTA,Kota Pekanbaru,,0.0518609743118,1.42760792315,4326,5,,,Kota Pekanbaru,Riau,,0,,,2017-01,0.19999116283642832,1,0.19999116283642832,VIIRS DNB,nW/cm2/sr,2017,"{""type"":""MultiPoint"",""coordinates"":[]}"
36_00000000000000000005,BA03050040,,,,,,,14.72,14,2059.61276209,TASWIL5000020230907KABKOTA,Kota Dumai,,0.167408051519,2.69322296248,4326,5,,,Kota Dumai,Riau,,0,Bengkalis,,2017-01,0.3339389880111841,1,0.3339389880111841,VIIRS DNB,nW/cm2/sr,2017,"{""type"":""MultiPoint"",""coordinates"":[]}"
37_00000000000000000000,BA03050040,,,,,,,14.03,14,8616.35798018,TASWIL5000020230907KABKOTA,Bengkalis,,0.700215051782,7.82147949106,4326,4,,,Bengkalis,Riau,,0,,,2017-02,0.6135259277028129,2,0.6135259277028129,VIIRS DNB,nW/cm2/sr,2017,"{""type"":""MultiPoint"",""coordinates"":[]}"
37_00000000000000000001,BA03050040,,,,,,,14.04,14,13521.2628347,TASWIL5000020230907KABKOTA,Indragiri Hilir,,1.09851042149,7.37231237531,4326,4,,,Indragiri Hilir,Riau,,0,,,2017-02,0.1537384230206794,2,0.1537384230206794,VIIRS DNB,nW/cm2/sr,2017,"{""type"":""MultiPoint"",""coordinates"":[]}"
37_00000000000000000002,BA03050040,,,,,,,14.02,14,7871.84968405,TASWIL5000020230907KABKOTA,Indragiri Hulu,,0.63955084852,4.58568097253,4326,4,,,Indragiri Hulu,Riau,,0,,,2017-02,0.24574807981644367,2,0.24574807981644367,VIIRS DNB,nW/cm2/sr,2017,"{""type"":""MultiPoint"",""coordinates"":[]}"
37_00000000000000000003,BA03050040,,,,,,,14.01,14,10352.8025325,TASWIL5000020230907KABKOTA,Kampar,,0.841096503879,7.83544312369,4326,4,,,Kampar,Riau,,0,,,2017-02,0.35511900893868836,2,0.35511900893868836,VIIRS DNB,nW/cm2/sr,2017,"{""type"":""MultiPoint"",""coordinates"":[]}"
37_00000000000000000004,BA03050040,,,,,,,14.10,14,3623.55847532,TASWIL5000020230907KABKOTA,Kepulauan Meranti,,0.294426091439,5.55830216947,4326,4,,,Kepulauan Meranti,Riau,,0,Bengkalis,,2017-02,0.19836605419227796,2,0.19836605419227796,VIIRS DNB,nW/cm2/sr,2017,"{""type"":""MultiPoint"",""coordinates"":[]}"
37_00000000000000000009,BA03050040,,,,,,,14.07,14,9068.45847884,TASWIL5000020230907KABKOTA,Rokan Hilir,,0.737081443501,6.32413452193,4326,4,,,Rokan Hilir,Riau,,0,Bengkalis,,2017-02,0.4190866980744402,2,0.4190866980744402,VIIRS DNB,nW/cm2/sr,2017,"{""type"":""MultiPoint"",""coordinates"":[]}"
37_0000000000000000000b,BA03050040,,,,,,,14.08,14,7805.53759098,TASWIL5000020230907KABKOTA,Siak,,0.634194327848,6.48953973447,4326,4,,,Siak,Riau,,0,Bengkalis,,2017-02,0.5979182472298187,2,0.5979182472298187,VIIRS DNB,nW/cm2/sr,2017,"{""type"":""MultiPoint"",""coordinates"":[]}"
37_00000000000000000007,BA03050040,,,,,,,14.09,14,5457.8626224,TASWIL5000020230907KABKOTA,Kuantan Singingi,,0.443419280545,4.11162115584,4326,4,,,Kuantan Singingi,Riau,,0,Indragiri hulu,,2017-02,0.19064718503271688,2,0.19064718503271688,VIIRS DNB,nW/cm2/sr,2017,"{""type"":""MultiPoint"",""coordinates"":[]}"
37_00000000000000000008,BA03050040,,,,,,,14.05,14,13262.1130957,TASWIL5000020230907KABKOTA,Pelalawan,,1.077443852,7.46682963302,4326,4,,,Pelalawan,Riau,,0,Kampar,,2017-02,0.28626706659978374,2,0.28626706659978374,VIIRS DNB,nW/cm2/sr,2017,"{""type"":""MultiPoint"",""coordinates"":[]}"
37_0000000000000000000a,BA03050040,,,,,,,14.06,14,7658.14908776,TASWIL5000020230907KABKOTA,Rokan Hulu,,0.622243411779,6.12306366434,4326,4,,,Rokan Hulu,Riau,,0,Kampar,,2017-02,0.19616454379927642,2,0.19616454379927642,VIIRS DNB,nW/cm2/sr,2017,"{""type"":""MultiPoint"",""coordinates"":[]}"
37_00000000000000000006,BA03050040,,,,,,,14.71,14,638.331320853,TASWIL5000020230907KABKOTA,Kota Pekanbaru,,0.0518609743118,1.42760792315,4326,5,,,Kota Pekanbaru,Riau,,0,,,2017-02,7.9604765840031035,2,7.9604765840031035,VIIRS DNB,nW/cm2/sr,2017,"{""type"":""MultiPoint"",""coordinates"":[]}"
37_00000000000000000005,BA03050040,,,,,,,14.72,14,2059.61276209,TASWIL5000020230907KABKOTA,Kota Dumai,,0.167408051519,2.69322296248,4326,5,,,Kota Dumai,Riau,,0,Bengkalis,,2017-02,1.1851294771584455,2,1.1851294771584455,VIIRS DNB,nW/cm2/sr,2017,"{""type"":""MultiPoint"",""coordinates"":[]}"
38_00000000000000000000,BA03050040,,,,,,,14.03,14,8616.35798018,TASWIL5000020230907KABKOTA,Bengkalis,,0.700215051782,7.82147949106,4326,4,,,Bengkalis,Riau,,0,,,2017-03,0.5611445588728211,3,0.5611445588728211,VIIRS DNB,nW/cm2/sr,2017,"{""type"":""MultiPoint"",""coordinates"":[]}"
38_00000000000000000001,BA03050040,,,,,,,14.04,14,13521.2628347,TASWIL5000020230907KABKOTA,Indragiri Hilir,,1.09851042149,7.37231237531,4326,4,,,Indragiri Hilir,Riau,,0,,,2017-03,0.4841759114497436,3,0.4841759114497436,VIIRS DNB,nW/cm2/sr,2017,"{""type"":""MultiPoint"",""coordinates"":[]}"
38_00000000000000000002,BA03050040,,,,,,,14.02,14,7871.84968405,TASWIL5000020230907KABKOTA,Indragiri Hulu,,0.63955084852,4.58568097253,4326,4,,,Indragiri Hulu,Riau,,0,,,2017-03,0.5620300110240837,3,0.5620300110240837,VIIRS DNB,nW/cm2/sr,2017,"{""type"":""MultiPoint"",""coordinates"":[]}"
38_00000000000000000003,BA03050040,,,,,,,14.01,14,10352.8025325,TASWIL5000020230907KABKOTA,Kampar,,0.841096503879,7.83544312369,4326,4,,,Kampar,Riau,,0,,,2017-03,0.6113357178153183,3,0.6113357178153183,VIIRS DNB,nW/cm2/sr,2017,"{""type"":""MultiPoint"",""coordinates"":[]}"
38_00000000000000000004,BA03050040,,,,,,,14.10,14,3623.55847532,TASWIL5000020230907KABKOTA,Kepulauan Meranti,,0.294426091439,5.55830216947,4326,4,,,Kepulauan Meranti,Riau,,0,Bengkalis,,2017-03,0.47546323031748294,3,0.47546323031748294,VIIRS DNB,nW/cm2/sr,2017,"{""type"":""MultiPoint"",""coordinates"":[]}"
38_00000000000000000009,BA03050040,,,,,,,14.07,14,9068.45847884,TASWIL5000020230907KABKOTA,Rokan Hilir,,0.737081443501,6.32413452193,4326,4,,,Rokan Hilir,Riau,,0,Bengkalis,,2017-03,0.541158385733242,3,0.541158385733242,VIIRS DNB,nW/cm2/sr,2017,"{""type"":""MultiPoint"",""coordinates"":[]}"
38_0000000000000000000b,BA03050040,,,,,,,14.08,14,7805.53759098,TASWIL5000020230907KABKOTA,Siak,,0.634194327848,6.48953973447,4326,4,,,Siak,Riau,,0,Bengkalis,,2017-03,0.7773457002227235,3,0.7773457002227235,VIIRS DNB,nW/cm2/sr,2017,"{""type"":""MultiPoint"",""coordinates"":[]}"
38_00000000000000000007,BA03050040,,,,,,,14.09,14,5457.8626224,TASWIL5000020230907KABKOTA,Kuantan Singingi,,0.443419280545,4.11162115584,4326,4,,,Kuantan Singingi,Riau,,0,Indragiri hulu,,2017-03,0.4232557092759774,3,0.4232557092759774,VIIRS DNB,nW/cm2/sr,2017,"{""type"":""MultiPoint"",""coordinates"":[]}"
38_00000000000000000008,BA03050040,,,,,,,14.05,14,13262.1130957,TASWIL5000020230907KABKOTA,Pelalawan,,1.077443852,7.46682963302,4326,4,,,Pelalawan,Riau,,0,Kampar,,2017-03,0.5329366800263966,3,0.5329366800263966,VIIRS DNB,nW/cm2/sr,2017,"{""type"":""MultiPoint"",""coordinates"":[]}"
38_0000000000000000000a,BA03050040,,,,,,,14.06,14,7658.14908776,TASWIL5000020230907KABKOTA,Rokan Hulu,,0.622243411779,6.12306366434,4326,4,,,Rokan Hulu,Riau,,0,Kampar,,2017-03,0.40307199215130407,3,0.40307199215130407,VIIRS DNB,nW/cm2/sr,2017,"{""type"":""MultiPoint"",""coordinates"":[]}"
38_00000000000000000006,BA03050040,,,,,,,14.71,14,638.331320853,TASWIL5000020230907KABKOTA,Kota Pekanbaru,,0.0518609743118,1.42760792315,4326,5,,,Kota Pekanbaru,Riau,,0,,,2017-03,7.089097191671717,3,7.089097191671717,VIIRS DNB,nW/cm2/sr,2017,"{""type"":""MultiPoint"",""coordinates"":[]}"
38_00000000000000000005,BA03050040,,,,,,,14.72,14,2059.61276209,TASWIL5000020230907KABKOTA,Kota Dumai,,0.167408051519,2.69322296248,4326,5,,,Kota Dumai,Riau,,0,Bengkalis,,2017-03,1.059459257960536,3,1.059459257960536,VIIRS DNB,nW/cm2/sr,2017,"{""type"":""MultiPoint"",""coordinates"":[]}"
39_00000000000000000000,BA03050040,,,,,,,14.03,14,8616.35798018,TASWIL5000020230907KABKOTA,Bengkalis,,0.700215051782,7.82147949106,4326,4,,,Bengkalis,Riau,,0,,,2017-04,0.6604176455021408,4,0.6604176455021408,VIIRS DNB,nW/cm2/sr,2017,"{""type"":""MultiPoint"",""coordinates"":[]}"
39_00000000000000000001,BA03050040,,,,,,,14.04,14,13521.2628347,TASWIL5000020230907KABKOTA,Indragiri Hilir,,1.09851042149,7.37231237531,4326,4,,,Indragiri Hilir,Riau,,0,,,2017-04,0.3556834343203903,4,0.3556834343203903,VIIRS DNB,nW/cm2/sr,2017,"{""type"":""MultiPoint"",""coordinates"":[]}"
39_00000000000000000002,BA03050040,,,,,,,14.02,14,7871.84968405,TASWIL5000020230907KABKOTA,Indragiri Hulu,,0.63955084852,4.58568097253,4326,4,,,Indragiri Hulu,Riau,,0,,,2017-04,0.4031983774135736,4,0.4031983774135736,VIIRS DNB,nW/cm2/sr,2017,"{""type"":""MultiPoint"",""coordinates"":[]}"
39_00000000000000000003,BA03050040,,,,,,,14.01,14,10352.8025325,TASWIL5000020230907KABKOTA,Kampar,,0.841096503879,7.83544312369,4326,4,,,Kampar,Riau,,0,,,2017-04,0.38093197866942263,4,0.38093197866942263,VIIRS DNB,nW/cm2/sr,2017,"{""type"":""MultiPoint"",""coordinates"":[]}"
39_00000000000000000004,BA03050040,,,,,,,14.10,14,3623.55847532,TASWIL5000020230907KABKOTA,Kepulauan Meranti,,0.294426091439,5.55830216947,4326,4,,,Kepulauan Meranti,Riau,,0,Bengkalis,,2017-04,0.38298749972335255,4,0.38298749972335255,VIIRS DNB,nW/cm2/sr,2017,"{""type"":""MultiPoint"",""coordinates"":[]}"
39_00000000000000000009,BA03050040,,,,,,,14.07,14,9068.45847884,TASWIL5000020230907KABKOTA,Rokan Hilir,,0.737081443501,6.32413452193,4326,4,,,Rokan Hilir,Riau,,0,Bengkalis,,2017-04,0.43595508714647907,4,0.43595508714647907,VIIRS DNB,nW/cm2/sr,2017,"{""type"":""MultiPoint"",""coordinates"":[]}"
39_0000000000000000000b,BA03050040,,,,,,,14.08,14,7805.53759098,TASWIL5000020230907KABKOTA,Siak,,0.634194327848,6.48953973447,4326,4,,,Siak,Riau,,0,Bengkalis,,2017-04,0.8508950534587267,4,0.8508950534587267,VIIRS DNB,nW/cm2/sr,2017,"{""type"":""MultiPoint"",""coordinates"":[]}"
39_00000000000000000007,BA03050040,,,,,,,14.09,14,5457.8626224,TASWIL5000020230907KABKOTA,Kuantan Singingi,,0.443419280545,4.11162115584,4326,4,,,Kuantan Singingi,Riau,,0,Indragiri hulu,,2017-04,0.2860445484200135,4,0.2860445484200135,VIIRS DNB,nW/cm2/sr,2017,"{""type"":""MultiPoint"",""coordinates"":[]}"
39_00000000000000000008,BA03050040,,,,,,,14.05,14,13262.1130957,TASWIL5000020230907KABKOTA,Pelalawan,,1.077443852,7.46682963302,4326,4,,,Pelalawan,Riau,,0,Kampar,,2017-04,0.40836372762676537,4,0.40836372762676537,VIIRS DNB,nW/cm2/sr,2017,"{""type"":""MultiPoint"",""coordinates"":[]}"
39_0000000000000000000a,BA03050040,,,,,,,14.06,14,7658.14908776,TASWIL5000020230907KABKOTA,Rokan Hulu,,0.622243411779,6.12306366434,4326,4,,,Rokan Hulu,Riau,,0,Kampar,,2017-04,0.3765685886590284,4,0.3765685886590284,VIIRS DNB,nW/cm2/sr,2017,"{""type"":""MultiPoint"",""coordinates"":[]}"
39_00000000000000000006,BA03050040,,,,,,,14.71,14,638.331320853,TASWIL5000020230907KABKOTA,Kota Pekanbaru,,0.0518609743118,1.42760792315,4326,5,,,Kota Pekanbaru,Riau,,0,,,2017-04,4.980459612630945,4,4.980459612630945,VIIRS DNB,nW/cm2/sr,2017,"{""type"":""MultiPoint"",""coordinates"":[]}"
39_00000000000000000005,BA03050040,,,,,,,14.72,14,2059.61276209,TASWIL5000020230907KABKOTA,Kota Dumai,,0.167408051519,2.69322296248,4326,5,,,Kota Dumai,Riau,,0,Bengkalis,,2017-04,1.0129457327787723,4,1.0129457327787723,VIIRS DNB,nW/cm2/sr,2017,"{""type"":""MultiPoint"",""coordinates"":[]}"
40_00000000000000000000,BA03050040,,,,,,,14.03,14,8616.35798018,TASWIL5000020230907KABKOTA,Bengkalis,,0.700215051782,7.82147949106,4326,4,,,Bengkalis,Riau,,0,,,2017-05,0.6376891790619384,5,0.6376891790619384,VIIRS DNB,nW/cm2/sr,2017,"{""type"":""MultiPoint"",""coordinates"":[]}"
40_00000000000000000001,BA03050040,,,,,,,14.04,14,13521.2628347,TASWIL5000020230907KABKOTA,Indragiri Hilir,,1.09851042149,7.37231237531,4326,4,,,Indragiri Hilir,Riau,,0,,,2017-05,0.3378508127097626,5,0.3378508127097626,VIIRS DNB,nW/cm2/sr,2017,"{""type"":""MultiPoint"",""coordinates"":[]}"
40_00000000000000000002,BA03050040,,,,,,,14.02,14,7871.84968405,TASWIL5000020230907KABKOTA,Indragiri Hulu,,0.63955084852,4.58568097253,4326,4,,,Indragiri Hulu,Riau,,0,,,2017-05,0.38783270424468547,5,0.38783270424468547,VIIRS DNB,nW/cm2/sr,2017,"{""type"":""MultiPoint"",""coordinates"":[]}"
40_00000000000000000003,BA03050040,,,,,,,14.01,14,10352.8025325,TASWIL5000020230907KABKOTA,Kampar,,0.841096503879,7.83544312369,4326,4,,,Kampar,Riau,,0,,,2017-05,0.5666023324917088,5,0.5666023324917088,VIIRS DNB,nW/cm2/sr,2017,"{""type"":""MultiPoint"",""coordinates"":[]}"
40_00000000000000000004,BA03050040,,,,,,,14.10,14,3623.55847532,TASWIL5000020230907KABKOTA,Kepulauan Meranti,,0.294426091439,5.55830216947,4326,4,,,Kepulauan Meranti,Riau,,0,Bengkalis,,2017-05,0.3659343024028821,5,0.3659343024028821,VIIRS DNB,nW/cm2/sr,2017,"{""type"":""MultiPoint"",""coordinates"":[]}"
40_00000000000000000009,BA03050040,,,,,,,14.07,14,9068.45847884,TASWIL5000020230907KABKOTA,Rokan Hilir,,0.737081443501,6.32413452193,4326,4,,,Rokan Hilir,Riau,,0,Bengkalis,,2017-05,0.37419482134390736,5,0.37419482134390736,VIIRS DNB,nW/cm2/sr,2017,"{""type"":""MultiPoint"",""coordinates"":[]}"
40_0000000000000000000b,BA03050040,,,,,,,14.08,14,7805.53759098,TASWIL5000020230907KABKOTA,Siak,,0.634194327848,6.48953973447,4326,4,,,Siak,Riau,,0,Bengkalis,,2017-05,0.7525659050542143,5,0.7525659050542143,VIIRS DNB,nW/cm2/sr,2017,"{""type"":""MultiPoint"",""coordinates"":[]}"
40_00000000000000000007,BA03050040,,,,,,,14.09,14,5457.8626224,TASWIL5000020230907KABKOTA,Kuantan Singingi,,0.443419280545,4.11162115584,4326,4,,,Kuantan Singingi,Riau,,0,Indragiri hulu,,2017-05,0.37940418770699935,5,0.37940418770699935,VIIRS DNB,nW/cm2/sr,2017,"{""type"":""MultiPoint"",""coordinates"":[]}"
40_00000000000000000008,BA03050040,,,,,,,14.05,14,13262.1130957,TASWIL5000020230907KABKOTA,Pelalawan,,1.077443852,7.46682963302,4326,4,,,Pelalawan,Riau,,0,Kampar,,2017-05,0.4161259825681746,5,0.4161259825681746,VIIRS DNB,nW/cm2/sr,2017,"{""type"":""MultiPoint"",""coordinates"":[]}"
40_0000000000000000000a,BA03050040,,,,,,,14.06,14,7658.14908776,TASWIL5000020230907KABKOTA,Rokan Hulu,,0.622243411779,6.12306366434,4326,4,,,Rokan Hulu,Riau,,0,Kampar,,2017-05,0.37398693748429623,5,0.37398693748429623,VIIRS DNB,nW/cm2/sr,2017,"{""type"":""MultiPoint"",""coordinates"":[]}"
40_00000000000000000006,BA03050040,,,,,,,14.71,14,638.331320853,TASWIL5000020230907KABKOTA,Kota Pekanbaru,,0.0518609743118,1.42760792315,4326,5,,,Kota Pekanbaru,Riau,,0,,,2017-05,7.220897552190113,5,7.220897552190113,VIIRS DNB,nW/cm2/sr,2017,"{""type"":""MultiPoint"",""coordinates"":[]}"
40_00000000000000000005,BA03050040,,,,,,,14.72,14,2059.61276209,TASWIL5000020230907KABKOTA,Kota Dumai,,0.167408051519,2.69322296248,4326,5,,,Kota Dumai,Riau,,0,Bengkalis,,2017-05,0.9166219172306104,5,0.9166219172306104,VIIRS DNB,nW/cm2/sr,2017,"{""type"":""MultiPoint"",""coordinates"":[]}"
41_00000000000000000000,BA03050040,,,,,,,14.03,14,8616.35798018,TASWIL5000020230907KABKOTA,Bengkalis,,0.700215051782,7.82147949106,4326,4,,,Bengkalis,Riau,,0,,,2017-06,0.5921872093046613,6,0.5921872093046613,VIIRS DNB,nW/cm2/sr,2017,"{""type"":""MultiPoint"",""coordinates"":[]}"
41_00000000000000000001,BA03050040,,,,,,,14.04,14,13521.2628347,TASWIL5000020230907KABKOTA,Indragiri Hilir,,1.09851042149,7.37231237531,4326,4,,,Indragiri Hilir,Riau,,0,,,2017-06,0.24580527204507988,6,0.24580527204507988,VIIRS DNB,nW/cm2/sr,2017,"{""type"":""MultiPoint"",""coordinates"":[]}"
41_00000000000000000002,BA03050040,,,,,,,14.02,14,7871.84968405,TASWIL5000020230907KABKOTA,Indragiri Hulu,,0.63955084852,4.58568097253,4326,4,,,Indragiri Hulu,Riau,,0,,,2017-06,0.24653813254798518,6,0.24653813254798518,VIIRS DNB,nW/cm2/sr,2017,"{""type"":""MultiPoint"",""coordinates"":[]}"
41_00000000000000000003,BA03050040,,,,,,,14.01,14,10352.8025325,TASWIL5000020230907KABKOTA,Kampar,,0.841096503879,7.83544312369,4326,4,,,Kampar,Riau,,0,,,2017-06,0.5015991132180051,6,0.5015991132180051,VIIRS DNB,nW/cm2/sr,2017,"{""type"":""MultiPoint"",""coordinates"":[]}"
41_00000000000000000004,BA03050040,,,,,,,14.10,14,3623.55847532,TASWIL5000020230907KABKOTA,Kepulauan Meranti,,0.294426091439,5.55830216947,4326,4,,,Kepulauan Meranti,Riau,,0,Bengkalis,,2017-06,0.31279338349407937,6,0.31279338349407937,VIIRS DNB,nW/cm2/sr,2017,"{""type"":""MultiPoint"",""coordinates"":[]}"
41_00000000000000000009,BA03050040,,,,,,,14.07,14,9068.45847884,TASWIL5000020230907KABKOTA,Rokan Hilir,,0.737081443501,6.32413452193,4326,4,,,Rokan Hilir,Riau,,0,Bengkalis,,2017-06,0.23224248707194453,6,0.23224248707194453,VIIRS DNB,nW/cm2/sr,2017,"{""type"":""MultiPoint"",""coordinates"":[]}"
41_0000000000000000000b,BA03050040,,,,,,,14.08,14,7805.53759098,TASWIL5000020230907KABKOTA,Siak,,0.634194327848,6.48953973447,4326,4,,,Siak,Riau,,0,Bengkalis,,2017-06,0.6230524737079672,6,0.6230524737079672,VIIRS DNB,nW/cm2/sr,2017,"{""type"":""MultiPoint"",""coordinates"":[]}"
41_00000000000000000007,BA03050040,,,,,,,14.09,14,5457.8626224,TASWIL5000020230907KABKOTA,Kuantan Singingi,,0.443419280545,4.11162115584,4326,4,,,Kuantan Singingi,Riau,,0,Indragiri hulu,,2017-06,0.2423183984887769,6,0.2423183984887769,VIIRS DNB,nW/cm2/sr,2017,"{""type"":""MultiPoint"",""coordinates"":[]}"
41_00000000000000000008,BA03050040,,,,,,,14.05,14,13262.1130957,TASWIL5000020230907KABKOTA,Pelalawan,,1.077443852,7.46682963302,4326,4,,,Pelalawan,Riau,,0,Kampar,,2017-06,0.2731218052127869,6,0.2731218052127869,VIIRS DNB,nW/cm2/sr,2017,"{""type"":""MultiPoint"",""coordinates"":[]}"
41_0000000000000000000a,BA03050040,,,,,,,14.06,14,7658.14908776,TASWIL5000020230907KABKOTA,Rokan Hulu,,0.622243411779,6.12306366434,4326,4,,,Rokan Hulu,Riau,,0,Kampar,,2017-06,0.245911145232836,6,0.245911145232836,VIIRS DNB,nW/cm2/sr,2017,"{""type"":""MultiPoint"",""coordinates"":[]}"
41_00000000000000000006,BA03050040,,,,,,,14.71,14,638.331320853,TASWIL5000020230907KABKOTA,Kota Pekanbaru,,0.0518609743118,1.42760792315,4326,5,,,Kota Pekanbaru,Riau,,0,,,2017-06,6.090120595924109,6,6.090120595924109,VIIRS DNB,nW/cm2/sr,2017,"{""type"":""MultiPoint"",""coordinates"":[]}"
41_00000000000000000005,BA03050040,,,,,,,14.72,14,2059.61276209,TASWIL5000020230907KABKOTA,Kota Dumai,,0.167408051519,2.69322296248,4326,5,,,Kota Dumai,Riau,,0,Bengkalis,,2017-06,0.7481541143824282,6,0.7481541143824282,VIIRS DNB,nW/cm2/sr,2017,"{""type"":""MultiPoint"",""coordinates"":[]}"
42_00000000000000000000,BA03050040,,,,,,,14.03,14,8616.35798018,TASWIL5000020230907KABKOTA,Bengkalis,,0.700215051782,7.82147949106,4326,4,,,Bengkalis,Riau,,0,,,2017-07,0.5435497160960139,7,0.5435497160960139,VIIRS DNB,nW/cm2/sr,2017,"{""type"":""MultiPoint"",""coordinates"":[]}"
42_00000000000000000001,BA03050040,,,,,,,14.04,14,13521.2628347,TASWIL5000020230907KABKOTA,Indragiri Hilir,,1.09851042149,7.37231237531,4326,4,,,Indragiri Hilir,Riau,,0,,,2017-07,0.14242282223080413,7,0.14242282223080413,VIIRS DNB,nW/cm2/sr,2017,"{""type"":""MultiPoint"",""coordinates"":[]}"
42_00000000000000000002,BA03050040,,,,,,,14.02,14,7871.84968405,TASWIL5000020230907KABKOTA,Indragiri Hulu,,0.63955084852,4.58568097253,4326,4,,,Indragiri Hulu,Riau,,0,,,2017-07,0.20283441221465237,7,0.20283441221465237,VIIRS DNB,nW/cm2/sr,2017,"{""type"":""MultiPoint"",""coordinates"":[]}"
42_00000000000000000003,BA03050040,,,,,,,14.01,14,10352.8025325,TASWIL5000020230907KABKOTA,Kampar,,0.841096503879,7.83544312369,4326,4,,,Kampar,Riau,,0,,,2017-07,0.40072990092730204,7,0.40072990092730204,VIIRS DNB,nW/cm2/sr,2017,"{""type"":""MultiPoint"",""coordinates"":[]}"
42_00000000000000000004,BA03050040,,,,,,,14.10,14,3623.55847532,TASWIL5000020230907KABKOTA,Kepulauan Meranti,,0.294426091439,5.55830216947,4326,4,,,Kepulauan Meranti,Riau,,0,Bengkalis,,2017-07,0.18934648530397744,7,0.18934648530397744,VIIRS DNB,nW/cm2/sr,2017,"{""type"":""MultiPoint"",""coordinates"":[]}"
42_00000000000000000009,BA03050040,,,,,,,14.07,14,9068.45847884,TASWIL5000020230907KABKOTA,Rokan Hilir,,0.737081443501,6.32413452193,4326,4,,,Rokan Hilir,Riau,,0,Bengkalis,,2017-07,0.25569212422035764,7,0.25569212422035764,VIIRS DNB,nW/cm2/sr,2017,"{""type"":""MultiPoint"",""coordinates"":[]}"
42_0000000000000000000b,BA03050040,,,,,,,14.08,14,7805.53759098,TASWIL5000020230907KABKOTA,Siak,,0.634194327848,6.48953973447,4326,4,,,Siak,Riau,,0,Bengkalis,,2017-07,0.5828867008062251,7,0.5828867008062251,VIIRS DNB,nW/cm2/sr,2017,"{""type"":""MultiPoint"",""coordinates"":[]}"
42_00000000000000000007,BA03050040,,,,,,,14.09,14,5457.8626224,TASWIL5000020230907KABKOTA,Kuantan Singingi,,0.443419280545,4.11162115584,4326,4,,,Kuantan Singingi,Riau,,0,Indragiri hulu,,2017-07,0.16565590086856308,7,0.16565590086856308,VIIRS DNB,nW/cm2/sr,2017,"{""type"":""MultiPoint"",""coordinates"":[]}"
42_00000000000000000008,BA03050040,,,,,,,14.05,14,13262.1130957,TASWIL5000020230907KABKOTA,Pelalawan,,1.077443852,7.46682963302,4326,4,,,Pelalawan,Riau,,0,Kampar,,2017-07,0.2164367440437728,7,0.2164367440437728,VIIRS DNB,nW/cm2/sr,2017,"{""type"":""MultiPoint"",""coordinates"":[]}"
42_0000000000000000000a,BA03050040,,,,,,,14.06,14,7658.14908776,TASWIL5000020230907KABKOTA,Rokan Hulu,,0.622243411779,6.12306366434,4326,4,,,Rokan Hulu,Riau,,0,Kampar,,2017-07,0.2147591653917547,7,0.2147591653917547,VIIRS DNB,nW/cm2/sr,2017,"{""type"":""MultiPoint"",""coordinates"":[]}"
42_00000000000000000006,BA03050040,,,,,,,14.71,14,638.331320853,TASWIL5000020230907KABKOTA,Kota Pekanbaru,,0.0518609743118,1.42760792315,4326,5,,,Kota Pekanbaru,Riau,,0,,,2017-07,7.195097541178557,7,7.195097541178557,VIIRS DNB,nW/cm2/sr,2017,"{""type"":""MultiPoint"",""coordinates"":[]}"
42_00000000000000000005,BA03050040,,,,,,,14.72,14,2059.61276209,TASWIL5000020230907KABKOTA,Kota Dumai,,0.167408051519,2.69322296248,4326,5,,,Kota Dumai,Riau,,0,Bengkalis,,2017-07,1.1326231224847187,7,1.1326231224847187,VIIRS DNB,nW/cm2/sr,2017,"{""type"":""MultiPoint"",""coordinates"":[]}"
43_00000000000000000000,BA03050040,,,,,,,14.03,14,8616.35798018,TASWIL5000020230907KABKOTA,Bengkalis,,0.700215051782,7.82147949106,4326,4,,,Bengkalis,Riau,,0,,,2017-08,0.509106988919037,8,0.509106988919037,VIIRS DNB,nW/cm2/sr,2017,"{""type"":""MultiPoint"",""coordinates"":[]}"
43_00000000000000000001,BA03050040,,,,,,,14.04,14,13521.2628347,TASWIL5000020230907KABKOTA,Indragiri Hilir,,1.09851042149,7.37231237531,4326,4,,,Indragiri Hilir,Riau,,0,,,2017-08,0.12938987317181455,8,0.12938987317181455,VIIRS DNB,nW/cm2/sr,2017,"{""type"":""MultiPoint"",""coordinates"":[]}"
43_00000000000000000002,BA03050040,,,,,,,14.02,14,7871.84968405,TASWIL5000020230907KABKOTA,Indragiri Hulu,,0.63955084852,4.58568097253,4326,4,,,Indragiri Hulu,Riau,,0,,,2017-08,0.20202075937661543,8,0.20202075937661543,VIIRS DNB,nW/cm2/sr,2017,"{""type"":""MultiPoint"",""coordinates"":[]}"
43_00000000000000000003,BA03050040,,,,,,,14.01,14,10352.8025325,TASWIL5000020230907KABKOTA,Kampar,,0.841096503879,7.83544312369,4326,4,,,Kampar,Riau,,0,,,2017-08,0.508250690444147,8,0.508250690444147,VIIRS DNB,nW/cm2/sr,2017,"{""type"":""MultiPoint"",""coordinates"":[]}"
43_00000000000000000004,BA03050040,,,,,,,14.10,14,3623.55847532,TASWIL5000020230907KABKOTA,Kepulauan Meranti,,0.294426091439,5.55830216947,4326,4,,,Kepulauan Meranti,Riau,,0,Bengkalis,,2017-08,0.1761441910850084,8,0.1761441910850084,VIIRS DNB,nW/cm2/sr,2017,"{""type"":""MultiPoint"",""coordinates"":[]}"
43_00000000000000000009,BA03050040,,,,,,,14.07,14,9068.45847884,TASWIL5000020230907KABKOTA,Rokan Hilir,,0.737081443501,6.32413452193,4326,4,,,Rokan Hilir,Riau,,0,Bengkalis,,2017-08,0.2873929008733821,8,0.2873929008733821,VIIRS DNB,nW/cm2/sr,2017,"{""type"":""MultiPoint"",""coordinates"":[]}"
43_0000000000000000000b,BA03050040,,,,,,,14.08,14,7805.53759098,TASWIL5000020230907KABKOTA,Siak,,0.634194327848,6.48953973447,4326,4,,,Siak,Riau,,0,Bengkalis,,2017-08,0.6589325010067877,8,0.6589325010067877,VIIRS DNB,nW/cm2/sr,2017,"{""type"":""MultiPoint"",""coordinates"":[]}"
43_00000000000000000007,BA03050040,,,,,,,14.09,14,5457.8626224,TASWIL5000020230907KABKOTA,Kuantan Singingi,,0.443419280545,4.11162115584,4326,4,,,Kuantan Singingi,Riau,,0,Indragiri hulu,,2017-08,0.19757022991146528,8,0.19757022991146528,VIIRS DNB,nW/cm2/sr,2017,"{""type"":""MultiPoint"",""coordinates"":[]}"
43_00000000000000000008,BA03050040,,,,,,,14.05,14,13262.1130957,TASWIL5000020230907KABKOTA,Pelalawan,,1.077443852,7.46682963302,4326,4,,,Pelalawan,Riau,,0,Kampar,,2017-08,0.22417440935402536,8,0.22417440935402536,VIIRS DNB,nW/cm2/sr,2017,"{""type"":""MultiPoint"",""coordinates"":[]}"
43_0000000000000000000a,BA03050040,,,,,,,14.06,14,7658.14908776,TASWIL5000020230907KABKOTA,Rokan Hulu,,0.622243411779,6.12306366434,4326,4,,,Rokan Hulu,Riau,,0,Kampar,,2017-08,0.21258483986571813,8,0.21258483986571813,VIIRS DNB,nW/cm2/sr,2017,"{""type"":""MultiPoint"",""coordinates"":[]}"
43_00000000000000000006,BA03050040,,,,,,,14.71,14,638.331320853,TASWIL5000020230907KABKOTA,Kota Pekanbaru,,0.0518609743118,1.42760792315,4326,5,,,Kota Pekanbaru,Riau,,0,,,2017-08,8.5149460070691,8,8.5149460070691,VIIRS DNB,nW/cm2/sr,2017,"{""type"":""MultiPoint"",""coordinates"":[]}"
43_00000000000000000005,BA03050040,,,,,,,14.72,14,2059.61276209,TASWIL5000020230907KABKOTA,Kota Dumai,,0.167408051519,2.69322296248,4326,5,,,Kota Dumai,Riau,,0,Bengkalis,,2017-08,0.9386129400882508,8,0.9386129400882508,VIIRS DNB,nW/cm2/sr,2017,"{""type"":""MultiPoint"",""coordinates"":[]}"
44_00000000000000000000,BA03050040,,,,,,,14.03,14,8616.35798018,TASWIL5000020230907KABKOTA,Bengkalis,,0.700215051782,7.82147949106,4326,4,,,Bengkalis,Riau,,0,,,2017-09,0.5790888323715051,9,0.5790888323715051,VIIRS DNB,nW/cm2/sr,2017,"{""type"":""MultiPoint"",""coordinates"":[]}"
44_00000000000000000001,BA03050040,,,,,,,14.04,14,13521.2628347,TASWIL5000020230907KABKOTA,Indragiri Hilir,,1.09851042149,7.37231237531,4326,4,,,Indragiri Hilir,Riau,,0,,,2017-09,0.24234527527069236,9,0.24234527527069236,VIIRS DNB,nW/cm2/sr,2017,"{""type"":""MultiPoint"",""coordinates"":[]}"
44_00000000000000000002,BA03050040,,,,,,,14.02,14,7871.84968405,TASWIL5000020230907KABKOTA,Indragiri Hulu,,0.63955084852,4.58568097253,4326,4,,,Indragiri Hulu,Riau,,0,,,2017-09,0.25484095170609977,9,0.25484095170609977,VIIRS DNB,nW/cm2/sr,2017,"{""type"":""MultiPoint"",""coordinates"":[]}"
44_00000000000000000003,BA03050040,,,,,,,14.01,14,10352.8025325,TASWIL5000020230907KABKOTA,Kampar,,0.841096503879,7.83544312369,4326,4,,,Kampar,Riau,,0,,,2017-09,0.36130867449914883,9,0.36130867449914883,VIIRS DNB,nW/cm2/sr,2017,"{""type"":""MultiPoint"",""coordinates"":[]}"
44_00000000000000000004,BA03050040,,,,,,,14.10,14,3623.55847532,TASWIL5000020230907KABKOTA,Kepulauan Meranti,,0.294426091439,5.55830216947,4326,4,,,Kepulauan Meranti,Riau,,0,Bengkalis,,2017-09,0.2842486447737605,9,0.2842486447737605,VIIRS DNB,nW/cm2/sr,2017,"{""type"":""MultiPoint"",""coordinates"":[]}"
44_00000000000000000009,BA03050040,,,,,,,14.07,14,9068.45847884,TASWIL5000020230907KABKOTA,Rokan Hilir,,0.737081443501,6.32413452193,4326,4,,,Rokan Hilir,Riau,,0,Bengkalis,,2017-09,0.31696040725850433,9,0.31696040725850433,VIIRS DNB,nW/cm2/sr,2017,"{""type"":""MultiPoint"",""coordinates"":[]}"
44_0000000000000000000b,BA03050040,,,,,,,14.08,14,7805.53759098,TASWIL5000020230907KABKOTA,Siak,,0.634194327848,6.48953973447,4326,4,,,Siak,Riau,,0,Bengkalis,,2017-09,0.6641848792456596,9,0.6641848792456596,VIIRS DNB,nW/cm2/sr,2017,"{""type"":""MultiPoint"",""coordinates"":[]}"
44_00000000000000000007,BA03050040,,,,,,,14.09,14,5457.8626224,TASWIL5000020230907KABKOTA,Kuantan Singingi,,0.443419280545,4.11162115584,4326,4,,,Kuantan Singingi,Riau,,0,Indragiri hulu,,2017-09,0.20259778624818173,9,0.20259778624818173,VIIRS DNB,nW/cm2/sr,2017,"{""type"":""MultiPoint"",""coordinates"":[]}"
44_00000000000000000008,BA03050040,,,,,,,14.05,14,13262.1130957,TASWIL5000020230907KABKOTA,Pelalawan,,1.077443852,7.46682963302,4326,4,,,Pelalawan,Riau,,0,Kampar,,2017-09,0.2956904029447189,9,0.2956904029447189,VIIRS DNB,nW/cm2/sr,2017,"{""type"":""MultiPoint"",""coordinates"":[]}"
44_0000000000000000000a,BA03050040,,,,,,,14.06,14,7658.14908776,TASWIL5000020230907KABKOTA,Rokan Hulu,,0.622243411779,6.12306366434,4326,4,,,Rokan Hulu,Riau,,0,Kampar,,2017-09,0.2928555972556204,9,0.2928555972556204,VIIRS DNB,nW/cm2/sr,2017,"{""type"":""MultiPoint"",""coordinates"":[]}"
44_00000000000000000006,BA03050040,,,,,,,14.71,14,638.331320853,TASWIL5000020230907KABKOTA,Kota Pekanbaru,,0.0518609743118,1.42760792315,4326,5,,,Kota Pekanbaru,Riau,,0,,,2017-09,7.030606829865494,9,7.030606829865494,VIIRS DNB,nW/cm2/sr,2017,"{""type"":""MultiPoint"",""coordinates"":[]}"
44_00000000000000000005,BA03050040,,,,,,,14.72,14,2059.61276209,TASWIL5000020230907KABKOTA,Kota Dumai,,0.167408051519,2.69322296248,4326,5,,,Kota Dumai,Riau,,0,Bengkalis,,2017-09,1.007897758444013,9,1.007897758444013,VIIRS DNB,nW/cm2/sr,2017,"{""type"":""MultiPoint"",""coordinates"":[]}"
45_00000000000000000000,BA03050040,,,,,,,14.03,14,8616.35798018,TASWIL5000020230907KABKOTA,Bengkalis,,0.700215051782,7.82147949106,4326,4,,,Bengkalis,Riau,,0,,,2017-10,0.4557027586155828,10,0.4557027586155828,VIIRS DNB,nW/cm2/sr,2017,"{""type"":""MultiPoint"",""coordinates"":[]}"
45_00000000000000000001,BA03050040,,,,,,,14.04,14,13521.2628347,TASWIL5000020230907KABKOTA,Indragiri Hilir,,1.09851042149,7.37231237531,4326,4,,,Indragiri Hilir,Riau,,0,,,2017-10,0.2586361595222361,10,0.2586361595222361,VIIRS DNB,nW/cm2/sr,2017,"{""type"":""MultiPoint"",""coordinates"":[]}"
45_00000000000000000002,BA03050040,,,,,,,14.02,14,7871.84968405,TASWIL5000020230907KABKOTA,Indragiri Hulu,,0.63955084852,4.58568097253,4326,4,,,Indragiri Hulu,Riau,,0,,,2017-10,0.31518035925700466,10,0.31518035925700466,VIIRS DNB,nW/cm2/sr,2017,"{""type"":""MultiPoint"",""coordinates"":[]}"
45_00000000000000000003,BA03050040,,,,,,,14.01,14,10352.8025325,TASWIL5000020230907KABKOTA,Kampar,,0.841096503879,7.83544312369,4326,4,,,Kampar,Riau,,0,,,2017-10,0.4639908842051822,10,0.4639908842051822,VIIRS DNB,nW/cm2/sr,2017,"{""type"":""MultiPoint"",""coordinates"":[]}"
45_00000000000000000004,BA03050040,,,,,,,14.10,14,3623.55847532,TASWIL5000020230907KABKOTA,Kepulauan Meranti,,0.294426091439,5.55830216947,4326,4,,,Kepulauan Meranti,Riau,,0,Bengkalis,,2017-10,0.30327508211021187,10,0.30327508211021187,VIIRS DNB,nW/cm2/sr,2017,"{""type"":""MultiPoint"",""coordinates"":[]}"
45_00000000000000000009,BA03050040,,,,,,,14.07,14,9068.45847884,TASWIL5000020230907KABKOTA,Rokan Hilir,,0.737081443501,6.32413452193,4326,4,,,Rokan Hilir,Riau,,0,Bengkalis,,2017-10,0.32502654454222923,10,0.32502654454222923,VIIRS DNB,nW/cm2/sr,2017,"{""type"":""MultiPoint"",""coordinates"":[]}"
45_0000000000000000000b,BA03050040,,,,,,,14.08,14,7805.53759098,TASWIL5000020230907KABKOTA,Siak,,0.634194327848,6.48953973447,4326,4,,,Siak,Riau,,0,Bengkalis,,2017-10,0.5672239186555696,10,0.5672239186555696,VIIRS DNB,nW/cm2/sr,2017,"{""type"":""MultiPoint"",""coordinates"":[]}"
45_00000000000000000007,BA03050040,,,,,,,14.09,14,5457.8626224,TASWIL5000020230907KABKOTA,Kuantan Singingi,,0.443419280545,4.11162115584,4326,4,,,Kuantan Singingi,Riau,,0,Indragiri hulu,,2017-10,0.31677422890023627,10,0.31677422890023627,VIIRS DNB,nW/cm2/sr,2017,"{""type"":""MultiPoint"",""coordinates"":[]}"
45_00000000000000000008,BA03050040,,,,,,,14.05,14,13262.1130957,TASWIL5000020230907KABKOTA,Pelalawan,,1.077443852,7.46682963302,4326,4,,,Pelalawan,Riau,,0,Kampar,,2017-10,0.315160226466072,10,0.315160226466072,VIIRS DNB,nW/cm2/sr,2017,"{""type"":""MultiPoint"",""coordinates"":[]}"
45_0000000000000000000a,BA03050040,,,,,,,14.06,14,7658.14908776,TASWIL5000020230907KABKOTA,Rokan Hulu,,0.622243411779,6.12306366434,4326,4,,,Rokan Hulu,Riau,,0,Kampar,,2017-10,0.30271252203106414,10,0.30271252203106414,VIIRS DNB,nW/cm2/sr,2017,"{""type"":""MultiPoint"",""coordinates"":[]}"
45_00000000000000000006,BA03050040,,,,,,,14.71,14,638.331320853,TASWIL5000020230907KABKOTA,Kota Pekanbaru,,0.0518609743118,1.42760792315,4326,5,,,Kota Pekanbaru,Riau,,0,,,2017-10,6.502015919137333,10,6.502015919137333,VIIRS DNB,nW/cm2/sr,2017,"{""type"":""MultiPoint"",""coordinates"":[]}"
45_00000000000000000005,BA03050040,,,,,,,14.72,14,2059.61276209,TASWIL5000020230907KABKOTA,Kota Dumai,,0.167408051519,2.69322296248,4326,5,,,Kota Dumai,Riau,,0,Bengkalis,,2017-10,0.8997369218475054,10,0.8997369218475054,VIIRS DNB,nW/cm2/sr,2017,"{""type"":""MultiPoint"",""coordinates"":[]}"
46_00000000000000000000,BA03050040,,,,,,,14.03,14,8616.35798018,TASWIL5000020230907KABKOTA,Bengkalis,,0.700215051782,7.82147949106,4326,4,,,Bengkalis,Riau,,0,,,2017-11,0.6179326165270197,11,0.6179326165270197,VIIRS DNB,nW/cm2/sr,2017,"{""type"":""MultiPoint"",""coordinates"":[]}"
46_00000000000000000001,BA03050040,,,,,,,14.04,14,13521.2628347,TASWIL5000020230907KABKOTA,Indragiri Hilir,,1.09851042149,7.37231237531,4326,4,,,Indragiri Hilir,Riau,,0,,,2017-11,0.20609882243743677,11,0.20609882243743677,VIIRS DNB,nW/cm2/sr,2017,"{""type"":""MultiPoint"",""coordinates"":[]}"
46_00000000000000000002,BA03050040,,,,,,,14.02,14,7871.84968405,TASWIL5000020230907KABKOTA,Indragiri Hulu,,0.63955084852,4.58568097253,4326,4,,,Indragiri Hulu,Riau,,0,,,2017-11,0.2627957555048316,11,0.2627957555048316,VIIRS DNB,nW/cm2/sr,2017,"{""type"":""MultiPoint"",""coordinates"":[]}"
46_00000000000000000003,BA03050040,,,,,,,14.01,14,10352.8025325,TASWIL5000020230907KABKOTA,Kampar,,0.841096503879,7.83544312369,4326,4,,,Kampar,Riau,,0,,,2017-11,0.6246687180596029,11,0.6246687180596029,VIIRS DNB,nW/cm2/sr,2017,"{""type"":""MultiPoint"",""coordinates"":[]}"
46_00000000000000000004,BA03050040,,,,,,,14.10,14,3623.55847532,TASWIL5000020230907KABKOTA,Kepulauan Meranti,,0.294426091439,5.55830216947,4326,4,,,Kepulauan Meranti,Riau,,0,Bengkalis,,2017-11,0.24403560643541836,11,0.24403560643541836,VIIRS DNB,nW/cm2/sr,2017,"{""type"":""MultiPoint"",""coordinates"":[]}"
46_00000000000000000009,BA03050040,,,,,,,14.07,14,9068.45847884,TASWIL5000020230907KABKOTA,Rokan Hilir,,0.737081443501,6.32413452193,4326,4,,,Rokan Hilir,Riau,,0,Bengkalis,,2017-11,0.3750037826762325,11,0.3750037826762325,VIIRS DNB,nW/cm2/sr,2017,"{""type"":""MultiPoint"",""coordinates"":[]}"
46_0000000000000000000b,BA03050040,,,,,,,14.08,14,7805.53759098,TASWIL5000020230907KABKOTA,Siak,,0.634194327848,6.48953973447,4326,4,,,Siak,Riau,,0,Bengkalis,,2017-11,0.6097378608373858,11,0.6097378608373858,VIIRS DNB,nW/cm2/sr,2017,"{""type"":""MultiPoint"",""coordinates"":[]}"
46_00000000000000000007,BA03050040,,,,,,,14.09,14,5457.8626224,TASWIL5000020230907KABKOTA,Kuantan Singingi,,0.443419280545,4.11162115584,4326,4,,,Kuantan Singingi,Riau,,0,Indragiri hulu,,2017-11,0.2315193551011467,11,0.2315193551011467,VIIRS DNB,nW/cm2/sr,2017,"{""type"":""MultiPoint"",""coordinates"":[]}"
46_00000000000000000008,BA03050040,,,,,,,14.05,14,13262.1130957,TASWIL5000020230907KABKOTA,Pelalawan,,1.077443852,7.46682963302,4326,4,,,Pelalawan,Riau,,0,Kampar,,2017-11,0.22394931274703675,11,0.22394931274703675,VIIRS DNB,nW/cm2/sr,2017,"{""type"":""MultiPoint"",""coordinates"":[]}"
46_0000000000000000000a,BA03050040,,,,,,,14.06,14,7658.14908776,TASWIL5000020230907KABKOTA,Rokan Hulu,,0.622243411779,6.12306366434,4326,4,,,Rokan Hulu,Riau,,0,Kampar,,2017-11,0.37576322536005446,11,0.37576322536005446,VIIRS DNB,nW/cm2/sr,2017,"{""type"":""MultiPoint"",""coordinates"":[]}"
46_00000000000000000006,BA03050040,,,,,,,14.71,14,638.331320853,TASWIL5000020230907KABKOTA,Kota Pekanbaru,,0.0518609743118,1.42760792315,4326,5,,,Kota Pekanbaru,Riau,,0,,,2017-11,8.256136585380812,11,8.256136585380812,VIIRS DNB,nW/cm2/sr,2017,"{""type"":""MultiPoint"",""coordinates"":[]}"
46_00000000000000000005,BA03050040,,,,,,,14.72,14,2059.61276209,TASWIL5000020230907KABKOTA,Kota Dumai,,0.167408051519,2.69322296248,4326,5,,,Kota Dumai,Riau,,0,Bengkalis,,2017-11,0.9381108384575533,11,0.9381108384575533,VIIRS DNB,nW/cm2/sr,2017,"{""type"":""MultiPoint"",""coordinates"":[]}"
47_00000000000000000000,BA03050040,,,,,,,14.03,14,8616.35798018,TASWIL5000020230907KABKOTA,Bengkalis,,0.700215051782,7.82147949106,4326,4,,,Bengkalis,Riau,,0,,,2017-12,0.4554488757714117,12,0.4554488757714117,VIIRS DNB,nW/cm2/sr,2017,"{""type"":""MultiPoint"",""coordinates"":[]}"
47_00000000000000000001,BA03050040,,,,,,,14.04,14,13521.2628347,TASWIL5000020230907KABKOTA,Indragiri Hilir,,1.09851042149,7.37231237531,4326,4,,,Indragiri Hilir,Riau,,0,,,2017-12,0.23157898223103696,12,0.23157898223103696,VIIRS DNB,nW/cm2/sr,2017,"{""type"":""MultiPoint"",""coordinates"":[]}"
47_00000000000000000002,BA03050040,,,,,,,14.02,14,7871.84968405,TASWIL5000020230907KABKOTA,Indragiri Hulu,,0.63955084852,4.58568097253,4326,4,,,Indragiri Hulu,Riau,,0,,,2017-12,0.35524224022132045,12,0.35524224022132045,VIIRS DNB,nW/cm2/sr,2017,"{""type"":""MultiPoint"",""coordinates"":[]}"
47_00000000000000000003,BA03050040,,,,,,,14.01,14,10352.8025325,TASWIL5000020230907KABKOTA,Kampar,,0.841096503879,7.83544312369,4326,4,,,Kampar,Riau,,0,,,2017-12,0.5302222491043393,12,0.5302222491043393,VIIRS DNB,nW/cm2/sr,2017,"{""type"":""MultiPoint"",""coordinates"":[]}"
47_00000000000000000004,BA03050040,,,,,,,14.10,14,3623.55847532,TASWIL5000020230907KABKOTA,Kepulauan Meranti,,0.294426091439,5.55830216947,4326,4,,,Kepulauan Meranti,Riau,,0,Bengkalis,,2017-12,0.24165343375518966,12,0.24165343375518966,VIIRS DNB,nW/cm2/sr,2017,"{""type"":""MultiPoint"",""coordinates"":[]}"
47_00000000000000000009,BA03050040,,,,,,,14.07,14,9068.45847884,TASWIL5000020230907KABKOTA,Rokan Hilir,,0.737081443501,6.32413452193,4326,4,,,Rokan Hilir,Riau,,0,Bengkalis,,2017-12,0.3080209102837672,12,0.3080209102837672,VIIRS DNB,nW/cm2/sr,2017,"{""type"":""MultiPoint"",""coordinates"":[]}"
47_0000000000000000000b,BA03050040,,,,,,,14.08,14,7805.53759098,TASWIL5000020230907KABKOTA,Siak,,0.634194327848,6.48953973447,4326,4,,,Siak,Riau,,0,Bengkalis,,2017-12,0.5648392647318148,12,0.5648392647318148,VIIRS DNB,nW/cm2/sr,2017,"{""type"":""MultiPoint"",""coordinates"":[]}"
47_00000000000000000007,BA03050040,,,,,,,14.09,14,5457.8626224,TASWIL5000020230907KABKOTA,Kuantan Singingi,,0.443419280545,4.11162115584,4326,4,,,Kuantan Singingi,Riau,,0,Indragiri hulu,,2017-12,0.2349441655065636,12,0.2349441655065636,VIIRS DNB,nW/cm2/sr,2017,"{""type"":""MultiPoint"",""coordinates"":[]}"
47_00000000000000000008,BA03050040,,,,,,,14.05,14,13262.1130957,TASWIL5000020230907KABKOTA,Pelalawan,,1.077443852,7.46682963302,4326,4,,,Pelalawan,Riau,,0,Kampar,,2017-12,0.3141857192879674,12,0.3141857192879674,VIIRS DNB,nW/cm2/sr,2017,"{""type"":""MultiPoint"",""coordinates"":[]}"
47_0000000000000000000a,BA03050040,,,,,,,14.06,14,7658.14908776,TASWIL5000020230907KABKOTA,Rokan Hulu,,0.622243411779,6.12306366434,4326,4,,,Rokan Hulu,Riau,,0,Kampar,,2017-12,0.21991443542692965,12,0.21991443542692965,VIIRS DNB,nW/cm2/sr,2017,"{""type"":""MultiPoint"",""coordinates"":[]}"
47_00000000000000000006,BA03050040,,,,,,,14.71,14,638.331320853,TASWIL5000020230907KABKOTA,Kota Pekanbaru,,0.0518609743118,1.42760792315,4326,5,,,Kota Pekanbaru,Riau,,0,,,2017-12,7.0238602829564725,12,7.0238602829564725,VIIRS DNB,nW/cm2/sr,2017,"{""type"":""MultiPoint"",""coordinates"":[]}"
47_00000000000000000005,BA03050040,,,,,,,14.72,14,2059.61276209,TASWIL5000020230907KABKOTA,Kota Dumai,,0.167408051519,2.69322296248,4326,5,,,Kota Dumai,Riau,,0,Bengkalis,,2017-12,0.7921386593344328,12,0.7921386593344328,VIIRS DNB,nW/cm2/sr,2017,"{""type"":""MultiPoint"",""coordinates"":[]}"
48_00000000000000000000,BA03050040,,,,,,,14.03,14,8616.35798018,TASWIL5000020230907KABKOTA,Bengkalis,,0.700215051782,7.82147949106,4326,4,,,Bengkalis,Riau,,0,,,2018-01,0.23917971994933895,1,0.23917971994933895,VIIRS DNB,nW/cm2/sr,2018,"{""type"":""MultiPoint"",""coordinates"":[]}"
48_00000000000000000001,BA03050040,,,,,,,14.04,14,13521.2628347,TASWIL5000020230907KABKOTA,Indragiri Hilir,,1.09851042149,7.37231237531,4326,4,,,Indragiri Hilir,Riau,,0,,,2018-01,0.02034720257762044,1,0.02034720257762044,VIIRS DNB,nW/cm2/sr,2018,"{""type"":""MultiPoint"",""coordinates"":[]}"
48_00000000000000000002,BA03050040,,,,,,,14.02,14,7871.84968405,TASWIL5000020230907KABKOTA,Indragiri Hulu,,0.63955084852,4.58568097253,4326,4,,,Indragiri Hulu,Riau,,0,,,2018-01,0.007474314776405414,1,0.007474314776405414,VIIRS DNB,nW/cm2/sr,2018,"{""type"":""MultiPoint"",""coordinates"":[]}"
48_00000000000000000003,BA03050040,,,,,,,14.01,14,10352.8025325,TASWIL5000020230907KABKOTA,Kampar,,0.841096503879,7.83544312369,4326,4,,,Kampar,Riau,,0,,,2018-01,0.2624164153516759,1,0.2624164153516759,VIIRS DNB,nW/cm2/sr,2018,"{""type"":""MultiPoint"",""coordinates"":[]}"
48_00000000000000000004,BA03050040,,,,,,,14.10,14,3623.55847532,TASWIL5000020230907KABKOTA,Kepulauan Meranti,,0.294426091439,5.55830216947,4326,4,,,Kepulauan Meranti,Riau,,0,Bengkalis,,2018-01,0.155777463154887,1,0.155777463154887,VIIRS DNB,nW/cm2/sr,2018,"{""type"":""MultiPoint"",""coordinates"":[]}"
48_00000000000000000009,BA03050040,,,,,,,14.07,14,9068.45847884,TASWIL5000020230907KABKOTA,Rokan Hilir,,0.737081443501,6.32413452193,4326,4,,,Rokan Hilir,Riau,,0,Bengkalis,,2018-01,0.059261600750789664,1,0.059261600750789664,VIIRS DNB,nW/cm2/sr,2018,"{""type"":""MultiPoint"",""coordinates"":[]}"
48_0000000000000000000b,BA03050040,,,,,,,14.08,14,7805.53759098,TASWIL5000020230907KABKOTA,Siak,,0.634194327848,6.48953973447,4326,4,,,Siak,Riau,,0,Bengkalis,,2018-01,0.5183622241792016,1,0.5183622241792016,VIIRS DNB,nW/cm2/sr,2018,"{""type"":""MultiPoint"",""coordinates"":[]}"
48_00000000000000000007,BA03050040,,,,,,,14.09,14,5457.8626224,TASWIL5000020230907KABKOTA,Kuantan Singingi,,0.443419280545,4.11162115584,4326,4,,,Kuantan Singingi,Riau,,0,Indragiri hulu,,2018-01,0.0014161270523924813,1,0.0014161270523924813,VIIRS DNB,nW/cm2/sr,2018,"{""type"":""MultiPoint"",""coordinates"":[]}"
48_00000000000000000008,BA03050040,,,,,,,14.05,14,13262.1130957,TASWIL5000020230907KABKOTA,Pelalawan,,1.077443852,7.46682963302,4326,4,,,Pelalawan,Riau,,0,Kampar,,2018-01,0.09415363097024518,1,0.09415363097024518,VIIRS DNB,nW/cm2/sr,2018,"{""type"":""MultiPoint"",""coordinates"":[]}"
48_0000000000000000000a,BA03050040,,,,,,,14.06,14,7658.14908776,TASWIL5000020230907KABKOTA,Rokan Hulu,,0.622243411779,6.12306366434,4326,4,,,Rokan Hulu,Riau,,0,Kampar,,2018-01,0.17083752936252447,1,0.17083752936252447,VIIRS DNB,nW/cm2/sr,2018,"{""type"":""MultiPoint"",""coordinates"":[]}"
48_00000000000000000006,BA03050040,,,,,,,14.71,14,638.331320853,TASWIL5000020230907KABKOTA,Kota Pekanbaru,,0.0518609743118,1.42760792315,4326,5,,,Kota Pekanbaru,Riau,,0,,,2018-01,2.3368347246051777,1,2.3368347246051777,VIIRS DNB,nW/cm2/sr,2018,"{""type"":""MultiPoint"",""coordinates"":[]}"
48_00000000000000000005,BA03050040,,,,,,,14.72,14,2059.61276209,TASWIL5000020230907KABKOTA,Kota Dumai,,0.167408051519,2.69322296248,4326,5,,,Kota Dumai,Riau,,0,Bengkalis,,2018-01,0.6261440854867288,1,0.6261440854867288,VIIRS DNB,nW/cm2/sr,2018,"{""type"":""MultiPoint"",""coordinates"":[]}"
49_00000000000000000000,BA03050040,,,,,,,14.03,14,8616.35798018,TASWIL5000020230907KABKOTA,Bengkalis,,0.700215051782,7.82147949106,4326,4,,,Bengkalis,Riau,,0,,,2018-02,0.4303838283112694,2,0.4303838283112694,VIIRS DNB,nW/cm2/sr,2018,"{""type"":""MultiPoint"",""coordinates"":[]}"
49_00000000000000000001,BA03050040,,,,,,,14.04,14,13521.2628347,TASWIL5000020230907KABKOTA,Indragiri Hilir,,1.09851042149,7.37231237531,4326,4,,,Indragiri Hilir,Riau,,0,,,2018-02,0.15215792068343215,2,0.15215792068343215,VIIRS DNB,nW/cm2/sr,2018,"{""type"":""MultiPoint"",""coordinates"":[]}"
49_00000000000000000002,BA03050040,,,,,,,14.02,14,7871.84968405,TASWIL5000020230907KABKOTA,Indragiri Hulu,,0.63955084852,4.58568097253,4326,4,,,Indragiri Hulu,Riau,,0,,,2018-02,0.2277489462310944,2,0.2277489462310944,VIIRS DNB,nW/cm2/sr,2018,"{""type"":""MultiPoint"",""coordinates"":[]}"
49_00000000000000000003,BA03050040,,,,,,,14.01,14,10352.8025325,TASWIL5000020230907KABKOTA,Kampar,,0.841096503879,7.83544312369,4326,4,,,Kampar,Riau,,0,,,2018-02,0.4529037893366691,2,0.4529037893366691,VIIRS DNB,nW/cm2/sr,2018,"{""type"":""MultiPoint"",""coordinates"":[]}"
49_00000000000000000004,BA03050040,,,,,,,14.10,14,3623.55847532,TASWIL5000020230907KABKOTA,Kepulauan Meranti,,0.294426091439,5.55830216947,4326,4,,,Kepulauan Meranti,Riau,,0,Bengkalis,,2018-02,0.19948453125146665,2,0.19948453125146665,VIIRS DNB,nW/cm2/sr,2018,"{""type"":""MultiPoint"",""coordinates"":[]}"
49_00000000000000000009,BA03050040,,,,,,,14.07,14,9068.45847884,TASWIL5000020230907KABKOTA,Rokan Hilir,,0.737081443501,6.32413452193,4326,4,,,Rokan Hilir,Riau,,0,Bengkalis,,2018-02,0.2584710367233456,2,0.2584710367233456,VIIRS DNB,nW/cm2/sr,2018,"{""type"":""MultiPoint"",""coordinates"":[]}"
49_0000000000000000000b,BA03050040,,,,,,,14.08,14,7805.53759098,TASWIL5000020230907KABKOTA,Siak,,0.634194327848,6.48953973447,4326,4,,,Siak,Riau,,0,Bengkalis,,2018-02,0.5195331598171214,2,0.5195331598171214,VIIRS DNB,nW/cm2/sr,2018,"{""type"":""MultiPoint"",""coordinates"":[]}"
49_00000000000000000007,BA03050040,,,,,,,14.09,14,5457.8626224,TASWIL5000020230907KABKOTA,Kuantan Singingi,,0.443419280545,4.11162115584,4326,4,,,Kuantan Singingi,Riau,,0,Indragiri hulu,,2018-02,0.1954222112518411,2,0.1954222112518411,VIIRS DNB,nW/cm2/sr,2018,"{""type"":""MultiPoint"",""coordinates"":[]}"
49_00000000000000000008,BA03050040,,,,,,,14.05,14,13262.1130957,TASWIL5000020230907KABKOTA,Pelalawan,,1.077443852,7.46682963302,4326,4,,,Pelalawan,Riau,,0,Kampar,,2018-02,0.23533353577357619,2,0.23533353577357619,VIIRS DNB,nW/cm2/sr,2018,"{""type"":""MultiPoint"",""coordinates"":[]}"
49_0000000000000000000a,BA03050040,,,,,,,14.06,14,7658.14908776,TASWIL5000020230907KABKOTA,Rokan Hulu,,0.622243411779,6.12306366434,4326,4,,,Rokan Hulu,Riau,,0,Kampar,,2018-02,0.20802874090485873,2,0.20802874090485873,VIIRS DNB,nW/cm2/sr,2018,"{""type"":""MultiPoint"",""coordinates"":[]}"
49_00000000000000000006,BA03050040,,,,,,,14.71,14,638.331320853,TASWIL5000020230907KABKOTA,Kota Pekanbaru,,0.0518609743118,1.42760792315,4326,5,,,Kota Pekanbaru,Riau,,0,,,2018-02,6.774037673033341,2,6.774037673033341,VIIRS DNB,nW/cm2/sr,2018,"{""type"":""MultiPoint"",""coordinates"":[]}"
49_00000000000000000005,BA03050040,,,,,,,14.72,14,2059.61276209,TASWIL5000020230907KABKOTA,Kota Dumai,,0.167408051519,2.69322296248,4326,5,,,Kota Dumai,Riau,,0,Bengkalis,,2018-02,0.7648064409470002,2,0.7648064409470002,VIIRS DNB,nW/cm2/sr,2018,"{""type"":""MultiPoint"",""coordinates"":[]}"
50_00000000000000000000,BA03050040,,,,,,,14.03,14,8616.35798018,TASWIL5000020230907KABKOTA,Bengkalis,,0.700215051782,7.82147949106,4326,4,,,Bengkalis,Riau,,0,,,2018-03,0.7446670762625885,3,0.7446670762625885,VIIRS DNB,nW/cm2/sr,2018,"{""type"":""MultiPoint"",""coordinates"":[]}"
50_00000000000000000001,BA03050040,,,,,,,14.04,14,13521.2628347,TASWIL5000020230907KABKOTA,Indragiri Hilir,,1.09851042149,7.37231237531,4326,4,,,Indragiri Hilir,Riau,,0,,,2018-03,0.34909778473894,3,0.34909778473894,VIIRS DNB,nW/cm2/sr,2018,"{""type"":""MultiPoint"",""coordinates"":[]}"
50_00000000000000000002,BA03050040,,,,,,,14.02,14,7871.84968405,TASWIL5000020230907KABKOTA,Indragiri Hulu,,0.63955084852,4.58568097253,4326,4,,,Indragiri Hulu,Riau,,0,,,2018-03,0.34235160239870455,3,0.34235160239870455,VIIRS DNB,nW/cm2/sr,2018,"{""type"":""MultiPoint"",""coordinates"":[]}"
50_00000000000000000003,BA03050040,,,,,,,14.01,14,10352.8025325,TASWIL5000020230907KABKOTA,Kampar,,0.841096503879,7.83544312369,4326,4,,,Kampar,Riau,,0,,,2018-03,0.5469994672599959,3,0.5469994672599959,VIIRS DNB,nW/cm2/sr,2018,"{""type"":""MultiPoint"",""coordinates"":[]}"
50_00000000000000000004,BA03050040,,,,,,,14.10,14,3623.55847532,TASWIL5000020230907KABKOTA,Kepulauan Meranti,,0.294426091439,5.55830216947,4326,4,,,Kepulauan Meranti,Riau,,0,Bengkalis,,2018-03,0.40711666301339283,3,0.40711666301339283,VIIRS DNB,nW/cm2/sr,2018,"{""type"":""MultiPoint"",""coordinates"":[]}"
50_00000000000000000009,BA03050040,,,,,,,14.07,14,9068.45847884,TASWIL5000020230907KABKOTA,Rokan Hilir,,0.737081443501,6.32413452193,4326,4,,,Rokan Hilir,Riau,,0,Bengkalis,,2018-03,0.4638594596464122,3,0.4638594596464122,VIIRS DNB,nW/cm2/sr,2018,"{""type"":""MultiPoint"",""coordinates"":[]}"
50_0000000000000000000b,BA03050040,,,,,,,14.08,14,7805.53759098,TASWIL5000020230907KABKOTA,Siak,,0.634194327848,6.48953973447,4326,4,,,Siak,Riau,,0,Bengkalis,,2018-03,0.6485376042120256,3,0.6485376042120256,VIIRS DNB,nW/cm2/sr,2018,"{""type"":""MultiPoint"",""coordinates"":[]}"
50_00000000000000000007,BA03050040,,,,,,,14.09,14,5457.8626224,TASWIL5000020230907KABKOTA,Kuantan Singingi,,0.443419280545,4.11162115584,4326,4,,,Kuantan Singingi,Riau,,0,Indragiri hulu,,2018-03,0.35396660975103467,3,0.35396660975103467,VIIRS DNB,nW/cm2/sr,2018,"{""type"":""MultiPoint"",""coordinates"":[]}"
50_00000000000000000008,BA03050040,,,,,,,14.05,14,13262.1130957,TASWIL5000020230907KABKOTA,Pelalawan,,1.077443852,7.46682963302,4326,4,,,Pelalawan,Riau,,0,Kampar,,2018-03,0.4259633279142307,3,0.4259633279142307,VIIRS DNB,nW/cm2/sr,2018,"{""type"":""MultiPoint"",""coordinates"":[]}"
50_0000000000000000000a,BA03050040,,,,,,,14.06,14,7658.14908776,TASWIL5000020230907KABKOTA,Rokan Hulu,,0.622243411779,6.12306366434,4326,4,,,Rokan Hulu,Riau,,0,Kampar,,2018-03,0.3686178170965668,3,0.3686178170965668,VIIRS DNB,nW/cm2/sr,2018,"{""type"":""MultiPoint"",""coordinates"":[]}"
50_00000000000000000006,BA03050040,,,,,,,14.71,14,638.331320853,TASWIL5000020230907KABKOTA,Kota Pekanbaru,,0.0518609743118,1.42760792315,4326,5,,,Kota Pekanbaru,Riau,,0,,,2018-03,6.6042557216600475,3,6.6042557216600475,VIIRS DNB,nW/cm2/sr,2018,"{""type"":""MultiPoint"",""coordinates"":[]}"
50_00000000000000000005,BA03050040,,,,,,,14.72,14,2059.61276209,TASWIL5000020230907KABKOTA,Kota Dumai,,0.167408051519,2.69322296248,4326,5,,,Kota Dumai,Riau,,0,Bengkalis,,2018-03,1.2282736291919092,3,1.2282736291919092,VIIRS DNB,nW/cm2/sr,2018,"{""type"":""MultiPoint"",""coordinates"":[]}"
51_00000000000000000000,BA03050040,,,,,,,14.03,14,8616.35798018,TASWIL5000020230907KABKOTA,Bengkalis,,0.700215051782,7.82147949106,4326,4,,,Bengkalis,Riau,,0,,,2018-04,0.6920116764954382,4,0.6920116764954382,VIIRS DNB,nW/cm2/sr,2018,"{""type"":""MultiPoint"",""coordinates"":[]}"
51_00000000000000000001,BA03050040,,,,,,,14.04,14,13521.2628347,TASWIL5000020230907KABKOTA,Indragiri Hilir,,1.09851042149,7.37231237531,4326,4,,,Indragiri Hilir,Riau,,0,,,2018-04,0.4734346582687774,4,0.4734346582687774,VIIRS DNB,nW/cm2/sr,2018,"{""type"":""MultiPoint"",""coordinates"":[]}"
51_00000000000000000002,BA03050040,,,,,,,14.02,14,7871.84968405,TASWIL5000020230907KABKOTA,Indragiri Hulu,,0.63955084852,4.58568097253,4326,4,,,Indragiri Hulu,Riau,,0,,,2018-04,0.3790882341347696,4,0.3790882341347696,VIIRS DNB,nW/cm2/sr,2018,"{""type"":""MultiPoint"",""coordinates"":[]}"
51_00000000000000000003,BA03050040,,,,,,,14.01,14,10352.8025325,TASWIL5000020230907KABKOTA,Kampar,,0.841096503879,7.83544312369,4326,4,,,Kampar,Riau,,0,,,2018-04,0.878563193129735,4,0.878563193129735,VIIRS DNB,nW/cm2/sr,2018,"{""type"":""MultiPoint"",""coordinates"":[]}"
51_00000000000000000004,BA03050040,,,,,,,14.10,14,3623.55847532,TASWIL5000020230907KABKOTA,Kepulauan Meranti,,0.294426091439,5.55830216947,4326,4,,,Kepulauan Meranti,Riau,,0,Bengkalis,,2018-04,0.4747221117020667,4,0.4747221117020667,VIIRS DNB,nW/cm2/sr,2018,"{""type"":""MultiPoint"",""coordinates"":[]}"
51_00000000000000000009,BA03050040,,,,,,,14.07,14,9068.45847884,TASWIL5000020230907KABKOTA,Rokan Hilir,,0.737081443501,6.32413452193,4326,4,,,Rokan Hilir,Riau,,0,Bengkalis,,2018-04,0.3728139621515435,4,0.3728139621515435,VIIRS DNB,nW/cm2/sr,2018,"{""type"":""MultiPoint"",""coordinates"":[]}"
51_0000000000000000000b,BA03050040,,,,,,,14.08,14,7805.53759098,TASWIL5000020230907KABKOTA,Siak,,0.634194327848,6.48953973447,4326,4,,,Siak,Riau,,0,Bengkalis,,2018-04,0.9266486715291717,4,0.9266486715291717,VIIRS DNB,nW/cm2/sr,2018,"{""type"":""MultiPoint"",""coordinates"":[]}"
51_00000000000000000007,BA03050040,,,,,,,14.09,14,5457.8626224,TASWIL5000020230907KABKOTA,Kuantan Singingi,,0.443419280545,4.11162115584,4326,4,,,Kuantan Singingi,Riau,,0,Indragiri hulu,,2018-04,0.634039014375475,4,0.634039014375475,VIIRS DNB,nW/cm2/sr,2018,"{""type"":""MultiPoint"",""coordinates"":[]}"
51_00000000000000000008,BA03050040,,,,,,,14.05,14,13262.1130957,TASWIL5000020230907KABKOTA,Pelalawan,,1.077443852,7.46682963302,4326,4,,,Pelalawan,Riau,,0,Kampar,,2018-04,0.6926260716892992,4,0.6926260716892992,VIIRS DNB,nW/cm2/sr,2018,"{""type"":""MultiPoint"",""coordinates"":[]}"
51_0000000000000000000a,BA03050040,,,,,,,14.06,14,7658.14908776,TASWIL5000020230907KABKOTA,Rokan Hulu,,0.622243411779,6.12306366434,4326,4,,,Rokan Hulu,Riau,,0,Kampar,,2018-04,0.6766788900328741,4,0.6766788900328741,VIIRS DNB,nW/cm2/sr,2018,"{""type"":""MultiPoint"",""coordinates"":[]}"
51_00000000000000000006,BA03050040,,,,,,,14.71,14,638.331320853,TASWIL5000020230907KABKOTA,Kota Pekanbaru,,0.0518609743118,1.42760792315,4326,5,,,Kota Pekanbaru,Riau,,0,,,2018-04,4.91916368468739,4,4.91916368468739,VIIRS DNB,nW/cm2/sr,2018,"{""type"":""MultiPoint"",""coordinates"":[]}"
51_00000000000000000005,BA03050040,,,,,,,14.72,14,2059.61276209,TASWIL5000020230907KABKOTA,Kota Dumai,,0.167408051519,2.69322296248,4326,5,,,Kota Dumai,Riau,,0,Bengkalis,,2018-04,0.7297830370965304,4,0.7297830370965304,VIIRS DNB,nW/cm2/sr,2018,"{""type"":""MultiPoint"",""coordinates"":[]}"
52_00000000000000000000,BA03050040,,,,,,,14.03,14,8616.35798018,TASWIL5000020230907KABKOTA,Bengkalis,,0.700215051782,7.82147949106,4326,4,,,Bengkalis,Riau,,0,,,2018-05,0.8901825404102932,5,0.8901825404102932,VIIRS DNB,nW/cm2/sr,2018,"{""type"":""MultiPoint"",""coordinates"":[]}"
52_00000000000000000001,BA03050040,,,,,,,14.04,14,13521.2628347,TASWIL5000020230907KABKOTA,Indragiri Hilir,,1.09851042149,7.37231237531,4326,4,,,Indragiri Hilir,Riau,,0,,,2018-05,0.3284030872314654,5,0.3284030872314654,VIIRS DNB,nW/cm2/sr,2018,"{""type"":""MultiPoint"",""coordinates"":[]}"
52_00000000000000000002,BA03050040,,,,,,,14.02,14,7871.84968405,TASWIL5000020230907KABKOTA,Indragiri Hulu,,0.63955084852,4.58568097253,4326,4,,,Indragiri Hulu,Riau,,0,,,2018-05,0.3709123034258156,5,0.3709123034258156,VIIRS DNB,nW/cm2/sr,2018,"{""type"":""MultiPoint"",""coordinates"":[]}"
52_00000000000000000003,BA03050040,,,,,,,14.01,14,10352.8025325,TASWIL5000020230907KABKOTA,Kampar,,0.841096503879,7.83544312369,4326,4,,,Kampar,Riau,,0,,,2018-05,0.6658577193004488,5,0.6658577193004488,VIIRS DNB,nW/cm2/sr,2018,"{""type"":""MultiPoint"",""coordinates"":[]}"
52_00000000000000000004,BA03050040,,,,,,,14.10,14,3623.55847532,TASWIL5000020230907KABKOTA,Kepulauan Meranti,,0.294426091439,5.55830216947,4326,4,,,Kepulauan Meranti,Riau,,0,Bengkalis,,2018-05,0.39657029276708733,5,0.39657029276708733,VIIRS DNB,nW/cm2/sr,2018,"{""type"":""MultiPoint"",""coordinates"":[]}"
52_00000000000000000009,BA03050040,,,,,,,14.07,14,9068.45847884,TASWIL5000020230907KABKOTA,Rokan Hilir,,0.737081443501,6.32413452193,4326,4,,,Rokan Hilir,Riau,,0,Bengkalis,,2018-05,0.4610618490585128,5,0.4610618490585128,VIIRS DNB,nW/cm2/sr,2018,"{""type"":""MultiPoint"",""coordinates"":[]}"
52_0000000000000000000b,BA03050040,,,,,,,14.08,14,7805.53759098,TASWIL5000020230907KABKOTA,Siak,,0.634194327848,6.48953973447,4326,4,,,Siak,Riau,,0,Bengkalis,,2018-05,0.756875054563198,5,0.756875054563198,VIIRS DNB,nW/cm2/sr,2018,"{""type"":""MultiPoint"",""coordinates"":[]}"
52_00000000000000000007,BA03050040,,,,,,,14.09,14,5457.8626224,TASWIL5000020230907KABKOTA,Kuantan Singingi,,0.443419280545,4.11162115584,4326,4,,,Kuantan Singingi,Riau,,0,Indragiri hulu,,2018-05,0.3455933134135808,5,0.3455933134135808,VIIRS DNB,nW/cm2/sr,2018,"{""type"":""MultiPoint"",""coordinates"":[]}"
52_00000000000000000008,BA03050040,,,,,,,14.05,14,13262.1130957,TASWIL5000020230907KABKOTA,Pelalawan,,1.077443852,7.46682963302,4326,4,,,Pelalawan,Riau,,0,Kampar,,2018-05,0.4036643790283848,5,0.4036643790283848,VIIRS DNB,nW/cm2/sr,2018,"{""type"":""MultiPoint"",""coordinates"":[]}"
52_0000000000000000000a,BA03050040,,,,,,,14.06,14,7658.14908776,TASWIL5000020230907KABKOTA,Rokan Hulu,,0.622243411779,6.12306366434,4326,4,,,Rokan Hulu,Riau,,0,Kampar,,2018-05,0.3912886051697372,5,0.3912886051697372,VIIRS DNB,nW/cm2/sr,2018,"{""type"":""MultiPoint"",""coordinates"":[]}"
52_00000000000000000006,BA03050040,,,,,,,14.71,14,638.331320853,TASWIL5000020230907KABKOTA,Kota Pekanbaru,,0.0518609743118,1.42760792315,4326,5,,,Kota Pekanbaru,Riau,,0,,,2018-05,8.56228765942144,5,8.56228765942144,VIIRS DNB,nW/cm2/sr,2018,"{""type"":""MultiPoint"",""coordinates"":[]}"
52_00000000000000000005,BA03050040,,,,,,,14.72,14,2059.61276209,TASWIL5000020230907KABKOTA,Kota Dumai,,0.167408051519,2.69322296248,4326,5,,,Kota Dumai,Riau,,0,Bengkalis,,2018-05,3.101640800708615,5,3.101640800708615,VIIRS DNB,nW/cm2/sr,2018,"{""type"":""MultiPoint"",""coordinates"":[]}"
53_00000000000000000000,BA03050040,,,,,,,14.03,14,8616.35798018,TASWIL5000020230907KABKOTA,Bengkalis,,0.700215051782,7.82147949106,4326,4,,,Bengkalis,Riau,,0,,,2018-06,0.4060015538491446,6,0.4060015538491446,VIIRS DNB,nW/cm2/sr,2018,"{""type"":""MultiPoint"",""coordinates"":[]}"
53_00000000000000000001,BA03050040,,,,,,,14.04,14,13521.2628347,TASWIL5000020230907KABKOTA,Indragiri Hilir,,1.09851042149,7.37231237531,4326,4,,,Indragiri Hilir,Riau,,0,,,2018-06,0.31202961654125594,6,0.31202961654125594,VIIRS DNB,nW/cm2/sr,2018,"{""type"":""MultiPoint"",""coordinates"":[]}"
53_00000000000000000002,BA03050040,,,,,,,14.02,14,7871.84968405,TASWIL5000020230907KABKOTA,Indragiri Hulu,,0.63955084852,4.58568097253,4326,4,,,Indragiri Hulu,Riau,,0,,,2018-06,0.31764638724440997,6,0.31764638724440997,VIIRS DNB,nW/cm2/sr,2018,"{""type"":""MultiPoint"",""coordinates"":[]}"
53_00000000000000000003,BA03050040,,,,,,,14.01,14,10352.8025325,TASWIL5000020230907KABKOTA,Kampar,,0.841096503879,7.83544312369,4326,4,,,Kampar,Riau,,0,,,2018-06,0.5456135283420496,6,0.5456135283420496,VIIRS DNB,nW/cm2/sr,2018,"{""type"":""MultiPoint"",""coordinates"":[]}"
53_00000000000000000004,BA03050040,,,,,,,14.10,14,3623.55847532,TASWIL5000020230907KABKOTA,Kepulauan Meranti,,0.294426091439,5.55830216947,4326,4,,,Kepulauan Meranti,Riau,,0,Bengkalis,,2018-06,0.41704285569571886,6,0.41704285569571886,VIIRS DNB,nW/cm2/sr,2018,"{""type"":""MultiPoint"",""coordinates"":[]}"
53_00000000000000000009,BA03050040,,,,,,,14.07,14,9068.45847884,TASWIL5000020230907KABKOTA,Rokan Hilir,,0.737081443501,6.32413452193,4326,4,,,Rokan Hilir,Riau,,0,Bengkalis,,2018-06,0.47896596314058487,6,0.47896596314058487,VIIRS DNB,nW/cm2/sr,2018,"{""type"":""MultiPoint"",""coordinates"":[]}"
53_0000000000000000000b,BA03050040,,,,,,,14.08,14,7805.53759098,TASWIL5000020230907KABKOTA,Siak,,0.634194327848,6.48953973447,4326,4,,,Siak,Riau,,0,Bengkalis,,2018-06,0.5038553729598657,6,0.5038553729598657,VIIRS DNB,nW/cm2/sr,2018,"{""type"":""MultiPoint"",""coordinates"":[]}"
53_00000000000000000007,BA03050040,,,,,,,14.09,14,5457.8626224,TASWIL5000020230907KABKOTA,Kuantan Singingi,,0.443419280545,4.11162115584,4326,4,,,Kuantan Singingi,Riau,,0,Indragiri hulu,,2018-06,0.3140227277368797,6,0.3140227277368797,VIIRS DNB,nW/cm2/sr,2018,"{""type"":""MultiPoint"",""coordinates"":[]}"
53_00000000000000000008,BA03050040,,,,,,,14.05,14,13262.1130957,TASWIL5000020230907KABKOTA,Pelalawan,,1.077443852,7.46682963302,4326,4,,,Pelalawan,Riau,,0,Kampar,,2018-06,0.2661882594703429,6,0.2661882594703429,VIIRS DNB,nW/cm2/sr,2018,"{""type"":""MultiPoint"",""coordinates"":[]}"
53_0000000000000000000a,BA03050040,,,,,,,14.06,14,7658.14908776,TASWIL5000020230907KABKOTA,Rokan Hulu,,0.622243411779,6.12306366434,4326,4,,,Rokan Hulu,Riau,,0,Kampar,,2018-06,0.3471926696669454,6,0.3471926696669454,VIIRS DNB,nW/cm2/sr,2018,"{""type"":""MultiPoint"",""coordinates"":[]}"
53_00000000000000000006,BA03050040,,,,,,,14.71,14,638.331320853,TASWIL5000020230907KABKOTA,Kota Pekanbaru,,0.0518609743118,1.42760792315,4326,5,,,Kota Pekanbaru,Riau,,0,,,2018-06,7.758130890116428,6,7.758130890116428,VIIRS DNB,nW/cm2/sr,2018,"{""type"":""MultiPoint"",""coordinates"":[]}"
53_00000000000000000005,BA03050040,,,,,,,14.72,14,2059.61276209,TASWIL5000020230907KABKOTA,Kota Dumai,,0.167408051519,2.69322296248,4326,5,,,Kota Dumai,Riau,,0,Bengkalis,,2018-06,1.7676011123991477,6,1.7676011123991477,VIIRS DNB,nW/cm2/sr,2018,"{""type"":""MultiPoint"",""coordinates"":[]}"
54_00000000000000000000,BA03050040,,,,,,,14.03,14,8616.35798018,TASWIL5000020230907KABKOTA,Bengkalis,,0.700215051782,7.82147949106,4326,4,,,Bengkalis,Riau,,0,,,2018-07,0.8765603168968994,7,0.8765603168968994,VIIRS DNB,nW/cm2/sr,2018,"{""type"":""MultiPoint"",""coordinates"":[]}"
54_00000000000000000001,BA03050040,,,,,,,14.04,14,13521.2628347,TASWIL5000020230907KABKOTA,Indragiri Hilir,,1.09851042149,7.37231237531,4326,4,,,Indragiri Hilir,Riau,,0,,,2018-07,0.3792465057177661,7,0.3792465057177661,VIIRS DNB,nW/cm2/sr,2018,"{""type"":""MultiPoint"",""coordinates"":[]}"
54_00000000000000000002,BA03050040,,,,,,,14.02,14,7871.84968405,TASWIL5000020230907KABKOTA,Indragiri Hulu,,0.63955084852,4.58568097253,4326,4,,,Indragiri Hulu,Riau,,0,,,2018-07,0.41999867916336053,7,0.41999867916336053,VIIRS DNB,nW/cm2/sr,2018,"{""type"":""MultiPoint"",""coordinates"":[]}"
54_00000000000000000003,BA03050040,,,,,,,14.01,14,10352.8025325,TASWIL5000020230907KABKOTA,Kampar,,0.841096503879,7.83544312369,4326,4,,,Kampar,Riau,,0,,,2018-07,0.6187738292146521,7,0.6187738292146521,VIIRS DNB,nW/cm2/sr,2018,"{""type"":""MultiPoint"",""coordinates"":[]}"
54_00000000000000000004,BA03050040,,,,,,,14.10,14,3623.55847532,TASWIL5000020230907KABKOTA,Kepulauan Meranti,,0.294426091439,5.55830216947,4326,4,,,Kepulauan Meranti,Riau,,0,Bengkalis,,2018-07,0.3833759765875669,7,0.3833759765875669,VIIRS DNB,nW/cm2/sr,2018,"{""type"":""MultiPoint"",""coordinates"":[]}"
54_00000000000000000009,BA03050040,,,,,,,14.07,14,9068.45847884,TASWIL5000020230907KABKOTA,Rokan Hilir,,0.737081443501,6.32413452193,4326,4,,,Rokan Hilir,Riau,,0,Bengkalis,,2018-07,0.4540494984763453,7,0.4540494984763453,VIIRS DNB,nW/cm2/sr,2018,"{""type"":""MultiPoint"",""coordinates"":[]}"
54_0000000000000000000b,BA03050040,,,,,,,14.08,14,7805.53759098,TASWIL5000020230907KABKOTA,Siak,,0.634194327848,6.48953973447,4326,4,,,Siak,Riau,,0,Bengkalis,,2018-07,0.6786511644746743,7,0.6786511644746743,VIIRS DNB,nW/cm2/sr,2018,"{""type"":""MultiPoint"",""coordinates"":[]}"
54_00000000000000000007,BA03050040,,,,,,,14.09,14,5457.8626224,TASWIL5000020230907KABKOTA,Kuantan Singingi,,0.443419280545,4.11162115584,4326,4,,,Kuantan Singingi,Riau,,0,Indragiri hulu,,2018-07,0.4207479063301225,7,0.4207479063301225,VIIRS DNB,nW/cm2/sr,2018,"{""type"":""MultiPoint"",""coordinates"":[]}"
54_00000000000000000008,BA03050040,,,,,,,14.05,14,13262.1130957,TASWIL5000020230907KABKOTA,Pelalawan,,1.077443852,7.46682963302,4326,4,,,Pelalawan,Riau,,0,Kampar,,2018-07,0.4171106302031012,7,0.4171106302031012,VIIRS DNB,nW/cm2/sr,2018,"{""type"":""MultiPoint"",""coordinates"":[]}"
54_0000000000000000000a,BA03050040,,,,,,,14.06,14,7658.14908776,TASWIL5000020230907KABKOTA,Rokan Hulu,,0.622243411779,6.12306366434,4326,4,,,Rokan Hulu,Riau,,0,Kampar,,2018-07,0.42571627702453796,7,0.42571627702453796,VIIRS DNB,nW/cm2/sr,2018,"{""type"":""MultiPoint"",""coordinates"":[]}"
54_00000000000000000006,BA03050040,,,,,,,14.71,14,638.331320853,TASWIL5000020230907KABKOTA,Kota Pekanbaru,,0.0518609743118,1.42760792315,4326,5,,,Kota Pekanbaru,Riau,,0,,,2018-07,6.651546511654712,7,6.651546511654712,VIIRS DNB,nW/cm2/sr,2018,"{""type"":""MultiPoint"",""coordinates"":[]}"
54_00000000000000000005,BA03050040,,,,,,,14.72,14,2059.61276209,TASWIL5000020230907KABKOTA,Kota Dumai,,0.167408051519,2.69322296248,4326,5,,,Kota Dumai,Riau,,0,Bengkalis,,2018-07,1.0536642176682365,7,1.0536642176682365,VIIRS DNB,nW/cm2/sr,2018,"{""type"":""MultiPoint"",""coordinates"":[]}"
55_00000000000000000000,BA03050040,,,,,,,14.03,14,8616.35798018,TASWIL5000020230907KABKOTA,Bengkalis,,0.700215051782,7.82147949106,4326,4,,,Bengkalis,Riau,,0,,,2018-08,0.7295868414338801,8,0.7295868414338801,VIIRS DNB,nW/cm2/sr,2018,"{""type"":""MultiPoint"",""coordinates"":[]}"
55_00000000000000000001,BA03050040,,,,,,,14.04,14,13521.2628347,TASWIL5000020230907KABKOTA,Indragiri Hilir,,1.09851042149,7.37231237531,4326,4,,,Indragiri Hilir,Riau,,0,,,2018-08,0.35038266403881857,8,0.35038266403881857,VIIRS DNB,nW/cm2/sr,2018,"{""type"":""MultiPoint"",""coordinates"":[]}"
55_00000000000000000002,BA03050040,,,,,,,14.02,14,7871.84968405,TASWIL5000020230907KABKOTA,Indragiri Hulu,,0.63955084852,4.58568097253,4326,4,,,Indragiri Hulu,Riau,,0,,,2018-08,0.3825704440403552,8,0.3825704440403552,VIIRS DNB,nW/cm2/sr,2018,"{""type"":""MultiPoint"",""coordinates"":[]}"
55_00000000000000000003,BA03050040,,,,,,,14.01,14,10352.8025325,TASWIL5000020230907KABKOTA,Kampar,,0.841096503879,7.83544312369,4326,4,,,Kampar,Riau,,0,,,2018-08,0.6475019705352143,8,0.6475019705352143,VIIRS DNB,nW/cm2/sr,2018,"{""type"":""MultiPoint"",""coordinates"":[]}"
55_00000000000000000004,BA03050040,,,,,,,14.10,14,3623.55847532,TASWIL5000020230907KABKOTA,Kepulauan Meranti,,0.294426091439,5.55830216947,4326,4,,,Kepulauan Meranti,Riau,,0,Bengkalis,,2018-08,0.3669822646381112,8,0.3669822646381112,VIIRS DNB,nW/cm2/sr,2018,"{""type"":""MultiPoint"",""coordinates"":[]}"
55_00000000000000000009,BA03050040,,,,,,,14.07,14,9068.45847884,TASWIL5000020230907KABKOTA,Rokan Hilir,,0.737081443501,6.32413452193,4326,4,,,Rokan Hilir,Riau,,0,Bengkalis,,2018-08,0.558986167304499,8,0.558986167304499,VIIRS DNB,nW/cm2/sr,2018,"{""type"":""MultiPoint"",""coordinates"":[]}"
55_0000000000000000000b,BA03050040,,,,,,,14.08,14,7805.53759098,TASWIL5000020230907KABKOTA,Siak,,0.634194327848,6.48953973447,4326,4,,,Siak,Riau,,0,Bengkalis,,2018-08,0.752304838746473,8,0.752304838746473,VIIRS DNB,nW/cm2/sr,2018,"{""type"":""MultiPoint"",""coordinates"":[]}"
55_00000000000000000007,BA03050040,,,,,,,14.09,14,5457.8626224,TASWIL5000020230907KABKOTA,Kuantan Singingi,,0.443419280545,4.11162115584,4326,4,,,Kuantan Singingi,Riau,,0,Indragiri hulu,,2018-08,0.3758148098253101,8,0.3758148098253101,VIIRS DNB,nW/cm2/sr,2018,"{""type"":""MultiPoint"",""coordinates"":[]}"
55_00000000000000000008,BA03050040,,,,,,,14.05,14,13262.1130957,TASWIL5000020230907KABKOTA,Pelalawan,,1.077443852,7.46682963302,4326,4,,,Pelalawan,Riau,,0,Kampar,,2018-08,0.43905504213118995,8,0.43905504213118995,VIIRS DNB,nW/cm2/sr,2018,"{""type"":""MultiPoint"",""coordinates"":[]}"
55_0000000000000000000a,BA03050040,,,,,,,14.06,14,7658.14908776,TASWIL5000020230907KABKOTA,Rokan Hulu,,0.622243411779,6.12306366434,4326,4,,,Rokan Hulu,Riau,,0,Kampar,,2018-08,0.4087663579278952,8,0.4087663579278952,VIIRS DNB,nW/cm2/sr,2018,"{""type"":""MultiPoint"",""coordinates"":[]}"
55_00000000000000000006,BA03050040,,,,,,,14.71,14,638.331320853,TASWIL5000020230907KABKOTA,Kota Pekanbaru,,0.0518609743118,1.42760792315,4326,5,,,Kota Pekanbaru,Riau,,0,,,2018-08,8.45703129275803,8,8.45703129275803,VIIRS DNB,nW/cm2/sr,2018,"{""type"":""MultiPoint"",""coordinates"":[]}"
55_00000000000000000005,BA03050040,,,,,,,14.72,14,2059.61276209,TASWIL5000020230907KABKOTA,Kota Dumai,,0.167408051519,2.69322296248,4326,5,,,Kota Dumai,Riau,,0,Bengkalis,,2018-08,1.366885294344959,8,1.366885294344959,VIIRS DNB,nW/cm2/sr,2018,"{""type"":""MultiPoint"",""coordinates"":[]}"
56_00000000000000000000,BA03050040,,,,,,,14.03,14,8616.35798018,TASWIL5000020230907KABKOTA,Bengkalis,,0.700215051782,7.82147949106,4326,4,,,Bengkalis,Riau,,0,,,2018-09,0.46109275280956763,9,0.46109275280956763,VIIRS DNB,nW/cm2/sr,2018,"{""type"":""MultiPoint"",""coordinates"":[]}"
56_00000000000000000001,BA03050040,,,,,,,14.04,14,13521.2628347,TASWIL5000020230907KABKOTA,Indragiri Hilir,,1.09851042149,7.37231237531,4326,4,,,Indragiri Hilir,Riau,,0,,,2018-09,0.3151668781508678,9,0.3151668781508678,VIIRS DNB,nW/cm2/sr,2018,"{""type"":""MultiPoint"",""coordinates"":[]}"
56_00000000000000000002,BA03050040,,,,,,,14.02,14,7871.84968405,TASWIL5000020230907KABKOTA,Indragiri Hulu,,0.63955084852,4.58568097253,4326,4,,,Indragiri Hulu,Riau,,0,,,2018-09,0.3524668472108552,9,0.3524668472108552,VIIRS DNB,nW/cm2/sr,2018,"{""type"":""MultiPoint"",""coordinates"":[]}"
56_00000000000000000003,BA03050040,,,,,,,14.01,14,10352.8025325,TASWIL5000020230907KABKOTA,Kampar,,0.841096503879,7.83544312369,4326,4,,,Kampar,Riau,,0,,,2018-09,0.5820161290805892,9,0.5820161290805892,VIIRS DNB,nW/cm2/sr,2018,"{""type"":""MultiPoint"",""coordinates"":[]}"
56_00000000000000000004,BA03050040,,,,,,,14.10,14,3623.55847532,TASWIL5000020230907KABKOTA,Kepulauan Meranti,,0.294426091439,5.55830216947,4326,4,,,Kepulauan Meranti,Riau,,0,Bengkalis,,2018-09,0.3473019665855985,9,0.3473019665855985,VIIRS DNB,nW/cm2/sr,2018,"{""type"":""MultiPoint"",""coordinates"":[]}"
56_00000000000000000009,BA03050040,,,,,,,14.07,14,9068.45847884,TASWIL5000020230907KABKOTA,Rokan Hilir,,0.737081443501,6.32413452193,4326,4,,,Rokan Hilir,Riau,,0,Bengkalis,,2018-09,0.1196326634900103,9,0.1196326634900103,VIIRS DNB,nW/cm2/sr,2018,"{""type"":""MultiPoint"",""coordinates"":[]}"
56_0000000000000000000b,BA03050040,,,,,,,14.08,14,7805.53759098,TASWIL5000020230907KABKOTA,Siak,,0.634194327848,6.48953973447,4326,4,,,Siak,Riau,,0,Bengkalis,,2018-09,0.5773314014320409,9,0.5773314014320409,VIIRS DNB,nW/cm2/sr,2018,"{""type"":""MultiPoint"",""coordinates"":[]}"
56_00000000000000000007,BA03050040,,,,,,,14.09,14,5457.8626224,TASWIL5000020230907KABKOTA,Kuantan Singingi,,0.443419280545,4.11162115584,4326,4,,,Kuantan Singingi,Riau,,0,Indragiri hulu,,2018-09,0.33882665222040936,9,0.33882665222040936,VIIRS DNB,nW/cm2/sr,2018,"{""type"":""MultiPoint"",""coordinates"":[]}"
56_00000000000000000008,BA03050040,,,,,,,14.05,14,13262.1130957,TASWIL5000020230907KABKOTA,Pelalawan,,1.077443852,7.46682963302,4326,4,,,Pelalawan,Riau,,0,Kampar,,2018-09,0.3373257390813673,9,0.3373257390813673,VIIRS DNB,nW/cm2/sr,2018,"{""type"":""MultiPoint"",""coordinates"":[]}"
56_0000000000000000000a,BA03050040,,,,,,,14.06,14,7658.14908776,TASWIL5000020230907KABKOTA,Rokan Hulu,,0.622243411779,6.12306366434,4326,4,,,Rokan Hulu,Riau,,0,Kampar,,2018-09,0.22447878498713902,9,0.22447878498713902,VIIRS DNB,nW/cm2/sr,2018,"{""type"":""MultiPoint"",""coordinates"":[]}"
56_00000000000000000006,BA03050040,,,,,,,14.71,14,638.331320853,TASWIL5000020230907KABKOTA,Kota Pekanbaru,,0.0518609743118,1.42760792315,4326,5,,,Kota Pekanbaru,Riau,,0,,,2018-09,7.037604123558851,9,7.037604123558851,VIIRS DNB,nW/cm2/sr,2018,"{""type"":""MultiPoint"",""coordinates"":[]}"
56_00000000000000000005,BA03050040,,,,,,,14.72,14,2059.61276209,TASWIL5000020230907KABKOTA,Kota Dumai,,0.167408051519,2.69322296248,4326,5,,,Kota Dumai,Riau,,0,Bengkalis,,2018-09,0.741435742943552,9,0.741435742943552,VIIRS DNB,nW/cm2/sr,2018,"{""type"":""MultiPoint"",""coordinates"":[]}"
57_00000000000000000000,BA03050040,,,,,,,14.03,14,8616.35798018,TASWIL5000020230907KABKOTA,Bengkalis,,0.700215051782,7.82147949106,4326,4,,,Bengkalis,Riau,,0,,,2018-10,0.17389247044510697,10,0.17389247044510697,VIIRS DNB,nW/cm2/sr,2018,"{""type"":""MultiPoint"",""coordinates"":[]}"
57_00000000000000000001,BA03050040,,,,,,,14.04,14,13521.2628347,TASWIL5000020230907KABKOTA,Indragiri Hilir,,1.09851042149,7.37231237531,4326,4,,,Indragiri Hilir,Riau,,0,,,2018-10,0.21305532646194464,10,0.21305532646194464,VIIRS DNB,nW/cm2/sr,2018,"{""type"":""MultiPoint"",""coordinates"":[]}"
57_00000000000000000002,BA03050040,,,,,,,14.02,14,7871.84968405,TASWIL5000020230907KABKOTA,Indragiri Hulu,,0.63955084852,4.58568097253,4326,4,,,Indragiri Hulu,Riau,,0,,,2018-10,0.26153293929121535,10,0.26153293929121535,VIIRS DNB,nW/cm2/sr,2018,"{""type"":""MultiPoint"",""coordinates"":[]}"
57_00000000000000000003,BA03050040,,,,,,,14.01,14,10352.8025325,TASWIL5000020230907KABKOTA,Kampar,,0.841096503879,7.83544312369,4326,4,,,Kampar,Riau,,0,,,2018-10,0.2865610100302082,10,0.2865610100302082,VIIRS DNB,nW/cm2/sr,2018,"{""type"":""MultiPoint"",""coordinates"":[]}"
57_00000000000000000004,BA03050040,,,,,,,14.10,14,3623.55847532,TASWIL5000020230907KABKOTA,Kepulauan Meranti,,0.294426091439,5.55830216947,4326,4,,,Kepulauan Meranti,Riau,,0,Bengkalis,,2018-10,0.2666307549901338,10,0.2666307549901338,VIIRS DNB,nW/cm2/sr,2018,"{""type"":""MultiPoint"",""coordinates"":[]}"
57_00000000000000000009,BA03050040,,,,,,,14.07,14,9068.45847884,TASWIL5000020230907KABKOTA,Rokan Hilir,,0.737081443501,6.32413452193,4326,4,,,Rokan Hilir,Riau,,0,Bengkalis,,2018-10,0.13119040082838299,10,0.13119040082838299,VIIRS DNB,nW/cm2/sr,2018,"{""type"":""MultiPoint"",""coordinates"":[]}"
57_0000000000000000000b,BA03050040,,,,,,,14.08,14,7805.53759098,TASWIL5000020230907KABKOTA,Siak,,0.634194327848,6.48953973447,4326,4,,,Siak,Riau,,0,Bengkalis,,2018-10,0.27042603100888657,10,0.27042603100888657,VIIRS DNB,nW/cm2/sr,2018,"{""type"":""MultiPoint"",""coordinates"":[]}"
57_00000000000000000007,BA03050040,,,,,,,14.09,14,5457.8626224,TASWIL5000020230907KABKOTA,Kuantan Singingi,,0.443419280545,4.11162115584,4326,4,,,Kuantan Singingi,Riau,,0,Indragiri hulu,,2018-10,0.11721712056812827,10,0.11721712056812827,VIIRS DNB,nW/cm2/sr,2018,"{""type"":""MultiPoint"",""coordinates"":[]}"
57_00000000000000000008,BA03050040,,,,,,,14.05,14,13262.1130957,TASWIL5000020230907KABKOTA,Pelalawan,,1.077443852,7.46682963302,4326,4,,,Pelalawan,Riau,,0,Kampar,,2018-10,0.19129870920513226,10,0.19129870920513226,VIIRS DNB,nW/cm2/sr,2018,"{""type"":""MultiPoint"",""coordinates"":[]}"
57_0000000000000000000a,BA03050040,,,,,,,14.06,14,7658.14908776,TASWIL5000020230907KABKOTA,Rokan Hulu,,0.622243411779,6.12306366434,4326,4,,,Rokan Hulu,Riau,,0,Kampar,,2018-10,0.0740629666081777,10,0.0740629666081777,VIIRS DNB,nW/cm2/sr,2018,"{""type"":""MultiPoint"",""coordinates"":[]}"
57_00000000000000000006,BA03050040,,,,,,,14.71,14,638.331320853,TASWIL5000020230907KABKOTA,Kota Pekanbaru,,0.0518609743118,1.42760792315,4326,5,,,Kota Pekanbaru,Riau,,0,,,2018-10,9.461493001500587,10,9.461493001500587,VIIRS DNB,nW/cm2/sr,2018,"{""type"":""MultiPoint"",""coordinates"":[]}"
57_00000000000000000005,BA03050040,,,,,,,14.72,14,2059.61276209,TASWIL5000020230907KABKOTA,Kota Dumai,,0.167408051519,2.69322296248,4326,5,,,Kota Dumai,Riau,,0,Bengkalis,,2018-10,0.1183336940477304,10,0.1183336940477304,VIIRS DNB,nW/cm2/sr,2018,"{""type"":""MultiPoint"",""coordinates"":[]}"
58_00000000000000000000,BA03050040,,,,,,,14.03,14,8616.35798018,TASWIL5000020230907KABKOTA,Bengkalis,,0.700215051782,7.82147949106,4326,4,,,Bengkalis,Riau,,0,,,2018-11,0.4921478444257601,11,0.4921478444257601,VIIRS DNB,nW/cm2/sr,2018,"{""type"":""MultiPoint"",""coordinates"":[]}"
58_00000000000000000001,BA03050040,,,,,,,14.04,14,13521.2628347,TASWIL5000020230907KABKOTA,Indragiri Hilir,,1.09851042149,7.37231237531,4326,4,,,Indragiri Hilir,Riau,,0,,,2018-11,0.13669501751274393,11,0.13669501751274393,VIIRS DNB,nW/cm2/sr,2018,"{""type"":""MultiPoint"",""coordinates"":[]}"
58_00000000000000000002,BA03050040,,,,,,,14.02,14,7871.84968405,TASWIL5000020230907KABKOTA,Indragiri Hulu,,0.63955084852,4.58568097253,4326,4,,,Indragiri Hulu,Riau,,0,,,2018-11,0.1748041483181481,11,0.1748041483181481,VIIRS DNB,nW/cm2/sr,2018,"{""type"":""MultiPoint"",""coordinates"":[]}"
58_00000000000000000003,BA03050040,,,,,,,14.01,14,10352.8025325,TASWIL5000020230907KABKOTA,Kampar,,0.841096503879,7.83544312369,4326,4,,,Kampar,Riau,,0,,,2018-11,0.07672859795234975,11,0.07672859795234975,VIIRS DNB,nW/cm2/sr,2018,"{""type"":""MultiPoint"",""coordinates"":[]}"
58_00000000000000000004,BA03050040,,,,,,,14.10,14,3623.55847532,TASWIL5000020230907KABKOTA,Kepulauan Meranti,,0.294426091439,5.55830216947,4326,4,,,Kepulauan Meranti,Riau,,0,Bengkalis,,2018-11,0.19213465751853642,11,0.19213465751853642,VIIRS DNB,nW/cm2/sr,2018,"{""type"":""MultiPoint"",""coordinates"":[]}"
58_00000000000000000009,BA03050040,,,,,,,14.07,14,9068.45847884,TASWIL5000020230907KABKOTA,Rokan Hilir,,0.737081443501,6.32413452193,4326,4,,,Rokan Hilir,Riau,,0,Bengkalis,,2018-11,0.1293880698470788,11,0.1293880698470788,VIIRS DNB,nW/cm2/sr,2018,"{""type"":""MultiPoint"",""coordinates"":[]}"
58_0000000000000000000b,BA03050040,,,,,,,14.08,14,7805.53759098,TASWIL5000020230907KABKOTA,Siak,,0.634194327848,6.48953973447,4326,4,,,Siak,Riau,,0,Bengkalis,,2018-11,0.5289711476777731,11,0.5289711476777731,VIIRS DNB,nW/cm2/sr,2018,"{""type"":""MultiPoint"",""coordinates"":[]}"
58_00000000000000000007,BA03050040,,,,,,,14.09,14,5457.8626224,TASWIL5000020230907KABKOTA,Kuantan Singingi,,0.443419280545,4.11162115584,4326,4,,,Kuantan Singingi,Riau,,0,Indragiri hulu,,2018-11,0.02347811740580332,11,0.02347811740580332,VIIRS DNB,nW/cm2/sr,2018,"{""type"":""MultiPoint"",""coordinates"":[]}"
58_00000000000000000008,BA03050040,,,,,,,14.05,14,13262.1130957,TASWIL5000020230907KABKOTA,Pelalawan,,1.077443852,7.46682963302,4326,4,,,Pelalawan,Riau,,0,Kampar,,2018-11,0.19695171136132653,11,0.19695171136132653,VIIRS DNB,nW/cm2/sr,2018,"{""type"":""MultiPoint"",""coordinates"":[]}"
58_0000000000000000000a,BA03050040,,,,,,,14.06,14,7658.14908776,TASWIL5000020230907KABKOTA,Rokan Hulu,,0.622243411779,6.12306366434,4326,4,,,Rokan Hulu,Riau,,0,Kampar,,2018-11,0.06775543361957381,11,0.06775543361957381,VIIRS DNB,nW/cm2/sr,2018,"{""type"":""MultiPoint"",""coordinates"":[]}"
58_00000000000000000006,BA03050040,,,,,,,14.71,14,638.331320853,TASWIL5000020230907KABKOTA,Kota Pekanbaru,,0.0518609743118,1.42760792315,4326,5,,,Kota Pekanbaru,Riau,,0,,,2018-11,2.728431889628037,11,2.728431889628037,VIIRS DNB,nW/cm2/sr,2018,"{""type"":""MultiPoint"",""coordinates"":[]}"
58_00000000000000000005,BA03050040,,,,,,,14.72,14,2059.61276209,TASWIL5000020230907KABKOTA,Kota Dumai,,0.167408051519,2.69322296248,4326,5,,,Kota Dumai,Riau,,0,Bengkalis,,2018-11,0.784868333476284,11,0.784868333476284,VIIRS DNB,nW/cm2/sr,2018,"{""type"":""MultiPoint"",""coordinates"":[]}"
59_00000000000000000000,BA03050040,,,,,,,14.03,14,8616.35798018,TASWIL5000020230907KABKOTA,Bengkalis,,0.700215051782,7.82147949106,4326,4,,,Bengkalis,Riau,,0,,,2018-12,0.156148395572885,12,0.156148395572885,VIIRS DNB,nW/cm2/sr,2018,"{""type"":""MultiPoint"",""coordinates"":[]}"
59_00000000000000000001,BA03050040,,,,,,,14.04,14,13521.2628347,TASWIL5000020230907KABKOTA,Indragiri Hilir,,1.09851042149,7.37231237531,4326,4,,,Indragiri Hilir,Riau,,0,,,2018-12,0.12818136177266823,12,0.12818136177266823,VIIRS DNB,nW/cm2/sr,2018,"{""type"":""MultiPoint"",""coordinates"":[]}"
59_00000000000000000002,BA03050040,,,,,,,14.02,14,7871.84968405,TASWIL5000020230907KABKOTA,Indragiri Hulu,,0.63955084852,4.58568097253,4326,4,,,Indragiri Hulu,Riau,,0,,,2018-12,0.08861690187700783,12,0.08861690187700783,VIIRS DNB,nW/cm2/sr,2018,"{""type"":""MultiPoint"",""coordinates"":[]}"
59_00000000000000000003,BA03050040,,,,,,,14.01,14,10352.8025325,TASWIL5000020230907KABKOTA,Kampar,,0.841096503879,7.83544312369,4326,4,,,Kampar,Riau,,0,,,2018-12,0.0025152989297831424,12,0.0025152989297831424,VIIRS DNB,nW/cm2/sr,2018,"{""type"":""MultiPoint"",""coordinates"":[]}"
59_00000000000000000004,BA03050040,,,,,,,14.10,14,3623.55847532,TASWIL5000020230907KABKOTA,Kepulauan Meranti,,0.294426091439,5.55830216947,4326,4,,,Kepulauan Meranti,Riau,,0,Bengkalis,,2018-12,0.04374687156371624,12,0.04374687156371624,VIIRS DNB,nW/cm2/sr,2018,"{""type"":""MultiPoint"",""coordinates"":[]}"
59_00000000000000000009,BA03050040,,,,,,,14.07,14,9068.45847884,TASWIL5000020230907KABKOTA,Rokan Hilir,,0.737081443501,6.32413452193,4326,4,,,Rokan Hilir,Riau,,0,Bengkalis,,2018-12,0.12374967644354068,12,0.12374967644354068,VIIRS DNB,nW/cm2/sr,2018,"{""type"":""MultiPoint"",""coordinates"":[]}"
59_0000000000000000000b,BA03050040,,,,,,,14.08,14,7805.53759098,TASWIL5000020230907KABKOTA,Siak,,0.634194327848,6.48953973447,4326,4,,,Siak,Riau,,0,Bengkalis,,2018-12,0.014159034872834729,12,0.014159034872834729,VIIRS DNB,nW/cm2/sr,2018,"{""type"":""MultiPoint"",""coordinates"":[]}"
59_00000000000000000007,BA03050040,,,,,,,14.09,14,5457.8626224,TASWIL5000020230907KABKOTA,Kuantan Singingi,,0.443419280545,4.11162115584,4326,4,,,Kuantan Singingi,Riau,,0,Indragiri hulu,,2018-12,0.09797626291683555,12,0.09797626291683555,VIIRS DNB,nW/cm2/sr,2018,"{""type"":""MultiPoint"",""coordinates"":[]}"
59_00000000000000000008,BA03050040,,,,,,,14.05,14,13262.1130957,TASWIL5000020230907KABKOTA,Pelalawan,,1.077443852,7.46682963302,4326,4,,,Pelalawan,Riau,,0,Kampar,,2018-12,0.032710153985444745,12,0.032710153985444745,VIIRS DNB,nW/cm2/sr,2018,"{""type"":""MultiPoint"",""coordinates"":[]}"
59_0000000000000000000a,BA03050040,,,,,,,14.06,14,7658.14908776,TASWIL5000020230907KABKOTA,Rokan Hulu,,0.622243411779,6.12306366434,4326,4,,,Rokan Hulu,Riau,,0,Kampar,,2018-12,0.006634464565991464,12,0.006634464565991464,VIIRS DNB,nW/cm2/sr,2018,"{""type"":""MultiPoint"",""coordinates"":[]}"
59_00000000000000000006,BA03050040,,,,,,,14.71,14,638.331320853,TASWIL5000020230907KABKOTA,Kota Pekanbaru,,0.0518609743118,1.42760792315,4326,5,,,Kota Pekanbaru,Riau,,0,,,2018-12,0.225913251839178,12,0.225913251839178,VIIRS DNB,nW/cm2/sr,2018,"{""type"":""MultiPoint"",""coordinates"":[]}"
59_00000000000000000005,BA03050040,,,,,,,14.72,14,2059.61276209,TASWIL5000020230907KABKOTA,Kota Dumai,,0.167408051519,2.69322296248,4326,5,,,Kota Dumai,Riau,,0,Bengkalis,,2018-12,0.2445745538374638,12,0.2445745538374638,VIIRS DNB,nW/cm2/sr,2018,"{""type"":""MultiPoint"",""coordinates"":[]}"
60_00000000000000000000,BA03050040,,,,,,,14.03,14,8616.35798018,TASWIL5000020230907KABKOTA,Bengkalis,,0.700215051782,7.82147949106,4326,4,,,Bengkalis,Riau,,0,,,2019-01,0.40810012184440514,1,0.40810012184440514,VIIRS DNB,nW/cm2/sr,2019,"{""type"":""MultiPoint"",""coordinates"":[]}"
60_00000000000000000001,BA03050040,,,,,,,14.04,14,13521.2628347,TASWIL5000020230907KABKOTA,Indragiri Hilir,,1.09851042149,7.37231237531,4326,4,,,Indragiri Hilir,Riau,,0,,,2019-01,0.032876441168148286,1,0.032876441168148286,VIIRS DNB,nW/cm2/sr,2019,"{""type"":""MultiPoint"",""coordinates"":[]}"
60_00000000000000000002,BA03050040,,,,,,,14.02,14,7871.84968405,TASWIL5000020230907KABKOTA,Indragiri Hulu,,0.63955084852,4.58568097253,4326,4,,,Indragiri Hulu,Riau,,0,,,2019-01,0.1278372512467217,1,0.1278372512467217,VIIRS DNB,nW/cm2/sr,2019,"{""type"":""MultiPoint"",""coordinates"":[]}"
60_00000000000000000003,BA03050040,,,,,,,14.01,14,10352.8025325,TASWIL5000020230907KABKOTA,Kampar,,0.841096503879,7.83544312369,4326,4,,,Kampar,Riau,,0,,,2019-01,0.3837097093338586,1,0.3837097093338586,VIIRS DNB,nW/cm2/sr,2019,"{""type"":""MultiPoint"",""coordinates"":[]}"
60_00000000000000000004,BA03050040,,,,,,,14.10,14,3623.55847532,TASWIL5000020230907KABKOTA,Kepulauan Meranti,,0.294426091439,5.55830216947,4326,4,,,Kepulauan Meranti,Riau,,0,Bengkalis,,2019-01,0.12244334935475164,1,0.12244334935475164,VIIRS DNB,nW/cm2/sr,2019,"{""type"":""MultiPoint"",""coordinates"":[]}"
60_00000000000000000009,BA03050040,,,,,,,14.07,14,9068.45847884,TASWIL5000020230907KABKOTA,Rokan Hilir,,0.737081443501,6.32413452193,4326,4,,,Rokan Hilir,Riau,,0,Bengkalis,,2019-01,0.17451129688451128,1,0.17451129688451128,VIIRS DNB,nW/cm2/sr,2019,"{""type"":""MultiPoint"",""coordinates"":[]}"
60_0000000000000000000b,BA03050040,,,,,,,14.08,14,7805.53759098,TASWIL5000020230907KABKOTA,Siak,,0.634194327848,6.48953973447,4326,4,,,Siak,Riau,,0,Bengkalis,,2019-01,0.5216138687780421,1,0.5216138687780421,VIIRS DNB,nW/cm2/sr,2019,"{""type"":""MultiPoint"",""coordinates"":[]}"
60_00000000000000000007,BA03050040,,,,,,,14.09,14,5457.8626224,TASWIL5000020230907KABKOTA,Kuantan Singingi,,0.443419280545,4.11162115584,4326,4,,,Kuantan Singingi,Riau,,0,Indragiri hulu,,2019-01,0.07916909367987897,1,0.07916909367987897,VIIRS DNB,nW/cm2/sr,2019,"{""type"":""MultiPoint"",""coordinates"":[]}"
60_00000000000000000008,BA03050040,,,,,,,14.05,14,13262.1130957,TASWIL5000020230907KABKOTA,Pelalawan,,1.077443852,7.46682963302,4326,4,,,Pelalawan,Riau,,0,Kampar,,2019-01,0.13907681418718784,1,0.13907681418718784,VIIRS DNB,nW/cm2/sr,2019,"{""type"":""MultiPoint"",""coordinates"":[]}"
60_0000000000000000000a,BA03050040,,,,,,,14.06,14,7658.14908776,TASWIL5000020230907KABKOTA,Rokan Hulu,,0.622243411779,6.12306366434,4326,4,,,Rokan Hulu,Riau,,0,Kampar,,2019-01,0.14272973533287683,1,0.14272973533287683,VIIRS DNB,nW/cm2/sr,2019,"{""type"":""MultiPoint"",""coordinates"":[]}"
60_00000000000000000006,BA03050040,,,,,,,14.71,14,638.331320853,TASWIL5000020230907KABKOTA,Kota Pekanbaru,,0.0518609743118,1.42760792315,4326,5,,,Kota Pekanbaru,Riau,,0,,,2019-01,7.807545655341481,1,7.807545655341481,VIIRS DNB,nW/cm2/sr,2019,"{""type"":""MultiPoint"",""coordinates"":[]}"
60_00000000000000000005,BA03050040,,,,,,,14.72,14,2059.61276209,TASWIL5000020230907KABKOTA,Kota Dumai,,0.167408051519,2.69322296248,4326,5,,,Kota Dumai,Riau,,0,Bengkalis,,2019-01,1.0845939528983028,1,1.0845939528983028,VIIRS DNB,nW/cm2/sr,2019,"{""type"":""MultiPoint"",""coordinates"":[]}"
61_00000000000000000000,BA03050040,,,,,,,14.03,14,8616.35798018,TASWIL5000020230907KABKOTA,Bengkalis,,0.700215051782,7.82147949106,4326,4,,,Bengkalis,Riau,,0,,,2019-02,0.6263406839240105,2,0.6263406839240105,VIIRS DNB,nW/cm2/sr,2019,"{""type"":""MultiPoint"",""coordinates"":[]}"
61_00000000000000000001,BA03050040,,,,,,,14.04,14,13521.2628347,TASWIL5000020230907KABKOTA,Indragiri Hilir,,1.09851042149,7.37231237531,4326,4,,,Indragiri Hilir,Riau,,0,,,2019-02,0.27681436884566823,2,0.27681436884566823,VIIRS DNB,nW/cm2/sr,2019,"{""type"":""MultiPoint"",""coordinates"":[]}"
61_00000000000000000002,BA03050040,,,,,,,14.02,14,7871.84968405,TASWIL5000020230907KABKOTA,Indragiri Hulu,,0.63955084852,4.58568097253,4326,4,,,Indragiri Hulu,Riau,,0,,,2019-02,0.305058380569882,2,0.305058380569882,VIIRS DNB,nW/cm2/sr,2019,"{""type"":""MultiPoint"",""coordinates"":[]}"
61_00000000000000000003,BA03050040,,,,,,,14.01,14,10352.8025325,TASWIL5000020230907KABKOTA,Kampar,,0.841096503879,7.83544312369,4326,4,,,Kampar,Riau,,0,,,2019-02,0.5304949645384328,2,0.5304949645384328,VIIRS DNB,nW/cm2/sr,2019,"{""type"":""MultiPoint"",""coordinates"":[]}"
61_00000000000000000004,BA03050040,,,,,,,14.10,14,3623.55847532,TASWIL5000020230907KABKOTA,Kepulauan Meranti,,0.294426091439,5.55830216947,4326,4,,,Kepulauan Meranti,Riau,,0,Bengkalis,,2019-02,0.4328066694056257,2,0.4328066694056257,VIIRS DNB,nW/cm2/sr,2019,"{""type"":""MultiPoint"",""coordinates"":[]}"
61_00000000000000000009,BA03050040,,,,,,,14.07,14,9068.45847884,TASWIL5000020230907KABKOTA,Rokan Hilir,,0.737081443501,6.32413452193,4326,4,,,Rokan Hilir,Riau,,0,Bengkalis,,2019-02,0.34847763822534783,2,0.34847763822534783,VIIRS DNB,nW/cm2/sr,2019,"{""type"":""MultiPoint"",""coordinates"":[]}"
61_0000000000000000000b,BA03050040,,,,,,,14.08,14,7805.53759098,TASWIL5000020230907KABKOTA,Siak,,0.634194327848,6.48953973447,4326,4,,,Siak,Riau,,0,Bengkalis,,2019-02,0.6409145984108504,2,0.6409145984108504,VIIRS DNB,nW/cm2/sr,2019,"{""type"":""MultiPoint"",""coordinates"":[]}"
61_00000000000000000007,BA03050040,,,,,,,14.09,14,5457.8626224,TASWIL5000020230907KABKOTA,Kuantan Singingi,,0.443419280545,4.11162115584,4326,4,,,Kuantan Singingi,Riau,,0,Indragiri hulu,,2019-02,0.31000496946297523,2,0.31000496946297523,VIIRS DNB,nW/cm2/sr,2019,"{""type"":""MultiPoint"",""coordinates"":[]}"
61_00000000000000000008,BA03050040,,,,,,,14.05,14,13262.1130957,TASWIL5000020230907KABKOTA,Pelalawan,,1.077443852,7.46682963302,4326,4,,,Pelalawan,Riau,,0,Kampar,,2019-02,0.33168426983753796,2,0.33168426983753796,VIIRS DNB,nW/cm2/sr,2019,"{""type"":""MultiPoint"",""coordinates"":[]}"
61_0000000000000000000a,BA03050040,,,,,,,14.06,14,7658.14908776,TASWIL5000020230907KABKOTA,Rokan Hulu,,0.622243411779,6.12306366434,4326,4,,,Rokan Hulu,Riau,,0,Kampar,,2019-02,0.3108250698129545,2,0.3108250698129545,VIIRS DNB,nW/cm2/sr,2019,"{""type"":""MultiPoint"",""coordinates"":[]}"
61_00000000000000000006,BA03050040,,,,,,,14.71,14,638.331320853,TASWIL5000020230907KABKOTA,Kota Pekanbaru,,0.0518609743118,1.42760792315,4326,5,,,Kota Pekanbaru,Riau,,0,,,2019-02,7.089869618650959,2,7.089869618650959,VIIRS DNB,nW/cm2/sr,2019,"{""type"":""MultiPoint"",""coordinates"":[]}"
61_00000000000000000005,BA03050040,,,,,,,14.72,14,2059.61276209,TASWIL5000020230907KABKOTA,Kota Dumai,,0.167408051519,2.69322296248,4326,5,,,Kota Dumai,Riau,,0,Bengkalis,,2019-02,1.645314374113772,2,1.645314374113772,VIIRS DNB,nW/cm2/sr,2019,"{""type"":""MultiPoint"",""coordinates"":[]}"
62_00000000000000000000,BA03050040,,,,,,,14.03,14,8616.35798018,TASWIL5000020230907KABKOTA,Bengkalis,,0.700215051782,7.82147949106,4326,4,,,Bengkalis,Riau,,0,,,2019-03,0.6920463422689875,3,0.6920463422689875,VIIRS DNB,nW/cm2/sr,2019,"{""type"":""MultiPoint"",""coordinates"":[]}"
62_00000000000000000001,BA03050040,,,,,,,14.04,14,13521.2628347,TASWIL5000020230907KABKOTA,Indragiri Hilir,,1.09851042149,7.37231237531,4326,4,,,Indragiri Hilir,Riau,,0,,,2019-03,0.3942309343039201,3,0.3942309343039201,VIIRS DNB,nW/cm2/sr,2019,"{""type"":""MultiPoint"",""coordinates"":[]}"
62_00000000000000000002,BA03050040,,,,,,,14.02,14,7871.84968405,TASWIL5000020230907KABKOTA,Indragiri Hulu,,0.63955084852,4.58568097253,4326,4,,,Indragiri Hulu,Riau,,0,,,2019-03,0.37554522053361883,3,0.37554522053361883,VIIRS DNB,nW/cm2/sr,2019,"{""type"":""MultiPoint"",""coordinates"":[]}"
62_00000000000000000003,BA03050040,,,,,,,14.01,14,10352.8025325,TASWIL5000020230907KABKOTA,Kampar,,0.841096503879,7.83544312369,4326,4,,,Kampar,Riau,,0,,,2019-03,0.6882710737631645,3,0.6882710737631645,VIIRS DNB,nW/cm2/sr,2019,"{""type"":""MultiPoint"",""coordinates"":[]}"
62_00000000000000000004,BA03050040,,,,,,,14.10,14,3623.55847532,TASWIL5000020230907KABKOTA,Kepulauan Meranti,,0.294426091439,5.55830216947,4326,4,,,Kepulauan Meranti,Riau,,0,Bengkalis,,2019-03,0.4314351402276104,3,0.4314351402276104,VIIRS DNB,nW/cm2/sr,2019,"{""type"":""MultiPoint"",""coordinates"":[]}"
62_00000000000000000009,BA03050040,,,,,,,14.07,14,9068.45847884,TASWIL5000020230907KABKOTA,Rokan Hilir,,0.737081443501,6.32413452193,4326,4,,,Rokan Hilir,Riau,,0,Bengkalis,,2019-03,0.43475380650703066,3,0.43475380650703066,VIIRS DNB,nW/cm2/sr,2019,"{""type"":""MultiPoint"",""coordinates"":[]}"
62_0000000000000000000b,BA03050040,,,,,,,14.08,14,7805.53759098,TASWIL5000020230907KABKOTA,Siak,,0.634194327848,6.48953973447,4326,4,,,Siak,Riau,,0,Bengkalis,,2019-03,0.8090618619279369,3,0.8090618619279369,VIIRS DNB,nW/cm2/sr,2019,"{""type"":""MultiPoint"",""coordinates"":[]}"
62_00000000000000000007,BA03050040,,,,,,,14.09,14,5457.8626224,TASWIL5000020230907KABKOTA,Kuantan Singingi,,0.443419280545,4.11162115584,4326,4,,,Kuantan Singingi,Riau,,0,Indragiri hulu,,2019-03,0.41475795875056354,3,0.41475795875056354,VIIRS DNB,nW/cm2/sr,2019,"{""type"":""MultiPoint"",""coordinates"":[]}"
62_00000000000000000008,BA03050040,,,,,,,14.05,14,13262.1130957,TASWIL5000020230907KABKOTA,Pelalawan,,1.077443852,7.46682963302,4326,4,,,Pelalawan,Riau,,0,Kampar,,2019-03,0.44442026563487014,3,0.44442026563487014,VIIRS DNB,nW/cm2/sr,2019,"{""type"":""MultiPoint"",""coordinates"":[]}"
62_0000000000000000000a,BA03050040,,,,,,,14.06,14,7658.14908776,TASWIL5000020230907KABKOTA,Rokan Hulu,,0.622243411779,6.12306366434,4326,4,,,Rokan Hulu,Riau,,0,Kampar,,2019-03,0.4582919021086741,3,0.4582919021086741,VIIRS DNB,nW/cm2/sr,2019,"{""type"":""MultiPoint"",""coordinates"":[]}"
62_00000000000000000006,BA03050040,,,,,,,14.71,14,638.331320853,TASWIL5000020230907KABKOTA,Kota Pekanbaru,,0.0518609743118,1.42760792315,4326,5,,,Kota Pekanbaru,Riau,,0,,,2019-03,7.148273956275901,3,7.148273956275901,VIIRS DNB,nW/cm2/sr,2019,"{""type"":""MultiPoint"",""coordinates"":[]}"
62_00000000000000000005,BA03050040,,,,,,,14.72,14,2059.61276209,TASWIL5000020230907KABKOTA,Kota Dumai,,0.167408051519,2.69322296248,4326,5,,,Kota Dumai,Riau,,0,Bengkalis,,2019-03,1.377522580839172,3,1.377522580839172,VIIRS DNB,nW/cm2/sr,2019,"{""type"":""MultiPoint"",""coordinates"":[]}"
63_00000000000000000000,BA03050040,,,,,,,14.03,14,8616.35798018,TASWIL5000020230907KABKOTA,Bengkalis,,0.700215051782,7.82147949106,4326,4,,,Bengkalis,Riau,,0,,,2019-04,0.6713943942046108,4,0.6713943942046108,VIIRS DNB,nW/cm2/sr,2019,"{""type"":""MultiPoint"",""coordinates"":[]}"
63_00000000000000000001,BA03050040,,,,,,,14.04,14,13521.2628347,TASWIL5000020230907KABKOTA,Indragiri Hilir,,1.09851042149,7.37231237531,4326,4,,,Indragiri Hilir,Riau,,0,,,2019-04,0.31549522033521094,4,0.31549522033521094,VIIRS DNB,nW/cm2/sr,2019,"{""type"":""MultiPoint"",""coordinates"":[]}"
63_00000000000000000002,BA03050040,,,,,,,14.02,14,7871.84968405,TASWIL5000020230907KABKOTA,Indragiri Hulu,,0.63955084852,4.58568097253,4326,4,,,Indragiri Hulu,Riau,,0,,,2019-04,0.31555987430948684,4,0.31555987430948684,VIIRS DNB,nW/cm2/sr,2019,"{""type"":""MultiPoint"",""coordinates"":[]}"
63_00000000000000000003,BA03050040,,,,,,,14.01,14,10352.8025325,TASWIL5000020230907KABKOTA,Kampar,,0.841096503879,7.83544312369,4326,4,,,Kampar,Riau,,0,,,2019-04,0.5607519274986659,4,0.5607519274986659,VIIRS DNB,nW/cm2/sr,2019,"{""type"":""MultiPoint"",""coordinates"":[]}"
63_00000000000000000004,BA03050040,,,,,,,14.10,14,3623.55847532,TASWIL5000020230907KABKOTA,Kepulauan Meranti,,0.294426091439,5.55830216947,4326,4,,,Kepulauan Meranti,Riau,,0,Bengkalis,,2019-04,0.4191931245178933,4,0.4191931245178933,VIIRS DNB,nW/cm2/sr,2019,"{""type"":""MultiPoint"",""coordinates"":[]}"
63_00000000000000000009,BA03050040,,,,,,,14.07,14,9068.45847884,TASWIL5000020230907KABKOTA,Rokan Hilir,,0.737081443501,6.32413452193,4326,4,,,Rokan Hilir,Riau,,0,Bengkalis,,2019-04,0.4534841524201067,4,0.4534841524201067,VIIRS DNB,nW/cm2/sr,2019,"{""type"":""MultiPoint"",""coordinates"":[]}"
63_0000000000000000000b,BA03050040,,,,,,,14.08,14,7805.53759098,TASWIL5000020230907KABKOTA,Siak,,0.634194327848,6.48953973447,4326,4,,,Siak,Riau,,0,Bengkalis,,2019-04,0.7645009335664887,4,0.7645009335664887,VIIRS DNB,nW/cm2/sr,2019,"{""type"":""MultiPoint"",""coordinates"":[]}"
63_00000000000000000007,BA03050040,,,,,,,14.09,14,5457.8626224,TASWIL5000020230907KABKOTA,Kuantan Singingi,,0.443419280545,4.11162115584,4326,4,,,Kuantan Singingi,Riau,,0,Indragiri hulu,,2019-04,0.22242616861019454,4,0.22242616861019454,VIIRS DNB,nW/cm2/sr,2019,"{""type"":""MultiPoint"",""coordinates"":[]}"
63_00000000000000000008,BA03050040,,,,,,,14.05,14,13262.1130957,TASWIL5000020230907KABKOTA,Pelalawan,,1.077443852,7.46682963302,4326,4,,,Pelalawan,Riau,,0,Kampar,,2019-04,0.3843861470539785,4,0.3843861470539785,VIIRS DNB,nW/cm2/sr,2019,"{""type"":""MultiPoint"",""coordinates"":[]}"
63_0000000000000000000a,BA03050040,,,,,,,14.06,14,7658.14908776,TASWIL5000020230907KABKOTA,Rokan Hulu,,0.622243411779,6.12306366434,4326,4,,,Rokan Hulu,Riau,,0,Kampar,,2019-04,0.3707286022283123,4,0.3707286022283123,VIIRS DNB,nW/cm2/sr,2019,"{""type"":""MultiPoint"",""coordinates"":[]}"
63_00000000000000000006,BA03050040,,,,,,,14.71,14,638.331320853,TASWIL5000020230907KABKOTA,Kota Pekanbaru,,0.0518609743118,1.42760792315,4326,5,,,Kota Pekanbaru,Riau,,0,,,2019-04,6.028631287220475,4,6.028631287220475,VIIRS DNB,nW/cm2/sr,2019,"{""type"":""MultiPoint"",""coordinates"":[]}"
63_00000000000000000005,BA03050040,,,,,,,14.72,14,2059.61276209,TASWIL5000020230907KABKOTA,Kota Dumai,,0.167408051519,2.69322296248,4326,5,,,Kota Dumai,Riau,,0,Bengkalis,,2019-04,1.1431199070517166,4,1.1431199070517166,VIIRS DNB,nW/cm2/sr,2019,"{""type"":""MultiPoint"",""coordinates"":[]}"
64_00000000000000000000,BA03050040,,,,,,,14.03,14,8616.35798018,TASWIL5000020230907KABKOTA,Bengkalis,,0.700215051782,7.82147949106,4326,4,,,Bengkalis,Riau,,0,,,2019-05,0.7489139982219729,5,0.7489139982219729,VIIRS DNB,nW/cm2/sr,2019,"{""type"":""MultiPoint"",""coordinates"":[]}"
64_00000000000000000001,BA03050040,,,,,,,14.04,14,13521.2628347,TASWIL5000020230907KABKOTA,Indragiri Hilir,,1.09851042149,7.37231237531,4326,4,,,Indragiri Hilir,Riau,,0,,,2019-05,0.3030188996999861,5,0.3030188996999861,VIIRS DNB,nW/cm2/sr,2019,"{""type"":""MultiPoint"",""coordinates"":[]}"
64_00000000000000000002,BA03050040,,,,,,,14.02,14,7871.84968405,TASWIL5000020230907KABKOTA,Indragiri Hulu,,0.63955084852,4.58568097253,4326,4,,,Indragiri Hulu,Riau,,0,,,2019-05,0.34512697014875465,5,0.34512697014875465,VIIRS DNB,nW/cm2/sr,2019,"{""type"":""MultiPoint"",""coordinates"":[]}"
64_00000000000000000003,BA03050040,,,,,,,14.01,14,10352.8025325,TASWIL5000020230907KABKOTA,Kampar,,0.841096503879,7.83544312369,4326,4,,,Kampar,Riau,,0,,,2019-05,0.6316514662277324,5,0.6316514662277324,VIIRS DNB,nW/cm2/sr,2019,"{""type"":""MultiPoint"",""coordinates"":[]}"
64_00000000000000000004,BA03050040,,,,,,,14.10,14,3623.55847532,TASWIL5000020230907KABKOTA,Kepulauan Meranti,,0.294426091439,5.55830216947,4326,4,,,Kepulauan Meranti,Riau,,0,Bengkalis,,2019-05,0.386712925224125,5,0.386712925224125,VIIRS DNB,nW/cm2/sr,2019,"{""type"":""MultiPoint"",""coordinates"":[]}"
64_00000000000000000009,BA03050040,,,,,,,14.07,14,9068.45847884,TASWIL5000020230907KABKOTA,Rokan Hilir,,0.737081443501,6.32413452193,4326,4,,,Rokan Hilir,Riau,,0,Bengkalis,,2019-05,0.4419064355394954,5,0.4419064355394954,VIIRS DNB,nW/cm2/sr,2019,"{""type"":""MultiPoint"",""coordinates"":[]}"
64_0000000000000000000b,BA03050040,,,,,,,14.08,14,7805.53759098,TASWIL5000020230907KABKOTA,Siak,,0.634194327848,6.48953973447,4326,4,,,Siak,Riau,,0,Bengkalis,,2019-05,0.8318300016985072,5,0.8318300016985072,VIIRS DNB,nW/cm2/sr,2019,"{""type"":""MultiPoint"",""coordinates"":[]}"
64_00000000000000000007,BA03050040,,,,,,,14.09,14,5457.8626224,TASWIL5000020230907KABKOTA,Kuantan Singingi,,0.443419280545,4.11162115584,4326,4,,,Kuantan Singingi,Riau,,0,Indragiri hulu,,2019-05,0.3816322972275443,5,0.3816322972275443,VIIRS DNB,nW/cm2/sr,2019,"{""type"":""MultiPoint"",""coordinates"":[]}"
64_00000000000000000008,BA03050040,,,,,,,14.05,14,13262.1130957,TASWIL5000020230907KABKOTA,Pelalawan,,1.077443852,7.46682963302,4326,4,,,Pelalawan,Riau,,0,Kampar,,2019-05,0.41773516330310406,5,0.41773516330310406,VIIRS DNB,nW/cm2/sr,2019,"{""type"":""MultiPoint"",""coordinates"":[]}"
64_0000000000000000000a,BA03050040,,,,,,,14.06,14,7658.14908776,TASWIL5000020230907KABKOTA,Rokan Hulu,,0.622243411779,6.12306366434,4326,4,,,Rokan Hulu,Riau,,0,Kampar,,2019-05,0.4040433296821163,5,0.4040433296821163,VIIRS DNB,nW/cm2/sr,2019,"{""type"":""MultiPoint"",""coordinates"":[]}"
64_00000000000000000006,BA03050040,,,,,,,14.71,14,638.331320853,TASWIL5000020230907KABKOTA,Kota Pekanbaru,,0.0518609743118,1.42760792315,4326,5,,,Kota Pekanbaru,Riau,,0,,,2019-05,6.8566929908417,5,6.8566929908417,VIIRS DNB,nW/cm2/sr,2019,"{""type"":""MultiPoint"",""coordinates"":[]}"
64_00000000000000000005,BA03050040,,,,,,,14.72,14,2059.61276209,TASWIL5000020230907KABKOTA,Kota Dumai,,0.167408051519,2.69322296248,4326,5,,,Kota Dumai,Riau,,0,Bengkalis,,2019-05,1.192328230340491,5,1.192328230340491,VIIRS DNB,nW/cm2/sr,2019,"{""type"":""MultiPoint"",""coordinates"":[]}"
65_00000000000000000000,BA03050040,,,,,,,14.03,14,8616.35798018,TASWIL5000020230907KABKOTA,Bengkalis,,0.700215051782,7.82147949106,4326,4,,,Bengkalis,Riau,,0,,,2019-06,0.6960050939045336,6,0.6960050939045336,VIIRS DNB,nW/cm2/sr,2019,"{""type"":""MultiPoint"",""coordinates"":[]}"
65_00000000000000000001,BA03050040,,,,,,,14.04,14,13521.2628347,TASWIL5000020230907KABKOTA,Indragiri Hilir,,1.09851042149,7.37231237531,4326,4,,,Indragiri Hilir,Riau,,0,,,2019-06,0.2686031212594607,6,0.2686031212594607,VIIRS DNB,nW/cm2/sr,2019,"{""type"":""MultiPoint"",""coordinates"":[]}"
65_00000000000000000002,BA03050040,,,,,,,14.02,14,7871.84968405,TASWIL5000020230907KABKOTA,Indragiri Hulu,,0.63955084852,4.58568097253,4326,4,,,Indragiri Hulu,Riau,,0,,,2019-06,0.2903093022775339,6,0.2903093022775339,VIIRS DNB,nW/cm2/sr,2019,"{""type"":""MultiPoint"",""coordinates"":[]}"
65_00000000000000000003,BA03050040,,,,,,,14.01,14,10352.8025325,TASWIL5000020230907KABKOTA,Kampar,,0.841096503879,7.83544312369,4326,4,,,Kampar,Riau,,0,,,2019-06,0.6556601620346949,6,0.6556601620346949,VIIRS DNB,nW/cm2/sr,2019,"{""type"":""MultiPoint"",""coordinates"":[]}"
65_00000000000000000004,BA03050040,,,,,,,14.10,14,3623.55847532,TASWIL5000020230907KABKOTA,Kepulauan Meranti,,0.294426091439,5.55830216947,4326,4,,,Kepulauan Meranti,Riau,,0,Bengkalis,,2019-06,0.3429399791269714,6,0.3429399791269714,VIIRS DNB,nW/cm2/sr,2019,"{""type"":""MultiPoint"",""coordinates"":[]}"
65_00000000000000000009,BA03050040,,,,,,,14.07,14,9068.45847884,TASWIL5000020230907KABKOTA,Rokan Hilir,,0.737081443501,6.32413452193,4326,4,,,Rokan Hilir,Riau,,0,Bengkalis,,2019-06,0.4241574439935928,6,0.4241574439935928,VIIRS DNB,nW/cm2/sr,2019,"{""type"":""MultiPoint"",""coordinates"":[]}"
65_0000000000000000000b,BA03050040,,,,,,,14.08,14,7805.53759098,TASWIL5000020230907KABKOTA,Siak,,0.634194327848,6.48953973447,4326,4,,,Siak,Riau,,0,Bengkalis,,2019-06,0.773578515020136,6,0.773578515020136,VIIRS DNB,nW/cm2/sr,2019,"{""type"":""MultiPoint"",""coordinates"":[]}"
65_00000000000000000007,BA03050040,,,,,,,14.09,14,5457.8626224,TASWIL5000020230907KABKOTA,Kuantan Singingi,,0.443419280545,4.11162115584,4326,4,,,Kuantan Singingi,Riau,,0,Indragiri hulu,,2019-06,0.2995394920244819,6,0.2995394920244819,VIIRS DNB,nW/cm2/sr,2019,"{""type"":""MultiPoint"",""coordinates"":[]}"
65_00000000000000000008,BA03050040,,,,,,,14.05,14,13262.1130957,TASWIL5000020230907KABKOTA,Pelalawan,,1.077443852,7.46682963302,4326,4,,,Pelalawan,Riau,,0,Kampar,,2019-06,0.3308383693565274,6,0.3308383693565274,VIIRS DNB,nW/cm2/sr,2019,"{""type"":""MultiPoint"",""coordinates"":[]}"
65_0000000000000000000a,BA03050040,,,,,,,14.06,14,7658.14908776,TASWIL5000020230907KABKOTA,Rokan Hulu,,0.622243411779,6.12306366434,4326,4,,,Rokan Hulu,Riau,,0,Kampar,,2019-06,0.35209407637958395,6,0.35209407637958395,VIIRS DNB,nW/cm2/sr,2019,"{""type"":""MultiPoint"",""coordinates"":[]}"
65_00000000000000000006,BA03050040,,,,,,,14.71,14,638.331320853,TASWIL5000020230907KABKOTA,Kota Pekanbaru,,0.0518609743118,1.42760792315,4326,5,,,Kota Pekanbaru,Riau,,0,,,2019-06,8.753740078795037,6,8.753740078795037,VIIRS DNB,nW/cm2/sr,2019,"{""type"":""MultiPoint"",""coordinates"":[]}"
65_00000000000000000005,BA03050040,,,,,,,14.72,14,2059.61276209,TASWIL5000020230907KABKOTA,Kota Dumai,,0.167408051519,2.69322296248,4326,5,,,Kota Dumai,Riau,,0,Bengkalis,,2019-06,1.1690428791405654,6,1.1690428791405654,VIIRS DNB,nW/cm2/sr,2019,"{""type"":""MultiPoint"",""coordinates"":[]}"
66_00000000000000000000,BA03050040,,,,,,,14.03,14,8616.35798018,TASWIL5000020230907KABKOTA,Bengkalis,,0.700215051782,7.82147949106,4326,4,,,Bengkalis,Riau,,0,,,2019-07,0.537555826389939,7,0.537555826389939,VIIRS DNB,nW/cm2/sr,2019,"{""type"":""MultiPoint"",""coordinates"":[]}"
66_00000000000000000001,BA03050040,,,,,,,14.04,14,13521.2628347,TASWIL5000020230907KABKOTA,Indragiri Hilir,,1.09851042149,7.37231237531,4326,4,,,Indragiri Hilir,Riau,,0,,,2019-07,0.16640367640246945,7,0.16640367640246945,VIIRS DNB,nW/cm2/sr,2019,"{""type"":""MultiPoint"",""coordinates"":[]}"
66_00000000000000000002,BA03050040,,,,,,,14.02,14,7871.84968405,TASWIL5000020230907KABKOTA,Indragiri Hulu,,0.63955084852,4.58568097253,4326,4,,,Indragiri Hulu,Riau,,0,,,2019-07,0.20730059320653874,7,0.20730059320653874,VIIRS DNB,nW/cm2/sr,2019,"{""type"":""MultiPoint"",""coordinates"":[]}"
66_00000000000000000003,BA03050040,,,,,,,14.01,14,10352.8025325,TASWIL5000020230907KABKOTA,Kampar,,0.841096503879,7.83544312369,4326,4,,,Kampar,Riau,,0,,,2019-07,0.5109042539495597,7,0.5109042539495597,VIIRS DNB,nW/cm2/sr,2019,"{""type"":""MultiPoint"",""coordinates"":[]}"
66_00000000000000000004,BA03050040,,,,,,,14.10,14,3623.55847532,TASWIL5000020230907KABKOTA,Kepulauan Meranti,,0.294426091439,5.55830216947,4326,4,,,Kepulauan Meranti,Riau,,0,Bengkalis,,2019-07,0.2517000239611562,7,0.2517000239611562,VIIRS DNB,nW/cm2/sr,2019,"{""type"":""MultiPoint"",""coordinates"":[]}"
66_00000000000000000009,BA03050040,,,,,,,14.07,14,9068.45847884,TASWIL5000020230907KABKOTA,Rokan Hilir,,0.737081443501,6.32413452193,4326,4,,,Rokan Hilir,Riau,,0,Bengkalis,,2019-07,0.33447623599088355,7,0.33447623599088355,VIIRS DNB,nW/cm2/sr,2019,"{""type"":""MultiPoint"",""coordinates"":[]}"
66_0000000000000000000b,BA03050040,,,,,,,14.08,14,7805.53759098,TASWIL5000020230907KABKOTA,Siak,,0.634194327848,6.48953973447,4326,4,,,Siak,Riau,,0,Bengkalis,,2019-07,0.6549462274325225,7,0.6549462274325225,VIIRS DNB,nW/cm2/sr,2019,"{""type"":""MultiPoint"",""coordinates"":[]}"
66_00000000000000000007,BA03050040,,,,,,,14.09,14,5457.8626224,TASWIL5000020230907KABKOTA,Kuantan Singingi,,0.443419280545,4.11162115584,4326,4,,,Kuantan Singingi,Riau,,0,Indragiri hulu,,2019-07,0.19375080635309191,7,0.19375080635309191,VIIRS DNB,nW/cm2/sr,2019,"{""type"":""MultiPoint"",""coordinates"":[]}"
66_00000000000000000008,BA03050040,,,,,,,14.05,14,13262.1130957,TASWIL5000020230907KABKOTA,Pelalawan,,1.077443852,7.46682963302,4326,4,,,Pelalawan,Riau,,0,Kampar,,2019-07,0.27036451680766777,7,0.27036451680766777,VIIRS DNB,nW/cm2/sr,2019,"{""type"":""MultiPoint"",""coordinates"":[]}"
66_0000000000000000000a,BA03050040,,,,,,,14.06,14,7658.14908776,TASWIL5000020230907KABKOTA,Rokan Hulu,,0.622243411779,6.12306366434,4326,4,,,Rokan Hulu,Riau,,0,Kampar,,2019-07,0.24781185535764066,7,0.24781185535764066,VIIRS DNB,nW/cm2/sr,2019,"{""type"":""MultiPoint"",""coordinates"":[]}"
66_00000000000000000006,BA03050040,,,,,,,14.71,14,638.331320853,TASWIL5000020230907KABKOTA,Kota Pekanbaru,,0.0518609743118,1.42760792315,4326,5,,,Kota Pekanbaru,Riau,,0,,,2019-07,6.376644477572516,7,6.376644477572516,VIIRS DNB,nW/cm2/sr,2019,"{""type"":""MultiPoint"",""coordinates"":[]}"
66_00000000000000000005,BA03050040,,,,,,,14.72,14,2059.61276209,TASWIL5000020230907KABKOTA,Kota Dumai,,0.167408051519,2.69322296248,4326,5,,,Kota Dumai,Riau,,0,Bengkalis,,2019-07,1.1924952145041723,7,1.1924952145041723,VIIRS DNB,nW/cm2/sr,2019,"{""type"":""MultiPoint"",""coordinates"":[]}"
67_00000000000000000000,BA03050040,,,,,,,14.03,14,8616.35798018,TASWIL5000020230907KABKOTA,Bengkalis,,0.700215051782,7.82147949106,4326,4,,,Bengkalis,Riau,,0,,,2019-08,0.5335703074706626,8,0.5335703074706626,VIIRS DNB,nW/cm2/sr,2019,"{""type"":""MultiPoint"",""coordinates"":[]}"
67_00000000000000000001,BA03050040,,,,,,,14.04,14,13521.2628347,TASWIL5000020230907KABKOTA,Indragiri Hilir,,1.09851042149,7.37231237531,4326,4,,,Indragiri Hilir,Riau,,0,,,2019-08,0.18383694672543366,8,0.18383694672543366,VIIRS DNB,nW/cm2/sr,2019,"{""type"":""MultiPoint"",""coordinates"":[]}"
67_00000000000000000002,BA03050040,,,,,,,14.02,14,7871.84968405,TASWIL5000020230907KABKOTA,Indragiri Hulu,,0.63955084852,4.58568097253,4326,4,,,Indragiri Hulu,Riau,,0,,,2019-08,0.1908740489124309,8,0.1908740489124309,VIIRS DNB,nW/cm2/sr,2019,"{""type"":""MultiPoint"",""coordinates"":[]}"
67_00000000000000000003,BA03050040,,,,,,,14.01,14,10352.8025325,TASWIL5000020230907KABKOTA,Kampar,,0.841096503879,7.83544312369,4326,4,,,Kampar,Riau,,0,,,2019-08,0.47463970092712565,8,0.47463970092712565,VIIRS DNB,nW/cm2/sr,2019,"{""type"":""MultiPoint"",""coordinates"":[]}"
67_00000000000000000004,BA03050040,,,,,,,14.10,14,3623.55847532,TASWIL5000020230907KABKOTA,Kepulauan Meranti,,0.294426091439,5.55830216947,4326,4,,,Kepulauan Meranti,Riau,,0,Bengkalis,,2019-08,0.2398656777278262,8,0.2398656777278262,VIIRS DNB,nW/cm2/sr,2019,"{""type"":""MultiPoint"",""coordinates"":[]}"
67_00000000000000000009,BA03050040,,,,,,,14.07,14,9068.45847884,TASWIL5000020230907KABKOTA,Rokan Hilir,,0.737081443501,6.32413452193,4326,4,,,Rokan Hilir,Riau,,0,Bengkalis,,2019-08,0.29865440840422663,8,0.29865440840422663,VIIRS DNB,nW/cm2/sr,2019,"{""type"":""MultiPoint"",""coordinates"":[]}"
67_0000000000000000000b,BA03050040,,,,,,,14.08,14,7805.53759098,TASWIL5000020230907KABKOTA,Siak,,0.634194327848,6.48953973447,4326,4,,,Siak,Riau,,0,Bengkalis,,2019-08,0.6420023417365756,8,0.6420023417365756,VIIRS DNB,nW/cm2/sr,2019,"{""type"":""MultiPoint"",""coordinates"":[]}"
67_00000000000000000007,BA03050040,,,,,,,14.09,14,5457.8626224,TASWIL5000020230907KABKOTA,Kuantan Singingi,,0.443419280545,4.11162115584,4326,4,,,Kuantan Singingi,Riau,,0,Indragiri hulu,,2019-08,0.16726115499817695,8,0.16726115499817695,VIIRS DNB,nW/cm2/sr,2019,"{""type"":""MultiPoint"",""coordinates"":[]}"
67_00000000000000000008,BA03050040,,,,,,,14.05,14,13262.1130957,TASWIL5000020230907KABKOTA,Pelalawan,,1.077443852,7.46682963302,4326,4,,,Pelalawan,Riau,,0,Kampar,,2019-08,0.25923154900959483,8,0.25923154900959483,VIIRS DNB,nW/cm2/sr,2019,"{""type"":""MultiPoint"",""coordinates"":[]}"
67_0000000000000000000a,BA03050040,,,,,,,14.06,14,7658.14908776,TASWIL5000020230907KABKOTA,Rokan Hulu,,0.622243411779,6.12306366434,4326,4,,,Rokan Hulu,Riau,,0,Kampar,,2019-08,0.20922158790026663,8,0.20922158790026663,VIIRS DNB,nW/cm2/sr,2019,"{""type"":""MultiPoint"",""coordinates"":[]}"
67_00000000000000000006,BA03050040,,,,,,,14.71,14,638.331320853,TASWIL5000020230907KABKOTA,Kota Pekanbaru,,0.0518609743118,1.42760792315,4326,5,,,Kota Pekanbaru,Riau,,0,,,2019-08,6.908487338131153,8,6.908487338131153,VIIRS DNB,nW/cm2/sr,2019,"{""type"":""MultiPoint"",""coordinates"":[]}"
67_00000000000000000005,BA03050040,,,,,,,14.72,14,2059.61276209,TASWIL5000020230907KABKOTA,Kota Dumai,,0.167408051519,2.69322296248,4326,5,,,Kota Dumai,Riau,,0,Bengkalis,,2019-08,1.2150421777639608,8,1.2150421777639608,VIIRS DNB,nW/cm2/sr,2019,"{""type"":""MultiPoint"",""coordinates"":[]}"
68_00000000000000000000,BA03050040,,,,,,,14.03,14,8616.35798018,TASWIL5000020230907KABKOTA,Bengkalis,,0.700215051782,7.82147949106,4326,4,,,Bengkalis,Riau,,0,,,2019-09,0.43228006811406783,9,0.43228006811406783,VIIRS DNB,nW/cm2/sr,2019,"{""type"":""MultiPoint"",""coordinates"":[]}"
68_00000000000000000001,BA03050040,,,,,,,14.04,14,13521.2628347,TASWIL5000020230907KABKOTA,Indragiri Hilir,,1.09851042149,7.37231237531,4326,4,,,Indragiri Hilir,Riau,,0,,,2019-09,0.15626437322070239,9,0.15626437322070239,VIIRS DNB,nW/cm2/sr,2019,"{""type"":""MultiPoint"",""coordinates"":[]}"
68_00000000000000000002,BA03050040,,,,,,,14.02,14,7871.84968405,TASWIL5000020230907KABKOTA,Indragiri Hulu,,0.63955084852,4.58568097253,4326,4,,,Indragiri Hulu,Riau,,0,,,2019-09,0.2143984225877217,9,0.2143984225877217,VIIRS DNB,nW/cm2/sr,2019,"{""type"":""MultiPoint"",""coordinates"":[]}"
68_00000000000000000003,BA03050040,,,,,,,14.01,14,10352.8025325,TASWIL5000020230907KABKOTA,Kampar,,0.841096503879,7.83544312369,4326,4,,,Kampar,Riau,,0,,,2019-09,0.45453102722870886,9,0.45453102722870886,VIIRS DNB,nW/cm2/sr,2019,"{""type"":""MultiPoint"",""coordinates"":[]}"
68_00000000000000000004,BA03050040,,,,,,,14.10,14,3623.55847532,TASWIL5000020230907KABKOTA,Kepulauan Meranti,,0.294426091439,5.55830216947,4326,4,,,Kepulauan Meranti,Riau,,0,Bengkalis,,2019-09,0.2158425345748204,9,0.2158425345748204,VIIRS DNB,nW/cm2/sr,2019,"{""type"":""MultiPoint"",""coordinates"":[]}"
68_00000000000000000009,BA03050040,,,,,,,14.07,14,9068.45847884,TASWIL5000020230907KABKOTA,Rokan Hilir,,0.737081443501,6.32413452193,4326,4,,,Rokan Hilir,Riau,,0,Bengkalis,,2019-09,0.3152734407865327,9,0.3152734407865327,VIIRS DNB,nW/cm2/sr,2019,"{""type"":""MultiPoint"",""coordinates"":[]}"
68_0000000000000000000b,BA03050040,,,,,,,14.08,14,7805.53759098,TASWIL5000020230907KABKOTA,Siak,,0.634194327848,6.48953973447,4326,4,,,Siak,Riau,,0,Bengkalis,,2019-09,0.552460171472519,9,0.552460171472519,VIIRS DNB,nW/cm2/sr,2019,"{""type"":""MultiPoint"",""coordinates"":[]}"
68_00000000000000000007,BA03050040,,,,,,,14.09,14,5457.8626224,TASWIL5000020230907KABKOTA,Kuantan Singingi,,0.443419280545,4.11162115584,4326,4,,,Kuantan Singingi,Riau,,0,Indragiri hulu,,2019-09,0.17225169392622158,9,0.17225169392622158,VIIRS DNB,nW/cm2/sr,2019,"{""type"":""MultiPoint"",""coordinates"":[]}"
68_00000000000000000008,BA03050040,,,,,,,14.05,14,13262.1130957,TASWIL5000020230907KABKOTA,Pelalawan,,1.077443852,7.46682963302,4326,4,,,Pelalawan,Riau,,0,Kampar,,2019-09,0.24881878122598475,9,0.24881878122598475,VIIRS DNB,nW/cm2/sr,2019,"{""type"":""MultiPoint"",""coordinates"":[]}"
68_0000000000000000000a,BA03050040,,,,,,,14.06,14,7658.14908776,TASWIL5000020230907KABKOTA,Rokan Hulu,,0.622243411779,6.12306366434,4326,4,,,Rokan Hulu,Riau,,0,Kampar,,2019-09,0.17712448687171295,9,0.17712448687171295,VIIRS DNB,nW/cm2/sr,2019,"{""type"":""MultiPoint"",""coordinates"":[]}"
68_00000000000000000006,BA03050040,,,,,,,14.71,14,638.331320853,TASWIL5000020230907KABKOTA,Kota Pekanbaru,,0.0518609743118,1.42760792315,4326,5,,,Kota Pekanbaru,Riau,,0,,,2019-09,6.454288130217185,9,6.454288130217185,VIIRS DNB,nW/cm2/sr,2019,"{""type"":""MultiPoint"",""coordinates"":[]}"
68_00000000000000000005,BA03050040,,,,,,,14.72,14,2059.61276209,TASWIL5000020230907KABKOTA,Kota Dumai,,0.167408051519,2.69322296248,4326,5,,,Kota Dumai,Riau,,0,Bengkalis,,2019-09,0.933923848918587,9,0.933923848918587,VIIRS DNB,nW/cm2/sr,2019,"{""type"":""MultiPoint"",""coordinates"":[]}"
69_00000000000000000000,BA03050040,,,,,,,14.03,14,8616.35798018,TASWIL5000020230907KABKOTA,Bengkalis,,0.700215051782,7.82147949106,4326,4,,,Bengkalis,Riau,,0,,,2019-10,0.5842845650721847,10,0.5842845650721847,VIIRS DNB,nW/cm2/sr,2019,"{""type"":""MultiPoint"",""coordinates"":[]}"
69_00000000000000000001,BA03050040,,,,,,,14.04,14,13521.2628347,TASWIL5000020230907KABKOTA,Indragiri Hilir,,1.09851042149,7.37231237531,4326,4,,,Indragiri Hilir,Riau,,0,,,2019-10,0.2411931931258025,10,0.2411931931258025,VIIRS DNB,nW/cm2/sr,2019,"{""type"":""MultiPoint"",""coordinates"":[]}"
69_00000000000000000002,BA03050040,,,,,,,14.02,14,7871.84968405,TASWIL5000020230907KABKOTA,Indragiri Hulu,,0.63955084852,4.58568097253,4326,4,,,Indragiri Hulu,Riau,,0,,,2019-10,0.27851922898909814,10,0.27851922898909814,VIIRS DNB,nW/cm2/sr,2019,"{""type"":""MultiPoint"",""coordinates"":[]}"
69_00000000000000000003,BA03050040,,,,,,,14.01,14,10352.8025325,TASWIL5000020230907KABKOTA,Kampar,,0.841096503879,7.83544312369,4326,4,,,Kampar,Riau,,0,,,2019-10,0.5370827999252087,10,0.5370827999252087,VIIRS DNB,nW/cm2/sr,2019,"{""type"":""MultiPoint"",""coordinates"":[]}"
69_00000000000000000004,BA03050040,,,,,,,14.10,14,3623.55847532,TASWIL5000020230907KABKOTA,Kepulauan Meranti,,0.294426091439,5.55830216947,4326,4,,,Kepulauan Meranti,Riau,,0,Bengkalis,,2019-10,0.2623242513449227,10,0.2623242513449227,VIIRS DNB,nW/cm2/sr,2019,"{""type"":""MultiPoint"",""coordinates"":[]}"
69_00000000000000000009,BA03050040,,,,,,,14.07,14,9068.45847884,TASWIL5000020230907KABKOTA,Rokan Hilir,,0.737081443501,6.32413452193,4326,4,,,Rokan Hilir,Riau,,0,Bengkalis,,2019-10,0.2987729290252823,10,0.2987729290252823,VIIRS DNB,nW/cm2/sr,2019,"{""type"":""MultiPoint"",""coordinates"":[]}"
69_0000000000000000000b,BA03050040,,,,,,,14.08,14,7805.53759098,TASWIL5000020230907KABKOTA,Siak,,0.634194327848,6.48953973447,4326,4,,,Siak,Riau,,0,Bengkalis,,2019-10,0.5935120576611334,10,0.5935120576611334,VIIRS DNB,nW/cm2/sr,2019,"{""type"":""MultiPoint"",""coordinates"":[]}"
69_00000000000000000007,BA03050040,,,,,,,14.09,14,5457.8626224,TASWIL5000020230907KABKOTA,Kuantan Singingi,,0.443419280545,4.11162115584,4326,4,,,Kuantan Singingi,Riau,,0,Indragiri hulu,,2019-10,0.2425216796686789,10,0.2425216796686789,VIIRS DNB,nW/cm2/sr,2019,"{""type"":""MultiPoint"",""coordinates"":[]}"
69_00000000000000000008,BA03050040,,,,,,,14.05,14,13262.1130957,TASWIL5000020230907KABKOTA,Pelalawan,,1.077443852,7.46682963302,4326,4,,,Pelalawan,Riau,,0,Kampar,,2019-10,0.290883937874957,10,0.290883937874957,VIIRS DNB,nW/cm2/sr,2019,"{""type"":""MultiPoint"",""coordinates"":[]}"
69_0000000000000000000a,BA03050040,,,,,,,14.06,14,7658.14908776,TASWIL5000020230907KABKOTA,Rokan Hulu,,0.622243411779,6.12306366434,4326,4,,,Rokan Hulu,Riau,,0,Kampar,,2019-10,0.2458856836836632,10,0.2458856836836632,VIIRS DNB,nW/cm2/sr,2019,"{""type"":""MultiPoint"",""coordinates"":[]}"
69_00000000000000000006,BA03050040,,,,,,,14.71,14,638.331320853,TASWIL5000020230907KABKOTA,Kota Pekanbaru,,0.0518609743118,1.42760792315,4326,5,,,Kota Pekanbaru,Riau,,0,,,2019-10,6.025943170731772,10,6.025943170731772,VIIRS DNB,nW/cm2/sr,2019,"{""type"":""MultiPoint"",""coordinates"":[]}"
69_00000000000000000005,BA03050040,,,,,,,14.72,14,2059.61276209,TASWIL5000020230907KABKOTA,Kota Dumai,,0.167408051519,2.69322296248,4326,5,,,Kota Dumai,Riau,,0,Bengkalis,,2019-10,0.9115460610175548,10,0.9115460610175548,VIIRS DNB,nW/cm2/sr,2019,"{""type"":""MultiPoint"",""coordinates"":[]}"
70_00000000000000000000,BA03050040,,,,,,,14.03,14,8616.35798018,TASWIL5000020230907KABKOTA,Bengkalis,,0.700215051782,7.82147949106,4326,4,,,Bengkalis,Riau,,0,,,2019-11,0.5164124764882011,11,0.5164124764882011,VIIRS DNB,nW/cm2/sr,2019,"{""type"":""MultiPoint"",""coordinates"":[]}"
70_00000000000000000001,BA03050040,,,,,,,14.04,14,13521.2628347,TASWIL5000020230907KABKOTA,Indragiri Hilir,,1.09851042149,7.37231237531,4326,4,,,Indragiri Hilir,Riau,,0,,,2019-11,0.21347530365336323,11,0.21347530365336323,VIIRS DNB,nW/cm2/sr,2019,"{""type"":""MultiPoint"",""coordinates"":[]}"
70_00000000000000000002,BA03050040,,,,,,,14.02,14,7871.84968405,TASWIL5000020230907KABKOTA,Indragiri Hulu,,0.63955084852,4.58568097253,4326,4,,,Indragiri Hulu,Riau,,0,,,2019-11,0.24670807962155425,11,0.24670807962155425,VIIRS DNB,nW/cm2/sr,2019,"{""type"":""MultiPoint"",""coordinates"":[]}"
70_00000000000000000003,BA03050040,,,,,,,14.01,14,10352.8025325,TASWIL5000020230907KABKOTA,Kampar,,0.841096503879,7.83544312369,4326,4,,,Kampar,Riau,,0,,,2019-11,0.5224995048737724,11,0.5224995048737724,VIIRS DNB,nW/cm2/sr,2019,"{""type"":""MultiPoint"",""coordinates"":[]}"
70_00000000000000000004,BA03050040,,,,,,,14.10,14,3623.55847532,TASWIL5000020230907KABKOTA,Kepulauan Meranti,,0.294426091439,5.55830216947,4326,4,,,Kepulauan Meranti,Riau,,0,Bengkalis,,2019-11,0.23395575790321071,11,0.23395575790321071,VIIRS DNB,nW/cm2/sr,2019,"{""type"":""MultiPoint"",""coordinates"":[]}"
70_00000000000000000009,BA03050040,,,,,,,14.07,14,9068.45847884,TASWIL5000020230907KABKOTA,Rokan Hilir,,0.737081443501,6.32413452193,4326,4,,,Rokan Hilir,Riau,,0,Bengkalis,,2019-11,0.2574765833484011,11,0.2574765833484011,VIIRS DNB,nW/cm2/sr,2019,"{""type"":""MultiPoint"",""coordinates"":[]}"
70_0000000000000000000b,BA03050040,,,,,,,14.08,14,7805.53759098,TASWIL5000020230907KABKOTA,Siak,,0.634194327848,6.48953973447,4326,4,,,Siak,Riau,,0,Bengkalis,,2019-11,0.6386693482675458,11,0.6386693482675458,VIIRS DNB,nW/cm2/sr,2019,"{""type"":""MultiPoint"",""coordinates"":[]}"
70_00000000000000000007,BA03050040,,,,,,,14.09,14,5457.8626224,TASWIL5000020230907KABKOTA,Kuantan Singingi,,0.443419280545,4.11162115584,4326,4,,,Kuantan Singingi,Riau,,0,Indragiri hulu,,2019-11,0.2335171951458772,11,0.2335171951458772,VIIRS DNB,nW/cm2/sr,2019,"{""type"":""MultiPoint"",""coordinates"":[]}"
70_00000000000000000008,BA03050040,,,,,,,14.05,14,13262.1130957,TASWIL5000020230907KABKOTA,Pelalawan,,1.077443852,7.46682963302,4326,4,,,Pelalawan,Riau,,0,Kampar,,2019-11,0.28301445465742764,11,0.28301445465742764,VIIRS DNB,nW/cm2/sr,2019,"{""type"":""MultiPoint"",""coordinates"":[]}"
70_0000000000000000000a,BA03050040,,,,,,,14.06,14,7658.14908776,TASWIL5000020230907KABKOTA,Rokan Hulu,,0.622243411779,6.12306366434,4326,4,,,Rokan Hulu,Riau,,0,Kampar,,2019-11,0.28033867028836695,11,0.28033867028836695,VIIRS DNB,nW/cm2/sr,2019,"{""type"":""MultiPoint"",""coordinates"":[]}"
70_00000000000000000006,BA03050040,,,,,,,14.71,14,638.331320853,TASWIL5000020230907KABKOTA,Kota Pekanbaru,,0.0518609743118,1.42760792315,4326,5,,,Kota Pekanbaru,Riau,,0,,,2019-11,5.79035887573244,11,5.79035887573244,VIIRS DNB,nW/cm2/sr,2019,"{""type"":""MultiPoint"",""coordinates"":[]}"
70_00000000000000000005,BA03050040,,,,,,,14.72,14,2059.61276209,TASWIL5000020230907KABKOTA,Kota Dumai,,0.167408051519,2.69322296248,4326,5,,,Kota Dumai,Riau,,0,Bengkalis,,2019-11,1.4128834836060125,11,1.4128834836060125,VIIRS DNB,nW/cm2/sr,2019,"{""type"":""MultiPoint"",""coordinates"":[]}"
71_00000000000000000000,BA03050040,,,,,,,14.03,14,8616.35798018,TASWIL5000020230907KABKOTA,Bengkalis,,0.700215051782,7.82147949106,4326,4,,,Bengkalis,Riau,,0,,,2019-12,0.5165716957119255,12,0.5165716957119255,VIIRS DNB,nW/cm2/sr,2019,"{""type"":""MultiPoint"",""coordinates"":[]}"
71_00000000000000000001,BA03050040,,,,,,,14.04,14,13521.2628347,TASWIL5000020230907KABKOTA,Indragiri Hilir,,1.09851042149,7.37231237531,4326,4,,,Indragiri Hilir,Riau,,0,,,2019-12,0.19548538629219986,12,0.19548538629219986,VIIRS DNB,nW/cm2/sr,2019,"{""type"":""MultiPoint"",""coordinates"":[]}"
71_00000000000000000002,BA03050040,,,,,,,14.02,14,7871.84968405,TASWIL5000020230907KABKOTA,Indragiri Hulu,,0.63955084852,4.58568097253,4326,4,,,Indragiri Hulu,Riau,,0,,,2019-12,0.25297095939201103,12,0.25297095939201103,VIIRS DNB,nW/cm2/sr,2019,"{""type"":""MultiPoint"",""coordinates"":[]}"
71_00000000000000000003,BA03050040,,,,,,,14.01,14,10352.8025325,TASWIL5000020230907KABKOTA,Kampar,,0.841096503879,7.83544312369,4326,4,,,Kampar,Riau,,0,,,2019-12,0.44501123821933364,12,0.44501123821933364,VIIRS DNB,nW/cm2/sr,2019,"{""type"":""MultiPoint"",""coordinates"":[]}"
71_00000000000000000004,BA03050040,,,,,,,14.10,14,3623.55847532,TASWIL5000020230907KABKOTA,Kepulauan Meranti,,0.294426091439,5.55830216947,4326,4,,,Kepulauan Meranti,Riau,,0,Bengkalis,,2019-12,0.2279495882903486,12,0.2279495882903486,VIIRS DNB,nW/cm2/sr,2019,"{""type"":""MultiPoint"",""coordinates"":[]}"
71_00000000000000000009,BA03050040,,,,,,,14.07,14,9068.45847884,TASWIL5000020230907KABKOTA,Rokan Hilir,,0.737081443501,6.32413452193,4326,4,,,Rokan Hilir,Riau,,0,Bengkalis,,2019-12,0.26727488251465453,12,0.26727488251465453,VIIRS DNB,nW/cm2/sr,2019,"{""type"":""MultiPoint"",""coordinates"":[]}"
71_0000000000000000000b,BA03050040,,,,,,,14.08,14,7805.53759098,TASWIL5000020230907KABKOTA,Siak,,0.634194327848,6.48953973447,4326,4,,,Siak,Riau,,0,Bengkalis,,2019-12,0.5937728199592746,12,0.5937728199592746,VIIRS DNB,nW/cm2/sr,2019,"{""type"":""MultiPoint"",""coordinates"":[]}"
71_00000000000000000007,BA03050040,,,,,,,14.09,14,5457.8626224,TASWIL5000020230907KABKOTA,Kuantan Singingi,,0.443419280545,4.11162115584,4326,4,,,Kuantan Singingi,Riau,,0,Indragiri hulu,,2019-12,0.26713605353006575,12,0.26713605353006575,VIIRS DNB,nW/cm2/sr,2019,"{""type"":""MultiPoint"",""coordinates"":[]}"
71_00000000000000000008,BA03050040,,,,,,,14.05,14,13262.1130957,TASWIL5000020230907KABKOTA,Pelalawan,,1.077443852,7.46682963302,4326,4,,,Pelalawan,Riau,,0,Kampar,,2019-12,0.27214188529985234,12,0.27214188529985234,VIIRS DNB,nW/cm2/sr,2019,"{""type"":""MultiPoint"",""coordinates"":[]}"
71_0000000000000000000a,BA03050040,,,,,,,14.06,14,7658.14908776,TASWIL5000020230907KABKOTA,Rokan Hulu,,0.622243411779,6.12306366434,4326,4,,,Rokan Hulu,Riau,,0,Kampar,,2019-12,0.27173345878172667,12,0.27173345878172667,VIIRS DNB,nW/cm2/sr,2019,"{""type"":""MultiPoint"",""coordinates"":[]}"
71_00000000000000000006,BA03050040,,,,,,,14.71,14,638.331320853,TASWIL5000020230907KABKOTA,Kota Pekanbaru,,0.0518609743118,1.42760792315,4326,5,,,Kota Pekanbaru,Riau,,0,,,2019-12,4.6739277630000196,12,4.6739277630000196,VIIRS DNB,nW/cm2/sr,2019,"{""type"":""MultiPoint"",""coordinates"":[]}"
71_00000000000000000005,BA03050040,,,,,,,14.72,14,2059.61276209,TASWIL5000020230907KABKOTA,Kota Dumai,,0.167408051519,2.69322296248,4326,5,,,Kota Dumai,Riau,,0,Bengkalis,,2019-12,1.217099496972098,12,1.217099496972098,VIIRS DNB,nW/cm2/sr,2019,"{""type"":""MultiPoint"",""coordinates"":[]}"
72_00000000000000000000,BA03050040,,,,,,,14.03,14,8616.35798018,TASWIL5000020230907KABKOTA,Bengkalis,,0.700215051782,7.82147949106,4326,4,,,Bengkalis,Riau,,0,,,2020-01,0.3948306014190633,1,0.3948306014190633,VIIRS DNB,nW/cm2/sr,2020,"{""type"":""MultiPoint"",""coordinates"":[]}"
72_00000000000000000001,BA03050040,,,,,,,14.04,14,13521.2628347,TASWIL5000020230907KABKOTA,Indragiri Hilir,,1.09851042149,7.37231237531,4326,4,,,Indragiri Hilir,Riau,,0,,,2020-01,0.08867246711832115,1,0.08867246711832115,VIIRS DNB,nW/cm2/sr,2020,"{""type"":""MultiPoint"",""coordinates"":[]}"
72_00000000000000000002,BA03050040,,,,,,,14.02,14,7871.84968405,TASWIL5000020230907KABKOTA,Indragiri Hulu,,0.63955084852,4.58568097253,4326,4,,,Indragiri Hulu,Riau,,0,,,2020-01,0.13878350918890464,1,0.13878350918890464,VIIRS DNB,nW/cm2/sr,2020,"{""type"":""MultiPoint"",""coordinates"":[]}"
72_00000000000000000003,BA03050040,,,,,,,14.01,14,10352.8025325,TASWIL5000020230907KABKOTA,Kampar,,0.841096503879,7.83544312369,4326,4,,,Kampar,Riau,,0,,,2020-01,0.32492131814444536,1,0.32492131814444536,VIIRS DNB,nW/cm2/sr,2020,"{""type"":""MultiPoint"",""coordinates"":[]}"
72_00000000000000000004,BA03050040,,,,,,,14.10,14,3623.55847532,TASWIL5000020230907KABKOTA,Kepulauan Meranti,,0.294426091439,5.55830216947,4326,4,,,Kepulauan Meranti,Riau,,0,Bengkalis,,2020-01,0.13195393336067437,1,0.13195393336067437,VIIRS DNB,nW/cm2/sr,2020,"{""type"":""MultiPoint"",""coordinates"":[]}"
72_00000000000000000009,BA03050040,,,,,,,14.07,14,9068.45847884,TASWIL5000020230907KABKOTA,Rokan Hilir,,0.737081443501,6.32413452193,4326,4,,,Rokan Hilir,Riau,,0,Bengkalis,,2020-01,0.16547659709628237,1,0.16547659709628237,VIIRS DNB,nW/cm2/sr,2020,"{""type"":""MultiPoint"",""coordinates"":[]}"
72_0000000000000000000b,BA03050040,,,,,,,14.08,14,7805.53759098,TASWIL5000020230907KABKOTA,Siak,,0.634194327848,6.48953973447,4326,4,,,Siak,Riau,,0,Bengkalis,,2020-01,0.4570680330274544,1,0.4570680330274544,VIIRS DNB,nW/cm2/sr,2020,"{""type"":""MultiPoint"",""coordinates"":[]}"
72_00000000000000000007,BA03050040,,,,,,,14.09,14,5457.8626224,TASWIL5000020230907KABKOTA,Kuantan Singingi,,0.443419280545,4.11162115584,4326,4,,,Kuantan Singingi,Riau,,0,Indragiri hulu,,2020-01,0.10742649572047726,1,0.10742649572047726,VIIRS DNB,nW/cm2/sr,2020,"{""type"":""MultiPoint"",""coordinates"":[]}"
72_00000000000000000008,BA03050040,,,,,,,14.05,14,13262.1130957,TASWIL5000020230907KABKOTA,Pelalawan,,1.077443852,7.46682963302,4326,4,,,Pelalawan,Riau,,0,Kampar,,2020-01,0.13207783048566926,1,0.13207783048566926,VIIRS DNB,nW/cm2/sr,2020,"{""type"":""MultiPoint"",""coordinates"":[]}"
72_0000000000000000000a,BA03050040,,,,,,,14.06,14,7658.14908776,TASWIL5000020230907KABKOTA,Rokan Hulu,,0.622243411779,6.12306366434,4326,4,,,Rokan Hulu,Riau,,0,Kampar,,2020-01,0.1367071005641324,1,0.1367071005641324,VIIRS DNB,nW/cm2/sr,2020,"{""type"":""MultiPoint"",""coordinates"":[]}"
72_00000000000000000006,BA03050040,,,,,,,14.71,14,638.331320853,TASWIL5000020230907KABKOTA,Kota Pekanbaru,,0.0518609743118,1.42760792315,4326,5,,,Kota Pekanbaru,Riau,,0,,,2020-01,5.773628076648777,1,5.773628076648777,VIIRS DNB,nW/cm2/sr,2020,"{""type"":""MultiPoint"",""coordinates"":[]}"
72_00000000000000000005,BA03050040,,,,,,,14.72,14,2059.61276209,TASWIL5000020230907KABKOTA,Kota Dumai,,0.167408051519,2.69322296248,4326,5,,,Kota Dumai,Riau,,0,Bengkalis,,2020-01,0.9945497928110352,1,0.9945497928110352,VIIRS DNB,nW/cm2/sr,2020,"{""type"":""MultiPoint"",""coordinates"":[]}"
73_00000000000000000000,BA03050040,,,,,,,14.03,14,8616.35798018,TASWIL5000020230907KABKOTA,Bengkalis,,0.700215051782,7.82147949106,4326,4,,,Bengkalis,Riau,,0,,,2020-02,0.7397224037195738,2,0.7397224037195738,VIIRS DNB,nW/cm2/sr,2020,"{""type"":""MultiPoint"",""coordinates"":[]}"
73_00000000000000000001,BA03050040,,,,,,,14.04,14,13521.2628347,TASWIL5000020230907KABKOTA,Indragiri Hilir,,1.09851042149,7.37231237531,4326,4,,,Indragiri Hilir,Riau,,0,,,2020-02,0.370012925284104,2,0.370012925284104,VIIRS DNB,nW/cm2/sr,2020,"{""type"":""MultiPoint"",""coordinates"":[]}"
73_00000000000000000002,BA03050040,,,,,,,14.02,14,7871.84968405,TASWIL5000020230907KABKOTA,Indragiri Hulu,,0.63955084852,4.58568097253,4326,4,,,Indragiri Hulu,Riau,,0,,,2020-02,0.39307074036292644,2,0.39307074036292644,VIIRS DNB,nW/cm2/sr,2020,"{""type"":""MultiPoint"",""coordinates"":[]}"
73_00000000000000000003,BA03050040,,,,,,,14.01,14,10352.8025325,TASWIL5000020230907KABKOTA,Kampar,,0.841096503879,7.83544312369,4326,4,,,Kampar,Riau,,0,,,2020-02,0.6464082490966484,2,0.6464082490966484,VIIRS DNB,nW/cm2/sr,2020,"{""type"":""MultiPoint"",""coordinates"":[]}"
73_00000000000000000004,BA03050040,,,,,,,14.10,14,3623.55847532,TASWIL5000020230907KABKOTA,Kepulauan Meranti,,0.294426091439,5.55830216947,4326,4,,,Kepulauan Meranti,Riau,,0,Bengkalis,,2020-02,0.4557929429297048,2,0.4557929429297048,VIIRS DNB,nW/cm2/sr,2020,"{""type"":""MultiPoint"",""coordinates"":[]}"
73_00000000000000000009,BA03050040,,,,,,,14.07,14,9068.45847884,TASWIL5000020230907KABKOTA,Rokan Hilir,,0.737081443501,6.32413452193,4326,4,,,Rokan Hilir,Riau,,0,Bengkalis,,2020-02,0.5064043325017242,2,0.5064043325017242,VIIRS DNB,nW/cm2/sr,2020,"{""type"":""MultiPoint"",""coordinates"":[]}"
73_0000000000000000000b,BA03050040,,,,,,,14.08,14,7805.53759098,TASWIL5000020230907KABKOTA,Siak,,0.634194327848,6.48953973447,4326,4,,,Siak,Riau,,0,Bengkalis,,2020-02,0.7380805341979394,2,0.7380805341979394,VIIRS DNB,nW/cm2/sr,2020,"{""type"":""MultiPoint"",""coordinates"":[]}"
73_00000000000000000007,BA03050040,,,,,,,14.09,14,5457.8626224,TASWIL5000020230907KABKOTA,Kuantan Singingi,,0.443419280545,4.11162115584,4326,4,,,Kuantan Singingi,Riau,,0,Indragiri hulu,,2020-02,0.40919588280307073,2,0.40919588280307073,VIIRS DNB,nW/cm2/sr,2020,"{""type"":""MultiPoint"",""coordinates"":[]}"
73_00000000000000000008,BA03050040,,,,,,,14.05,14,13262.1130957,TASWIL5000020230907KABKOTA,Pelalawan,,1.077443852,7.46682963302,4326,4,,,Pelalawan,Riau,,0,Kampar,,2020-02,0.45528920970197173,2,0.45528920970197173,VIIRS DNB,nW/cm2/sr,2020,"{""type"":""MultiPoint"",""coordinates"":[]}"
73_0000000000000000000a,BA03050040,,,,,,,14.06,14,7658.14908776,TASWIL5000020230907KABKOTA,Rokan Hulu,,0.622243411779,6.12306366434,4326,4,,,Rokan Hulu,Riau,,0,Kampar,,2020-02,0.4450958241171135,2,0.4450958241171135,VIIRS DNB,nW/cm2/sr,2020,"{""type"":""MultiPoint"",""coordinates"":[]}"
73_00000000000000000006,BA03050040,,,,,,,14.71,14,638.331320853,TASWIL5000020230907KABKOTA,Kota Pekanbaru,,0.0518609743118,1.42760792315,4326,5,,,Kota Pekanbaru,Riau,,0,,,2020-02,6.727717308911249,2,6.727717308911249,VIIRS DNB,nW/cm2/sr,2020,"{""type"":""MultiPoint"",""coordinates"":[]}"
73_00000000000000000005,BA03050040,,,,,,,14.72,14,2059.61276209,TASWIL5000020230907KABKOTA,Kota Dumai,,0.167408051519,2.69322296248,4326,5,,,Kota Dumai,Riau,,0,Bengkalis,,2020-02,1.389071447616647,2,1.389071447616647,VIIRS DNB,nW/cm2/sr,2020,"{""type"":""MultiPoint"",""coordinates"":[]}"
74_00000000000000000000,BA03050040,,,,,,,14.03,14,8616.35798018,TASWIL5000020230907KABKOTA,Bengkalis,,0.700215051782,7.82147949106,4326,4,,,Bengkalis,Riau,,0,,,2020-03,0.7754468915841325,3,0.7754468915841325,VIIRS DNB,nW/cm2/sr,2020,"{""type"":""MultiPoint"",""coordinates"":[]}"
74_00000000000000000001,BA03050040,,,,,,,14.04,14,13521.2628347,TASWIL5000020230907KABKOTA,Indragiri Hilir,,1.09851042149,7.37231237531,4326,4,,,Indragiri Hilir,Riau,,0,,,2020-03,0.43864946791402354,3,0.43864946791402354,VIIRS DNB,nW/cm2/sr,2020,"{""type"":""MultiPoint"",""coordinates"":[]}"
74_00000000000000000002,BA03050040,,,,,,,14.02,14,7871.84968405,TASWIL5000020230907KABKOTA,Indragiri Hulu,,0.63955084852,4.58568097253,4326,4,,,Indragiri Hulu,Riau,,0,,,2020-03,0.4236053668641187,3,0.4236053668641187,VIIRS DNB,nW/cm2/sr,2020,"{""type"":""MultiPoint"",""coordinates"":[]}"
74_00000000000000000003,BA03050040,,,,,,,14.01,14,10352.8025325,TASWIL5000020230907KABKOTA,Kampar,,0.841096503879,7.83544312369,4326,4,,,Kampar,Riau,,0,,,2020-03,0.7470529494743554,3,0.7470529494743554,VIIRS DNB,nW/cm2/sr,2020,"{""type"":""MultiPoint"",""coordinates"":[]}"
74_00000000000000000004,BA03050040,,,,,,,14.10,14,3623.55847532,TASWIL5000020230907KABKOTA,Kepulauan Meranti,,0.294426091439,5.55830216947,4326,4,,,Kepulauan Meranti,Riau,,0,Bengkalis,,2020-03,0.4478811955067009,3,0.4478811955067009,VIIRS DNB,nW/cm2/sr,2020,"{""type"":""MultiPoint"",""coordinates"":[]}"
74_00000000000000000009,BA03050040,,,,,,,14.07,14,9068.45847884,TASWIL5000020230907KABKOTA,Rokan Hilir,,0.737081443501,6.32413452193,4326,4,,,Rokan Hilir,Riau,,0,Bengkalis,,2020-03,0.5528196939543758,3,0.5528196939543758,VIIRS DNB,nW/cm2/sr,2020,"{""type"":""MultiPoint"",""coordinates"":[]}"
74_0000000000000000000b,BA03050040,,,,,,,14.08,14,7805.53759098,TASWIL5000020230907KABKOTA,Siak,,0.634194327848,6.48953973447,4326,4,,,Siak,Riau,,0,Bengkalis,,2020-03,0.7983518016385195,3,0.7983518016385195,VIIRS DNB,nW/cm2/sr,2020,"{""type"":""MultiPoint"",""coordinates"":[]}"
74_00000000000000000007,BA03050040,,,,,,,14.09,14,5457.8626224,TASWIL5000020230907KABKOTA,Kuantan Singingi,,0.443419280545,4.11162115584,4326,4,,,Kuantan Singingi,Riau,,0,Indragiri hulu,,2020-03,0.4279495692160914,3,0.4279495692160914,VIIRS DNB,nW/cm2/sr,2020,"{""type"":""MultiPoint"",""coordinates"":[]}"
74_00000000000000000008,BA03050040,,,,,,,14.05,14,13262.1130957,TASWIL5000020230907KABKOTA,Pelalawan,,1.077443852,7.46682963302,4326,4,,,Pelalawan,Riau,,0,Kampar,,2020-03,0.45328839553828887,3,0.45328839553828887,VIIRS DNB,nW/cm2/sr,2020,"{""type"":""MultiPoint"",""coordinates"":[]}"
74_0000000000000000000a,BA03050040,,,,,,,14.06,14,7658.14908776,TASWIL5000020230907KABKOTA,Rokan Hulu,,0.622243411779,6.12306366434,4326,4,,,Rokan Hulu,Riau,,0,Kampar,,2020-03,0.5284774199131412,3,0.5284774199131412,VIIRS DNB,nW/cm2/sr,2020,"{""type"":""MultiPoint"",""coordinates"":[]}"
74_00000000000000000006,BA03050040,,,,,,,14.71,14,638.331320853,TASWIL5000020230907KABKOTA,Kota Pekanbaru,,0.0518609743118,1.42760792315,4326,5,,,Kota Pekanbaru,Riau,,0,,,2020-03,6.299403080015329,3,6.299403080015329,VIIRS DNB,nW/cm2/sr,2020,"{""type"":""MultiPoint"",""coordinates"":[]}"
74_00000000000000000005,BA03050040,,,,,,,14.72,14,2059.61276209,TASWIL5000020230907KABKOTA,Kota Dumai,,0.167408051519,2.69322296248,4326,5,,,Kota Dumai,Riau,,0,Bengkalis,,2020-03,1.5607451623396835,3,1.5607451623396835,VIIRS DNB,nW/cm2/sr,2020,"{""type"":""MultiPoint"",""coordinates"":[]}"
75_00000000000000000000,BA03050040,,,,,,,14.03,14,8616.35798018,TASWIL5000020230907KABKOTA,Bengkalis,,0.700215051782,7.82147949106,4326,4,,,Bengkalis,Riau,,0,,,2020-04,1.0332229823573413,4,1.0332229823573413,VIIRS DNB,nW/cm2/sr,2020,"{""type"":""MultiPoint"",""coordinates"":[]}"
75_00000000000000000001,BA03050040,,,,,,,14.04,14,13521.2628347,TASWIL5000020230907KABKOTA,Indragiri Hilir,,1.09851042149,7.37231237531,4326,4,,,Indragiri Hilir,Riau,,0,,,2020-04,0.4540496126103999,4,0.4540496126103999,VIIRS DNB,nW/cm2/sr,2020,"{""type"":""MultiPoint"",""coordinates"":[]}"
75_00000000000000000002,BA03050040,,,,,,,14.02,14,7871.84968405,TASWIL5000020230907KABKOTA,Indragiri Hulu,,0.63955084852,4.58568097253,4326,4,,,Indragiri Hulu,Riau,,0,,,2020-04,0.4082271792990901,4,0.4082271792990901,VIIRS DNB,nW/cm2/sr,2020,"{""type"":""MultiPoint"",""coordinates"":[]}"
75_00000000000000000003,BA03050040,,,,,,,14.01,14,10352.8025325,TASWIL5000020230907KABKOTA,Kampar,,0.841096503879,7.83544312369,4326,4,,,Kampar,Riau,,0,,,2020-04,0.6457195025773158,4,0.6457195025773158,VIIRS DNB,nW/cm2/sr,2020,"{""type"":""MultiPoint"",""coordinates"":[]}"
75_00000000000000000004,BA03050040,,,,,,,14.10,14,3623.55847532,TASWIL5000020230907KABKOTA,Kepulauan Meranti,,0.294426091439,5.55830216947,4326,4,,,Kepulauan Meranti,Riau,,0,Bengkalis,,2020-04,0.5274378625583506,4,0.5274378625583506,VIIRS DNB,nW/cm2/sr,2020,"{""type"":""MultiPoint"",""coordinates"":[]}"
75_00000000000000000009,BA03050040,,,,,,,14.07,14,9068.45847884,TASWIL5000020230907KABKOTA,Rokan Hilir,,0.737081443501,6.32413452193,4326,4,,,Rokan Hilir,Riau,,0,Bengkalis,,2020-04,0.558427297254685,4,0.558427297254685,VIIRS DNB,nW/cm2/sr,2020,"{""type"":""MultiPoint"",""coordinates"":[]}"
75_0000000000000000000b,BA03050040,,,,,,,14.08,14,7805.53759098,TASWIL5000020230907KABKOTA,Siak,,0.634194327848,6.48953973447,4326,4,,,Siak,Riau,,0,Bengkalis,,2020-04,0.8922036906209746,4,0.8922036906209746,VIIRS DNB,nW/cm2/sr,2020,"{""type"":""MultiPoint"",""coordinates"":[]}"
75_00000000000000000007,BA03050040,,,,,,,14.09,14,5457.8626224,TASWIL5000020230907KABKOTA,Kuantan Singingi,,0.443419280545,4.11162115584,4326,4,,,Kuantan Singingi,Riau,,0,Indragiri hulu,,2020-04,0.39296874489577965,4,0.39296874489577965,VIIRS DNB,nW/cm2/sr,2020,"{""type"":""MultiPoint"",""coordinates"":[]}"
75_00000000000000000008,BA03050040,,,,,,,14.05,14,13262.1130957,TASWIL5000020230907KABKOTA,Pelalawan,,1.077443852,7.46682963302,4326,4,,,Pelalawan,Riau,,0,Kampar,,2020-04,0.510646471705719,4,0.510646471705719,VIIRS DNB,nW/cm2/sr,2020,"{""type"":""MultiPoint"",""coordinates"":[]}"
75_0000000000000000000a,BA03050040,,,,,,,14.06,14,7658.14908776,TASWIL5000020230907KABKOTA,Rokan Hulu,,0.622243411779,6.12306366434,4326,4,,,Rokan Hulu,Riau,,0,Kampar,,2020-04,0.45881272728022815,4,0.45881272728022815,VIIRS DNB,nW/cm2/sr,2020,"{""type"":""MultiPoint"",""coordinates"":[]}"
75_00000000000000000006,BA03050040,,,,,,,14.71,14,638.331320853,TASWIL5000020230907KABKOTA,Kota Pekanbaru,,0.0518609743118,1.42760792315,4326,5,,,Kota Pekanbaru,Riau,,0,,,2020-04,5.6258521474071905,4,5.6258521474071905,VIIRS DNB,nW/cm2/sr,2020,"{""type"":""MultiPoint"",""coordinates"":[]}"
75_00000000000000000005,BA03050040,,,,,,,14.72,14,2059.61276209,TASWIL5000020230907KABKOTA,Kota Dumai,,0.167408051519,2.69322296248,4326,5,,,Kota Dumai,Riau,,0,Bengkalis,,2020-04,1.2663765341690798,4,1.2663765341690798,VIIRS DNB,nW/cm2/sr,2020,"{""type"":""MultiPoint"",""coordinates"":[]}"
76_00000000000000000000,BA03050040,,,,,,,14.03,14,8616.35798018,TASWIL5000020230907KABKOTA,Bengkalis,,0.700215051782,7.82147949106,4326,4,,,Bengkalis,Riau,,0,,,2020-05,0.6052055470391491,5,0.6052055470391491,VIIRS DNB,nW/cm2/sr,2020,"{""type"":""MultiPoint"",""coordinates"":[]}"
76_00000000000000000001,BA03050040,,,,,,,14.04,14,13521.2628347,TASWIL5000020230907KABKOTA,Indragiri Hilir,,1.09851042149,7.37231237531,4326,4,,,Indragiri Hilir,Riau,,0,,,2020-05,0.3908140393850921,5,0.3908140393850921,VIIRS DNB,nW/cm2/sr,2020,"{""type"":""MultiPoint"",""coordinates"":[]}"
76_00000000000000000002,BA03050040,,,,,,,14.02,14,7871.84968405,TASWIL5000020230907KABKOTA,Indragiri Hulu,,0.63955084852,4.58568097253,4326,4,,,Indragiri Hulu,Riau,,0,,,2020-05,0.4447153594439649,5,0.4447153594439649,VIIRS DNB,nW/cm2/sr,2020,"{""type"":""MultiPoint"",""coordinates"":[]}"
76_00000000000000000003,BA03050040,,,,,,,14.01,14,10352.8025325,TASWIL5000020230907KABKOTA,Kampar,,0.841096503879,7.83544312369,4326,4,,,Kampar,Riau,,0,,,2020-05,0.5836884198999946,5,0.5836884198999946,VIIRS DNB,nW/cm2/sr,2020,"{""type"":""MultiPoint"",""coordinates"":[]}"
76_00000000000000000004,BA03050040,,,,,,,14.10,14,3623.55847532,TASWIL5000020230907KABKOTA,Kepulauan Meranti,,0.294426091439,5.55830216947,4326,4,,,Kepulauan Meranti,Riau,,0,Bengkalis,,2020-05,0.4561606738197125,5,0.4561606738197125,VIIRS DNB,nW/cm2/sr,2020,"{""type"":""MultiPoint"",""coordinates"":[]}"
76_00000000000000000009,BA03050040,,,,,,,14.07,14,9068.45847884,TASWIL5000020230907KABKOTA,Rokan Hilir,,0.737081443501,6.32413452193,4326,4,,,Rokan Hilir,Riau,,0,Bengkalis,,2020-05,0.3471381561046482,5,0.3471381561046482,VIIRS DNB,nW/cm2/sr,2020,"{""type"":""MultiPoint"",""coordinates"":[]}"
76_0000000000000000000b,BA03050040,,,,,,,14.08,14,7805.53759098,TASWIL5000020230907KABKOTA,Siak,,0.634194327848,6.48953973447,4326,4,,,Siak,Riau,,0,Bengkalis,,2020-05,0.745315352220353,5,0.745315352220353,VIIRS DNB,nW/cm2/sr,2020,"{""type"":""MultiPoint"",""coordinates"":[]}"
76_00000000000000000007,BA03050040,,,,,,,14.09,14,5457.8626224,TASWIL5000020230907KABKOTA,Kuantan Singingi,,0.443419280545,4.11162115584,4326,4,,,Kuantan Singingi,Riau,,0,Indragiri hulu,,2020-05,0.4086202041639566,5,0.4086202041639566,VIIRS DNB,nW/cm2/sr,2020,"{""type"":""MultiPoint"",""coordinates"":[]}"
76_00000000000000000008,BA03050040,,,,,,,14.05,14,13262.1130957,TASWIL5000020230907KABKOTA,Pelalawan,,1.077443852,7.46682963302,4326,4,,,Pelalawan,Riau,,0,Kampar,,2020-05,0.4739100305391302,5,0.4739100305391302,VIIRS DNB,nW/cm2/sr,2020,"{""type"":""MultiPoint"",""coordinates"":[]}"
76_0000000000000000000a,BA03050040,,,,,,,14.06,14,7658.14908776,TASWIL5000020230907KABKOTA,Rokan Hulu,,0.622243411779,6.12306366434,4326,4,,,Rokan Hulu,Riau,,0,Kampar,,2020-05,0.35118297772771867,5,0.35118297772771867,VIIRS DNB,nW/cm2/sr,2020,"{""type"":""MultiPoint"",""coordinates"":[]}"
76_00000000000000000006,BA03050040,,,,,,,14.71,14,638.331320853,TASWIL5000020230907KABKOTA,Kota Pekanbaru,,0.0518609743118,1.42760792315,4326,5,,,Kota Pekanbaru,Riau,,0,,,2020-05,6.2668470624827854,5,6.2668470624827854,VIIRS DNB,nW/cm2/sr,2020,"{""type"":""MultiPoint"",""coordinates"":[]}"
76_00000000000000000005,BA03050040,,,,,,,14.72,14,2059.61276209,TASWIL5000020230907KABKOTA,Kota Dumai,,0.167408051519,2.69322296248,4326,5,,,Kota Dumai,Riau,,0,Bengkalis,,2020-05,1.3795676217140458,5,1.3795676217140458,VIIRS DNB,nW/cm2/sr,2020,"{""type"":""MultiPoint"",""coordinates"":[]}"
77_00000000000000000000,BA03050040,,,,,,,14.03,14,8616.35798018,TASWIL5000020230907KABKOTA,Bengkalis,,0.700215051782,7.82147949106,4326,4,,,Bengkalis,Riau,,0,,,2020-06,0.7113622832708241,6,0.7113622832708241,VIIRS DNB,nW/cm2/sr,2020,"{""type"":""MultiPoint"",""coordinates"":[]}"
77_00000000000000000001,BA03050040,,,,,,,14.04,14,13521.2628347,TASWIL5000020230907KABKOTA,Indragiri Hilir,,1.09851042149,7.37231237531,4326,4,,,Indragiri Hilir,Riau,,0,,,2020-06,0.40416469757651047,6,0.40416469757651047,VIIRS DNB,nW/cm2/sr,2020,"{""type"":""MultiPoint"",""coordinates"":[]}"
77_00000000000000000002,BA03050040,,,,,,,14.02,14,7871.84968405,TASWIL5000020230907KABKOTA,Indragiri Hulu,,0.63955084852,4.58568097253,4326,4,,,Indragiri Hulu,Riau,,0,,,2020-06,0.39866839525312114,6,0.39866839525312114,VIIRS DNB,nW/cm2/sr,2020,"{""type"":""MultiPoint"",""coordinates"":[]}"
77_00000000000000000003,BA03050040,,,,,,,14.01,14,10352.8025325,TASWIL5000020230907KABKOTA,Kampar,,0.841096503879,7.83544312369,4326,4,,,Kampar,Riau,,0,,,2020-06,0.621158734933699,6,0.621158734933699,VIIRS DNB,nW/cm2/sr,2020,"{""type"":""MultiPoint"",""coordinates"":[]}"
77_00000000000000000004,BA03050040,,,,,,,14.10,14,3623.55847532,TASWIL5000020230907KABKOTA,Kepulauan Meranti,,0.294426091439,5.55830216947,4326,4,,,Kepulauan Meranti,Riau,,0,Bengkalis,,2020-06,0.4579446422454991,6,0.4579446422454991,VIIRS DNB,nW/cm2/sr,2020,"{""type"":""MultiPoint"",""coordinates"":[]}"
77_00000000000000000009,BA03050040,,,,,,,14.07,14,9068.45847884,TASWIL5000020230907KABKOTA,Rokan Hilir,,0.737081443501,6.32413452193,4326,4,,,Rokan Hilir,Riau,,0,Bengkalis,,2020-06,0.4173221382626436,6,0.4173221382626436,VIIRS DNB,nW/cm2/sr,2020,"{""type"":""MultiPoint"",""coordinates"":[]}"
77_0000000000000000000b,BA03050040,,,,,,,14.08,14,7805.53759098,TASWIL5000020230907KABKOTA,Siak,,0.634194327848,6.48953973447,4326,4,,,Siak,Riau,,0,Bengkalis,,2020-06,0.8495131615656488,6,0.8495131615656488,VIIRS DNB,nW/cm2/sr,2020,"{""type"":""MultiPoint"",""coordinates"":[]}"
77_00000000000000000007,BA03050040,,,,,,,14.09,14,5457.8626224,TASWIL5000020230907KABKOTA,Kuantan Singingi,,0.443419280545,4.11162115584,4326,4,,,Kuantan Singingi,Riau,,0,Indragiri hulu,,2020-06,0.20348882667502302,6,0.20348882667502302,VIIRS DNB,nW/cm2/sr,2020,"{""type"":""MultiPoint"",""coordinates"":[]}"
77_00000000000000000008,BA03050040,,,,,,,14.05,14,13262.1130957,TASWIL5000020230907KABKOTA,Pelalawan,,1.077443852,7.46682963302,4326,4,,,Pelalawan,Riau,,0,Kampar,,2020-06,0.40433293978162316,6,0.40433293978162316,VIIRS DNB,nW/cm2/sr,2020,"{""type"":""MultiPoint"",""coordinates"":[]}"
77_0000000000000000000a,BA03050040,,,,,,,14.06,14,7658.14908776,TASWIL5000020230907KABKOTA,Rokan Hulu,,0.622243411779,6.12306366434,4326,4,,,Rokan Hulu,Riau,,0,Kampar,,2020-06,0.36680156723640456,6,0.36680156723640456,VIIRS DNB,nW/cm2/sr,2020,"{""type"":""MultiPoint"",""coordinates"":[]}"
77_00000000000000000006,BA03050040,,,,,,,14.71,14,638.331320853,TASWIL5000020230907KABKOTA,Kota Pekanbaru,,0.0518609743118,1.42760792315,4326,5,,,Kota Pekanbaru,Riau,,0,,,2020-06,5.910156472293834,6,5.910156472293834,VIIRS DNB,nW/cm2/sr,2020,"{""type"":""MultiPoint"",""coordinates"":[]}"
77_00000000000000000005,BA03050040,,,,,,,14.72,14,2059.61276209,TASWIL5000020230907KABKOTA,Kota Dumai,,0.167408051519,2.69322296248,4326,5,,,Kota Dumai,Riau,,0,Bengkalis,,2020-06,1.0900119444149874,6,1.0900119444149874,VIIRS DNB,nW/cm2/sr,2020,"{""type"":""MultiPoint"",""coordinates"":[]}"
78_00000000000000000000,BA03050040,,,,,,,14.03,14,8616.35798018,TASWIL5000020230907KABKOTA,Bengkalis,,0.700215051782,7.82147949106,4326,4,,,Bengkalis,Riau,,0,,,2020-07,0.5259256452951055,7,0.5259256452951055,VIIRS DNB,nW/cm2/sr,2020,"{""type"":""MultiPoint"",""coordinates"":[]}"
78_00000000000000000001,BA03050040,,,,,,,14.04,14,13521.2628347,TASWIL5000020230907KABKOTA,Indragiri Hilir,,1.09851042149,7.37231237531,4326,4,,,Indragiri Hilir,Riau,,0,,,2020-07,0.2556091409773112,7,0.2556091409773112,VIIRS DNB,nW/cm2/sr,2020,"{""type"":""MultiPoint"",""coordinates"":[]}"
78_00000000000000000002,BA03050040,,,,,,,14.02,14,7871.84968405,TASWIL5000020230907KABKOTA,Indragiri Hulu,,0.63955084852,4.58568097253,4326,4,,,Indragiri Hulu,Riau,,0,,,2020-07,0.2971467347151765,7,0.2971467347151765,VIIRS DNB,nW/cm2/sr,2020,"{""type"":""MultiPoint"",""coordinates"":[]}"
78_00000000000000000003,BA03050040,,,,,,,14.01,14,10352.8025325,TASWIL5000020230907KABKOTA,Kampar,,0.841096503879,7.83544312369,4326,4,,,Kampar,Riau,,0,,,2020-07,0.48942377938605885,7,0.48942377938605885,VIIRS DNB,nW/cm2/sr,2020,"{""type"":""MultiPoint"",""coordinates"":[]}"
78_00000000000000000004,BA03050040,,,,,,,14.10,14,3623.55847532,TASWIL5000020230907KABKOTA,Kepulauan Meranti,,0.294426091439,5.55830216947,4326,4,,,Kepulauan Meranti,Riau,,0,Bengkalis,,2020-07,0.3362250951134033,7,0.3362250951134033,VIIRS DNB,nW/cm2/sr,2020,"{""type"":""MultiPoint"",""coordinates"":[]}"
78_00000000000000000009,BA03050040,,,,,,,14.07,14,9068.45847884,TASWIL5000020230907KABKOTA,Rokan Hilir,,0.737081443501,6.32413452193,4326,4,,,Rokan Hilir,Riau,,0,Bengkalis,,2020-07,0.31100431066733647,7,0.31100431066733647,VIIRS DNB,nW/cm2/sr,2020,"{""type"":""MultiPoint"",""coordinates"":[]}"
78_0000000000000000000b,BA03050040,,,,,,,14.08,14,7805.53759098,TASWIL5000020230907KABKOTA,Siak,,0.634194327848,6.48953973447,4326,4,,,Siak,Riau,,0,Bengkalis,,2020-07,0.5569497971454352,7,0.5569497971454352,VIIRS DNB,nW/cm2/sr,2020,"{""type"":""MultiPoint"",""coordinates"":[]}"
78_00000000000000000007,BA03050040,,,,,,,14.09,14,5457.8626224,TASWIL5000020230907KABKOTA,Kuantan Singingi,,0.443419280545,4.11162115584,4326,4,,,Kuantan Singingi,Riau,,0,Indragiri hulu,,2020-07,0.2666125922623247,7,0.2666125922623247,VIIRS DNB,nW/cm2/sr,2020,"{""type"":""MultiPoint"",""coordinates"":[]}"
78_00000000000000000008,BA03050040,,,,,,,14.05,14,13262.1130957,TASWIL5000020230907KABKOTA,Pelalawan,,1.077443852,7.46682963302,4326,4,,,Pelalawan,Riau,,0,Kampar,,2020-07,0.33831548059497896,7,0.33831548059497896,VIIRS DNB,nW/cm2/sr,2020,"{""type"":""MultiPoint"",""coordinates"":[]}"
78_0000000000000000000a,BA03050040,,,,,,,14.06,14,7658.14908776,TASWIL5000020230907KABKOTA,Rokan Hulu,,0.622243411779,6.12306366434,4326,4,,,Rokan Hulu,Riau,,0,Kampar,,2020-07,0.34188722559755186,7,0.34188722559755186,VIIRS DNB,nW/cm2/sr,2020,"{""type"":""MultiPoint"",""coordinates"":[]}"
78_00000000000000000006,BA03050040,,,,,,,14.71,14,638.331320853,TASWIL5000020230907KABKOTA,Kota Pekanbaru,,0.0518609743118,1.42760792315,4326,5,,,Kota Pekanbaru,Riau,,0,,,2020-07,5.182937518499983,7,5.182937518499983,VIIRS DNB,nW/cm2/sr,2020,"{""type"":""MultiPoint"",""coordinates"":[]}"
78_00000000000000000005,BA03050040,,,,,,,14.72,14,2059.61276209,TASWIL5000020230907KABKOTA,Kota Dumai,,0.167408051519,2.69322296248,4326,5,,,Kota Dumai,Riau,,0,Bengkalis,,2020-07,0.7628684488396539,7,0.7628684488396539,VIIRS DNB,nW/cm2/sr,2020,"{""type"":""MultiPoint"",""coordinates"":[]}"
79_00000000000000000000,BA03050040,,,,,,,14.03,14,8616.35798018,TASWIL5000020230907KABKOTA,Bengkalis,,0.700215051782,7.82147949106,4326,4,,,Bengkalis,Riau,,0,,,2020-08,0.5565772721294908,8,0.5565772721294908,VIIRS DNB,nW/cm2/sr,2020,"{""type"":""MultiPoint"",""coordinates"":[]}"
79_00000000000000000001,BA03050040,,,,,,,14.04,14,13521.2628347,TASWIL5000020230907KABKOTA,Indragiri Hilir,,1.09851042149,7.37231237531,4326,4,,,Indragiri Hilir,Riau,,0,,,2020-08,0.2599109092505861,8,0.2599109092505861,VIIRS DNB,nW/cm2/sr,2020,"{""type"":""MultiPoint"",""coordinates"":[]}"
79_00000000000000000002,BA03050040,,,,,,,14.02,14,7871.84968405,TASWIL5000020230907KABKOTA,Indragiri Hulu,,0.63955084852,4.58568097253,4326,4,,,Indragiri Hulu,Riau,,0,,,2020-08,0.29228648020522163,8,0.29228648020522163,VIIRS DNB,nW/cm2/sr,2020,"{""type"":""MultiPoint"",""coordinates"":[]}"
79_00000000000000000003,BA03050040,,,,,,,14.01,14,10352.8025325,TASWIL5000020230907KABKOTA,Kampar,,0.841096503879,7.83544312369,4326,4,,,Kampar,Riau,,0,,,2020-08,0.5378383238886856,8,0.5378383238886856,VIIRS DNB,nW/cm2/sr,2020,"{""type"":""MultiPoint"",""coordinates"":[]}"
79_00000000000000000004,BA03050040,,,,,,,14.10,14,3623.55847532,TASWIL5000020230907KABKOTA,Kepulauan Meranti,,0.294426091439,5.55830216947,4326,4,,,Kepulauan Meranti,Riau,,0,Bengkalis,,2020-08,0.3101133602298402,8,0.3101133602298402,VIIRS DNB,nW/cm2/sr,2020,"{""type"":""MultiPoint"",""coordinates"":[]}"
79_00000000000000000009,BA03050040,,,,,,,14.07,14,9068.45847884,TASWIL5000020230907KABKOTA,Rokan Hilir,,0.737081443501,6.32413452193,4326,4,,,Rokan Hilir,Riau,,0,Bengkalis,,2020-08,0.38153992960443267,8,0.38153992960443267,VIIRS DNB,nW/cm2/sr,2020,"{""type"":""MultiPoint"",""coordinates"":[]}"
79_0000000000000000000b,BA03050040,,,,,,,14.08,14,7805.53759098,TASWIL5000020230907KABKOTA,Siak,,0.634194327848,6.48953973447,4326,4,,,Siak,Riau,,0,Bengkalis,,2020-08,0.6877885895232324,8,0.6877885895232324,VIIRS DNB,nW/cm2/sr,2020,"{""type"":""MultiPoint"",""coordinates"":[]}"
79_00000000000000000007,BA03050040,,,,,,,14.09,14,5457.8626224,TASWIL5000020230907KABKOTA,Kuantan Singingi,,0.443419280545,4.11162115584,4326,4,,,Kuantan Singingi,Riau,,0,Indragiri hulu,,2020-08,0.28878422140892956,8,0.28878422140892956,VIIRS DNB,nW/cm2/sr,2020,"{""type"":""MultiPoint"",""coordinates"":[]}"
79_00000000000000000008,BA03050040,,,,,,,14.05,14,13262.1130957,TASWIL5000020230907KABKOTA,Pelalawan,,1.077443852,7.46682963302,4326,4,,,Pelalawan,Riau,,0,Kampar,,2020-08,0.3364677574061142,8,0.3364677574061142,VIIRS DNB,nW/cm2/sr,2020,"{""type"":""MultiPoint"",""coordinates"":[]}"
79_0000000000000000000a,BA03050040,,,,,,,14.06,14,7658.14908776,TASWIL5000020230907KABKOTA,Rokan Hulu,,0.622243411779,6.12306366434,4326,4,,,Rokan Hulu,Riau,,0,Kampar,,2020-08,0.36205172123196216,8,0.36205172123196216,VIIRS DNB,nW/cm2/sr,2020,"{""type"":""MultiPoint"",""coordinates"":[]}"
79_00000000000000000006,BA03050040,,,,,,,14.71,14,638.331320853,TASWIL5000020230907KABKOTA,Kota Pekanbaru,,0.0518609743118,1.42760792315,4326,5,,,Kota Pekanbaru,Riau,,0,,,2020-08,5.932846772569539,8,5.932846772569539,VIIRS DNB,nW/cm2/sr,2020,"{""type"":""MultiPoint"",""coordinates"":[]}"
79_00000000000000000005,BA03050040,,,,,,,14.72,14,2059.61276209,TASWIL5000020230907KABKOTA,Kota Dumai,,0.167408051519,2.69322296248,4326,5,,,Kota Dumai,Riau,,0,Bengkalis,,2020-08,1.0872082251814223,8,1.0872082251814223,VIIRS DNB,nW/cm2/sr,2020,"{""type"":""MultiPoint"",""coordinates"":[]}"
80_00000000000000000000,BA03050040,,,,,,,14.03,14,8616.35798018,TASWIL5000020230907KABKOTA,Bengkalis,,0.700215051782,7.82147949106,4326,4,,,Bengkalis,Riau,,0,,,2020-09,0.4088380933049886,9,0.4088380933049886,VIIRS DNB,nW/cm2/sr,2020,"{""type"":""MultiPoint"",""coordinates"":[]}"
80_00000000000000000001,BA03050040,,,,,,,14.04,14,13521.2628347,TASWIL5000020230907KABKOTA,Indragiri Hilir,,1.09851042149,7.37231237531,4326,4,,,Indragiri Hilir,Riau,,0,,,2020-09,0.28990957704137105,9,0.28990957704137105,VIIRS DNB,nW/cm2/sr,2020,"{""type"":""MultiPoint"",""coordinates"":[]}"
80_00000000000000000002,BA03050040,,,,,,,14.02,14,7871.84968405,TASWIL5000020230907KABKOTA,Indragiri Hulu,,0.63955084852,4.58568097253,4326,4,,,Indragiri Hulu,Riau,,0,,,2020-09,0.4223939237261648,9,0.4223939237261648,VIIRS DNB,nW/cm2/sr,2020,"{""type"":""MultiPoint"",""coordinates"":[]}"
80_00000000000000000003,BA03050040,,,,,,,14.01,14,10352.8025325,TASWIL5000020230907KABKOTA,Kampar,,0.841096503879,7.83544312369,4326,4,,,Kampar,Riau,,0,,,2020-09,0.48262408057491324,9,0.48262408057491324,VIIRS DNB,nW/cm2/sr,2020,"{""type"":""MultiPoint"",""coordinates"":[]}"
80_00000000000000000004,BA03050040,,,,,,,14.10,14,3623.55847532,TASWIL5000020230907KABKOTA,Kepulauan Meranti,,0.294426091439,5.55830216947,4326,4,,,Kepulauan Meranti,Riau,,0,Bengkalis,,2020-09,0.42171801204731046,9,0.42171801204731046,VIIRS DNB,nW/cm2/sr,2020,"{""type"":""MultiPoint"",""coordinates"":[]}"
80_00000000000000000009,BA03050040,,,,,,,14.07,14,9068.45847884,TASWIL5000020230907KABKOTA,Rokan Hilir,,0.737081443501,6.32413452193,4326,4,,,Rokan Hilir,Riau,,0,Bengkalis,,2020-09,0.2854481580404629,9,0.2854481580404629,VIIRS DNB,nW/cm2/sr,2020,"{""type"":""MultiPoint"",""coordinates"":[]}"
80_0000000000000000000b,BA03050040,,,,,,,14.08,14,7805.53759098,TASWIL5000020230907KABKOTA,Siak,,0.634194327848,6.48953973447,4326,4,,,Siak,Riau,,0,Bengkalis,,2020-09,0.7405050693034957,9,0.7405050693034957,VIIRS DNB,nW/cm2/sr,2020,"{""type"":""MultiPoint"",""coordinates"":[]}"
80_00000000000000000007,BA03050040,,,,,,,14.09,14,5457.8626224,TASWIL5000020230907KABKOTA,Kuantan Singingi,,0.443419280545,4.11162115584,4326,4,,,Kuantan Singingi,Riau,,0,Indragiri hulu,,2020-09,0.31842575795783745,9,0.31842575795783745,VIIRS DNB,nW/cm2/sr,2020,"{""type"":""MultiPoint"",""coordinates"":[]}"
80_00000000000000000008,BA03050040,,,,,,,14.05,14,13262.1130957,TASWIL5000020230907KABKOTA,Pelalawan,,1.077443852,7.46682963302,4326,4,,,Pelalawan,Riau,,0,Kampar,,2020-09,0.3737555448596328,9,0.3737555448596328,VIIRS DNB,nW/cm2/sr,2020,"{""type"":""MultiPoint"",""coordinates"":[]}"
80_0000000000000000000a,BA03050040,,,,,,,14.06,14,7658.14908776,TASWIL5000020230907KABKOTA,Rokan Hulu,,0.622243411779,6.12306366434,4326,4,,,Rokan Hulu,Riau,,0,Kampar,,2020-09,0.21357974923173279,9,0.21357974923173279,VIIRS DNB,nW/cm2/sr,2020,"{""type"":""MultiPoint"",""coordinates"":[]}"
80_00000000000000000006,BA03050040,,,,,,,14.71,14,638.331320853,TASWIL5000020230907KABKOTA,Kota Pekanbaru,,0.0518609743118,1.42760792315,4326,5,,,Kota Pekanbaru,Riau,,0,,,2020-09,5.743007060398338,9,5.743007060398338,VIIRS DNB,nW/cm2/sr,2020,"{""type"":""MultiPoint"",""coordinates"":[]}"
80_00000000000000000005,BA03050040,,,,,,,14.72,14,2059.61276209,TASWIL5000020230907KABKOTA,Kota Dumai,,0.167408051519,2.69322296248,4326,5,,,Kota Dumai,Riau,,0,Bengkalis,,2020-09,0.7428603616343198,9,0.7428603616343198,VIIRS DNB,nW/cm2/sr,2020,"{""type"":""MultiPoint"",""coordinates"":[]}"
81_00000000000000000000,BA03050040,,,,,,,14.03,14,8616.35798018,TASWIL5000020230907KABKOTA,Bengkalis,,0.700215051782,7.82147949106,4326,4,,,Bengkalis,Riau,,0,,,2020-10,0.5172822380111519,10,0.5172822380111519,VIIRS DNB,nW/cm2/sr,2020,"{""type"":""MultiPoint"",""coordinates"":[]}"
81_00000000000000000001,BA03050040,,,,,,,14.04,14,13521.2628347,TASWIL5000020230907KABKOTA,Indragiri Hilir,,1.09851042149,7.37231237531,4326,4,,,Indragiri Hilir,Riau,,0,,,2020-10,0.28465430255574214,10,0.28465430255574214,VIIRS DNB,nW/cm2/sr,2020,"{""type"":""MultiPoint"",""coordinates"":[]}"
81_00000000000000000002,BA03050040,,,,,,,14.02,14,7871.84968405,TASWIL5000020230907KABKOTA,Indragiri Hulu,,0.63955084852,4.58568097253,4326,4,,,Indragiri Hulu,Riau,,0,,,2020-10,0.2690399430627161,10,0.2690399430627161,VIIRS DNB,nW/cm2/sr,2020,"{""type"":""MultiPoint"",""coordinates"":[]}"
81_00000000000000000003,BA03050040,,,,,,,14.01,14,10352.8025325,TASWIL5000020230907KABKOTA,Kampar,,0.841096503879,7.83544312369,4326,4,,,Kampar,Riau,,0,,,2020-10,0.2762440893171328,10,0.2762440893171328,VIIRS DNB,nW/cm2/sr,2020,"{""type"":""MultiPoint"",""coordinates"":[]}"
81_00000000000000000004,BA03050040,,,,,,,14.10,14,3623.55847532,TASWIL5000020230907KABKOTA,Kepulauan Meranti,,0.294426091439,5.55830216947,4326,4,,,Kepulauan Meranti,Riau,,0,Bengkalis,,2020-10,0.30087090689542173,10,0.30087090689542173,VIIRS DNB,nW/cm2/sr,2020,"{""type"":""MultiPoint"",""coordinates"":[]}"
81_00000000000000000009,BA03050040,,,,,,,14.07,14,9068.45847884,TASWIL5000020230907KABKOTA,Rokan Hilir,,0.737081443501,6.32413452193,4326,4,,,Rokan Hilir,Riau,,0,Bengkalis,,2020-10,0.22640023161414805,10,0.22640023161414805,VIIRS DNB,nW/cm2/sr,2020,"{""type"":""MultiPoint"",""coordinates"":[]}"
81_0000000000000000000b,BA03050040,,,,,,,14.08,14,7805.53759098,TASWIL5000020230907KABKOTA,Siak,,0.634194327848,6.48953973447,4326,4,,,Siak,Riau,,0,Bengkalis,,2020-10,0.6370649800778438,10,0.6370649800778438,VIIRS DNB,nW/cm2/sr,2020,"{""type"":""MultiPoint"",""coordinates"":[]}"
81_00000000000000000007,BA03050040,,,,,,,14.09,14,5457.8626224,TASWIL5000020230907KABKOTA,Kuantan Singingi,,0.443419280545,4.11162115584,4326,4,,,Kuantan Singingi,Riau,,0,Indragiri hulu,,2020-10,0.21213989253199272,10,0.21213989253199272,VIIRS DNB,nW/cm2/sr,2020,"{""type"":""MultiPoint"",""coordinates"":[]}"
81_00000000000000000008,BA03050040,,,,,,,14.05,14,13262.1130957,TASWIL5000020230907KABKOTA,Pelalawan,,1.077443852,7.46682963302,4326,4,,,Pelalawan,Riau,,0,Kampar,,2020-10,0.3980573606587704,10,0.3980573606587704,VIIRS DNB,nW/cm2/sr,2020,"{""type"":""MultiPoint"",""coordinates"":[]}"
81_0000000000000000000a,BA03050040,,,,,,,14.06,14,7658.14908776,TASWIL5000020230907KABKOTA,Rokan Hulu,,0.622243411779,6.12306366434,4326,4,,,Rokan Hulu,Riau,,0,Kampar,,2020-10,0.22542236390309214,10,0.22542236390309214,VIIRS DNB,nW/cm2/sr,2020,"{""type"":""MultiPoint"",""coordinates"":[]}"
81_00000000000000000006,BA03050040,,,,,,,14.71,14,638.331320853,TASWIL5000020230907KABKOTA,Kota Pekanbaru,,0.0518609743118,1.42760792315,4326,5,,,Kota Pekanbaru,Riau,,0,,,2020-10,1.4476695805819635,10,1.4476695805819635,VIIRS DNB,nW/cm2/sr,2020,"{""type"":""MultiPoint"",""coordinates"":[]}"
81_00000000000000000005,BA03050040,,,,,,,14.72,14,2059.61276209,TASWIL5000020230907KABKOTA,Kota Dumai,,0.167408051519,2.69322296248,4326,5,,,Kota Dumai,Riau,,0,Bengkalis,,2020-10,0.7775275098320145,10,0.7775275098320145,VIIRS DNB,nW/cm2/sr,2020,"{""type"":""MultiPoint"",""coordinates"":[]}"
82_00000000000000000000,BA03050040,,,,,,,14.03,14,8616.35798018,TASWIL5000020230907KABKOTA,Bengkalis,,0.700215051782,7.82147949106,4326,4,,,Bengkalis,Riau,,0,,,2020-11,0.16433293094587945,11,0.16433293094587945,VIIRS DNB,nW/cm2/sr,2020,"{""type"":""MultiPoint"",""coordinates"":[]}"
82_00000000000000000001,BA03050040,,,,,,,14.04,14,13521.2628347,TASWIL5000020230907KABKOTA,Indragiri Hilir,,1.09851042149,7.37231237531,4326,4,,,Indragiri Hilir,Riau,,0,,,2020-11,0.30708318418821984,11,0.30708318418821984,VIIRS DNB,nW/cm2/sr,2020,"{""type"":""MultiPoint"",""coordinates"":[]}"
82_00000000000000000002,BA03050040,,,,,,,14.02,14,7871.84968405,TASWIL5000020230907KABKOTA,Indragiri Hulu,,0.63955084852,4.58568097253,4326,4,,,Indragiri Hulu,Riau,,0,,,2020-11,0.20001844266372576,11,0.20001844266372576,VIIRS DNB,nW/cm2/sr,2020,"{""type"":""MultiPoint"",""coordinates"":[]}"
82_00000000000000000003,BA03050040,,,,,,,14.01,14,10352.8025325,TASWIL5000020230907KABKOTA,Kampar,,0.841096503879,7.83544312369,4326,4,,,Kampar,Riau,,0,,,2020-11,0.042781591796295405,11,0.042781591796295405,VIIRS DNB,nW/cm2/sr,2020,"{""type"":""MultiPoint"",""coordinates"":[]}"
82_00000000000000000004,BA03050040,,,,,,,14.10,14,3623.55847532,TASWIL5000020230907KABKOTA,Kepulauan Meranti,,0.294426091439,5.55830216947,4326,4,,,Kepulauan Meranti,Riau,,0,Bengkalis,,2020-11,0.18535922795722354,11,0.18535922795722354,VIIRS DNB,nW/cm2/sr,2020,"{""type"":""MultiPoint"",""coordinates"":[]}"
82_00000000000000000009,BA03050040,,,,,,,14.07,14,9068.45847884,TASWIL5000020230907KABKOTA,Rokan Hilir,,0.737081443501,6.32413452193,4326,4,,,Rokan Hilir,Riau,,0,Bengkalis,,2020-11,0.13583047469386275,11,0.13583047469386275,VIIRS DNB,nW/cm2/sr,2020,"{""type"":""MultiPoint"",""coordinates"":[]}"
82_0000000000000000000b,BA03050040,,,,,,,14.08,14,7805.53759098,TASWIL5000020230907KABKOTA,Siak,,0.634194327848,6.48953973447,4326,4,,,Siak,Riau,,0,Bengkalis,,2020-11,0.1734287944508297,11,0.1734287944508297,VIIRS DNB,nW/cm2/sr,2020,"{""type"":""MultiPoint"",""coordinates"":[]}"
82_00000000000000000007,BA03050040,,,,,,,14.09,14,5457.8626224,TASWIL5000020230907KABKOTA,Kuantan Singingi,,0.443419280545,4.11162115584,4326,4,,,Kuantan Singingi,Riau,,0,Indragiri hulu,,2020-11,0.09995624939318082,11,0.09995624939318082,VIIRS DNB,nW/cm2/sr,2020,"{""type"":""MultiPoint"",""coordinates"":[]}"
82_00000000000000000008,BA03050040,,,,,,,14.05,14,13262.1130957,TASWIL5000020230907KABKOTA,Pelalawan,,1.077443852,7.46682963302,4326,4,,,Pelalawan,Riau,,0,Kampar,,2020-11,0.18479048214260518,11,0.18479048214260518,VIIRS DNB,nW/cm2/sr,2020,"{""type"":""MultiPoint"",""coordinates"":[]}"
82_0000000000000000000a,BA03050040,,,,,,,14.06,14,7658.14908776,TASWIL5000020230907KABKOTA,Rokan Hulu,,0.622243411779,6.12306366434,4326,4,,,Rokan Hulu,Riau,,0,Kampar,,2020-11,0.03399785040813167,11,0.03399785040813167,VIIRS DNB,nW/cm2/sr,2020,"{""type"":""MultiPoint"",""coordinates"":[]}"
82_00000000000000000006,BA03050040,,,,,,,14.71,14,638.331320853,TASWIL5000020230907KABKOTA,Kota Pekanbaru,,0.0518609743118,1.42760792315,4326,5,,,Kota Pekanbaru,Riau,,0,,,2020-11,0.45596973511563577,11,0.45596973511563577,VIIRS DNB,nW/cm2/sr,2020,"{""type"":""MultiPoint"",""coordinates"":[]}"
82_00000000000000000005,BA03050040,,,,,,,14.72,14,2059.61276209,TASWIL5000020230907KABKOTA,Kota Dumai,,0.167408051519,2.69322296248,4326,5,,,Kota Dumai,Riau,,0,Bengkalis,,2020-11,0.5306417187404728,11,0.5306417187404728,VIIRS DNB,nW/cm2/sr,2020,"{""type"":""MultiPoint"",""coordinates"":[]}"
83_00000000000000000000,BA03050040,,,,,,,14.03,14,8616.35798018,TASWIL5000020230907KABKOTA,Bengkalis,,0.700215051782,7.82147949106,4326,4,,,Bengkalis,Riau,,0,,,2020-12,0.31040123858472335,12,0.31040123858472335,VIIRS DNB,nW/cm2/sr,2020,"{""type"":""MultiPoint"",""coordinates"":[]}"
83_00000000000000000001,BA03050040,,,,,,,14.04,14,13521.2628347,TASWIL5000020230907KABKOTA,Indragiri Hilir,,1.09851042149,7.37231237531,4326,4,,,Indragiri Hilir,Riau,,0,,,2020-12,0.05708257804031622,12,0.05708257804031622,VIIRS DNB,nW/cm2/sr,2020,"{""type"":""MultiPoint"",""coordinates"":[]}"
83_00000000000000000002,BA03050040,,,,,,,14.02,14,7871.84968405,TASWIL5000020230907KABKOTA,Indragiri Hulu,,0.63955084852,4.58568097253,4326,4,,,Indragiri Hulu,Riau,,0,,,2020-12,0.10409077289360628,12,0.10409077289360628,VIIRS DNB,nW/cm2/sr,2020,"{""type"":""MultiPoint"",""coordinates"":[]}"
83_00000000000000000003,BA03050040,,,,,,,14.01,14,10352.8025325,TASWIL5000020230907KABKOTA,Kampar,,0.841096503879,7.83544312369,4326,4,,,Kampar,Riau,,0,,,2020-12,0.07936172710527784,12,0.07936172710527784,VIIRS DNB,nW/cm2/sr,2020,"{""type"":""MultiPoint"",""coordinates"":[]}"
83_00000000000000000004,BA03050040,,,,,,,14.10,14,3623.55847532,TASWIL5000020230907KABKOTA,Kepulauan Meranti,,0.294426091439,5.55830216947,4326,4,,,Kepulauan Meranti,Riau,,0,Bengkalis,,2020-12,0.05061147373391341,12,0.05061147373391341,VIIRS DNB,nW/cm2/sr,2020,"{""type"":""MultiPoint"",""coordinates"":[]}"
83_00000000000000000009,BA03050040,,,,,,,14.07,14,9068.45847884,TASWIL5000020230907KABKOTA,Rokan Hilir,,0.737081443501,6.32413452193,4326,4,,,Rokan Hilir,Riau,,0,Bengkalis,,2020-12,0.09197559472876059,12,0.09197559472876059,VIIRS DNB,nW/cm2/sr,2020,"{""type"":""MultiPoint"",""coordinates"":[]}"
83_0000000000000000000b,BA03050040,,,,,,,14.08,14,7805.53759098,TASWIL5000020230907KABKOTA,Siak,,0.634194327848,6.48953973447,4326,4,,,Siak,Riau,,0,Bengkalis,,2020-12,0.07098389899130711,12,0.07098389899130711,VIIRS DNB,nW/cm2/sr,2020,"{""type"":""MultiPoint"",""coordinates"":[]}"
83_00000000000000000007,BA03050040,,,,,,,14.09,14,5457.8626224,TASWIL5000020230907KABKOTA,Kuantan Singingi,,0.443419280545,4.11162115584,4326,4,,,Kuantan Singingi,Riau,,0,Indragiri hulu,,2020-12,0.11265844504746285,12,0.11265844504746285,VIIRS DNB,nW/cm2/sr,2020,"{""type"":""MultiPoint"",""coordinates"":[]}"
83_00000000000000000008,BA03050040,,,,,,,14.05,14,13262.1130957,TASWIL5000020230907KABKOTA,Pelalawan,,1.077443852,7.46682963302,4326,4,,,Pelalawan,Riau,,0,Kampar,,2020-12,0.05225097106101022,12,0.05225097106101022,VIIRS DNB,nW/cm2/sr,2020,"{""type"":""MultiPoint"",""coordinates"":[]}"
83_0000000000000000000a,BA03050040,,,,,,,14.06,14,7658.14908776,TASWIL5000020230907KABKOTA,Rokan Hulu,,0.622243411779,6.12306366434,4326,4,,,Rokan Hulu,Riau,,0,Kampar,,2020-12,0.04193619494765495,12,0.04193619494765495,VIIRS DNB,nW/cm2/sr,2020,"{""type"":""MultiPoint"",""coordinates"":[]}"
83_00000000000000000006,BA03050040,,,,,,,14.71,14,638.331320853,TASWIL5000020230907KABKOTA,Kota Pekanbaru,,0.0518609743118,1.42760792315,4326,5,,,Kota Pekanbaru,Riau,,0,,,2020-12,0.03386740313851527,12,0.03386740313851527,VIIRS DNB,nW/cm2/sr,2020,"{""type"":""MultiPoint"",""coordinates"":[]}"
83_00000000000000000005,BA03050040,,,,,,,14.72,14,2059.61276209,TASWIL5000020230907KABKOTA,Kota Dumai,,0.167408051519,2.69322296248,4326,5,,,Kota Dumai,Riau,,0,Bengkalis,,2020-12,0.6499044076812557,12,0.6499044076812557,VIIRS DNB,nW/cm2/sr,2020,"{""type"":""MultiPoint"",""coordinates"":[]}"
84_00000000000000000000,BA03050040,,,,,,,14.03,14,8616.35798018,TASWIL5000020230907KABKOTA,Bengkalis,,0.700215051782,7.82147949106,4326,4,,,Bengkalis,Riau,,0,,,2021-01,0.1863582718388431,1,0.1863582718388431,VIIRS DNB,nW/cm2/sr,2021,"{""type"":""MultiPoint"",""coordinates"":[]}"
84_00000000000000000001,BA03050040,,,,,,,14.04,14,13521.2628347,TASWIL5000020230907KABKOTA,Indragiri Hilir,,1.09851042149,7.37231237531,4326,4,,,Indragiri Hilir,Riau,,0,,,2021-01,0.10533185700887353,1,0.10533185700887353,VIIRS DNB,nW/cm2/sr,2021,"{""type"":""MultiPoint"",""coordinates"":[]}"
84_00000000000000000002,BA03050040,,,,,,,14.02,14,7871.84968405,TASWIL5000020230907KABKOTA,Indragiri Hulu,,0.63955084852,4.58568097253,4326,4,,,Indragiri Hulu,Riau,,0,,,2021-01,0.0238720603832358,1,0.0238720603832358,VIIRS DNB,nW/cm2/sr,2021,"{""type"":""MultiPoint"",""coordinates"":[]}"
84_00000000000000000003,BA03050040,,,,,,,14.01,14,10352.8025325,TASWIL5000020230907KABKOTA,Kampar,,0.841096503879,7.83544312369,4326,4,,,Kampar,Riau,,0,,,2021-01,0.16027099418075616,1,0.16027099418075616,VIIRS DNB,nW/cm2/sr,2021,"{""type"":""MultiPoint"",""coordinates"":[]}"
84_00000000000000000004,BA03050040,,,,,,,14.10,14,3623.55847532,TASWIL5000020230907KABKOTA,Kepulauan Meranti,,0.294426091439,5.55830216947,4326,4,,,Kepulauan Meranti,Riau,,0,Bengkalis,,2021-01,0.21936014688986527,1,0.21936014688986527,VIIRS DNB,nW/cm2/sr,2021,"{""type"":""MultiPoint"",""coordinates"":[]}"
84_00000000000000000009,BA03050040,,,,,,,14.07,14,9068.45847884,TASWIL5000020230907KABKOTA,Rokan Hilir,,0.737081443501,6.32413452193,4326,4,,,Rokan Hilir,Riau,,0,Bengkalis,,2021-01,0.057502611164281646,1,0.057502611164281646,VIIRS DNB,nW/cm2/sr,2021,"{""type"":""MultiPoint"",""coordinates"":[]}"
84_0000000000000000000b,BA03050040,,,,,,,14.08,14,7805.53759098,TASWIL5000020230907KABKOTA,Siak,,0.634194327848,6.48953973447,4326,4,,,Siak,Riau,,0,Bengkalis,,2021-01,0.3523988557572303,1,0.3523988557572303,VIIRS DNB,nW/cm2/sr,2021,"{""type"":""MultiPoint"",""coordinates"":[]}"
84_00000000000000000007,BA03050040,,,,,,,14.09,14,5457.8626224,TASWIL5000020230907KABKOTA,Kuantan Singingi,,0.443419280545,4.11162115584,4326,4,,,Kuantan Singingi,Riau,,0,Indragiri hulu,,2021-01,0.01414417349006898,1,0.01414417349006898,VIIRS DNB,nW/cm2/sr,2021,"{""type"":""MultiPoint"",""coordinates"":[]}"
84_00000000000000000008,BA03050040,,,,,,,14.05,14,13262.1130957,TASWIL5000020230907KABKOTA,Pelalawan,,1.077443852,7.46682963302,4326,4,,,Pelalawan,Riau,,0,Kampar,,2021-01,0.09935418389453698,1,0.09935418389453698,VIIRS DNB,nW/cm2/sr,2021,"{""type"":""MultiPoint"",""coordinates"":[]}"
84_0000000000000000000a,BA03050040,,,,,,,14.06,14,7658.14908776,TASWIL5000020230907KABKOTA,Rokan Hulu,,0.622243411779,6.12306366434,4326,4,,,Rokan Hulu,Riau,,0,Kampar,,2021-01,0.05648386387768718,1,0.05648386387768718,VIIRS DNB,nW/cm2/sr,2021,"{""type"":""MultiPoint"",""coordinates"":[]}"
84_00000000000000000006,BA03050040,,,,,,,14.71,14,638.331320853,TASWIL5000020230907KABKOTA,Kota Pekanbaru,,0.0518609743118,1.42760792315,4326,5,,,Kota Pekanbaru,Riau,,0,,,2021-01,3.0136168611415886,1,3.0136168611415886,VIIRS DNB,nW/cm2/sr,2021,"{""type"":""MultiPoint"",""coordinates"":[]}"
84_00000000000000000005,BA03050040,,,,,,,14.72,14,2059.61276209,TASWIL5000020230907KABKOTA,Kota Dumai,,0.167408051519,2.69322296248,4326,5,,,Kota Dumai,Riau,,0,Bengkalis,,2021-01,0.05708661497026079,1,0.05708661497026079,VIIRS DNB,nW/cm2/sr,2021,"{""type"":""MultiPoint"",""coordinates"":[]}"
85_00000000000000000000,BA03050040,,,,,,,14.03,14,8616.35798018,TASWIL5000020230907KABKOTA,Bengkalis,,0.700215051782,7.82147949106,4326,4,,,Bengkalis,Riau,,0,,,2021-02,0.6048731688517451,2,0.6048731688517451,VIIRS DNB,nW/cm2/sr,2021,"{""type"":""MultiPoint"",""coordinates"":[]}"
85_00000000000000000001,BA03050040,,,,,,,14.04,14,13521.2628347,TASWIL5000020230907KABKOTA,Indragiri Hilir,,1.09851042149,7.37231237531,4326,4,,,Indragiri Hilir,Riau,,0,,,2021-02,0.2636023768393016,2,0.2636023768393016,VIIRS DNB,nW/cm2/sr,2021,"{""type"":""MultiPoint"",""coordinates"":[]}"
85_00000000000000000002,BA03050040,,,,,,,14.02,14,7871.84968405,TASWIL5000020230907KABKOTA,Indragiri Hulu,,0.63955084852,4.58568097253,4326,4,,,Indragiri Hulu,Riau,,0,,,2021-02,0.28625994682349337,2,0.28625994682349337,VIIRS DNB,nW/cm2/sr,2021,"{""type"":""MultiPoint"",""coordinates"":[]}"
85_00000000000000000003,BA03050040,,,,,,,14.01,14,10352.8025325,TASWIL5000020230907KABKOTA,Kampar,,0.841096503879,7.83544312369,4326,4,,,Kampar,Riau,,0,,,2021-02,0.4967046646770142,2,0.4967046646770142,VIIRS DNB,nW/cm2/sr,2021,"{""type"":""MultiPoint"",""coordinates"":[]}"
85_00000000000000000004,BA03050040,,,,,,,14.10,14,3623.55847532,TASWIL5000020230907KABKOTA,Kepulauan Meranti,,0.294426091439,5.55830216947,4326,4,,,Kepulauan Meranti,Riau,,0,Bengkalis,,2021-02,0.30310626207759805,2,0.30310626207759805,VIIRS DNB,nW/cm2/sr,2021,"{""type"":""MultiPoint"",""coordinates"":[]}"
85_00000000000000000009,BA03050040,,,,,,,14.07,14,9068.45847884,TASWIL5000020230907KABKOTA,Rokan Hilir,,0.737081443501,6.32413452193,4326,4,,,Rokan Hilir,Riau,,0,Bengkalis,,2021-02,0.35760003632720244,2,0.35760003632720244,VIIRS DNB,nW/cm2/sr,2021,"{""type"":""MultiPoint"",""coordinates"":[]}"
85_0000000000000000000b,BA03050040,,,,,,,14.08,14,7805.53759098,TASWIL5000020230907KABKOTA,Siak,,0.634194327848,6.48953973447,4326,4,,,Siak,Riau,,0,Bengkalis,,2021-02,0.6713622728477022,2,0.6713622728477022,VIIRS DNB,nW/cm2/sr,2021,"{""type"":""MultiPoint"",""coordinates"":[]}"
85_00000000000000000007,BA03050040,,,,,,,14.09,14,5457.8626224,TASWIL5000020230907KABKOTA,Kuantan Singingi,,0.443419280545,4.11162115584,4326,4,,,Kuantan Singingi,Riau,,0,Indragiri hulu,,2021-02,0.25168675852737593,2,0.25168675852737593,VIIRS DNB,nW/cm2/sr,2021,"{""type"":""MultiPoint"",""coordinates"":[]}"
85_00000000000000000008,BA03050040,,,,,,,14.05,14,13262.1130957,TASWIL5000020230907KABKOTA,Pelalawan,,1.077443852,7.46682963302,4326,4,,,Pelalawan,Riau,,0,Kampar,,2021-02,0.36489572296428496,2,0.36489572296428496,VIIRS DNB,nW/cm2/sr,2021,"{""type"":""MultiPoint"",""coordinates"":[]}"
85_0000000000000000000a,BA03050040,,,,,,,14.06,14,7658.14908776,TASWIL5000020230907KABKOTA,Rokan Hulu,,0.622243411779,6.12306366434,4326,4,,,Rokan Hulu,Riau,,0,Kampar,,2021-02,0.30455896363742585,2,0.30455896363742585,VIIRS DNB,nW/cm2/sr,2021,"{""type"":""MultiPoint"",""coordinates"":[]}"
85_00000000000000000006,BA03050040,,,,,,,14.71,14,638.331320853,TASWIL5000020230907KABKOTA,Kota Pekanbaru,,0.0518609743118,1.42760792315,4326,5,,,Kota Pekanbaru,Riau,,0,,,2021-02,6.093176577988776,2,6.093176577988776,VIIRS DNB,nW/cm2/sr,2021,"{""type"":""MultiPoint"",""coordinates"":[]}"
85_00000000000000000005,BA03050040,,,,,,,14.72,14,2059.61276209,TASWIL5000020230907KABKOTA,Kota Dumai,,0.167408051519,2.69322296248,4326,5,,,Kota Dumai,Riau,,0,Bengkalis,,2021-02,1.2190884539577787,2,1.2190884539577787,VIIRS DNB,nW/cm2/sr,2021,"{""type"":""MultiPoint"",""coordinates"":[]}"
86_00000000000000000000,BA03050040,,,,,,,14.03,14,8616.35798018,TASWIL5000020230907KABKOTA,Bengkalis,,0.700215051782,7.82147949106,4326,4,,,Bengkalis,Riau,,0,,,2021-03,0.7946339755096979,3,0.7946339755096979,VIIRS DNB,nW/cm2/sr,2021,"{""type"":""MultiPoint"",""coordinates"":[]}"
86_00000000000000000001,BA03050040,,,,,,,14.04,14,13521.2628347,TASWIL5000020230907KABKOTA,Indragiri Hilir,,1.09851042149,7.37231237531,4326,4,,,Indragiri Hilir,Riau,,0,,,2021-03,0.4698121945939337,3,0.4698121945939337,VIIRS DNB,nW/cm2/sr,2021,"{""type"":""MultiPoint"",""coordinates"":[]}"
86_00000000000000000002,BA03050040,,,,,,,14.02,14,7871.84968405,TASWIL5000020230907KABKOTA,Indragiri Hulu,,0.63955084852,4.58568097253,4326,4,,,Indragiri Hulu,Riau,,0,,,2021-03,0.46661924558807155,3,0.46661924558807155,VIIRS DNB,nW/cm2/sr,2021,"{""type"":""MultiPoint"",""coordinates"":[]}"
86_00000000000000000003,BA03050040,,,,,,,14.01,14,10352.8025325,TASWIL5000020230907KABKOTA,Kampar,,0.841096503879,7.83544312369,4326,4,,,Kampar,Riau,,0,,,2021-03,0.6881598752889481,3,0.6881598752889481,VIIRS DNB,nW/cm2/sr,2021,"{""type"":""MultiPoint"",""coordinates"":[]}"
86_00000000000000000004,BA03050040,,,,,,,14.10,14,3623.55847532,TASWIL5000020230907KABKOTA,Kepulauan Meranti,,0.294426091439,5.55830216947,4326,4,,,Kepulauan Meranti,Riau,,0,Bengkalis,,2021-03,0.5188635788227665,3,0.5188635788227665,VIIRS DNB,nW/cm2/sr,2021,"{""type"":""MultiPoint"",""coordinates"":[]}"
86_00000000000000000009,BA03050040,,,,,,,14.07,14,9068.45847884,TASWIL5000020230907KABKOTA,Rokan Hilir,,0.737081443501,6.32413452193,4326,4,,,Rokan Hilir,Riau,,0,Bengkalis,,2021-03,0.5755556466179566,3,0.5755556466179566,VIIRS DNB,nW/cm2/sr,2021,"{""type"":""MultiPoint"",""coordinates"":[]}"
86_0000000000000000000b,BA03050040,,,,,,,14.08,14,7805.53759098,TASWIL5000020230907KABKOTA,Siak,,0.634194327848,6.48953973447,4326,4,,,Siak,Riau,,0,Bengkalis,,2021-03,0.7814348832550155,3,0.7814348832550155,VIIRS DNB,nW/cm2/sr,2021,"{""type"":""MultiPoint"",""coordinates"":[]}"
86_00000000000000000007,BA03050040,,,,,,,14.09,14,5457.8626224,TASWIL5000020230907KABKOTA,Kuantan Singingi,,0.443419280545,4.11162115584,4326,4,,,Kuantan Singingi,Riau,,0,Indragiri hulu,,2021-03,0.3672889773986149,3,0.3672889773986149,VIIRS DNB,nW/cm2/sr,2021,"{""type"":""MultiPoint"",""coordinates"":[]}"
86_00000000000000000008,BA03050040,,,,,,,14.05,14,13262.1130957,TASWIL5000020230907KABKOTA,Pelalawan,,1.077443852,7.46682963302,4326,4,,,Pelalawan,Riau,,0,Kampar,,2021-03,0.5098312841226575,3,0.5098312841226575,VIIRS DNB,nW/cm2/sr,2021,"{""type"":""MultiPoint"",""coordinates"":[]}"
86_0000000000000000000a,BA03050040,,,,,,,14.06,14,7658.14908776,TASWIL5000020230907KABKOTA,Rokan Hulu,,0.622243411779,6.12306366434,4326,4,,,Rokan Hulu,Riau,,0,Kampar,,2021-03,0.5162657784951891,3,0.5162657784951891,VIIRS DNB,nW/cm2/sr,2021,"{""type"":""MultiPoint"",""coordinates"":[]}"
86_00000000000000000006,BA03050040,,,,,,,14.71,14,638.331320853,TASWIL5000020230907KABKOTA,Kota Pekanbaru,,0.0518609743118,1.42760792315,4326,5,,,Kota Pekanbaru,Riau,,0,,,2021-03,6.029977018974221,3,6.029977018974221,VIIRS DNB,nW/cm2/sr,2021,"{""type"":""MultiPoint"",""coordinates"":[]}"
86_00000000000000000005,BA03050040,,,,,,,14.72,14,2059.61276209,TASWIL5000020230907KABKOTA,Kota Dumai,,0.167408051519,2.69322296248,4326,5,,,Kota Dumai,Riau,,0,Bengkalis,,2021-03,1.0080989139078178,3,1.0080989139078178,VIIRS DNB,nW/cm2/sr,2021,"{""type"":""MultiPoint"",""coordinates"":[]}"
87_00000000000000000000,BA03050040,,,,,,,14.03,14,8616.35798018,TASWIL5000020230907KABKOTA,Bengkalis,,0.700215051782,7.82147949106,4326,4,,,Bengkalis,Riau,,0,,,2021-04,0.8037800120856775,4,0.8037800120856775,VIIRS DNB,nW/cm2/sr,2021,"{""type"":""MultiPoint"",""coordinates"":[]}"
87_00000000000000000001,BA03050040,,,,,,,14.04,14,13521.2628347,TASWIL5000020230907KABKOTA,Indragiri Hilir,,1.09851042149,7.37231237531,4326,4,,,Indragiri Hilir,Riau,,0,,,2021-04,0.47450754715362214,4,0.47450754715362214,VIIRS DNB,nW/cm2/sr,2021,"{""type"":""MultiPoint"",""coordinates"":[]}"
87_00000000000000000002,BA03050040,,,,,,,14.02,14,7871.84968405,TASWIL5000020230907KABKOTA,Indragiri Hulu,,0.63955084852,4.58568097253,4326,4,,,Indragiri Hulu,Riau,,0,,,2021-04,0.4926080451656926,4,0.4926080451656926,VIIRS DNB,nW/cm2/sr,2021,"{""type"":""MultiPoint"",""coordinates"":[]}"
87_00000000000000000003,BA03050040,,,,,,,14.01,14,10352.8025325,TASWIL5000020230907KABKOTA,Kampar,,0.841096503879,7.83544312369,4326,4,,,Kampar,Riau,,0,,,2021-04,0.7889447371249193,4,0.7889447371249193,VIIRS DNB,nW/cm2/sr,2021,"{""type"":""MultiPoint"",""coordinates"":[]}"
87_00000000000000000004,BA03050040,,,,,,,14.10,14,3623.55847532,TASWIL5000020230907KABKOTA,Kepulauan Meranti,,0.294426091439,5.55830216947,4326,4,,,Kepulauan Meranti,Riau,,0,Bengkalis,,2021-04,0.6265450845562273,4,0.6265450845562273,VIIRS DNB,nW/cm2/sr,2021,"{""type"":""MultiPoint"",""coordinates"":[]}"
87_00000000000000000009,BA03050040,,,,,,,14.07,14,9068.45847884,TASWIL5000020230907KABKOTA,Rokan Hilir,,0.737081443501,6.32413452193,4326,4,,,Rokan Hilir,Riau,,0,Bengkalis,,2021-04,0.6625232406038964,4,0.6625232406038964,VIIRS DNB,nW/cm2/sr,2021,"{""type"":""MultiPoint"",""coordinates"":[]}"
87_0000000000000000000b,BA03050040,,,,,,,14.08,14,7805.53759098,TASWIL5000020230907KABKOTA,Siak,,0.634194327848,6.48953973447,4326,4,,,Siak,Riau,,0,Bengkalis,,2021-04,0.8384174423930258,4,0.8384174423930258,VIIRS DNB,nW/cm2/sr,2021,"{""type"":""MultiPoint"",""coordinates"":[]}"
87_00000000000000000007,BA03050040,,,,,,,14.09,14,5457.8626224,TASWIL5000020230907KABKOTA,Kuantan Singingi,,0.443419280545,4.11162115584,4326,4,,,Kuantan Singingi,Riau,,0,Indragiri hulu,,2021-04,0.44920225399051467,4,0.44920225399051467,VIIRS DNB,nW/cm2/sr,2021,"{""type"":""MultiPoint"",""coordinates"":[]}"
87_00000000000000000008,BA03050040,,,,,,,14.05,14,13262.1130957,TASWIL5000020230907KABKOTA,Pelalawan,,1.077443852,7.46682963302,4326,4,,,Pelalawan,Riau,,0,Kampar,,2021-04,0.5630777059556782,4,0.5630777059556782,VIIRS DNB,nW/cm2/sr,2021,"{""type"":""MultiPoint"",""coordinates"":[]}"
87_0000000000000000000a,BA03050040,,,,,,,14.06,14,7658.14908776,TASWIL5000020230907KABKOTA,Rokan Hulu,,0.622243411779,6.12306366434,4326,4,,,Rokan Hulu,Riau,,0,Kampar,,2021-04,0.6526658464772112,4,0.6526658464772112,VIIRS DNB,nW/cm2/sr,2021,"{""type"":""MultiPoint"",""coordinates"":[]}"
87_00000000000000000006,BA03050040,,,,,,,14.71,14,638.331320853,TASWIL5000020230907KABKOTA,Kota Pekanbaru,,0.0518609743118,1.42760792315,4326,5,,,Kota Pekanbaru,Riau,,0,,,2021-04,6.964742132845361,4,6.964742132845361,VIIRS DNB,nW/cm2/sr,2021,"{""type"":""MultiPoint"",""coordinates"":[]}"
87_00000000000000000005,BA03050040,,,,,,,14.72,14,2059.61276209,TASWIL5000020230907KABKOTA,Kota Dumai,,0.167408051519,2.69322296248,4326,5,,,Kota Dumai,Riau,,0,Bengkalis,,2021-04,1.3839725830287386,4,1.3839725830287386,VIIRS DNB,nW/cm2/sr,2021,"{""type"":""MultiPoint"",""coordinates"":[]}"
88_00000000000000000000,BA03050040,,,,,,,14.03,14,8616.35798018,TASWIL5000020230907KABKOTA,Bengkalis,,0.700215051782,7.82147949106,4326,4,,,Bengkalis,Riau,,0,,,2021-05,0.5498296674577022,5,0.5498296674577022,VIIRS DNB,nW/cm2/sr,2021,"{""type"":""MultiPoint"",""coordinates"":[]}"
88_00000000000000000001,BA03050040,,,,,,,14.04,14,13521.2628347,TASWIL5000020230907KABKOTA,Indragiri Hilir,,1.09851042149,7.37231237531,4326,4,,,Indragiri Hilir,Riau,,0,,,2021-05,0.3701518323104001,5,0.3701518323104001,VIIRS DNB,nW/cm2/sr,2021,"{""type"":""MultiPoint"",""coordinates"":[]}"
88_00000000000000000002,BA03050040,,,,,,,14.02,14,7871.84968405,TASWIL5000020230907KABKOTA,Indragiri Hulu,,0.63955084852,4.58568097253,4326,4,,,Indragiri Hulu,Riau,,0,,,2021-05,0.42568705551722397,5,0.42568705551722397,VIIRS DNB,nW/cm2/sr,2021,"{""type"":""MultiPoint"",""coordinates"":[]}"
88_00000000000000000003,BA03050040,,,,,,,14.01,14,10352.8025325,TASWIL5000020230907KABKOTA,Kampar,,0.841096503879,7.83544312369,4326,4,,,Kampar,Riau,,0,,,2021-05,0.3788421466864996,5,0.3788421466864996,VIIRS DNB,nW/cm2/sr,2021,"{""type"":""MultiPoint"",""coordinates"":[]}"
88_00000000000000000004,BA03050040,,,,,,,14.10,14,3623.55847532,TASWIL5000020230907KABKOTA,Kepulauan Meranti,,0.294426091439,5.55830216947,4326,4,,,Kepulauan Meranti,Riau,,0,Bengkalis,,2021-05,0.40240574765687026,5,0.40240574765687026,VIIRS DNB,nW/cm2/sr,2021,"{""type"":""MultiPoint"",""coordinates"":[]}"
88_00000000000000000009,BA03050040,,,,,,,14.07,14,9068.45847884,TASWIL5000020230907KABKOTA,Rokan Hilir,,0.737081443501,6.32413452193,4326,4,,,Rokan Hilir,Riau,,0,Bengkalis,,2021-05,0.3470001766633375,5,0.3470001766633375,VIIRS DNB,nW/cm2/sr,2021,"{""type"":""MultiPoint"",""coordinates"":[]}"
88_0000000000000000000b,BA03050040,,,,,,,14.08,14,7805.53759098,TASWIL5000020230907KABKOTA,Siak,,0.634194327848,6.48953973447,4326,4,,,Siak,Riau,,0,Bengkalis,,2021-05,0.5985416099718301,5,0.5985416099718301,VIIRS DNB,nW/cm2/sr,2021,"{""type"":""MultiPoint"",""coordinates"":[]}"
88_00000000000000000007,BA03050040,,,,,,,14.09,14,5457.8626224,TASWIL5000020230907KABKOTA,Kuantan Singingi,,0.443419280545,4.11162115584,4326,4,,,Kuantan Singingi,Riau,,0,Indragiri hulu,,2021-05,0.346125972746115,5,0.346125972746115,VIIRS DNB,nW/cm2/sr,2021,"{""type"":""MultiPoint"",""coordinates"":[]}"
88_00000000000000000008,BA03050040,,,,,,,14.05,14,13262.1130957,TASWIL5000020230907KABKOTA,Pelalawan,,1.077443852,7.46682963302,4326,4,,,Pelalawan,Riau,,0,Kampar,,2021-05,0.36697172843583475,5,0.36697172843583475,VIIRS DNB,nW/cm2/sr,2021,"{""type"":""MultiPoint"",""coordinates"":[]}"
88_0000000000000000000a,BA03050040,,,,,,,14.06,14,7658.14908776,TASWIL5000020230907KABKOTA,Rokan Hulu,,0.622243411779,6.12306366434,4326,4,,,Rokan Hulu,Riau,,0,Kampar,,2021-05,0.22910072656772687,5,0.22910072656772687,VIIRS DNB,nW/cm2/sr,2021,"{""type"":""MultiPoint"",""coordinates"":[]}"
88_00000000000000000006,BA03050040,,,,,,,14.71,14,638.331320853,TASWIL5000020230907KABKOTA,Kota Pekanbaru,,0.0518609743118,1.42760792315,4326,5,,,Kota Pekanbaru,Riau,,0,,,2021-05,3.7125020938077866,5,3.7125020938077866,VIIRS DNB,nW/cm2/sr,2021,"{""type"":""MultiPoint"",""coordinates"":[]}"
88_00000000000000000005,BA03050040,,,,,,,14.72,14,2059.61276209,TASWIL5000020230907KABKOTA,Kota Dumai,,0.167408051519,2.69322296248,4326,5,,,Kota Dumai,Riau,,0,Bengkalis,,2021-05,0.7776928356052202,5,0.7776928356052202,VIIRS DNB,nW/cm2/sr,2021,"{""type"":""MultiPoint"",""coordinates"":[]}"
89_00000000000000000000,BA03050040,,,,,,,14.03,14,8616.35798018,TASWIL5000020230907KABKOTA,Bengkalis,,0.700215051782,7.82147949106,4326,4,,,Bengkalis,Riau,,0,,,2021-06,0.6332028648372936,6,0.6332028648372936,VIIRS DNB,nW/cm2/sr,2021,"{""type"":""MultiPoint"",""coordinates"":[]}"
89_00000000000000000001,BA03050040,,,,,,,14.04,14,13521.2628347,TASWIL5000020230907KABKOTA,Indragiri Hilir,,1.09851042149,7.37231237531,4326,4,,,Indragiri Hilir,Riau,,0,,,2021-06,0.36914261752710087,6,0.36914261752710087,VIIRS DNB,nW/cm2/sr,2021,"{""type"":""MultiPoint"",""coordinates"":[]}"
89_00000000000000000002,BA03050040,,,,,,,14.02,14,7871.84968405,TASWIL5000020230907KABKOTA,Indragiri Hulu,,0.63955084852,4.58568097253,4326,4,,,Indragiri Hulu,Riau,,0,,,2021-06,0.36824391114906974,6,0.36824391114906974,VIIRS DNB,nW/cm2/sr,2021,"{""type"":""MultiPoint"",""coordinates"":[]}"
89_00000000000000000003,BA03050040,,,,,,,14.01,14,10352.8025325,TASWIL5000020230907KABKOTA,Kampar,,0.841096503879,7.83544312369,4326,4,,,Kampar,Riau,,0,,,2021-06,0.6560350489512285,6,0.6560350489512285,VIIRS DNB,nW/cm2/sr,2021,"{""type"":""MultiPoint"",""coordinates"":[]}"
89_00000000000000000004,BA03050040,,,,,,,14.10,14,3623.55847532,TASWIL5000020230907KABKOTA,Kepulauan Meranti,,0.294426091439,5.55830216947,4326,4,,,Kepulauan Meranti,Riau,,0,Bengkalis,,2021-06,0.36045936152507596,6,0.36045936152507596,VIIRS DNB,nW/cm2/sr,2021,"{""type"":""MultiPoint"",""coordinates"":[]}"
89_00000000000000000009,BA03050040,,,,,,,14.07,14,9068.45847884,TASWIL5000020230907KABKOTA,Rokan Hilir,,0.737081443501,6.32413452193,4326,4,,,Rokan Hilir,Riau,,0,Bengkalis,,2021-06,0.4874063308542902,6,0.4874063308542902,VIIRS DNB,nW/cm2/sr,2021,"{""type"":""MultiPoint"",""coordinates"":[]}"
89_0000000000000000000b,BA03050040,,,,,,,14.08,14,7805.53759098,TASWIL5000020230907KABKOTA,Siak,,0.634194327848,6.48953973447,4326,4,,,Siak,Riau,,0,Bengkalis,,2021-06,0.6335531566283756,6,0.6335531566283756,VIIRS DNB,nW/cm2/sr,2021,"{""type"":""MultiPoint"",""coordinates"":[]}"
89_00000000000000000007,BA03050040,,,,,,,14.09,14,5457.8626224,TASWIL5000020230907KABKOTA,Kuantan Singingi,,0.443419280545,4.11162115584,4326,4,,,Kuantan Singingi,Riau,,0,Indragiri hulu,,2021-06,0.38304947167903425,6,0.38304947167903425,VIIRS DNB,nW/cm2/sr,2021,"{""type"":""MultiPoint"",""coordinates"":[]}"
89_00000000000000000008,BA03050040,,,,,,,14.05,14,13262.1130957,TASWIL5000020230907KABKOTA,Pelalawan,,1.077443852,7.46682963302,4326,4,,,Pelalawan,Riau,,0,Kampar,,2021-06,0.425200775462605,6,0.425200775462605,VIIRS DNB,nW/cm2/sr,2021,"{""type"":""MultiPoint"",""coordinates"":[]}"
89_0000000000000000000a,BA03050040,,,,,,,14.06,14,7658.14908776,TASWIL5000020230907KABKOTA,Rokan Hulu,,0.622243411779,6.12306366434,4326,4,,,Rokan Hulu,Riau,,0,Kampar,,2021-06,0.466114168756122,6,0.466114168756122,VIIRS DNB,nW/cm2/sr,2021,"{""type"":""MultiPoint"",""coordinates"":[]}"
89_00000000000000000006,BA03050040,,,,,,,14.71,14,638.331320853,TASWIL5000020230907KABKOTA,Kota Pekanbaru,,0.0518609743118,1.42760792315,4326,5,,,Kota Pekanbaru,Riau,,0,,,2021-06,5.858451892540963,6,5.858451892540963,VIIRS DNB,nW/cm2/sr,2021,"{""type"":""MultiPoint"",""coordinates"":[]}"
89_00000000000000000005,BA03050040,,,,,,,14.72,14,2059.61276209,TASWIL5000020230907KABKOTA,Kota Dumai,,0.167408051519,2.69322296248,4326,5,,,Kota Dumai,Riau,,0,Bengkalis,,2021-06,1.3397363043648298,6,1.3397363043648298,VIIRS DNB,nW/cm2/sr,2021,"{""type"":""MultiPoint"",""coordinates"":[]}"
90_00000000000000000000,BA03050040,,,,,,,14.03,14,8616.35798018,TASWIL5000020230907KABKOTA,Bengkalis,,0.700215051782,7.82147949106,4326,4,,,Bengkalis,Riau,,0,,,2021-07,0.6539289552436967,7,0.6539289552436967,VIIRS DNB,nW/cm2/sr,2021,"{""type"":""MultiPoint"",""coordinates"":[]}"
90_00000000000000000001,BA03050040,,,,,,,14.04,14,13521.2628347,TASWIL5000020230907KABKOTA,Indragiri Hilir,,1.09851042149,7.37231237531,4326,4,,,Indragiri Hilir,Riau,,0,,,2021-07,0.3186245643615006,7,0.3186245643615006,VIIRS DNB,nW/cm2/sr,2021,"{""type"":""MultiPoint"",""coordinates"":[]}"
90_00000000000000000002,BA03050040,,,,,,,14.02,14,7871.84968405,TASWIL5000020230907KABKOTA,Indragiri Hulu,,0.63955084852,4.58568097253,4326,4,,,Indragiri Hulu,Riau,,0,,,2021-07,0.3601736016851485,7,0.3601736016851485,VIIRS DNB,nW/cm2/sr,2021,"{""type"":""MultiPoint"",""coordinates"":[]}"
90_00000000000000000003,BA03050040,,,,,,,14.01,14,10352.8025325,TASWIL5000020230907KABKOTA,Kampar,,0.841096503879,7.83544312369,4326,4,,,Kampar,Riau,,0,,,2021-07,0.5865136390116397,7,0.5865136390116397,VIIRS DNB,nW/cm2/sr,2021,"{""type"":""MultiPoint"",""coordinates"":[]}"
90_00000000000000000004,BA03050040,,,,,,,14.10,14,3623.55847532,TASWIL5000020230907KABKOTA,Kepulauan Meranti,,0.294426091439,5.55830216947,4326,4,,,Kepulauan Meranti,Riau,,0,Bengkalis,,2021-07,0.33755744620046124,7,0.33755744620046124,VIIRS DNB,nW/cm2/sr,2021,"{""type"":""MultiPoint"",""coordinates"":[]}"
90_00000000000000000009,BA03050040,,,,,,,14.07,14,9068.45847884,TASWIL5000020230907KABKOTA,Rokan Hilir,,0.737081443501,6.32413452193,4326,4,,,Rokan Hilir,Riau,,0,Bengkalis,,2021-07,0.6213907729171267,7,0.6213907729171267,VIIRS DNB,nW/cm2/sr,2021,"{""type"":""MultiPoint"",""coordinates"":[]}"
90_0000000000000000000b,BA03050040,,,,,,,14.08,14,7805.53759098,TASWIL5000020230907KABKOTA,Siak,,0.634194327848,6.48953973447,4326,4,,,Siak,Riau,,0,Bengkalis,,2021-07,0.6340738204383088,7,0.6340738204383088,VIIRS DNB,nW/cm2/sr,2021,"{""type"":""MultiPoint"",""coordinates"":[]}"
90_00000000000000000007,BA03050040,,,,,,,14.09,14,5457.8626224,TASWIL5000020230907KABKOTA,Kuantan Singingi,,0.443419280545,4.11162115584,4326,4,,,Kuantan Singingi,Riau,,0,Indragiri hulu,,2021-07,0.3612556969142137,7,0.3612556969142137,VIIRS DNB,nW/cm2/sr,2021,"{""type"":""MultiPoint"",""coordinates"":[]}"
90_00000000000000000008,BA03050040,,,,,,,14.05,14,13262.1130957,TASWIL5000020230907KABKOTA,Pelalawan,,1.077443852,7.46682963302,4326,4,,,Pelalawan,Riau,,0,Kampar,,2021-07,0.41189117550721055,7,0.41189117550721055,VIIRS DNB,nW/cm2/sr,2021,"{""type"":""MultiPoint"",""coordinates"":[]}"
90_0000000000000000000a,BA03050040,,,,,,,14.06,14,7658.14908776,TASWIL5000020230907KABKOTA,Rokan Hulu,,0.622243411779,6.12306366434,4326,4,,,Rokan Hulu,Riau,,0,Kampar,,2021-07,0.4774579026262682,7,0.4774579026262682,VIIRS DNB,nW/cm2/sr,2021,"{""type"":""MultiPoint"",""coordinates"":[]}"
90_00000000000000000006,BA03050040,,,,,,,14.71,14,638.331320853,TASWIL5000020230907KABKOTA,Kota Pekanbaru,,0.0518609743118,1.42760792315,4326,5,,,Kota Pekanbaru,Riau,,0,,,2021-07,6.0812820281883955,7,6.0812820281883955,VIIRS DNB,nW/cm2/sr,2021,"{""type"":""MultiPoint"",""coordinates"":[]}"
90_00000000000000000005,BA03050040,,,,,,,14.72,14,2059.61276209,TASWIL5000020230907KABKOTA,Kota Dumai,,0.167408051519,2.69322296248,4326,5,,,Kota Dumai,Riau,,0,Bengkalis,,2021-07,1.1518768351166264,7,1.1518768351166264,VIIRS DNB,nW/cm2/sr,2021,"{""type"":""MultiPoint"",""coordinates"":[]}"
91_00000000000000000000,BA03050040,,,,,,,14.03,14,8616.35798018,TASWIL5000020230907KABKOTA,Bengkalis,,0.700215051782,7.82147949106,4326,4,,,Bengkalis,Riau,,0,,,2021-08,0.2557802472379593,8,0.2557802472379593,VIIRS DNB,nW/cm2/sr,2021,"{""type"":""MultiPoint"",""coordinates"":[]}"
91_00000000000000000001,BA03050040,,,,,,,14.04,14,13521.2628347,TASWIL5000020230907KABKOTA,Indragiri Hilir,,1.09851042149,7.37231237531,4326,4,,,Indragiri Hilir,Riau,,0,,,2021-08,0.43516242902294683,8,0.43516242902294683,VIIRS DNB,nW/cm2/sr,2021,"{""type"":""MultiPoint"",""coordinates"":[]}"
91_00000000000000000002,BA03050040,,,,,,,14.02,14,7871.84968405,TASWIL5000020230907KABKOTA,Indragiri Hulu,,0.63955084852,4.58568097253,4326,4,,,Indragiri Hulu,Riau,,0,,,2021-08,0.43790585053773334,8,0.43790585053773334,VIIRS DNB,nW/cm2/sr,2021,"{""type"":""MultiPoint"",""coordinates"":[]}"
91_00000000000000000003,BA03050040,,,,,,,14.01,14,10352.8025325,TASWIL5000020230907KABKOTA,Kampar,,0.841096503879,7.83544312369,4326,4,,,Kampar,Riau,,0,,,2021-08,0.5585669681725869,8,0.5585669681725869,VIIRS DNB,nW/cm2/sr,2021,"{""type"":""MultiPoint"",""coordinates"":[]}"
91_00000000000000000004,BA03050040,,,,,,,14.10,14,3623.55847532,TASWIL5000020230907KABKOTA,Kepulauan Meranti,,0.294426091439,5.55830216947,4326,4,,,Kepulauan Meranti,Riau,,0,Bengkalis,,2021-08,0.5187057340719625,8,0.5187057340719625,VIIRS DNB,nW/cm2/sr,2021,"{""type"":""MultiPoint"",""coordinates"":[]}"
91_00000000000000000009,BA03050040,,,,,,,14.07,14,9068.45847884,TASWIL5000020230907KABKOTA,Rokan Hilir,,0.737081443501,6.32413452193,4326,4,,,Rokan Hilir,Riau,,0,Bengkalis,,2021-08,0.3217126290692683,8,0.3217126290692683,VIIRS DNB,nW/cm2/sr,2021,"{""type"":""MultiPoint"",""coordinates"":[]}"
91_0000000000000000000b,BA03050040,,,,,,,14.08,14,7805.53759098,TASWIL5000020230907KABKOTA,Siak,,0.634194327848,6.48953973447,4326,4,,,Siak,Riau,,0,Bengkalis,,2021-08,0.665579392354661,8,0.665579392354661,VIIRS DNB,nW/cm2/sr,2021,"{""type"":""MultiPoint"",""coordinates"":[]}"
91_00000000000000000007,BA03050040,,,,,,,14.09,14,5457.8626224,TASWIL5000020230907KABKOTA,Kuantan Singingi,,0.443419280545,4.11162115584,4326,4,,,Kuantan Singingi,Riau,,0,Indragiri hulu,,2021-08,0.35177644961728793,8,0.35177644961728793,VIIRS DNB,nW/cm2/sr,2021,"{""type"":""MultiPoint"",""coordinates"":[]}"
91_00000000000000000008,BA03050040,,,,,,,14.05,14,13262.1130957,TASWIL5000020230907KABKOTA,Pelalawan,,1.077443852,7.46682963302,4326,4,,,Pelalawan,Riau,,0,Kampar,,2021-08,0.4853558172602284,8,0.4853558172602284,VIIRS DNB,nW/cm2/sr,2021,"{""type"":""MultiPoint"",""coordinates"":[]}"
91_0000000000000000000a,BA03050040,,,,,,,14.06,14,7658.14908776,TASWIL5000020230907KABKOTA,Rokan Hulu,,0.622243411779,6.12306366434,4326,4,,,Rokan Hulu,Riau,,0,Kampar,,2021-08,0.37817848069048143,8,0.37817848069048143,VIIRS DNB,nW/cm2/sr,2021,"{""type"":""MultiPoint"",""coordinates"":[]}"
91_00000000000000000006,BA03050040,,,,,,,14.71,14,638.331320853,TASWIL5000020230907KABKOTA,Kota Pekanbaru,,0.0518609743118,1.42760792315,4326,5,,,Kota Pekanbaru,Riau,,0,,,2021-08,5.741800261552961,8,5.741800261552961,VIIRS DNB,nW/cm2/sr,2021,"{""type"":""MultiPoint"",""coordinates"":[]}"
91_00000000000000000005,BA03050040,,,,,,,14.72,14,2059.61276209,TASWIL5000020230907KABKOTA,Kota Dumai,,0.167408051519,2.69322296248,4326,5,,,Kota Dumai,Riau,,0,Bengkalis,,2021-08,0.28095504487357925,8,0.28095504487357925,VIIRS DNB,nW/cm2/sr,2021,"{""type"":""MultiPoint"",""coordinates"":[]}"
92_00000000000000000000,BA03050040,,,,,,,14.03,14,8616.35798018,TASWIL5000020230907KABKOTA,Bengkalis,,0.700215051782,7.82147949106,4326,4,,,Bengkalis,Riau,,0,,,2021-09,0.3553064936814764,9,0.3553064936814764,VIIRS DNB,nW/cm2/sr,2021,"{""type"":""MultiPoint"",""coordinates"":[]}"
92_00000000000000000001,BA03050040,,,,,,,14.04,14,13521.2628347,TASWIL5000020230907KABKOTA,Indragiri Hilir,,1.09851042149,7.37231237531,4326,4,,,Indragiri Hilir,Riau,,0,,,2021-09,0.27039382315846583,9,0.27039382315846583,VIIRS DNB,nW/cm2/sr,2021,"{""type"":""MultiPoint"",""coordinates"":[]}"
92_00000000000000000002,BA03050040,,,,,,,14.02,14,7871.84968405,TASWIL5000020230907KABKOTA,Indragiri Hulu,,0.63955084852,4.58568097253,4326,4,,,Indragiri Hulu,Riau,,0,,,2021-09,0.2943620485469429,9,0.2943620485469429,VIIRS DNB,nW/cm2/sr,2021,"{""type"":""MultiPoint"",""coordinates"":[]}"
92_00000000000000000003,BA03050040,,,,,,,14.01,14,10352.8025325,TASWIL5000020230907KABKOTA,Kampar,,0.841096503879,7.83544312369,4326,4,,,Kampar,Riau,,0,,,2021-09,0.3352435530809185,9,0.3352435530809185,VIIRS DNB,nW/cm2/sr,2021,"{""type"":""MultiPoint"",""coordinates"":[]}"
92_00000000000000000004,BA03050040,,,,,,,14.10,14,3623.55847532,TASWIL5000020230907KABKOTA,Kepulauan Meranti,,0.294426091439,5.55830216947,4326,4,,,Kepulauan Meranti,Riau,,0,Bengkalis,,2021-09,0.2697620852552608,9,0.2697620852552608,VIIRS DNB,nW/cm2/sr,2021,"{""type"":""MultiPoint"",""coordinates"":[]}"
92_00000000000000000009,BA03050040,,,,,,,14.07,14,9068.45847884,TASWIL5000020230907KABKOTA,Rokan Hilir,,0.737081443501,6.32413452193,4326,4,,,Rokan Hilir,Riau,,0,Bengkalis,,2021-09,0.28109016441283674,9,0.28109016441283674,VIIRS DNB,nW/cm2/sr,2021,"{""type"":""MultiPoint"",""coordinates"":[]}"
92_0000000000000000000b,BA03050040,,,,,,,14.08,14,7805.53759098,TASWIL5000020230907KABKOTA,Siak,,0.634194327848,6.48953973447,4326,4,,,Siak,Riau,,0,Bengkalis,,2021-09,0.5140778567506461,9,0.5140778567506461,VIIRS DNB,nW/cm2/sr,2021,"{""type"":""MultiPoint"",""coordinates"":[]}"
92_00000000000000000007,BA03050040,,,,,,,14.09,14,5457.8626224,TASWIL5000020230907KABKOTA,Kuantan Singingi,,0.443419280545,4.11162115584,4326,4,,,Kuantan Singingi,Riau,,0,Indragiri hulu,,2021-09,0.21586629668971322,9,0.21586629668971322,VIIRS DNB,nW/cm2/sr,2021,"{""type"":""MultiPoint"",""coordinates"":[]}"
92_00000000000000000008,BA03050040,,,,,,,14.05,14,13262.1130957,TASWIL5000020230907KABKOTA,Pelalawan,,1.077443852,7.46682963302,4326,4,,,Pelalawan,Riau,,0,Kampar,,2021-09,0.34248232658510314,9,0.34248232658510314,VIIRS DNB,nW/cm2/sr,2021,"{""type"":""MultiPoint"",""coordinates"":[]}"
92_0000000000000000000a,BA03050040,,,,,,,14.06,14,7658.14908776,TASWIL5000020230907KABKOTA,Rokan Hulu,,0.622243411779,6.12306366434,4326,4,,,Rokan Hulu,Riau,,0,Kampar,,2021-09,0.3119746512551187,9,0.3119746512551187,VIIRS DNB,nW/cm2/sr,2021,"{""type"":""MultiPoint"",""coordinates"":[]}"
92_00000000000000000006,BA03050040,,,,,,,14.71,14,638.331320853,TASWIL5000020230907KABKOTA,Kota Pekanbaru,,0.0518609743118,1.42760792315,4326,5,,,Kota Pekanbaru,Riau,,0,,,2021-09,2.7009962604235978,9,2.7009962604235978,VIIRS DNB,nW/cm2/sr,2021,"{""type"":""MultiPoint"",""coordinates"":[]}"
92_00000000000000000005,BA03050040,,,,,,,14.72,14,2059.61276209,TASWIL5000020230907KABKOTA,Kota Dumai,,0.167408051519,2.69322296248,4326,5,,,Kota Dumai,Riau,,0,Bengkalis,,2021-09,0.324318041480036,9,0.324318041480036,VIIRS DNB,nW/cm2/sr,2021,"{""type"":""MultiPoint"",""coordinates"":[]}"
93_00000000000000000000,BA03050040,,,,,,,14.03,14,8616.35798018,TASWIL5000020230907KABKOTA,Bengkalis,,0.700215051782,7.82147949106,4326,4,,,Bengkalis,Riau,,0,,,2021-10,0.41790433543084055,10,0.41790433543084055,VIIRS DNB,nW/cm2/sr,2021,"{""type"":""MultiPoint"",""coordinates"":[]}"
93_00000000000000000001,BA03050040,,,,,,,14.04,14,13521.2628347,TASWIL5000020230907KABKOTA,Indragiri Hilir,,1.09851042149,7.37231237531,4326,4,,,Indragiri Hilir,Riau,,0,,,2021-10,0.37048776556599555,10,0.37048776556599555,VIIRS DNB,nW/cm2/sr,2021,"{""type"":""MultiPoint"",""coordinates"":[]}"
93_00000000000000000002,BA03050040,,,,,,,14.02,14,7871.84968405,TASWIL5000020230907KABKOTA,Indragiri Hulu,,0.63955084852,4.58568097253,4326,4,,,Indragiri Hulu,Riau,,0,,,2021-10,0.43519720307762133,10,0.43519720307762133,VIIRS DNB,nW/cm2/sr,2021,"{""type"":""MultiPoint"",""coordinates"":[]}"
93_00000000000000000003,BA03050040,,,,,,,14.01,14,10352.8025325,TASWIL5000020230907KABKOTA,Kampar,,0.841096503879,7.83544312369,4326,4,,,Kampar,Riau,,0,,,2021-10,0.35610979560174943,10,0.35610979560174943,VIIRS DNB,nW/cm2/sr,2021,"{""type"":""MultiPoint"",""coordinates"":[]}"
93_00000000000000000004,BA03050040,,,,,,,14.10,14,3623.55847532,TASWIL5000020230907KABKOTA,Kepulauan Meranti,,0.294426091439,5.55830216947,4326,4,,,Kepulauan Meranti,Riau,,0,Bengkalis,,2021-10,0.32905015511822494,10,0.32905015511822494,VIIRS DNB,nW/cm2/sr,2021,"{""type"":""MultiPoint"",""coordinates"":[]}"
93_00000000000000000009,BA03050040,,,,,,,14.07,14,9068.45847884,TASWIL5000020230907KABKOTA,Rokan Hilir,,0.737081443501,6.32413452193,4326,4,,,Rokan Hilir,Riau,,0,Bengkalis,,2021-10,0.5004481550859872,10,0.5004481550859872,VIIRS DNB,nW/cm2/sr,2021,"{""type"":""MultiPoint"",""coordinates"":[]}"
93_0000000000000000000b,BA03050040,,,,,,,14.08,14,7805.53759098,TASWIL5000020230907KABKOTA,Siak,,0.634194327848,6.48953973447,4326,4,,,Siak,Riau,,0,Bengkalis,,2021-10,0.09199684312681243,10,0.09199684312681243,VIIRS DNB,nW/cm2/sr,2021,"{""type"":""MultiPoint"",""coordinates"":[]}"
93_00000000000000000007,BA03050040,,,,,,,14.09,14,5457.8626224,TASWIL5000020230907KABKOTA,Kuantan Singingi,,0.443419280545,4.11162115584,4326,4,,,Kuantan Singingi,Riau,,0,Indragiri hulu,,2021-10,0.23124247134784723,10,0.23124247134784723,VIIRS DNB,nW/cm2/sr,2021,"{""type"":""MultiPoint"",""coordinates"":[]}"
93_00000000000000000008,BA03050040,,,,,,,14.05,14,13262.1130957,TASWIL5000020230907KABKOTA,Pelalawan,,1.077443852,7.46682963302,4326,4,,,Pelalawan,Riau,,0,Kampar,,2021-10,0.2148420254655784,10,0.2148420254655784,VIIRS DNB,nW/cm2/sr,2021,"{""type"":""MultiPoint"",""coordinates"":[]}"
93_0000000000000000000a,BA03050040,,,,,,,14.06,14,7658.14908776,TASWIL5000020230907KABKOTA,Rokan Hulu,,0.622243411779,6.12306366434,4326,4,,,Rokan Hulu,Riau,,0,Kampar,,2021-10,0.4552264863346454,10,0.4552264863346454,VIIRS DNB,nW/cm2/sr,2021,"{""type"":""MultiPoint"",""coordinates"":[]}"
93_00000000000000000006,BA03050040,,,,,,,14.71,14,638.331320853,TASWIL5000020230907KABKOTA,Kota Pekanbaru,,0.0518609743118,1.42760792315,4326,5,,,Kota Pekanbaru,Riau,,0,,,2021-10,0.5394692860012397,10,0.5394692860012397,VIIRS DNB,nW/cm2/sr,2021,"{""type"":""MultiPoint"",""coordinates"":[]}"
93_00000000000000000005,BA03050040,,,,,,,14.72,14,2059.61276209,TASWIL5000020230907KABKOTA,Kota Dumai,,0.167408051519,2.69322296248,4326,5,,,Kota Dumai,Riau,,0,Bengkalis,,2021-10,0.7984382295733861,10,0.7984382295733861,VIIRS DNB,nW/cm2/sr,2021,"{""type"":""MultiPoint"",""coordinates"":[]}"
94_00000000000000000000,BA03050040,,,,,,,14.03,14,8616.35798018,TASWIL5000020230907KABKOTA,Bengkalis,,0.700215051782,7.82147949106,4326,4,,,Bengkalis,Riau,,0,,,2021-11,0.5790726975512251,11,0.5790726975512251,VIIRS DNB,nW/cm2/sr,2021,"{""type"":""MultiPoint"",""coordinates"":[]}"
94_00000000000000000001,BA03050040,,,,,,,14.04,14,13521.2628347,TASWIL5000020230907KABKOTA,Indragiri Hilir,,1.09851042149,7.37231237531,4326,4,,,Indragiri Hilir,Riau,,0,,,2021-11,0.2624424138593719,11,0.2624424138593719,VIIRS DNB,nW/cm2/sr,2021,"{""type"":""MultiPoint"",""coordinates"":[]}"
94_00000000000000000002,BA03050040,,,,,,,14.02,14,7871.84968405,TASWIL5000020230907KABKOTA,Indragiri Hulu,,0.63955084852,4.58568097253,4326,4,,,Indragiri Hulu,Riau,,0,,,2021-11,0.36554256690070397,11,0.36554256690070397,VIIRS DNB,nW/cm2/sr,2021,"{""type"":""MultiPoint"",""coordinates"":[]}"
94_00000000000000000003,BA03050040,,,,,,,14.01,14,10352.8025325,TASWIL5000020230907KABKOTA,Kampar,,0.841096503879,7.83544312369,4326,4,,,Kampar,Riau,,0,,,2021-11,0.4107433143050927,11,0.4107433143050927,VIIRS DNB,nW/cm2/sr,2021,"{""type"":""MultiPoint"",""coordinates"":[]}"
94_00000000000000000004,BA03050040,,,,,,,14.10,14,3623.55847532,TASWIL5000020230907KABKOTA,Kepulauan Meranti,,0.294426091439,5.55830216947,4326,4,,,Kepulauan Meranti,Riau,,0,Bengkalis,,2021-11,0.35186345976858363,11,0.35186345976858363,VIIRS DNB,nW/cm2/sr,2021,"{""type"":""MultiPoint"",""coordinates"":[]}"
94_00000000000000000009,BA03050040,,,,,,,14.07,14,9068.45847884,TASWIL5000020230907KABKOTA,Rokan Hilir,,0.737081443501,6.32413452193,4326,4,,,Rokan Hilir,Riau,,0,Bengkalis,,2021-11,0.35392429383914736,11,0.35392429383914736,VIIRS DNB,nW/cm2/sr,2021,"{""type"":""MultiPoint"",""coordinates"":[]}"
94_0000000000000000000b,BA03050040,,,,,,,14.08,14,7805.53759098,TASWIL5000020230907KABKOTA,Siak,,0.634194327848,6.48953973447,4326,4,,,Siak,Riau,,0,Bengkalis,,2021-11,0.45661299620902035,11,0.45661299620902035,VIIRS DNB,nW/cm2/sr,2021,"{""type"":""MultiPoint"",""coordinates"":[]}"
94_00000000000000000007,BA03050040,,,,,,,14.09,14,5457.8626224,TASWIL5000020230907KABKOTA,Kuantan Singingi,,0.443419280545,4.11162115584,4326,4,,,Kuantan Singingi,Riau,,0,Indragiri hulu,,2021-11,0.3339597925088219,11,0.3339597925088219,VIIRS DNB,nW/cm2/sr,2021,"{""type"":""MultiPoint"",""coordinates"":[]}"
94_00000000000000000008,BA03050040,,,,,,,14.05,14,13262.1130957,TASWIL5000020230907KABKOTA,Pelalawan,,1.077443852,7.46682963302,4326,4,,,Pelalawan,Riau,,0,Kampar,,2021-11,0.3966228550072693,11,0.3966228550072693,VIIRS DNB,nW/cm2/sr,2021,"{""type"":""MultiPoint"",""coordinates"":[]}"
94_0000000000000000000a,BA03050040,,,,,,,14.06,14,7658.14908776,TASWIL5000020230907KABKOTA,Rokan Hulu,,0.622243411779,6.12306366434,4326,4,,,Rokan Hulu,Riau,,0,Kampar,,2021-11,0.3699354429279216,11,0.3699354429279216,VIIRS DNB,nW/cm2/sr,2021,"{""type"":""MultiPoint"",""coordinates"":[]}"
94_00000000000000000006,BA03050040,,,,,,,14.71,14,638.331320853,TASWIL5000020230907KABKOTA,Kota Pekanbaru,,0.0518609743118,1.42760792315,4326,5,,,Kota Pekanbaru,Riau,,0,,,2021-11,3.8968365709347985,11,3.8968365709347985,VIIRS DNB,nW/cm2/sr,2021,"{""type"":""MultiPoint"",""coordinates"":[]}"
94_00000000000000000005,BA03050040,,,,,,,14.72,14,2059.61276209,TASWIL5000020230907KABKOTA,Kota Dumai,,0.167408051519,2.69322296248,4326,5,,,Kota Dumai,Riau,,0,Bengkalis,,2021-11,0.9316563284438881,11,0.9316563284438881,VIIRS DNB,nW/cm2/sr,2021,"{""type"":""MultiPoint"",""coordinates"":[]}"
95_00000000000000000000,BA03050040,,,,,,,14.03,14,8616.35798018,TASWIL5000020230907KABKOTA,Bengkalis,,0.700215051782,7.82147949106,4326,4,,,Bengkalis,Riau,,0,,,2021-12,0.38023891467645254,12,0.38023891467645254,VIIRS DNB,nW/cm2/sr,2021,"{""type"":""MultiPoint"",""coordinates"":[]}"
95_00000000000000000001,BA03050040,,,,,,,14.04,14,13521.2628347,TASWIL5000020230907KABKOTA,Indragiri Hilir,,1.09851042149,7.37231237531,4326,4,,,Indragiri Hilir,Riau,,0,,,2021-12,0.2193915596358193,12,0.2193915596358193,VIIRS DNB,nW/cm2/sr,2021,"{""type"":""MultiPoint"",""coordinates"":[]}"
95_00000000000000000002,BA03050040,,,,,,,14.02,14,7871.84968405,TASWIL5000020230907KABKOTA,Indragiri Hulu,,0.63955084852,4.58568097253,4326,4,,,Indragiri Hulu,Riau,,0,,,2021-12,0.14490454277858134,12,0.14490454277858134,VIIRS DNB,nW/cm2/sr,2021,"{""type"":""MultiPoint"",""coordinates"":[]}"
95_00000000000000000003,BA03050040,,,,,,,14.01,14,10352.8025325,TASWIL5000020230907KABKOTA,Kampar,,0.841096503879,7.83544312369,4326,4,,,Kampar,Riau,,0,,,2021-12,0.2920136988222965,12,0.2920136988222965,VIIRS DNB,nW/cm2/sr,2021,"{""type"":""MultiPoint"",""coordinates"":[]}"
95_00000000000000000004,BA03050040,,,,,,,14.10,14,3623.55847532,TASWIL5000020230907KABKOTA,Kepulauan Meranti,,0.294426091439,5.55830216947,4326,4,,,Kepulauan Meranti,Riau,,0,Bengkalis,,2021-12,0.33839721245248533,12,0.33839721245248533,VIIRS DNB,nW/cm2/sr,2021,"{""type"":""MultiPoint"",""coordinates"":[]}"
95_00000000000000000009,BA03050040,,,,,,,14.07,14,9068.45847884,TASWIL5000020230907KABKOTA,Rokan Hilir,,0.737081443501,6.32413452193,4326,4,,,Rokan Hilir,Riau,,0,Bengkalis,,2021-12,0.2956884527912801,12,0.2956884527912801,VIIRS DNB,nW/cm2/sr,2021,"{""type"":""MultiPoint"",""coordinates"":[]}"
95_0000000000000000000b,BA03050040,,,,,,,14.08,14,7805.53759098,TASWIL5000020230907KABKOTA,Siak,,0.634194327848,6.48953973447,4326,4,,,Siak,Riau,,0,Bengkalis,,2021-12,0.5552874422883256,12,0.5552874422883256,VIIRS DNB,nW/cm2/sr,2021,"{""type"":""MultiPoint"",""coordinates"":[]}"
95_00000000000000000007,BA03050040,,,,,,,14.09,14,5457.8626224,TASWIL5000020230907KABKOTA,Kuantan Singingi,,0.443419280545,4.11162115584,4326,4,,,Kuantan Singingi,Riau,,0,Indragiri hulu,,2021-12,0.07754660334421175,12,0.07754660334421175,VIIRS DNB,nW/cm2/sr,2021,"{""type"":""MultiPoint"",""coordinates"":[]}"
95_00000000000000000008,BA03050040,,,,,,,14.05,14,13262.1130957,TASWIL5000020230907KABKOTA,Pelalawan,,1.077443852,7.46682963302,4326,4,,,Pelalawan,Riau,,0,Kampar,,2021-12,0.23175220174835756,12,0.23175220174835756,VIIRS DNB,nW/cm2/sr,2021,"{""type"":""MultiPoint"",""coordinates"":[]}"
95_0000000000000000000a,BA03050040,,,,,,,14.06,14,7658.14908776,TASWIL5000020230907KABKOTA,Rokan Hulu,,0.622243411779,6.12306366434,4326,4,,,Rokan Hulu,Riau,,0,Kampar,,2021-12,0.2328371734941746,12,0.2328371734941746,VIIRS DNB,nW/cm2/sr,2021,"{""type"":""MultiPoint"",""coordinates"":[]}"
95_00000000000000000006,BA03050040,,,,,,,14.71,14,638.331320853,TASWIL5000020230907KABKOTA,Kota Pekanbaru,,0.0518609743118,1.42760792315,4326,5,,,Kota Pekanbaru,Riau,,0,,,2021-12,3.194887396242674,12,3.194887396242674,VIIRS DNB,nW/cm2/sr,2021,"{""type"":""MultiPoint"",""coordinates"":[]}"
95_00000000000000000005,BA03050040,,,,,,,14.72,14,2059.61276209,TASWIL5000020230907KABKOTA,Kota Dumai,,0.167408051519,2.69322296248,4326,5,,,Kota Dumai,Riau,,0,Bengkalis,,2021-12,0.37148307017773946,12,0.37148307017773946,VIIRS DNB,nW/cm2/sr,2021,"{""type"":""MultiPoint"",""coordinates"":[]}"
96_00000000000000000000,BA03050040,,,,,,,14.03,14,8616.35798018,TASWIL5000020230907KABKOTA,Bengkalis,,0.700215051782,7.82147949106,4326,4,,,Bengkalis,Riau,,0,,,2022-01,0.5613215846340943,1,0.5613215846340943,VIIRS DNB,nW/cm2/sr,2022,"{""type"":""MultiPoint"",""coordinates"":[]}"
96_00000000000000000001,BA03050040,,,,,,,14.04,14,13521.2628347,TASWIL5000020230907KABKOTA,Indragiri Hilir,,1.09851042149,7.37231237531,4326,4,,,Indragiri Hilir,Riau,,0,,,2022-01,0.26985148701693834,1,0.26985148701693834,VIIRS DNB,nW/cm2/sr,2022,"{""type"":""MultiPoint"",""coordinates"":[]}"
96_00000000000000000002,BA03050040,,,,,,,14.02,14,7871.84968405,TASWIL5000020230907KABKOTA,Indragiri Hulu,,0.63955084852,4.58568097253,4326,4,,,Indragiri Hulu,Riau,,0,,,2022-01,0.28352581964894163,1,0.28352581964894163,VIIRS DNB,nW/cm2/sr,2022,"{""type"":""MultiPoint"",""coordinates"":[]}"
96_00000000000000000003,BA03050040,,,,,,,14.01,14,10352.8025325,TASWIL5000020230907KABKOTA,Kampar,,0.841096503879,7.83544312369,4326,4,,,Kampar,Riau,,0,,,2022-01,0.43201340709978175,1,0.43201340709978175,VIIRS DNB,nW/cm2/sr,2022,"{""type"":""MultiPoint"",""coordinates"":[]}"
96_00000000000000000004,BA03050040,,,,,,,14.10,14,3623.55847532,TASWIL5000020230907KABKOTA,Kepulauan Meranti,,0.294426091439,5.55830216947,4326,4,,,Kepulauan Meranti,Riau,,0,Bengkalis,,2022-01,0.35511933744041685,1,0.35511933744041685,VIIRS DNB,nW/cm2/sr,2022,"{""type"":""MultiPoint"",""coordinates"":[]}"
96_00000000000000000009,BA03050040,,,,,,,14.07,14,9068.45847884,TASWIL5000020230907KABKOTA,Rokan Hilir,,0.737081443501,6.32413452193,4326,4,,,Rokan Hilir,Riau,,0,Bengkalis,,2022-01,0.3870488591922226,1,0.3870488591922226,VIIRS DNB,nW/cm2/sr,2022,"{""type"":""MultiPoint"",""coordinates"":[]}"
96_0000000000000000000b,BA03050040,,,,,,,14.08,14,7805.53759098,TASWIL5000020230907KABKOTA,Siak,,0.634194327848,6.48953973447,4326,4,,,Siak,Riau,,0,Bengkalis,,2022-01,0.6192323429059298,1,0.6192323429059298,VIIRS DNB,nW/cm2/sr,2022,"{""type"":""MultiPoint"",""coordinates"":[]}"
96_00000000000000000007,BA03050040,,,,,,,14.09,14,5457.8626224,TASWIL5000020230907KABKOTA,Kuantan Singingi,,0.443419280545,4.11162115584,4326,4,,,Kuantan Singingi,Riau,,0,Indragiri hulu,,2022-01,0.29566124269904764,1,0.29566124269904764,VIIRS DNB,nW/cm2/sr,2022,"{""type"":""MultiPoint"",""coordinates"":[]}"
96_00000000000000000008,BA03050040,,,,,,,14.05,14,13262.1130957,TASWIL5000020230907KABKOTA,Pelalawan,,1.077443852,7.46682963302,4326,4,,,Pelalawan,Riau,,0,Kampar,,2022-01,0.3204354152471178,1,0.3204354152471178,VIIRS DNB,nW/cm2/sr,2022,"{""type"":""MultiPoint"",""coordinates"":[]}"
96_0000000000000000000a,BA03050040,,,,,,,14.06,14,7658.14908776,TASWIL5000020230907KABKOTA,Rokan Hulu,,0.622243411779,6.12306366434,4326,4,,,Rokan Hulu,Riau,,0,Kampar,,2022-01,0.263758990786948,1,0.263758990786948,VIIRS DNB,nW/cm2/sr,2022,"{""type"":""MultiPoint"",""coordinates"":[]}"
96_00000000000000000006,BA03050040,,,,,,,14.71,14,638.331320853,TASWIL5000020230907KABKOTA,Kota Pekanbaru,,0.0518609743118,1.42760792315,4326,5,,,Kota Pekanbaru,Riau,,0,,,2022-01,6.333568640583323,1,6.333568640583323,VIIRS DNB,nW/cm2/sr,2022,"{""type"":""MultiPoint"",""coordinates"":[]}"
96_00000000000000000005,BA03050040,,,,,,,14.72,14,2059.61276209,TASWIL5000020230907KABKOTA,Kota Dumai,,0.167408051519,2.69322296248,4326,5,,,Kota Dumai,Riau,,0,Bengkalis,,2022-01,1.0822683938437319,1,1.0822683938437319,VIIRS DNB,nW/cm2/sr,2022,"{""type"":""MultiPoint"",""coordinates"":[]}"
97_00000000000000000000,BA03050040,,,,,,,14.03,14,8616.35798018,TASWIL5000020230907KABKOTA,Bengkalis,,0.700215051782,7.82147949106,4326,4,,,Bengkalis,Riau,,0,,,2022-02,0.19931066451730706,2,0.19931066451730706,VIIRS DNB,nW/cm2/sr,2022,"{""type"":""MultiPoint"",""coordinates"":[]}"
97_00000000000000000001,BA03050040,,,,,,,14.04,14,13521.2628347,TASWIL5000020230907KABKOTA,Indragiri Hilir,,1.09851042149,7.37231237531,4326,4,,,Indragiri Hilir,Riau,,0,,,2022-02,0.16671571954422032,2,0.16671571954422032,VIIRS DNB,nW/cm2/sr,2022,"{""type"":""MultiPoint"",""coordinates"":[]}"
97_00000000000000000002,BA03050040,,,,,,,14.02,14,7871.84968405,TASWIL5000020230907KABKOTA,Indragiri Hulu,,0.63955084852,4.58568097253,4326,4,,,Indragiri Hulu,Riau,,0,,,2022-02,0.042610626690535655,2,0.042610626690535655,VIIRS DNB,nW/cm2/sr,2022,"{""type"":""MultiPoint"",""coordinates"":[]}"
97_00000000000000000003,BA03050040,,,,,,,14.01,14,10352.8025325,TASWIL5000020230907KABKOTA,Kampar,,0.841096503879,7.83544312369,4326,4,,,Kampar,Riau,,0,,,2022-02,0.04400700624697114,2,0.04400700624697114,VIIRS DNB,nW/cm2/sr,2022,"{""type"":""MultiPoint"",""coordinates"":[]}"
97_00000000000000000004,BA03050040,,,,,,,14.10,14,3623.55847532,TASWIL5000020230907KABKOTA,Kepulauan Meranti,,0.294426091439,5.55830216947,4326,4,,,Kepulauan Meranti,Riau,,0,Bengkalis,,2022-02,0.2091127703382912,2,0.2091127703382912,VIIRS DNB,nW/cm2/sr,2022,"{""type"":""MultiPoint"",""coordinates"":[]}"
97_00000000000000000009,BA03050040,,,,,,,14.07,14,9068.45847884,TASWIL5000020230907KABKOTA,Rokan Hilir,,0.737081443501,6.32413452193,4326,4,,,Rokan Hilir,Riau,,0,Bengkalis,,2022-02,0.1567759807790927,2,0.1567759807790927,VIIRS DNB,nW/cm2/sr,2022,"{""type"":""MultiPoint"",""coordinates"":[]}"
97_0000000000000000000b,BA03050040,,,,,,,14.08,14,7805.53759098,TASWIL5000020230907KABKOTA,Siak,,0.634194327848,6.48953973447,4326,4,,,Siak,Riau,,0,Bengkalis,,2022-02,0.29363385859691443,2,0.29363385859691443,VIIRS DNB,nW/cm2/sr,2022,"{""type"":""MultiPoint"",""coordinates"":[]}"
97_00000000000000000007,BA03050040,,,,,,,14.09,14,5457.8626224,TASWIL5000020230907KABKOTA,Kuantan Singingi,,0.443419280545,4.11162115584,4326,4,,,Kuantan Singingi,Riau,,0,Indragiri hulu,,2022-02,0.07680574998870889,2,0.07680574998870889,VIIRS DNB,nW/cm2/sr,2022,"{""type"":""MultiPoint"",""coordinates"":[]}"
97_00000000000000000008,BA03050040,,,,,,,14.05,14,13262.1130957,TASWIL5000020230907KABKOTA,Pelalawan,,1.077443852,7.46682963302,4326,4,,,Pelalawan,Riau,,0,Kampar,,2022-02,0.1627546807590595,2,0.1627546807590595,VIIRS DNB,nW/cm2/sr,2022,"{""type"":""MultiPoint"",""coordinates"":[]}"
97_0000000000000000000a,BA03050040,,,,,,,14.06,14,7658.14908776,TASWIL5000020230907KABKOTA,Rokan Hulu,,0.622243411779,6.12306366434,4326,4,,,Rokan Hulu,Riau,,0,Kampar,,2022-02,0.09872780586721967,2,0.09872780586721967,VIIRS DNB,nW/cm2/sr,2022,"{""type"":""MultiPoint"",""coordinates"":[]}"
97_00000000000000000006,BA03050040,,,,,,,14.71,14,638.331320853,TASWIL5000020230907KABKOTA,Kota Pekanbaru,,0.0518609743118,1.42760792315,4326,5,,,Kota Pekanbaru,Riau,,0,,,2022-02,0.0344478722769371,2,0.0344478722769371,VIIRS DNB,nW/cm2/sr,2022,"{""type"":""MultiPoint"",""coordinates"":[]}"
97_00000000000000000005,BA03050040,,,,,,,14.72,14,2059.61276209,TASWIL5000020230907KABKOTA,Kota Dumai,,0.167408051519,2.69322296248,4326,5,,,Kota Dumai,Riau,,0,Bengkalis,,2022-02,0.6722000722039931,2,0.6722000722039931,VIIRS DNB,nW/cm2/sr,2022,"{""type"":""MultiPoint"",""coordinates"":[]}"
98_00000000000000000000,BA03050040,,,,,,,14.03,14,8616.35798018,TASWIL5000020230907KABKOTA,Bengkalis,,0.700215051782,7.82147949106,4326,4,,,Bengkalis,Riau,,0,,,2022-03,0.6860091550582976,3,0.6860091550582976,VIIRS DNB,nW/cm2/sr,2022,"{""type"":""MultiPoint"",""coordinates"":[]}"
98_00000000000000000001,BA03050040,,,,,,,14.04,14,13521.2628347,TASWIL5000020230907KABKOTA,Indragiri Hilir,,1.09851042149,7.37231237531,4326,4,,,Indragiri Hilir,Riau,,0,,,2022-03,0.447144242833957,3,0.447144242833957,VIIRS DNB,nW/cm2/sr,2022,"{""type"":""MultiPoint"",""coordinates"":[]}"
98_00000000000000000002,BA03050040,,,,,,,14.02,14,7871.84968405,TASWIL5000020230907KABKOTA,Indragiri Hulu,,0.63955084852,4.58568097253,4326,4,,,Indragiri Hulu,Riau,,0,,,2022-03,0.47151502967545467,3,0.47151502967545467,VIIRS DNB,nW/cm2/sr,2022,"{""type"":""MultiPoint"",""coordinates"":[]}"
98_00000000000000000003,BA03050040,,,,,,,14.01,14,10352.8025325,TASWIL5000020230907KABKOTA,Kampar,,0.841096503879,7.83544312369,4326,4,,,Kampar,Riau,,0,,,2022-03,0.663653937866494,3,0.663653937866494,VIIRS DNB,nW/cm2/sr,2022,"{""type"":""MultiPoint"",""coordinates"":[]}"
98_00000000000000000004,BA03050040,,,,,,,14.10,14,3623.55847532,TASWIL5000020230907KABKOTA,Kepulauan Meranti,,0.294426091439,5.55830216947,4326,4,,,Kepulauan Meranti,Riau,,0,Bengkalis,,2022-03,0.4516527515981256,3,0.4516527515981256,VIIRS DNB,nW/cm2/sr,2022,"{""type"":""MultiPoint"",""coordinates"":[]}"
98_00000000000000000009,BA03050040,,,,,,,14.07,14,9068.45847884,TASWIL5000020230907KABKOTA,Rokan Hilir,,0.737081443501,6.32413452193,4326,4,,,Rokan Hilir,Riau,,0,Bengkalis,,2022-03,0.49486443854581114,3,0.49486443854581114,VIIRS DNB,nW/cm2/sr,2022,"{""type"":""MultiPoint"",""coordinates"":[]}"
98_0000000000000000000b,BA03050040,,,,,,,14.08,14,7805.53759098,TASWIL5000020230907KABKOTA,Siak,,0.634194327848,6.48953973447,4326,4,,,Siak,Riau,,0,Bengkalis,,2022-03,0.8495088527057922,3,0.8495088527057922,VIIRS DNB,nW/cm2/sr,2022,"{""type"":""MultiPoint"",""coordinates"":[]}"
98_00000000000000000007,BA03050040,,,,,,,14.09,14,5457.8626224,TASWIL5000020230907KABKOTA,Kuantan Singingi,,0.443419280545,4.11162115584,4326,4,,,Kuantan Singingi,Riau,,0,Indragiri hulu,,2022-03,0.4731561871852071,3,0.4731561871852071,VIIRS DNB,nW/cm2/sr,2022,"{""type"":""MultiPoint"",""coordinates"":[]}"
98_00000000000000000008,BA03050040,,,,,,,14.05,14,13262.1130957,TASWIL5000020230907KABKOTA,Pelalawan,,1.077443852,7.46682963302,4326,4,,,Pelalawan,Riau,,0,Kampar,,2022-03,0.5236291738903668,3,0.5236291738903668,VIIRS DNB,nW/cm2/sr,2022,"{""type"":""MultiPoint"",""coordinates"":[]}"
98_0000000000000000000a,BA03050040,,,,,,,14.06,14,7658.14908776,TASWIL5000020230907KABKOTA,Rokan Hulu,,0.622243411779,6.12306366434,4326,4,,,Rokan Hulu,Riau,,0,Kampar,,2022-03,0.47533466589025675,3,0.47533466589025675,VIIRS DNB,nW/cm2/sr,2022,"{""type"":""MultiPoint"",""coordinates"":[]}"
98_00000000000000000006,BA03050040,,,,,,,14.71,14,638.331320853,TASWIL5000020230907KABKOTA,Kota Pekanbaru,,0.0518609743118,1.42760792315,4326,5,,,Kota Pekanbaru,Riau,,0,,,2022-03,6.452229821759786,3,6.452229821759786,VIIRS DNB,nW/cm2/sr,2022,"{""type"":""MultiPoint"",""coordinates"":[]}"
98_00000000000000000005,BA03050040,,,,,,,14.72,14,2059.61276209,TASWIL5000020230907KABKOTA,Kota Dumai,,0.167408051519,2.69322296248,4326,5,,,Kota Dumai,Riau,,0,Bengkalis,,2022-03,1.5925800841782454,3,1.5925800841782454,VIIRS DNB,nW/cm2/sr,2022,"{""type"":""MultiPoint"",""coordinates"":[]}"
99_00000000000000000000,BA03050040,,,,,,,14.03,14,8616.35798018,TASWIL5000020230907KABKOTA,Bengkalis,,0.700215051782,7.82147949106,4326,4,,,Bengkalis,Riau,,0,,,2022-04,0.7251902084894181,4,0.7251902084894181,VIIRS DNB,nW/cm2/sr,2022,"{""type"":""MultiPoint"",""coordinates"":[]}"
99_00000000000000000001,BA03050040,,,,,,,14.04,14,13521.2628347,TASWIL5000020230907KABKOTA,Indragiri Hilir,,1.09851042149,7.37231237531,4326,4,,,Indragiri Hilir,Riau,,0,,,2022-04,0.41481887015544977,4,0.41481887015544977,VIIRS DNB,nW/cm2/sr,2022,"{""type"":""MultiPoint"",""coordinates"":[]}"
99_00000000000000000002,BA03050040,,,,,,,14.02,14,7871.84968405,TASWIL5000020230907KABKOTA,Indragiri Hulu,,0.63955084852,4.58568097253,4326,4,,,Indragiri Hulu,Riau,,0,,,2022-04,0.4636114473716304,4,0.4636114473716304,VIIRS DNB,nW/cm2/sr,2022,"{""type"":""MultiPoint"",""coordinates"":[]}"
99_00000000000000000003,BA03050040,,,,,,,14.01,14,10352.8025325,TASWIL5000020230907KABKOTA,Kampar,,0.841096503879,7.83544312369,4326,4,,,Kampar,Riau,,0,,,2022-04,0.4956260708638637,4,0.4956260708638637,VIIRS DNB,nW/cm2/sr,2022,"{""type"":""MultiPoint"",""coordinates"":[]}"
99_00000000000000000004,BA03050040,,,,,,,14.10,14,3623.55847532,TASWIL5000020230907KABKOTA,Kepulauan Meranti,,0.294426091439,5.55830216947,4326,4,,,Kepulauan Meranti,Riau,,0,Bengkalis,,2022-04,0.4820033637943109,4,0.4820033637943109,VIIRS DNB,nW/cm2/sr,2022,"{""type"":""MultiPoint"",""coordinates"":[]}"
99_00000000000000000009,BA03050040,,,,,,,14.07,14,9068.45847884,TASWIL5000020230907KABKOTA,Rokan Hilir,,0.737081443501,6.32413452193,4326,4,,,Rokan Hilir,Riau,,0,Bengkalis,,2022-04,0.504026774788343,4,0.504026774788343,VIIRS DNB,nW/cm2/sr,2022,"{""type"":""MultiPoint"",""coordinates"":[]}"
99_0000000000000000000b,BA03050040,,,,,,,14.08,14,7805.53759098,TASWIL5000020230907KABKOTA,Siak,,0.634194327848,6.48953973447,4326,4,,,Siak,Riau,,0,Bengkalis,,2022-04,0.8621884069351262,4,0.8621884069351262,VIIRS DNB,nW/cm2/sr,2022,"{""type"":""MultiPoint"",""coordinates"":[]}"
99_00000000000000000007,BA03050040,,,,,,,14.09,14,5457.8626224,TASWIL5000020230907KABKOTA,Kuantan Singingi,,0.443419280545,4.11162115584,4326,4,,,Kuantan Singingi,Riau,,0,Indragiri hulu,,2022-04,0.44336602993412594,4,0.44336602993412594,VIIRS DNB,nW/cm2/sr,2022,"{""type"":""MultiPoint"",""coordinates"":[]}"
99_00000000000000000008,BA03050040,,,,,,,14.05,14,13262.1130957,TASWIL5000020230907KABKOTA,Pelalawan,,1.077443852,7.46682963302,4326,4,,,Pelalawan,Riau,,0,Kampar,,2022-04,0.5330596829889541,4,0.5330596829889541,VIIRS DNB,nW/cm2/sr,2022,"{""type"":""MultiPoint"",""coordinates"":[]}"
99_0000000000000000000a,BA03050040,,,,,,,14.06,14,7658.14908776,TASWIL5000020230907KABKOTA,Rokan Hulu,,0.622243411779,6.12306366434,4326,4,,,Rokan Hulu,Riau,,0,Kampar,,2022-04,0.45954898794932453,4,0.45954898794932453,VIIRS DNB,nW/cm2/sr,2022,"{""type"":""MultiPoint"",""coordinates"":[]}"
99_00000000000000000006,BA03050040,,,,,,,14.71,14,638.331320853,TASWIL5000020230907KABKOTA,Kota Pekanbaru,,0.0518609743118,1.42760792315,4326,5,,,Kota Pekanbaru,Riau,,0,,,2022-04,5.531330041715457,4,5.531330041715457,VIIRS DNB,nW/cm2/sr,2022,"{""type"":""MultiPoint"",""coordinates"":[]}"
99_00000000000000000005,BA03050040,,,,,,,14.72,14,2059.61276209,TASWIL5000020230907KABKOTA,Kota Dumai,,0.167408051519,2.69322296248,4326,5,,,Kota Dumai,Riau,,0,Bengkalis,,2022-04,1.4002246617401728,4,1.4002246617401728,VIIRS DNB,nW/cm2/sr,2022,"{""type"":""MultiPoint"",""coordinates"":[]}"
100_00000000000000000000,BA03050040,,,,,,,14.03,14,8616.35798018,TASWIL5000020230907KABKOTA,Bengkalis,,0.700215051782,7.82147949106,4326,4,,,Bengkalis,Riau,,0,,,2022-05,0.7253159179478542,5,0.7253159179478542,VIIRS DNB,nW/cm2/sr,2022,"{""type"":""MultiPoint"",""coordinates"":[]}"
100_00000000000000000001,BA03050040,,,,,,,14.04,14,13521.2628347,TASWIL5000020230907KABKOTA,Indragiri Hilir,,1.09851042149,7.37231237531,4326,4,,,Indragiri Hilir,Riau,,0,,,2022-05,0.4910763340503936,5,0.4910763340503936,VIIRS DNB,nW/cm2/sr,2022,"{""type"":""MultiPoint"",""coordinates"":[]}"
100_00000000000000000002,BA03050040,,,,,,,14.02,14,7871.84968405,TASWIL5000020230907KABKOTA,Indragiri Hulu,,0.63955084852,4.58568097253,4326,4,,,Indragiri Hulu,Riau,,0,,,2022-05,0.5247959796205538,5,0.5247959796205538,VIIRS DNB,nW/cm2/sr,2022,"{""type"":""MultiPoint"",""coordinates"":[]}"
100_00000000000000000003,BA03050040,,,,,,,14.01,14,10352.8025325,TASWIL5000020230907KABKOTA,Kampar,,0.841096503879,7.83544312369,4326,4,,,Kampar,Riau,,0,,,2022-05,0.7041202734996741,5,0.7041202734996741,VIIRS DNB,nW/cm2/sr,2022,"{""type"":""MultiPoint"",""coordinates"":[]}"
100_00000000000000000004,BA03050040,,,,,,,14.10,14,3623.55847532,TASWIL5000020230907KABKOTA,Kepulauan Meranti,,0.294426091439,5.55830216947,4326,4,,,Kepulauan Meranti,Riau,,0,Bengkalis,,2022-05,0.5772445377098151,5,0.5772445377098151,VIIRS DNB,nW/cm2/sr,2022,"{""type"":""MultiPoint"",""coordinates"":[]}"
100_00000000000000000009,BA03050040,,,,,,,14.07,14,9068.45847884,TASWIL5000020230907KABKOTA,Rokan Hilir,,0.737081443501,6.32413452193,4326,4,,,Rokan Hilir,Riau,,0,Bengkalis,,2022-05,0.3892429282867905,5,0.3892429282867905,VIIRS DNB,nW/cm2/sr,2022,"{""type"":""MultiPoint"",""coordinates"":[]}"
100_0000000000000000000b,BA03050040,,,,,,,14.08,14,7805.53759098,TASWIL5000020230907KABKOTA,Siak,,0.634194327848,6.48953973447,4326,4,,,Siak,Riau,,0,Bengkalis,,2022-05,0.6273157663517644,5,0.6273157663517644,VIIRS DNB,nW/cm2/sr,2022,"{""type"":""MultiPoint"",""coordinates"":[]}"
100_00000000000000000007,BA03050040,,,,,,,14.09,14,5457.8626224,TASWIL5000020230907KABKOTA,Kuantan Singingi,,0.443419280545,4.11162115584,4326,4,,,Kuantan Singingi,Riau,,0,Indragiri hulu,,2022-05,0.5108687803613154,5,0.5108687803613154,VIIRS DNB,nW/cm2/sr,2022,"{""type"":""MultiPoint"",""coordinates"":[]}"
100_00000000000000000008,BA03050040,,,,,,,14.05,14,13262.1130957,TASWIL5000020230907KABKOTA,Pelalawan,,1.077443852,7.46682963302,4326,4,,,Pelalawan,Riau,,0,Kampar,,2022-05,0.6029413443009,5,0.6029413443009,VIIRS DNB,nW/cm2/sr,2022,"{""type"":""MultiPoint"",""coordinates"":[]}"
100_0000000000000000000a,BA03050040,,,,,,,14.06,14,7658.14908776,TASWIL5000020230907KABKOTA,Rokan Hulu,,0.622243411779,6.12306366434,4326,4,,,Rokan Hulu,Riau,,0,Kampar,,2022-05,0.5487069342275119,5,0.5487069342275119,VIIRS DNB,nW/cm2/sr,2022,"{""type"":""MultiPoint"",""coordinates"":[]}"
100_00000000000000000006,BA03050040,,,,,,,14.71,14,638.331320853,TASWIL5000020230907KABKOTA,Kota Pekanbaru,,0.0518609743118,1.42760792315,4326,5,,,Kota Pekanbaru,Riau,,0,,,2022-05,6.134054733166626,5,6.134054733166626,VIIRS DNB,nW/cm2/sr,2022,"{""type"":""MultiPoint"",""coordinates"":[]}"
100_00000000000000000005,BA03050040,,,,,,,14.72,14,2059.61276209,TASWIL5000020230907KABKOTA,Kota Dumai,,0.167408051519,2.69322296248,4326,5,,,Kota Dumai,Riau,,0,Bengkalis,,2022-05,1.0619533283313463,5,1.0619533283313463,VIIRS DNB,nW/cm2/sr,2022,"{""type"":""MultiPoint"",""coordinates"":[]}"
101_00000000000000000000,BA03050040,,,,,,,14.03,14,8616.35798018,TASWIL5000020230907KABKOTA,Bengkalis,,0.700215051782,7.82147949106,4326,4,,,Bengkalis,Riau,,0,,,2022-06,0.6687472246510694,6,0.6687472246510694,VIIRS DNB,nW/cm2/sr,2022,"{""type"":""MultiPoint"",""coordinates"":[]}"
101_00000000000000000001,BA03050040,,,,,,,14.04,14,13521.2628347,TASWIL5000020230907KABKOTA,Indragiri Hilir,,1.09851042149,7.37231237531,4326,4,,,Indragiri Hilir,Riau,,0,,,2022-06,0.3798643067956388,6,0.3798643067956388,VIIRS DNB,nW/cm2/sr,2022,"{""type"":""MultiPoint"",""coordinates"":[]}"
101_00000000000000000002,BA03050040,,,,,,,14.02,14,7871.84968405,TASWIL5000020230907KABKOTA,Indragiri Hulu,,0.63955084852,4.58568097253,4326,4,,,Indragiri Hulu,Riau,,0,,,2022-06,0.4386221865202186,6,0.4386221865202186,VIIRS DNB,nW/cm2/sr,2022,"{""type"":""MultiPoint"",""coordinates"":[]}"
101_00000000000000000003,BA03050040,,,,,,,14.01,14,10352.8025325,TASWIL5000020230907KABKOTA,Kampar,,0.841096503879,7.83544312369,4326,4,,,Kampar,Riau,,0,,,2022-06,0.6330977591694255,6,0.6330977591694255,VIIRS DNB,nW/cm2/sr,2022,"{""type"":""MultiPoint"",""coordinates"":[]}"
101_00000000000000000004,BA03050040,,,,,,,14.10,14,3623.55847532,TASWIL5000020230907KABKOTA,Kepulauan Meranti,,0.294426091439,5.55830216947,4326,4,,,Kepulauan Meranti,Riau,,0,Bengkalis,,2022-06,0.4163193449854918,6,0.4163193449854918,VIIRS DNB,nW/cm2/sr,2022,"{""type"":""MultiPoint"",""coordinates"":[]}"
101_00000000000000000009,BA03050040,,,,,,,14.07,14,9068.45847884,TASWIL5000020230907KABKOTA,Rokan Hilir,,0.737081443501,6.32413452193,4326,4,,,Rokan Hilir,Riau,,0,Bengkalis,,2022-06,0.4813514687310361,6,0.4813514687310361,VIIRS DNB,nW/cm2/sr,2022,"{""type"":""MultiPoint"",""coordinates"":[]}"
101_0000000000000000000b,BA03050040,,,,,,,14.08,14,7805.53759098,TASWIL5000020230907KABKOTA,Siak,,0.634194327848,6.48953973447,4326,4,,,Siak,Riau,,0,Bengkalis,,2022-06,0.7533454960361728,6,0.7533454960361728,VIIRS DNB,nW/cm2/sr,2022,"{""type"":""MultiPoint"",""coordinates"":[]}"
101_00000000000000000007,BA03050040,,,,,,,14.09,14,5457.8626224,TASWIL5000020230907KABKOTA,Kuantan Singingi,,0.443419280545,4.11162115584,4326,4,,,Kuantan Singingi,Riau,,0,Indragiri hulu,,2022-06,0.4160365084660597,6,0.4160365084660597,VIIRS DNB,nW/cm2/sr,2022,"{""type"":""MultiPoint"",""coordinates"":[]}"
101_00000000000000000008,BA03050040,,,,,,,14.05,14,13262.1130957,TASWIL5000020230907KABKOTA,Pelalawan,,1.077443852,7.46682963302,4326,4,,,Pelalawan,Riau,,0,Kampar,,2022-06,0.4468738226705971,6,0.4468738226705971,VIIRS DNB,nW/cm2/sr,2022,"{""type"":""MultiPoint"",""coordinates"":[]}"
101_0000000000000000000a,BA03050040,,,,,,,14.06,14,7658.14908776,TASWIL5000020230907KABKOTA,Rokan Hulu,,0.622243411779,6.12306366434,4326,4,,,Rokan Hulu,Riau,,0,Kampar,,2022-06,0.46135759693183354,6,0.46135759693183354,VIIRS DNB,nW/cm2/sr,2022,"{""type"":""MultiPoint"",""coordinates"":[]}"
101_00000000000000000006,BA03050040,,,,,,,14.71,14,638.331320853,TASWIL5000020230907KABKOTA,Kota Pekanbaru,,0.0518609743118,1.42760792315,4326,5,,,Kota Pekanbaru,Riau,,0,,,2022-06,5.84598130684132,6,5.84598130684132,VIIRS DNB,nW/cm2/sr,2022,"{""type"":""MultiPoint"",""coordinates"":[]}"
101_00000000000000000005,BA03050040,,,,,,,14.72,14,2059.61276209,TASWIL5000020230907KABKOTA,Kota Dumai,,0.167408051519,2.69322296248,4326,5,,,Kota Dumai,Riau,,0,Bengkalis,,2022-06,1.455143056423293,6,1.455143056423293,VIIRS DNB,nW/cm2/sr,2022,"{""type"":""MultiPoint"",""coordinates"":[]}"
102_00000000000000000000,BA03050040,,,,,,,14.03,14,8616.35798018,TASWIL5000020230907KABKOTA,Bengkalis,,0.700215051782,7.82147949106,4326,4,,,Bengkalis,Riau,,0,,,2022-07,6.380646756035022E-4,7,6.380646756035022E-4,VIIRS DNB,nW/cm2/sr,2022,"{""type"":""MultiPoint"",""coordinates"":[]}"
102_00000000000000000001,BA03050040,,,,,,,14.04,14,13521.2628347,TASWIL5000020230907KABKOTA,Indragiri Hilir,,1.09851042149,7.37231237531,4326,4,,,Indragiri Hilir,Riau,,0,,,2022-07,0.03567677072097729,7,0.03567677072097729,VIIRS DNB,nW/cm2/sr,2022,"{""type"":""MultiPoint"",""coordinates"":[]}"
102_00000000000000000002,BA03050040,,,,,,,14.02,14,7871.84968405,TASWIL5000020230907KABKOTA,Indragiri Hulu,,0.63955084852,4.58568097253,4326,4,,,Indragiri Hulu,Riau,,0,,,2022-07,0.06159257532417487,7,0.06159257532417487,VIIRS DNB,nW/cm2/sr,2022,"{""type"":""MultiPoint"",""coordinates"":[]}"
102_00000000000000000003,BA03050040,,,,,,,14.01,14,10352.8025325,TASWIL5000020230907KABKOTA,Kampar,,0.841096503879,7.83544312369,4326,4,,,Kampar,Riau,,0,,,2022-07,0.00667825744301201,7,0.00667825744301201,VIIRS DNB,nW/cm2/sr,2022,"{""type"":""MultiPoint"",""coordinates"":[]}"
102_00000000000000000004,BA03050040,,,,,,,14.10,14,3623.55847532,TASWIL5000020230907KABKOTA,Kepulauan Meranti,,0.294426091439,5.55830216947,4326,4,,,Kepulauan Meranti,Riau,,0,Bengkalis,,2022-07,0.001985047339190865,7,0.001985047339190865,VIIRS DNB,nW/cm2/sr,2022,"{""type"":""MultiPoint"",""coordinates"":[]}"
102_00000000000000000009,BA03050040,,,,,,,14.07,14,9068.45847884,TASWIL5000020230907KABKOTA,Rokan Hilir,,0.737081443501,6.32413452193,4326,4,,,Rokan Hilir,Riau,,0,Bengkalis,,2022-07,0.0,7,0.0,VIIRS DNB,nW/cm2/sr,2022,"{""type"":""MultiPoint"",""coordinates"":[]}"
102_0000000000000000000b,BA03050040,,,,,,,14.08,14,7805.53759098,TASWIL5000020230907KABKOTA,Siak,,0.634194327848,6.48953973447,4326,4,,,Siak,Riau,,0,Bengkalis,,2022-07,0.0034775147756169337,7,0.0034775147756169337,VIIRS DNB,nW/cm2/sr,2022,"{""type"":""MultiPoint"",""coordinates"":[]}"
102_00000000000000000007,BA03050040,,,,,,,14.09,14,5457.8626224,TASWIL5000020230907KABKOTA,Kuantan Singingi,,0.443419280545,4.11162115584,4326,4,,,Kuantan Singingi,Riau,,0,Indragiri hulu,,2022-07,0.08788180639539835,7,0.08788180639539835,VIIRS DNB,nW/cm2/sr,2022,"{""type"":""MultiPoint"",""coordinates"":[]}"
102_00000000000000000008,BA03050040,,,,,,,14.05,14,13262.1130957,TASWIL5000020230907KABKOTA,Pelalawan,,1.077443852,7.46682963302,4326,4,,,Pelalawan,Riau,,0,Kampar,,2022-07,0.017706581655314437,7,0.017706581655314437,VIIRS DNB,nW/cm2/sr,2022,"{""type"":""MultiPoint"",""coordinates"":[]}"
102_0000000000000000000a,BA03050040,,,,,,,14.06,14,7658.14908776,TASWIL5000020230907KABKOTA,Rokan Hulu,,0.622243411779,6.12306366434,4326,4,,,Rokan Hulu,Riau,,0,Kampar,,2022-07,-3.201391863280633E-5,7,-3.201391863280633E-5,VIIRS DNB,nW/cm2/sr,2022,"{""type"":""MultiPoint"",""coordinates"":[]}"
102_00000000000000000006,BA03050040,,,,,,,14.71,14,638.331320853,TASWIL5000020230907KABKOTA,Kota Pekanbaru,,0.0518609743118,1.42760792315,4326,5,,,Kota Pekanbaru,Riau,,0,,,2022-07,0.0058127773308065634,7,0.0058127773308065634,VIIRS DNB,nW/cm2/sr,2022,"{""type"":""MultiPoint"",""coordinates"":[]}"
102_00000000000000000005,BA03050040,,,,,,,14.72,14,2059.61276209,TASWIL5000020230907KABKOTA,Kota Dumai,,0.167408051519,2.69322296248,4326,5,,,Kota Dumai,Riau,,0,Bengkalis,,2022-07,-3.254014617818848E-5,7,-3.254014617818848E-5,VIIRS DNB,nW/cm2/sr,2022,"{""type"":""MultiPoint"",""coordinates"":[]}"
103_00000000000000000000,BA03050040,,,,,,,14.03,14,8616.35798018,TASWIL5000020230907KABKOTA,Bengkalis,,0.700215051782,7.82147949106,4326,4,,,Bengkalis,Riau,,0,,,2022-08,0.6808513440348718,8,0.6808513440348718,VIIRS DNB,nW/cm2/sr,2022,"{""type"":""MultiPoint"",""coordinates"":[]}"
103_00000000000000000001,BA03050040,,,,,,,14.04,14,13521.2628347,TASWIL5000020230907KABKOTA,Indragiri Hilir,,1.09851042149,7.37231237531,4326,4,,,Indragiri Hilir,Riau,,0,,,2022-08,0.4991697306283926,8,0.4991697306283926,VIIRS DNB,nW/cm2/sr,2022,"{""type"":""MultiPoint"",""coordinates"":[]}"
103_00000000000000000002,BA03050040,,,,,,,14.02,14,7871.84968405,TASWIL5000020230907KABKOTA,Indragiri Hulu,,0.63955084852,4.58568097253,4326,4,,,Indragiri Hulu,Riau,,0,,,2022-08,0.48936559084254716,8,0.48936559084254716,VIIRS DNB,nW/cm2/sr,2022,"{""type"":""MultiPoint"",""coordinates"":[]}"
103_00000000000000000003,BA03050040,,,,,,,14.01,14,10352.8025325,TASWIL5000020230907KABKOTA,Kampar,,0.841096503879,7.83544312369,4326,4,,,Kampar,Riau,,0,,,2022-08,0.40245673144830485,8,0.40245673144830485,VIIRS DNB,nW/cm2/sr,2022,"{""type"":""MultiPoint"",""coordinates"":[]}"
103_00000000000000000004,BA03050040,,,,,,,14.10,14,3623.55847532,TASWIL5000020230907KABKOTA,Kepulauan Meranti,,0.294426091439,5.55830216947,4326,4,,,Kepulauan Meranti,Riau,,0,Bengkalis,,2022-08,0.461242615809443,8,0.461242615809443,VIIRS DNB,nW/cm2/sr,2022,"{""type"":""MultiPoint"",""coordinates"":[]}"
103_00000000000000000009,BA03050040,,,,,,,14.07,14,9068.45847884,TASWIL5000020230907KABKOTA,Rokan Hilir,,0.737081443501,6.32413452193,4326,4,,,Rokan Hilir,Riau,,0,Bengkalis,,2022-08,0.4686248974550879,8,0.4686248974550879,VIIRS DNB,nW/cm2/sr,2022,"{""type"":""MultiPoint"",""coordinates"":[]}"
103_0000000000000000000b,BA03050040,,,,,,,14.08,14,7805.53759098,TASWIL5000020230907KABKOTA,Siak,,0.634194327848,6.48953973447,4326,4,,,Siak,Riau,,0,Bengkalis,,2022-08,0.43730748668757885,8,0.43730748668757885,VIIRS DNB,nW/cm2/sr,2022,"{""type"":""MultiPoint"",""coordinates"":[]}"
103_00000000000000000007,BA03050040,,,,,,,14.09,14,5457.8626224,TASWIL5000020230907KABKOTA,Kuantan Singingi,,0.443419280545,4.11162115584,4326,4,,,Kuantan Singingi,Riau,,0,Indragiri hulu,,2022-08,0.33651058596859,8,0.33651058596859,VIIRS DNB,nW/cm2/sr,2022,"{""type"":""MultiPoint"",""coordinates"":[]}"
103_00000000000000000008,BA03050040,,,,,,,14.05,14,13262.1130957,TASWIL5000020230907KABKOTA,Pelalawan,,1.077443852,7.46682963302,4326,4,,,Pelalawan,Riau,,0,Kampar,,2022-08,0.4620210246534661,8,0.4620210246534661,VIIRS DNB,nW/cm2/sr,2022,"{""type"":""MultiPoint"",""coordinates"":[]}"
103_0000000000000000000a,BA03050040,,,,,,,14.06,14,7658.14908776,TASWIL5000020230907KABKOTA,Rokan Hulu,,0.622243411779,6.12306366434,4326,4,,,Rokan Hulu,Riau,,0,Kampar,,2022-08,0.3360260621861152,8,0.3360260621861152,VIIRS DNB,nW/cm2/sr,2022,"{""type"":""MultiPoint"",""coordinates"":[]}"
103_00000000000000000006,BA03050040,,,,,,,14.71,14,638.331320853,TASWIL5000020230907KABKOTA,Kota Pekanbaru,,0.0518609743118,1.42760792315,4326,5,,,Kota Pekanbaru,Riau,,0,,,2022-08,1.4257837578860655,8,1.4257837578860655,VIIRS DNB,nW/cm2/sr,2022,"{""type"":""MultiPoint"",""coordinates"":[]}"
103_00000000000000000005,BA03050040,,,,,,,14.72,14,2059.61276209,TASWIL5000020230907KABKOTA,Kota Dumai,,0.167408051519,2.69322296248,4326,5,,,Kota Dumai,Riau,,0,Bengkalis,,2022-08,0.9937571635293818,8,0.9937571635293818,VIIRS DNB,nW/cm2/sr,2022,"{""type"":""MultiPoint"",""coordinates"":[]}"
104_00000000000000000000,BA03050040,,,,,,,14.03,14,8616.35798018,TASWIL5000020230907KABKOTA,Bengkalis,,0.700215051782,7.82147949106,4326,4,,,Bengkalis,Riau,,0,,,2022-09,0.1943768293384837,9,0.1943768293384837,VIIRS DNB,nW/cm2/sr,2022,"{""type"":""MultiPoint"",""coordinates"":[]}"
104_00000000000000000001,BA03050040,,,,,,,14.04,14,13521.2628347,TASWIL5000020230907KABKOTA,Indragiri Hilir,,1.09851042149,7.37231237531,4326,4,,,Indragiri Hilir,Riau,,0,,,2022-09,0.2833121186636223,9,0.2833121186636223,VIIRS DNB,nW/cm2/sr,2022,"{""type"":""MultiPoint"",""coordinates"":[]}"
104_00000000000000000002,BA03050040,,,,,,,14.02,14,7871.84968405,TASWIL5000020230907KABKOTA,Indragiri Hulu,,0.63955084852,4.58568097253,4326,4,,,Indragiri Hulu,Riau,,0,,,2022-09,0.21449074544676722,9,0.21449074544676722,VIIRS DNB,nW/cm2/sr,2022,"{""type"":""MultiPoint"",""coordinates"":[]}"
104_00000000000000000003,BA03050040,,,,,,,14.01,14,10352.8025325,TASWIL5000020230907KABKOTA,Kampar,,0.841096503879,7.83544312369,4326,4,,,Kampar,Riau,,0,,,2022-09,0.1968736901769866,9,0.1968736901769866,VIIRS DNB,nW/cm2/sr,2022,"{""type"":""MultiPoint"",""coordinates"":[]}"
104_00000000000000000004,BA03050040,,,,,,,14.10,14,3623.55847532,TASWIL5000020230907KABKOTA,Kepulauan Meranti,,0.294426091439,5.55830216947,4326,4,,,Kepulauan Meranti,Riau,,0,Bengkalis,,2022-09,0.3252940597219249,9,0.3252940597219249,VIIRS DNB,nW/cm2/sr,2022,"{""type"":""MultiPoint"",""coordinates"":[]}"
104_00000000000000000009,BA03050040,,,,,,,14.07,14,9068.45847884,TASWIL5000020230907KABKOTA,Rokan Hilir,,0.737081443501,6.32413452193,4326,4,,,Rokan Hilir,Riau,,0,Bengkalis,,2022-09,0.01656371876224261,9,0.01656371876224261,VIIRS DNB,nW/cm2/sr,2022,"{""type"":""MultiPoint"",""coordinates"":[]}"
104_0000000000000000000b,BA03050040,,,,,,,14.08,14,7805.53759098,TASWIL5000020230907KABKOTA,Siak,,0.634194327848,6.48953973447,4326,4,,,Siak,Riau,,0,Bengkalis,,2022-09,0.2584711698436374,9,0.2584711698436374,VIIRS DNB,nW/cm2/sr,2022,"{""type"":""MultiPoint"",""coordinates"":[]}"
104_00000000000000000007,BA03050040,,,,,,,14.09,14,5457.8626224,TASWIL5000020230907KABKOTA,Kuantan Singingi,,0.443419280545,4.11162115584,4326,4,,,Kuantan Singingi,Riau,,0,Indragiri hulu,,2022-09,0.14177222414361434,9,0.14177222414361434,VIIRS DNB,nW/cm2/sr,2022,"{""type"":""MultiPoint"",""coordinates"":[]}"
104_00000000000000000008,BA03050040,,,,,,,14.05,14,13262.1130957,TASWIL5000020230907KABKOTA,Pelalawan,,1.077443852,7.46682963302,4326,4,,,Pelalawan,Riau,,0,Kampar,,2022-09,0.3856240394809373,9,0.3856240394809373,VIIRS DNB,nW/cm2/sr,2022,"{""type"":""MultiPoint"",""coordinates"":[]}"
104_0000000000000000000a,BA03050040,,,,,,,14.06,14,7658.14908776,TASWIL5000020230907KABKOTA,Rokan Hulu,,0.622243411779,6.12306366434,4326,4,,,Rokan Hulu,Riau,,0,Kampar,,2022-09,0.042505901034458816,9,0.042505901034458816,VIIRS DNB,nW/cm2/sr,2022,"{""type"":""MultiPoint"",""coordinates"":[]}"
104_00000000000000000006,BA03050040,,,,,,,14.71,14,638.331320853,TASWIL5000020230907KABKOTA,Kota Pekanbaru,,0.0518609743118,1.42760792315,4326,5,,,Kota Pekanbaru,Riau,,0,,,2022-09,0.5770130657080363,9,0.5770130657080363,VIIRS DNB,nW/cm2/sr,2022,"{""type"":""MultiPoint"",""coordinates"":[]}"
104_00000000000000000005,BA03050040,,,,,,,14.72,14,2059.61276209,TASWIL5000020230907KABKOTA,Kota Dumai,,0.167408051519,2.69322296248,4326,5,,,Kota Dumai,Riau,,0,Bengkalis,,2022-09,0.27658654145034733,9,0.27658654145034733,VIIRS DNB,nW/cm2/sr,2022,"{""type"":""MultiPoint"",""coordinates"":[]}"
105_00000000000000000000,BA03050040,,,,,,,14.03,14,8616.35798018,TASWIL5000020230907KABKOTA,Bengkalis,,0.700215051782,7.82147949106,4326,4,,,Bengkalis,Riau,,0,,,2022-10,0.038093198278637434,10,0.038093198278637434,VIIRS DNB,nW/cm2/sr,2022,"{""type"":""MultiPoint"",""coordinates"":[]}"
105_00000000000000000001,BA03050040,,,,,,,14.04,14,13521.2628347,TASWIL5000020230907KABKOTA,Indragiri Hilir,,1.09851042149,7.37231237531,4326,4,,,Indragiri Hilir,Riau,,0,,,2022-10,0.12435211035754372,10,0.12435211035754372,VIIRS DNB,nW/cm2/sr,2022,"{""type"":""MultiPoint"",""coordinates"":[]}"
105_00000000000000000002,BA03050040,,,,,,,14.02,14,7871.84968405,TASWIL5000020230907KABKOTA,Indragiri Hulu,,0.63955084852,4.58568097253,4326,4,,,Indragiri Hulu,Riau,,0,,,2022-10,0.08095376777050421,10,0.08095376777050421,VIIRS DNB,nW/cm2/sr,2022,"{""type"":""MultiPoint"",""coordinates"":[]}"
105_00000000000000000003,BA03050040,,,,,,,14.01,14,10352.8025325,TASWIL5000020230907KABKOTA,Kampar,,0.841096503879,7.83544312369,4326,4,,,Kampar,Riau,,0,,,2022-10,0.024842504015600814,10,0.024842504015600814,VIIRS DNB,nW/cm2/sr,2022,"{""type"":""MultiPoint"",""coordinates"":[]}"
105_00000000000000000004,BA03050040,,,,,,,14.10,14,3623.55847532,TASWIL5000020230907KABKOTA,Kepulauan Meranti,,0.294426091439,5.55830216947,4326,4,,,Kepulauan Meranti,Riau,,0,Bengkalis,,2022-10,0.05576981373961919,10,0.05576981373961919,VIIRS DNB,nW/cm2/sr,2022,"{""type"":""MultiPoint"",""coordinates"":[]}"
105_00000000000000000009,BA03050040,,,,,,,14.07,14,9068.45847884,TASWIL5000020230907KABKOTA,Rokan Hilir,,0.737081443501,6.32413452193,4326,4,,,Rokan Hilir,Riau,,0,Bengkalis,,2022-10,0.0037936389639714606,10,0.0037936389639714606,VIIRS DNB,nW/cm2/sr,2022,"{""type"":""MultiPoint"",""coordinates"":[]}"
105_0000000000000000000b,BA03050040,,,,,,,14.08,14,7805.53759098,TASWIL5000020230907KABKOTA,Siak,,0.634194327848,6.48953973447,4326,4,,,Siak,Riau,,0,Bengkalis,,2022-10,0.03439936508727967,10,0.03439936508727967,VIIRS DNB,nW/cm2/sr,2022,"{""type"":""MultiPoint"",""coordinates"":[]}"
105_00000000000000000007,BA03050040,,,,,,,14.09,14,5457.8626224,TASWIL5000020230907KABKOTA,Kuantan Singingi,,0.443419280545,4.11162115584,4326,4,,,Kuantan Singingi,Riau,,0,Indragiri hulu,,2022-10,4.017587361168983E-4,10,4.017587361168983E-4,VIIRS DNB,nW/cm2/sr,2022,"{""type"":""MultiPoint"",""coordinates"":[]}"
105_00000000000000000008,BA03050040,,,,,,,14.05,14,13262.1130957,TASWIL5000020230907KABKOTA,Pelalawan,,1.077443852,7.46682963302,4326,4,,,Pelalawan,Riau,,0,Kampar,,2022-10,0.01418002420561306,10,0.01418002420561306,VIIRS DNB,nW/cm2/sr,2022,"{""type"":""MultiPoint"",""coordinates"":[]}"
105_0000000000000000000a,BA03050040,,,,,,,14.06,14,7658.14908776,TASWIL5000020230907KABKOTA,Rokan Hulu,,0.622243411779,6.12306366434,4326,4,,,Rokan Hulu,Riau,,0,Kampar,,2022-10,0.003743079194558425,10,0.003743079194558425,VIIRS DNB,nW/cm2/sr,2022,"{""type"":""MultiPoint"",""coordinates"":[]}"
105_00000000000000000006,BA03050040,,,,,,,14.71,14,638.331320853,TASWIL5000020230907KABKOTA,Kota Pekanbaru,,0.0518609743118,1.42760792315,4326,5,,,Kota Pekanbaru,Riau,,0,,,2022-10,0.0,10,0.0,VIIRS DNB,nW/cm2/sr,2022,"{""type"":""MultiPoint"",""coordinates"":[]}"
105_00000000000000000005,BA03050040,,,,,,,14.72,14,2059.61276209,TASWIL5000020230907KABKOTA,Kota Dumai,,0.167408051519,2.69322296248,4326,5,,,Kota Dumai,Riau,,0,Bengkalis,,2022-10,0.0037185043736662243,10,0.0037185043736662243,VIIRS DNB,nW/cm2/sr,2022,"{""type"":""MultiPoint"",""coordinates"":[]}"
106_00000000000000000000,BA03050040,,,,,,,14.03,14,8616.35798018,TASWIL5000020230907KABKOTA,Bengkalis,,0.700215051782,7.82147949106,4326,4,,,Bengkalis,Riau,,0,,,2022-11,0.24112375249062928,11,0.24112375249062928,VIIRS DNB,nW/cm2/sr,2022,"{""type"":""MultiPoint"",""coordinates"":[]}"
106_00000000000000000001,BA03050040,,,,,,,14.04,14,13521.2628347,TASWIL5000020230907KABKOTA,Indragiri Hilir,,1.09851042149,7.37231237531,4326,4,,,Indragiri Hilir,Riau,,0,,,2022-11,0.23978656751570235,11,0.23978656751570235,VIIRS DNB,nW/cm2/sr,2022,"{""type"":""MultiPoint"",""coordinates"":[]}"
106_00000000000000000002,BA03050040,,,,,,,14.02,14,7871.84968405,TASWIL5000020230907KABKOTA,Indragiri Hulu,,0.63955084852,4.58568097253,4326,4,,,Indragiri Hulu,Riau,,0,,,2022-11,0.2457790713687734,11,0.2457790713687734,VIIRS DNB,nW/cm2/sr,2022,"{""type"":""MultiPoint"",""coordinates"":[]}"
106_00000000000000000003,BA03050040,,,,,,,14.01,14,10352.8025325,TASWIL5000020230907KABKOTA,Kampar,,0.841096503879,7.83544312369,4326,4,,,Kampar,Riau,,0,,,2022-11,0.4191173269245281,11,0.4191173269245281,VIIRS DNB,nW/cm2/sr,2022,"{""type"":""MultiPoint"",""coordinates"":[]}"
106_00000000000000000004,BA03050040,,,,,,,14.10,14,3623.55847532,TASWIL5000020230907KABKOTA,Kepulauan Meranti,,0.294426091439,5.55830216947,4326,4,,,Kepulauan Meranti,Riau,,0,Bengkalis,,2022-11,0.34121331731486837,11,0.34121331731486837,VIIRS DNB,nW/cm2/sr,2022,"{""type"":""MultiPoint"",""coordinates"":[]}"
106_00000000000000000009,BA03050040,,,,,,,14.07,14,9068.45847884,TASWIL5000020230907KABKOTA,Rokan Hilir,,0.737081443501,6.32413452193,4326,4,,,Rokan Hilir,Riau,,0,Bengkalis,,2022-11,0.25267061853090245,11,0.25267061853090245,VIIRS DNB,nW/cm2/sr,2022,"{""type"":""MultiPoint"",""coordinates"":[]}"
106_0000000000000000000b,BA03050040,,,,,,,14.08,14,7805.53759098,TASWIL5000020230907KABKOTA,Siak,,0.634194327848,6.48953973447,4326,4,,,Siak,Riau,,0,Bengkalis,,2022-11,0.7301481283531562,11,0.7301481283531562,VIIRS DNB,nW/cm2/sr,2022,"{""type"":""MultiPoint"",""coordinates"":[]}"
106_00000000000000000007,BA03050040,,,,,,,14.09,14,5457.8626224,TASWIL5000020230907KABKOTA,Kuantan Singingi,,0.443419280545,4.11162115584,4326,4,,,Kuantan Singingi,Riau,,0,Indragiri hulu,,2022-11,0.05114234799281392,11,0.05114234799281392,VIIRS DNB,nW/cm2/sr,2022,"{""type"":""MultiPoint"",""coordinates"":[]}"
106_00000000000000000008,BA03050040,,,,,,,14.05,14,13262.1130957,TASWIL5000020230907KABKOTA,Pelalawan,,1.077443852,7.46682963302,4326,4,,,Pelalawan,Riau,,0,Kampar,,2022-11,0.3762223214716361,11,0.3762223214716361,VIIRS DNB,nW/cm2/sr,2022,"{""type"":""MultiPoint"",""coordinates"":[]}"
106_0000000000000000000a,BA03050040,,,,,,,14.06,14,7658.14908776,TASWIL5000020230907KABKOTA,Rokan Hulu,,0.622243411779,6.12306366434,4326,4,,,Rokan Hulu,Riau,,0,Kampar,,2022-11,0.36869359330820334,11,0.36869359330820334,VIIRS DNB,nW/cm2/sr,2022,"{""type"":""MultiPoint"",""coordinates"":[]}"
106_00000000000000000006,BA03050040,,,,,,,14.71,14,638.331320853,TASWIL5000020230907KABKOTA,Kota Pekanbaru,,0.0518609743118,1.42760792315,4326,5,,,Kota Pekanbaru,Riau,,0,,,2022-11,2.997416973836969,11,2.997416973836969,VIIRS DNB,nW/cm2/sr,2022,"{""type"":""MultiPoint"",""coordinates"":[]}"
106_00000000000000000005,BA03050040,,,,,,,14.72,14,2059.61276209,TASWIL5000020230907KABKOTA,Kota Dumai,,0.167408051519,2.69322296248,4326,5,,,Kota Dumai,Riau,,0,Bengkalis,,2022-11,0.24941500116680557,11,0.24941500116680557,VIIRS DNB,nW/cm2/sr,2022,"{""type"":""MultiPoint"",""coordinates"":[]}"
107_00000000000000000000,BA03050040,,,,,,,14.03,14,8616.35798018,TASWIL5000020230907KABKOTA,Bengkalis,,0.700215051782,7.82147949106,4326,4,,,Bengkalis,Riau,,0,,,2022-12,0.03181022466094498,12,0.03181022466094498,VIIRS DNB,nW/cm2/sr,2022,"{""type"":""MultiPoint"",""coordinates"":[]}"
107_00000000000000000001,BA03050040,,,,,,,14.04,14,13521.2628347,TASWIL5000020230907KABKOTA,Indragiri Hilir,,1.09851042149,7.37231237531,4326,4,,,Indragiri Hilir,Riau,,0,,,2022-12,0.04132675908831935,12,0.04132675908831935,VIIRS DNB,nW/cm2/sr,2022,"{""type"":""MultiPoint"",""coordinates"":[]}"
107_00000000000000000002,BA03050040,,,,,,,14.02,14,7871.84968405,TASWIL5000020230907KABKOTA,Indragiri Hulu,,0.63955084852,4.58568097253,4326,4,,,Indragiri Hulu,Riau,,0,,,2022-12,0.010490995097719358,12,0.010490995097719358,VIIRS DNB,nW/cm2/sr,2022,"{""type"":""MultiPoint"",""coordinates"":[]}"
107_00000000000000000003,BA03050040,,,,,,,14.01,14,10352.8025325,TASWIL5000020230907KABKOTA,Kampar,,0.841096503879,7.83544312369,4326,4,,,Kampar,Riau,,0,,,2022-12,0.017122371283695852,12,0.017122371283695852,VIIRS DNB,nW/cm2/sr,2022,"{""type"":""MultiPoint"",""coordinates"":[]}"
107_00000000000000000004,BA03050040,,,,,,,14.10,14,3623.55847532,TASWIL5000020230907KABKOTA,Kepulauan Meranti,,0.294426091439,5.55830216947,4326,4,,,Kepulauan Meranti,Riau,,0,Bengkalis,,2022-12,0.04948899564900454,12,0.04948899564900454,VIIRS DNB,nW/cm2/sr,2022,"{""type"":""MultiPoint"",""coordinates"":[]}"
107_00000000000000000009,BA03050040,,,,,,,14.07,14,9068.45847884,TASWIL5000020230907KABKOTA,Rokan Hilir,,0.737081443501,6.32413452193,4326,4,,,Rokan Hilir,Riau,,0,Bengkalis,,2022-12,0.07675219617631708,12,0.07675219617631708,VIIRS DNB,nW/cm2/sr,2022,"{""type"":""MultiPoint"",""coordinates"":[]}"
107_0000000000000000000b,BA03050040,,,,,,,14.08,14,7805.53759098,TASWIL5000020230907KABKOTA,Siak,,0.634194327848,6.48953973447,4326,4,,,Siak,Riau,,0,Bengkalis,,2022-12,5.011825412435017E-4,12,5.011825412435017E-4,VIIRS DNB,nW/cm2/sr,2022,"{""type"":""MultiPoint"",""coordinates"":[]}"
107_00000000000000000007,BA03050040,,,,,,,14.09,14,5457.8626224,TASWIL5000020230907KABKOTA,Kuantan Singingi,,0.443419280545,4.11162115584,4326,4,,,Kuantan Singingi,Riau,,0,Indragiri hulu,,2022-12,2.616744485499194E-4,12,2.616744485499194E-4,VIIRS DNB,nW/cm2/sr,2022,"{""type"":""MultiPoint"",""coordinates"":[]}"
107_00000000000000000008,BA03050040,,,,,,,14.05,14,13262.1130957,TASWIL5000020230907KABKOTA,Pelalawan,,1.077443852,7.46682963302,4326,4,,,Pelalawan,Riau,,0,Kampar,,2022-12,0.0035431481005790302,12,0.0035431481005790302,VIIRS DNB,nW/cm2/sr,2022,"{""type"":""MultiPoint"",""coordinates"":[]}"
107_0000000000000000000a,BA03050040,,,,,,,14.06,14,7658.14908776,TASWIL5000020230907KABKOTA,Rokan Hulu,,0.622243411779,6.12306366434,4326,4,,,Rokan Hulu,Riau,,0,Kampar,,2022-12,0.1550171958410518,12,0.1550171958410518,VIIRS DNB,nW/cm2/sr,2022,"{""type"":""MultiPoint"",""coordinates"":[]}"
107_00000000000000000006,BA03050040,,,,,,,14.71,14,638.331320853,TASWIL5000020230907KABKOTA,Kota Pekanbaru,,0.0518609743118,1.42760792315,4326,5,,,Kota Pekanbaru,Riau,,0,,,2022-12,0.0,12,0.0,VIIRS DNB,nW/cm2/sr,2022,"{""type"":""MultiPoint"",""coordinates"":[]}"
107_00000000000000000005,BA03050040,,,,,,,14.72,14,2059.61276209,TASWIL5000020230907KABKOTA,Kota Dumai,,0.167408051519,2.69322296248,4326,5,,,Kota Dumai,Riau,,0,Bengkalis,,2022-12,0.022161412374746996,12,0.022161412374746996,VIIRS DNB,nW/cm2/sr,2022,"{""type"":""MultiPoint"",""coordinates"":[]}"
108_00000000000000000000,BA03050040,,,,,,,14.03,14,8616.35798018,TASWIL5000020230907KABKOTA,Bengkalis,,0.700215051782,7.82147949106,4326,4,,,Bengkalis,Riau,,0,,,2023-01,0.002836778689313523,1,0.002836778689313523,VIIRS DNB,nW/cm2/sr,2023,"{""type"":""MultiPoint"",""coordinates"":[]}"
108_00000000000000000001,BA03050040,,,,,,,14.04,14,13521.2628347,TASWIL5000020230907KABKOTA,Indragiri Hilir,,1.09851042149,7.37231237531,4326,4,,,Indragiri Hilir,Riau,,0,,,2023-01,7.493613329292753E-5,1,7.493613329292753E-5,VIIRS DNB,nW/cm2/sr,2023,"{""type"":""MultiPoint"",""coordinates"":[]}"
108_00000000000000000002,BA03050040,,,,,,,14.02,14,7871.84968405,TASWIL5000020230907KABKOTA,Indragiri Hulu,,0.63955084852,4.58568097253,4326,4,,,Indragiri Hulu,Riau,,0,,,2023-01,0.0028918886070016733,1,0.0028918886070016733,VIIRS DNB,nW/cm2/sr,2023,"{""type"":""MultiPoint"",""coordinates"":[]}"
108_00000000000000000003,BA03050040,,,,,,,14.01,14,10352.8025325,TASWIL5000020230907KABKOTA,Kampar,,0.841096503879,7.83544312369,4326,4,,,Kampar,Riau,,0,,,2023-01,0.001977796238911794,1,0.001977796238911794,VIIRS DNB,nW/cm2/sr,2023,"{""type"":""MultiPoint"",""coordinates"":[]}"
108_00000000000000000004,BA03050040,,,,,,,14.10,14,3623.55847532,TASWIL5000020230907KABKOTA,Kepulauan Meranti,,0.294426091439,5.55830216947,4326,4,,,Kepulauan Meranti,Riau,,0,Bengkalis,,2023-01,8.498775714882528E-5,1,8.498775714882528E-5,VIIRS DNB,nW/cm2/sr,2023,"{""type"":""MultiPoint"",""coordinates"":[]}"
108_00000000000000000009,BA03050040,,,,,,,14.07,14,9068.45847884,TASWIL5000020230907KABKOTA,Rokan Hilir,,0.737081443501,6.32413452193,4326,4,,,Rokan Hilir,Riau,,0,Bengkalis,,2023-01,0.035962905318129505,1,0.035962905318129505,VIIRS DNB,nW/cm2/sr,2023,"{""type"":""MultiPoint"",""coordinates"":[]}"
108_0000000000000000000b,BA03050040,,,,,,,14.08,14,7805.53759098,TASWIL5000020230907KABKOTA,Siak,,0.634194327848,6.48953973447,4326,4,,,Siak,Riau,,0,Bengkalis,,2023-01,0.0,1,0.0,VIIRS DNB,nW/cm2/sr,2023,"{""type"":""MultiPoint"",""coordinates"":[]}"
108_00000000000000000007,BA03050040,,,,,,,14.09,14,5457.8626224,TASWIL5000020230907KABKOTA,Kuantan Singingi,,0.443419280545,4.11162115584,4326,4,,,Kuantan Singingi,Riau,,0,Indragiri hulu,,2023-01,5.528163822995097E-4,1,5.528163822995097E-4,VIIRS DNB,nW/cm2/sr,2023,"{""type"":""MultiPoint"",""coordinates"":[]}"
108_00000000000000000008,BA03050040,,,,,,,14.05,14,13262.1130957,TASWIL5000020230907KABKOTA,Pelalawan,,1.077443852,7.46682963302,4326,4,,,Pelalawan,Riau,,0,Kampar,,2023-01,8.698438714392963E-6,1,8.698438714392963E-6,VIIRS DNB,nW/cm2/sr,2023,"{""type"":""MultiPoint"",""coordinates"":[]}"
108_0000000000000000000a,BA03050040,,,,,,,14.06,14,7658.14908776,TASWIL5000020230907KABKOTA,Rokan Hulu,,0.622243411779,6.12306366434,4326,4,,,Rokan Hulu,Riau,,0,Kampar,,2023-01,0.02546641414847102,1,0.02546641414847102,VIIRS DNB,nW/cm2/sr,2023,"{""type"":""MultiPoint"",""coordinates"":[]}"
108_00000000000000000006,BA03050040,,,,,,,14.71,14,638.331320853,TASWIL5000020230907KABKOTA,Kota Pekanbaru,,0.0518609743118,1.42760792315,4326,5,,,Kota Pekanbaru,Riau,,0,,,2023-01,0.0,1,0.0,VIIRS DNB,nW/cm2/sr,2023,"{""type"":""MultiPoint"",""coordinates"":[]}"
108_00000000000000000005,BA03050040,,,,,,,14.72,14,2059.61276209,TASWIL5000020230907KABKOTA,Kota Dumai,,0.167408051519,2.69322296248,4326,5,,,Kota Dumai,Riau,,0,Bengkalis,,2023-01,0.01642755997453472,1,0.01642755997453472,VIIRS DNB,nW/cm2/sr,2023,"{""type"":""MultiPoint"",""coordinates"":[]}"
109_00000000000000000000,BA03050040,,,,,,,14.03,14,8616.35798018,TASWIL5000020230907KABKOTA,Bengkalis,,0.700215051782,7.82147949106,4326,4,,,Bengkalis,Riau,,0,,,2023-02,0.6034369772446184,2,0.6034369772446184,VIIRS DNB,nW/cm2/sr,2023,"{""type"":""MultiPoint"",""coordinates"":[]}"
109_00000000000000000001,BA03050040,,,,,,,14.04,14,13521.2628347,TASWIL5000020230907KABKOTA,Indragiri Hilir,,1.09851042149,7.37231237531,4326,4,,,Indragiri Hilir,Riau,,0,,,2023-02,0.2482896794228541,2,0.2482896794228541,VIIRS DNB,nW/cm2/sr,2023,"{""type"":""MultiPoint"",""coordinates"":[]}"
109_00000000000000000002,BA03050040,,,,,,,14.02,14,7871.84968405,TASWIL5000020230907KABKOTA,Indragiri Hulu,,0.63955084852,4.58568097253,4326,4,,,Indragiri Hulu,Riau,,0,,,2023-02,0.33351825040505473,2,0.33351825040505473,VIIRS DNB,nW/cm2/sr,2023,"{""type"":""MultiPoint"",""coordinates"":[]}"
109_00000000000000000003,BA03050040,,,,,,,14.01,14,10352.8025325,TASWIL5000020230907KABKOTA,Kampar,,0.841096503879,7.83544312369,4326,4,,,Kampar,Riau,,0,,,2023-02,0.41817366447155785,2,0.41817366447155785,VIIRS DNB,nW/cm2/sr,2023,"{""type"":""MultiPoint"",""coordinates"":[]}"
109_00000000000000000004,BA03050040,,,,,,,14.10,14,3623.55847532,TASWIL5000020230907KABKOTA,Kepulauan Meranti,,0.294426091439,5.55830216947,4326,4,,,Kepulauan Meranti,Riau,,0,Bengkalis,,2023-02,0.1514260688373689,2,0.1514260688373689,VIIRS DNB,nW/cm2/sr,2023,"{""type"":""MultiPoint"",""coordinates"":[]}"
109_00000000000000000009,BA03050040,,,,,,,14.07,14,9068.45847884,TASWIL5000020230907KABKOTA,Rokan Hilir,,0.737081443501,6.32413452193,4326,4,,,Rokan Hilir,Riau,,0,Bengkalis,,2023-02,0.3543183860857775,2,0.3543183860857775,VIIRS DNB,nW/cm2/sr,2023,"{""type"":""MultiPoint"",""coordinates"":[]}"
109_0000000000000000000b,BA03050040,,,,,,,14.08,14,7805.53759098,TASWIL5000020230907KABKOTA,Siak,,0.634194327848,6.48953973447,4326,4,,,Siak,Riau,,0,Bengkalis,,2023-02,0.53072770556534,2,0.53072770556534,VIIRS DNB,nW/cm2/sr,2023,"{""type"":""MultiPoint"",""coordinates"":[]}"
109_00000000000000000007,BA03050040,,,,,,,14.09,14,5457.8626224,TASWIL5000020230907KABKOTA,Kuantan Singingi,,0.443419280545,4.11162115584,4326,4,,,Kuantan Singingi,Riau,,0,Indragiri hulu,,2023-02,0.30589159612931544,2,0.30589159612931544,VIIRS DNB,nW/cm2/sr,2023,"{""type"":""MultiPoint"",""coordinates"":[]}"
109_00000000000000000008,BA03050040,,,,,,,14.05,14,13262.1130957,TASWIL5000020230907KABKOTA,Pelalawan,,1.077443852,7.46682963302,4326,4,,,Pelalawan,Riau,,0,Kampar,,2023-02,0.34519453765877245,2,0.34519453765877245,VIIRS DNB,nW/cm2/sr,2023,"{""type"":""MultiPoint"",""coordinates"":[]}"
109_0000000000000000000a,BA03050040,,,,,,,14.06,14,7658.14908776,TASWIL5000020230907KABKOTA,Rokan Hulu,,0.622243411779,6.12306366434,4326,4,,,Rokan Hulu,Riau,,0,Kampar,,2023-02,0.2954825165124319,2,0.2954825165124319,VIIRS DNB,nW/cm2/sr,2023,"{""type"":""MultiPoint"",""coordinates"":[]}"
109_00000000000000000006,BA03050040,,,,,,,14.71,14,638.331320853,TASWIL5000020230907KABKOTA,Kota Pekanbaru,,0.0518609743118,1.42760792315,4326,5,,,Kota Pekanbaru,Riau,,0,,,2023-02,3.980064354618638,2,3.980064354618638,VIIRS DNB,nW/cm2/sr,2023,"{""type"":""MultiPoint"",""coordinates"":[]}"
109_00000000000000000005,BA03050040,,,,,,,14.72,14,2059.61276209,TASWIL5000020230907KABKOTA,Kota Dumai,,0.167408051519,2.69322296248,4326,5,,,Kota Dumai,Riau,,0,Bengkalis,,2023-02,1.3063102657133754,2,1.3063102657133754,VIIRS DNB,nW/cm2/sr,2023,"{""type"":""MultiPoint"",""coordinates"":[]}"
110_00000000000000000000,BA03050040,,,,,,,14.03,14,8616.35798018,TASWIL5000020230907KABKOTA,Bengkalis,,0.700215051782,7.82147949106,4326,4,,,Bengkalis,Riau,,0,,,2023-03,0.7580675999343277,3,0.7580675999343277,VIIRS DNB,nW/cm2/sr,2023,"{""type"":""MultiPoint"",""coordinates"":[]}"
110_00000000000000000001,BA03050040,,,,,,,14.04,14,13521.2628347,TASWIL5000020230907KABKOTA,Indragiri Hilir,,1.09851042149,7.37231237531,4326,4,,,Indragiri Hilir,Riau,,0,,,2023-03,0.4525262505250608,3,0.4525262505250608,VIIRS DNB,nW/cm2/sr,2023,"{""type"":""MultiPoint"",""coordinates"":[]}"
110_00000000000000000002,BA03050040,,,,,,,14.02,14,7871.84968405,TASWIL5000020230907KABKOTA,Indragiri Hulu,,0.63955084852,4.58568097253,4326,4,,,Indragiri Hulu,Riau,,0,,,2023-03,0.4345383584801938,3,0.4345383584801938,VIIRS DNB,nW/cm2/sr,2023,"{""type"":""MultiPoint"",""coordinates"":[]}"
110_00000000000000000003,BA03050040,,,,,,,14.01,14,10352.8025325,TASWIL5000020230907KABKOTA,Kampar,,0.841096503879,7.83544312369,4326,4,,,Kampar,Riau,,0,,,2023-03,0.6872314090123116,3,0.6872314090123116,VIIRS DNB,nW/cm2/sr,2023,"{""type"":""MultiPoint"",""coordinates"":[]}"
110_00000000000000000004,BA03050040,,,,,,,14.10,14,3623.55847532,TASWIL5000020230907KABKOTA,Kepulauan Meranti,,0.294426091439,5.55830216947,4326,4,,,Kepulauan Meranti,Riau,,0,Bengkalis,,2023-03,0.47813210929944117,3,0.47813210929944117,VIIRS DNB,nW/cm2/sr,2023,"{""type"":""MultiPoint"",""coordinates"":[]}"
110_00000000000000000009,BA03050040,,,,,,,14.07,14,9068.45847884,TASWIL5000020230907KABKOTA,Rokan Hilir,,0.737081443501,6.32413452193,4326,4,,,Rokan Hilir,Riau,,0,Bengkalis,,2023-03,0.6896856785004856,3,0.6896856785004856,VIIRS DNB,nW/cm2/sr,2023,"{""type"":""MultiPoint"",""coordinates"":[]}"
110_0000000000000000000b,BA03050040,,,,,,,14.08,14,7805.53759098,TASWIL5000020230907KABKOTA,Siak,,0.634194327848,6.48953973447,4326,4,,,Siak,Riau,,0,Bengkalis,,2023-03,0.8343868837283982,3,0.8343868837283982,VIIRS DNB,nW/cm2/sr,2023,"{""type"":""MultiPoint"",""coordinates"":[]}"
110_00000000000000000007,BA03050040,,,,,,,14.09,14,5457.8626224,TASWIL5000020230907KABKOTA,Kuantan Singingi,,0.443419280545,4.11162115584,4326,4,,,Kuantan Singingi,Riau,,0,Indragiri hulu,,2023-03,0.35113114207060164,3,0.35113114207060164,VIIRS DNB,nW/cm2/sr,2023,"{""type"":""MultiPoint"",""coordinates"":[]}"
110_00000000000000000008,BA03050040,,,,,,,14.05,14,13262.1130957,TASWIL5000020230907KABKOTA,Pelalawan,,1.077443852,7.46682963302,4326,4,,,Pelalawan,Riau,,0,Kampar,,2023-03,0.5837351166706068,3,0.5837351166706068,VIIRS DNB,nW/cm2/sr,2023,"{""type"":""MultiPoint"",""coordinates"":[]}"
110_0000000000000000000a,BA03050040,,,,,,,14.06,14,7658.14908776,TASWIL5000020230907KABKOTA,Rokan Hulu,,0.622243411779,6.12306366434,4326,4,,,Rokan Hulu,Riau,,0,Kampar,,2023-03,0.47330754652625184,3,0.47330754652625184,VIIRS DNB,nW/cm2/sr,2023,"{""type"":""MultiPoint"",""coordinates"":[]}"
110_00000000000000000006,BA03050040,,,,,,,14.71,14,638.331320853,TASWIL5000020230907KABKOTA,Kota Pekanbaru,,0.0518609743118,1.42760792315,4326,5,,,Kota Pekanbaru,Riau,,0,,,2023-03,5.587722537466207,3,5.587722537466207,VIIRS DNB,nW/cm2/sr,2023,"{""type"":""MultiPoint"",""coordinates"":[]}"
110_00000000000000000005,BA03050040,,,,,,,14.72,14,2059.61276209,TASWIL5000020230907KABKOTA,Kota Dumai,,0.167408051519,2.69322296248,4326,5,,,Kota Dumai,Riau,,0,Bengkalis,,2023-03,1.7763952651564954,3,1.7763952651564954,VIIRS DNB,nW/cm2/sr,2023,"{""type"":""MultiPoint"",""coordinates"":[]}"
111_00000000000000000000,BA03050040,,,,,,,14.03,14,8616.35798018,TASWIL5000020230907KABKOTA,Bengkalis,,0.700215051782,7.82147949106,4326,4,,,Bengkalis,Riau,,0,,,2023-04,0.4469791748695066,4,0.4469791748695066,VIIRS DNB,nW/cm2/sr,2023,"{""type"":""MultiPoint"",""coordinates"":[]}"
111_00000000000000000001,BA03050040,,,,,,,14.04,14,13521.2628347,TASWIL5000020230907KABKOTA,Indragiri Hilir,,1.09851042149,7.37231237531,4326,4,,,Indragiri Hilir,Riau,,0,,,2023-04,0.4667129374953733,4,0.4667129374953733,VIIRS DNB,nW/cm2/sr,2023,"{""type"":""MultiPoint"",""coordinates"":[]}"
111_00000000000000000002,BA03050040,,,,,,,14.02,14,7871.84968405,TASWIL5000020230907KABKOTA,Indragiri Hulu,,0.63955084852,4.58568097253,4326,4,,,Indragiri Hulu,Riau,,0,,,2023-04,0.2423450134454321,4,0.2423450134454321,VIIRS DNB,nW/cm2/sr,2023,"{""type"":""MultiPoint"",""coordinates"":[]}"
111_00000000000000000003,BA03050040,,,,,,,14.01,14,10352.8025325,TASWIL5000020230907KABKOTA,Kampar,,0.841096503879,7.83544312369,4326,4,,,Kampar,Riau,,0,,,2023-04,0.32845807596524484,4,0.32845807596524484,VIIRS DNB,nW/cm2/sr,2023,"{""type"":""MultiPoint"",""coordinates"":[]}"
111_00000000000000000004,BA03050040,,,,,,,14.10,14,3623.55847532,TASWIL5000020230907KABKOTA,Kepulauan Meranti,,0.294426091439,5.55830216947,4326,4,,,Kepulauan Meranti,Riau,,0,Bengkalis,,2023-04,0.45801272051130626,4,0.45801272051130626,VIIRS DNB,nW/cm2/sr,2023,"{""type"":""MultiPoint"",""coordinates"":[]}"
111_00000000000000000009,BA03050040,,,,,,,14.07,14,9068.45847884,TASWIL5000020230907KABKOTA,Rokan Hilir,,0.737081443501,6.32413452193,4326,4,,,Rokan Hilir,Riau,,0,Bengkalis,,2023-04,0.4053232954502042,4,0.4053232954502042,VIIRS DNB,nW/cm2/sr,2023,"{""type"":""MultiPoint"",""coordinates"":[]}"
111_0000000000000000000b,BA03050040,,,,,,,14.08,14,7805.53759098,TASWIL5000020230907KABKOTA,Siak,,0.634194327848,6.48953973447,4326,4,,,Siak,Riau,,0,Bengkalis,,2023-04,0.659745516277002,4,0.659745516277002,VIIRS DNB,nW/cm2/sr,2023,"{""type"":""MultiPoint"",""coordinates"":[]}"
111_00000000000000000007,BA03050040,,,,,,,14.09,14,5457.8626224,TASWIL5000020230907KABKOTA,Kuantan Singingi,,0.443419280545,4.11162115584,4326,4,,,Kuantan Singingi,Riau,,0,Indragiri hulu,,2023-04,0.20811198048932134,4,0.20811198048932134,VIIRS DNB,nW/cm2/sr,2023,"{""type"":""MultiPoint"",""coordinates"":[]}"
111_00000000000000000008,BA03050040,,,,,,,14.05,14,13262.1130957,TASWIL5000020230907KABKOTA,Pelalawan,,1.077443852,7.46682963302,4326,4,,,Pelalawan,Riau,,0,Kampar,,2023-04,0.5078103366761925,4,0.5078103366761925,VIIRS DNB,nW/cm2/sr,2023,"{""type"":""MultiPoint"",""coordinates"":[]}"
111_0000000000000000000a,BA03050040,,,,,,,14.06,14,7658.14908776,TASWIL5000020230907KABKOTA,Rokan Hulu,,0.622243411779,6.12306366434,4326,4,,,Rokan Hulu,Riau,,0,Kampar,,2023-04,0.38181051765638085,4,0.38181051765638085,VIIRS DNB,nW/cm2/sr,2023,"{""type"":""MultiPoint"",""coordinates"":[]}"
111_00000000000000000006,BA03050040,,,,,,,14.71,14,638.331320853,TASWIL5000020230907KABKOTA,Kota Pekanbaru,,0.0518609743118,1.42760792315,4326,5,,,Kota Pekanbaru,Riau,,0,,,2023-04,4.708429961825493,4,4.708429961825493,VIIRS DNB,nW/cm2/sr,2023,"{""type"":""MultiPoint"",""coordinates"":[]}"
111_00000000000000000005,BA03050040,,,,,,,14.72,14,2059.61276209,TASWIL5000020230907KABKOTA,Kota Dumai,,0.167408051519,2.69322296248,4326,5,,,Kota Dumai,Riau,,0,Bengkalis,,2023-04,1.1478700222588607,4,1.1478700222588607,VIIRS DNB,nW/cm2/sr,2023,"{""type"":""MultiPoint"",""coordinates"":[]}"
112_00000000000000000000,BA03050040,,,,,,,14.03,14,8616.35798018,TASWIL5000020230907KABKOTA,Bengkalis,,0.700215051782,7.82147949106,4326,4,,,Bengkalis,Riau,,0,,,2023-05,0.7576233017575779,5,0.7576233017575779,VIIRS DNB,nW/cm2/sr,2023,"{""type"":""MultiPoint"",""coordinates"":[]}"
112_00000000000000000001,BA03050040,,,,,,,14.04,14,13521.2628347,TASWIL5000020230907KABKOTA,Indragiri Hilir,,1.09851042149,7.37231237531,4326,4,,,Indragiri Hilir,Riau,,0,,,2023-05,0.41918790654611876,5,0.41918790654611876,VIIRS DNB,nW/cm2/sr,2023,"{""type"":""MultiPoint"",""coordinates"":[]}"
112_00000000000000000002,BA03050040,,,,,,,14.02,14,7871.84968405,TASWIL5000020230907KABKOTA,Indragiri Hulu,,0.63955084852,4.58568097253,4326,4,,,Indragiri Hulu,Riau,,0,,,2023-05,0.4694374945072044,5,0.4694374945072044,VIIRS DNB,nW/cm2/sr,2023,"{""type"":""MultiPoint"",""coordinates"":[]}"
112_00000000000000000003,BA03050040,,,,,,,14.01,14,10352.8025325,TASWIL5000020230907KABKOTA,Kampar,,0.841096503879,7.83544312369,4326,4,,,Kampar,Riau,,0,,,2023-05,0.6587290232861825,5,0.6587290232861825,VIIRS DNB,nW/cm2/sr,2023,"{""type"":""MultiPoint"",""coordinates"":[]}"
112_00000000000000000004,BA03050040,,,,,,,14.10,14,3623.55847532,TASWIL5000020230907KABKOTA,Kepulauan Meranti,,0.294426091439,5.55830216947,4326,4,,,Kepulauan Meranti,Riau,,0,Bengkalis,,2023-05,0.45246107877582104,5,0.45246107877582104,VIIRS DNB,nW/cm2/sr,2023,"{""type"":""MultiPoint"",""coordinates"":[]}"
112_00000000000000000009,BA03050040,,,,,,,14.07,14,9068.45847884,TASWIL5000020230907KABKOTA,Rokan Hilir,,0.737081443501,6.32413452193,4326,4,,,Rokan Hilir,Riau,,0,Bengkalis,,2023-05,0.5538157091333209,5,0.5538157091333209,VIIRS DNB,nW/cm2/sr,2023,"{""type"":""MultiPoint"",""coordinates"":[]}"
112_0000000000000000000b,BA03050040,,,,,,,14.08,14,7805.53759098,TASWIL5000020230907KABKOTA,Siak,,0.634194327848,6.48953973447,4326,4,,,Siak,Riau,,0,Bengkalis,,2023-05,0.7395377661725805,5,0.7395377661725805,VIIRS DNB,nW/cm2/sr,2023,"{""type"":""MultiPoint"",""coordinates"":[]}"
112_00000000000000000007,BA03050040,,,,,,,14.09,14,5457.8626224,TASWIL5000020230907KABKOTA,Kuantan Singingi,,0.443419280545,4.11162115584,4326,4,,,Kuantan Singingi,Riau,,0,Indragiri hulu,,2023-05,0.4391066456594779,5,0.4391066456594779,VIIRS DNB,nW/cm2/sr,2023,"{""type"":""MultiPoint"",""coordinates"":[]}"
112_00000000000000000008,BA03050040,,,,,,,14.05,14,13262.1130957,TASWIL5000020230907KABKOTA,Pelalawan,,1.077443852,7.46682963302,4326,4,,,Pelalawan,Riau,,0,Kampar,,2023-05,0.5058323067055921,5,0.5058323067055921,VIIRS DNB,nW/cm2/sr,2023,"{""type"":""MultiPoint"",""coordinates"":[]}"
112_0000000000000000000a,BA03050040,,,,,,,14.06,14,7658.14908776,TASWIL5000020230907KABKOTA,Rokan Hulu,,0.622243411779,6.12306366434,4326,4,,,Rokan Hulu,Riau,,0,Kampar,,2023-05,0.4914052100844475,5,0.4914052100844475,VIIRS DNB,nW/cm2/sr,2023,"{""type"":""MultiPoint"",""coordinates"":[]}"
112_00000000000000000006,BA03050040,,,,,,,14.71,14,638.331320853,TASWIL5000020230907KABKOTA,Kota Pekanbaru,,0.0518609743118,1.42760792315,4326,5,,,Kota Pekanbaru,Riau,,0,,,2023-05,6.3990049648214615,5,6.3990049648214615,VIIRS DNB,nW/cm2/sr,2023,"{""type"":""MultiPoint"",""coordinates"":[]}"
112_00000000000000000005,BA03050040,,,,,,,14.72,14,2059.61276209,TASWIL5000020230907KABKOTA,Kota Dumai,,0.167408051519,2.69322296248,4326,5,,,Kota Dumai,Riau,,0,Bengkalis,,2023-05,2.088150171755192,5,2.088150171755192,VIIRS DNB,nW/cm2/sr,2023,"{""type"":""MultiPoint"",""coordinates"":[]}"
113_00000000000000000000,BA03050040,,,,,,,14.03,14,8616.35798018,TASWIL5000020230907KABKOTA,Bengkalis,,0.700215051782,7.82147949106,4326,4,,,Bengkalis,Riau,,0,,,2023-06,0.7452751966643995,6,0.7452751966643995,VIIRS DNB,nW/cm2/sr,2023,"{""type"":""MultiPoint"",""coordinates"":[]}"
113_00000000000000000001,BA03050040,,,,,,,14.04,14,13521.2628347,TASWIL5000020230907KABKOTA,Indragiri Hilir,,1.09851042149,7.37231237531,4326,4,,,Indragiri Hilir,Riau,,0,,,2023-06,0.36505277679101916,6,0.36505277679101916,VIIRS DNB,nW/cm2/sr,2023,"{""type"":""MultiPoint"",""coordinates"":[]}"
113_00000000000000000002,BA03050040,,,,,,,14.02,14,7871.84968405,TASWIL5000020230907KABKOTA,Indragiri Hulu,,0.63955084852,4.58568097253,4326,4,,,Indragiri Hulu,Riau,,0,,,2023-06,0.45078879718860143,6,0.45078879718860143,VIIRS DNB,nW/cm2/sr,2023,"{""type"":""MultiPoint"",""coordinates"":[]}"
113_00000000000000000003,BA03050040,,,,,,,14.01,14,10352.8025325,TASWIL5000020230907KABKOTA,Kampar,,0.841096503879,7.83544312369,4326,4,,,Kampar,Riau,,0,,,2023-06,0.7202606421101585,6,0.7202606421101585,VIIRS DNB,nW/cm2/sr,2023,"{""type"":""MultiPoint"",""coordinates"":[]}"
113_00000000000000000004,BA03050040,,,,,,,14.10,14,3623.55847532,TASWIL5000020230907KABKOTA,Kepulauan Meranti,,0.294426091439,5.55830216947,4326,4,,,Kepulauan Meranti,Riau,,0,Bengkalis,,2023-06,0.4326151877021274,6,0.4326151877021274,VIIRS DNB,nW/cm2/sr,2023,"{""type"":""MultiPoint"",""coordinates"":[]}"
113_00000000000000000009,BA03050040,,,,,,,14.07,14,9068.45847884,TASWIL5000020230907KABKOTA,Rokan Hilir,,0.737081443501,6.32413452193,4326,4,,,Rokan Hilir,Riau,,0,Bengkalis,,2023-06,0.554105876297959,6,0.554105876297959,VIIRS DNB,nW/cm2/sr,2023,"{""type"":""MultiPoint"",""coordinates"":[]}"
113_0000000000000000000b,BA03050040,,,,,,,14.08,14,7805.53759098,TASWIL5000020230907KABKOTA,Siak,,0.634194327848,6.48953973447,4326,4,,,Siak,Riau,,0,Bengkalis,,2023-06,0.7668761425212031,6,0.7668761425212031,VIIRS DNB,nW/cm2/sr,2023,"{""type"":""MultiPoint"",""coordinates"":[]}"
113_00000000000000000007,BA03050040,,,,,,,14.09,14,5457.8626224,TASWIL5000020230907KABKOTA,Kuantan Singingi,,0.443419280545,4.11162115584,4326,4,,,Kuantan Singingi,Riau,,0,Indragiri hulu,,2023-06,0.4553231204667133,6,0.4553231204667133,VIIRS DNB,nW/cm2/sr,2023,"{""type"":""MultiPoint"",""coordinates"":[]}"
113_00000000000000000008,BA03050040,,,,,,,14.05,14,13262.1130957,TASWIL5000020230907KABKOTA,Pelalawan,,1.077443852,7.46682963302,4326,4,,,Pelalawan,Riau,,0,Kampar,,2023-06,0.48936507785601946,6,0.48936507785601946,VIIRS DNB,nW/cm2/sr,2023,"{""type"":""MultiPoint"",""coordinates"":[]}"
113_0000000000000000000a,BA03050040,,,,,,,14.06,14,7658.14908776,TASWIL5000020230907KABKOTA,Rokan Hulu,,0.622243411779,6.12306366434,4326,4,,,Rokan Hulu,Riau,,0,Kampar,,2023-06,0.5309788397513987,6,0.5309788397513987,VIIRS DNB,nW/cm2/sr,2023,"{""type"":""MultiPoint"",""coordinates"":[]}"
113_00000000000000000006,BA03050040,,,,,,,14.71,14,638.331320853,TASWIL5000020230907KABKOTA,Kota Pekanbaru,,0.0518609743118,1.42760792315,4326,5,,,Kota Pekanbaru,Riau,,0,,,2023-06,6.251810711563377,6,6.251810711563377,VIIRS DNB,nW/cm2/sr,2023,"{""type"":""MultiPoint"",""coordinates"":[]}"
113_00000000000000000005,BA03050040,,,,,,,14.72,14,2059.61276209,TASWIL5000020230907KABKOTA,Kota Dumai,,0.167408051519,2.69322296248,4326,5,,,Kota Dumai,Riau,,0,Bengkalis,,2023-06,2.705616400395662,6,2.705616400395662,VIIRS DNB,nW/cm2/sr,2023,"{""type"":""MultiPoint"",""coordinates"":[]}"
114_00000000000000000000,BA03050040,,,,,,,14.03,14,8616.35798018,TASWIL5000020230907KABKOTA,Bengkalis,,0.700215051782,7.82147949106,4326,4,,,Bengkalis,Riau,,0,,,2023-07,0.8211623834902717,7,0.8211623834902717,VIIRS DNB,nW/cm2/sr,2023,"{""type"":""MultiPoint"",""coordinates"":[]}"
114_00000000000000000001,BA03050040,,,,,,,14.04,14,13521.2628347,TASWIL5000020230907KABKOTA,Indragiri Hilir,,1.09851042149,7.37231237531,4326,4,,,Indragiri Hilir,Riau,,0,,,2023-07,0.3656672850621505,7,0.3656672850621505,VIIRS DNB,nW/cm2/sr,2023,"{""type"":""MultiPoint"",""coordinates"":[]}"
114_00000000000000000002,BA03050040,,,,,,,14.02,14,7871.84968405,TASWIL5000020230907KABKOTA,Indragiri Hulu,,0.63955084852,4.58568097253,4326,4,,,Indragiri Hulu,Riau,,0,,,2023-07,0.45483482119285745,7,0.45483482119285745,VIIRS DNB,nW/cm2/sr,2023,"{""type"":""MultiPoint"",""coordinates"":[]}"
114_00000000000000000003,BA03050040,,,,,,,14.01,14,10352.8025325,TASWIL5000020230907KABKOTA,Kampar,,0.841096503879,7.83544312369,4326,4,,,Kampar,Riau,,0,,,2023-07,0.669932912403693,7,0.669932912403693,VIIRS DNB,nW/cm2/sr,2023,"{""type"":""MultiPoint"",""coordinates"":[]}"
114_00000000000000000004,BA03050040,,,,,,,14.10,14,3623.55847532,TASWIL5000020230907KABKOTA,Kepulauan Meranti,,0.294426091439,5.55830216947,4326,4,,,Kepulauan Meranti,Riau,,0,Bengkalis,,2023-07,0.37227872833297276,7,0.37227872833297276,VIIRS DNB,nW/cm2/sr,2023,"{""type"":""MultiPoint"",""coordinates"":[]}"
114_00000000000000000009,BA03050040,,,,,,,14.07,14,9068.45847884,TASWIL5000020230907KABKOTA,Rokan Hilir,,0.737081443501,6.32413452193,4326,4,,,Rokan Hilir,Riau,,0,Bengkalis,,2023-07,0.4723477999310153,7,0.4723477999310153,VIIRS DNB,nW/cm2/sr,2023,"{""type"":""MultiPoint"",""coordinates"":[]}"
114_0000000000000000000b,BA03050040,,,,,,,14.08,14,7805.53759098,TASWIL5000020230907KABKOTA,Siak,,0.634194327848,6.48953973447,4326,4,,,Siak,Riau,,0,Bengkalis,,2023-07,0.7636994259214734,7,0.7636994259214734,VIIRS DNB,nW/cm2/sr,2023,"{""type"":""MultiPoint"",""coordinates"":[]}"
114_00000000000000000007,BA03050040,,,,,,,14.09,14,5457.8626224,TASWIL5000020230907KABKOTA,Kuantan Singingi,,0.443419280545,4.11162115584,4326,4,,,Kuantan Singingi,Riau,,0,Indragiri hulu,,2023-07,0.4426715933311052,7,0.4426715933311052,VIIRS DNB,nW/cm2/sr,2023,"{""type"":""MultiPoint"",""coordinates"":[]}"
114_00000000000000000008,BA03050040,,,,,,,14.05,14,13262.1130957,TASWIL5000020230907KABKOTA,Pelalawan,,1.077443852,7.46682963302,4326,4,,,Pelalawan,Riau,,0,Kampar,,2023-07,0.46736296008155104,7,0.46736296008155104,VIIRS DNB,nW/cm2/sr,2023,"{""type"":""MultiPoint"",""coordinates"":[]}"
114_0000000000000000000a,BA03050040,,,,,,,14.06,14,7658.14908776,TASWIL5000020230907KABKOTA,Rokan Hulu,,0.622243411779,6.12306366434,4326,4,,,Rokan Hulu,Riau,,0,Kampar,,2023-07,0.45451112589567744,7,0.45451112589567744,VIIRS DNB,nW/cm2/sr,2023,"{""type"":""MultiPoint"",""coordinates"":[]}"
114_00000000000000000006,BA03050040,,,,,,,14.71,14,638.331320853,TASWIL5000020230907KABKOTA,Kota Pekanbaru,,0.0518609743118,1.42760792315,4326,5,,,Kota Pekanbaru,Riau,,0,,,2023-07,6.356472769407292,7,6.356472769407292,VIIRS DNB,nW/cm2/sr,2023,"{""type"":""MultiPoint"",""coordinates"":[]}"
114_00000000000000000005,BA03050040,,,,,,,14.72,14,2059.61276209,TASWIL5000020230907KABKOTA,Kota Dumai,,0.167408051519,2.69322296248,4326,5,,,Kota Dumai,Riau,,0,Bengkalis,,2023-07,1.3929147379562068,7,1.3929147379562068,VIIRS DNB,nW/cm2/sr,2023,"{""type"":""MultiPoint"",""coordinates"":[]}"
115_00000000000000000000,BA03050040,,,,,,,14.03,14,8616.35798018,TASWIL5000020230907KABKOTA,Bengkalis,,0.700215051782,7.82147949106,4326,4,,,Bengkalis,Riau,,0,,,2023-08,0.6625309173350551,8,0.6625309173350551,VIIRS DNB,nW/cm2/sr,2023,"{""type"":""MultiPoint"",""coordinates"":[]}"
115_00000000000000000001,BA03050040,,,,,,,14.04,14,13521.2628347,TASWIL5000020230907KABKOTA,Indragiri Hilir,,1.09851042149,7.37231237531,4326,4,,,Indragiri Hilir,Riau,,0,,,2023-08,0.3375697281909341,8,0.3375697281909341,VIIRS DNB,nW/cm2/sr,2023,"{""type"":""MultiPoint"",""coordinates"":[]}"
115_00000000000000000002,BA03050040,,,,,,,14.02,14,7871.84968405,TASWIL5000020230907KABKOTA,Indragiri Hulu,,0.63955084852,4.58568097253,4326,4,,,Indragiri Hulu,Riau,,0,,,2023-08,0.41985031727198224,8,0.41985031727198224,VIIRS DNB,nW/cm2/sr,2023,"{""type"":""MultiPoint"",""coordinates"":[]}"
115_00000000000000000003,BA03050040,,,,,,,14.01,14,10352.8025325,TASWIL5000020230907KABKOTA,Kampar,,0.841096503879,7.83544312369,4326,4,,,Kampar,Riau,,0,,,2023-08,0.6244401216575121,8,0.6244401216575121,VIIRS DNB,nW/cm2/sr,2023,"{""type"":""MultiPoint"",""coordinates"":[]}"
115_00000000000000000004,BA03050040,,,,,,,14.10,14,3623.55847532,TASWIL5000020230907KABKOTA,Kepulauan Meranti,,0.294426091439,5.55830216947,4326,4,,,Kepulauan Meranti,Riau,,0,Bengkalis,,2023-08,0.37919443643401934,8,0.37919443643401934,VIIRS DNB,nW/cm2/sr,2023,"{""type"":""MultiPoint"",""coordinates"":[]}"
115_00000000000000000009,BA03050040,,,,,,,14.07,14,9068.45847884,TASWIL5000020230907KABKOTA,Rokan Hilir,,0.737081443501,6.32413452193,4326,4,,,Rokan Hilir,Riau,,0,Bengkalis,,2023-08,0.44697056088475234,8,0.44697056088475234,VIIRS DNB,nW/cm2/sr,2023,"{""type"":""MultiPoint"",""coordinates"":[]}"
115_0000000000000000000b,BA03050040,,,,,,,14.08,14,7805.53759098,TASWIL5000020230907KABKOTA,Siak,,0.634194327848,6.48953973447,4326,4,,,Siak,Riau,,0,Bengkalis,,2023-08,0.7279218594460005,8,0.7279218594460005,VIIRS DNB,nW/cm2/sr,2023,"{""type"":""MultiPoint"",""coordinates"":[]}"
115_00000000000000000007,BA03050040,,,,,,,14.09,14,5457.8626224,TASWIL5000020230907KABKOTA,Kuantan Singingi,,0.443419280545,4.11162115584,4326,4,,,Kuantan Singingi,Riau,,0,Indragiri hulu,,2023-08,0.403734699568454,8,0.403734699568454,VIIRS DNB,nW/cm2/sr,2023,"{""type"":""MultiPoint"",""coordinates"":[]}"
115_00000000000000000008,BA03050040,,,,,,,14.05,14,13262.1130957,TASWIL5000020230907KABKOTA,Pelalawan,,1.077443852,7.46682963302,4326,4,,,Pelalawan,Riau,,0,Kampar,,2023-08,0.4470033825066675,8,0.4470033825066675,VIIRS DNB,nW/cm2/sr,2023,"{""type"":""MultiPoint"",""coordinates"":[]}"
115_0000000000000000000a,BA03050040,,,,,,,14.06,14,7658.14908776,TASWIL5000020230907KABKOTA,Rokan Hulu,,0.622243411779,6.12306366434,4326,4,,,Rokan Hulu,Riau,,0,Kampar,,2023-08,0.4063821700308032,8,0.4063821700308032,VIIRS DNB,nW/cm2/sr,2023,"{""type"":""MultiPoint"",""coordinates"":[]}"
115_00000000000000000006,BA03050040,,,,,,,14.71,14,638.331320853,TASWIL5000020230907KABKOTA,Kota Pekanbaru,,0.0518609743118,1.42760792315,4326,5,,,Kota Pekanbaru,Riau,,0,,,2023-08,6.387089658671541,8,6.387089658671541,VIIRS DNB,nW/cm2/sr,2023,"{""type"":""MultiPoint"",""coordinates"":[]}"
115_00000000000000000005,BA03050040,,,,,,,14.72,14,2059.61276209,TASWIL5000020230907KABKOTA,Kota Dumai,,0.167408051519,2.69322296248,4326,5,,,Kota Dumai,Riau,,0,Bengkalis,,2023-08,1.9166216342837261,8,1.9166216342837261,VIIRS DNB,nW/cm2/sr,2023,"{""type"":""MultiPoint"",""coordinates"":[]}"
116_00000000000000000000,BA03050040,,,,,,,14.03,14,8616.35798018,TASWIL5000020230907KABKOTA,Bengkalis,,0.700215051782,7.82147949106,4326,4,,,Bengkalis,Riau,,0,,,2023-09,0.746514888324579,9,0.746514888324579,VIIRS DNB,nW/cm2/sr,2023,"{""type"":""MultiPoint"",""coordinates"":[]}"
116_00000000000000000001,BA03050040,,,,,,,14.04,14,13521.2628347,TASWIL5000020230907KABKOTA,Indragiri Hilir,,1.09851042149,7.37231237531,4326,4,,,Indragiri Hilir,Riau,,0,,,2023-09,0.46890115764094364,9,0.46890115764094364,VIIRS DNB,nW/cm2/sr,2023,"{""type"":""MultiPoint"",""coordinates"":[]}"
116_00000000000000000002,BA03050040,,,,,,,14.02,14,7871.84968405,TASWIL5000020230907KABKOTA,Indragiri Hulu,,0.63955084852,4.58568097253,4326,4,,,Indragiri Hulu,Riau,,0,,,2023-09,0.5582506533776979,9,0.5582506533776979,VIIRS DNB,nW/cm2/sr,2023,"{""type"":""MultiPoint"",""coordinates"":[]}"
116_00000000000000000003,BA03050040,,,,,,,14.01,14,10352.8025325,TASWIL5000020230907KABKOTA,Kampar,,0.841096503879,7.83544312369,4326,4,,,Kampar,Riau,,0,,,2023-09,0.7440061221993876,9,0.7440061221993876,VIIRS DNB,nW/cm2/sr,2023,"{""type"":""MultiPoint"",""coordinates"":[]}"
116_00000000000000000004,BA03050040,,,,,,,14.10,14,3623.55847532,TASWIL5000020230907KABKOTA,Kepulauan Meranti,,0.294426091439,5.55830216947,4326,4,,,Kepulauan Meranti,Riau,,0,Bengkalis,,2023-09,0.5123294607218556,9,0.5123294607218556,VIIRS DNB,nW/cm2/sr,2023,"{""type"":""MultiPoint"",""coordinates"":[]}"
116_00000000000000000009,BA03050040,,,,,,,14.07,14,9068.45847884,TASWIL5000020230907KABKOTA,Rokan Hilir,,0.737081443501,6.32413452193,4326,4,,,Rokan Hilir,Riau,,0,Bengkalis,,2023-09,0.5785862601182703,9,0.5785862601182703,VIIRS DNB,nW/cm2/sr,2023,"{""type"":""MultiPoint"",""coordinates"":[]}"
116_0000000000000000000b,BA03050040,,,,,,,14.08,14,7805.53759098,TASWIL5000020230907KABKOTA,Siak,,0.634194327848,6.48953973447,4326,4,,,Siak,Riau,,0,Bengkalis,,2023-09,0.876189002256439,9,0.876189002256439,VIIRS DNB,nW/cm2/sr,2023,"{""type"":""MultiPoint"",""coordinates"":[]}"
116_00000000000000000007,BA03050040,,,,,,,14.09,14,5457.8626224,TASWIL5000020230907KABKOTA,Kuantan Singingi,,0.443419280545,4.11162115584,4326,4,,,Kuantan Singingi,Riau,,0,Indragiri hulu,,2023-09,0.5016047747349628,9,0.5016047747349628,VIIRS DNB,nW/cm2/sr,2023,"{""type"":""MultiPoint"",""coordinates"":[]}"
116_00000000000000000008,BA03050040,,,,,,,14.05,14,13262.1130957,TASWIL5000020230907KABKOTA,Pelalawan,,1.077443852,7.46682963302,4326,4,,,Pelalawan,Riau,,0,Kampar,,2023-09,0.5946293469793995,9,0.5946293469793995,VIIRS DNB,nW/cm2/sr,2023,"{""type"":""MultiPoint"",""coordinates"":[]}"
116_0000000000000000000a,BA03050040,,,,,,,14.06,14,7658.14908776,TASWIL5000020230907KABKOTA,Rokan Hulu,,0.622243411779,6.12306366434,4326,4,,,Rokan Hulu,Riau,,0,Kampar,,2023-09,0.5607271625322214,9,0.5607271625322214,VIIRS DNB,nW/cm2/sr,2023,"{""type"":""MultiPoint"",""coordinates"":[]}"
116_00000000000000000006,BA03050040,,,,,,,14.71,14,638.331320853,TASWIL5000020230907KABKOTA,Kota Pekanbaru,,0.0518609743118,1.42760792315,4326,5,,,Kota Pekanbaru,Riau,,0,,,2023-09,6.47884179509576,9,6.47884179509576,VIIRS DNB,nW/cm2/sr,2023,"{""type"":""MultiPoint"",""coordinates"":[]}"
116_00000000000000000005,BA03050040,,,,,,,14.72,14,2059.61276209,TASWIL5000020230907KABKOTA,Kota Dumai,,0.167408051519,2.69322296248,4326,5,,,Kota Dumai,Riau,,0,Bengkalis,,2023-09,2.4068420825301846,9,2.4068420825301846,VIIRS DNB,nW/cm2/sr,2023,"{""type"":""MultiPoint"",""coordinates"":[]}"
117_00000000000000000000,BA03050040,,,,,,,14.03,14,8616.35798018,TASWIL5000020230907KABKOTA,Bengkalis,,0.700215051782,7.82147949106,4326,4,,,Bengkalis,Riau,,0,,,2023-10,0.7231442801353023,10,0.7231442801353023,VIIRS DNB,nW/cm2/sr,2023,"{""type"":""MultiPoint"",""coordinates"":[]}"
117_00000000000000000001,BA03050040,,,,,,,14.04,14,13521.2628347,TASWIL5000020230907KABKOTA,Indragiri Hilir,,1.09851042149,7.37231237531,4326,4,,,Indragiri Hilir,Riau,,0,,,2023-10,0.3549437383959641,10,0.3549437383959641,VIIRS DNB,nW/cm2/sr,2023,"{""type"":""MultiPoint"",""coordinates"":[]}"
117_00000000000000000002,BA03050040,,,,,,,14.02,14,7871.84968405,TASWIL5000020230907KABKOTA,Indragiri Hulu,,0.63955084852,4.58568097253,4326,4,,,Indragiri Hulu,Riau,,0,,,2023-10,0.46269616569993066,10,0.46269616569993066,VIIRS DNB,nW/cm2/sr,2023,"{""type"":""MultiPoint"",""coordinates"":[]}"
117_00000000000000000003,BA03050040,,,,,,,14.01,14,10352.8025325,TASWIL5000020230907KABKOTA,Kampar,,0.841096503879,7.83544312369,4326,4,,,Kampar,Riau,,0,,,2023-10,0.6409819717555538,10,0.6409819717555538,VIIRS DNB,nW/cm2/sr,2023,"{""type"":""MultiPoint"",""coordinates"":[]}"
117_00000000000000000004,BA03050040,,,,,,,14.10,14,3623.55847532,TASWIL5000020230907KABKOTA,Kepulauan Meranti,,0.294426091439,5.55830216947,4326,4,,,Kepulauan Meranti,Riau,,0,Bengkalis,,2023-10,0.4055904286702666,10,0.4055904286702666,VIIRS DNB,nW/cm2/sr,2023,"{""type"":""MultiPoint"",""coordinates"":[]}"
117_00000000000000000009,BA03050040,,,,,,,14.07,14,9068.45847884,TASWIL5000020230907KABKOTA,Rokan Hilir,,0.737081443501,6.32413452193,4326,4,,,Rokan Hilir,Riau,,0,Bengkalis,,2023-10,0.45654871514548895,10,0.45654871514548895,VIIRS DNB,nW/cm2/sr,2023,"{""type"":""MultiPoint"",""coordinates"":[]}"
117_0000000000000000000b,BA03050040,,,,,,,14.08,14,7805.53759098,TASWIL5000020230907KABKOTA,Siak,,0.634194327848,6.48953973447,4326,4,,,Siak,Riau,,0,Bengkalis,,2023-10,0.7718368394392695,10,0.7718368394392695,VIIRS DNB,nW/cm2/sr,2023,"{""type"":""MultiPoint"",""coordinates"":[]}"
117_00000000000000000007,BA03050040,,,,,,,14.09,14,5457.8626224,TASWIL5000020230907KABKOTA,Kuantan Singingi,,0.443419280545,4.11162115584,4326,4,,,Kuantan Singingi,Riau,,0,Indragiri hulu,,2023-10,0.4031915736899567,10,0.4031915736899567,VIIRS DNB,nW/cm2/sr,2023,"{""type"":""MultiPoint"",""coordinates"":[]}"
117_00000000000000000008,BA03050040,,,,,,,14.05,14,13262.1130957,TASWIL5000020230907KABKOTA,Pelalawan,,1.077443852,7.46682963302,4326,4,,,Pelalawan,Riau,,0,Kampar,,2023-10,0.46145944427880736,10,0.46145944427880736,VIIRS DNB,nW/cm2/sr,2023,"{""type"":""MultiPoint"",""coordinates"":[]}"
117_0000000000000000000a,BA03050040,,,,,,,14.06,14,7658.14908776,TASWIL5000020230907KABKOTA,Rokan Hulu,,0.622243411779,6.12306366434,4326,4,,,Rokan Hulu,Riau,,0,Kampar,,2023-10,0.41402964126304953,10,0.41402964126304953,VIIRS DNB,nW/cm2/sr,2023,"{""type"":""MultiPoint"",""coordinates"":[]}"
117_00000000000000000006,BA03050040,,,,,,,14.71,14,638.331320853,TASWIL5000020230907KABKOTA,Kota Pekanbaru,,0.0518609743118,1.42760792315,4326,5,,,Kota Pekanbaru,Riau,,0,,,2023-10,6.038206250873693,10,6.038206250873693,VIIRS DNB,nW/cm2/sr,2023,"{""type"":""MultiPoint"",""coordinates"":[]}"
117_00000000000000000005,BA03050040,,,,,,,14.72,14,2059.61276209,TASWIL5000020230907KABKOTA,Kota Dumai,,0.167408051519,2.69322296248,4326,5,,,Kota Dumai,Riau,,0,Bengkalis,,2023-10,3.1019448911942136,10,3.1019448911942136,VIIRS DNB,nW/cm2/sr,2023,"{""type"":""MultiPoint"",""coordinates"":[]}"
118_00000000000000000000,BA03050040,,,,,,,14.03,14,8616.35798018,TASWIL5000020230907KABKOTA,Bengkalis,,0.700215051782,7.82147949106,4326,4,,,Bengkalis,Riau,,0,,,2023-11,0.4955508596740187,11,0.4955508596740187,VIIRS DNB,nW/cm2/sr,2023,"{""type"":""MultiPoint"",""coordinates"":[]}"
118_00000000000000000001,BA03050040,,,,,,,14.04,14,13521.2628347,TASWIL5000020230907KABKOTA,Indragiri Hilir,,1.09851042149,7.37231237531,4326,4,,,Indragiri Hilir,Riau,,0,,,2023-11,0.5664072543645006,11,0.5664072543645006,VIIRS DNB,nW/cm2/sr,2023,"{""type"":""MultiPoint"",""coordinates"":[]}"
118_00000000000000000002,BA03050040,,,,,,,14.02,14,7871.84968405,TASWIL5000020230907KABKOTA,Indragiri Hulu,,0.63955084852,4.58568097253,4326,4,,,Indragiri Hulu,Riau,,0,,,2023-11,0.6539012275216077,11,0.6539012275216077,VIIRS DNB,nW/cm2/sr,2023,"{""type"":""MultiPoint"",""coordinates"":[]}"
118_00000000000000000003,BA03050040,,,,,,,14.01,14,10352.8025325,TASWIL5000020230907KABKOTA,Kampar,,0.841096503879,7.83544312369,4326,4,,,Kampar,Riau,,0,,,2023-11,0.5415003986503775,11,0.5415003986503775,VIIRS DNB,nW/cm2/sr,2023,"{""type"":""MultiPoint"",""coordinates"":[]}"
118_00000000000000000004,BA03050040,,,,,,,14.10,14,3623.55847532,TASWIL5000020230907KABKOTA,Kepulauan Meranti,,0.294426091439,5.55830216947,4326,4,,,Kepulauan Meranti,Riau,,0,Bengkalis,,2023-11,0.3217886744721596,11,0.3217886744721596,VIIRS DNB,nW/cm2/sr,2023,"{""type"":""MultiPoint"",""coordinates"":[]}"
118_00000000000000000009,BA03050040,,,,,,,14.07,14,9068.45847884,TASWIL5000020230907KABKOTA,Rokan Hilir,,0.737081443501,6.32413452193,4326,4,,,Rokan Hilir,Riau,,0,Bengkalis,,2023-11,0.583909052691109,11,0.583909052691109,VIIRS DNB,nW/cm2/sr,2023,"{""type"":""MultiPoint"",""coordinates"":[]}"
118_0000000000000000000b,BA03050040,,,,,,,14.08,14,7805.53759098,TASWIL5000020230907KABKOTA,Siak,,0.634194327848,6.48953973447,4326,4,,,Siak,Riau,,0,Bengkalis,,2023-11,0.774439606902162,11,0.774439606902162,VIIRS DNB,nW/cm2/sr,2023,"{""type"":""MultiPoint"",""coordinates"":[]}"
118_00000000000000000007,BA03050040,,,,,,,14.09,14,5457.8626224,TASWIL5000020230907KABKOTA,Kuantan Singingi,,0.443419280545,4.11162115584,4326,4,,,Kuantan Singingi,Riau,,0,Indragiri hulu,,2023-11,0.6399806183417115,11,0.6399806183417115,VIIRS DNB,nW/cm2/sr,2023,"{""type"":""MultiPoint"",""coordinates"":[]}"
118_00000000000000000008,BA03050040,,,,,,,14.05,14,13262.1130957,TASWIL5000020230907KABKOTA,Pelalawan,,1.077443852,7.46682963302,4326,4,,,Pelalawan,Riau,,0,Kampar,,2023-11,0.7140181986198565,11,0.7140181986198565,VIIRS DNB,nW/cm2/sr,2023,"{""type"":""MultiPoint"",""coordinates"":[]}"
118_0000000000000000000a,BA03050040,,,,,,,14.06,14,7658.14908776,TASWIL5000020230907KABKOTA,Rokan Hulu,,0.622243411779,6.12306366434,4326,4,,,Rokan Hulu,Riau,,0,Kampar,,2023-11,0.5601151997845014,11,0.5601151997845014,VIIRS DNB,nW/cm2/sr,2023,"{""type"":""MultiPoint"",""coordinates"":[]}"
118_00000000000000000006,BA03050040,,,,,,,14.71,14,638.331320853,TASWIL5000020230907KABKOTA,Kota Pekanbaru,,0.0518609743118,1.42760792315,4326,5,,,Kota Pekanbaru,Riau,,0,,,2023-11,1.087758410492446,11,1.087758410492446,VIIRS DNB,nW/cm2/sr,2023,"{""type"":""MultiPoint"",""coordinates"":[]}"
118_00000000000000000005,BA03050040,,,,,,,14.72,14,2059.61276209,TASWIL5000020230907KABKOTA,Kota Dumai,,0.167408051519,2.69322296248,4326,5,,,Kota Dumai,Riau,,0,Bengkalis,,2023-11,0.2314877525522025,11,0.2314877525522025,VIIRS DNB,nW/cm2/sr,2023,"{""type"":""MultiPoint"",""coordinates"":[]}"
119_00000000000000000000,BA03050040,,,,,,,14.03,14,8616.35798018,TASWIL5000020230907KABKOTA,Bengkalis,,0.700215051782,7.82147949106,4326,4,,,Bengkalis,Riau,,0,,,2023-12,0.4765955284022464,12,0.4765955284022464,VIIRS DNB,nW/cm2/sr,2023,"{""type"":""MultiPoint"",""coordinates"":[]}"
119_00000000000000000001,BA03050040,,,,,,,14.04,14,13521.2628347,TASWIL5000020230907KABKOTA,Indragiri Hilir,,1.09851042149,7.37231237531,4326,4,,,Indragiri Hilir,Riau,,0,,,2023-12,0.22999695608002804,12,0.22999695608002804,VIIRS DNB,nW/cm2/sr,2023,"{""type"":""MultiPoint"",""coordinates"":[]}"
119_00000000000000000002,BA03050040,,,,,,,14.02,14,7871.84968405,TASWIL5000020230907KABKOTA,Indragiri Hulu,,0.63955084852,4.58568097253,4326,4,,,Indragiri Hulu,Riau,,0,,,2023-12,0.3689775877515518,12,0.3689775877515518,VIIRS DNB,nW/cm2/sr,2023,"{""type"":""MultiPoint"",""coordinates"":[]}"
119_00000000000000000003,BA03050040,,,,,,,14.01,14,10352.8025325,TASWIL5000020230907KABKOTA,Kampar,,0.841096503879,7.83544312369,4326,4,,,Kampar,Riau,,0,,,2023-12,0.4088836230852922,12,0.4088836230852922,VIIRS DNB,nW/cm2/sr,2023,"{""type"":""MultiPoint"",""coordinates"":[]}"
119_00000000000000000004,BA03050040,,,,,,,14.10,14,3623.55847532,TASWIL5000020230907KABKOTA,Kepulauan Meranti,,0.294426091439,5.55830216947,4326,4,,,Kepulauan Meranti,Riau,,0,Bengkalis,,2023-12,0.21223153070873452,12,0.21223153070873452,VIIRS DNB,nW/cm2/sr,2023,"{""type"":""MultiPoint"",""coordinates"":[]}"
119_00000000000000000009,BA03050040,,,,,,,14.07,14,9068.45847884,TASWIL5000020230907KABKOTA,Rokan Hilir,,0.737081443501,6.32413452193,4326,4,,,Rokan Hilir,Riau,,0,Bengkalis,,2023-12,0.28125130223342,12,0.28125130223342,VIIRS DNB,nW/cm2/sr,2023,"{""type"":""MultiPoint"",""coordinates"":[]}"
119_0000000000000000000b,BA03050040,,,,,,,14.08,14,7805.53759098,TASWIL5000020230907KABKOTA,Siak,,0.634194327848,6.48953973447,4326,4,,,Siak,Riau,,0,Bengkalis,,2023-12,0.6073494589038413,12,0.6073494589038413,VIIRS DNB,nW/cm2/sr,2023,"{""type"":""MultiPoint"",""coordinates"":[]}"
119_00000000000000000007,BA03050040,,,,,,,14.09,14,5457.8626224,TASWIL5000020230907KABKOTA,Kuantan Singingi,,0.443419280545,4.11162115584,4326,4,,,Kuantan Singingi,Riau,,0,Indragiri hulu,,2023-12,0.3863500149600836,12,0.3863500149600836,VIIRS DNB,nW/cm2/sr,2023,"{""type"":""MultiPoint"",""coordinates"":[]}"
119_00000000000000000008,BA03050040,,,,,,,14.05,14,13262.1130957,TASWIL5000020230907KABKOTA,Pelalawan,,1.077443852,7.46682963302,4326,4,,,Pelalawan,Riau,,0,Kampar,,2023-12,0.3689570855459208,12,0.3689570855459208,VIIRS DNB,nW/cm2/sr,2023,"{""type"":""MultiPoint"",""coordinates"":[]}"
119_0000000000000000000a,BA03050040,,,,,,,14.06,14,7658.14908776,TASWIL5000020230907KABKOTA,Rokan Hulu,,0.622243411779,6.12306366434,4326,4,,,Rokan Hulu,Riau,,0,Kampar,,2023-12,0.3187732404848407,12,0.3187732404848407,VIIRS DNB,nW/cm2/sr,2023,"{""type"":""MultiPoint"",""coordinates"":[]}"
119_00000000000000000006,BA03050040,,,,,,,14.71,14,638.331320853,TASWIL5000020230907KABKOTA,Kota Pekanbaru,,0.0518609743118,1.42760792315,4326,5,,,Kota Pekanbaru,Riau,,0,,,2023-12,3.6345319560305738,12,3.6345319560305738,VIIRS DNB,nW/cm2/sr,2023,"{""type"":""MultiPoint"",""coordinates"":[]}"
119_00000000000000000005,BA03050040,,,,,,,14.72,14,2059.61276209,TASWIL5000020230907KABKOTA,Kota Dumai,,0.167408051519,2.69322296248,4326,5,,,Kota Dumai,Riau,,0,Bengkalis,,2023-12,0.7899028387158241,12,0.7899028387158241,VIIRS DNB,nW/cm2/sr,2023,"{""type"":""MultiPoint"",""coordinates"":[]}"
120_00000000000000000000,BA03050040,,,,,,,14.03,14,8616.35798018,TASWIL5000020230907KABKOTA,Bengkalis,,0.700215051782,7.82147949106,4326,4,,,Bengkalis,Riau,,0,,,2024-01,0.0913991582729341,1,0.0913991582729341,VIIRS DNB,nW/cm2/sr,2024,"{""type"":""MultiPoint"",""coordinates"":[]}"
120_00000000000000000001,BA03050040,,,,,,,14.04,14,13521.2628347,TASWIL5000020230907KABKOTA,Indragiri Hilir,,1.09851042149,7.37231237531,4326,4,,,Indragiri Hilir,Riau,,0,,,2024-01,0.03913767339944643,1,0.03913767339944643,VIIRS DNB,nW/cm2/sr,2024,"{""type"":""MultiPoint"",""coordinates"":[]}"
120_00000000000000000002,BA03050040,,,,,,,14.02,14,7871.84968405,TASWIL5000020230907KABKOTA,Indragiri Hulu,,0.63955084852,4.58568097253,4326,4,,,Indragiri Hulu,Riau,,0,,,2024-01,0.061892014972002675,1,0.061892014972002675,VIIRS DNB,nW/cm2/sr,2024,"{""type"":""MultiPoint"",""coordinates"":[]}"
120_00000000000000000003,BA03050040,,,,,,,14.01,14,10352.8025325,TASWIL5000020230907KABKOTA,Kampar,,0.841096503879,7.83544312369,4326,4,,,Kampar,Riau,,0,,,2024-01,0.07541411038996872,1,0.07541411038996872,VIIRS DNB,nW/cm2/sr,2024,"{""type"":""MultiPoint"",""coordinates"":[]}"
120_00000000000000000004,BA03050040,,,,,,,14.10,14,3623.55847532,TASWIL5000020230907KABKOTA,Kepulauan Meranti,,0.294426091439,5.55830216947,4326,4,,,Kepulauan Meranti,Riau,,0,Bengkalis,,2024-01,9.873792259786432E-4,1,9.873792259786432E-4,VIIRS DNB,nW/cm2/sr,2024,"{""type"":""MultiPoint"",""coordinates"":[]}"
120_00000000000000000009,BA03050040,,,,,,,14.07,14,9068.45847884,TASWIL5000020230907KABKOTA,Rokan Hilir,,0.737081443501,6.32413452193,4326,4,,,Rokan Hilir,Riau,,0,Bengkalis,,2024-01,0.15611355551716016,1,0.15611355551716016,VIIRS DNB,nW/cm2/sr,2024,"{""type"":""MultiPoint"",""coordinates"":[]}"
120_0000000000000000000b,BA03050040,,,,,,,14.08,14,7805.53759098,TASWIL5000020230907KABKOTA,Siak,,0.634194327848,6.48953973447,4326,4,,,Siak,Riau,,0,Bengkalis,,2024-01,0.017932041029523893,1,0.017932041029523893,VIIRS DNB,nW/cm2/sr,2024,"{""type"":""MultiPoint"",""coordinates"":[]}"
120_00000000000000000007,BA03050040,,,,,,,14.09,14,5457.8626224,TASWIL5000020230907KABKOTA,Kuantan Singingi,,0.443419280545,4.11162115584,4326,4,,,Kuantan Singingi,Riau,,0,Indragiri hulu,,2024-01,0.022949952739696102,1,0.022949952739696102,VIIRS DNB,nW/cm2/sr,2024,"{""type"":""MultiPoint"",""coordinates"":[]}"
120_00000000000000000008,BA03050040,,,,,,,14.05,14,13262.1130957,TASWIL5000020230907KABKOTA,Pelalawan,,1.077443852,7.46682963302,4326,4,,,Pelalawan,Riau,,0,Kampar,,2024-01,0.11228660858375254,1,0.11228660858375254,VIIRS DNB,nW/cm2/sr,2024,"{""type"":""MultiPoint"",""coordinates"":[]}"
120_0000000000000000000a,BA03050040,,,,,,,14.06,14,7658.14908776,TASWIL5000020230907KABKOTA,Rokan Hulu,,0.622243411779,6.12306366434,4326,4,,,Rokan Hulu,Riau,,0,Kampar,,2024-01,0.04448182285159018,1,0.04448182285159018,VIIRS DNB,nW/cm2/sr,2024,"{""type"":""MultiPoint"",""coordinates"":[]}"
120_00000000000000000006,BA03050040,,,,,,,14.71,14,638.331320853,TASWIL5000020230907KABKOTA,Kota Pekanbaru,,0.0518609743118,1.42760792315,4326,5,,,Kota Pekanbaru,Riau,,0,,,2024-01,1.367864894058925E-4,1,1.367864894058925E-4,VIIRS DNB,nW/cm2/sr,2024,"{""type"":""MultiPoint"",""coordinates"":[]}"
120_00000000000000000005,BA03050040,,,,,,,14.72,14,2059.61276209,TASWIL5000020230907KABKOTA,Kota Dumai,,0.167408051519,2.69322296248,4326,5,,,Kota Dumai,Riau,,0,Bengkalis,,2024-01,0.19570516392991516,1,0.19570516392991516,VIIRS DNB,nW/cm2/sr,2024,"{""type"":""MultiPoint"",""coordinates"":[]}"
121_00000000000000000000,BA03050040,,,,,,,14.03,14,8616.35798018,TASWIL5000020230907KABKOTA,Bengkalis,,0.700215051782,7.82147949106,4326,4,,,Bengkalis,Riau,,0,,,2024-02,0.6212690291562634,2,0.6212690291562634,VIIRS DNB,nW/cm2/sr,2024,"{""type"":""MultiPoint"",""coordinates"":[]}"
121_00000000000000000001,BA03050040,,,,,,,14.04,14,13521.2628347,TASWIL5000020230907KABKOTA,Indragiri Hilir,,1.09851042149,7.37231237531,4326,4,,,Indragiri Hilir,Riau,,0,,,2024-02,0.23013547783359503,2,0.23013547783359503,VIIRS DNB,nW/cm2/sr,2024,"{""type"":""MultiPoint"",""coordinates"":[]}"
121_00000000000000000002,BA03050040,,,,,,,14.02,14,7871.84968405,TASWIL5000020230907KABKOTA,Indragiri Hulu,,0.63955084852,4.58568097253,4326,4,,,Indragiri Hulu,Riau,,0,,,2024-02,0.22368441627729074,2,0.22368441627729074,VIIRS DNB,nW/cm2/sr,2024,"{""type"":""MultiPoint"",""coordinates"":[]}"
121_00000000000000000003,BA03050040,,,,,,,14.01,14,10352.8025325,TASWIL5000020230907KABKOTA,Kampar,,0.841096503879,7.83544312369,4326,4,,,Kampar,Riau,,0,,,2024-02,0.45064051717820935,2,0.45064051717820935,VIIRS DNB,nW/cm2/sr,2024,"{""type"":""MultiPoint"",""coordinates"":[]}"
121_00000000000000000004,BA03050040,,,,,,,14.10,14,3623.55847532,TASWIL5000020230907KABKOTA,Kepulauan Meranti,,0.294426091439,5.55830216947,4326,4,,,Kepulauan Meranti,Riau,,0,Bengkalis,,2024-02,0.30628561846555563,2,0.30628561846555563,VIIRS DNB,nW/cm2/sr,2024,"{""type"":""MultiPoint"",""coordinates"":[]}"
121_00000000000000000009,BA03050040,,,,,,,14.07,14,9068.45847884,TASWIL5000020230907KABKOTA,Rokan Hilir,,0.737081443501,6.32413452193,4326,4,,,Rokan Hilir,Riau,,0,Bengkalis,,2024-02,0.4632855690349185,2,0.4632855690349185,VIIRS DNB,nW/cm2/sr,2024,"{""type"":""MultiPoint"",""coordinates"":[]}"
121_0000000000000000000b,BA03050040,,,,,,,14.08,14,7805.53759098,TASWIL5000020230907KABKOTA,Siak,,0.634194327848,6.48953973447,4326,4,,,Siak,Riau,,0,Bengkalis,,2024-02,0.6889853337913434,2,0.6889853337913434,VIIRS DNB,nW/cm2/sr,2024,"{""type"":""MultiPoint"",""coordinates"":[]}"
121_00000000000000000007,BA03050040,,,,,,,14.09,14,5457.8626224,TASWIL5000020230907KABKOTA,Kuantan Singingi,,0.443419280545,4.11162115584,4326,4,,,Kuantan Singingi,Riau,,0,Indragiri hulu,,2024-02,0.28933814211707387,2,0.28933814211707387,VIIRS DNB,nW/cm2/sr,2024,"{""type"":""MultiPoint"",""coordinates"":[]}"
121_00000000000000000008,BA03050040,,,,,,,14.05,14,13262.1130957,TASWIL5000020230907KABKOTA,Pelalawan,,1.077443852,7.46682963302,4326,4,,,Pelalawan,Riau,,0,Kampar,,2024-02,0.3555721336972465,2,0.3555721336972465,VIIRS DNB,nW/cm2/sr,2024,"{""type"":""MultiPoint"",""coordinates"":[]}"
121_0000000000000000000a,BA03050040,,,,,,,14.06,14,7658.14908776,TASWIL5000020230907KABKOTA,Rokan Hulu,,0.622243411779,6.12306366434,4326,4,,,Rokan Hulu,Riau,,0,Kampar,,2024-02,0.36796072542537317,2,0.36796072542537317,VIIRS DNB,nW/cm2/sr,2024,"{""type"":""MultiPoint"",""coordinates"":[]}"
121_00000000000000000006,BA03050040,,,,,,,14.71,14,638.331320853,TASWIL5000020230907KABKOTA,Kota Pekanbaru,,0.0518609743118,1.42760792315,4326,5,,,Kota Pekanbaru,Riau,,0,,,2024-02,5.460131692796175,2,5.460131692796175,VIIRS DNB,nW/cm2/sr,2024,"{""type"":""MultiPoint"",""coordinates"":[]}"
121_00000000000000000005,BA03050040,,,,,,,14.72,14,2059.61276209,TASWIL5000020230907KABKOTA,Kota Dumai,,0.167408051519,2.69322296248,4326,5,,,Kota Dumai,Riau,,0,Bengkalis,,2024-02,1.3263387273556346,2,1.3263387273556346,VIIRS DNB,nW/cm2/sr,2024,"{""type"":""MultiPoint"",""coordinates"":[]}"
122_00000000000000000000,BA03050040,,,,,,,14.03,14,8616.35798018,TASWIL5000020230907KABKOTA,Bengkalis,,0.700215051782,7.82147949106,4326,4,,,Bengkalis,Riau,,0,,,2024-03,0.7311405333466264,3,0.7311405333466264,VIIRS DNB,nW/cm2/sr,2024,"{""type"":""MultiPoint"",""coordinates"":[]}"
122_00000000000000000001,BA03050040,,,,,,,14.04,14,13521.2628347,TASWIL5000020230907KABKOTA,Indragiri Hilir,,1.09851042149,7.37231237531,4326,4,,,Indragiri Hilir,Riau,,0,,,2024-03,0.440764574820068,3,0.440764574820068,VIIRS DNB,nW/cm2/sr,2024,"{""type"":""MultiPoint"",""coordinates"":[]}"
122_00000000000000000002,BA03050040,,,,,,,14.02,14,7871.84968405,TASWIL5000020230907KABKOTA,Indragiri Hulu,,0.63955084852,4.58568097253,4326,4,,,Indragiri Hulu,Riau,,0,,,2024-03,0.4601818185233194,3,0.4601818185233194,VIIRS DNB,nW/cm2/sr,2024,"{""type"":""MultiPoint"",""coordinates"":[]}"
122_00000000000000000003,BA03050040,,,,,,,14.01,14,10352.8025325,TASWIL5000020230907KABKOTA,Kampar,,0.841096503879,7.83544312369,4326,4,,,Kampar,Riau,,0,,,2024-03,0.6976795733473122,3,0.6976795733473122,VIIRS DNB,nW/cm2/sr,2024,"{""type"":""MultiPoint"",""coordinates"":[]}"
122_00000000000000000004,BA03050040,,,,,,,14.10,14,3623.55847532,TASWIL5000020230907KABKOTA,Kepulauan Meranti,,0.294426091439,5.55830216947,4326,4,,,Kepulauan Meranti,Riau,,0,Bengkalis,,2024-03,0.48756787674137675,3,0.48756787674137675,VIIRS DNB,nW/cm2/sr,2024,"{""type"":""MultiPoint"",""coordinates"":[]}"
122_00000000000000000009,BA03050040,,,,,,,14.07,14,9068.45847884,TASWIL5000020230907KABKOTA,Rokan Hilir,,0.737081443501,6.32413452193,4326,4,,,Rokan Hilir,Riau,,0,Bengkalis,,2024-03,0.6059327571758362,3,0.6059327571758362,VIIRS DNB,nW/cm2/sr,2024,"{""type"":""MultiPoint"",""coordinates"":[]}"
122_0000000000000000000b,BA03050040,,,,,,,14.08,14,7805.53759098,TASWIL5000020230907KABKOTA,Siak,,0.634194327848,6.48953973447,4326,4,,,Siak,Riau,,0,Bengkalis,,2024-03,0.792890984947825,3,0.792890984947825,VIIRS DNB,nW/cm2/sr,2024,"{""type"":""MultiPoint"",""coordinates"":[]}"
122_00000000000000000007,BA03050040,,,,,,,14.09,14,5457.8626224,TASWIL5000020230907KABKOTA,Kuantan Singingi,,0.443419280545,4.11162115584,4326,4,,,Kuantan Singingi,Riau,,0,Indragiri hulu,,2024-03,0.40728136882583205,3,0.40728136882583205,VIIRS DNB,nW/cm2/sr,2024,"{""type"":""MultiPoint"",""coordinates"":[]}"
122_00000000000000000008,BA03050040,,,,,,,14.05,14,13262.1130957,TASWIL5000020230907KABKOTA,Pelalawan,,1.077443852,7.46682963302,4326,4,,,Pelalawan,Riau,,0,Kampar,,2024-03,0.4969638680104183,3,0.4969638680104183,VIIRS DNB,nW/cm2/sr,2024,"{""type"":""MultiPoint"",""coordinates"":[]}"
122_0000000000000000000a,BA03050040,,,,,,,14.06,14,7658.14908776,TASWIL5000020230907KABKOTA,Rokan Hulu,,0.622243411779,6.12306366434,4326,4,,,Rokan Hulu,Riau,,0,Kampar,,2024-03,0.5269412713890039,3,0.5269412713890039,VIIRS DNB,nW/cm2/sr,2024,"{""type"":""MultiPoint"",""coordinates"":[]}"
122_00000000000000000006,BA03050040,,,,,,,14.71,14,638.331320853,TASWIL5000020230907KABKOTA,Kota Pekanbaru,,0.0518609743118,1.42760792315,4326,5,,,Kota Pekanbaru,Riau,,0,,,2024-03,5.977149518374979,3,5.977149518374979,VIIRS DNB,nW/cm2/sr,2024,"{""type"":""MultiPoint"",""coordinates"":[]}"
122_00000000000000000005,BA03050040,,,,,,,14.72,14,2059.61276209,TASWIL5000020230907KABKOTA,Kota Dumai,,0.167408051519,2.69322296248,4326,5,,,Kota Dumai,Riau,,0,Bengkalis,,2024-03,1.7467087799782333,3,1.7467087799782333,VIIRS DNB,nW/cm2/sr,2024,"{""type"":""MultiPoint"",""coordinates"":[]}"
123_00000000000000000000,BA03050040,,,,,,,14.03,14,8616.35798018,TASWIL5000020230907KABKOTA,Bengkalis,,0.700215051782,7.82147949106,4326,4,,,Bengkalis,Riau,,0,,,2024-04,0.7924964651026021,4,0.7924964651026021,VIIRS DNB,nW/cm2/sr,2024,"{""type"":""MultiPoint"",""coordinates"":[]}"
123_00000000000000000001,BA03050040,,,,,,,14.04,14,13521.2628347,TASWIL5000020230907KABKOTA,Indragiri Hilir,,1.09851042149,7.37231237531,4326,4,,,Indragiri Hilir,Riau,,0,,,2024-04,0.28954738297758437,4,0.28954738297758437,VIIRS DNB,nW/cm2/sr,2024,"{""type"":""MultiPoint"",""coordinates"":[]}"
123_00000000000000000002,BA03050040,,,,,,,14.02,14,7871.84968405,TASWIL5000020230907KABKOTA,Indragiri Hulu,,0.63955084852,4.58568097253,4326,4,,,Indragiri Hulu,Riau,,0,,,2024-04,0.5181345376322742,4,0.5181345376322742,VIIRS DNB,nW/cm2/sr,2024,"{""type"":""MultiPoint"",""coordinates"":[]}"
123_00000000000000000003,BA03050040,,,,,,,14.01,14,10352.8025325,TASWIL5000020230907KABKOTA,Kampar,,0.841096503879,7.83544312369,4326,4,,,Kampar,Riau,,0,,,2024-04,0.7892472633042562,4,0.7892472633042562,VIIRS DNB,nW/cm2/sr,2024,"{""type"":""MultiPoint"",""coordinates"":[]}"
123_00000000000000000004,BA03050040,,,,,,,14.10,14,3623.55847532,TASWIL5000020230907KABKOTA,Kepulauan Meranti,,0.294426091439,5.55830216947,4326,4,,,Kepulauan Meranti,Riau,,0,Bengkalis,,2024-04,0.5176862329135651,4,0.5176862329135651,VIIRS DNB,nW/cm2/sr,2024,"{""type"":""MultiPoint"",""coordinates"":[]}"
123_00000000000000000009,BA03050040,,,,,,,14.07,14,9068.45847884,TASWIL5000020230907KABKOTA,Rokan Hilir,,0.737081443501,6.32413452193,4326,4,,,Rokan Hilir,Riau,,0,Bengkalis,,2024-04,0.5750632698364394,4,0.5750632698364394,VIIRS DNB,nW/cm2/sr,2024,"{""type"":""MultiPoint"",""coordinates"":[]}"
123_0000000000000000000b,BA03050040,,,,,,,14.08,14,7805.53759098,TASWIL5000020230907KABKOTA,Siak,,0.634194327848,6.48953973447,4326,4,,,Siak,Riau,,0,Bengkalis,,2024-04,0.9164795009716276,4,0.9164795009716276,VIIRS DNB,nW/cm2/sr,2024,"{""type"":""MultiPoint"",""coordinates"":[]}"
123_00000000000000000007,BA03050040,,,,,,,14.09,14,5457.8626224,TASWIL5000020230907KABKOTA,Kuantan Singingi,,0.443419280545,4.11162115584,4326,4,,,Kuantan Singingi,Riau,,0,Indragiri hulu,,2024-04,0.5764877781441996,4,0.5764877781441996,VIIRS DNB,nW/cm2/sr,2024,"{""type"":""MultiPoint"",""coordinates"":[]}"
123_00000000000000000008,BA03050040,,,,,,,14.05,14,13262.1130957,TASWIL5000020230907KABKOTA,Pelalawan,,1.077443852,7.46682963302,4326,4,,,Pelalawan,Riau,,0,Kampar,,2024-04,0.5907722374808926,4,0.5907722374808926,VIIRS DNB,nW/cm2/sr,2024,"{""type"":""MultiPoint"",""coordinates"":[]}"
123_0000000000000000000a,BA03050040,,,,,,,14.06,14,7658.14908776,TASWIL5000020230907KABKOTA,Rokan Hulu,,0.622243411779,6.12306366434,4326,4,,,Rokan Hulu,Riau,,0,Kampar,,2024-04,0.6580421987199823,4,0.6580421987199823,VIIRS DNB,nW/cm2/sr,2024,"{""type"":""MultiPoint"",""coordinates"":[]}"
123_00000000000000000006,BA03050040,,,,,,,14.71,14,638.331320853,TASWIL5000020230907KABKOTA,Kota Pekanbaru,,0.0518609743118,1.42760792315,4326,5,,,Kota Pekanbaru,Riau,,0,,,2024-04,6.42730356235764,4,6.42730356235764,VIIRS DNB,nW/cm2/sr,2024,"{""type"":""MultiPoint"",""coordinates"":[]}"
123_00000000000000000005,BA03050040,,,,,,,14.72,14,2059.61276209,TASWIL5000020230907KABKOTA,Kota Dumai,,0.167408051519,2.69322296248,4326,5,,,Kota Dumai,Riau,,0,Bengkalis,,2024-04,1.1459723068414265,4,1.1459723068414265,VIIRS DNB,nW/cm2/sr,2024,"{""type"":""MultiPoint"",""coordinates"":[]}"
124_00000000000000000000,BA03050040,,,,,,,14.03,14,8616.35798018,TASWIL5000020230907KABKOTA,Bengkalis,,0.700215051782,7.82147949106,4326,4,,,Bengkalis,Riau,,0,,,2024-05,0.7425164808352197,5,0.7425164808352197,VIIRS DNB,nW/cm2/sr,2024,"{""type"":""MultiPoint"",""coordinates"":[]}"
124_00000000000000000001,BA03050040,,,,,,,14.04,14,13521.2628347,TASWIL5000020230907KABKOTA,Indragiri Hilir,,1.09851042149,7.37231237531,4326,4,,,Indragiri Hilir,Riau,,0,,,2024-05,0.34377545462491776,5,0.34377545462491776,VIIRS DNB,nW/cm2/sr,2024,"{""type"":""MultiPoint"",""coordinates"":[]}"
124_00000000000000000002,BA03050040,,,,,,,14.02,14,7871.84968405,TASWIL5000020230907KABKOTA,Indragiri Hulu,,0.63955084852,4.58568097253,4326,4,,,Indragiri Hulu,Riau,,0,,,2024-05,0.4341829590620416,5,0.4341829590620416,VIIRS DNB,nW/cm2/sr,2024,"{""type"":""MultiPoint"",""coordinates"":[]}"
124_00000000000000000003,BA03050040,,,,,,,14.01,14,10352.8025325,TASWIL5000020230907KABKOTA,Kampar,,0.841096503879,7.83544312369,4326,4,,,Kampar,Riau,,0,,,2024-05,0.3686852710522952,5,0.3686852710522952,VIIRS DNB,nW/cm2/sr,2024,"{""type"":""MultiPoint"",""coordinates"":[]}"
124_00000000000000000004,BA03050040,,,,,,,14.10,14,3623.55847532,TASWIL5000020230907KABKOTA,Kepulauan Meranti,,0.294426091439,5.55830216947,4326,4,,,Kepulauan Meranti,Riau,,0,Bengkalis,,2024-05,0.4517686342343562,5,0.4517686342343562,VIIRS DNB,nW/cm2/sr,2024,"{""type"":""MultiPoint"",""coordinates"":[]}"
124_00000000000000000009,BA03050040,,,,,,,14.07,14,9068.45847884,TASWIL5000020230907KABKOTA,Rokan Hilir,,0.737081443501,6.32413452193,4326,4,,,Rokan Hilir,Riau,,0,Bengkalis,,2024-05,0.5158062116267677,5,0.5158062116267677,VIIRS DNB,nW/cm2/sr,2024,"{""type"":""MultiPoint"",""coordinates"":[]}"
124_0000000000000000000b,BA03050040,,,,,,,14.08,14,7805.53759098,TASWIL5000020230907KABKOTA,Siak,,0.634194327848,6.48953973447,4326,4,,,Siak,Riau,,0,Bengkalis,,2024-05,0.6703109734127737,5,0.6703109734127737,VIIRS DNB,nW/cm2/sr,2024,"{""type"":""MultiPoint"",""coordinates"":[]}"
124_00000000000000000007,BA03050040,,,,,,,14.09,14,5457.8626224,TASWIL5000020230907KABKOTA,Kuantan Singingi,,0.443419280545,4.11162115584,4326,4,,,Kuantan Singingi,Riau,,0,Indragiri hulu,,2024-05,0.3908053371065103,5,0.3908053371065103,VIIRS DNB,nW/cm2/sr,2024,"{""type"":""MultiPoint"",""coordinates"":[]}"
124_00000000000000000008,BA03050040,,,,,,,14.05,14,13262.1130957,TASWIL5000020230907KABKOTA,Pelalawan,,1.077443852,7.46682963302,4326,4,,,Pelalawan,Riau,,0,Kampar,,2024-05,0.45134523436456886,5,0.45134523436456886,VIIRS DNB,nW/cm2/sr,2024,"{""type"":""MultiPoint"",""coordinates"":[]}"
124_0000000000000000000a,BA03050040,,,,,,,14.06,14,7658.14908776,TASWIL5000020230907KABKOTA,Rokan Hulu,,0.622243411779,6.12306366434,4326,4,,,Rokan Hulu,Riau,,0,Kampar,,2024-05,0.15383385926646082,5,0.15383385926646082,VIIRS DNB,nW/cm2/sr,2024,"{""type"":""MultiPoint"",""coordinates"":[]}"
124_00000000000000000006,BA03050040,,,,,,,14.71,14,638.331320853,TASWIL5000020230907KABKOTA,Kota Pekanbaru,,0.0518609743118,1.42760792315,4326,5,,,Kota Pekanbaru,Riau,,0,,,2024-05,3.257323380845341,5,3.257323380845341,VIIRS DNB,nW/cm2/sr,2024,"{""type"":""MultiPoint"",""coordinates"":[]}"
124_00000000000000000005,BA03050040,,,,,,,14.72,14,2059.61276209,TASWIL5000020230907KABKOTA,Kota Dumai,,0.167408051519,2.69322296248,4326,5,,,Kota Dumai,Riau,,0,Bengkalis,,2024-05,1.7589851826819594,5,1.7589851826819594,VIIRS DNB,nW/cm2/sr,2024,"{""type"":""MultiPoint"",""coordinates"":[]}"
125_00000000000000000000,BA03050040,,,,,,,14.03,14,8616.35798018,TASWIL5000020230907KABKOTA,Bengkalis,,0.700215051782,7.82147949106,4326,4,,,Bengkalis,Riau,,0,,,2024-06,0.7646812945330876,6,0.7646812945330876,VIIRS DNB,nW/cm2/sr,2024,"{""type"":""MultiPoint"",""coordinates"":[]}"
125_00000000000000000001,BA03050040,,,,,,,14.04,14,13521.2628347,TASWIL5000020230907KABKOTA,Indragiri Hilir,,1.09851042149,7.37231237531,4326,4,,,Indragiri Hilir,Riau,,0,,,2024-06,0.4083404553385071,6,0.4083404553385071,VIIRS DNB,nW/cm2/sr,2024,"{""type"":""MultiPoint"",""coordinates"":[]}"
125_00000000000000000002,BA03050040,,,,,,,14.02,14,7871.84968405,TASWIL5000020230907KABKOTA,Indragiri Hulu,,0.63955084852,4.58568097253,4326,4,,,Indragiri Hulu,Riau,,0,,,2024-06,0.5144644562045655,6,0.5144644562045655,VIIRS DNB,nW/cm2/sr,2024,"{""type"":""MultiPoint"",""coordinates"":[]}"
125_00000000000000000003,BA03050040,,,,,,,14.01,14,10352.8025325,TASWIL5000020230907KABKOTA,Kampar,,0.841096503879,7.83544312369,4326,4,,,Kampar,Riau,,0,,,2024-06,0.7114662109892903,6,0.7114662109892903,VIIRS DNB,nW/cm2/sr,2024,"{""type"":""MultiPoint"",""coordinates"":[]}"
125_00000000000000000004,BA03050040,,,,,,,14.10,14,3623.55847532,TASWIL5000020230907KABKOTA,Kepulauan Meranti,,0.294426091439,5.55830216947,4326,4,,,Kepulauan Meranti,Riau,,0,Bengkalis,,2024-06,0.44032414131682257,6,0.44032414131682257,VIIRS DNB,nW/cm2/sr,2024,"{""type"":""MultiPoint"",""coordinates"":[]}"
125_00000000000000000009,BA03050040,,,,,,,14.07,14,9068.45847884,TASWIL5000020230907KABKOTA,Rokan Hilir,,0.737081443501,6.32413452193,4326,4,,,Rokan Hilir,Riau,,0,Bengkalis,,2024-06,0.5893526421925065,6,0.5893526421925065,VIIRS DNB,nW/cm2/sr,2024,"{""type"":""MultiPoint"",""coordinates"":[]}"
125_0000000000000000000b,BA03050040,,,,,,,14.08,14,7805.53759098,TASWIL5000020230907KABKOTA,Siak,,0.634194327848,6.48953973447,4326,4,,,Siak,Riau,,0,Bengkalis,,2024-06,0.7528123214708189,6,0.7528123214708189,VIIRS DNB,nW/cm2/sr,2024,"{""type"":""MultiPoint"",""coordinates"":[]}"
125_00000000000000000007,BA03050040,,,,,,,14.09,14,5457.8626224,TASWIL5000020230907KABKOTA,Kuantan Singingi,,0.443419280545,4.11162115584,4326,4,,,Kuantan Singingi,Riau,,0,Indragiri hulu,,2024-06,0.46962220541194327,6,0.46962220541194327,VIIRS DNB,nW/cm2/sr,2024,"{""type"":""MultiPoint"",""coordinates"":[]}"
125_00000000000000000008,BA03050040,,,,,,,14.05,14,13262.1130957,TASWIL5000020230907KABKOTA,Pelalawan,,1.077443852,7.46682963302,4326,4,,,Pelalawan,Riau,,0,Kampar,,2024-06,0.5149745715706419,6,0.5149745715706419,VIIRS DNB,nW/cm2/sr,2024,"{""type"":""MultiPoint"",""coordinates"":[]}"
125_0000000000000000000a,BA03050040,,,,,,,14.06,14,7658.14908776,TASWIL5000020230907KABKOTA,Rokan Hulu,,0.622243411779,6.12306366434,4326,4,,,Rokan Hulu,Riau,,0,Kampar,,2024-06,0.5801735718623305,6,0.5801735718623305,VIIRS DNB,nW/cm2/sr,2024,"{""type"":""MultiPoint"",""coordinates"":[]}"
125_00000000000000000006,BA03050040,,,,,,,14.71,14,638.331320853,TASWIL5000020230907KABKOTA,Kota Pekanbaru,,0.0518609743118,1.42760792315,4326,5,,,Kota Pekanbaru,Riau,,0,,,2024-06,5.64878978022352,6,5.64878978022352,VIIRS DNB,nW/cm2/sr,2024,"{""type"":""MultiPoint"",""coordinates"":[]}"
125_00000000000000000005,BA03050040,,,,,,,14.72,14,2059.61276209,TASWIL5000020230907KABKOTA,Kota Dumai,,0.167408051519,2.69322296248,4326,5,,,Kota Dumai,Riau,,0,Bengkalis,,2024-06,1.3566589231988369,6,1.3566589231988369,VIIRS DNB,nW/cm2/sr,2024,"{""type"":""MultiPoint"",""coordinates"":[]}"
126_00000000000000000000,BA03050040,,,,,,,14.03,14,8616.35798018,TASWIL5000020230907KABKOTA,Bengkalis,,0.700215051782,7.82147949106,4326,4,,,Bengkalis,Riau,,0,,,2024-07,0.7699046387684577,7,0.7699046387684577,VIIRS DNB,nW/cm2/sr,2024,"{""type"":""MultiPoint"",""coordinates"":[]}"
126_00000000000000000001,BA03050040,,,,,,,14.04,14,13521.2628347,TASWIL5000020230907KABKOTA,Indragiri Hilir,,1.09851042149,7.37231237531,4326,4,,,Indragiri Hilir,Riau,,0,,,2024-07,0.45112413263195966,7,0.45112413263195966,VIIRS DNB,nW/cm2/sr,2024,"{""type"":""MultiPoint"",""coordinates"":[]}"
126_00000000000000000002,BA03050040,,,,,,,14.02,14,7871.84968405,TASWIL5000020230907KABKOTA,Indragiri Hulu,,0.63955084852,4.58568097253,4326,4,,,Indragiri Hulu,Riau,,0,,,2024-07,0.5712696756974398,7,0.5712696756974398,VIIRS DNB,nW/cm2/sr,2024,"{""type"":""MultiPoint"",""coordinates"":[]}"
126_00000000000000000003,BA03050040,,,,,,,14.01,14,10352.8025325,TASWIL5000020230907KABKOTA,Kampar,,0.841096503879,7.83544312369,4326,4,,,Kampar,Riau,,0,,,2024-07,0.6747747930676975,7,0.6747747930676975,VIIRS DNB,nW/cm2/sr,2024,"{""type"":""MultiPoint"",""coordinates"":[]}"
126_00000000000000000004,BA03050040,,,,,,,14.10,14,3623.55847532,TASWIL5000020230907KABKOTA,Kepulauan Meranti,,0.294426091439,5.55830216947,4326,4,,,Kepulauan Meranti,Riau,,0,Bengkalis,,2024-07,0.4562027934469564,7,0.4562027934469564,VIIRS DNB,nW/cm2/sr,2024,"{""type"":""MultiPoint"",""coordinates"":[]}"
126_00000000000000000009,BA03050040,,,,,,,14.07,14,9068.45847884,TASWIL5000020230907KABKOTA,Rokan Hilir,,0.737081443501,6.32413452193,4326,4,,,Rokan Hilir,Riau,,0,Bengkalis,,2024-07,0.315308478980542,7,0.315308478980542,VIIRS DNB,nW/cm2/sr,2024,"{""type"":""MultiPoint"",""coordinates"":[]}"
126_0000000000000000000b,BA03050040,,,,,,,14.08,14,7805.53759098,TASWIL5000020230907KABKOTA,Siak,,0.634194327848,6.48953973447,4326,4,,,Siak,Riau,,0,Bengkalis,,2024-07,0.6573949087235671,7,0.6573949087235671,VIIRS DNB,nW/cm2/sr,2024,"{""type"":""MultiPoint"",""coordinates"":[]}"
126_00000000000000000007,BA03050040,,,,,,,14.09,14,5457.8626224,TASWIL5000020230907KABKOTA,Kuantan Singingi,,0.443419280545,4.11162115584,4326,4,,,Kuantan Singingi,Riau,,0,Indragiri hulu,,2024-07,0.5347591423970729,7,0.5347591423970729,VIIRS DNB,nW/cm2/sr,2024,"{""type"":""MultiPoint"",""coordinates"":[]}"
126_00000000000000000008,BA03050040,,,,,,,14.05,14,13262.1130957,TASWIL5000020230907KABKOTA,Pelalawan,,1.077443852,7.46682963302,4326,4,,,Pelalawan,Riau,,0,Kampar,,2024-07,0.5587519390428515,7,0.5587519390428515,VIIRS DNB,nW/cm2/sr,2024,"{""type"":""MultiPoint"",""coordinates"":[]}"
126_0000000000000000000a,BA03050040,,,,,,,14.06,14,7658.14908776,TASWIL5000020230907KABKOTA,Rokan Hulu,,0.622243411779,6.12306366434,4326,4,,,Rokan Hulu,Riau,,0,Kampar,,2024-07,0.265292065452253,7,0.265292065452253,VIIRS DNB,nW/cm2/sr,2024,"{""type"":""MultiPoint"",""coordinates"":[]}"
126_00000000000000000006,BA03050040,,,,,,,14.71,14,638.331320853,TASWIL5000020230907KABKOTA,Kota Pekanbaru,,0.0518609743118,1.42760792315,4326,5,,,Kota Pekanbaru,Riau,,0,,,2024-07,5.564836374926917,7,5.564836374926917,VIIRS DNB,nW/cm2/sr,2024,"{""type"":""MultiPoint"",""coordinates"":[]}"
126_00000000000000000005,BA03050040,,,,,,,14.72,14,2059.61276209,TASWIL5000020230907KABKOTA,Kota Dumai,,0.167408051519,2.69322296248,4326,5,,,Kota Dumai,Riau,,0,Bengkalis,,2024-07,1.5677999214019234,7,1.5677999214019234,VIIRS DNB,nW/cm2/sr,2024,"{""type"":""MultiPoint"",""coordinates"":[]}"
127_00000000000000000000,BA03050040,,,,,,,14.03,14,8616.35798018,TASWIL5000020230907KABKOTA,Bengkalis,,0.700215051782,7.82147949106,4326,4,,,Bengkalis,Riau,,0,,,2024-08,0.873358301822909,8,0.873358301822909,VIIRS DNB,nW/cm2/sr,2024,"{""type"":""MultiPoint"",""coordinates"":[]}"
127_00000000000000000001,BA03050040,,,,,,,14.04,14,13521.2628347,TASWIL5000020230907KABKOTA,Indragiri Hilir,,1.09851042149,7.37231237531,4326,4,,,Indragiri Hilir,Riau,,0,,,2024-08,0.4681966610551065,8,0.4681966610551065,VIIRS DNB,nW/cm2/sr,2024,"{""type"":""MultiPoint"",""coordinates"":[]}"
127_00000000000000000002,BA03050040,,,,,,,14.02,14,7871.84968405,TASWIL5000020230907KABKOTA,Indragiri Hulu,,0.63955084852,4.58568097253,4326,4,,,Indragiri Hulu,Riau,,0,,,2024-08,0.6384967989553774,8,0.6384967989553774,VIIRS DNB,nW/cm2/sr,2024,"{""type"":""MultiPoint"",""coordinates"":[]}"
127_00000000000000000003,BA03050040,,,,,,,14.01,14,10352.8025325,TASWIL5000020230907KABKOTA,Kampar,,0.841096503879,7.83544312369,4326,4,,,Kampar,Riau,,0,,,2024-08,0.8785242762583357,8,0.8785242762583357,VIIRS DNB,nW/cm2/sr,2024,"{""type"":""MultiPoint"",""coordinates"":[]}"
127_00000000000000000004,BA03050040,,,,,,,14.10,14,3623.55847532,TASWIL5000020230907KABKOTA,Kepulauan Meranti,,0.294426091439,5.55830216947,4326,4,,,Kepulauan Meranti,Riau,,0,Bengkalis,,2024-08,0.38881398497061403,8,0.38881398497061403,VIIRS DNB,nW/cm2/sr,2024,"{""type"":""MultiPoint"",""coordinates"":[]}"
127_00000000000000000009,BA03050040,,,,,,,14.07,14,9068.45847884,TASWIL5000020230907KABKOTA,Rokan Hilir,,0.737081443501,6.32413452193,4326,4,,,Rokan Hilir,Riau,,0,Bengkalis,,2024-08,0.6016301921346778,8,0.6016301921346778,VIIRS DNB,nW/cm2/sr,2024,"{""type"":""MultiPoint"",""coordinates"":[]}"
127_0000000000000000000b,BA03050040,,,,,,,14.08,14,7805.53759098,TASWIL5000020230907KABKOTA,Siak,,0.634194327848,6.48953973447,4326,4,,,Siak,Riau,,0,Bengkalis,,2024-08,1.003585955469282,8,1.003585955469282,VIIRS DNB,nW/cm2/sr,2024,"{""type"":""MultiPoint"",""coordinates"":[]}"
127_00000000000000000007,BA03050040,,,,,,,14.09,14,5457.8626224,TASWIL5000020230907KABKOTA,Kuantan Singingi,,0.443419280545,4.11162115584,4326,4,,,Kuantan Singingi,Riau,,0,Indragiri hulu,,2024-08,0.512235656072334,8,0.512235656072334,VIIRS DNB,nW/cm2/sr,2024,"{""type"":""MultiPoint"",""coordinates"":[]}"
127_00000000000000000008,BA03050040,,,,,,,14.05,14,13262.1130957,TASWIL5000020230907KABKOTA,Pelalawan,,1.077443852,7.46682963302,4326,4,,,Pelalawan,Riau,,0,Kampar,,2024-08,0.5581355729363491,8,0.5581355729363491,VIIRS DNB,nW/cm2/sr,2024,"{""type"":""MultiPoint"",""coordinates"":[]}"
127_0000000000000000000a,BA03050040,,,,,,,14.06,14,7658.14908776,TASWIL5000020230907KABKOTA,Rokan Hulu,,0.622243411779,6.12306366434,4326,4,,,Rokan Hulu,Riau,,0,Kampar,,2024-08,0.564416422017895,8,0.564416422017895,VIIRS DNB,nW/cm2/sr,2024,"{""type"":""MultiPoint"",""coordinates"":[]}"
127_00000000000000000006,BA03050040,,,,,,,14.71,14,638.331320853,TASWIL5000020230907KABKOTA,Kota Pekanbaru,,0.0518609743118,1.42760792315,4326,5,,,Kota Pekanbaru,Riau,,0,,,2024-08,7.5369594242723865,8,7.5369594242723865,VIIRS DNB,nW/cm2/sr,2024,"{""type"":""MultiPoint"",""coordinates"":[]}"
127_00000000000000000005,BA03050040,,,,,,,14.72,14,2059.61276209,TASWIL5000020230907KABKOTA,Kota Dumai,,0.167408051519,2.69322296248,4326,5,,,Kota Dumai,Riau,,0,Bengkalis,,2024-08,1.4217455598165234,8,1.4217455598165234,VIIRS DNB,nW/cm2/sr,2024,"{""type"":""MultiPoint"",""coordinates"":[]}"
128_00000000000000000000,BA03050040,,,,,,,14.03,14,8616.35798018,TASWIL5000020230907KABKOTA,Bengkalis,,0.700215051782,7.82147949106,4326,4,,,Bengkalis,Riau,,0,,,2024-09,0.3380983235954689,9,0.3380983235954689,VIIRS DNB,nW/cm2/sr,2024,"{""type"":""MultiPoint"",""coordinates"":[]}"
128_00000000000000000001,BA03050040,,,,,,,14.04,14,13521.2628347,TASWIL5000020230907KABKOTA,Indragiri Hilir,,1.09851042149,7.37231237531,4326,4,,,Indragiri Hilir,Riau,,0,,,2024-09,0.31476033049785185,9,0.31476033049785185,VIIRS DNB,nW/cm2/sr,2024,"{""type"":""MultiPoint"",""coordinates"":[]}"
128_00000000000000000002,BA03050040,,,,,,,14.02,14,7871.84968405,TASWIL5000020230907KABKOTA,Indragiri Hulu,,0.63955084852,4.58568097253,4326,4,,,Indragiri Hulu,Riau,,0,,,2024-09,0.4141555649636338,9,0.4141555649636338,VIIRS DNB,nW/cm2/sr,2024,"{""type"":""MultiPoint"",""coordinates"":[]}"
128_00000000000000000003,BA03050040,,,,,,,14.01,14,10352.8025325,TASWIL5000020230907KABKOTA,Kampar,,0.841096503879,7.83544312369,4326,4,,,Kampar,Riau,,0,,,2024-09,0.6100134934250744,9,0.6100134934250744,VIIRS DNB,nW/cm2/sr,2024,"{""type"":""MultiPoint"",""coordinates"":[]}"
128_00000000000000000004,BA03050040,,,,,,,14.10,14,3623.55847532,TASWIL5000020230907KABKOTA,Kepulauan Meranti,,0.294426091439,5.55830216947,4326,4,,,Kepulauan Meranti,Riau,,0,Bengkalis,,2024-09,0.32483704773905686,9,0.32483704773905686,VIIRS DNB,nW/cm2/sr,2024,"{""type"":""MultiPoint"",""coordinates"":[]}"
128_00000000000000000009,BA03050040,,,,,,,14.07,14,9068.45847884,TASWIL5000020230907KABKOTA,Rokan Hilir,,0.737081443501,6.32413452193,4326,4,,,Rokan Hilir,Riau,,0,Bengkalis,,2024-09,0.014956626188846812,9,0.014956626188846812,VIIRS DNB,nW/cm2/sr,2024,"{""type"":""MultiPoint"",""coordinates"":[]}"
128_0000000000000000000b,BA03050040,,,,,,,14.08,14,7805.53759098,TASWIL5000020230907KABKOTA,Siak,,0.634194327848,6.48953973447,4326,4,,,Siak,Riau,,0,Bengkalis,,2024-09,0.6421411981044257,9,0.6421411981044257,VIIRS DNB,nW/cm2/sr,2024,"{""type"":""MultiPoint"",""coordinates"":[]}"
128_00000000000000000007,BA03050040,,,,,,,14.09,14,5457.8626224,TASWIL5000020230907KABKOTA,Kuantan Singingi,,0.443419280545,4.11162115584,4326,4,,,Kuantan Singingi,Riau,,0,Indragiri hulu,,2024-09,0.40126200413828333,9,0.40126200413828333,VIIRS DNB,nW/cm2/sr,2024,"{""type"":""MultiPoint"",""coordinates"":[]}"
128_00000000000000000008,BA03050040,,,,,,,14.05,14,13262.1130957,TASWIL5000020230907KABKOTA,Pelalawan,,1.077443852,7.46682963302,4326,4,,,Pelalawan,Riau,,0,Kampar,,2024-09,0.41123626542195585,9,0.41123626542195585,VIIRS DNB,nW/cm2/sr,2024,"{""type"":""MultiPoint"",""coordinates"":[]}"
128_0000000000000000000a,BA03050040,,,,,,,14.06,14,7658.14908776,TASWIL5000020230907KABKOTA,Rokan Hulu,,0.622243411779,6.12306366434,4326,4,,,Rokan Hulu,Riau,,0,Kampar,,2024-09,0.19166660570477884,9,0.19166660570477884,VIIRS DNB,nW/cm2/sr,2024,"{""type"":""MultiPoint"",""coordinates"":[]}"
128_00000000000000000006,BA03050040,,,,,,,14.71,14,638.331320853,TASWIL5000020230907KABKOTA,Kota Pekanbaru,,0.0518609743118,1.42760792315,4326,5,,,Kota Pekanbaru,Riau,,0,,,2024-09,5.848012674960538,9,5.848012674960538,VIIRS DNB,nW/cm2/sr,2024,"{""type"":""MultiPoint"",""coordinates"":[]}"
128_00000000000000000005,BA03050040,,,,,,,14.72,14,2059.61276209,TASWIL5000020230907KABKOTA,Kota Dumai,,0.167408051519,2.69322296248,4326,5,,,Kota Dumai,Riau,,0,Bengkalis,,2024-09,0.05588442558441751,9,0.05588442558441751,VIIRS DNB,nW/cm2/sr,2024,"{""type"":""MultiPoint"",""coordinates"":[]}"
129_00000000000000000000,BA03050040,,,,,,,14.03,14,8616.35798018,TASWIL5000020230907KABKOTA,Bengkalis,,0.700215051782,7.82147949106,4326,4,,,Bengkalis,Riau,,0,,,2024-10,0.6949802872371572,10,0.6949802872371572,VIIRS DNB,nW/cm2/sr,2024,"{""type"":""MultiPoint"",""coordinates"":[]}"
129_00000000000000000001,BA03050040,,,,,,,14.04,14,13521.2628347,TASWIL5000020230907KABKOTA,Indragiri Hilir,,1.09851042149,7.37231237531,4326,4,,,Indragiri Hilir,Riau,,0,,,2024-10,0.3599546449272547,10,0.3599546449272547,VIIRS DNB,nW/cm2/sr,2024,"{""type"":""MultiPoint"",""coordinates"":[]}"
129_00000000000000000002,BA03050040,,,,,,,14.02,14,7871.84968405,TASWIL5000020230907KABKOTA,Indragiri Hulu,,0.63955084852,4.58568097253,4326,4,,,Indragiri Hulu,Riau,,0,,,2024-10,0.4410009674388474,10,0.4410009674388474,VIIRS DNB,nW/cm2/sr,2024,"{""type"":""MultiPoint"",""coordinates"":[]}"
129_00000000000000000003,BA03050040,,,,,,,14.01,14,10352.8025325,TASWIL5000020230907KABKOTA,Kampar,,0.841096503879,7.83544312369,4326,4,,,Kampar,Riau,,0,,,2024-10,0.6422007395540391,10,0.6422007395540391,VIIRS DNB,nW/cm2/sr,2024,"{""type"":""MultiPoint"",""coordinates"":[]}"
129_00000000000000000004,BA03050040,,,,,,,14.10,14,3623.55847532,TASWIL5000020230907KABKOTA,Kepulauan Meranti,,0.294426091439,5.55830216947,4326,4,,,Kepulauan Meranti,Riau,,0,Bengkalis,,2024-10,0.3695203762374372,10,0.3695203762374372,VIIRS DNB,nW/cm2/sr,2024,"{""type"":""MultiPoint"",""coordinates"":[]}"
129_00000000000000000009,BA03050040,,,,,,,14.07,14,9068.45847884,TASWIL5000020230907KABKOTA,Rokan Hilir,,0.737081443501,6.32413452193,4326,4,,,Rokan Hilir,Riau,,0,Bengkalis,,2024-10,0.4812627294968144,10,0.4812627294968144,VIIRS DNB,nW/cm2/sr,2024,"{""type"":""MultiPoint"",""coordinates"":[]}"
129_0000000000000000000b,BA03050040,,,,,,,14.08,14,7805.53759098,TASWIL5000020230907KABKOTA,Siak,,0.634194327848,6.48953973447,4326,4,,,Siak,Riau,,0,Bengkalis,,2024-10,0.6876283170348931,10,0.6876283170348931,VIIRS DNB,nW/cm2/sr,2024,"{""type"":""MultiPoint"",""coordinates"":[]}"
129_00000000000000000007,BA03050040,,,,,,,14.09,14,5457.8626224,TASWIL5000020230907KABKOTA,Kuantan Singingi,,0.443419280545,4.11162115584,4326,4,,,Kuantan Singingi,Riau,,0,Indragiri hulu,,2024-10,0.4132228772866343,10,0.4132228772866343,VIIRS DNB,nW/cm2/sr,2024,"{""type"":""MultiPoint"",""coordinates"":[]}"
129_00000000000000000008,BA03050040,,,,,,,14.05,14,13262.1130957,TASWIL5000020230907KABKOTA,Pelalawan,,1.077443852,7.46682963302,4326,4,,,Pelalawan,Riau,,0,Kampar,,2024-10,0.43171361924168994,10,0.43171361924168994,VIIRS DNB,nW/cm2/sr,2024,"{""type"":""MultiPoint"",""coordinates"":[]}"
129_0000000000000000000a,BA03050040,,,,,,,14.06,14,7658.14908776,TASWIL5000020230907KABKOTA,Rokan Hulu,,0.622243411779,6.12306366434,4326,4,,,Rokan Hulu,Riau,,0,Kampar,,2024-10,0.509525945501504,10,0.509525945501504,VIIRS DNB,nW/cm2/sr,2024,"{""type"":""MultiPoint"",""coordinates"":[]}"
129_00000000000000000006,BA03050040,,,,,,,14.71,14,638.331320853,TASWIL5000020230907KABKOTA,Kota Pekanbaru,,0.0518609743118,1.42760792315,4326,5,,,Kota Pekanbaru,Riau,,0,,,2024-10,6.797659169592407,10,6.797659169592407,VIIRS DNB,nW/cm2/sr,2024,"{""type"":""MultiPoint"",""coordinates"":[]}"
129_00000000000000000005,BA03050040,,,,,,,14.72,14,2059.61276209,TASWIL5000020230907KABKOTA,Kota Dumai,,0.167408051519,2.69322296248,4326,5,,,Kota Dumai,Riau,,0,Bengkalis,,2024-10,1.9326556410901286,10,1.9326556410901286,VIIRS DNB,nW/cm2/sr,2024,"{""type"":""MultiPoint"",""coordinates"":[]}"
130_00000000000000000000,BA03050040,,,,,,,14.03,14,8616.35798018,TASWIL5000020230907KABKOTA,Bengkalis,,0.700215051782,7.82147949106,4326,4,,,Bengkalis,Riau,,0,,,2024-11,0.026339264722830137,11,0.026339264722830137,VIIRS DNB,nW/cm2/sr,2024,"{""type"":""MultiPoint"",""coordinates"":[]}"
130_00000000000000000001,BA03050040,,,,,,,14.04,14,13521.2628347,TASWIL5000020230907KABKOTA,Indragiri Hilir,,1.09851042149,7.37231237531,4326,4,,,Indragiri Hilir,Riau,,0,,,2024-11,0.35122433964285477,11,0.35122433964285477,VIIRS DNB,nW/cm2/sr,2024,"{""type"":""MultiPoint"",""coordinates"":[]}"
130_00000000000000000002,BA03050040,,,,,,,14.02,14,7871.84968405,TASWIL5000020230907KABKOTA,Indragiri Hulu,,0.63955084852,4.58568097253,4326,4,,,Indragiri Hulu,Riau,,0,,,2024-11,0.3870061263884653,11,0.3870061263884653,VIIRS DNB,nW/cm2/sr,2024,"{""type"":""MultiPoint"",""coordinates"":[]}"
130_00000000000000000003,BA03050040,,,,,,,14.01,14,10352.8025325,TASWIL5000020230907KABKOTA,Kampar,,0.841096503879,7.83544312369,4326,4,,,Kampar,Riau,,0,,,2024-11,0.4031220645973168,11,0.4031220645973168,VIIRS DNB,nW/cm2/sr,2024,"{""type"":""MultiPoint"",""coordinates"":[]}"
130_00000000000000000004,BA03050040,,,,,,,14.10,14,3623.55847532,TASWIL5000020230907KABKOTA,Kepulauan Meranti,,0.294426091439,5.55830216947,4326,4,,,Kepulauan Meranti,Riau,,0,Bengkalis,,2024-11,0.18541859036137862,11,0.18541859036137862,VIIRS DNB,nW/cm2/sr,2024,"{""type"":""MultiPoint"",""coordinates"":[]}"
130_00000000000000000009,BA03050040,,,,,,,14.07,14,9068.45847884,TASWIL5000020230907KABKOTA,Rokan Hilir,,0.737081443501,6.32413452193,4326,4,,,Rokan Hilir,Riau,,0,Bengkalis,,2024-11,0.004960286379324224,11,0.004960286379324224,VIIRS DNB,nW/cm2/sr,2024,"{""type"":""MultiPoint"",""coordinates"":[]}"
130_0000000000000000000b,BA03050040,,,,,,,14.08,14,7805.53759098,TASWIL5000020230907KABKOTA,Siak,,0.634194327848,6.48953973447,4326,4,,,Siak,Riau,,0,Bengkalis,,2024-11,0.39231559043547665,11,0.39231559043547665,VIIRS DNB,nW/cm2/sr,2024,"{""type"":""MultiPoint"",""coordinates"":[]}"
130_00000000000000000007,BA03050040,,,,,,,14.09,14,5457.8626224,TASWIL5000020230907KABKOTA,Kuantan Singingi,,0.443419280545,4.11162115584,4326,4,,,Kuantan Singingi,Riau,,0,Indragiri hulu,,2024-11,0.3220144317084044,11,0.3220144317084044,VIIRS DNB,nW/cm2/sr,2024,"{""type"":""MultiPoint"",""coordinates"":[]}"
130_00000000000000000008,BA03050040,,,,,,,14.05,14,13262.1130957,TASWIL5000020230907KABKOTA,Pelalawan,,1.077443852,7.46682963302,4326,4,,,Pelalawan,Riau,,0,Kampar,,2024-11,0.429167297528087,11,0.429167297528087,VIIRS DNB,nW/cm2/sr,2024,"{""type"":""MultiPoint"",""coordinates"":[]}"
130_0000000000000000000a,BA03050040,,,,,,,14.06,14,7658.14908776,TASWIL5000020230907KABKOTA,Rokan Hulu,,0.622243411779,6.12306366434,4326,4,,,Rokan Hulu,Riau,,0,Kampar,,2024-11,0.012135735782101576,11,0.012135735782101576,VIIRS DNB,nW/cm2/sr,2024,"{""type"":""MultiPoint"",""coordinates"":[]}"
130_00000000000000000006,BA03050040,,,,,,,14.71,14,638.331320853,TASWIL5000020230907KABKOTA,Kota Pekanbaru,,0.0518609743118,1.42760792315,4326,5,,,Kota Pekanbaru,Riau,,0,,,2024-11,5.052445946880977,11,5.052445946880977,VIIRS DNB,nW/cm2/sr,2024,"{""type"":""MultiPoint"",""coordinates"":[]}"
130_00000000000000000005,BA03050040,,,,,,,14.72,14,2059.61276209,TASWIL5000020230907KABKOTA,Kota Dumai,,0.167408051519,2.69322296248,4326,5,,,Kota Dumai,Riau,,0,Bengkalis,,2024-11,0.0011768425651379377,11,0.0011768425651379377,VIIRS DNB,nW/cm2/sr,2024,"{""type"":""MultiPoint"",""coordinates"":[]}"
131_00000000000000000000,BA03050040,,,,,,,14.03,14,8616.35798018,TASWIL5000020230907KABKOTA,Bengkalis,,0.700215051782,7.82147949106,4326,4,,,Bengkalis,Riau,,0,,,2024-12,0.37108622240831457,12,0.37108622240831457,VIIRS DNB,nW/cm2/sr,2024,"{""type"":""MultiPoint"",""coordinates"":[]}"
131_00000000000000000001,BA03050040,,,,,,,14.04,14,13521.2628347,TASWIL5000020230907KABKOTA,Indragiri Hilir,,1.09851042149,7.37231237531,4326,4,,,Indragiri Hilir,Riau,,0,,,2024-12,0.2127152550842747,12,0.2127152550842747,VIIRS DNB,nW/cm2/sr,2024,"{""type"":""MultiPoint"",""coordinates"":[]}"
131_00000000000000000002,BA03050040,,,,,,,14.02,14,7871.84968405,TASWIL5000020230907KABKOTA,Indragiri Hulu,,0.63955084852,4.58568097253,4326,4,,,Indragiri Hulu,Riau,,0,,,2024-12,0.3104900154840466,12,0.3104900154840466,VIIRS DNB,nW/cm2/sr,2024,"{""type"":""MultiPoint"",""coordinates"":[]}"
131_00000000000000000003,BA03050040,,,,,,,14.01,14,10352.8025325,TASWIL5000020230907KABKOTA,Kampar,,0.841096503879,7.83544312369,4326,4,,,Kampar,Riau,,0,,,2024-12,0.36510553386417877,12,0.36510553386417877,VIIRS DNB,nW/cm2/sr,2024,"{""type"":""MultiPoint"",""coordinates"":[]}"
131_00000000000000000004,BA03050040,,,,,,,14.10,14,3623.55847532,TASWIL5000020230907KABKOTA,Kepulauan Meranti,,0.294426091439,5.55830216947,4326,4,,,Kepulauan Meranti,Riau,,0,Bengkalis,,2024-12,0.16262717795326184,12,0.16262717795326184,VIIRS DNB,nW/cm2/sr,2024,"{""type"":""MultiPoint"",""coordinates"":[]}"
131_00000000000000000009,BA03050040,,,,,,,14.07,14,9068.45847884,TASWIL5000020230907KABKOTA,Rokan Hilir,,0.737081443501,6.32413452193,4326,4,,,Rokan Hilir,Riau,,0,Bengkalis,,2024-12,0.3794883347236302,12,0.3794883347236302,VIIRS DNB,nW/cm2/sr,2024,"{""type"":""MultiPoint"",""coordinates"":[]}"
131_0000000000000000000b,BA03050040,,,,,,,14.08,14,7805.53759098,TASWIL5000020230907KABKOTA,Siak,,0.634194327848,6.48953973447,4326,4,,,Siak,Riau,,0,Bengkalis,,2024-12,0.43144019626507113,12,0.43144019626507113,VIIRS DNB,nW/cm2/sr,2024,"{""type"":""MultiPoint"",""coordinates"":[]}"
131_00000000000000000007,BA03050040,,,,,,,14.09,14,5457.8626224,TASWIL5000020230907KABKOTA,Kuantan Singingi,,0.443419280545,4.11162115584,4326,4,,,Kuantan Singingi,Riau,,0,Indragiri hulu,,2024-12,0.2050503729973416,12,0.2050503729973416,VIIRS DNB,nW/cm2/sr,2024,"{""type"":""MultiPoint"",""coordinates"":[]}"
131_00000000000000000008,BA03050040,,,,,,,14.05,14,13262.1130957,TASWIL5000020230907KABKOTA,Pelalawan,,1.077443852,7.46682963302,4326,4,,,Pelalawan,Riau,,0,Kampar,,2024-12,0.2563520214461145,12,0.2563520214461145,VIIRS DNB,nW/cm2/sr,2024,"{""type"":""MultiPoint"",""coordinates"":[]}"
131_0000000000000000000a,BA03050040,,,,,,,14.06,14,7658.14908776,TASWIL5000020230907KABKOTA,Rokan Hulu,,0.622243411779,6.12306366434,4326,4,,,Rokan Hulu,Riau,,0,Kampar,,2024-12,0.19099029916786597,12,0.19099029916786597,VIIRS DNB,nW/cm2/sr,2024,"{""type"":""MultiPoint"",""coordinates"":[]}"
131_00000000000000000006,BA03050040,,,,,,,14.71,14,638.331320853,TASWIL5000020230907KABKOTA,Kota Pekanbaru,,0.0518609743118,1.42760792315,4326,5,,,Kota Pekanbaru,Riau,,0,,,2024-12,5.044357079620604,12,5.044357079620604,VIIRS DNB,nW/cm2/sr,2024,"{""type"":""MultiPoint"",""coordinates"":[]}"
131_00000000000000000005,BA03050040,,,,,,,14.72,14,2059.61276209,TASWIL5000020230907KABKOTA,Kota Dumai,,0.167408051519,2.69322296248,4326,5,,,Kota Dumai,Riau,,0,Bengkalis,,2024-12,0.7912486113745933,12,0.7912486113745933,VIIRS DNB,nW/cm2/sr,2024,"{""type"":""MultiPoint"",""coordinates"":[]}"
132_00000000000000000000,BA03050040,,,,,,,14.03,14,8616.35798018,TASWIL5000020230907KABKOTA,Bengkalis,,0.700215051782,7.82147949106,4326,4,,,Bengkalis,Riau,,0,,,2025-01,0.47740678983120605,1,0.47740678983120605,VIIRS DNB,nW/cm2/sr,2025,"{""type"":""MultiPoint"",""coordinates"":[]}"
132_00000000000000000001,BA03050040,,,,,,,14.04,14,13521.2628347,TASWIL5000020230907KABKOTA,Indragiri Hilir,,1.09851042149,7.37231237531,4326,4,,,Indragiri Hilir,Riau,,0,,,2025-01,0.27846860705568943,1,0.27846860705568943,VIIRS DNB,nW/cm2/sr,2025,"{""type"":""MultiPoint"",""coordinates"":[]}"
132_00000000000000000002,BA03050040,,,,,,,14.02,14,7871.84968405,TASWIL5000020230907KABKOTA,Indragiri Hulu,,0.63955084852,4.58568097253,4326,4,,,Indragiri Hulu,Riau,,0,,,2025-01,0.30828205185517094,1,0.30828205185517094,VIIRS DNB,nW/cm2/sr,2025,"{""type"":""MultiPoint"",""coordinates"":[]}"
132_00000000000000000003,BA03050040,,,,,,,14.01,14,10352.8025325,TASWIL5000020230907KABKOTA,Kampar,,0.841096503879,7.83544312369,4326,4,,,Kampar,Riau,,0,,,2025-01,0.34420736902636373,1,0.34420736902636373,VIIRS DNB,nW/cm2/sr,2025,"{""type"":""MultiPoint"",""coordinates"":[]}"
132_00000000000000000004,BA03050040,,,,,,,14.10,14,3623.55847532,TASWIL5000020230907KABKOTA,Kepulauan Meranti,,0.294426091439,5.55830216947,4326,4,,,Kepulauan Meranti,Riau,,0,Bengkalis,,2025-01,0.28249563776580483,1,0.28249563776580483,VIIRS DNB,nW/cm2/sr,2025,"{""type"":""MultiPoint"",""coordinates"":[]}"
132_00000000000000000009,BA03050040,,,,,,,14.07,14,9068.45847884,TASWIL5000020230907KABKOTA,Rokan Hilir,,0.737081443501,6.32413452193,4326,4,,,Rokan Hilir,Riau,,0,Bengkalis,,2025-01,0.47834276681775606,1,0.47834276681775606,VIIRS DNB,nW/cm2/sr,2025,"{""type"":""MultiPoint"",""coordinates"":[]}"
132_0000000000000000000b,BA03050040,,,,,,,14.08,14,7805.53759098,TASWIL5000020230907KABKOTA,Siak,,0.634194327848,6.48953973447,4326,4,,,Siak,Riau,,0,Bengkalis,,2025-01,0.7002045718206957,1,0.7002045718206957,VIIRS DNB,nW/cm2/sr,2025,"{""type"":""MultiPoint"",""coordinates"":[]}"
132_00000000000000000007,BA03050040,,,,,,,14.09,14,5457.8626224,TASWIL5000020230907KABKOTA,Kuantan Singingi,,0.443419280545,4.11162115584,4326,4,,,Kuantan Singingi,Riau,,0,Indragiri hulu,,2025-01,0.13372066762888102,1,0.13372066762888102,VIIRS DNB,nW/cm2/sr,2025,"{""type"":""MultiPoint"",""coordinates"":[]}"
132_00000000000000000008,BA03050040,,,,,,,14.05,14,13262.1130957,TASWIL5000020230907KABKOTA,Pelalawan,,1.077443852,7.46682963302,4326,4,,,Pelalawan,Riau,,0,Kampar,,2025-01,0.3047511692014459,1,0.3047511692014459,VIIRS DNB,nW/cm2/sr,2025,"{""type"":""MultiPoint"",""coordinates"":[]}"
132_0000000000000000000a,BA03050040,,,,,,,14.06,14,7658.14908776,TASWIL5000020230907KABKOTA,Rokan Hulu,,0.622243411779,6.12306366434,4326,4,,,Rokan Hulu,Riau,,0,Kampar,,2025-01,0.1757036041336648,1,0.1757036041336648,VIIRS DNB,nW/cm2/sr,2025,"{""type"":""MultiPoint"",""coordinates"":[]}"
132_00000000000000000006,BA03050040,,,,,,,14.71,14,638.331320853,TASWIL5000020230907KABKOTA,Kota Pekanbaru,,0.0518609743118,1.42760792315,4326,5,,,Kota Pekanbaru,Riau,,0,,,2025-01,6.453977359633692,1,6.453977359633692,VIIRS DNB,nW/cm2/sr,2025,"{""type"":""MultiPoint"",""coordinates"":[]}"
132_00000000000000000005,BA03050040,,,,,,,14.72,14,2059.61276209,TASWIL5000020230907KABKOTA,Kota Dumai,,0.167408051519,2.69322296248,4326,5,,,Kota Dumai,Riau,,0,Bengkalis,,2025-01,1.6328006334666652,1,1.6328006334666652,VIIRS DNB,nW/cm2/sr,2025,"{""type"":""MultiPoint"",""coordinates"":[]}"
133_00000000000000000000,BA03050040,,,,,,,14.03,14,8616.35798018,TASWIL5000020230907KABKOTA,Bengkalis,,0.700215051782,7.82147949106,4326,4,,,Bengkalis,Riau,,0,,,2025-02,0.13317884046726364,2,0.13317884046726364,VIIRS DNB,nW/cm2/sr,2025,"{""type"":""MultiPoint"",""coordinates"":[]}"
133_00000000000000000001,BA03050040,,,,,,,14.04,14,13521.2628347,TASWIL5000020230907KABKOTA,Indragiri Hilir,,1.09851042149,7.37231237531,4326,4,,,Indragiri Hilir,Riau,,0,,,2025-02,0.10459559309341412,2,0.10459559309341412,VIIRS DNB,nW/cm2/sr,2025,"{""type"":""MultiPoint"",""coordinates"":[]}"
133_00000000000000000002,BA03050040,,,,,,,14.02,14,7871.84968405,TASWIL5000020230907KABKOTA,Indragiri Hulu,,0.63955084852,4.58568097253,4326,4,,,Indragiri Hulu,Riau,,0,,,2025-02,0.016801936245416302,2,0.016801936245416302,VIIRS DNB,nW/cm2/sr,2025,"{""type"":""MultiPoint"",""coordinates"":[]}"
133_00000000000000000003,BA03050040,,,,,,,14.01,14,10352.8025325,TASWIL5000020230907KABKOTA,Kampar,,0.841096503879,7.83544312369,4326,4,,,Kampar,Riau,,0,,,2025-02,0.04412239526836249,2,0.04412239526836249,VIIRS DNB,nW/cm2/sr,2025,"{""type"":""MultiPoint"",""coordinates"":[]}"
133_00000000000000000004,BA03050040,,,,,,,14.10,14,3623.55847532,TASWIL5000020230907KABKOTA,Kepulauan Meranti,,0.294426091439,5.55830216947,4326,4,,,Kepulauan Meranti,Riau,,0,Bengkalis,,2025-02,0.026717838485380497,2,0.026717838485380497,VIIRS DNB,nW/cm2/sr,2025,"{""type"":""MultiPoint"",""coordinates"":[]}"
133_00000000000000000009,BA03050040,,,,,,,14.07,14,9068.45847884,TASWIL5000020230907KABKOTA,Rokan Hilir,,0.737081443501,6.32413452193,4326,4,,,Rokan Hilir,Riau,,0,Bengkalis,,2025-02,0.12573227053924646,2,0.12573227053924646,VIIRS DNB,nW/cm2/sr,2025,"{""type"":""MultiPoint"",""coordinates"":[]}"
133_0000000000000000000b,BA03050040,,,,,,,14.08,14,7805.53759098,TASWIL5000020230907KABKOTA,Siak,,0.634194327848,6.48953973447,4326,4,,,Siak,Riau,,0,Bengkalis,,2025-02,0.27842696389113264,2,0.27842696389113264,VIIRS DNB,nW/cm2/sr,2025,"{""type"":""MultiPoint"",""coordinates"":[]}"
133_00000000000000000007,BA03050040,,,,,,,14.09,14,5457.8626224,TASWIL5000020230907KABKOTA,Kuantan Singingi,,0.443419280545,4.11162115584,4326,4,,,Kuantan Singingi,Riau,,0,Indragiri hulu,,2025-02,0.0012782981008539651,2,0.0012782981008539651,VIIRS DNB,nW/cm2/sr,2025,"{""type"":""MultiPoint"",""coordinates"":[]}"
133_00000000000000000008,BA03050040,,,,,,,14.05,14,13262.1130957,TASWIL5000020230907KABKOTA,Pelalawan,,1.077443852,7.46682963302,4326,4,,,Pelalawan,Riau,,0,Kampar,,2025-02,0.044842351642806186,2,0.044842351642806186,VIIRS DNB,nW/cm2/sr,2025,"{""type"":""MultiPoint"",""coordinates"":[]}"
133_0000000000000000000a,BA03050040,,,,,,,14.06,14,7658.14908776,TASWIL5000020230907KABKOTA,Rokan Hulu,,0.622243411779,6.12306366434,4326,4,,,Rokan Hulu,Riau,,0,Kampar,,2025-02,0.026493808269841396,2,0.026493808269841396,VIIRS DNB,nW/cm2/sr,2025,"{""type"":""MultiPoint"",""coordinates"":[]}"
133_00000000000000000006,BA03050040,,,,,,,14.71,14,638.331320853,TASWIL5000020230907KABKOTA,Kota Pekanbaru,,0.0518609743118,1.42760792315,4326,5,,,Kota Pekanbaru,Riau,,0,,,2025-02,1.2310641394422348,2,1.2310641394422348,VIIRS DNB,nW/cm2/sr,2025,"{""type"":""MultiPoint"",""coordinates"":[]}"
133_00000000000000000005,BA03050040,,,,,,,14.72,14,2059.61276209,TASWIL5000020230907KABKOTA,Kota Dumai,,0.167408051519,2.69322296248,4326,5,,,Kota Dumai,Riau,,0,Bengkalis,,2025-02,0.16867808507346585,2,0.16867808507346585,VIIRS DNB,nW/cm2/sr,2025,"{""type"":""MultiPoint"",""coordinates"":[]}"
134_00000000000000000000,BA03050040,,,,,,,14.03,14,8616.35798018,TASWIL5000020230907KABKOTA,Bengkalis,,0.700215051782,7.82147949106,4326,4,,,Bengkalis,Riau,,0,,,2025-03,1.012135209147579,3,1.012135209147579,VIIRS DNB,nW/cm2/sr,2025,"{""type"":""MultiPoint"",""coordinates"":[]}"
134_00000000000000000001,BA03050040,,,,,,,14.04,14,13521.2628347,TASWIL5000020230907KABKOTA,Indragiri Hilir,,1.09851042149,7.37231237531,4326,4,,,Indragiri Hilir,Riau,,0,,,2025-03,0.5072073172195107,3,0.5072073172195107,VIIRS DNB,nW/cm2/sr,2025,"{""type"":""MultiPoint"",""coordinates"":[]}"
134_00000000000000000002,BA03050040,,,,,,,14.02,14,7871.84968405,TASWIL5000020230907KABKOTA,Indragiri Hulu,,0.63955084852,4.58568097253,4326,4,,,Indragiri Hulu,Riau,,0,,,2025-03,0.4859585383693579,3,0.4859585383693579,VIIRS DNB,nW/cm2/sr,2025,"{""type"":""MultiPoint"",""coordinates"":[]}"
134_00000000000000000003,BA03050040,,,,,,,14.01,14,10352.8025325,TASWIL5000020230907KABKOTA,Kampar,,0.841096503879,7.83544312369,4326,4,,,Kampar,Riau,,0,,,2025-03,0.5895120992563975,3,0.5895120992563975,VIIRS DNB,nW/cm2/sr,2025,"{""type"":""MultiPoint"",""coordinates"":[]}"
134_00000000000000000004,BA03050040,,,,,,,14.10,14,3623.55847532,TASWIL5000020230907KABKOTA,Kepulauan Meranti,,0.294426091439,5.55830216947,4326,4,,,Kepulauan Meranti,Riau,,0,Bengkalis,,2025-03,0.6299536498593385,3,0.6299536498593385,VIIRS DNB,nW/cm2/sr,2025,"{""type"":""MultiPoint"",""coordinates"":[]}"
134_00000000000000000009,BA03050040,,,,,,,14.07,14,9068.45847884,TASWIL5000020230907KABKOTA,Rokan Hilir,,0.737081443501,6.32413452193,4326,4,,,Rokan Hilir,Riau,,0,Bengkalis,,2025-03,0.7600762117802002,3,0.7600762117802002,VIIRS DNB,nW/cm2/sr,2025,"{""type"":""MultiPoint"",""coordinates"":[]}"
134_0000000000000000000b,BA03050040,,,,,,,14.08,14,7805.53759098,TASWIL5000020230907KABKOTA,Siak,,0.634194327848,6.48953973447,4326,4,,,Siak,Riau,,0,Bengkalis,,2025-03,1.04787559205737,3,1.04787559205737,VIIRS DNB,nW/cm2/sr,2025,"{""type"":""MultiPoint"",""coordinates"":[]}"
134_00000000000000000007,BA03050040,,,,,,,14.09,14,5457.8626224,TASWIL5000020230907KABKOTA,Kuantan Singingi,,0.443419280545,4.11162115584,4326,4,,,Kuantan Singingi,Riau,,0,Indragiri hulu,,2025-03,0.22240699451873266,3,0.22240699451873266,VIIRS DNB,nW/cm2/sr,2025,"{""type"":""MultiPoint"",""coordinates"":[]}"
134_00000000000000000008,BA03050040,,,,,,,14.05,14,13262.1130957,TASWIL5000020230907KABKOTA,Pelalawan,,1.077443852,7.46682963302,4326,4,,,Pelalawan,Riau,,0,Kampar,,2025-03,0.6413324781837467,3,0.6413324781837467,VIIRS DNB,nW/cm2/sr,2025,"{""type"":""MultiPoint"",""coordinates"":[]}"
134_0000000000000000000a,BA03050040,,,,,,,14.06,14,7658.14908776,TASWIL5000020230907KABKOTA,Rokan Hulu,,0.622243411779,6.12306366434,4326,4,,,Rokan Hulu,Riau,,0,Kampar,,2025-03,0.5601452046981241,3,0.5601452046981241,VIIRS DNB,nW/cm2/sr,2025,"{""type"":""MultiPoint"",""coordinates"":[]}"
134_00000000000000000006,BA03050040,,,,,,,14.71,14,638.331320853,TASWIL5000020230907KABKOTA,Kota Pekanbaru,,0.0518609743118,1.42760792315,4326,5,,,Kota Pekanbaru,Riau,,0,,,2025-03,3.7332791790165905,3,3.7332791790165905,VIIRS DNB,nW/cm2/sr,2025,"{""type"":""MultiPoint"",""coordinates"":[]}"
134_00000000000000000005,BA03050040,,,,,,,14.72,14,2059.61276209,TASWIL5000020230907KABKOTA,Kota Dumai,,0.167408051519,2.69322296248,4326,5,,,Kota Dumai,Riau,,0,Bengkalis,,2025-03,3.05894265734577,3,3.05894265734577,VIIRS DNB,nW/cm2/sr,2025,"{""type"":""MultiPoint"",""coordinates"":[]}"
135_00000000000000000000,BA03050040,,,,,,,14.03,14,8616.35798018,TASWIL5000020230907KABKOTA,Bengkalis,,0.700215051782,7.82147949106,4326,4,,,Bengkalis,Riau,,0,,,2025-04,0.9819151923513199,4,0.9819151923513199,VIIRS DNB,nW/cm2/sr,2025,"{""type"":""MultiPoint"",""coordinates"":[]}"
135_00000000000000000001,BA03050040,,,,,,,14.04,14,13521.2628347,TASWIL5000020230907KABKOTA,Indragiri Hilir,,1.09851042149,7.37231237531,4326,4,,,Indragiri Hilir,Riau,,0,,,2025-04,0.5833369365210785,4,0.5833369365210785,VIIRS DNB,nW/cm2/sr,2025,"{""type"":""MultiPoint"",""coordinates"":[]}"
135_00000000000000000002,BA03050040,,,,,,,14.02,14,7871.84968405,TASWIL5000020230907KABKOTA,Indragiri Hulu,,0.63955084852,4.58568097253,4326,4,,,Indragiri Hulu,Riau,,0,,,2025-04,0.7020897590119322,4,0.7020897590119322,VIIRS DNB,nW/cm2/sr,2025,"{""type"":""MultiPoint"",""coordinates"":[]}"
135_00000000000000000003,BA03050040,,,,,,,14.01,14,10352.8025325,TASWIL5000020230907KABKOTA,Kampar,,0.841096503879,7.83544312369,4326,4,,,Kampar,Riau,,0,,,2025-04,0.8969792053027136,4,0.8969792053027136,VIIRS DNB,nW/cm2/sr,2025,"{""type"":""MultiPoint"",""coordinates"":[]}"
135_00000000000000000004,BA03050040,,,,,,,14.10,14,3623.55847532,TASWIL5000020230907KABKOTA,Kepulauan Meranti,,0.294426091439,5.55830216947,4326,4,,,Kepulauan Meranti,Riau,,0,Bengkalis,,2025-04,0.5574614552850627,4,0.5574614552850627,VIIRS DNB,nW/cm2/sr,2025,"{""type"":""MultiPoint"",""coordinates"":[]}"
135_00000000000000000009,BA03050040,,,,,,,14.07,14,9068.45847884,TASWIL5000020230907KABKOTA,Rokan Hilir,,0.737081443501,6.32413452193,4326,4,,,Rokan Hilir,Riau,,0,Bengkalis,,2025-04,0.8059949339116823,4,0.8059949339116823,VIIRS DNB,nW/cm2/sr,2025,"{""type"":""MultiPoint"",""coordinates"":[]}"
135_0000000000000000000b,BA03050040,,,,,,,14.08,14,7805.53759098,TASWIL5000020230907KABKOTA,Siak,,0.634194327848,6.48953973447,4326,4,,,Siak,Riau,,0,Bengkalis,,2025-04,1.0949766719538128,4,1.0949766719538128,VIIRS DNB,nW/cm2/sr,2025,"{""type"":""MultiPoint"",""coordinates"":[]}"
135_00000000000000000007,BA03050040,,,,,,,14.09,14,5457.8626224,TASWIL5000020230907KABKOTA,Kuantan Singingi,,0.443419280545,4.11162115584,4326,4,,,Kuantan Singingi,Riau,,0,Indragiri hulu,,2025-04,0.647344572983565,4,0.647344572983565,VIIRS DNB,nW/cm2/sr,2025,"{""type"":""MultiPoint"",""coordinates"":[]}"
135_00000000000000000008,BA03050040,,,,,,,14.05,14,13262.1130957,TASWIL5000020230907KABKOTA,Pelalawan,,1.077443852,7.46682963302,4326,4,,,Pelalawan,Riau,,0,Kampar,,2025-04,0.7092824951923329,4,0.7092824951923329,VIIRS DNB,nW/cm2/sr,2025,"{""type"":""MultiPoint"",""coordinates"":[]}"
135_0000000000000000000a,BA03050040,,,,,,,14.06,14,7658.14908776,TASWIL5000020230907KABKOTA,Rokan Hulu,,0.622243411779,6.12306366434,4326,4,,,Rokan Hulu,Riau,,0,Kampar,,2025-04,0.7921908128243423,4,0.7921908128243423,VIIRS DNB,nW/cm2/sr,2025,"{""type"":""MultiPoint"",""coordinates"":[]}"
135_00000000000000000006,BA03050040,,,,,,,14.71,14,638.331320853,TASWIL5000020230907KABKOTA,Kota Pekanbaru,,0.0518609743118,1.42760792315,4326,5,,,Kota Pekanbaru,Riau,,0,,,2025-04,7.5620275159618915,4,7.5620275159618915,VIIRS DNB,nW/cm2/sr,2025,"{""type"":""MultiPoint"",""coordinates"":[]}"
135_00000000000000000005,BA03050040,,,,,,,14.72,14,2059.61276209,TASWIL5000020230907KABKOTA,Kota Dumai,,0.167408051519,2.69322296248,4326,5,,,Kota Dumai,Riau,,0,Bengkalis,,2025-04,1.8131448633861302,4,1.8131448633861302,VIIRS DNB,nW/cm2/sr,2025,"{""type"":""MultiPoint"",""coordinates"":[]}"
136_00000000000000000000,BA03050040,,,,,,,14.03,14,8616.35798018,TASWIL5000020230907KABKOTA,Bengkalis,,0.700215051782,7.82147949106,4326,4,,,Bengkalis,Riau,,0,,,2025-05,0.7542056788255496,5,0.7542056788255496,VIIRS DNB,nW/cm2/sr,2025,"{""type"":""MultiPoint"",""coordinates"":[]}"
136_00000000000000000001,BA03050040,,,,,,,14.04,14,13521.2628347,TASWIL5000020230907KABKOTA,Indragiri Hilir,,1.09851042149,7.37231237531,4326,4,,,Indragiri Hilir,Riau,,0,,,2025-05,0.41574155819362263,5,0.41574155819362263,VIIRS DNB,nW/cm2/sr,2025,"{""type"":""MultiPoint"",""coordinates"":[]}"
136_00000000000000000002,BA03050040,,,,,,,14.02,14,7871.84968405,TASWIL5000020230907KABKOTA,Indragiri Hulu,,0.63955084852,4.58568097253,4326,4,,,Indragiri Hulu,Riau,,0,,,2025-05,0.5199480215121848,5,0.5199480215121848,VIIRS DNB,nW/cm2/sr,2025,"{""type"":""MultiPoint"",""coordinates"":[]}"
136_00000000000000000003,BA03050040,,,,,,,14.01,14,10352.8025325,TASWIL5000020230907KABKOTA,Kampar,,0.841096503879,7.83544312369,4326,4,,,Kampar,Riau,,0,,,2025-05,0.7305383159561043,5,0.7305383159561043,VIIRS DNB,nW/cm2/sr,2025,"{""type"":""MultiPoint"",""coordinates"":[]}"
136_00000000000000000004,BA03050040,,,,,,,14.10,14,3623.55847532,TASWIL5000020230907KABKOTA,Kepulauan Meranti,,0.294426091439,5.55830216947,4326,4,,,Kepulauan Meranti,Riau,,0,Bengkalis,,2025-05,0.3606559134448532,5,0.3606559134448532,VIIRS DNB,nW/cm2/sr,2025,"{""type"":""MultiPoint"",""coordinates"":[]}"
136_00000000000000000009,BA03050040,,,,,,,14.07,14,9068.45847884,TASWIL5000020230907KABKOTA,Rokan Hilir,,0.737081443501,6.32413452193,4326,4,,,Rokan Hilir,Riau,,0,Bengkalis,,2025-05,0.6448917193168562,5,0.6448917193168562,VIIRS DNB,nW/cm2/sr,2025,"{""type"":""MultiPoint"",""coordinates"":[]}"
136_0000000000000000000b,BA03050040,,,,,,,14.08,14,7805.53759098,TASWIL5000020230907KABKOTA,Siak,,0.634194327848,6.48953973447,4326,4,,,Siak,Riau,,0,Bengkalis,,2025-05,0.7661058314836018,5,0.7661058314836018,VIIRS DNB,nW/cm2/sr,2025,"{""type"":""MultiPoint"",""coordinates"":[]}"
136_00000000000000000007,BA03050040,,,,,,,14.09,14,5457.8626224,TASWIL5000020230907KABKOTA,Kuantan Singingi,,0.443419280545,4.11162115584,4326,4,,,Kuantan Singingi,Riau,,0,Indragiri hulu,,2025-05,0.4928692969852117,5,0.4928692969852117,VIIRS DNB,nW/cm2/sr,2025,"{""type"":""MultiPoint"",""coordinates"":[]}"
136_00000000000000000008,BA03050040,,,,,,,14.05,14,13262.1130957,TASWIL5000020230907KABKOTA,Pelalawan,,1.077443852,7.46682963302,4326,4,,,Pelalawan,Riau,,0,Kampar,,2025-05,0.4895637993503655,5,0.4895637993503655,VIIRS DNB,nW/cm2/sr,2025,"{""type"":""MultiPoint"",""coordinates"":[]}"
136_0000000000000000000a,BA03050040,,,,,,,14.06,14,7658.14908776,TASWIL5000020230907KABKOTA,Rokan Hulu,,0.622243411779,6.12306366434,4326,4,,,Rokan Hulu,Riau,,0,Kampar,,2025-05,0.7356006152146647,5,0.7356006152146647,VIIRS DNB,nW/cm2/sr,2025,"{""type"":""MultiPoint"",""coordinates"":[]}"
136_00000000000000000006,BA03050040,,,,,,,14.71,14,638.331320853,TASWIL5000020230907KABKOTA,Kota Pekanbaru,,0.0518609743118,1.42760792315,4326,5,,,Kota Pekanbaru,Riau,,0,,,2025-05,7.081044328971732,5,7.081044328971732,VIIRS DNB,nW/cm2/sr,2025,"{""type"":""MultiPoint"",""coordinates"":[]}"
136_00000000000000000005,BA03050040,,,,,,,14.72,14,2059.61276209,TASWIL5000020230907KABKOTA,Kota Dumai,,0.167408051519,2.69322296248,4326,5,,,Kota Dumai,Riau,,0,Bengkalis,,2025-05,1.6776873497055107,5,1.6776873497055107,VIIRS DNB,nW/cm2/sr,2025,"{""type"":""MultiPoint"",""coordinates"":[]}"
137_00000000000000000000,BA03050040,,,,,,,14.03,14,8616.35798018,TASWIL5000020230907KABKOTA,Bengkalis,,0.700215051782,7.82147949106,4326,4,,,Bengkalis,Riau,,0,,,2025-06,0.7915115264391621,6,0.7915115264391621,VIIRS DNB,nW/cm2/sr,2025,"{""type"":""MultiPoint"",""coordinates"":[]}"
137_00000000000000000001,BA03050040,,,,,,,14.04,14,13521.2628347,TASWIL5000020230907KABKOTA,Indragiri Hilir,,1.09851042149,7.37231237531,4326,4,,,Indragiri Hilir,Riau,,0,,,2025-06,0.471912668732308,6,0.471912668732308,VIIRS DNB,nW/cm2/sr,2025,"{""type"":""MultiPoint"",""coordinates"":[]}"
137_00000000000000000002,BA03050040,,,,,,,14.02,14,7871.84968405,TASWIL5000020230907KABKOTA,Indragiri Hulu,,0.63955084852,4.58568097253,4326,4,,,Indragiri Hulu,Riau,,0,,,2025-06,0.5622444113272855,6,0.5622444113272855,VIIRS DNB,nW/cm2/sr,2025,"{""type"":""MultiPoint"",""coordinates"":[]}"
137_00000000000000000003,BA03050040,,,,,,,14.01,14,10352.8025325,TASWIL5000020230907KABKOTA,Kampar,,0.841096503879,7.83544312369,4326,4,,,Kampar,Riau,,0,,,2025-06,0.7084522632071836,6,0.7084522632071836,VIIRS DNB,nW/cm2/sr,2025,"{""type"":""MultiPoint"",""coordinates"":[]}"
137_00000000000000000004,BA03050040,,,,,,,14.10,14,3623.55847532,TASWIL5000020230907KABKOTA,Kepulauan Meranti,,0.294426091439,5.55830216947,4326,4,,,Kepulauan Meranti,Riau,,0,Bengkalis,,2025-06,0.41602104650929916,6,0.41602104650929916,VIIRS DNB,nW/cm2/sr,2025,"{""type"":""MultiPoint"",""coordinates"":[]}"
137_00000000000000000009,BA03050040,,,,,,,14.07,14,9068.45847884,TASWIL5000020230907KABKOTA,Rokan Hilir,,0.737081443501,6.32413452193,4326,4,,,Rokan Hilir,Riau,,0,Bengkalis,,2025-06,0.7125343238671124,6,0.7125343238671124,VIIRS DNB,nW/cm2/sr,2025,"{""type"":""MultiPoint"",""coordinates"":[]}"
137_0000000000000000000b,BA03050040,,,,,,,14.08,14,7805.53759098,TASWIL5000020230907KABKOTA,Siak,,0.634194327848,6.48953973447,4326,4,,,Siak,Riau,,0,Bengkalis,,2025-06,0.7814946126964872,6,0.7814946126964872,VIIRS DNB,nW/cm2/sr,2025,"{""type"":""MultiPoint"",""coordinates"":[]}"
137_00000000000000000007,BA03050040,,,,,,,14.09,14,5457.8626224,TASWIL5000020230907KABKOTA,Kuantan Singingi,,0.443419280545,4.11162115584,4326,4,,,Kuantan Singingi,Riau,,0,Indragiri hulu,,2025-06,0.5310358643705839,6,0.5310358643705839,VIIRS DNB,nW/cm2/sr,2025,"{""type"":""MultiPoint"",""coordinates"":[]}"
137_00000000000000000008,BA03050040,,,,,,,14.05,14,13262.1130957,TASWIL5000020230907KABKOTA,Pelalawan,,1.077443852,7.46682963302,4326,4,,,Pelalawan,Riau,,0,Kampar,,2025-06,0.547112420701387,6,0.547112420701387,VIIRS DNB,nW/cm2/sr,2025,"{""type"":""MultiPoint"",""coordinates"":[]}"
137_0000000000000000000a,BA03050040,,,,,,,14.06,14,7658.14908776,TASWIL5000020230907KABKOTA,Rokan Hulu,,0.622243411779,6.12306366434,4326,4,,,Rokan Hulu,Riau,,0,Kampar,,2025-06,0.6060711313637107,6,0.6060711313637107,VIIRS DNB,nW/cm2/sr,2025,"{""type"":""MultiPoint"",""coordinates"":[]}"
137_00000000000000000006,BA03050040,,,,,,,14.71,14,638.331320853,TASWIL5000020230907KABKOTA,Kota Pekanbaru,,0.0518609743118,1.42760792315,4326,5,,,Kota Pekanbaru,Riau,,0,,,2025-06,6.795403031732271,6,6.795403031732271,VIIRS DNB,nW/cm2/sr,2025,"{""type"":""MultiPoint"",""coordinates"":[]}"
137_00000000000000000005,BA03050040,,,,,,,14.72,14,2059.61276209,TASWIL5000020230907KABKOTA,Kota Dumai,,0.167408051519,2.69322296248,4326,5,,,Kota Dumai,Riau,,0,Bengkalis,,2025-06,2.075534746636723,6,2.075534746636723,VIIRS DNB,nW/cm2/sr,2025,"{""type"":""MultiPoint"",""coordinates"":[]}"
138_00000000000000000000,BA03050040,,,,,,,14.03,14,8616.35798018,TASWIL5000020230907KABKOTA,Bengkalis,,0.700215051782,7.82147949106,4326,4,,,Bengkalis,Riau,,0,,,2025-07,0.7217982688298071,7,0.7217982688298071,VIIRS DNB,nW/cm2/sr,2025,"{""type"":""MultiPoint"",""coordinates"":[]}"
138_00000000000000000001,BA03050040,,,,,,,14.04,14,13521.2628347,TASWIL5000020230907KABKOTA,Indragiri Hilir,,1.09851042149,7.37231237531,4326,4,,,Indragiri Hilir,Riau,,0,,,2025-07,0.3077143196901455,7,0.3077143196901455,VIIRS DNB,nW/cm2/sr,2025,"{""type"":""MultiPoint"",""coordinates"":[]}"
138_00000000000000000002,BA03050040,,,,,,,14.02,14,7871.84968405,TASWIL5000020230907KABKOTA,Indragiri Hulu,,0.63955084852,4.58568097253,4326,4,,,Indragiri Hulu,Riau,,0,,,2025-07,0.393535092179148,7,0.393535092179148,VIIRS DNB,nW/cm2/sr,2025,"{""type"":""MultiPoint"",""coordinates"":[]}"
138_00000000000000000003,BA03050040,,,,,,,14.01,14,10352.8025325,TASWIL5000020230907KABKOTA,Kampar,,0.841096503879,7.83544312369,4326,4,,,Kampar,Riau,,0,,,2025-07,0.6500218764329717,7,0.6500218764329717,VIIRS DNB,nW/cm2/sr,2025,"{""type"":""MultiPoint"",""coordinates"":[]}"
138_00000000000000000004,BA03050040,,,,,,,14.10,14,3623.55847532,TASWIL5000020230907KABKOTA,Kepulauan Meranti,,0.294426091439,5.55830216947,4326,4,,,Kepulauan Meranti,Riau,,0,Bengkalis,,2025-07,0.3547524365834891,7,0.3547524365834891,VIIRS DNB,nW/cm2/sr,2025,"{""type"":""MultiPoint"",""coordinates"":[]}"
138_00000000000000000009,BA03050040,,,,,,,14.07,14,9068.45847884,TASWIL5000020230907KABKOTA,Rokan Hilir,,0.737081443501,6.32413452193,4326,4,,,Rokan Hilir,Riau,,0,Bengkalis,,2025-07,0.61126312400556,7,0.61126312400556,VIIRS DNB,nW/cm2/sr,2025,"{""type"":""MultiPoint"",""coordinates"":[]}"
138_0000000000000000000b,BA03050040,,,,,,,14.08,14,7805.53759098,TASWIL5000020230907KABKOTA,Siak,,0.634194327848,6.48953973447,4326,4,,,Siak,Riau,,0,Bengkalis,,2025-07,0.7383386610493534,7,0.7383386610493534,VIIRS DNB,nW/cm2/sr,2025,"{""type"":""MultiPoint"",""coordinates"":[]}"
138_00000000000000000007,BA03050040,,,,,,,14.09,14,5457.8626224,TASWIL5000020230907KABKOTA,Kuantan Singingi,,0.443419280545,4.11162115584,4326,4,,,Kuantan Singingi,Riau,,0,Indragiri hulu,,2025-07,0.3781464247733422,7,0.3781464247733422,VIIRS DNB,nW/cm2/sr,2025,"{""type"":""MultiPoint"",""coordinates"":[]}"
138_00000000000000000008,BA03050040,,,,,,,14.05,14,13262.1130957,TASWIL5000020230907KABKOTA,Pelalawan,,1.077443852,7.46682963302,4326,4,,,Pelalawan,Riau,,0,Kampar,,2025-07,0.39894912943477073,7,0.39894912943477073,VIIRS DNB,nW/cm2/sr,2025,"{""type"":""MultiPoint"",""coordinates"":[]}"
138_0000000000000000000a,BA03050040,,,,,,,14.06,14,7658.14908776,TASWIL5000020230907KABKOTA,Rokan Hulu,,0.622243411779,6.12306366434,4326,4,,,Rokan Hulu,Riau,,0,Kampar,,2025-07,0.5898466719859105,7,0.5898466719859105,VIIRS DNB,nW/cm2/sr,2025,"{""type"":""MultiPoint"",""coordinates"":[]}"
138_00000000000000000006,BA03050040,,,,,,,14.71,14,638.331320853,TASWIL5000020230907KABKOTA,Kota Pekanbaru,,0.0518609743118,1.42760792315,4326,5,,,Kota Pekanbaru,Riau,,0,,,2025-07,6.9167839294419124,7,6.9167839294419124,VIIRS DNB,nW/cm2/sr,2025,"{""type"":""MultiPoint"",""coordinates"":[]}"
138_00000000000000000005,BA03050040,,,,,,,14.72,14,2059.61276209,TASWIL5000020230907KABKOTA,Kota Dumai,,0.167408051519,2.69322296248,4326,5,,,Kota Dumai,Riau,,0,Bengkalis,,2025-07,2.4318473375776026,7,2.4318473375776026,VIIRS DNB,nW/cm2/sr,2025,"{""type"":""MultiPoint"",""coordinates"":[]}"
139_00000000000000000000,BA03050040,,,,,,,14.03,14,8616.35798018,TASWIL5000020230907KABKOTA,Bengkalis,,0.700215051782,7.82147949106,4326,4,,,Bengkalis,Riau,,0,,,2025-08,0.49852625089540614,8,0.49852625089540614,VIIRS DNB,nW/cm2/sr,2025,"{""type"":""MultiPoint"",""coordinates"":[]}"
139_00000000000000000001,BA03050040,,,,,,,14.04,14,13521.2628347,TASWIL5000020230907KABKOTA,Indragiri Hilir,,1.09851042149,7.37231237531,4326,4,,,Indragiri Hilir,Riau,,0,,,2025-08,0.22217420176270272,8,0.22217420176270272,VIIRS DNB,nW/cm2/sr,2025,"{""type"":""MultiPoint"",""coordinates"":[]}"
139_00000000000000000002,BA03050040,,,,,,,14.02,14,7871.84968405,TASWIL5000020230907KABKOTA,Indragiri Hulu,,0.63955084852,4.58568097253,4326,4,,,Indragiri Hulu,Riau,,0,,,2025-08,0.3118226534370846,8,0.3118226534370846,VIIRS DNB,nW/cm2/sr,2025,"{""type"":""MultiPoint"",""coordinates"":[]}"
139_00000000000000000003,BA03050040,,,,,,,14.01,14,10352.8025325,TASWIL5000020230907KABKOTA,Kampar,,0.841096503879,7.83544312369,4326,4,,,Kampar,Riau,,0,,,2025-08,0.8307194559615483,8,0.8307194559615483,VIIRS DNB,nW/cm2/sr,2025,"{""type"":""MultiPoint"",""coordinates"":[]}"
139_00000000000000000004,BA03050040,,,,,,,14.10,14,3623.55847532,TASWIL5000020230907KABKOTA,Kepulauan Meranti,,0.294426091439,5.55830216947,4326,4,,,Kepulauan Meranti,Riau,,0,Bengkalis,,2025-08,0.38529271591319225,8,0.38529271591319225,VIIRS DNB,nW/cm2/sr,2025,"{""type"":""MultiPoint"",""coordinates"":[]}"
139_00000000000000000009,BA03050040,,,,,,,14.07,14,9068.45847884,TASWIL5000020230907KABKOTA,Rokan Hilir,,0.737081443501,6.32413452193,4326,4,,,Rokan Hilir,Riau,,0,Bengkalis,,2025-08,0.5132288056426371,8,0.5132288056426371,VIIRS DNB,nW/cm2/sr,2025,"{""type"":""MultiPoint"",""coordinates"":[]}"
139_0000000000000000000b,BA03050040,,,,,,,14.08,14,7805.53759098,TASWIL5000020230907KABKOTA,Siak,,0.634194327848,6.48953973447,4326,4,,,Siak,Riau,,0,Bengkalis,,2025-08,0.7345101769078639,8,0.7345101769078639,VIIRS DNB,nW/cm2/sr,2025,"{""type"":""MultiPoint"",""coordinates"":[]}"
139_00000000000000000007,BA03050040,,,,,,,14.09,14,5457.8626224,TASWIL5000020230907KABKOTA,Kuantan Singingi,,0.443419280545,4.11162115584,4326,4,,,Kuantan Singingi,Riau,,0,Indragiri hulu,,2025-08,0.4376239500294754,8,0.4376239500294754,VIIRS DNB,nW/cm2/sr,2025,"{""type"":""MultiPoint"",""coordinates"":[]}"
139_00000000000000000008,BA03050040,,,,,,,14.05,14,13262.1130957,TASWIL5000020230907KABKOTA,Pelalawan,,1.077443852,7.46682963302,4326,4,,,Pelalawan,Riau,,0,Kampar,,2025-08,0.41958664401674034,8,0.41958664401674034,VIIRS DNB,nW/cm2/sr,2025,"{""type"":""MultiPoint"",""coordinates"":[]}"
139_0000000000000000000a,BA03050040,,,,,,,14.06,14,7658.14908776,TASWIL5000020230907KABKOTA,Rokan Hulu,,0.622243411779,6.12306366434,4326,4,,,Rokan Hulu,Riau,,0,Kampar,,2025-08,0.3442218408228314,8,0.3442218408228314,VIIRS DNB,nW/cm2/sr,2025,"{""type"":""MultiPoint"",""coordinates"":[]}"
139_00000000000000000006,BA03050040,,,,,,,14.71,14,638.331320853,TASWIL5000020230907KABKOTA,Kota Pekanbaru,,0.0518609743118,1.42760792315,4326,5,,,Kota Pekanbaru,Riau,,0,,,2025-08,5.711866741260986,8,5.711866741260986,VIIRS DNB,nW/cm2/sr,2025,"{""type"":""MultiPoint"",""coordinates"":[]}"
139_00000000000000000005,BA03050040,,,,,,,14.72,14,2059.61276209,TASWIL5000020230907KABKOTA,Kota Dumai,,0.167408051519,2.69322296248,4326,5,,,Kota Dumai,Riau,,0,Bengkalis,,2025-08,0.24781086300856434,8,0.24781086300856434,VIIRS DNB,nW/cm2/sr,2025,"{""type"":""MultiPoint"",""coordinates"":[]}"
140_00000000000000000000,BA03050040,,,,,,,14.03,14,8616.35798018,TASWIL5000020230907KABKOTA,Bengkalis,,0.700215051782,7.82147949106,4326,4,,,Bengkalis,Riau,,0,,,2025-09,0.7036117206763044,9,0.7036117206763044,VIIRS DNB,nW/cm2/sr,2025,"{""type"":""MultiPoint"",""coordinates"":[]}"
140_00000000000000000001,BA03050040,,,,,,,14.04,14,13521.2628347,TASWIL5000020230907KABKOTA,Indragiri Hilir,,1.09851042149,7.37231237531,4326,4,,,Indragiri Hilir,Riau,,0,,,2025-09,0.37234894244522065,9,0.37234894244522065,VIIRS DNB,nW/cm2/sr,2025,"{""type"":""MultiPoint"",""coordinates"":[]}"
140_00000000000000000002,BA03050040,,,,,,,14.02,14,7871.84968405,TASWIL5000020230907KABKOTA,Indragiri Hulu,,0.63955084852,4.58568097253,4326,4,,,Indragiri Hulu,Riau,,0,,,2025-09,0.4676193178153819,9,0.4676193178153819,VIIRS DNB,nW/cm2/sr,2025,"{""type"":""MultiPoint"",""coordinates"":[]}"
140_00000000000000000003,BA03050040,,,,,,,14.01,14,10352.8025325,TASWIL5000020230907KABKOTA,Kampar,,0.841096503879,7.83544312369,4326,4,,,Kampar,Riau,,0,,,2025-09,0.5433109673767846,9,0.5433109673767846,VIIRS DNB,nW/cm2/sr,2025,"{""type"":""MultiPoint"",""coordinates"":[]}"
140_00000000000000000004,BA03050040,,,,,,,14.10,14,3623.55847532,TASWIL5000020230907KABKOTA,Kepulauan Meranti,,0.294426091439,5.55830216947,4326,4,,,Kepulauan Meranti,Riau,,0,Bengkalis,,2025-09,0.32047024692083137,9,0.32047024692083137,VIIRS DNB,nW/cm2/sr,2025,"{""type"":""MultiPoint"",""coordinates"":[]}"
140_00000000000000000009,BA03050040,,,,,,,14.07,14,9068.45847884,TASWIL5000020230907KABKOTA,Rokan Hilir,,0.737081443501,6.32413452193,4326,4,,,Rokan Hilir,Riau,,0,Bengkalis,,2025-09,0.36472758854703385,9,0.36472758854703385,VIIRS DNB,nW/cm2/sr,2025,"{""type"":""MultiPoint"",""coordinates"":[]}"
140_0000000000000000000b,BA03050040,,,,,,,14.08,14,7805.53759098,TASWIL5000020230907KABKOTA,Siak,,0.634194327848,6.48953973447,4326,4,,,Siak,Riau,,0,Bengkalis,,2025-09,0.7345479941982787,9,0.7345479941982787,VIIRS DNB,nW/cm2/sr,2025,"{""type"":""MultiPoint"",""coordinates"":[]}"
140_00000000000000000007,BA03050040,,,,,,,14.09,14,5457.8626224,TASWIL5000020230907KABKOTA,Kuantan Singingi,,0.443419280545,4.11162115584,4326,4,,,Kuantan Singingi,Riau,,0,Indragiri hulu,,2025-09,0.43353363860122357,9,0.43353363860122357,VIIRS DNB,nW/cm2/sr,2025,"{""type"":""MultiPoint"",""coordinates"":[]}"
140_00000000000000000008,BA03050040,,,,,,,14.05,14,13262.1130957,TASWIL5000020230907KABKOTA,Pelalawan,,1.077443852,7.46682963302,4326,4,,,Pelalawan,Riau,,0,Kampar,,2025-09,0.44811342540220744,9,0.44811342540220744,VIIRS DNB,nW/cm2/sr,2025,"{""type"":""MultiPoint"",""coordinates"":[]}"
140_0000000000000000000a,BA03050040,,,,,,,14.06,14,7658.14908776,TASWIL5000020230907KABKOTA,Rokan Hulu,,0.622243411779,6.12306366434,4326,4,,,Rokan Hulu,Riau,,0,Kampar,,2025-09,0.3801971211268449,9,0.3801971211268449,VIIRS DNB,nW/cm2/sr,2025,"{""type"":""MultiPoint"",""coordinates"":[]}"
140_00000000000000000006,BA03050040,,,,,,,14.71,14,638.331320853,TASWIL5000020230907KABKOTA,Kota Pekanbaru,,0.0518609743118,1.42760792315,4326,5,,,Kota Pekanbaru,Riau,,0,,,2025-09,4.101896479198704,9,4.101896479198704,VIIRS DNB,nW/cm2/sr,2025,"{""type"":""MultiPoint"",""coordinates"":[]}"
140_00000000000000000005,BA03050040,,,,,,,14.72,14,2059.61276209,TASWIL5000020230907KABKOTA,Kota Dumai,,0.167408051519,2.69322296248,4326,5,,,Kota Dumai,Riau,,0,Bengkalis,,2025-09,1.560713255945253,9,1.560713255945253,VIIRS DNB,nW/cm2/sr,2025,"{""type"":""MultiPoint"",""coordinates"":[]}"
141_00000000000000000000,BA03050040,,,,,,,14.03,14,8616.35798018,TASWIL5000020230907KABKOTA,Bengkalis,,0.700215051782,7.82147949106,4326,4,,,Bengkalis,Riau,,0,,,2025-10,0.582798322418342,10,0.582798322418342,VIIRS DNB,nW/cm2/sr,2025,"{""type"":""MultiPoint"",""coordinates"":[]}"
141_00000000000000000001,BA03050040,,,,,,,14.04,14,13521.2628347,TASWIL5000020230907KABKOTA,Indragiri Hilir,,1.09851042149,7.37231237531,4326,4,,,Indragiri Hilir,Riau,,0,,,2025-10,0.3518930018150649,10,0.3518930018150649,VIIRS DNB,nW/cm2/sr,2025,"{""type"":""MultiPoint"",""coordinates"":[]}"
141_00000000000000000002,BA03050040,,,,,,,14.02,14,7871.84968405,TASWIL5000020230907KABKOTA,Indragiri Hulu,,0.63955084852,4.58568097253,4326,4,,,Indragiri Hulu,Riau,,0,,,2025-10,0.36088805178892597,10,0.36088805178892597,VIIRS DNB,nW/cm2/sr,2025,"{""type"":""MultiPoint"",""coordinates"":[]}"
141_00000000000000000003,BA03050040,,,,,,,14.01,14,10352.8025325,TASWIL5000020230907KABKOTA,Kampar,,0.841096503879,7.83544312369,4326,4,,,Kampar,Riau,,0,,,2025-10,0.4376564454842807,10,0.4376564454842807,VIIRS DNB,nW/cm2/sr,2025,"{""type"":""MultiPoint"",""coordinates"":[]}"
141_00000000000000000004,BA03050040,,,,,,,14.10,14,3623.55847532,TASWIL5000020230907KABKOTA,Kepulauan Meranti,,0.294426091439,5.55830216947,4326,4,,,Kepulauan Meranti,Riau,,0,Bengkalis,,2025-10,0.40075305432588343,10,0.40075305432588343,VIIRS DNB,nW/cm2/sr,2025,"{""type"":""MultiPoint"",""coordinates"":[]}"
141_00000000000000000009,BA03050040,,,,,,,14.07,14,9068.45847884,TASWIL5000020230907KABKOTA,Rokan Hilir,,0.737081443501,6.32413452193,4326,4,,,Rokan Hilir,Riau,,0,Bengkalis,,2025-10,0.05748381795689741,10,0.05748381795689741,VIIRS DNB,nW/cm2/sr,2025,"{""type"":""MultiPoint"",""coordinates"":[]}"
141_0000000000000000000b,BA03050040,,,,,,,14.08,14,7805.53759098,TASWIL5000020230907KABKOTA,Siak,,0.634194327848,6.48953973447,4326,4,,,Siak,Riau,,0,Bengkalis,,2025-10,0.7368746086737684,10,0.7368746086737684,VIIRS DNB,nW/cm2/sr,2025,"{""type"":""MultiPoint"",""coordinates"":[]}"
141_00000000000000000007,BA03050040,,,,,,,14.09,14,5457.8626224,TASWIL5000020230907KABKOTA,Kuantan Singingi,,0.443419280545,4.11162115584,4326,4,,,Kuantan Singingi,Riau,,0,Indragiri hulu,,2025-10,0.3593715030624805,10,0.3593715030624805,VIIRS DNB,nW/cm2/sr,2025,"{""type"":""MultiPoint"",""coordinates"":[]}"
141_00000000000000000008,BA03050040,,,,,,,14.05,14,13262.1130957,TASWIL5000020230907KABKOTA,Pelalawan,,1.077443852,7.46682963302,4326,4,,,Pelalawan,Riau,,0,Kampar,,2025-10,0.4697340859601341,10,0.4697340859601341,VIIRS DNB,nW/cm2/sr,2025,"{""type"":""MultiPoint"",""coordinates"":[]}"
141_0000000000000000000a,BA03050040,,,,,,,14.06,14,7658.14908776,TASWIL5000020230907KABKOTA,Rokan Hulu,,0.622243411779,6.12306366434,4326,4,,,Rokan Hulu,Riau,,0,Kampar,,2025-10,0.14642206488191703,10,0.14642206488191703,VIIRS DNB,nW/cm2/sr,2025,"{""type"":""MultiPoint"",""coordinates"":[]}"
141_00000000000000000006,BA03050040,,,,,,,14.71,14,638.331320853,TASWIL5000020230907KABKOTA,Kota Pekanbaru,,0.0518609743118,1.42760792315,4326,5,,,Kota Pekanbaru,Riau,,0,,,2025-10,6.763726816049839,10,6.763726816049839,VIIRS DNB,nW/cm2/sr,2025,"{""type"":""MultiPoint"",""coordinates"":[]}"
141_00000000000000000005,BA03050040,,,,,,,14.72,14,2059.61276209,TASWIL5000020230907KABKOTA,Kota Dumai,,0.167408051519,2.69322296248,4326,5,,,Kota Dumai,Riau,,0,Bengkalis,,2025-10,1.5240709919076232,10,1.5240709919076232,VIIRS DNB,nW/cm2/sr,2025,"{""type"":""MultiPoint"",""coordinates"":[]}"
