system:index,FCODE,KDBBPS,KDCBPS,KDCPUM,KDEBPS,KDEPUM,KDPBPS,KDPKAB,KDPPUM,LUASWH,METADATA,NAMOBJ,REMARK,SHAPE_Area,SHAPE_Leng,SRS_ID,TIPADM,WADMKC,WADMKD,WADMKK,WADMPR,WIADKC,WIADKD,WIADKK,WIADPR,date,mean,month,ntl_mean,source,unit,year,.geo
0_00000000000000000000,BA03050040,,,,,,,91.06,91,2257.7785726,TASWIL5000020230907KABKOTA,Biak Numfor,,0.183451690197,5.35532578171,4326,4,,,Biak Numfor,Papua,,0,,,2014-01,0.007123956153153202,1,0.007123956153153202,VIIRS DNB,nW/cm2/sr,2014,"{""type"":""MultiPoint"",""coordinates"":[]}"
0_00000000000000000001,BA03050040,,,,,,,91.03,91,14082.2122578,TASWIL5000020230907KABKOTA,Jayapura,,1.14561199815,9.52170493241,4326,4,,,Jayapura,Papua,,0,,,2014-01,-0.02290709523372656,1,-0.02290709523372656,VIIRS DNB,nW/cm2/sr,2014,"{""type"":""MultiPoint"",""coordinates"":[]}"
0_00000000000000000003,BA03050040,,,,,,,91.05,91,2429.0300227,TASWIL5000020230907KABKOTA,Kepulauan Yapen,,0.19742592562,8.55393507975,4326,4,,,Kepulauan Yapen,Papua,,0,,,2014-01,-0.007960411948472716,1,-0.007960411948472716,VIIRS DNB,nW/cm2/sr,2014,"{""type"":""MultiPoint"",""coordinates"":[]}"
0_00000000000000000007,BA03050040,,,,,,,91.19,91,660.611723589,TASWIL5000020230907KABKOTA,Supiori,,0.0536731325628,3.38191482935,4326,4,,,Supiori,Papua,,0,Biak Numfor,,2014-01,-0.038687323608351226,1,-0.038687323608351226,VIIRS DNB,nW/cm2/sr,2014,"{""type"":""MultiPoint"",""coordinates"":[]}"
0_00000000000000000002,BA03050040,,,,,,,91.11,91,9526.3153833,TASWIL5000020230907KABKOTA,Keerom,,0.775256858574,6.07708966623,4326,4,,,Keerom,Papua,,0,Jayapura,,2014-01,-0.12661313138027336,1,-0.12661313138027336,VIIRS DNB,nW/cm2/sr,2014,"{""type"":""MultiPoint"",""coordinates"":[]}"
0_00000000000000000004,BA03050040,,,,,,,91.71,91,835.479147077,TASWIL5000020230907KABKOTA,Kota Jayapura,,0.0679466217871,2.36790963878,4326,5,,,Kota Jayapura,Papua,,0,Jayapura,,2014-01,-0.0027885859652234854,1,-0.0027885859652234854,VIIRS DNB,nW/cm2/sr,2014,"{""type"":""MultiPoint"",""coordinates"":[]}"
0_00000000000000000006,BA03050040,,,,,,,91.10,91,14068.3737441,TASWIL5000020230907KABKOTA,Sarmi,,1.1439791998,11.4902362416,4326,4,,,Sarmi,Papua,,0,Jayapura,,2014-01,-0.04233770356896266,1,-0.04233770356896266,VIIRS DNB,nW/cm2/sr,2014,"{""type"":""MultiPoint"",""coordinates"":[]}"
0_00000000000000000005,BA03050040,,,,,,,91.20,91,28042.3912459,TASWIL5000020230907KABKOTA,Mamberamo Raya,,2.28030775228,13.664376657,4326,4,,,Mamberamo Raya,Papua,,0,Sarmi,,2014-01,-0.05639218867666587,1,-0.05639218867666587,VIIRS DNB,nW/cm2/sr,2014,"{""type"":""MultiPoint"",""coordinates"":[]}"
0_00000000000000000008,BA03050040,,,,,,,91.15,91,10778.7667558,TASWIL5000020230907KABKOTA,Waropen,,0.876665218552,7.26174952493,4326,4,,,Waropen,Papua,,0,Yapen Waropen,,2014-01,-0.03813701254292946,1,-0.03813701254292946,VIIRS DNB,nW/cm2/sr,2014,"{""type"":""MultiPoint"",""coordinates"":[]}"
1_00000000000000000000,BA03050040,,,,,,,91.06,91,2257.7785726,TASWIL5000020230907KABKOTA,Biak Numfor,,0.183451690197,5.35532578171,4326,4,,,Biak Numfor,Papua,,0,,,2014-02,0.09010822538596525,2,0.09010822538596525,VIIRS DNB,nW/cm2/sr,2014,"{""type"":""MultiPoint"",""coordinates"":[]}"
1_00000000000000000001,BA03050040,,,,,,,91.03,91,14082.2122578,TASWIL5000020230907KABKOTA,Jayapura,,1.14561199815,9.52170493241,4326,4,,,Jayapura,Papua,,0,,,2014-02,0.01738314679558697,2,0.01738314679558697,VIIRS DNB,nW/cm2/sr,2014,"{""type"":""MultiPoint"",""coordinates"":[]}"
1_00000000000000000003,BA03050040,,,,,,,91.05,91,2429.0300227,TASWIL5000020230907KABKOTA,Kepulauan Yapen,,0.19742592562,8.55393507975,4326,4,,,Kepulauan Yapen,Papua,,0,,,2014-02,0.048961037673041,2,0.048961037673041,VIIRS DNB,nW/cm2/sr,2014,"{""type"":""MultiPoint"",""coordinates"":[]}"
1_00000000000000000007,BA03050040,,,,,,,91.19,91,660.611723589,TASWIL5000020230907KABKOTA,Supiori,,0.0536731325628,3.38191482935,4326,4,,,Supiori,Papua,,0,Biak Numfor,,2014-02,-0.008602074456071798,2,-0.008602074456071798,VIIRS DNB,nW/cm2/sr,2014,"{""type"":""MultiPoint"",""coordinates"":[]}"
1_00000000000000000002,BA03050040,,,,,,,91.11,91,9526.3153833,TASWIL5000020230907KABKOTA,Keerom,,0.775256858574,6.07708966623,4326,4,,,Keerom,Papua,,0,Jayapura,,2014-02,0.009291221100220244,2,0.009291221100220244,VIIRS DNB,nW/cm2/sr,2014,"{""type"":""MultiPoint"",""coordinates"":[]}"
1_00000000000000000004,BA03050040,,,,,,,91.71,91,835.479147077,TASWIL5000020230907KABKOTA,Kota Jayapura,,0.0679466217871,2.36790963878,4326,5,,,Kota Jayapura,Papua,,0,Jayapura,,2014-02,0.4467993216684547,2,0.4467993216684547,VIIRS DNB,nW/cm2/sr,2014,"{""type"":""MultiPoint"",""coordinates"":[]}"
1_00000000000000000006,BA03050040,,,,,,,91.10,91,14068.3737441,TASWIL5000020230907KABKOTA,Sarmi,,1.1439791998,11.4902362416,4326,4,,,Sarmi,Papua,,0,Jayapura,,2014-02,0.019789716721666302,2,0.019789716721666302,VIIRS DNB,nW/cm2/sr,2014,"{""type"":""MultiPoint"",""coordinates"":[]}"
1_00000000000000000005,BA03050040,,,,,,,91.20,91,28042.3912459,TASWIL5000020230907KABKOTA,Mamberamo Raya,,2.28030775228,13.664376657,4326,4,,,Mamberamo Raya,Papua,,0,Sarmi,,2014-02,0.007372906777807225,2,0.007372906777807225,VIIRS DNB,nW/cm2/sr,2014,"{""type"":""MultiPoint"",""coordinates"":[]}"
1_00000000000000000008,BA03050040,,,,,,,91.15,91,10778.7667558,TASWIL5000020230907KABKOTA,Waropen,,0.876665218552,7.26174952493,4326,4,,,Waropen,Papua,,0,Yapen Waropen,,2014-02,0.016891097465410204,2,0.016891097465410204,VIIRS DNB,nW/cm2/sr,2014,"{""type"":""MultiPoint"",""coordinates"":[]}"
2_00000000000000000000,BA03050040,,,,,,,91.06,91,2257.7785726,TASWIL5000020230907KABKOTA,Biak Numfor,,0.183451690197,5.35532578171,4326,4,,,Biak Numfor,Papua,,0,,,2014-03,0.16787595163195138,3,0.16787595163195138,VIIRS DNB,nW/cm2/sr,2014,"{""type"":""MultiPoint"",""coordinates"":[]}"
2_00000000000000000001,BA03050040,,,,,,,91.03,91,14082.2122578,TASWIL5000020230907KABKOTA,Jayapura,,1.14561199815,9.52170493241,4326,4,,,Jayapura,Papua,,0,,,2014-03,0.11748045838507712,3,0.11748045838507712,VIIRS DNB,nW/cm2/sr,2014,"{""type"":""MultiPoint"",""coordinates"":[]}"
2_00000000000000000003,BA03050040,,,,,,,91.05,91,2429.0300227,TASWIL5000020230907KABKOTA,Kepulauan Yapen,,0.19742592562,8.55393507975,4326,4,,,Kepulauan Yapen,Papua,,0,,,2014-03,0.013854347764115546,3,0.013854347764115546,VIIRS DNB,nW/cm2/sr,2014,"{""type"":""MultiPoint"",""coordinates"":[]}"
2_00000000000000000007,BA03050040,,,,,,,91.19,91,660.611723589,TASWIL5000020230907KABKOTA,Supiori,,0.0536731325628,3.38191482935,4326,4,,,Supiori,Papua,,0,Biak Numfor,,2014-03,0.12818909382998384,3,0.12818909382998384,VIIRS DNB,nW/cm2/sr,2014,"{""type"":""MultiPoint"",""coordinates"":[]}"
2_00000000000000000002,BA03050040,,,,,,,91.11,91,9526.3153833,TASWIL5000020230907KABKOTA,Keerom,,0.775256858574,6.07708966623,4326,4,,,Keerom,Papua,,0,Jayapura,,2014-03,0.1154200000770063,3,0.1154200000770063,VIIRS DNB,nW/cm2/sr,2014,"{""type"":""MultiPoint"",""coordinates"":[]}"
2_00000000000000000004,BA03050040,,,,,,,91.71,91,835.479147077,TASWIL5000020230907KABKOTA,Kota Jayapura,,0.0679466217871,2.36790963878,4326,5,,,Kota Jayapura,Papua,,0,Jayapura,,2014-03,0.47906997654668354,3,0.47906997654668354,VIIRS DNB,nW/cm2/sr,2014,"{""type"":""MultiPoint"",""coordinates"":[]}"
2_00000000000000000006,BA03050040,,,,,,,91.10,91,14068.3737441,TASWIL5000020230907KABKOTA,Sarmi,,1.1439791998,11.4902362416,4326,4,,,Sarmi,Papua,,0,Jayapura,,2014-03,0.09748023253369177,3,0.09748023253369177,VIIRS DNB,nW/cm2/sr,2014,"{""type"":""MultiPoint"",""coordinates"":[]}"
2_00000000000000000005,BA03050040,,,,,,,91.20,91,28042.3912459,TASWIL5000020230907KABKOTA,Mamberamo Raya,,2.28030775228,13.664376657,4326,4,,,Mamberamo Raya,Papua,,0,Sarmi,,2014-03,0.08047056483633533,3,0.08047056483633533,VIIRS DNB,nW/cm2/sr,2014,"{""type"":""MultiPoint"",""coordinates"":[]}"
2_00000000000000000008,BA03050040,,,,,,,91.15,91,10778.7667558,TASWIL5000020230907KABKOTA,Waropen,,0.876665218552,7.26174952493,4326,4,,,Waropen,Papua,,0,Yapen Waropen,,2014-03,0.039358455157285824,3,0.039358455157285824,VIIRS DNB,nW/cm2/sr,2014,"{""type"":""MultiPoint"",""coordinates"":[]}"
3_00000000000000000000,BA03050040,,,,,,,91.06,91,2257.7785726,TASWIL5000020230907KABKOTA,Biak Numfor,,0.183451690197,5.35532578171,4326,4,,,Biak Numfor,Papua,,0,,,2014-04,0.24377429092445074,4,0.24377429092445074,VIIRS DNB,nW/cm2/sr,2014,"{""type"":""MultiPoint"",""coordinates"":[]}"
3_00000000000000000001,BA03050040,,,,,,,91.03,91,14082.2122578,TASWIL5000020230907KABKOTA,Jayapura,,1.14561199815,9.52170493241,4326,4,,,Jayapura,Papua,,0,,,2014-04,0.22462067609025654,4,0.22462067609025654,VIIRS DNB,nW/cm2/sr,2014,"{""type"":""MultiPoint"",""coordinates"":[]}"
3_00000000000000000003,BA03050040,,,,,,,91.05,91,2429.0300227,TASWIL5000020230907KABKOTA,Kepulauan Yapen,,0.19742592562,8.55393507975,4326,4,,,Kepulauan Yapen,Papua,,0,,,2014-04,0.25971788905562726,4,0.25971788905562726,VIIRS DNB,nW/cm2/sr,2014,"{""type"":""MultiPoint"",""coordinates"":[]}"
3_00000000000000000007,BA03050040,,,,,,,91.19,91,660.611723589,TASWIL5000020230907KABKOTA,Supiori,,0.0536731325628,3.38191482935,4326,4,,,Supiori,Papua,,0,Biak Numfor,,2014-04,0.23233720587159945,4,0.23233720587159945,VIIRS DNB,nW/cm2/sr,2014,"{""type"":""MultiPoint"",""coordinates"":[]}"
3_00000000000000000002,BA03050040,,,,,,,91.11,91,9526.3153833,TASWIL5000020230907KABKOTA,Keerom,,0.775256858574,6.07708966623,4326,4,,,Keerom,Papua,,0,Jayapura,,2014-04,0.21001728186334923,4,0.21001728186334923,VIIRS DNB,nW/cm2/sr,2014,"{""type"":""MultiPoint"",""coordinates"":[]}"
3_00000000000000000004,BA03050040,,,,,,,91.71,91,835.479147077,TASWIL5000020230907KABKOTA,Kota Jayapura,,0.0679466217871,2.36790963878,4326,5,,,Kota Jayapura,Papua,,0,Jayapura,,2014-04,0.7173872687015831,4,0.7173872687015831,VIIRS DNB,nW/cm2/sr,2014,"{""type"":""MultiPoint"",""coordinates"":[]}"
3_00000000000000000006,BA03050040,,,,,,,91.10,91,14068.3737441,TASWIL5000020230907KABKOTA,Sarmi,,1.1439791998,11.4902362416,4326,4,,,Sarmi,Papua,,0,Jayapura,,2014-04,0.12679429767939387,4,0.12679429767939387,VIIRS DNB,nW/cm2/sr,2014,"{""type"":""MultiPoint"",""coordinates"":[]}"
3_00000000000000000005,BA03050040,,,,,,,91.20,91,28042.3912459,TASWIL5000020230907KABKOTA,Mamberamo Raya,,2.28030775228,13.664376657,4326,4,,,Mamberamo Raya,Papua,,0,Sarmi,,2014-04,0.24569158940732633,4,0.24569158940732633,VIIRS DNB,nW/cm2/sr,2014,"{""type"":""MultiPoint"",""coordinates"":[]}"
3_00000000000000000008,BA03050040,,,,,,,91.15,91,10778.7667558,TASWIL5000020230907KABKOTA,Waropen,,0.876665218552,7.26174952493,4326,4,,,Waropen,Papua,,0,Yapen Waropen,,2014-04,0.4118175270641373,4,0.4118175270641373,VIIRS DNB,nW/cm2/sr,2014,"{""type"":""MultiPoint"",""coordinates"":[]}"
4_00000000000000000000,BA03050040,,,,,,,91.06,91,2257.7785726,TASWIL5000020230907KABKOTA,Biak Numfor,,0.183451690197,5.35532578171,4326,4,,,Biak Numfor,Papua,,0,,,2014-05,0.061688590723117206,5,0.061688590723117206,VIIRS DNB,nW/cm2/sr,2014,"{""type"":""MultiPoint"",""coordinates"":[]}"
4_00000000000000000001,BA03050040,,,,,,,91.03,91,14082.2122578,TASWIL5000020230907KABKOTA,Jayapura,,1.14561199815,9.52170493241,4326,4,,,Jayapura,Papua,,0,,,2014-05,-0.024724228971472504,5,-0.024724228971472504,VIIRS DNB,nW/cm2/sr,2014,"{""type"":""MultiPoint"",""coordinates"":[]}"
4_00000000000000000003,BA03050040,,,,,,,91.05,91,2429.0300227,TASWIL5000020230907KABKOTA,Kepulauan Yapen,,0.19742592562,8.55393507975,4326,4,,,Kepulauan Yapen,Papua,,0,,,2014-05,0.04232541586868414,5,0.04232541586868414,VIIRS DNB,nW/cm2/sr,2014,"{""type"":""MultiPoint"",""coordinates"":[]}"
4_00000000000000000007,BA03050040,,,,,,,91.19,91,660.611723589,TASWIL5000020230907KABKOTA,Supiori,,0.0536731325628,3.38191482935,4326,4,,,Supiori,Papua,,0,Biak Numfor,,2014-05,0.019400197594144762,5,0.019400197594144762,VIIRS DNB,nW/cm2/sr,2014,"{""type"":""MultiPoint"",""coordinates"":[]}"
4_00000000000000000002,BA03050040,,,,,,,91.11,91,9526.3153833,TASWIL5000020230907KABKOTA,Keerom,,0.775256858574,6.07708966623,4326,4,,,Keerom,Papua,,0,Jayapura,,2014-05,-0.039316865400539955,5,-0.039316865400539955,VIIRS DNB,nW/cm2/sr,2014,"{""type"":""MultiPoint"",""coordinates"":[]}"
4_00000000000000000004,BA03050040,,,,,,,91.71,91,835.479147077,TASWIL5000020230907KABKOTA,Kota Jayapura,,0.0679466217871,2.36790963878,4326,5,,,Kota Jayapura,Papua,,0,Jayapura,,2014-05,0.562143013040285,5,0.562143013040285,VIIRS DNB,nW/cm2/sr,2014,"{""type"":""MultiPoint"",""coordinates"":[]}"
4_00000000000000000006,BA03050040,,,,,,,91.10,91,14068.3737441,TASWIL5000020230907KABKOTA,Sarmi,,1.1439791998,11.4902362416,4326,4,,,Sarmi,Papua,,0,Jayapura,,2014-05,-0.007670605928589253,5,-0.007670605928589253,VIIRS DNB,nW/cm2/sr,2014,"{""type"":""MultiPoint"",""coordinates"":[]}"
4_00000000000000000005,BA03050040,,,,,,,91.20,91,28042.3912459,TASWIL5000020230907KABKOTA,Mamberamo Raya,,2.28030775228,13.664376657,4326,4,,,Mamberamo Raya,Papua,,0,Sarmi,,2014-05,-0.005759297745921172,5,-0.005759297745921172,VIIRS DNB,nW/cm2/sr,2014,"{""type"":""MultiPoint"",""coordinates"":[]}"
4_00000000000000000008,BA03050040,,,,,,,91.15,91,10778.7667558,TASWIL5000020230907KABKOTA,Waropen,,0.876665218552,7.26174952493,4326,4,,,Waropen,Papua,,0,Yapen Waropen,,2014-05,0.01690040330667467,5,0.01690040330667467,VIIRS DNB,nW/cm2/sr,2014,"{""type"":""MultiPoint"",""coordinates"":[]}"
5_00000000000000000000,BA03050040,,,,,,,91.06,91,2257.7785726,TASWIL5000020230907KABKOTA,Biak Numfor,,0.183451690197,5.35532578171,4326,4,,,Biak Numfor,Papua,,0,,,2014-06,0.04414913953382348,6,0.04414913953382348,VIIRS DNB,nW/cm2/sr,2014,"{""type"":""MultiPoint"",""coordinates"":[]}"
5_00000000000000000001,BA03050040,,,,,,,91.03,91,14082.2122578,TASWIL5000020230907KABKOTA,Jayapura,,1.14561199815,9.52170493241,4326,4,,,Jayapura,Papua,,0,,,2014-06,-0.03377757405568893,6,-0.03377757405568893,VIIRS DNB,nW/cm2/sr,2014,"{""type"":""MultiPoint"",""coordinates"":[]}"
5_00000000000000000003,BA03050040,,,,,,,91.05,91,2429.0300227,TASWIL5000020230907KABKOTA,Kepulauan Yapen,,0.19742592562,8.55393507975,4326,4,,,Kepulauan Yapen,Papua,,0,,,2014-06,-0.00990350979783667,6,-0.00990350979783667,VIIRS DNB,nW/cm2/sr,2014,"{""type"":""MultiPoint"",""coordinates"":[]}"
5_00000000000000000007,BA03050040,,,,,,,91.19,91,660.611723589,TASWIL5000020230907KABKOTA,Supiori,,0.0536731325628,3.38191482935,4326,4,,,Supiori,Papua,,0,Biak Numfor,,2014-06,-0.03266798958132392,6,-0.03266798958132392,VIIRS DNB,nW/cm2/sr,2014,"{""type"":""MultiPoint"",""coordinates"":[]}"
5_00000000000000000002,BA03050040,,,,,,,91.11,91,9526.3153833,TASWIL5000020230907KABKOTA,Keerom,,0.775256858574,6.07708966623,4326,4,,,Keerom,Papua,,0,Jayapura,,2014-06,-0.03094463768327715,6,-0.03094463768327715,VIIRS DNB,nW/cm2/sr,2014,"{""type"":""MultiPoint"",""coordinates"":[]}"
5_00000000000000000004,BA03050040,,,,,,,91.71,91,835.479147077,TASWIL5000020230907KABKOTA,Kota Jayapura,,0.0679466217871,2.36790963878,4326,5,,,Kota Jayapura,Papua,,0,Jayapura,,2014-06,0.5074987988094324,6,0.5074987988094324,VIIRS DNB,nW/cm2/sr,2014,"{""type"":""MultiPoint"",""coordinates"":[]}"
5_00000000000000000006,BA03050040,,,,,,,91.10,91,14068.3737441,TASWIL5000020230907KABKOTA,Sarmi,,1.1439791998,11.4902362416,4326,4,,,Sarmi,Papua,,0,Jayapura,,2014-06,-0.053855790466744886,6,-0.053855790466744886,VIIRS DNB,nW/cm2/sr,2014,"{""type"":""MultiPoint"",""coordinates"":[]}"
5_00000000000000000005,BA03050040,,,,,,,91.20,91,28042.3912459,TASWIL5000020230907KABKOTA,Mamberamo Raya,,2.28030775228,13.664376657,4326,4,,,Mamberamo Raya,Papua,,0,Sarmi,,2014-06,-0.062319789519250414,6,-0.062319789519250414,VIIRS DNB,nW/cm2/sr,2014,"{""type"":""MultiPoint"",""coordinates"":[]}"
5_00000000000000000008,BA03050040,,,,,,,91.15,91,10778.7667558,TASWIL5000020230907KABKOTA,Waropen,,0.876665218552,7.26174952493,4326,4,,,Waropen,Papua,,0,Yapen Waropen,,2014-06,-0.035762223864962764,6,-0.035762223864962764,VIIRS DNB,nW/cm2/sr,2014,"{""type"":""MultiPoint"",""coordinates"":[]}"
6_00000000000000000000,BA03050040,,,,,,,91.06,91,2257.7785726,TASWIL5000020230907KABKOTA,Biak Numfor,,0.183451690197,5.35532578171,4326,4,,,Biak Numfor,Papua,,0,,,2014-07,0.03150368247845376,7,0.03150368247845376,VIIRS DNB,nW/cm2/sr,2014,"{""type"":""MultiPoint"",""coordinates"":[]}"
6_00000000000000000001,BA03050040,,,,,,,91.03,91,14082.2122578,TASWIL5000020230907KABKOTA,Jayapura,,1.14561199815,9.52170493241,4326,4,,,Jayapura,Papua,,0,,,2014-07,-0.03265588586860903,7,-0.03265588586860903,VIIRS DNB,nW/cm2/sr,2014,"{""type"":""MultiPoint"",""coordinates"":[]}"
6_00000000000000000003,BA03050040,,,,,,,91.05,91,2429.0300227,TASWIL5000020230907KABKOTA,Kepulauan Yapen,,0.19742592562,8.55393507975,4326,4,,,Kepulauan Yapen,Papua,,0,,,2014-07,6.992929774470604E-4,7,6.992929774470604E-4,VIIRS DNB,nW/cm2/sr,2014,"{""type"":""MultiPoint"",""coordinates"":[]}"
6_00000000000000000007,BA03050040,,,,,,,91.19,91,660.611723589,TASWIL5000020230907KABKOTA,Supiori,,0.0536731325628,3.38191482935,4326,4,,,Supiori,Papua,,0,Biak Numfor,,2014-07,-0.03156785815552808,7,-0.03156785815552808,VIIRS DNB,nW/cm2/sr,2014,"{""type"":""MultiPoint"",""coordinates"":[]}"
6_00000000000000000002,BA03050040,,,,,,,91.11,91,9526.3153833,TASWIL5000020230907KABKOTA,Keerom,,0.775256858574,6.07708966623,4326,4,,,Keerom,Papua,,0,Jayapura,,2014-07,-0.07574515856047934,7,-0.07574515856047934,VIIRS DNB,nW/cm2/sr,2014,"{""type"":""MultiPoint"",""coordinates"":[]}"
6_00000000000000000004,BA03050040,,,,,,,91.71,91,835.479147077,TASWIL5000020230907KABKOTA,Kota Jayapura,,0.0679466217871,2.36790963878,4326,5,,,Kota Jayapura,Papua,,0,Jayapura,,2014-07,0.4006775688766511,7,0.4006775688766511,VIIRS DNB,nW/cm2/sr,2014,"{""type"":""MultiPoint"",""coordinates"":[]}"
6_00000000000000000006,BA03050040,,,,,,,91.10,91,14068.3737441,TASWIL5000020230907KABKOTA,Sarmi,,1.1439791998,11.4902362416,4326,4,,,Sarmi,Papua,,0,Jayapura,,2014-07,-0.054186450523158895,7,-0.054186450523158895,VIIRS DNB,nW/cm2/sr,2014,"{""type"":""MultiPoint"",""coordinates"":[]}"
6_00000000000000000005,BA03050040,,,,,,,91.20,91,28042.3912459,TASWIL5000020230907KABKOTA,Mamberamo Raya,,2.28030775228,13.664376657,4326,4,,,Mamberamo Raya,Papua,,0,Sarmi,,2014-07,-0.05461674612599371,7,-0.05461674612599371,VIIRS DNB,nW/cm2/sr,2014,"{""type"":""MultiPoint"",""coordinates"":[]}"
6_00000000000000000008,BA03050040,,,,,,,91.15,91,10778.7667558,TASWIL5000020230907KABKOTA,Waropen,,0.876665218552,7.26174952493,4326,4,,,Waropen,Papua,,0,Yapen Waropen,,2014-07,-0.031982303795980174,7,-0.031982303795980174,VIIRS DNB,nW/cm2/sr,2014,"{""type"":""MultiPoint"",""coordinates"":[]}"
7_00000000000000000000,BA03050040,,,,,,,91.06,91,2257.7785726,TASWIL5000020230907KABKOTA,Biak Numfor,,0.183451690197,5.35532578171,4326,4,,,Biak Numfor,Papua,,0,,,2014-08,0.07639629624199491,8,0.07639629624199491,VIIRS DNB,nW/cm2/sr,2014,"{""type"":""MultiPoint"",""coordinates"":[]}"
7_00000000000000000001,BA03050040,,,,,,,91.03,91,14082.2122578,TASWIL5000020230907KABKOTA,Jayapura,,1.14561199815,9.52170493241,4326,4,,,Jayapura,Papua,,0,,,2014-08,0.03029984374084019,8,0.03029984374084019,VIIRS DNB,nW/cm2/sr,2014,"{""type"":""MultiPoint"",""coordinates"":[]}"
7_00000000000000000003,BA03050040,,,,,,,91.05,91,2429.0300227,TASWIL5000020230907KABKOTA,Kepulauan Yapen,,0.19742592562,8.55393507975,4326,4,,,Kepulauan Yapen,Papua,,0,,,2014-08,0.07708075097693536,8,0.07708075097693536,VIIRS DNB,nW/cm2/sr,2014,"{""type"":""MultiPoint"",""coordinates"":[]}"
7_00000000000000000007,BA03050040,,,,,,,91.19,91,660.611723589,TASWIL5000020230907KABKOTA,Supiori,,0.0536731325628,3.38191482935,4326,4,,,Supiori,Papua,,0,Biak Numfor,,2014-08,0.018072927810428283,8,0.018072927810428283,VIIRS DNB,nW/cm2/sr,2014,"{""type"":""MultiPoint"",""coordinates"":[]}"
7_00000000000000000002,BA03050040,,,,,,,91.11,91,9526.3153833,TASWIL5000020230907KABKOTA,Keerom,,0.775256858574,6.07708966623,4326,4,,,Keerom,Papua,,0,Jayapura,,2014-08,0.0239779204401186,8,0.0239779204401186,VIIRS DNB,nW/cm2/sr,2014,"{""type"":""MultiPoint"",""coordinates"":[]}"
7_00000000000000000004,BA03050040,,,,,,,91.71,91,835.479147077,TASWIL5000020230907KABKOTA,Kota Jayapura,,0.0679466217871,2.36790963878,4326,5,,,Kota Jayapura,Papua,,0,Jayapura,,2014-08,0.5622103743604877,8,0.5622103743604877,VIIRS DNB,nW/cm2/sr,2014,"{""type"":""MultiPoint"",""coordinates"":[]}"
7_00000000000000000006,BA03050040,,,,,,,91.10,91,14068.3737441,TASWIL5000020230907KABKOTA,Sarmi,,1.1439791998,11.4902362416,4326,4,,,Sarmi,Papua,,0,Jayapura,,2014-08,0.007458707855628122,8,0.007458707855628122,VIIRS DNB,nW/cm2/sr,2014,"{""type"":""MultiPoint"",""coordinates"":[]}"
7_00000000000000000005,BA03050040,,,,,,,91.20,91,28042.3912459,TASWIL5000020230907KABKOTA,Mamberamo Raya,,2.28030775228,13.664376657,4326,4,,,Mamberamo Raya,Papua,,0,Sarmi,,2014-08,0.011740406874745583,8,0.011740406874745583,VIIRS DNB,nW/cm2/sr,2014,"{""type"":""MultiPoint"",""coordinates"":[]}"
7_00000000000000000008,BA03050040,,,,,,,91.15,91,10778.7667558,TASWIL5000020230907KABKOTA,Waropen,,0.876665218552,7.26174952493,4326,4,,,Waropen,Papua,,0,Yapen Waropen,,2014-08,0.033876510959463695,8,0.033876510959463695,VIIRS DNB,nW/cm2/sr,2014,"{""type"":""MultiPoint"",""coordinates"":[]}"
8_00000000000000000000,BA03050040,,,,,,,91.06,91,2257.7785726,TASWIL5000020230907KABKOTA,Biak Numfor,,0.183451690197,5.35532578171,4326,4,,,Biak Numfor,Papua,,0,,,2014-09,-0.007754576704171303,9,-0.007754576704171303,VIIRS DNB,nW/cm2/sr,2014,"{""type"":""MultiPoint"",""coordinates"":[]}"
8_00000000000000000001,BA03050040,,,,,,,91.03,91,14082.2122578,TASWIL5000020230907KABKOTA,Jayapura,,1.14561199815,9.52170493241,4326,4,,,Jayapura,Papua,,0,,,2014-09,0.016842874883379086,9,0.016842874883379086,VIIRS DNB,nW/cm2/sr,2014,"{""type"":""MultiPoint"",""coordinates"":[]}"
8_00000000000000000003,BA03050040,,,,,,,91.05,91,2429.0300227,TASWIL5000020230907KABKOTA,Kepulauan Yapen,,0.19742592562,8.55393507975,4326,4,,,Kepulauan Yapen,Papua,,0,,,2014-09,0.003207387544794539,9,0.003207387544794539,VIIRS DNB,nW/cm2/sr,2014,"{""type"":""MultiPoint"",""coordinates"":[]}"
8_00000000000000000007,BA03050040,,,,,,,91.19,91,660.611723589,TASWIL5000020230907KABKOTA,Supiori,,0.0536731325628,3.38191482935,4326,4,,,Supiori,Papua,,0,Biak Numfor,,2014-09,-0.03305188761110484,9,-0.03305188761110484,VIIRS DNB,nW/cm2/sr,2014,"{""type"":""MultiPoint"",""coordinates"":[]}"
8_00000000000000000002,BA03050040,,,,,,,91.11,91,9526.3153833,TASWIL5000020230907KABKOTA,Keerom,,0.775256858574,6.07708966623,4326,4,,,Keerom,Papua,,0,Jayapura,,2014-09,0.013989229733191449,9,0.013989229733191449,VIIRS DNB,nW/cm2/sr,2014,"{""type"":""MultiPoint"",""coordinates"":[]}"
8_00000000000000000004,BA03050040,,,,,,,91.71,91,835.479147077,TASWIL5000020230907KABKOTA,Kota Jayapura,,0.0679466217871,2.36790963878,4326,5,,,Kota Jayapura,Papua,,0,Jayapura,,2014-09,0.36201663968649095,9,0.36201663968649095,VIIRS DNB,nW/cm2/sr,2014,"{""type"":""MultiPoint"",""coordinates"":[]}"
8_00000000000000000006,BA03050040,,,,,,,91.10,91,14068.3737441,TASWIL5000020230907KABKOTA,Sarmi,,1.1439791998,11.4902362416,4326,4,,,Sarmi,Papua,,0,Jayapura,,2014-09,-0.008191620463460763,9,-0.008191620463460763,VIIRS DNB,nW/cm2/sr,2014,"{""type"":""MultiPoint"",""coordinates"":[]}"
8_00000000000000000005,BA03050040,,,,,,,91.20,91,28042.3912459,TASWIL5000020230907KABKOTA,Mamberamo Raya,,2.28030775228,13.664376657,4326,4,,,Mamberamo Raya,Papua,,0,Sarmi,,2014-09,-0.007830116738566968,9,-0.007830116738566968,VIIRS DNB,nW/cm2/sr,2014,"{""type"":""MultiPoint"",""coordinates"":[]}"
8_00000000000000000008,BA03050040,,,,,,,91.15,91,10778.7667558,TASWIL5000020230907KABKOTA,Waropen,,0.876665218552,7.26174952493,4326,4,,,Waropen,Papua,,0,Yapen Waropen,,2014-09,-0.04341874056072064,9,-0.04341874056072064,VIIRS DNB,nW/cm2/sr,2014,"{""type"":""MultiPoint"",""coordinates"":[]}"
9_00000000000000000000,BA03050040,,,,,,,91.06,91,2257.7785726,TASWIL5000020230907KABKOTA,Biak Numfor,,0.183451690197,5.35532578171,4326,4,,,Biak Numfor,Papua,,0,,,2014-10,-0.034646794513167115,10,-0.034646794513167115,VIIRS DNB,nW/cm2/sr,2014,"{""type"":""MultiPoint"",""coordinates"":[]}"
9_00000000000000000001,BA03050040,,,,,,,91.03,91,14082.2122578,TASWIL5000020230907KABKOTA,Jayapura,,1.14561199815,9.52170493241,4326,4,,,Jayapura,Papua,,0,,,2014-10,-0.039607164792557915,10,-0.039607164792557915,VIIRS DNB,nW/cm2/sr,2014,"{""type"":""MultiPoint"",""coordinates"":[]}"
9_00000000000000000003,BA03050040,,,,,,,91.05,91,2429.0300227,TASWIL5000020230907KABKOTA,Kepulauan Yapen,,0.19742592562,8.55393507975,4326,4,,,Kepulauan Yapen,Papua,,0,,,2014-10,-0.049654038270370966,10,-0.049654038270370966,VIIRS DNB,nW/cm2/sr,2014,"{""type"":""MultiPoint"",""coordinates"":[]}"
9_00000000000000000007,BA03050040,,,,,,,91.19,91,660.611723589,TASWIL5000020230907KABKOTA,Supiori,,0.0536731325628,3.38191482935,4326,4,,,Supiori,Papua,,0,Biak Numfor,,2014-10,-0.08832357896133738,10,-0.08832357896133738,VIIRS DNB,nW/cm2/sr,2014,"{""type"":""MultiPoint"",""coordinates"":[]}"
9_00000000000000000002,BA03050040,,,,,,,91.11,91,9526.3153833,TASWIL5000020230907KABKOTA,Keerom,,0.775256858574,6.07708966623,4326,4,,,Keerom,Papua,,0,Jayapura,,2014-10,-0.07827309773902606,10,-0.07827309773902606,VIIRS DNB,nW/cm2/sr,2014,"{""type"":""MultiPoint"",""coordinates"":[]}"
9_00000000000000000004,BA03050040,,,,,,,91.71,91,835.479147077,TASWIL5000020230907KABKOTA,Kota Jayapura,,0.0679466217871,2.36790963878,4326,5,,,Kota Jayapura,Papua,,0,Jayapura,,2014-10,0.5589010331254045,10,0.5589010331254045,VIIRS DNB,nW/cm2/sr,2014,"{""type"":""MultiPoint"",""coordinates"":[]}"
9_00000000000000000006,BA03050040,,,,,,,91.10,91,14068.3737441,TASWIL5000020230907KABKOTA,Sarmi,,1.1439791998,11.4902362416,4326,4,,,Sarmi,Papua,,0,Jayapura,,2014-10,-0.02387847818847556,10,-0.02387847818847556,VIIRS DNB,nW/cm2/sr,2014,"{""type"":""MultiPoint"",""coordinates"":[]}"
9_00000000000000000005,BA03050040,,,,,,,91.20,91,28042.3912459,TASWIL5000020230907KABKOTA,Mamberamo Raya,,2.28030775228,13.664376657,4326,4,,,Mamberamo Raya,Papua,,0,Sarmi,,2014-10,-0.04473713523206001,10,-0.04473713523206001,VIIRS DNB,nW/cm2/sr,2014,"{""type"":""MultiPoint"",""coordinates"":[]}"
9_00000000000000000008,BA03050040,,,,,,,91.15,91,10778.7667558,TASWIL5000020230907KABKOTA,Waropen,,0.876665218552,7.26174952493,4326,4,,,Waropen,Papua,,0,Yapen Waropen,,2014-10,-0.06901988507847225,10,-0.06901988507847225,VIIRS DNB,nW/cm2/sr,2014,"{""type"":""MultiPoint"",""coordinates"":[]}"
10_00000000000000000000,BA03050040,,,,,,,91.06,91,2257.7785726,TASWIL5000020230907KABKOTA,Biak Numfor,,0.183451690197,5.35532578171,4326,4,,,Biak Numfor,Papua,,0,,,2014-11,-0.19393067072856102,11,-0.19393067072856102,VIIRS DNB,nW/cm2/sr,2014,"{""type"":""MultiPoint"",""coordinates"":[]}"
10_00000000000000000001,BA03050040,,,,,,,91.03,91,14082.2122578,TASWIL5000020230907KABKOTA,Jayapura,,1.14561199815,9.52170493241,4326,4,,,Jayapura,Papua,,0,,,2014-11,-0.1953207906102651,11,-0.1953207906102651,VIIRS DNB,nW/cm2/sr,2014,"{""type"":""MultiPoint"",""coordinates"":[]}"
10_00000000000000000003,BA03050040,,,,,,,91.05,91,2429.0300227,TASWIL5000020230907KABKOTA,Kepulauan Yapen,,0.19742592562,8.55393507975,4326,4,,,Kepulauan Yapen,Papua,,0,,,2014-11,-0.2018796877965042,11,-0.2018796877965042,VIIRS DNB,nW/cm2/sr,2014,"{""type"":""MultiPoint"",""coordinates"":[]}"
10_00000000000000000007,BA03050040,,,,,,,91.19,91,660.611723589,TASWIL5000020230907KABKOTA,Supiori,,0.0536731325628,3.38191482935,4326,4,,,Supiori,Papua,,0,Biak Numfor,,2014-11,-0.2775769791824069,11,-0.2775769791824069,VIIRS DNB,nW/cm2/sr,2014,"{""type"":""MultiPoint"",""coordinates"":[]}"
10_00000000000000000002,BA03050040,,,,,,,91.11,91,9526.3153833,TASWIL5000020230907KABKOTA,Keerom,,0.775256858574,6.07708966623,4326,4,,,Keerom,Papua,,0,Jayapura,,2014-11,-0.220049061323821,11,-0.220049061323821,VIIRS DNB,nW/cm2/sr,2014,"{""type"":""MultiPoint"",""coordinates"":[]}"
10_00000000000000000004,BA03050040,,,,,,,91.71,91,835.479147077,TASWIL5000020230907KABKOTA,Kota Jayapura,,0.0679466217871,2.36790963878,4326,5,,,Kota Jayapura,Papua,,0,Jayapura,,2014-11,0.2527803204324062,11,0.2527803204324062,VIIRS DNB,nW/cm2/sr,2014,"{""type"":""MultiPoint"",""coordinates"":[]}"
10_00000000000000000006,BA03050040,,,,,,,91.10,91,14068.3737441,TASWIL5000020230907KABKOTA,Sarmi,,1.1439791998,11.4902362416,4326,4,,,Sarmi,Papua,,0,Jayapura,,2014-11,-0.2138172273459896,11,-0.2138172273459896,VIIRS DNB,nW/cm2/sr,2014,"{""type"":""MultiPoint"",""coordinates"":[]}"
10_00000000000000000005,BA03050040,,,,,,,91.20,91,28042.3912459,TASWIL5000020230907KABKOTA,Mamberamo Raya,,2.28030775228,13.664376657,4326,4,,,Mamberamo Raya,Papua,,0,Sarmi,,2014-11,-0.2235163091109225,11,-0.2235163091109225,VIIRS DNB,nW/cm2/sr,2014,"{""type"":""MultiPoint"",""coordinates"":[]}"
10_00000000000000000008,BA03050040,,,,,,,91.15,91,10778.7667558,TASWIL5000020230907KABKOTA,Waropen,,0.876665218552,7.26174952493,4326,4,,,Waropen,Papua,,0,Yapen Waropen,,2014-11,-0.2108796598146071,11,-0.2108796598146071,VIIRS DNB,nW/cm2/sr,2014,"{""type"":""MultiPoint"",""coordinates"":[]}"
11_00000000000000000000,BA03050040,,,,,,,91.06,91,2257.7785726,TASWIL5000020230907KABKOTA,Biak Numfor,,0.183451690197,5.35532578171,4326,4,,,Biak Numfor,Papua,,0,,,2014-12,0.1144883525971891,12,0.1144883525971891,VIIRS DNB,nW/cm2/sr,2014,"{""type"":""MultiPoint"",""coordinates"":[]}"
11_00000000000000000001,BA03050040,,,,,,,91.03,91,14082.2122578,TASWIL5000020230907KABKOTA,Jayapura,,1.14561199815,9.52170493241,4326,4,,,Jayapura,Papua,,0,,,2014-12,-0.018694547865015804,12,-0.018694547865015804,VIIRS DNB,nW/cm2/sr,2014,"{""type"":""MultiPoint"",""coordinates"":[]}"
11_00000000000000000003,BA03050040,,,,,,,91.05,91,2429.0300227,TASWIL5000020230907KABKOTA,Kepulauan Yapen,,0.19742592562,8.55393507975,4326,4,,,Kepulauan Yapen,Papua,,0,,,2014-12,0.006955550565660415,12,0.006955550565660415,VIIRS DNB,nW/cm2/sr,2014,"{""type"":""MultiPoint"",""coordinates"":[]}"
11_00000000000000000007,BA03050040,,,,,,,91.19,91,660.611723589,TASWIL5000020230907KABKOTA,Supiori,,0.0536731325628,3.38191482935,4326,4,,,Supiori,Papua,,0,Biak Numfor,,2014-12,0.028204767113730236,12,0.028204767113730236,VIIRS DNB,nW/cm2/sr,2014,"{""type"":""MultiPoint"",""coordinates"":[]}"
11_00000000000000000002,BA03050040,,,,,,,91.11,91,9526.3153833,TASWIL5000020230907KABKOTA,Keerom,,0.775256858574,6.07708966623,4326,4,,,Keerom,Papua,,0,Jayapura,,2014-12,-0.010954611249490988,12,-0.010954611249490988,VIIRS DNB,nW/cm2/sr,2014,"{""type"":""MultiPoint"",""coordinates"":[]}"
11_00000000000000000004,BA03050040,,,,,,,91.71,91,835.479147077,TASWIL5000020230907KABKOTA,Kota Jayapura,,0.0679466217871,2.36790963878,4326,5,,,Kota Jayapura,Papua,,0,Jayapura,,2014-12,0.5265134212743569,12,0.5265134212743569,VIIRS DNB,nW/cm2/sr,2014,"{""type"":""MultiPoint"",""coordinates"":[]}"
11_00000000000000000006,BA03050040,,,,,,,91.10,91,14068.3737441,TASWIL5000020230907KABKOTA,Sarmi,,1.1439791998,11.4902362416,4326,4,,,Sarmi,Papua,,0,Jayapura,,2014-12,-0.06175212521196376,12,-0.06175212521196376,VIIRS DNB,nW/cm2/sr,2014,"{""type"":""MultiPoint"",""coordinates"":[]}"
11_00000000000000000005,BA03050040,,,,,,,91.20,91,28042.3912459,TASWIL5000020230907KABKOTA,Mamberamo Raya,,2.28030775228,13.664376657,4326,4,,,Mamberamo Raya,Papua,,0,Sarmi,,2014-12,-0.044544914257824024,12,-0.044544914257824024,VIIRS DNB,nW/cm2/sr,2014,"{""type"":""MultiPoint"",""coordinates"":[]}"
11_00000000000000000008,BA03050040,,,,,,,91.15,91,10778.7667558,TASWIL5000020230907KABKOTA,Waropen,,0.876665218552,7.26174952493,4326,4,,,Waropen,Papua,,0,Yapen Waropen,,2014-12,-0.03729542020309739,12,-0.03729542020309739,VIIRS DNB,nW/cm2/sr,2014,"{""type"":""MultiPoint"",""coordinates"":[]}"
12_00000000000000000000,BA03050040,,,,,,,91.06,91,2257.7785726,TASWIL5000020230907KABKOTA,Biak Numfor,,0.183451690197,5.35532578171,4326,4,,,Biak Numfor,Papua,,0,,,2015-01,0.13116407438611533,1,0.13116407438611533,VIIRS DNB,nW/cm2/sr,2015,"{""type"":""MultiPoint"",""coordinates"":[]}"
12_00000000000000000001,BA03050040,,,,,,,91.03,91,14082.2122578,TASWIL5000020230907KABKOTA,Jayapura,,1.14561199815,9.52170493241,4326,4,,,Jayapura,Papua,,0,,,2015-01,0.048812761437333554,1,0.048812761437333554,VIIRS DNB,nW/cm2/sr,2015,"{""type"":""MultiPoint"",""coordinates"":[]}"
12_00000000000000000003,BA03050040,,,,,,,91.05,91,2429.0300227,TASWIL5000020230907KABKOTA,Kepulauan Yapen,,0.19742592562,8.55393507975,4326,4,,,Kepulauan Yapen,Papua,,0,,,2015-01,0.06645982673399875,1,0.06645982673399875,VIIRS DNB,nW/cm2/sr,2015,"{""type"":""MultiPoint"",""coordinates"":[]}"
12_00000000000000000007,BA03050040,,,,,,,91.19,91,660.611723589,TASWIL5000020230907KABKOTA,Supiori,,0.0536731325628,3.38191482935,4326,4,,,Supiori,Papua,,0,Biak Numfor,,2015-01,0.08016069283411968,1,0.08016069283411968,VIIRS DNB,nW/cm2/sr,2015,"{""type"":""MultiPoint"",""coordinates"":[]}"
12_00000000000000000002,BA03050040,,,,,,,91.11,91,9526.3153833,TASWIL5000020230907KABKOTA,Keerom,,0.775256858574,6.07708966623,4326,4,,,Keerom,Papua,,0,Jayapura,,2015-01,0.03478992748401306,1,0.03478992748401306,VIIRS DNB,nW/cm2/sr,2015,"{""type"":""MultiPoint"",""coordinates"":[]}"
12_00000000000000000004,BA03050040,,,,,,,91.71,91,835.479147077,TASWIL5000020230907KABKOTA,Kota Jayapura,,0.0679466217871,2.36790963878,4326,5,,,Kota Jayapura,Papua,,0,Jayapura,,2015-01,0.5839512405332791,1,0.5839512405332791,VIIRS DNB,nW/cm2/sr,2015,"{""type"":""MultiPoint"",""coordinates"":[]}"
12_00000000000000000006,BA03050040,,,,,,,91.10,91,14068.3737441,TASWIL5000020230907KABKOTA,Sarmi,,1.1439791998,11.4902362416,4326,4,,,Sarmi,Papua,,0,Jayapura,,2015-01,0.0296166574683854,1,0.0296166574683854,VIIRS DNB,nW/cm2/sr,2015,"{""type"":""MultiPoint"",""coordinates"":[]}"
12_00000000000000000005,BA03050040,,,,,,,91.20,91,28042.3912459,TASWIL5000020230907KABKOTA,Mamberamo Raya,,2.28030775228,13.664376657,4326,4,,,Mamberamo Raya,Papua,,0,Sarmi,,2015-01,0.04193805374107799,1,0.04193805374107799,VIIRS DNB,nW/cm2/sr,2015,"{""type"":""MultiPoint"",""coordinates"":[]}"
12_00000000000000000008,BA03050040,,,,,,,91.15,91,10778.7667558,TASWIL5000020230907KABKOTA,Waropen,,0.876665218552,7.26174952493,4326,4,,,Waropen,Papua,,0,Yapen Waropen,,2015-01,0.017389974352587257,1,0.017389974352587257,VIIRS DNB,nW/cm2/sr,2015,"{""type"":""MultiPoint"",""coordinates"":[]}"
13_00000000000000000000,BA03050040,,,,,,,91.06,91,2257.7785726,TASWIL5000020230907KABKOTA,Biak Numfor,,0.183451690197,5.35532578171,4326,4,,,Biak Numfor,Papua,,0,,,2015-02,0.1494066001343693,2,0.1494066001343693,VIIRS DNB,nW/cm2/sr,2015,"{""type"":""MultiPoint"",""coordinates"":[]}"
13_00000000000000000001,BA03050040,,,,,,,91.03,91,14082.2122578,TASWIL5000020230907KABKOTA,Jayapura,,1.14561199815,9.52170493241,4326,4,,,Jayapura,Papua,,0,,,2015-02,0.0990167656192427,2,0.0990167656192427,VIIRS DNB,nW/cm2/sr,2015,"{""type"":""MultiPoint"",""coordinates"":[]}"
13_00000000000000000003,BA03050040,,,,,,,91.05,91,2429.0300227,TASWIL5000020230907KABKOTA,Kepulauan Yapen,,0.19742592562,8.55393507975,4326,4,,,Kepulauan Yapen,Papua,,0,,,2015-02,0.12761660934104466,2,0.12761660934104466,VIIRS DNB,nW/cm2/sr,2015,"{""type"":""MultiPoint"",""coordinates"":[]}"
13_00000000000000000007,BA03050040,,,,,,,91.19,91,660.611723589,TASWIL5000020230907KABKOTA,Supiori,,0.0536731325628,3.38191482935,4326,4,,,Supiori,Papua,,0,Biak Numfor,,2015-02,0.0653579862666562,2,0.0653579862666562,VIIRS DNB,nW/cm2/sr,2015,"{""type"":""MultiPoint"",""coordinates"":[]}"
13_00000000000000000002,BA03050040,,,,,,,91.11,91,9526.3153833,TASWIL5000020230907KABKOTA,Keerom,,0.775256858574,6.07708966623,4326,4,,,Keerom,Papua,,0,Jayapura,,2015-02,0.0964247684272724,2,0.0964247684272724,VIIRS DNB,nW/cm2/sr,2015,"{""type"":""MultiPoint"",""coordinates"":[]}"
13_00000000000000000004,BA03050040,,,,,,,91.71,91,835.479147077,TASWIL5000020230907KABKOTA,Kota Jayapura,,0.0679466217871,2.36790963878,4326,5,,,Kota Jayapura,Papua,,0,Jayapura,,2015-02,0.6907420602398293,2,0.6907420602398293,VIIRS DNB,nW/cm2/sr,2015,"{""type"":""MultiPoint"",""coordinates"":[]}"
13_00000000000000000006,BA03050040,,,,,,,91.10,91,14068.3737441,TASWIL5000020230907KABKOTA,Sarmi,,1.1439791998,11.4902362416,4326,4,,,Sarmi,Papua,,0,Jayapura,,2015-02,0.07186924499519169,2,0.07186924499519169,VIIRS DNB,nW/cm2/sr,2015,"{""type"":""MultiPoint"",""coordinates"":[]}"
13_00000000000000000005,BA03050040,,,,,,,91.20,91,28042.3912459,TASWIL5000020230907KABKOTA,Mamberamo Raya,,2.28030775228,13.664376657,4326,4,,,Mamberamo Raya,Papua,,0,Sarmi,,2015-02,0.06315467732887255,2,0.06315467732887255,VIIRS DNB,nW/cm2/sr,2015,"{""type"":""MultiPoint"",""coordinates"":[]}"
13_00000000000000000008,BA03050040,,,,,,,91.15,91,10778.7667558,TASWIL5000020230907KABKOTA,Waropen,,0.876665218552,7.26174952493,4326,4,,,Waropen,Papua,,0,Yapen Waropen,,2015-02,0.1016668013813481,2,0.1016668013813481,VIIRS DNB,nW/cm2/sr,2015,"{""type"":""MultiPoint"",""coordinates"":[]}"
14_00000000000000000000,BA03050040,,,,,,,91.06,91,2257.7785726,TASWIL5000020230907KABKOTA,Biak Numfor,,0.183451690197,5.35532578171,4326,4,,,Biak Numfor,Papua,,0,,,2015-03,0.17782672269311317,3,0.17782672269311317,VIIRS DNB,nW/cm2/sr,2015,"{""type"":""MultiPoint"",""coordinates"":[]}"
14_00000000000000000001,BA03050040,,,,,,,91.03,91,14082.2122578,TASWIL5000020230907KABKOTA,Jayapura,,1.14561199815,9.52170493241,4326,4,,,Jayapura,Papua,,0,,,2015-03,0.12800587654777454,3,0.12800587654777454,VIIRS DNB,nW/cm2/sr,2015,"{""type"":""MultiPoint"",""coordinates"":[]}"
14_00000000000000000003,BA03050040,,,,,,,91.05,91,2429.0300227,TASWIL5000020230907KABKOTA,Kepulauan Yapen,,0.19742592562,8.55393507975,4326,4,,,Kepulauan Yapen,Papua,,0,,,2015-03,0.1421524277982565,3,0.1421524277982565,VIIRS DNB,nW/cm2/sr,2015,"{""type"":""MultiPoint"",""coordinates"":[]}"
14_00000000000000000007,BA03050040,,,,,,,91.19,91,660.611723589,TASWIL5000020230907KABKOTA,Supiori,,0.0536731325628,3.38191482935,4326,4,,,Supiori,Papua,,0,Biak Numfor,,2015-03,0.09641679008931,3,0.09641679008931,VIIRS DNB,nW/cm2/sr,2015,"{""type"":""MultiPoint"",""coordinates"":[]}"
14_00000000000000000002,BA03050040,,,,,,,91.11,91,9526.3153833,TASWIL5000020230907KABKOTA,Keerom,,0.775256858574,6.07708966623,4326,4,,,Keerom,Papua,,0,Jayapura,,2015-03,0.12365059651376062,3,0.12365059651376062,VIIRS DNB,nW/cm2/sr,2015,"{""type"":""MultiPoint"",""coordinates"":[]}"
14_00000000000000000004,BA03050040,,,,,,,91.71,91,835.479147077,TASWIL5000020230907KABKOTA,Kota Jayapura,,0.0679466217871,2.36790963878,4326,5,,,Kota Jayapura,Papua,,0,Jayapura,,2015-03,0.7263540571797213,3,0.7263540571797213,VIIRS DNB,nW/cm2/sr,2015,"{""type"":""MultiPoint"",""coordinates"":[]}"
14_00000000000000000006,BA03050040,,,,,,,91.10,91,14068.3737441,TASWIL5000020230907KABKOTA,Sarmi,,1.1439791998,11.4902362416,4326,4,,,Sarmi,Papua,,0,Jayapura,,2015-03,0.11355193016556137,3,0.11355193016556137,VIIRS DNB,nW/cm2/sr,2015,"{""type"":""MultiPoint"",""coordinates"":[]}"
14_00000000000000000005,BA03050040,,,,,,,91.20,91,28042.3912459,TASWIL5000020230907KABKOTA,Mamberamo Raya,,2.28030775228,13.664376657,4326,4,,,Mamberamo Raya,Papua,,0,Sarmi,,2015-03,0.10395270091754259,3,0.10395270091754259,VIIRS DNB,nW/cm2/sr,2015,"{""type"":""MultiPoint"",""coordinates"":[]}"
14_00000000000000000008,BA03050040,,,,,,,91.15,91,10778.7667558,TASWIL5000020230907KABKOTA,Waropen,,0.876665218552,7.26174952493,4326,4,,,Waropen,Papua,,0,Yapen Waropen,,2015-03,0.09170955770455853,3,0.09170955770455853,VIIRS DNB,nW/cm2/sr,2015,"{""type"":""MultiPoint"",""coordinates"":[]}"
15_00000000000000000000,BA03050040,,,,,,,91.06,91,2257.7785726,TASWIL5000020230907KABKOTA,Biak Numfor,,0.183451690197,5.35532578171,4326,4,,,Biak Numfor,Papua,,0,,,2015-04,0.1256279669657717,4,0.1256279669657717,VIIRS DNB,nW/cm2/sr,2015,"{""type"":""MultiPoint"",""coordinates"":[]}"
15_00000000000000000001,BA03050040,,,,,,,91.03,91,14082.2122578,TASWIL5000020230907KABKOTA,Jayapura,,1.14561199815,9.52170493241,4326,4,,,Jayapura,Papua,,0,,,2015-04,0.03734262159991646,4,0.03734262159991646,VIIRS DNB,nW/cm2/sr,2015,"{""type"":""MultiPoint"",""coordinates"":[]}"
15_00000000000000000003,BA03050040,,,,,,,91.05,91,2429.0300227,TASWIL5000020230907KABKOTA,Kepulauan Yapen,,0.19742592562,8.55393507975,4326,4,,,Kepulauan Yapen,Papua,,0,,,2015-04,0.10988850804313308,4,0.10988850804313308,VIIRS DNB,nW/cm2/sr,2015,"{""type"":""MultiPoint"",""coordinates"":[]}"
15_00000000000000000007,BA03050040,,,,,,,91.19,91,660.611723589,TASWIL5000020230907KABKOTA,Supiori,,0.0536731325628,3.38191482935,4326,4,,,Supiori,Papua,,0,Biak Numfor,,2015-04,0.08971838863823842,4,0.08971838863823842,VIIRS DNB,nW/cm2/sr,2015,"{""type"":""MultiPoint"",""coordinates"":[]}"
15_00000000000000000002,BA03050040,,,,,,,91.11,91,9526.3153833,TASWIL5000020230907KABKOTA,Keerom,,0.775256858574,6.07708966623,4326,4,,,Keerom,Papua,,0,Jayapura,,2015-04,0.07439049922467454,4,0.07439049922467454,VIIRS DNB,nW/cm2/sr,2015,"{""type"":""MultiPoint"",""coordinates"":[]}"
15_00000000000000000004,BA03050040,,,,,,,91.71,91,835.479147077,TASWIL5000020230907KABKOTA,Kota Jayapura,,0.0679466217871,2.36790963878,4326,5,,,Kota Jayapura,Papua,,0,Jayapura,,2015-04,0.713429841944326,4,0.713429841944326,VIIRS DNB,nW/cm2/sr,2015,"{""type"":""MultiPoint"",""coordinates"":[]}"
15_00000000000000000006,BA03050040,,,,,,,91.10,91,14068.3737441,TASWIL5000020230907KABKOTA,Sarmi,,1.1439791998,11.4902362416,4326,4,,,Sarmi,Papua,,0,Jayapura,,2015-04,-0.03119063818707287,4,-0.03119063818707287,VIIRS DNB,nW/cm2/sr,2015,"{""type"":""MultiPoint"",""coordinates"":[]}"
15_00000000000000000005,BA03050040,,,,,,,91.20,91,28042.3912459,TASWIL5000020230907KABKOTA,Mamberamo Raya,,2.28030775228,13.664376657,4326,4,,,Mamberamo Raya,Papua,,0,Sarmi,,2015-04,-0.03455321286885533,4,-0.03455321286885533,VIIRS DNB,nW/cm2/sr,2015,"{""type"":""MultiPoint"",""coordinates"":[]}"
15_00000000000000000008,BA03050040,,,,,,,91.15,91,10778.7667558,TASWIL5000020230907KABKOTA,Waropen,,0.876665218552,7.26174952493,4326,4,,,Waropen,Papua,,0,Yapen Waropen,,2015-04,0.01211440044686697,4,0.01211440044686697,VIIRS DNB,nW/cm2/sr,2015,"{""type"":""MultiPoint"",""coordinates"":[]}"
16_00000000000000000000,BA03050040,,,,,,,91.06,91,2257.7785726,TASWIL5000020230907KABKOTA,Biak Numfor,,0.183451690197,5.35532578171,4326,4,,,Biak Numfor,Papua,,0,,,2015-05,0.0326103884114829,5,0.0326103884114829,VIIRS DNB,nW/cm2/sr,2015,"{""type"":""MultiPoint"",""coordinates"":[]}"
16_00000000000000000001,BA03050040,,,,,,,91.03,91,14082.2122578,TASWIL5000020230907KABKOTA,Jayapura,,1.14561199815,9.52170493241,4326,4,,,Jayapura,Papua,,0,,,2015-05,-0.006019612488186238,5,-0.006019612488186238,VIIRS DNB,nW/cm2/sr,2015,"{""type"":""MultiPoint"",""coordinates"":[]}"
16_00000000000000000003,BA03050040,,,,,,,91.05,91,2429.0300227,TASWIL5000020230907KABKOTA,Kepulauan Yapen,,0.19742592562,8.55393507975,4326,4,,,Kepulauan Yapen,Papua,,0,,,2015-05,-0.005043401148331434,5,-0.005043401148331434,VIIRS DNB,nW/cm2/sr,2015,"{""type"":""MultiPoint"",""coordinates"":[]}"
16_00000000000000000007,BA03050040,,,,,,,91.19,91,660.611723589,TASWIL5000020230907KABKOTA,Supiori,,0.0536731325628,3.38191482935,4326,4,,,Supiori,Papua,,0,Biak Numfor,,2015-05,-0.03300186161685475,5,-0.03300186161685475,VIIRS DNB,nW/cm2/sr,2015,"{""type"":""MultiPoint"",""coordinates"":[]}"
16_00000000000000000002,BA03050040,,,,,,,91.11,91,9526.3153833,TASWIL5000020230907KABKOTA,Keerom,,0.775256858574,6.07708966623,4326,4,,,Keerom,Papua,,0,Jayapura,,2015-05,-0.003981303084615704,5,-0.003981303084615704,VIIRS DNB,nW/cm2/sr,2015,"{""type"":""MultiPoint"",""coordinates"":[]}"
16_00000000000000000004,BA03050040,,,,,,,91.71,91,835.479147077,TASWIL5000020230907KABKOTA,Kota Jayapura,,0.0679466217871,2.36790963878,4326,5,,,Kota Jayapura,Papua,,0,Jayapura,,2015-05,0.569040990251341,5,0.569040990251341,VIIRS DNB,nW/cm2/sr,2015,"{""type"":""MultiPoint"",""coordinates"":[]}"
16_00000000000000000006,BA03050040,,,,,,,91.10,91,14068.3737441,TASWIL5000020230907KABKOTA,Sarmi,,1.1439791998,11.4902362416,4326,4,,,Sarmi,Papua,,0,Jayapura,,2015-05,-0.010420872273194404,5,-0.010420872273194404,VIIRS DNB,nW/cm2/sr,2015,"{""type"":""MultiPoint"",""coordinates"":[]}"
16_00000000000000000005,BA03050040,,,,,,,91.20,91,28042.3912459,TASWIL5000020230907KABKOTA,Mamberamo Raya,,2.28030775228,13.664376657,4326,4,,,Mamberamo Raya,Papua,,0,Sarmi,,2015-05,-0.01488929766546728,5,-0.01488929766546728,VIIRS DNB,nW/cm2/sr,2015,"{""type"":""MultiPoint"",""coordinates"":[]}"
16_00000000000000000008,BA03050040,,,,,,,91.15,91,10778.7667558,TASWIL5000020230907KABKOTA,Waropen,,0.876665218552,7.26174952493,4326,4,,,Waropen,Papua,,0,Yapen Waropen,,2015-05,-0.0280379271491555,5,-0.0280379271491555,VIIRS DNB,nW/cm2/sr,2015,"{""type"":""MultiPoint"",""coordinates"":[]}"
17_00000000000000000000,BA03050040,,,,,,,91.06,91,2257.7785726,TASWIL5000020230907KABKOTA,Biak Numfor,,0.183451690197,5.35532578171,4326,4,,,Biak Numfor,Papua,,0,,,2015-06,0.01747492300073722,6,0.01747492300073722,VIIRS DNB,nW/cm2/sr,2015,"{""type"":""MultiPoint"",""coordinates"":[]}"
17_00000000000000000001,BA03050040,,,,,,,91.03,91,14082.2122578,TASWIL5000020230907KABKOTA,Jayapura,,1.14561199815,9.52170493241,4326,4,,,Jayapura,Papua,,0,,,2015-06,-0.050316739952183505,6,-0.050316739952183505,VIIRS DNB,nW/cm2/sr,2015,"{""type"":""MultiPoint"",""coordinates"":[]}"
17_00000000000000000003,BA03050040,,,,,,,91.05,91,2429.0300227,TASWIL5000020230907KABKOTA,Kepulauan Yapen,,0.19742592562,8.55393507975,4326,4,,,Kepulauan Yapen,Papua,,0,,,2015-06,-0.046742784743209545,6,-0.046742784743209545,VIIRS DNB,nW/cm2/sr,2015,"{""type"":""MultiPoint"",""coordinates"":[]}"
17_00000000000000000007,BA03050040,,,,,,,91.19,91,660.611723589,TASWIL5000020230907KABKOTA,Supiori,,0.0536731325628,3.38191482935,4326,4,,,Supiori,Papua,,0,Biak Numfor,,2015-06,-0.061075691931453575,6,-0.061075691931453575,VIIRS DNB,nW/cm2/sr,2015,"{""type"":""MultiPoint"",""coordinates"":[]}"
17_00000000000000000002,BA03050040,,,,,,,91.11,91,9526.3153833,TASWIL5000020230907KABKOTA,Keerom,,0.775256858574,6.07708966623,4326,4,,,Keerom,Papua,,0,Jayapura,,2015-06,-0.04811185003311508,6,-0.04811185003311508,VIIRS DNB,nW/cm2/sr,2015,"{""type"":""MultiPoint"",""coordinates"":[]}"
17_00000000000000000004,BA03050040,,,,,,,91.71,91,835.479147077,TASWIL5000020230907KABKOTA,Kota Jayapura,,0.0679466217871,2.36790963878,4326,5,,,Kota Jayapura,Papua,,0,Jayapura,,2015-06,0.5358784034775971,6,0.5358784034775971,VIIRS DNB,nW/cm2/sr,2015,"{""type"":""MultiPoint"",""coordinates"":[]}"
17_00000000000000000006,BA03050040,,,,,,,91.10,91,14068.3737441,TASWIL5000020230907KABKOTA,Sarmi,,1.1439791998,11.4902362416,4326,4,,,Sarmi,Papua,,0,Jayapura,,2015-06,-0.07326193247571573,6,-0.07326193247571573,VIIRS DNB,nW/cm2/sr,2015,"{""type"":""MultiPoint"",""coordinates"":[]}"
17_00000000000000000005,BA03050040,,,,,,,91.20,91,28042.3912459,TASWIL5000020230907KABKOTA,Mamberamo Raya,,2.28030775228,13.664376657,4326,4,,,Mamberamo Raya,Papua,,0,Sarmi,,2015-06,-0.09575420789752538,6,-0.09575420789752538,VIIRS DNB,nW/cm2/sr,2015,"{""type"":""MultiPoint"",""coordinates"":[]}"
17_00000000000000000008,BA03050040,,,,,,,91.15,91,10778.7667558,TASWIL5000020230907KABKOTA,Waropen,,0.876665218552,7.26174952493,4326,4,,,Waropen,Papua,,0,Yapen Waropen,,2015-06,-0.08646712792828114,6,-0.08646712792828114,VIIRS DNB,nW/cm2/sr,2015,"{""type"":""MultiPoint"",""coordinates"":[]}"
18_00000000000000000000,BA03050040,,,,,,,91.06,91,2257.7785726,TASWIL5000020230907KABKOTA,Biak Numfor,,0.183451690197,5.35532578171,4326,4,,,Biak Numfor,Papua,,0,,,2015-07,0.14278587756346411,7,0.14278587756346411,VIIRS DNB,nW/cm2/sr,2015,"{""type"":""MultiPoint"",""coordinates"":[]}"
18_00000000000000000001,BA03050040,,,,,,,91.03,91,14082.2122578,TASWIL5000020230907KABKOTA,Jayapura,,1.14561199815,9.52170493241,4326,4,,,Jayapura,Papua,,0,,,2015-07,0.047407937679102514,7,0.047407937679102514,VIIRS DNB,nW/cm2/sr,2015,"{""type"":""MultiPoint"",""coordinates"":[]}"
18_00000000000000000003,BA03050040,,,,,,,91.05,91,2429.0300227,TASWIL5000020230907KABKOTA,Kepulauan Yapen,,0.19742592562,8.55393507975,4326,4,,,Kepulauan Yapen,Papua,,0,,,2015-07,0.08786349521402227,7,0.08786349521402227,VIIRS DNB,nW/cm2/sr,2015,"{""type"":""MultiPoint"",""coordinates"":[]}"
18_00000000000000000007,BA03050040,,,,,,,91.19,91,660.611723589,TASWIL5000020230907KABKOTA,Supiori,,0.0536731325628,3.38191482935,4326,4,,,Supiori,Papua,,0,Biak Numfor,,2015-07,0.054559175431225224,7,0.054559175431225224,VIIRS DNB,nW/cm2/sr,2015,"{""type"":""MultiPoint"",""coordinates"":[]}"
18_00000000000000000002,BA03050040,,,,,,,91.11,91,9526.3153833,TASWIL5000020230907KABKOTA,Keerom,,0.775256858574,6.07708966623,4326,4,,,Keerom,Papua,,0,Jayapura,,2015-07,0.04102799883124642,7,0.04102799883124642,VIIRS DNB,nW/cm2/sr,2015,"{""type"":""MultiPoint"",""coordinates"":[]}"
18_00000000000000000004,BA03050040,,,,,,,91.71,91,835.479147077,TASWIL5000020230907KABKOTA,Kota Jayapura,,0.0679466217871,2.36790963878,4326,5,,,Kota Jayapura,Papua,,0,Jayapura,,2015-07,0.6141248745926308,7,0.6141248745926308,VIIRS DNB,nW/cm2/sr,2015,"{""type"":""MultiPoint"",""coordinates"":[]}"
18_00000000000000000006,BA03050040,,,,,,,91.10,91,14068.3737441,TASWIL5000020230907KABKOTA,Sarmi,,1.1439791998,11.4902362416,4326,4,,,Sarmi,Papua,,0,Jayapura,,2015-07,0.05009441702572749,7,0.05009441702572749,VIIRS DNB,nW/cm2/sr,2015,"{""type"":""MultiPoint"",""coordinates"":[]}"
18_00000000000000000005,BA03050040,,,,,,,91.20,91,28042.3912459,TASWIL5000020230907KABKOTA,Mamberamo Raya,,2.28030775228,13.664376657,4326,4,,,Mamberamo Raya,Papua,,0,Sarmi,,2015-07,0.06194215769431169,7,0.06194215769431169,VIIRS DNB,nW/cm2/sr,2015,"{""type"":""MultiPoint"",""coordinates"":[]}"
18_00000000000000000008,BA03050040,,,,,,,91.15,91,10778.7667558,TASWIL5000020230907KABKOTA,Waropen,,0.876665218552,7.26174952493,4326,4,,,Waropen,Papua,,0,Yapen Waropen,,2015-07,0.06898110810896972,7,0.06898110810896972,VIIRS DNB,nW/cm2/sr,2015,"{""type"":""MultiPoint"",""coordinates"":[]}"
19_00000000000000000000,BA03050040,,,,,,,91.06,91,2257.7785726,TASWIL5000020230907KABKOTA,Biak Numfor,,0.183451690197,5.35532578171,4326,4,,,Biak Numfor,Papua,,0,,,2015-08,0.14828252671430542,8,0.14828252671430542,VIIRS DNB,nW/cm2/sr,2015,"{""type"":""MultiPoint"",""coordinates"":[]}"
19_00000000000000000001,BA03050040,,,,,,,91.03,91,14082.2122578,TASWIL5000020230907KABKOTA,Jayapura,,1.14561199815,9.52170493241,4326,4,,,Jayapura,Papua,,0,,,2015-08,0.18547246593323077,8,0.18547246593323077,VIIRS DNB,nW/cm2/sr,2015,"{""type"":""MultiPoint"",""coordinates"":[]}"
19_00000000000000000003,BA03050040,,,,,,,91.05,91,2429.0300227,TASWIL5000020230907KABKOTA,Kepulauan Yapen,,0.19742592562,8.55393507975,4326,4,,,Kepulauan Yapen,Papua,,0,,,2015-08,0.10314684958801744,8,0.10314684958801744,VIIRS DNB,nW/cm2/sr,2015,"{""type"":""MultiPoint"",""coordinates"":[]}"
19_00000000000000000007,BA03050040,,,,,,,91.19,91,660.611723589,TASWIL5000020230907KABKOTA,Supiori,,0.0536731325628,3.38191482935,4326,4,,,Supiori,Papua,,0,Biak Numfor,,2015-08,0.0707432320852258,8,0.0707432320852258,VIIRS DNB,nW/cm2/sr,2015,"{""type"":""MultiPoint"",""coordinates"":[]}"
19_00000000000000000002,BA03050040,,,,,,,91.11,91,9526.3153833,TASWIL5000020230907KABKOTA,Keerom,,0.775256858574,6.07708966623,4326,4,,,Keerom,Papua,,0,Jayapura,,2015-08,0.15901181986298166,8,0.15901181986298166,VIIRS DNB,nW/cm2/sr,2015,"{""type"":""MultiPoint"",""coordinates"":[]}"
19_00000000000000000004,BA03050040,,,,,,,91.71,91,835.479147077,TASWIL5000020230907KABKOTA,Kota Jayapura,,0.0679466217871,2.36790963878,4326,5,,,Kota Jayapura,Papua,,0,Jayapura,,2015-08,0.6719424676960168,8,0.6719424676960168,VIIRS DNB,nW/cm2/sr,2015,"{""type"":""MultiPoint"",""coordinates"":[]}"
19_00000000000000000006,BA03050040,,,,,,,91.10,91,14068.3737441,TASWIL5000020230907KABKOTA,Sarmi,,1.1439791998,11.4902362416,4326,4,,,Sarmi,Papua,,0,Jayapura,,2015-08,0.17862691514400103,8,0.17862691514400103,VIIRS DNB,nW/cm2/sr,2015,"{""type"":""MultiPoint"",""coordinates"":[]}"
19_00000000000000000005,BA03050040,,,,,,,91.20,91,28042.3912459,TASWIL5000020230907KABKOTA,Mamberamo Raya,,2.28030775228,13.664376657,4326,4,,,Mamberamo Raya,Papua,,0,Sarmi,,2015-08,0.19093617902813984,8,0.19093617902813984,VIIRS DNB,nW/cm2/sr,2015,"{""type"":""MultiPoint"",""coordinates"":[]}"
19_00000000000000000008,BA03050040,,,,,,,91.15,91,10778.7667558,TASWIL5000020230907KABKOTA,Waropen,,0.876665218552,7.26174952493,4326,4,,,Waropen,Papua,,0,Yapen Waropen,,2015-08,0.21748416768818823,8,0.21748416768818823,VIIRS DNB,nW/cm2/sr,2015,"{""type"":""MultiPoint"",""coordinates"":[]}"
20_00000000000000000000,BA03050040,,,,,,,91.06,91,2257.7785726,TASWIL5000020230907KABKOTA,Biak Numfor,,0.183451690197,5.35532578171,4326,4,,,Biak Numfor,Papua,,0,,,2015-09,0.13056493485732643,9,0.13056493485732643,VIIRS DNB,nW/cm2/sr,2015,"{""type"":""MultiPoint"",""coordinates"":[]}"
20_00000000000000000001,BA03050040,,,,,,,91.03,91,14082.2122578,TASWIL5000020230907KABKOTA,Jayapura,,1.14561199815,9.52170493241,4326,4,,,Jayapura,Papua,,0,,,2015-09,0.050055342643440914,9,0.050055342643440914,VIIRS DNB,nW/cm2/sr,2015,"{""type"":""MultiPoint"",""coordinates"":[]}"
20_00000000000000000003,BA03050040,,,,,,,91.05,91,2429.0300227,TASWIL5000020230907KABKOTA,Kepulauan Yapen,,0.19742592562,8.55393507975,4326,4,,,Kepulauan Yapen,Papua,,0,,,2015-09,0.1326652906339176,9,0.1326652906339176,VIIRS DNB,nW/cm2/sr,2015,"{""type"":""MultiPoint"",""coordinates"":[]}"
20_00000000000000000007,BA03050040,,,,,,,91.19,91,660.611723589,TASWIL5000020230907KABKOTA,Supiori,,0.0536731325628,3.38191482935,4326,4,,,Supiori,Papua,,0,Biak Numfor,,2015-09,-6.860762057177458E-4,9,-6.860762057177458E-4,VIIRS DNB,nW/cm2/sr,2015,"{""type"":""MultiPoint"",""coordinates"":[]}"
20_00000000000000000002,BA03050040,,,,,,,91.11,91,9526.3153833,TASWIL5000020230907KABKOTA,Keerom,,0.775256858574,6.07708966623,4326,4,,,Keerom,Papua,,0,Jayapura,,2015-09,0.04880969867374059,9,0.04880969867374059,VIIRS DNB,nW/cm2/sr,2015,"{""type"":""MultiPoint"",""coordinates"":[]}"
20_00000000000000000004,BA03050040,,,,,,,91.71,91,835.479147077,TASWIL5000020230907KABKOTA,Kota Jayapura,,0.0679466217871,2.36790963878,4326,5,,,Kota Jayapura,Papua,,0,Jayapura,,2015-09,0.619088803720151,9,0.619088803720151,VIIRS DNB,nW/cm2/sr,2015,"{""type"":""MultiPoint"",""coordinates"":[]}"
20_00000000000000000006,BA03050040,,,,,,,91.10,91,14068.3737441,TASWIL5000020230907KABKOTA,Sarmi,,1.1439791998,11.4902362416,4326,4,,,Sarmi,Papua,,0,Jayapura,,2015-09,0.0452160559531387,9,0.0452160559531387,VIIRS DNB,nW/cm2/sr,2015,"{""type"":""MultiPoint"",""coordinates"":[]}"
20_00000000000000000005,BA03050040,,,,,,,91.20,91,28042.3912459,TASWIL5000020230907KABKOTA,Mamberamo Raya,,2.28030775228,13.664376657,4326,4,,,Mamberamo Raya,Papua,,0,Sarmi,,2015-09,0.054615672182596844,9,0.054615672182596844,VIIRS DNB,nW/cm2/sr,2015,"{""type"":""MultiPoint"",""coordinates"":[]}"
20_00000000000000000008,BA03050040,,,,,,,91.15,91,10778.7667558,TASWIL5000020230907KABKOTA,Waropen,,0.876665218552,7.26174952493,4326,4,,,Waropen,Papua,,0,Yapen Waropen,,2015-09,0.026255779272769533,9,0.026255779272769533,VIIRS DNB,nW/cm2/sr,2015,"{""type"":""MultiPoint"",""coordinates"":[]}"
21_00000000000000000000,BA03050040,,,,,,,91.06,91,2257.7785726,TASWIL5000020230907KABKOTA,Biak Numfor,,0.183451690197,5.35532578171,4326,4,,,Biak Numfor,Papua,,0,,,2015-10,0.12067928260565564,10,0.12067928260565564,VIIRS DNB,nW/cm2/sr,2015,"{""type"":""MultiPoint"",""coordinates"":[]}"
21_00000000000000000001,BA03050040,,,,,,,91.03,91,14082.2122578,TASWIL5000020230907KABKOTA,Jayapura,,1.14561199815,9.52170493241,4326,4,,,Jayapura,Papua,,0,,,2015-10,0.10147685366891085,10,0.10147685366891085,VIIRS DNB,nW/cm2/sr,2015,"{""type"":""MultiPoint"",""coordinates"":[]}"
21_00000000000000000003,BA03050040,,,,,,,91.05,91,2429.0300227,TASWIL5000020230907KABKOTA,Kepulauan Yapen,,0.19742592562,8.55393507975,4326,4,,,Kepulauan Yapen,Papua,,0,,,2015-10,0.0890103453206767,10,0.0890103453206767,VIIRS DNB,nW/cm2/sr,2015,"{""type"":""MultiPoint"",""coordinates"":[]}"
21_00000000000000000007,BA03050040,,,,,,,91.19,91,660.611723589,TASWIL5000020230907KABKOTA,Supiori,,0.0536731325628,3.38191482935,4326,4,,,Supiori,Papua,,0,Biak Numfor,,2015-10,0.0378314575441467,10,0.0378314575441467,VIIRS DNB,nW/cm2/sr,2015,"{""type"":""MultiPoint"",""coordinates"":[]}"
21_00000000000000000002,BA03050040,,,,,,,91.11,91,9526.3153833,TASWIL5000020230907KABKOTA,Keerom,,0.775256858574,6.07708966623,4326,4,,,Keerom,Papua,,0,Jayapura,,2015-10,0.11650065275985731,10,0.11650065275985731,VIIRS DNB,nW/cm2/sr,2015,"{""type"":""MultiPoint"",""coordinates"":[]}"
21_00000000000000000004,BA03050040,,,,,,,91.71,91,835.479147077,TASWIL5000020230907KABKOTA,Kota Jayapura,,0.0679466217871,2.36790963878,4326,5,,,Kota Jayapura,Papua,,0,Jayapura,,2015-10,0.6982799872360768,10,0.6982799872360768,VIIRS DNB,nW/cm2/sr,2015,"{""type"":""MultiPoint"",""coordinates"":[]}"
21_00000000000000000006,BA03050040,,,,,,,91.10,91,14068.3737441,TASWIL5000020230907KABKOTA,Sarmi,,1.1439791998,11.4902362416,4326,4,,,Sarmi,Papua,,0,Jayapura,,2015-10,0.06156198395364706,10,0.06156198395364706,VIIRS DNB,nW/cm2/sr,2015,"{""type"":""MultiPoint"",""coordinates"":[]}"
21_00000000000000000005,BA03050040,,,,,,,91.20,91,28042.3912459,TASWIL5000020230907KABKOTA,Mamberamo Raya,,2.28030775228,13.664376657,4326,4,,,Mamberamo Raya,Papua,,0,Sarmi,,2015-10,0.06680137890150821,10,0.06680137890150821,VIIRS DNB,nW/cm2/sr,2015,"{""type"":""MultiPoint"",""coordinates"":[]}"
21_00000000000000000008,BA03050040,,,,,,,91.15,91,10778.7667558,TASWIL5000020230907KABKOTA,Waropen,,0.876665218552,7.26174952493,4326,4,,,Waropen,Papua,,0,Yapen Waropen,,2015-10,0.06126307348674838,10,0.06126307348674838,VIIRS DNB,nW/cm2/sr,2015,"{""type"":""MultiPoint"",""coordinates"":[]}"
22_00000000000000000000,BA03050040,,,,,,,91.06,91,2257.7785726,TASWIL5000020230907KABKOTA,Biak Numfor,,0.183451690197,5.35532578171,4326,4,,,Biak Numfor,Papua,,0,,,2015-11,0.014752107587976423,11,0.014752107587976423,VIIRS DNB,nW/cm2/sr,2015,"{""type"":""MultiPoint"",""coordinates"":[]}"
22_00000000000000000001,BA03050040,,,,,,,91.03,91,14082.2122578,TASWIL5000020230907KABKOTA,Jayapura,,1.14561199815,9.52170493241,4326,4,,,Jayapura,Papua,,0,,,2015-11,-0.024572707326399296,11,-0.024572707326399296,VIIRS DNB,nW/cm2/sr,2015,"{""type"":""MultiPoint"",""coordinates"":[]}"
22_00000000000000000003,BA03050040,,,,,,,91.05,91,2429.0300227,TASWIL5000020230907KABKOTA,Kepulauan Yapen,,0.19742592562,8.55393507975,4326,4,,,Kepulauan Yapen,Papua,,0,,,2015-11,-0.03187337037399471,11,-0.03187337037399471,VIIRS DNB,nW/cm2/sr,2015,"{""type"":""MultiPoint"",""coordinates"":[]}"
22_00000000000000000007,BA03050040,,,,,,,91.19,91,660.611723589,TASWIL5000020230907KABKOTA,Supiori,,0.0536731325628,3.38191482935,4326,4,,,Supiori,Papua,,0,Biak Numfor,,2015-11,-0.06659336080720936,11,-0.06659336080720936,VIIRS DNB,nW/cm2/sr,2015,"{""type"":""MultiPoint"",""coordinates"":[]}"
22_00000000000000000002,BA03050040,,,,,,,91.11,91,9526.3153833,TASWIL5000020230907KABKOTA,Keerom,,0.775256858574,6.07708966623,4326,4,,,Keerom,Papua,,0,Jayapura,,2015-11,-0.05157230812474981,11,-0.05157230812474981,VIIRS DNB,nW/cm2/sr,2015,"{""type"":""MultiPoint"",""coordinates"":[]}"
22_00000000000000000004,BA03050040,,,,,,,91.71,91,835.479147077,TASWIL5000020230907KABKOTA,Kota Jayapura,,0.0679466217871,2.36790963878,4326,5,,,Kota Jayapura,Papua,,0,Jayapura,,2015-11,0.6190028199190155,11,0.6190028199190155,VIIRS DNB,nW/cm2/sr,2015,"{""type"":""MultiPoint"",""coordinates"":[]}"
22_00000000000000000006,BA03050040,,,,,,,91.10,91,14068.3737441,TASWIL5000020230907KABKOTA,Sarmi,,1.1439791998,11.4902362416,4326,4,,,Sarmi,Papua,,0,Jayapura,,2015-11,-0.06551411370692169,11,-0.06551411370692169,VIIRS DNB,nW/cm2/sr,2015,"{""type"":""MultiPoint"",""coordinates"":[]}"
22_00000000000000000005,BA03050040,,,,,,,91.20,91,28042.3912459,TASWIL5000020230907KABKOTA,Mamberamo Raya,,2.28030775228,13.664376657,4326,4,,,Mamberamo Raya,Papua,,0,Sarmi,,2015-11,-0.06858882829508278,11,-0.06858882829508278,VIIRS DNB,nW/cm2/sr,2015,"{""type"":""MultiPoint"",""coordinates"":[]}"
22_00000000000000000008,BA03050040,,,,,,,91.15,91,10778.7667558,TASWIL5000020230907KABKOTA,Waropen,,0.876665218552,7.26174952493,4326,4,,,Waropen,Papua,,0,Yapen Waropen,,2015-11,-0.03648602634093971,11,-0.03648602634093971,VIIRS DNB,nW/cm2/sr,2015,"{""type"":""MultiPoint"",""coordinates"":[]}"
23_00000000000000000000,BA03050040,,,,,,,91.06,91,2257.7785726,TASWIL5000020230907KABKOTA,Biak Numfor,,0.183451690197,5.35532578171,4326,4,,,Biak Numfor,Papua,,0,,,2015-12,0.0884388435475874,12,0.0884388435475874,VIIRS DNB,nW/cm2/sr,2015,"{""type"":""MultiPoint"",""coordinates"":[]}"
23_00000000000000000001,BA03050040,,,,,,,91.03,91,14082.2122578,TASWIL5000020230907KABKOTA,Jayapura,,1.14561199815,9.52170493241,4326,4,,,Jayapura,Papua,,0,,,2015-12,0.011702900153761155,12,0.011702900153761155,VIIRS DNB,nW/cm2/sr,2015,"{""type"":""MultiPoint"",""coordinates"":[]}"
23_00000000000000000003,BA03050040,,,,,,,91.05,91,2429.0300227,TASWIL5000020230907KABKOTA,Kepulauan Yapen,,0.19742592562,8.55393507975,4326,4,,,Kepulauan Yapen,Papua,,0,,,2015-12,-0.0022431755558182053,12,-0.0022431755558182053,VIIRS DNB,nW/cm2/sr,2015,"{""type"":""MultiPoint"",""coordinates"":[]}"
23_00000000000000000007,BA03050040,,,,,,,91.19,91,660.611723589,TASWIL5000020230907KABKOTA,Supiori,,0.0536731325628,3.38191482935,4326,4,,,Supiori,Papua,,0,Biak Numfor,,2015-12,-0.014627334599186598,12,-0.014627334599186598,VIIRS DNB,nW/cm2/sr,2015,"{""type"":""MultiPoint"",""coordinates"":[]}"
23_00000000000000000002,BA03050040,,,,,,,91.11,91,9526.3153833,TASWIL5000020230907KABKOTA,Keerom,,0.775256858574,6.07708966623,4326,4,,,Keerom,Papua,,0,Jayapura,,2015-12,-0.012312047231175516,12,-0.012312047231175516,VIIRS DNB,nW/cm2/sr,2015,"{""type"":""MultiPoint"",""coordinates"":[]}"
23_00000000000000000004,BA03050040,,,,,,,91.71,91,835.479147077,TASWIL5000020230907KABKOTA,Kota Jayapura,,0.0679466217871,2.36790963878,4326,5,,,Kota Jayapura,Papua,,0,Jayapura,,2015-12,0.6787881229304532,12,0.6787881229304532,VIIRS DNB,nW/cm2/sr,2015,"{""type"":""MultiPoint"",""coordinates"":[]}"
23_00000000000000000006,BA03050040,,,,,,,91.10,91,14068.3737441,TASWIL5000020230907KABKOTA,Sarmi,,1.1439791998,11.4902362416,4326,4,,,Sarmi,Papua,,0,Jayapura,,2015-12,-0.013925112035938783,12,-0.013925112035938783,VIIRS DNB,nW/cm2/sr,2015,"{""type"":""MultiPoint"",""coordinates"":[]}"
23_00000000000000000005,BA03050040,,,,,,,91.20,91,28042.3912459,TASWIL5000020230907KABKOTA,Mamberamo Raya,,2.28030775228,13.664376657,4326,4,,,Mamberamo Raya,Papua,,0,Sarmi,,2015-12,-0.019574847006030714,12,-0.019574847006030714,VIIRS DNB,nW/cm2/sr,2015,"{""type"":""MultiPoint"",""coordinates"":[]}"
23_00000000000000000008,BA03050040,,,,,,,91.15,91,10778.7667558,TASWIL5000020230907KABKOTA,Waropen,,0.876665218552,7.26174952493,4326,4,,,Waropen,Papua,,0,Yapen Waropen,,2015-12,-0.0018755702506438757,12,-0.0018755702506438757,VIIRS DNB,nW/cm2/sr,2015,"{""type"":""MultiPoint"",""coordinates"":[]}"
24_00000000000000000000,BA03050040,,,,,,,91.06,91,2257.7785726,TASWIL5000020230907KABKOTA,Biak Numfor,,0.183451690197,5.35532578171,4326,4,,,Biak Numfor,Papua,,0,,,2016-01,-0.020376392043939394,1,-0.020376392043939394,VIIRS DNB,nW/cm2/sr,2016,"{""type"":""MultiPoint"",""coordinates"":[]}"
24_00000000000000000001,BA03050040,,,,,,,91.03,91,14082.2122578,TASWIL5000020230907KABKOTA,Jayapura,,1.14561199815,9.52170493241,4326,4,,,Jayapura,Papua,,0,,,2016-01,-0.06587095601831695,1,-0.06587095601831695,VIIRS DNB,nW/cm2/sr,2016,"{""type"":""MultiPoint"",""coordinates"":[]}"
24_00000000000000000003,BA03050040,,,,,,,91.05,91,2429.0300227,TASWIL5000020230907KABKOTA,Kepulauan Yapen,,0.19742592562,8.55393507975,4326,4,,,Kepulauan Yapen,Papua,,0,,,2016-01,-0.09312255784448624,1,-0.09312255784448624,VIIRS DNB,nW/cm2/sr,2016,"{""type"":""MultiPoint"",""coordinates"":[]}"
24_00000000000000000007,BA03050040,,,,,,,91.19,91,660.611723589,TASWIL5000020230907KABKOTA,Supiori,,0.0536731325628,3.38191482935,4326,4,,,Supiori,Papua,,0,Biak Numfor,,2016-01,-0.1295717426413339,1,-0.1295717426413339,VIIRS DNB,nW/cm2/sr,2016,"{""type"":""MultiPoint"",""coordinates"":[]}"
24_00000000000000000002,BA03050040,,,,,,,91.11,91,9526.3153833,TASWIL5000020230907KABKOTA,Keerom,,0.775256858574,6.07708966623,4326,4,,,Keerom,Papua,,0,Jayapura,,2016-01,-0.04330551667781901,1,-0.04330551667781901,VIIRS DNB,nW/cm2/sr,2016,"{""type"":""MultiPoint"",""coordinates"":[]}"
24_00000000000000000004,BA03050040,,,,,,,91.71,91,835.479147077,TASWIL5000020230907KABKOTA,Kota Jayapura,,0.0679466217871,2.36790963878,4326,5,,,Kota Jayapura,Papua,,0,Jayapura,,2016-01,0.5054756137034333,1,0.5054756137034333,VIIRS DNB,nW/cm2/sr,2016,"{""type"":""MultiPoint"",""coordinates"":[]}"
24_00000000000000000006,BA03050040,,,,,,,91.10,91,14068.3737441,TASWIL5000020230907KABKOTA,Sarmi,,1.1439791998,11.4902362416,4326,4,,,Sarmi,Papua,,0,Jayapura,,2016-01,-0.09917521748175144,1,-0.09917521748175144,VIIRS DNB,nW/cm2/sr,2016,"{""type"":""MultiPoint"",""coordinates"":[]}"
24_00000000000000000005,BA03050040,,,,,,,91.20,91,28042.3912459,TASWIL5000020230907KABKOTA,Mamberamo Raya,,2.28030775228,13.664376657,4326,4,,,Mamberamo Raya,Papua,,0,Sarmi,,2016-01,-0.10073606194610603,1,-0.10073606194610603,VIIRS DNB,nW/cm2/sr,2016,"{""type"":""MultiPoint"",""coordinates"":[]}"
24_00000000000000000008,BA03050040,,,,,,,91.15,91,10778.7667558,TASWIL5000020230907KABKOTA,Waropen,,0.876665218552,7.26174952493,4326,4,,,Waropen,Papua,,0,Yapen Waropen,,2016-01,-0.12508717139569495,1,-0.12508717139569495,VIIRS DNB,nW/cm2/sr,2016,"{""type"":""MultiPoint"",""coordinates"":[]}"
25_00000000000000000000,BA03050040,,,,,,,91.06,91,2257.7785726,TASWIL5000020230907KABKOTA,Biak Numfor,,0.183451690197,5.35532578171,4326,4,,,Biak Numfor,Papua,,0,,,2016-02,0.04120548171193321,2,0.04120548171193321,VIIRS DNB,nW/cm2/sr,2016,"{""type"":""MultiPoint"",""coordinates"":[]}"
25_00000000000000000001,BA03050040,,,,,,,91.03,91,14082.2122578,TASWIL5000020230907KABKOTA,Jayapura,,1.14561199815,9.52170493241,4326,4,,,Jayapura,Papua,,0,,,2016-02,0.013671868217816619,2,0.013671868217816619,VIIRS DNB,nW/cm2/sr,2016,"{""type"":""MultiPoint"",""coordinates"":[]}"
25_00000000000000000003,BA03050040,,,,,,,91.05,91,2429.0300227,TASWIL5000020230907KABKOTA,Kepulauan Yapen,,0.19742592562,8.55393507975,4326,4,,,Kepulauan Yapen,Papua,,0,,,2016-02,-0.020298147703806498,2,-0.020298147703806498,VIIRS DNB,nW/cm2/sr,2016,"{""type"":""MultiPoint"",""coordinates"":[]}"
25_00000000000000000007,BA03050040,,,,,,,91.19,91,660.611723589,TASWIL5000020230907KABKOTA,Supiori,,0.0536731325628,3.38191482935,4326,4,,,Supiori,Papua,,0,Biak Numfor,,2016-02,-0.043358911963575185,2,-0.043358911963575185,VIIRS DNB,nW/cm2/sr,2016,"{""type"":""MultiPoint"",""coordinates"":[]}"
25_00000000000000000002,BA03050040,,,,,,,91.11,91,9526.3153833,TASWIL5000020230907KABKOTA,Keerom,,0.775256858574,6.07708966623,4326,4,,,Keerom,Papua,,0,Jayapura,,2016-02,-0.04564764069367656,2,-0.04564764069367656,VIIRS DNB,nW/cm2/sr,2016,"{""type"":""MultiPoint"",""coordinates"":[]}"
25_00000000000000000004,BA03050040,,,,,,,91.71,91,835.479147077,TASWIL5000020230907KABKOTA,Kota Jayapura,,0.0679466217871,2.36790963878,4326,5,,,Kota Jayapura,Papua,,0,Jayapura,,2016-02,0.5543639021564282,2,0.5543639021564282,VIIRS DNB,nW/cm2/sr,2016,"{""type"":""MultiPoint"",""coordinates"":[]}"
25_00000000000000000006,BA03050040,,,,,,,91.10,91,14068.3737441,TASWIL5000020230907KABKOTA,Sarmi,,1.1439791998,11.4902362416,4326,4,,,Sarmi,Papua,,0,Jayapura,,2016-02,-0.01495193306911507,2,-0.01495193306911507,VIIRS DNB,nW/cm2/sr,2016,"{""type"":""MultiPoint"",""coordinates"":[]}"
25_00000000000000000005,BA03050040,,,,,,,91.20,91,28042.3912459,TASWIL5000020230907KABKOTA,Mamberamo Raya,,2.28030775228,13.664376657,4326,4,,,Mamberamo Raya,Papua,,0,Sarmi,,2016-02,-0.012599896252147436,2,-0.012599896252147436,VIIRS DNB,nW/cm2/sr,2016,"{""type"":""MultiPoint"",""coordinates"":[]}"
25_00000000000000000008,BA03050040,,,,,,,91.15,91,10778.7667558,TASWIL5000020230907KABKOTA,Waropen,,0.876665218552,7.26174952493,4326,4,,,Waropen,Papua,,0,Yapen Waropen,,2016-02,-0.021902078350988927,2,-0.021902078350988927,VIIRS DNB,nW/cm2/sr,2016,"{""type"":""MultiPoint"",""coordinates"":[]}"
26_00000000000000000000,BA03050040,,,,,,,91.06,91,2257.7785726,TASWIL5000020230907KABKOTA,Biak Numfor,,0.183451690197,5.35532578171,4326,4,,,Biak Numfor,Papua,,0,,,2016-03,0.003213242305940651,3,0.003213242305940651,VIIRS DNB,nW/cm2/sr,2016,"{""type"":""MultiPoint"",""coordinates"":[]}"
26_00000000000000000001,BA03050040,,,,,,,91.03,91,14082.2122578,TASWIL5000020230907KABKOTA,Jayapura,,1.14561199815,9.52170493241,4326,4,,,Jayapura,Papua,,0,,,2016-03,-0.03282576105391274,3,-0.03282576105391274,VIIRS DNB,nW/cm2/sr,2016,"{""type"":""MultiPoint"",""coordinates"":[]}"
26_00000000000000000003,BA03050040,,,,,,,91.05,91,2429.0300227,TASWIL5000020230907KABKOTA,Kepulauan Yapen,,0.19742592562,8.55393507975,4326,4,,,Kepulauan Yapen,Papua,,0,,,2016-03,-0.04499092727799182,3,-0.04499092727799182,VIIRS DNB,nW/cm2/sr,2016,"{""type"":""MultiPoint"",""coordinates"":[]}"
26_00000000000000000007,BA03050040,,,,,,,91.19,91,660.611723589,TASWIL5000020230907KABKOTA,Supiori,,0.0536731325628,3.38191482935,4326,4,,,Supiori,Papua,,0,Biak Numfor,,2016-03,-0.06528469250238232,3,-0.06528469250238232,VIIRS DNB,nW/cm2/sr,2016,"{""type"":""MultiPoint"",""coordinates"":[]}"
26_00000000000000000002,BA03050040,,,,,,,91.11,91,9526.3153833,TASWIL5000020230907KABKOTA,Keerom,,0.775256858574,6.07708966623,4326,4,,,Keerom,Papua,,0,Jayapura,,2016-03,-0.053491647464013595,3,-0.053491647464013595,VIIRS DNB,nW/cm2/sr,2016,"{""type"":""MultiPoint"",""coordinates"":[]}"
26_00000000000000000004,BA03050040,,,,,,,91.71,91,835.479147077,TASWIL5000020230907KABKOTA,Kota Jayapura,,0.0679466217871,2.36790963878,4326,5,,,Kota Jayapura,Papua,,0,Jayapura,,2016-03,0.5065086780211767,3,0.5065086780211767,VIIRS DNB,nW/cm2/sr,2016,"{""type"":""MultiPoint"",""coordinates"":[]}"
26_00000000000000000006,BA03050040,,,,,,,91.10,91,14068.3737441,TASWIL5000020230907KABKOTA,Sarmi,,1.1439791998,11.4902362416,4326,4,,,Sarmi,Papua,,0,Jayapura,,2016-03,-0.07108247029431743,3,-0.07108247029431743,VIIRS DNB,nW/cm2/sr,2016,"{""type"":""MultiPoint"",""coordinates"":[]}"
26_00000000000000000005,BA03050040,,,,,,,91.20,91,28042.3912459,TASWIL5000020230907KABKOTA,Mamberamo Raya,,2.28030775228,13.664376657,4326,4,,,Mamberamo Raya,Papua,,0,Sarmi,,2016-03,-0.05666361067200855,3,-0.05666361067200855,VIIRS DNB,nW/cm2/sr,2016,"{""type"":""MultiPoint"",""coordinates"":[]}"
26_00000000000000000008,BA03050040,,,,,,,91.15,91,10778.7667558,TASWIL5000020230907KABKOTA,Waropen,,0.876665218552,7.26174952493,4326,4,,,Waropen,Papua,,0,Yapen Waropen,,2016-03,-0.055815746107246385,3,-0.055815746107246385,VIIRS DNB,nW/cm2/sr,2016,"{""type"":""MultiPoint"",""coordinates"":[]}"
27_00000000000000000000,BA03050040,,,,,,,91.06,91,2257.7785726,TASWIL5000020230907KABKOTA,Biak Numfor,,0.183451690197,5.35532578171,4326,4,,,Biak Numfor,Papua,,0,,,2016-04,0.3195977340781083,4,0.3195977340781083,VIIRS DNB,nW/cm2/sr,2016,"{""type"":""MultiPoint"",""coordinates"":[]}"
27_00000000000000000001,BA03050040,,,,,,,91.03,91,14082.2122578,TASWIL5000020230907KABKOTA,Jayapura,,1.14561199815,9.52170493241,4326,4,,,Jayapura,Papua,,0,,,2016-04,0.27845992904304223,4,0.27845992904304223,VIIRS DNB,nW/cm2/sr,2016,"{""type"":""MultiPoint"",""coordinates"":[]}"
27_00000000000000000003,BA03050040,,,,,,,91.05,91,2429.0300227,TASWIL5000020230907KABKOTA,Kepulauan Yapen,,0.19742592562,8.55393507975,4326,4,,,Kepulauan Yapen,Papua,,0,,,2016-04,0.21828781453095425,4,0.21828781453095425,VIIRS DNB,nW/cm2/sr,2016,"{""type"":""MultiPoint"",""coordinates"":[]}"
27_00000000000000000007,BA03050040,,,,,,,91.19,91,660.611723589,TASWIL5000020230907KABKOTA,Supiori,,0.0536731325628,3.38191482935,4326,4,,,Supiori,Papua,,0,Biak Numfor,,2016-04,0.2013013942269016,4,0.2013013942269016,VIIRS DNB,nW/cm2/sr,2016,"{""type"":""MultiPoint"",""coordinates"":[]}"
27_00000000000000000002,BA03050040,,,,,,,91.11,91,9526.3153833,TASWIL5000020230907KABKOTA,Keerom,,0.775256858574,6.07708966623,4326,4,,,Keerom,Papua,,0,Jayapura,,2016-04,0.24195447703331308,4,0.24195447703331308,VIIRS DNB,nW/cm2/sr,2016,"{""type"":""MultiPoint"",""coordinates"":[]}"
27_00000000000000000004,BA03050040,,,,,,,91.71,91,835.479147077,TASWIL5000020230907KABKOTA,Kota Jayapura,,0.0679466217871,2.36790963878,4326,5,,,Kota Jayapura,Papua,,0,Jayapura,,2016-04,1.0461458117608804,4,1.0461458117608804,VIIRS DNB,nW/cm2/sr,2016,"{""type"":""MultiPoint"",""coordinates"":[]}"
27_00000000000000000006,BA03050040,,,,,,,91.10,91,14068.3737441,TASWIL5000020230907KABKOTA,Sarmi,,1.1439791998,11.4902362416,4326,4,,,Sarmi,Papua,,0,Jayapura,,2016-04,0.26288658869137876,4,0.26288658869137876,VIIRS DNB,nW/cm2/sr,2016,"{""type"":""MultiPoint"",""coordinates"":[]}"
27_00000000000000000005,BA03050040,,,,,,,91.20,91,28042.3912459,TASWIL5000020230907KABKOTA,Mamberamo Raya,,2.28030775228,13.664376657,4326,4,,,Mamberamo Raya,Papua,,0,Sarmi,,2016-04,0.2615545013789407,4,0.2615545013789407,VIIRS DNB,nW/cm2/sr,2016,"{""type"":""MultiPoint"",""coordinates"":[]}"
27_00000000000000000008,BA03050040,,,,,,,91.15,91,10778.7667558,TASWIL5000020230907KABKOTA,Waropen,,0.876665218552,7.26174952493,4326,4,,,Waropen,Papua,,0,Yapen Waropen,,2016-04,0.2832089977304601,4,0.2832089977304601,VIIRS DNB,nW/cm2/sr,2016,"{""type"":""MultiPoint"",""coordinates"":[]}"
28_00000000000000000000,BA03050040,,,,,,,91.06,91,2257.7785726,TASWIL5000020230907KABKOTA,Biak Numfor,,0.183451690197,5.35532578171,4326,4,,,Biak Numfor,Papua,,0,,,2016-05,0.18019227042930572,5,0.18019227042930572,VIIRS DNB,nW/cm2/sr,2016,"{""type"":""MultiPoint"",""coordinates"":[]}"
28_00000000000000000001,BA03050040,,,,,,,91.03,91,14082.2122578,TASWIL5000020230907KABKOTA,Jayapura,,1.14561199815,9.52170493241,4326,4,,,Jayapura,Papua,,0,,,2016-05,0.06614688102626795,5,0.06614688102626795,VIIRS DNB,nW/cm2/sr,2016,"{""type"":""MultiPoint"",""coordinates"":[]}"
28_00000000000000000003,BA03050040,,,,,,,91.05,91,2429.0300227,TASWIL5000020230907KABKOTA,Kepulauan Yapen,,0.19742592562,8.55393507975,4326,4,,,Kepulauan Yapen,Papua,,0,,,2016-05,0.09044222177969759,5,0.09044222177969759,VIIRS DNB,nW/cm2/sr,2016,"{""type"":""MultiPoint"",""coordinates"":[]}"
28_00000000000000000007,BA03050040,,,,,,,91.19,91,660.611723589,TASWIL5000020230907KABKOTA,Supiori,,0.0536731325628,3.38191482935,4326,4,,,Supiori,Papua,,0,Biak Numfor,,2016-05,0.07131192259560382,5,0.07131192259560382,VIIRS DNB,nW/cm2/sr,2016,"{""type"":""MultiPoint"",""coordinates"":[]}"
28_00000000000000000002,BA03050040,,,,,,,91.11,91,9526.3153833,TASWIL5000020230907KABKOTA,Keerom,,0.775256858574,6.07708966623,4326,4,,,Keerom,Papua,,0,Jayapura,,2016-05,0.0344520846945814,5,0.0344520846945814,VIIRS DNB,nW/cm2/sr,2016,"{""type"":""MultiPoint"",""coordinates"":[]}"
28_00000000000000000004,BA03050040,,,,,,,91.71,91,835.479147077,TASWIL5000020230907KABKOTA,Kota Jayapura,,0.0679466217871,2.36790963878,4326,5,,,Kota Jayapura,Papua,,0,Jayapura,,2016-05,0.7419877624441205,5,0.7419877624441205,VIIRS DNB,nW/cm2/sr,2016,"{""type"":""MultiPoint"",""coordinates"":[]}"
28_00000000000000000006,BA03050040,,,,,,,91.10,91,14068.3737441,TASWIL5000020230907KABKOTA,Sarmi,,1.1439791998,11.4902362416,4326,4,,,Sarmi,Papua,,0,Jayapura,,2016-05,0.08042962870746774,5,0.08042962870746774,VIIRS DNB,nW/cm2/sr,2016,"{""type"":""MultiPoint"",""coordinates"":[]}"
28_00000000000000000005,BA03050040,,,,,,,91.20,91,28042.3912459,TASWIL5000020230907KABKOTA,Mamberamo Raya,,2.28030775228,13.664376657,4326,4,,,Mamberamo Raya,Papua,,0,Sarmi,,2016-05,0.0626810050370112,5,0.0626810050370112,VIIRS DNB,nW/cm2/sr,2016,"{""type"":""MultiPoint"",""coordinates"":[]}"
28_00000000000000000008,BA03050040,,,,,,,91.15,91,10778.7667558,TASWIL5000020230907KABKOTA,Waropen,,0.876665218552,7.26174952493,4326,4,,,Waropen,Papua,,0,Yapen Waropen,,2016-05,0.0369162906407262,5,0.0369162906407262,VIIRS DNB,nW/cm2/sr,2016,"{""type"":""MultiPoint"",""coordinates"":[]}"
29_00000000000000000000,BA03050040,,,,,,,91.06,91,2257.7785726,TASWIL5000020230907KABKOTA,Biak Numfor,,0.183451690197,5.35532578171,4326,4,,,Biak Numfor,Papua,,0,,,2016-06,0.10297827491295514,6,0.10297827491295514,VIIRS DNB,nW/cm2/sr,2016,"{""type"":""MultiPoint"",""coordinates"":[]}"
29_00000000000000000001,BA03050040,,,,,,,91.03,91,14082.2122578,TASWIL5000020230907KABKOTA,Jayapura,,1.14561199815,9.52170493241,4326,4,,,Jayapura,Papua,,0,,,2016-06,0.02303134303165892,6,0.02303134303165892,VIIRS DNB,nW/cm2/sr,2016,"{""type"":""MultiPoint"",""coordinates"":[]}"
29_00000000000000000003,BA03050040,,,,,,,91.05,91,2429.0300227,TASWIL5000020230907KABKOTA,Kepulauan Yapen,,0.19742592562,8.55393507975,4326,4,,,Kepulauan Yapen,Papua,,0,,,2016-06,0.05259956625802148,6,0.05259956625802148,VIIRS DNB,nW/cm2/sr,2016,"{""type"":""MultiPoint"",""coordinates"":[]}"
29_00000000000000000007,BA03050040,,,,,,,91.19,91,660.611723589,TASWIL5000020230907KABKOTA,Supiori,,0.0536731325628,3.38191482935,4326,4,,,Supiori,Papua,,0,Biak Numfor,,2016-06,0.015358231603975753,6,0.015358231603975753,VIIRS DNB,nW/cm2/sr,2016,"{""type"":""MultiPoint"",""coordinates"":[]}"
29_00000000000000000002,BA03050040,,,,,,,91.11,91,9526.3153833,TASWIL5000020230907KABKOTA,Keerom,,0.775256858574,6.07708966623,4326,4,,,Keerom,Papua,,0,Jayapura,,2016-06,0.005253672472997464,6,0.005253672472997464,VIIRS DNB,nW/cm2/sr,2016,"{""type"":""MultiPoint"",""coordinates"":[]}"
29_00000000000000000004,BA03050040,,,,,,,91.71,91,835.479147077,TASWIL5000020230907KABKOTA,Kota Jayapura,,0.0679466217871,2.36790963878,4326,5,,,Kota Jayapura,Papua,,0,Jayapura,,2016-06,0.6859457209933983,6,0.6859457209933983,VIIRS DNB,nW/cm2/sr,2016,"{""type"":""MultiPoint"",""coordinates"":[]}"
29_00000000000000000006,BA03050040,,,,,,,91.10,91,14068.3737441,TASWIL5000020230907KABKOTA,Sarmi,,1.1439791998,11.4902362416,4326,4,,,Sarmi,Papua,,0,Jayapura,,2016-06,-4.338466689944471E-4,6,-4.338466689944471E-4,VIIRS DNB,nW/cm2/sr,2016,"{""type"":""MultiPoint"",""coordinates"":[]}"
29_00000000000000000005,BA03050040,,,,,,,91.20,91,28042.3912459,TASWIL5000020230907KABKOTA,Mamberamo Raya,,2.28030775228,13.664376657,4326,4,,,Mamberamo Raya,Papua,,0,Sarmi,,2016-06,-0.001648664452773803,6,-0.001648664452773803,VIIRS DNB,nW/cm2/sr,2016,"{""type"":""MultiPoint"",""coordinates"":[]}"
29_00000000000000000008,BA03050040,,,,,,,91.15,91,10778.7667558,TASWIL5000020230907KABKOTA,Waropen,,0.876665218552,7.26174952493,4326,4,,,Waropen,Papua,,0,Yapen Waropen,,2016-06,0.005849864203905026,6,0.005849864203905026,VIIRS DNB,nW/cm2/sr,2016,"{""type"":""MultiPoint"",""coordinates"":[]}"
30_00000000000000000000,BA03050040,,,,,,,91.06,91,2257.7785726,TASWIL5000020230907KABKOTA,Biak Numfor,,0.183451690197,5.35532578171,4326,4,,,Biak Numfor,Papua,,0,,,2016-07,0.15868322484602232,7,0.15868322484602232,VIIRS DNB,nW/cm2/sr,2016,"{""type"":""MultiPoint"",""coordinates"":[]}"
30_00000000000000000001,BA03050040,,,,,,,91.03,91,14082.2122578,TASWIL5000020230907KABKOTA,Jayapura,,1.14561199815,9.52170493241,4326,4,,,Jayapura,Papua,,0,,,2016-07,0.08870007099515416,7,0.08870007099515416,VIIRS DNB,nW/cm2/sr,2016,"{""type"":""MultiPoint"",""coordinates"":[]}"
30_00000000000000000003,BA03050040,,,,,,,91.05,91,2429.0300227,TASWIL5000020230907KABKOTA,Kepulauan Yapen,,0.19742592562,8.55393507975,4326,4,,,Kepulauan Yapen,Papua,,0,,,2016-07,0.10089892843143479,7,0.10089892843143479,VIIRS DNB,nW/cm2/sr,2016,"{""type"":""MultiPoint"",""coordinates"":[]}"
30_00000000000000000007,BA03050040,,,,,,,91.19,91,660.611723589,TASWIL5000020230907KABKOTA,Supiori,,0.0536731325628,3.38191482935,4326,4,,,Supiori,Papua,,0,Biak Numfor,,2016-07,0.06138430019560356,7,0.06138430019560356,VIIRS DNB,nW/cm2/sr,2016,"{""type"":""MultiPoint"",""coordinates"":[]}"
30_00000000000000000002,BA03050040,,,,,,,91.11,91,9526.3153833,TASWIL5000020230907KABKOTA,Keerom,,0.775256858574,6.07708966623,4326,4,,,Keerom,Papua,,0,Jayapura,,2016-07,0.06755134285153581,7,0.06755134285153581,VIIRS DNB,nW/cm2/sr,2016,"{""type"":""MultiPoint"",""coordinates"":[]}"
30_00000000000000000004,BA03050040,,,,,,,91.71,91,835.479147077,TASWIL5000020230907KABKOTA,Kota Jayapura,,0.0679466217871,2.36790963878,4326,5,,,Kota Jayapura,Papua,,0,Jayapura,,2016-07,0.7174874379508234,7,0.7174874379508234,VIIRS DNB,nW/cm2/sr,2016,"{""type"":""MultiPoint"",""coordinates"":[]}"
30_00000000000000000006,BA03050040,,,,,,,91.10,91,14068.3737441,TASWIL5000020230907KABKOTA,Sarmi,,1.1439791998,11.4902362416,4326,4,,,Sarmi,Papua,,0,Jayapura,,2016-07,0.07576062800280078,7,0.07576062800280078,VIIRS DNB,nW/cm2/sr,2016,"{""type"":""MultiPoint"",""coordinates"":[]}"
30_00000000000000000005,BA03050040,,,,,,,91.20,91,28042.3912459,TASWIL5000020230907KABKOTA,Mamberamo Raya,,2.28030775228,13.664376657,4326,4,,,Mamberamo Raya,Papua,,0,Sarmi,,2016-07,0.08071346470395896,7,0.08071346470395896,VIIRS DNB,nW/cm2/sr,2016,"{""type"":""MultiPoint"",""coordinates"":[]}"
30_00000000000000000008,BA03050040,,,,,,,91.15,91,10778.7667558,TASWIL5000020230907KABKOTA,Waropen,,0.876665218552,7.26174952493,4326,4,,,Waropen,Papua,,0,Yapen Waropen,,2016-07,0.0850075847760339,7,0.0850075847760339,VIIRS DNB,nW/cm2/sr,2016,"{""type"":""MultiPoint"",""coordinates"":[]}"
31_00000000000000000000,BA03050040,,,,,,,91.06,91,2257.7785726,TASWIL5000020230907KABKOTA,Biak Numfor,,0.183451690197,5.35532578171,4326,4,,,Biak Numfor,Papua,,0,,,2016-08,0.10971798710336503,8,0.10971798710336503,VIIRS DNB,nW/cm2/sr,2016,"{""type"":""MultiPoint"",""coordinates"":[]}"
31_00000000000000000001,BA03050040,,,,,,,91.03,91,14082.2122578,TASWIL5000020230907KABKOTA,Jayapura,,1.14561199815,9.52170493241,4326,4,,,Jayapura,Papua,,0,,,2016-08,0.03948555803868993,8,0.03948555803868993,VIIRS DNB,nW/cm2/sr,2016,"{""type"":""MultiPoint"",""coordinates"":[]}"
31_00000000000000000003,BA03050040,,,,,,,91.05,91,2429.0300227,TASWIL5000020230907KABKOTA,Kepulauan Yapen,,0.19742592562,8.55393507975,4326,4,,,Kepulauan Yapen,Papua,,0,,,2016-08,0.047759356875452075,8,0.047759356875452075,VIIRS DNB,nW/cm2/sr,2016,"{""type"":""MultiPoint"",""coordinates"":[]}"
31_00000000000000000007,BA03050040,,,,,,,91.19,91,660.611723589,TASWIL5000020230907KABKOTA,Supiori,,0.0536731325628,3.38191482935,4326,4,,,Supiori,Papua,,0,Biak Numfor,,2016-08,0.022039094802058224,8,0.022039094802058224,VIIRS DNB,nW/cm2/sr,2016,"{""type"":""MultiPoint"",""coordinates"":[]}"
31_00000000000000000002,BA03050040,,,,,,,91.11,91,9526.3153833,TASWIL5000020230907KABKOTA,Keerom,,0.775256858574,6.07708966623,4326,4,,,Keerom,Papua,,0,Jayapura,,2016-08,0.09946800206762026,8,0.09946800206762026,VIIRS DNB,nW/cm2/sr,2016,"{""type"":""MultiPoint"",""coordinates"":[]}"
31_00000000000000000004,BA03050040,,,,,,,91.71,91,835.479147077,TASWIL5000020230907KABKOTA,Kota Jayapura,,0.0679466217871,2.36790963878,4326,5,,,Kota Jayapura,Papua,,0,Jayapura,,2016-08,0.6823262495660277,8,0.6823262495660277,VIIRS DNB,nW/cm2/sr,2016,"{""type"":""MultiPoint"",""coordinates"":[]}"
31_00000000000000000006,BA03050040,,,,,,,91.10,91,14068.3737441,TASWIL5000020230907KABKOTA,Sarmi,,1.1439791998,11.4902362416,4326,4,,,Sarmi,Papua,,0,Jayapura,,2016-08,0.0036964546301974602,8,0.0036964546301974602,VIIRS DNB,nW/cm2/sr,2016,"{""type"":""MultiPoint"",""coordinates"":[]}"
31_00000000000000000005,BA03050040,,,,,,,91.20,91,28042.3912459,TASWIL5000020230907KABKOTA,Mamberamo Raya,,2.28030775228,13.664376657,4326,4,,,Mamberamo Raya,Papua,,0,Sarmi,,2016-08,0.00964653681931092,8,0.00964653681931092,VIIRS DNB,nW/cm2/sr,2016,"{""type"":""MultiPoint"",""coordinates"":[]}"
31_00000000000000000008,BA03050040,,,,,,,91.15,91,10778.7667558,TASWIL5000020230907KABKOTA,Waropen,,0.876665218552,7.26174952493,4326,4,,,Waropen,Papua,,0,Yapen Waropen,,2016-08,0.02779889735484838,8,0.02779889735484838,VIIRS DNB,nW/cm2/sr,2016,"{""type"":""MultiPoint"",""coordinates"":[]}"
32_00000000000000000000,BA03050040,,,,,,,91.06,91,2257.7785726,TASWIL5000020230907KABKOTA,Biak Numfor,,0.183451690197,5.35532578171,4326,4,,,Biak Numfor,Papua,,0,,,2016-09,0.06965109179817962,9,0.06965109179817962,VIIRS DNB,nW/cm2/sr,2016,"{""type"":""MultiPoint"",""coordinates"":[]}"
32_00000000000000000001,BA03050040,,,,,,,91.03,91,14082.2122578,TASWIL5000020230907KABKOTA,Jayapura,,1.14561199815,9.52170493241,4326,4,,,Jayapura,Papua,,0,,,2016-09,0.015131236274770692,9,0.015131236274770692,VIIRS DNB,nW/cm2/sr,2016,"{""type"":""MultiPoint"",""coordinates"":[]}"
32_00000000000000000003,BA03050040,,,,,,,91.05,91,2429.0300227,TASWIL5000020230907KABKOTA,Kepulauan Yapen,,0.19742592562,8.55393507975,4326,4,,,Kepulauan Yapen,Papua,,0,,,2016-09,0.023529131830002683,9,0.023529131830002683,VIIRS DNB,nW/cm2/sr,2016,"{""type"":""MultiPoint"",""coordinates"":[]}"
32_00000000000000000007,BA03050040,,,,,,,91.19,91,660.611723589,TASWIL5000020230907KABKOTA,Supiori,,0.0536731325628,3.38191482935,4326,4,,,Supiori,Papua,,0,Biak Numfor,,2016-09,-0.07642932656969378,9,-0.07642932656969378,VIIRS DNB,nW/cm2/sr,2016,"{""type"":""MultiPoint"",""coordinates"":[]}"
32_00000000000000000002,BA03050040,,,,,,,91.11,91,9526.3153833,TASWIL5000020230907KABKOTA,Keerom,,0.775256858574,6.07708966623,4326,4,,,Keerom,Papua,,0,Jayapura,,2016-09,-0.020340274218501146,9,-0.020340274218501146,VIIRS DNB,nW/cm2/sr,2016,"{""type"":""MultiPoint"",""coordinates"":[]}"
32_00000000000000000004,BA03050040,,,,,,,91.71,91,835.479147077,TASWIL5000020230907KABKOTA,Kota Jayapura,,0.0679466217871,2.36790963878,4326,5,,,Kota Jayapura,Papua,,0,Jayapura,,2016-09,0.5999322931185206,9,0.5999322931185206,VIIRS DNB,nW/cm2/sr,2016,"{""type"":""MultiPoint"",""coordinates"":[]}"
32_00000000000000000006,BA03050040,,,,,,,91.10,91,14068.3737441,TASWIL5000020230907KABKOTA,Sarmi,,1.1439791998,11.4902362416,4326,4,,,Sarmi,Papua,,0,Jayapura,,2016-09,0.008971399714676141,9,0.008971399714676141,VIIRS DNB,nW/cm2/sr,2016,"{""type"":""MultiPoint"",""coordinates"":[]}"
32_00000000000000000005,BA03050040,,,,,,,91.20,91,28042.3912459,TASWIL5000020230907KABKOTA,Mamberamo Raya,,2.28030775228,13.664376657,4326,4,,,Mamberamo Raya,Papua,,0,Sarmi,,2016-09,0.053033684815667836,9,0.053033684815667836,VIIRS DNB,nW/cm2/sr,2016,"{""type"":""MultiPoint"",""coordinates"":[]}"
32_00000000000000000008,BA03050040,,,,,,,91.15,91,10778.7667558,TASWIL5000020230907KABKOTA,Waropen,,0.876665218552,7.26174952493,4326,4,,,Waropen,Papua,,0,Yapen Waropen,,2016-09,0.06955123388646942,9,0.06955123388646942,VIIRS DNB,nW/cm2/sr,2016,"{""type"":""MultiPoint"",""coordinates"":[]}"
33_00000000000000000000,BA03050040,,,,,,,91.06,91,2257.7785726,TASWIL5000020230907KABKOTA,Biak Numfor,,0.183451690197,5.35532578171,4326,4,,,Biak Numfor,Papua,,0,,,2016-10,0.02891019735289315,10,0.02891019735289315,VIIRS DNB,nW/cm2/sr,2016,"{""type"":""MultiPoint"",""coordinates"":[]}"
33_00000000000000000001,BA03050040,,,,,,,91.03,91,14082.2122578,TASWIL5000020230907KABKOTA,Jayapura,,1.14561199815,9.52170493241,4326,4,,,Jayapura,Papua,,0,,,2016-10,0.007389642415118854,10,0.007389642415118854,VIIRS DNB,nW/cm2/sr,2016,"{""type"":""MultiPoint"",""coordinates"":[]}"
33_00000000000000000003,BA03050040,,,,,,,91.05,91,2429.0300227,TASWIL5000020230907KABKOTA,Kepulauan Yapen,,0.19742592562,8.55393507975,4326,4,,,Kepulauan Yapen,Papua,,0,,,2016-10,4.946001054283261E-4,10,4.946001054283261E-4,VIIRS DNB,nW/cm2/sr,2016,"{""type"":""MultiPoint"",""coordinates"":[]}"
33_00000000000000000007,BA03050040,,,,,,,91.19,91,660.611723589,TASWIL5000020230907KABKOTA,Supiori,,0.0536731325628,3.38191482935,4326,4,,,Supiori,Papua,,0,Biak Numfor,,2016-10,-0.013308406615062284,10,-0.013308406615062284,VIIRS DNB,nW/cm2/sr,2016,"{""type"":""MultiPoint"",""coordinates"":[]}"
33_00000000000000000002,BA03050040,,,,,,,91.11,91,9526.3153833,TASWIL5000020230907KABKOTA,Keerom,,0.775256858574,6.07708966623,4326,4,,,Keerom,Papua,,0,Jayapura,,2016-10,2.4738996144515107E-4,10,2.4738996144515107E-4,VIIRS DNB,nW/cm2/sr,2016,"{""type"":""MultiPoint"",""coordinates"":[]}"
33_00000000000000000004,BA03050040,,,,,,,91.71,91,835.479147077,TASWIL5000020230907KABKOTA,Kota Jayapura,,0.0679466217871,2.36790963878,4326,5,,,Kota Jayapura,Papua,,0,Jayapura,,2016-10,0.6808071301828522,10,0.6808071301828522,VIIRS DNB,nW/cm2/sr,2016,"{""type"":""MultiPoint"",""coordinates"":[]}"
33_00000000000000000006,BA03050040,,,,,,,91.10,91,14068.3737441,TASWIL5000020230907KABKOTA,Sarmi,,1.1439791998,11.4902362416,4326,4,,,Sarmi,Papua,,0,Jayapura,,2016-10,-0.011538947414325349,10,-0.011538947414325349,VIIRS DNB,nW/cm2/sr,2016,"{""type"":""MultiPoint"",""coordinates"":[]}"
33_00000000000000000005,BA03050040,,,,,,,91.20,91,28042.3912459,TASWIL5000020230907KABKOTA,Mamberamo Raya,,2.28030775228,13.664376657,4326,4,,,Mamberamo Raya,Papua,,0,Sarmi,,2016-10,-0.01403419144688718,10,-0.01403419144688718,VIIRS DNB,nW/cm2/sr,2016,"{""type"":""MultiPoint"",""coordinates"":[]}"
33_00000000000000000008,BA03050040,,,,,,,91.15,91,10778.7667558,TASWIL5000020230907KABKOTA,Waropen,,0.876665218552,7.26174952493,4326,4,,,Waropen,Papua,,0,Yapen Waropen,,2016-10,-0.0037245464208991107,10,-0.0037245464208991107,VIIRS DNB,nW/cm2/sr,2016,"{""type"":""MultiPoint"",""coordinates"":[]}"
34_00000000000000000000,BA03050040,,,,,,,91.06,91,2257.7785726,TASWIL5000020230907KABKOTA,Biak Numfor,,0.183451690197,5.35532578171,4326,4,,,Biak Numfor,Papua,,0,,,2016-11,0.022478847628342482,11,0.022478847628342482,VIIRS DNB,nW/cm2/sr,2016,"{""type"":""MultiPoint"",""coordinates"":[]}"
34_00000000000000000001,BA03050040,,,,,,,91.03,91,14082.2122578,TASWIL5000020230907KABKOTA,Jayapura,,1.14561199815,9.52170493241,4326,4,,,Jayapura,Papua,,0,,,2016-11,-0.028710777833167833,11,-0.028710777833167833,VIIRS DNB,nW/cm2/sr,2016,"{""type"":""MultiPoint"",""coordinates"":[]}"
34_00000000000000000003,BA03050040,,,,,,,91.05,91,2429.0300227,TASWIL5000020230907KABKOTA,Kepulauan Yapen,,0.19742592562,8.55393507975,4326,4,,,Kepulauan Yapen,Papua,,0,,,2016-11,-0.07194468637424696,11,-0.07194468637424696,VIIRS DNB,nW/cm2/sr,2016,"{""type"":""MultiPoint"",""coordinates"":[]}"
34_00000000000000000007,BA03050040,,,,,,,91.19,91,660.611723589,TASWIL5000020230907KABKOTA,Supiori,,0.0536731325628,3.38191482935,4326,4,,,Supiori,Papua,,0,Biak Numfor,,2016-11,-0.08001404867754566,11,-0.08001404867754566,VIIRS DNB,nW/cm2/sr,2016,"{""type"":""MultiPoint"",""coordinates"":[]}"
34_00000000000000000002,BA03050040,,,,,,,91.11,91,9526.3153833,TASWIL5000020230907KABKOTA,Keerom,,0.775256858574,6.07708966623,4326,4,,,Keerom,Papua,,0,Jayapura,,2016-11,-0.057384364218541685,11,-0.057384364218541685,VIIRS DNB,nW/cm2/sr,2016,"{""type"":""MultiPoint"",""coordinates"":[]}"
34_00000000000000000004,BA03050040,,,,,,,91.71,91,835.479147077,TASWIL5000020230907KABKOTA,Kota Jayapura,,0.0679466217871,2.36790963878,4326,5,,,Kota Jayapura,Papua,,0,Jayapura,,2016-11,0.5530097650489281,11,0.5530097650489281,VIIRS DNB,nW/cm2/sr,2016,"{""type"":""MultiPoint"",""coordinates"":[]}"
34_00000000000000000006,BA03050040,,,,,,,91.10,91,14068.3737441,TASWIL5000020230907KABKOTA,Sarmi,,1.1439791998,11.4902362416,4326,4,,,Sarmi,Papua,,0,Jayapura,,2016-11,-0.04597981943083358,11,-0.04597981943083358,VIIRS DNB,nW/cm2/sr,2016,"{""type"":""MultiPoint"",""coordinates"":[]}"
34_00000000000000000005,BA03050040,,,,,,,91.20,91,28042.3912459,TASWIL5000020230907KABKOTA,Mamberamo Raya,,2.28030775228,13.664376657,4326,4,,,Mamberamo Raya,Papua,,0,Sarmi,,2016-11,-0.05231359833906506,11,-0.05231359833906506,VIIRS DNB,nW/cm2/sr,2016,"{""type"":""MultiPoint"",""coordinates"":[]}"
34_00000000000000000008,BA03050040,,,,,,,91.15,91,10778.7667558,TASWIL5000020230907KABKOTA,Waropen,,0.876665218552,7.26174952493,4326,4,,,Waropen,Papua,,0,Yapen Waropen,,2016-11,-0.06405961239817629,11,-0.06405961239817629,VIIRS DNB,nW/cm2/sr,2016,"{""type"":""MultiPoint"",""coordinates"":[]}"
35_00000000000000000000,BA03050040,,,,,,,91.06,91,2257.7785726,TASWIL5000020230907KABKOTA,Biak Numfor,,0.183451690197,5.35532578171,4326,4,,,Biak Numfor,Papua,,0,,,2016-12,0.12484237076302686,12,0.12484237076302686,VIIRS DNB,nW/cm2/sr,2016,"{""type"":""MultiPoint"",""coordinates"":[]}"
35_00000000000000000001,BA03050040,,,,,,,91.03,91,14082.2122578,TASWIL5000020230907KABKOTA,Jayapura,,1.14561199815,9.52170493241,4326,4,,,Jayapura,Papua,,0,,,2016-12,0.0071156613900353995,12,0.0071156613900353995,VIIRS DNB,nW/cm2/sr,2016,"{""type"":""MultiPoint"",""coordinates"":[]}"
35_00000000000000000003,BA03050040,,,,,,,91.05,91,2429.0300227,TASWIL5000020230907KABKOTA,Kepulauan Yapen,,0.19742592562,8.55393507975,4326,4,,,Kepulauan Yapen,Papua,,0,,,2016-12,-0.006866001309117168,12,-0.006866001309117168,VIIRS DNB,nW/cm2/sr,2016,"{""type"":""MultiPoint"",""coordinates"":[]}"
35_00000000000000000007,BA03050040,,,,,,,91.19,91,660.611723589,TASWIL5000020230907KABKOTA,Supiori,,0.0536731325628,3.38191482935,4326,4,,,Supiori,Papua,,0,Biak Numfor,,2016-12,0.012426977902372748,12,0.012426977902372748,VIIRS DNB,nW/cm2/sr,2016,"{""type"":""MultiPoint"",""coordinates"":[]}"
35_00000000000000000002,BA03050040,,,,,,,91.11,91,9526.3153833,TASWIL5000020230907KABKOTA,Keerom,,0.775256858574,6.07708966623,4326,4,,,Keerom,Papua,,0,Jayapura,,2016-12,-0.04601736786976902,12,-0.04601736786976902,VIIRS DNB,nW/cm2/sr,2016,"{""type"":""MultiPoint"",""coordinates"":[]}"
35_00000000000000000004,BA03050040,,,,,,,91.71,91,835.479147077,TASWIL5000020230907KABKOTA,Kota Jayapura,,0.0679466217871,2.36790963878,4326,5,,,Kota Jayapura,Papua,,0,Jayapura,,2016-12,0.0029115998562655775,12,0.0029115998562655775,VIIRS DNB,nW/cm2/sr,2016,"{""type"":""MultiPoint"",""coordinates"":[]}"
35_00000000000000000006,BA03050040,,,,,,,91.10,91,14068.3737441,TASWIL5000020230907KABKOTA,Sarmi,,1.1439791998,11.4902362416,4326,4,,,Sarmi,Papua,,0,Jayapura,,2016-12,-0.03433416846135336,12,-0.03433416846135336,VIIRS DNB,nW/cm2/sr,2016,"{""type"":""MultiPoint"",""coordinates"":[]}"
35_00000000000000000005,BA03050040,,,,,,,91.20,91,28042.3912459,TASWIL5000020230907KABKOTA,Mamberamo Raya,,2.28030775228,13.664376657,4326,4,,,Mamberamo Raya,Papua,,0,Sarmi,,2016-12,-0.01780698079920648,12,-0.01780698079920648,VIIRS DNB,nW/cm2/sr,2016,"{""type"":""MultiPoint"",""coordinates"":[]}"
35_00000000000000000008,BA03050040,,,,,,,91.15,91,10778.7667558,TASWIL5000020230907KABKOTA,Waropen,,0.876665218552,7.26174952493,4326,4,,,Waropen,Papua,,0,Yapen Waropen,,2016-12,-4.0809118190471565E-4,12,-4.0809118190471565E-4,VIIRS DNB,nW/cm2/sr,2016,"{""type"":""MultiPoint"",""coordinates"":[]}"
36_00000000000000000000,BA03050040,,,,,,,91.06,91,2257.7785726,TASWIL5000020230907KABKOTA,Biak Numfor,,0.183451690197,5.35532578171,4326,4,,,Biak Numfor,Papua,,0,,,2017-01,0.23049077115726882,1,0.23049077115726882,VIIRS DNB,nW/cm2/sr,2017,"{""type"":""MultiPoint"",""coordinates"":[]}"
36_00000000000000000001,BA03050040,,,,,,,91.03,91,14082.2122578,TASWIL5000020230907KABKOTA,Jayapura,,1.14561199815,9.52170493241,4326,4,,,Jayapura,Papua,,0,,,2017-01,0.0359242990622537,1,0.0359242990622537,VIIRS DNB,nW/cm2/sr,2017,"{""type"":""MultiPoint"",""coordinates"":[]}"
36_00000000000000000003,BA03050040,,,,,,,91.05,91,2429.0300227,TASWIL5000020230907KABKOTA,Kepulauan Yapen,,0.19742592562,8.55393507975,4326,4,,,Kepulauan Yapen,Papua,,0,,,2017-01,0.029572651924196915,1,0.029572651924196915,VIIRS DNB,nW/cm2/sr,2017,"{""type"":""MultiPoint"",""coordinates"":[]}"
36_00000000000000000007,BA03050040,,,,,,,91.19,91,660.611723589,TASWIL5000020230907KABKOTA,Supiori,,0.0536731325628,3.38191482935,4326,4,,,Supiori,Papua,,0,Biak Numfor,,2017-01,0.109266558268536,1,0.109266558268536,VIIRS DNB,nW/cm2/sr,2017,"{""type"":""MultiPoint"",""coordinates"":[]}"
36_00000000000000000002,BA03050040,,,,,,,91.11,91,9526.3153833,TASWIL5000020230907KABKOTA,Keerom,,0.775256858574,6.07708966623,4326,4,,,Keerom,Papua,,0,Jayapura,,2017-01,-0.005984488006775705,1,-0.005984488006775705,VIIRS DNB,nW/cm2/sr,2017,"{""type"":""MultiPoint"",""coordinates"":[]}"
36_00000000000000000004,BA03050040,,,,,,,91.71,91,835.479147077,TASWIL5000020230907KABKOTA,Kota Jayapura,,0.0679466217871,2.36790963878,4326,5,,,Kota Jayapura,Papua,,0,Jayapura,,2017-01,0.5662607030621793,1,0.5662607030621793,VIIRS DNB,nW/cm2/sr,2017,"{""type"":""MultiPoint"",""coordinates"":[]}"
36_00000000000000000006,BA03050040,,,,,,,91.10,91,14068.3737441,TASWIL5000020230907KABKOTA,Sarmi,,1.1439791998,11.4902362416,4326,4,,,Sarmi,Papua,,0,Jayapura,,2017-01,0.05892102861108575,1,0.05892102861108575,VIIRS DNB,nW/cm2/sr,2017,"{""type"":""MultiPoint"",""coordinates"":[]}"
36_00000000000000000005,BA03050040,,,,,,,91.20,91,28042.3912459,TASWIL5000020230907KABKOTA,Mamberamo Raya,,2.28030775228,13.664376657,4326,4,,,Mamberamo Raya,Papua,,0,Sarmi,,2017-01,0.007069035903992578,1,0.007069035903992578,VIIRS DNB,nW/cm2/sr,2017,"{""type"":""MultiPoint"",""coordinates"":[]}"
36_00000000000000000008,BA03050040,,,,,,,91.15,91,10778.7667558,TASWIL5000020230907KABKOTA,Waropen,,0.876665218552,7.26174952493,4326,4,,,Waropen,Papua,,0,Yapen Waropen,,2017-01,7.379590964048585E-4,1,7.379590964048585E-4,VIIRS DNB,nW/cm2/sr,2017,"{""type"":""MultiPoint"",""coordinates"":[]}"
37_00000000000000000000,BA03050040,,,,,,,91.06,91,2257.7785726,TASWIL5000020230907KABKOTA,Biak Numfor,,0.183451690197,5.35532578171,4326,4,,,Biak Numfor,Papua,,0,,,2017-02,0.20705773508786585,2,0.20705773508786585,VIIRS DNB,nW/cm2/sr,2017,"{""type"":""MultiPoint"",""coordinates"":[]}"
37_00000000000000000001,BA03050040,,,,,,,91.03,91,14082.2122578,TASWIL5000020230907KABKOTA,Jayapura,,1.14561199815,9.52170493241,4326,4,,,Jayapura,Papua,,0,,,2017-02,0.11010215239479489,2,0.11010215239479489,VIIRS DNB,nW/cm2/sr,2017,"{""type"":""MultiPoint"",""coordinates"":[]}"
37_00000000000000000003,BA03050040,,,,,,,91.05,91,2429.0300227,TASWIL5000020230907KABKOTA,Kepulauan Yapen,,0.19742592562,8.55393507975,4326,4,,,Kepulauan Yapen,Papua,,0,,,2017-02,0.0236711666974768,2,0.0236711666974768,VIIRS DNB,nW/cm2/sr,2017,"{""type"":""MultiPoint"",""coordinates"":[]}"
37_00000000000000000007,BA03050040,,,,,,,91.19,91,660.611723589,TASWIL5000020230907KABKOTA,Supiori,,0.0536731325628,3.38191482935,4326,4,,,Supiori,Papua,,0,Biak Numfor,,2017-02,0.07692950050064065,2,0.07692950050064065,VIIRS DNB,nW/cm2/sr,2017,"{""type"":""MultiPoint"",""coordinates"":[]}"
37_00000000000000000002,BA03050040,,,,,,,91.11,91,9526.3153833,TASWIL5000020230907KABKOTA,Keerom,,0.775256858574,6.07708966623,4326,4,,,Keerom,Papua,,0,Jayapura,,2017-02,0.07019137118092383,2,0.07019137118092383,VIIRS DNB,nW/cm2/sr,2017,"{""type"":""MultiPoint"",""coordinates"":[]}"
37_00000000000000000004,BA03050040,,,,,,,91.71,91,835.479147077,TASWIL5000020230907KABKOTA,Kota Jayapura,,0.0679466217871,2.36790963878,4326,5,,,Kota Jayapura,Papua,,0,Jayapura,,2017-02,0.10067548007529198,2,0.10067548007529198,VIIRS DNB,nW/cm2/sr,2017,"{""type"":""MultiPoint"",""coordinates"":[]}"
37_00000000000000000006,BA03050040,,,,,,,91.10,91,14068.3737441,TASWIL5000020230907KABKOTA,Sarmi,,1.1439791998,11.4902362416,4326,4,,,Sarmi,Papua,,0,Jayapura,,2017-02,0.07768640018058405,2,0.07768640018058405,VIIRS DNB,nW/cm2/sr,2017,"{""type"":""MultiPoint"",""coordinates"":[]}"
37_00000000000000000005,BA03050040,,,,,,,91.20,91,28042.3912459,TASWIL5000020230907KABKOTA,Mamberamo Raya,,2.28030775228,13.664376657,4326,4,,,Mamberamo Raya,Papua,,0,Sarmi,,2017-02,0.08181596533231968,2,0.08181596533231968,VIIRS DNB,nW/cm2/sr,2017,"{""type"":""MultiPoint"",""coordinates"":[]}"
37_00000000000000000008,BA03050040,,,,,,,91.15,91,10778.7667558,TASWIL5000020230907KABKOTA,Waropen,,0.876665218552,7.26174952493,4326,4,,,Waropen,Papua,,0,Yapen Waropen,,2017-02,0.054854769657904,2,0.054854769657904,VIIRS DNB,nW/cm2/sr,2017,"{""type"":""MultiPoint"",""coordinates"":[]}"
38_00000000000000000000,BA03050040,,,,,,,91.06,91,2257.7785726,TASWIL5000020230907KABKOTA,Biak Numfor,,0.183451690197,5.35532578171,4326,4,,,Biak Numfor,Papua,,0,,,2017-03,0.3229417765593477,3,0.3229417765593477,VIIRS DNB,nW/cm2/sr,2017,"{""type"":""MultiPoint"",""coordinates"":[]}"
38_00000000000000000001,BA03050040,,,,,,,91.03,91,14082.2122578,TASWIL5000020230907KABKOTA,Jayapura,,1.14561199815,9.52170493241,4326,4,,,Jayapura,Papua,,0,,,2017-03,0.3939370360426675,3,0.3939370360426675,VIIRS DNB,nW/cm2/sr,2017,"{""type"":""MultiPoint"",""coordinates"":[]}"
38_00000000000000000003,BA03050040,,,,,,,91.05,91,2429.0300227,TASWIL5000020230907KABKOTA,Kepulauan Yapen,,0.19742592562,8.55393507975,4326,4,,,Kepulauan Yapen,Papua,,0,,,2017-03,0.14034247721814544,3,0.14034247721814544,VIIRS DNB,nW/cm2/sr,2017,"{""type"":""MultiPoint"",""coordinates"":[]}"
38_00000000000000000007,BA03050040,,,,,,,91.19,91,660.611723589,TASWIL5000020230907KABKOTA,Supiori,,0.0536731325628,3.38191482935,4326,4,,,Supiori,Papua,,0,Biak Numfor,,2017-03,0.237050908119872,3,0.237050908119872,VIIRS DNB,nW/cm2/sr,2017,"{""type"":""MultiPoint"",""coordinates"":[]}"
38_00000000000000000002,BA03050040,,,,,,,91.11,91,9526.3153833,TASWIL5000020230907KABKOTA,Keerom,,0.775256858574,6.07708966623,4326,4,,,Keerom,Papua,,0,Jayapura,,2017-03,0.3471351835686413,3,0.3471351835686413,VIIRS DNB,nW/cm2/sr,2017,"{""type"":""MultiPoint"",""coordinates"":[]}"
38_00000000000000000004,BA03050040,,,,,,,91.71,91,835.479147077,TASWIL5000020230907KABKOTA,Kota Jayapura,,0.0679466217871,2.36790963878,4326,5,,,Kota Jayapura,Papua,,0,Jayapura,,2017-03,0.6067542242327496,3,0.6067542242327496,VIIRS DNB,nW/cm2/sr,2017,"{""type"":""MultiPoint"",""coordinates"":[]}"
38_00000000000000000006,BA03050040,,,,,,,91.10,91,14068.3737441,TASWIL5000020230907KABKOTA,Sarmi,,1.1439791998,11.4902362416,4326,4,,,Sarmi,Papua,,0,Jayapura,,2017-03,0.2862614991423519,3,0.2862614991423519,VIIRS DNB,nW/cm2/sr,2017,"{""type"":""MultiPoint"",""coordinates"":[]}"
38_00000000000000000005,BA03050040,,,,,,,91.20,91,28042.3912459,TASWIL5000020230907KABKOTA,Mamberamo Raya,,2.28030775228,13.664376657,4326,4,,,Mamberamo Raya,Papua,,0,Sarmi,,2017-03,0.10336775375523924,3,0.10336775375523924,VIIRS DNB,nW/cm2/sr,2017,"{""type"":""MultiPoint"",""coordinates"":[]}"
38_00000000000000000008,BA03050040,,,,,,,91.15,91,10778.7667558,TASWIL5000020230907KABKOTA,Waropen,,0.876665218552,7.26174952493,4326,4,,,Waropen,Papua,,0,Yapen Waropen,,2017-03,0.051143686568707734,3,0.051143686568707734,VIIRS DNB,nW/cm2/sr,2017,"{""type"":""MultiPoint"",""coordinates"":[]}"
39_00000000000000000000,BA03050040,,,,,,,91.06,91,2257.7785726,TASWIL5000020230907KABKOTA,Biak Numfor,,0.183451690197,5.35532578171,4326,4,,,Biak Numfor,Papua,,0,,,2017-04,0.5555029601475507,4,0.5555029601475507,VIIRS DNB,nW/cm2/sr,2017,"{""type"":""MultiPoint"",""coordinates"":[]}"
39_00000000000000000001,BA03050040,,,,,,,91.03,91,14082.2122578,TASWIL5000020230907KABKOTA,Jayapura,,1.14561199815,9.52170493241,4326,4,,,Jayapura,Papua,,0,,,2017-04,0.3661017571309514,4,0.3661017571309514,VIIRS DNB,nW/cm2/sr,2017,"{""type"":""MultiPoint"",""coordinates"":[]}"
39_00000000000000000003,BA03050040,,,,,,,91.05,91,2429.0300227,TASWIL5000020230907KABKOTA,Kepulauan Yapen,,0.19742592562,8.55393507975,4326,4,,,Kepulauan Yapen,Papua,,0,,,2017-04,0.43272670920117007,4,0.43272670920117007,VIIRS DNB,nW/cm2/sr,2017,"{""type"":""MultiPoint"",""coordinates"":[]}"
39_00000000000000000007,BA03050040,,,,,,,91.19,91,660.611723589,TASWIL5000020230907KABKOTA,Supiori,,0.0536731325628,3.38191482935,4326,4,,,Supiori,Papua,,0,Biak Numfor,,2017-04,0.4427117741893109,4,0.4427117741893109,VIIRS DNB,nW/cm2/sr,2017,"{""type"":""MultiPoint"",""coordinates"":[]}"
39_00000000000000000002,BA03050040,,,,,,,91.11,91,9526.3153833,TASWIL5000020230907KABKOTA,Keerom,,0.775256858574,6.07708966623,4326,4,,,Keerom,Papua,,0,Jayapura,,2017-04,0.350657324883064,4,0.350657324883064,VIIRS DNB,nW/cm2/sr,2017,"{""type"":""MultiPoint"",""coordinates"":[]}"
39_00000000000000000004,BA03050040,,,,,,,91.71,91,835.479147077,TASWIL5000020230907KABKOTA,Kota Jayapura,,0.0679466217871,2.36790963878,4326,5,,,Kota Jayapura,Papua,,0,Jayapura,,2017-04,1.1536680630446834,4,1.1536680630446834,VIIRS DNB,nW/cm2/sr,2017,"{""type"":""MultiPoint"",""coordinates"":[]}"
39_00000000000000000006,BA03050040,,,,,,,91.10,91,14068.3737441,TASWIL5000020230907KABKOTA,Sarmi,,1.1439791998,11.4902362416,4326,4,,,Sarmi,Papua,,0,Jayapura,,2017-04,0.39847259676250857,4,0.39847259676250857,VIIRS DNB,nW/cm2/sr,2017,"{""type"":""MultiPoint"",""coordinates"":[]}"
39_00000000000000000005,BA03050040,,,,,,,91.20,91,28042.3912459,TASWIL5000020230907KABKOTA,Mamberamo Raya,,2.28030775228,13.664376657,4326,4,,,Mamberamo Raya,Papua,,0,Sarmi,,2017-04,0.4676254328375269,4,0.4676254328375269,VIIRS DNB,nW/cm2/sr,2017,"{""type"":""MultiPoint"",""coordinates"":[]}"
39_00000000000000000008,BA03050040,,,,,,,91.15,91,10778.7667558,TASWIL5000020230907KABKOTA,Waropen,,0.876665218552,7.26174952493,4326,4,,,Waropen,Papua,,0,Yapen Waropen,,2017-04,0.30900703283776504,4,0.30900703283776504,VIIRS DNB,nW/cm2/sr,2017,"{""type"":""MultiPoint"",""coordinates"":[]}"
40_00000000000000000000,BA03050040,,,,,,,91.06,91,2257.7785726,TASWIL5000020230907KABKOTA,Biak Numfor,,0.183451690197,5.35532578171,4326,4,,,Biak Numfor,Papua,,0,,,2017-05,0.3413997277459358,5,0.3413997277459358,VIIRS DNB,nW/cm2/sr,2017,"{""type"":""MultiPoint"",""coordinates"":[]}"
40_00000000000000000001,BA03050040,,,,,,,91.03,91,14082.2122578,TASWIL5000020230907KABKOTA,Jayapura,,1.14561199815,9.52170493241,4326,4,,,Jayapura,Papua,,0,,,2017-05,0.2268618591671781,5,0.2268618591671781,VIIRS DNB,nW/cm2/sr,2017,"{""type"":""MultiPoint"",""coordinates"":[]}"
40_00000000000000000003,BA03050040,,,,,,,91.05,91,2429.0300227,TASWIL5000020230907KABKOTA,Kepulauan Yapen,,0.19742592562,8.55393507975,4326,4,,,Kepulauan Yapen,Papua,,0,,,2017-05,0.2287425136897519,5,0.2287425136897519,VIIRS DNB,nW/cm2/sr,2017,"{""type"":""MultiPoint"",""coordinates"":[]}"
40_00000000000000000007,BA03050040,,,,,,,91.19,91,660.611723589,TASWIL5000020230907KABKOTA,Supiori,,0.0536731325628,3.38191482935,4326,4,,,Supiori,Papua,,0,Biak Numfor,,2017-05,0.26025207609736406,5,0.26025207609736406,VIIRS DNB,nW/cm2/sr,2017,"{""type"":""MultiPoint"",""coordinates"":[]}"
40_00000000000000000002,BA03050040,,,,,,,91.11,91,9526.3153833,TASWIL5000020230907KABKOTA,Keerom,,0.775256858574,6.07708966623,4326,4,,,Keerom,Papua,,0,Jayapura,,2017-05,0.18457404523548018,5,0.18457404523548018,VIIRS DNB,nW/cm2/sr,2017,"{""type"":""MultiPoint"",""coordinates"":[]}"
40_00000000000000000004,BA03050040,,,,,,,91.71,91,835.479147077,TASWIL5000020230907KABKOTA,Kota Jayapura,,0.0679466217871,2.36790963878,4326,5,,,Kota Jayapura,Papua,,0,Jayapura,,2017-05,1.0154068640345533,5,1.0154068640345533,VIIRS DNB,nW/cm2/sr,2017,"{""type"":""MultiPoint"",""coordinates"":[]}"
40_00000000000000000006,BA03050040,,,,,,,91.10,91,14068.3737441,TASWIL5000020230907KABKOTA,Sarmi,,1.1439791998,11.4902362416,4326,4,,,Sarmi,Papua,,0,Jayapura,,2017-05,0.20883112426830908,5,0.20883112426830908,VIIRS DNB,nW/cm2/sr,2017,"{""type"":""MultiPoint"",""coordinates"":[]}"
40_00000000000000000005,BA03050040,,,,,,,91.20,91,28042.3912459,TASWIL5000020230907KABKOTA,Mamberamo Raya,,2.28030775228,13.664376657,4326,4,,,Mamberamo Raya,Papua,,0,Sarmi,,2017-05,0.2064966388773758,5,0.2064966388773758,VIIRS DNB,nW/cm2/sr,2017,"{""type"":""MultiPoint"",""coordinates"":[]}"
40_00000000000000000008,BA03050040,,,,,,,91.15,91,10778.7667558,TASWIL5000020230907KABKOTA,Waropen,,0.876665218552,7.26174952493,4326,4,,,Waropen,Papua,,0,Yapen Waropen,,2017-05,0.21876001921916532,5,0.21876001921916532,VIIRS DNB,nW/cm2/sr,2017,"{""type"":""MultiPoint"",""coordinates"":[]}"
41_00000000000000000000,BA03050040,,,,,,,91.06,91,2257.7785726,TASWIL5000020230907KABKOTA,Biak Numfor,,0.183451690197,5.35532578171,4326,4,,,Biak Numfor,Papua,,0,,,2017-06,0.26006437715160236,6,0.26006437715160236,VIIRS DNB,nW/cm2/sr,2017,"{""type"":""MultiPoint"",""coordinates"":[]}"
41_00000000000000000001,BA03050040,,,,,,,91.03,91,14082.2122578,TASWIL5000020230907KABKOTA,Jayapura,,1.14561199815,9.52170493241,4326,4,,,Jayapura,Papua,,0,,,2017-06,0.14463067101531193,6,0.14463067101531193,VIIRS DNB,nW/cm2/sr,2017,"{""type"":""MultiPoint"",""coordinates"":[]}"
41_00000000000000000003,BA03050040,,,,,,,91.05,91,2429.0300227,TASWIL5000020230907KABKOTA,Kepulauan Yapen,,0.19742592562,8.55393507975,4326,4,,,Kepulauan Yapen,Papua,,0,,,2017-06,0.14738938682904407,6,0.14738938682904407,VIIRS DNB,nW/cm2/sr,2017,"{""type"":""MultiPoint"",""coordinates"":[]}"
41_00000000000000000007,BA03050040,,,,,,,91.19,91,660.611723589,TASWIL5000020230907KABKOTA,Supiori,,0.0536731325628,3.38191482935,4326,4,,,Supiori,Papua,,0,Biak Numfor,,2017-06,0.18976912269576107,6,0.18976912269576107,VIIRS DNB,nW/cm2/sr,2017,"{""type"":""MultiPoint"",""coordinates"":[]}"
41_00000000000000000002,BA03050040,,,,,,,91.11,91,9526.3153833,TASWIL5000020230907KABKOTA,Keerom,,0.775256858574,6.07708966623,4326,4,,,Keerom,Papua,,0,Jayapura,,2017-06,0.12180733537333813,6,0.12180733537333813,VIIRS DNB,nW/cm2/sr,2017,"{""type"":""MultiPoint"",""coordinates"":[]}"
41_00000000000000000004,BA03050040,,,,,,,91.71,91,835.479147077,TASWIL5000020230907KABKOTA,Kota Jayapura,,0.0679466217871,2.36790963878,4326,5,,,Kota Jayapura,Papua,,0,Jayapura,,2017-06,0.9081956298294382,6,0.9081956298294382,VIIRS DNB,nW/cm2/sr,2017,"{""type"":""MultiPoint"",""coordinates"":[]}"
41_00000000000000000006,BA03050040,,,,,,,91.10,91,14068.3737441,TASWIL5000020230907KABKOTA,Sarmi,,1.1439791998,11.4902362416,4326,4,,,Sarmi,Papua,,0,Jayapura,,2017-06,0.11556754245065072,6,0.11556754245065072,VIIRS DNB,nW/cm2/sr,2017,"{""type"":""MultiPoint"",""coordinates"":[]}"
41_00000000000000000005,BA03050040,,,,,,,91.20,91,28042.3912459,TASWIL5000020230907KABKOTA,Mamberamo Raya,,2.28030775228,13.664376657,4326,4,,,Mamberamo Raya,Papua,,0,Sarmi,,2017-06,0.12119260337876023,6,0.12119260337876023,VIIRS DNB,nW/cm2/sr,2017,"{""type"":""MultiPoint"",""coordinates"":[]}"
41_00000000000000000008,BA03050040,,,,,,,91.15,91,10778.7667558,TASWIL5000020230907KABKOTA,Waropen,,0.876665218552,7.26174952493,4326,4,,,Waropen,Papua,,0,Yapen Waropen,,2017-06,0.04257685987968055,6,0.04257685987968055,VIIRS DNB,nW/cm2/sr,2017,"{""type"":""MultiPoint"",""coordinates"":[]}"
42_00000000000000000000,BA03050040,,,,,,,91.06,91,2257.7785726,TASWIL5000020230907KABKOTA,Biak Numfor,,0.183451690197,5.35532578171,4326,4,,,Biak Numfor,Papua,,0,,,2017-07,0.21429941651546525,7,0.21429941651546525,VIIRS DNB,nW/cm2/sr,2017,"{""type"":""MultiPoint"",""coordinates"":[]}"
42_00000000000000000001,BA03050040,,,,,,,91.03,91,14082.2122578,TASWIL5000020230907KABKOTA,Jayapura,,1.14561199815,9.52170493241,4326,4,,,Jayapura,Papua,,0,,,2017-07,0.15027187930154923,7,0.15027187930154923,VIIRS DNB,nW/cm2/sr,2017,"{""type"":""MultiPoint"",""coordinates"":[]}"
42_00000000000000000003,BA03050040,,,,,,,91.05,91,2429.0300227,TASWIL5000020230907KABKOTA,Kepulauan Yapen,,0.19742592562,8.55393507975,4326,4,,,Kepulauan Yapen,Papua,,0,,,2017-07,0.06955716104568518,7,0.06955716104568518,VIIRS DNB,nW/cm2/sr,2017,"{""type"":""MultiPoint"",""coordinates"":[]}"
42_00000000000000000007,BA03050040,,,,,,,91.19,91,660.611723589,TASWIL5000020230907KABKOTA,Supiori,,0.0536731325628,3.38191482935,4326,4,,,Supiori,Papua,,0,Biak Numfor,,2017-07,0.1788781612673921,7,0.1788781612673921,VIIRS DNB,nW/cm2/sr,2017,"{""type"":""MultiPoint"",""coordinates"":[]}"
42_00000000000000000002,BA03050040,,,,,,,91.11,91,9526.3153833,TASWIL5000020230907KABKOTA,Keerom,,0.775256858574,6.07708966623,4326,4,,,Keerom,Papua,,0,Jayapura,,2017-07,0.14837998485918263,7,0.14837998485918263,VIIRS DNB,nW/cm2/sr,2017,"{""type"":""MultiPoint"",""coordinates"":[]}"
42_00000000000000000004,BA03050040,,,,,,,91.71,91,835.479147077,TASWIL5000020230907KABKOTA,Kota Jayapura,,0.0679466217871,2.36790963878,4326,5,,,Kota Jayapura,Papua,,0,Jayapura,,2017-07,0.8677847277285026,7,0.8677847277285026,VIIRS DNB,nW/cm2/sr,2017,"{""type"":""MultiPoint"",""coordinates"":[]}"
42_00000000000000000006,BA03050040,,,,,,,91.10,91,14068.3737441,TASWIL5000020230907KABKOTA,Sarmi,,1.1439791998,11.4902362416,4326,4,,,Sarmi,Papua,,0,Jayapura,,2017-07,0.09289392005617914,7,0.09289392005617914,VIIRS DNB,nW/cm2/sr,2017,"{""type"":""MultiPoint"",""coordinates"":[]}"
42_00000000000000000005,BA03050040,,,,,,,91.20,91,28042.3912459,TASWIL5000020230907KABKOTA,Mamberamo Raya,,2.28030775228,13.664376657,4326,4,,,Mamberamo Raya,Papua,,0,Sarmi,,2017-07,0.07845629771015139,7,0.07845629771015139,VIIRS DNB,nW/cm2/sr,2017,"{""type"":""MultiPoint"",""coordinates"":[]}"
42_00000000000000000008,BA03050040,,,,,,,91.15,91,10778.7667558,TASWIL5000020230907KABKOTA,Waropen,,0.876665218552,7.26174952493,4326,4,,,Waropen,Papua,,0,Yapen Waropen,,2017-07,0.02688460006382455,7,0.02688460006382455,VIIRS DNB,nW/cm2/sr,2017,"{""type"":""MultiPoint"",""coordinates"":[]}"
43_00000000000000000000,BA03050040,,,,,,,91.06,91,2257.7785726,TASWIL5000020230907KABKOTA,Biak Numfor,,0.183451690197,5.35532578171,4326,4,,,Biak Numfor,Papua,,0,,,2017-08,0.24558356066134837,8,0.24558356066134837,VIIRS DNB,nW/cm2/sr,2017,"{""type"":""MultiPoint"",""coordinates"":[]}"
43_00000000000000000001,BA03050040,,,,,,,91.03,91,14082.2122578,TASWIL5000020230907KABKOTA,Jayapura,,1.14561199815,9.52170493241,4326,4,,,Jayapura,Papua,,0,,,2017-08,0.12611332777191936,8,0.12611332777191936,VIIRS DNB,nW/cm2/sr,2017,"{""type"":""MultiPoint"",""coordinates"":[]}"
43_00000000000000000003,BA03050040,,,,,,,91.05,91,2429.0300227,TASWIL5000020230907KABKOTA,Kepulauan Yapen,,0.19742592562,8.55393507975,4326,4,,,Kepulauan Yapen,Papua,,0,,,2017-08,0.17153645239970447,8,0.17153645239970447,VIIRS DNB,nW/cm2/sr,2017,"{""type"":""MultiPoint"",""coordinates"":[]}"
43_00000000000000000007,BA03050040,,,,,,,91.19,91,660.611723589,TASWIL5000020230907KABKOTA,Supiori,,0.0536731325628,3.38191482935,4326,4,,,Supiori,Papua,,0,Biak Numfor,,2017-08,0.13941986038144988,8,0.13941986038144988,VIIRS DNB,nW/cm2/sr,2017,"{""type"":""MultiPoint"",""coordinates"":[]}"
43_00000000000000000002,BA03050040,,,,,,,91.11,91,9526.3153833,TASWIL5000020230907KABKOTA,Keerom,,0.775256858574,6.07708966623,4326,4,,,Keerom,Papua,,0,Jayapura,,2017-08,0.11994207955303435,8,0.11994207955303435,VIIRS DNB,nW/cm2/sr,2017,"{""type"":""MultiPoint"",""coordinates"":[]}"
43_00000000000000000004,BA03050040,,,,,,,91.71,91,835.479147077,TASWIL5000020230907KABKOTA,Kota Jayapura,,0.0679466217871,2.36790963878,4326,5,,,Kota Jayapura,Papua,,0,Jayapura,,2017-08,0.8268066177774654,8,0.8268066177774654,VIIRS DNB,nW/cm2/sr,2017,"{""type"":""MultiPoint"",""coordinates"":[]}"
43_00000000000000000006,BA03050040,,,,,,,91.10,91,14068.3737441,TASWIL5000020230907KABKOTA,Sarmi,,1.1439791998,11.4902362416,4326,4,,,Sarmi,Papua,,0,Jayapura,,2017-08,0.12543474373912092,8,0.12543474373912092,VIIRS DNB,nW/cm2/sr,2017,"{""type"":""MultiPoint"",""coordinates"":[]}"
43_00000000000000000005,BA03050040,,,,,,,91.20,91,28042.3912459,TASWIL5000020230907KABKOTA,Mamberamo Raya,,2.28030775228,13.664376657,4326,4,,,Mamberamo Raya,Papua,,0,Sarmi,,2017-08,0.13080911683704824,8,0.13080911683704824,VIIRS DNB,nW/cm2/sr,2017,"{""type"":""MultiPoint"",""coordinates"":[]}"
43_00000000000000000008,BA03050040,,,,,,,91.15,91,10778.7667558,TASWIL5000020230907KABKOTA,Waropen,,0.876665218552,7.26174952493,4326,4,,,Waropen,Papua,,0,Yapen Waropen,,2017-08,0.1475390234706729,8,0.1475390234706729,VIIRS DNB,nW/cm2/sr,2017,"{""type"":""MultiPoint"",""coordinates"":[]}"
44_00000000000000000000,BA03050040,,,,,,,91.06,91,2257.7785726,TASWIL5000020230907KABKOTA,Biak Numfor,,0.183451690197,5.35532578171,4326,4,,,Biak Numfor,Papua,,0,,,2017-09,0.35724499569366686,9,0.35724499569366686,VIIRS DNB,nW/cm2/sr,2017,"{""type"":""MultiPoint"",""coordinates"":[]}"
44_00000000000000000001,BA03050040,,,,,,,91.03,91,14082.2122578,TASWIL5000020230907KABKOTA,Jayapura,,1.14561199815,9.52170493241,4326,4,,,Jayapura,Papua,,0,,,2017-09,0.23857104730318365,9,0.23857104730318365,VIIRS DNB,nW/cm2/sr,2017,"{""type"":""MultiPoint"",""coordinates"":[]}"
44_00000000000000000003,BA03050040,,,,,,,91.05,91,2429.0300227,TASWIL5000020230907KABKOTA,Kepulauan Yapen,,0.19742592562,8.55393507975,4326,4,,,Kepulauan Yapen,Papua,,0,,,2017-09,0.2816615953442485,9,0.2816615953442485,VIIRS DNB,nW/cm2/sr,2017,"{""type"":""MultiPoint"",""coordinates"":[]}"
44_00000000000000000007,BA03050040,,,,,,,91.19,91,660.611723589,TASWIL5000020230907KABKOTA,Supiori,,0.0536731325628,3.38191482935,4326,4,,,Supiori,Papua,,0,Biak Numfor,,2017-09,0.2389867766966771,9,0.2389867766966771,VIIRS DNB,nW/cm2/sr,2017,"{""type"":""MultiPoint"",""coordinates"":[]}"
44_00000000000000000002,BA03050040,,,,,,,91.11,91,9526.3153833,TASWIL5000020230907KABKOTA,Keerom,,0.775256858574,6.07708966623,4326,4,,,Keerom,Papua,,0,Jayapura,,2017-09,0.24502359254946796,9,0.24502359254946796,VIIRS DNB,nW/cm2/sr,2017,"{""type"":""MultiPoint"",""coordinates"":[]}"
44_00000000000000000004,BA03050040,,,,,,,91.71,91,835.479147077,TASWIL5000020230907KABKOTA,Kota Jayapura,,0.0679466217871,2.36790963878,4326,5,,,Kota Jayapura,Papua,,0,Jayapura,,2017-09,1.0163100111307588,9,1.0163100111307588,VIIRS DNB,nW/cm2/sr,2017,"{""type"":""MultiPoint"",""coordinates"":[]}"
44_00000000000000000006,BA03050040,,,,,,,91.10,91,14068.3737441,TASWIL5000020230907KABKOTA,Sarmi,,1.1439791998,11.4902362416,4326,4,,,Sarmi,Papua,,0,Jayapura,,2017-09,0.2117337309380273,9,0.2117337309380273,VIIRS DNB,nW/cm2/sr,2017,"{""type"":""MultiPoint"",""coordinates"":[]}"
44_00000000000000000005,BA03050040,,,,,,,91.20,91,28042.3912459,TASWIL5000020230907KABKOTA,Mamberamo Raya,,2.28030775228,13.664376657,4326,4,,,Mamberamo Raya,Papua,,0,Sarmi,,2017-09,0.21921466194223985,9,0.21921466194223985,VIIRS DNB,nW/cm2/sr,2017,"{""type"":""MultiPoint"",""coordinates"":[]}"
44_00000000000000000008,BA03050040,,,,,,,91.15,91,10778.7667558,TASWIL5000020230907KABKOTA,Waropen,,0.876665218552,7.26174952493,4326,4,,,Waropen,Papua,,0,Yapen Waropen,,2017-09,0.16591200993599833,9,0.16591200993599833,VIIRS DNB,nW/cm2/sr,2017,"{""type"":""MultiPoint"",""coordinates"":[]}"
45_00000000000000000000,BA03050040,,,,,,,91.06,91,2257.7785726,TASWIL5000020230907KABKOTA,Biak Numfor,,0.183451690197,5.35532578171,4326,4,,,Biak Numfor,Papua,,0,,,2017-10,0.2794619049704054,10,0.2794619049704054,VIIRS DNB,nW/cm2/sr,2017,"{""type"":""MultiPoint"",""coordinates"":[]}"
45_00000000000000000001,BA03050040,,,,,,,91.03,91,14082.2122578,TASWIL5000020230907KABKOTA,Jayapura,,1.14561199815,9.52170493241,4326,4,,,Jayapura,Papua,,0,,,2017-10,0.21928535141460725,10,0.21928535141460725,VIIRS DNB,nW/cm2/sr,2017,"{""type"":""MultiPoint"",""coordinates"":[]}"
45_00000000000000000003,BA03050040,,,,,,,91.05,91,2429.0300227,TASWIL5000020230907KABKOTA,Kepulauan Yapen,,0.19742592562,8.55393507975,4326,4,,,Kepulauan Yapen,Papua,,0,,,2017-10,0.17519058073247515,10,0.17519058073247515,VIIRS DNB,nW/cm2/sr,2017,"{""type"":""MultiPoint"",""coordinates"":[]}"
45_00000000000000000007,BA03050040,,,,,,,91.19,91,660.611723589,TASWIL5000020230907KABKOTA,Supiori,,0.0536731325628,3.38191482935,4326,4,,,Supiori,Papua,,0,Biak Numfor,,2017-10,0.18816071004250975,10,0.18816071004250975,VIIRS DNB,nW/cm2/sr,2017,"{""type"":""MultiPoint"",""coordinates"":[]}"
45_00000000000000000002,BA03050040,,,,,,,91.11,91,9526.3153833,TASWIL5000020230907KABKOTA,Keerom,,0.775256858574,6.07708966623,4326,4,,,Keerom,Papua,,0,Jayapura,,2017-10,0.2365411100458876,10,0.2365411100458876,VIIRS DNB,nW/cm2/sr,2017,"{""type"":""MultiPoint"",""coordinates"":[]}"
45_00000000000000000004,BA03050040,,,,,,,91.71,91,835.479147077,TASWIL5000020230907KABKOTA,Kota Jayapura,,0.0679466217871,2.36790963878,4326,5,,,Kota Jayapura,Papua,,0,Jayapura,,2017-10,1.0636925016129422,10,1.0636925016129422,VIIRS DNB,nW/cm2/sr,2017,"{""type"":""MultiPoint"",""coordinates"":[]}"
45_00000000000000000006,BA03050040,,,,,,,91.10,91,14068.3737441,TASWIL5000020230907KABKOTA,Sarmi,,1.1439791998,11.4902362416,4326,4,,,Sarmi,Papua,,0,Jayapura,,2017-10,0.19435947023656833,10,0.19435947023656833,VIIRS DNB,nW/cm2/sr,2017,"{""type"":""MultiPoint"",""coordinates"":[]}"
45_00000000000000000005,BA03050040,,,,,,,91.20,91,28042.3912459,TASWIL5000020230907KABKOTA,Mamberamo Raya,,2.28030775228,13.664376657,4326,4,,,Mamberamo Raya,Papua,,0,Sarmi,,2017-10,0.14502680998831766,10,0.14502680998831766,VIIRS DNB,nW/cm2/sr,2017,"{""type"":""MultiPoint"",""coordinates"":[]}"
45_00000000000000000008,BA03050040,,,,,,,91.15,91,10778.7667558,TASWIL5000020230907KABKOTA,Waropen,,0.876665218552,7.26174952493,4326,4,,,Waropen,Papua,,0,Yapen Waropen,,2017-10,0.12024974574987686,10,0.12024974574987686,VIIRS DNB,nW/cm2/sr,2017,"{""type"":""MultiPoint"",""coordinates"":[]}"
46_00000000000000000000,BA03050040,,,,,,,91.06,91,2257.7785726,TASWIL5000020230907KABKOTA,Biak Numfor,,0.183451690197,5.35532578171,4326,4,,,Biak Numfor,Papua,,0,,,2017-11,0.25862876245874367,11,0.25862876245874367,VIIRS DNB,nW/cm2/sr,2017,"{""type"":""MultiPoint"",""coordinates"":[]}"
46_00000000000000000001,BA03050040,,,,,,,91.03,91,14082.2122578,TASWIL5000020230907KABKOTA,Jayapura,,1.14561199815,9.52170493241,4326,4,,,Jayapura,Papua,,0,,,2017-11,0.17497360523827893,11,0.17497360523827893,VIIRS DNB,nW/cm2/sr,2017,"{""type"":""MultiPoint"",""coordinates"":[]}"
46_00000000000000000003,BA03050040,,,,,,,91.05,91,2429.0300227,TASWIL5000020230907KABKOTA,Kepulauan Yapen,,0.19742592562,8.55393507975,4326,4,,,Kepulauan Yapen,Papua,,0,,,2017-11,0.19417919524456426,11,0.19417919524456426,VIIRS DNB,nW/cm2/sr,2017,"{""type"":""MultiPoint"",""coordinates"":[]}"
46_00000000000000000007,BA03050040,,,,,,,91.19,91,660.611723589,TASWIL5000020230907KABKOTA,Supiori,,0.0536731325628,3.38191482935,4326,4,,,Supiori,Papua,,0,Biak Numfor,,2017-11,0.16023930562674443,11,0.16023930562674443,VIIRS DNB,nW/cm2/sr,2017,"{""type"":""MultiPoint"",""coordinates"":[]}"
46_00000000000000000002,BA03050040,,,,,,,91.11,91,9526.3153833,TASWIL5000020230907KABKOTA,Keerom,,0.775256858574,6.07708966623,4326,4,,,Keerom,Papua,,0,Jayapura,,2017-11,0.12070164234044527,11,0.12070164234044527,VIIRS DNB,nW/cm2/sr,2017,"{""type"":""MultiPoint"",""coordinates"":[]}"
46_00000000000000000004,BA03050040,,,,,,,91.71,91,835.479147077,TASWIL5000020230907KABKOTA,Kota Jayapura,,0.0679466217871,2.36790963878,4326,5,,,Kota Jayapura,Papua,,0,Jayapura,,2017-11,0.9233350744810109,11,0.9233350744810109,VIIRS DNB,nW/cm2/sr,2017,"{""type"":""MultiPoint"",""coordinates"":[]}"
46_00000000000000000006,BA03050040,,,,,,,91.10,91,14068.3737441,TASWIL5000020230907KABKOTA,Sarmi,,1.1439791998,11.4902362416,4326,4,,,Sarmi,Papua,,0,Jayapura,,2017-11,0.20262226691649696,11,0.20262226691649696,VIIRS DNB,nW/cm2/sr,2017,"{""type"":""MultiPoint"",""coordinates"":[]}"
46_00000000000000000005,BA03050040,,,,,,,91.20,91,28042.3912459,TASWIL5000020230907KABKOTA,Mamberamo Raya,,2.28030775228,13.664376657,4326,4,,,Mamberamo Raya,Papua,,0,Sarmi,,2017-11,0.20575511789842785,11,0.20575511789842785,VIIRS DNB,nW/cm2/sr,2017,"{""type"":""MultiPoint"",""coordinates"":[]}"
46_00000000000000000008,BA03050040,,,,,,,91.15,91,10778.7667558,TASWIL5000020230907KABKOTA,Waropen,,0.876665218552,7.26174952493,4326,4,,,Waropen,Papua,,0,Yapen Waropen,,2017-11,0.17484193726202657,11,0.17484193726202657,VIIRS DNB,nW/cm2/sr,2017,"{""type"":""MultiPoint"",""coordinates"":[]}"
47_00000000000000000000,BA03050040,,,,,,,91.06,91,2257.7785726,TASWIL5000020230907KABKOTA,Biak Numfor,,0.183451690197,5.35532578171,4326,4,,,Biak Numfor,Papua,,0,,,2017-12,0.300959691793263,12,0.300959691793263,VIIRS DNB,nW/cm2/sr,2017,"{""type"":""MultiPoint"",""coordinates"":[]}"
47_00000000000000000001,BA03050040,,,,,,,91.03,91,14082.2122578,TASWIL5000020230907KABKOTA,Jayapura,,1.14561199815,9.52170493241,4326,4,,,Jayapura,Papua,,0,,,2017-12,0.1289322807882163,12,0.1289322807882163,VIIRS DNB,nW/cm2/sr,2017,"{""type"":""MultiPoint"",""coordinates"":[]}"
47_00000000000000000003,BA03050040,,,,,,,91.05,91,2429.0300227,TASWIL5000020230907KABKOTA,Kepulauan Yapen,,0.19742592562,8.55393507975,4326,4,,,Kepulauan Yapen,Papua,,0,,,2017-12,0.26115164082618747,12,0.26115164082618747,VIIRS DNB,nW/cm2/sr,2017,"{""type"":""MultiPoint"",""coordinates"":[]}"
47_00000000000000000007,BA03050040,,,,,,,91.19,91,660.611723589,TASWIL5000020230907KABKOTA,Supiori,,0.0536731325628,3.38191482935,4326,4,,,Supiori,Papua,,0,Biak Numfor,,2017-12,0.17783112089048175,12,0.17783112089048175,VIIRS DNB,nW/cm2/sr,2017,"{""type"":""MultiPoint"",""coordinates"":[]}"
47_00000000000000000002,BA03050040,,,,,,,91.11,91,9526.3153833,TASWIL5000020230907KABKOTA,Keerom,,0.775256858574,6.07708966623,4326,4,,,Keerom,Papua,,0,Jayapura,,2017-12,0.0720163587995898,12,0.0720163587995898,VIIRS DNB,nW/cm2/sr,2017,"{""type"":""MultiPoint"",""coordinates"":[]}"
47_00000000000000000004,BA03050040,,,,,,,91.71,91,835.479147077,TASWIL5000020230907KABKOTA,Kota Jayapura,,0.0679466217871,2.36790963878,4326,5,,,Kota Jayapura,Papua,,0,Jayapura,,2017-12,0.6017756565847661,12,0.6017756565847661,VIIRS DNB,nW/cm2/sr,2017,"{""type"":""MultiPoint"",""coordinates"":[]}"
47_00000000000000000006,BA03050040,,,,,,,91.10,91,14068.3737441,TASWIL5000020230907KABKOTA,Sarmi,,1.1439791998,11.4902362416,4326,4,,,Sarmi,Papua,,0,Jayapura,,2017-12,0.11087139541748492,12,0.11087139541748492,VIIRS DNB,nW/cm2/sr,2017,"{""type"":""MultiPoint"",""coordinates"":[]}"
47_00000000000000000005,BA03050040,,,,,,,91.20,91,28042.3912459,TASWIL5000020230907KABKOTA,Mamberamo Raya,,2.28030775228,13.664376657,4326,4,,,Mamberamo Raya,Papua,,0,Sarmi,,2017-12,0.12462525125208695,12,0.12462525125208695,VIIRS DNB,nW/cm2/sr,2017,"{""type"":""MultiPoint"",""coordinates"":[]}"
47_00000000000000000008,BA03050040,,,,,,,91.15,91,10778.7667558,TASWIL5000020230907KABKOTA,Waropen,,0.876665218552,7.26174952493,4326,4,,,Waropen,Papua,,0,Yapen Waropen,,2017-12,0.15910714998171652,12,0.15910714998171652,VIIRS DNB,nW/cm2/sr,2017,"{""type"":""MultiPoint"",""coordinates"":[]}"
48_00000000000000000000,BA03050040,,,,,,,91.06,91,2257.7785726,TASWIL5000020230907KABKOTA,Biak Numfor,,0.183451690197,5.35532578171,4326,4,,,Biak Numfor,Papua,,0,,,2018-01,0.20221681159163835,1,0.20221681159163835,VIIRS DNB,nW/cm2/sr,2018,"{""type"":""MultiPoint"",""coordinates"":[]}"
48_00000000000000000001,BA03050040,,,,,,,91.03,91,14082.2122578,TASWIL5000020230907KABKOTA,Jayapura,,1.14561199815,9.52170493241,4326,4,,,Jayapura,Papua,,0,,,2018-01,0.0829589021389635,1,0.0829589021389635,VIIRS DNB,nW/cm2/sr,2018,"{""type"":""MultiPoint"",""coordinates"":[]}"
48_00000000000000000003,BA03050040,,,,,,,91.05,91,2429.0300227,TASWIL5000020230907KABKOTA,Kepulauan Yapen,,0.19742592562,8.55393507975,4326,4,,,Kepulauan Yapen,Papua,,0,,,2018-01,0.12491170009437129,1,0.12491170009437129,VIIRS DNB,nW/cm2/sr,2018,"{""type"":""MultiPoint"",""coordinates"":[]}"
48_00000000000000000007,BA03050040,,,,,,,91.19,91,660.611723589,TASWIL5000020230907KABKOTA,Supiori,,0.0536731325628,3.38191482935,4326,4,,,Supiori,Papua,,0,Biak Numfor,,2018-01,0.08030629506395287,1,0.08030629506395287,VIIRS DNB,nW/cm2/sr,2018,"{""type"":""MultiPoint"",""coordinates"":[]}"
48_00000000000000000002,BA03050040,,,,,,,91.11,91,9526.3153833,TASWIL5000020230907KABKOTA,Keerom,,0.775256858574,6.07708966623,4326,4,,,Keerom,Papua,,0,Jayapura,,2018-01,0.09065817154464234,1,0.09065817154464234,VIIRS DNB,nW/cm2/sr,2018,"{""type"":""MultiPoint"",""coordinates"":[]}"
48_00000000000000000004,BA03050040,,,,,,,91.71,91,835.479147077,TASWIL5000020230907KABKOTA,Kota Jayapura,,0.0679466217871,2.36790963878,4326,5,,,Kota Jayapura,Papua,,0,Jayapura,,2018-01,0.7369550003670284,1,0.7369550003670284,VIIRS DNB,nW/cm2/sr,2018,"{""type"":""MultiPoint"",""coordinates"":[]}"
48_00000000000000000006,BA03050040,,,,,,,91.10,91,14068.3737441,TASWIL5000020230907KABKOTA,Sarmi,,1.1439791998,11.4902362416,4326,4,,,Sarmi,Papua,,0,Jayapura,,2018-01,0.07377325912378652,1,0.07377325912378652,VIIRS DNB,nW/cm2/sr,2018,"{""type"":""MultiPoint"",""coordinates"":[]}"
48_00000000000000000005,BA03050040,,,,,,,91.20,91,28042.3912459,TASWIL5000020230907KABKOTA,Mamberamo Raya,,2.28030775228,13.664376657,4326,4,,,Mamberamo Raya,Papua,,0,Sarmi,,2018-01,0.059421723060985386,1,0.059421723060985386,VIIRS DNB,nW/cm2/sr,2018,"{""type"":""MultiPoint"",""coordinates"":[]}"
48_00000000000000000008,BA03050040,,,,,,,91.15,91,10778.7667558,TASWIL5000020230907KABKOTA,Waropen,,0.876665218552,7.26174952493,4326,4,,,Waropen,Papua,,0,Yapen Waropen,,2018-01,0.038908055331772884,1,0.038908055331772884,VIIRS DNB,nW/cm2/sr,2018,"{""type"":""MultiPoint"",""coordinates"":[]}"
49_00000000000000000000,BA03050040,,,,,,,91.06,91,2257.7785726,TASWIL5000020230907KABKOTA,Biak Numfor,,0.183451690197,5.35532578171,4326,4,,,Biak Numfor,Papua,,0,,,2018-02,0.24624359659225944,2,0.24624359659225944,VIIRS DNB,nW/cm2/sr,2018,"{""type"":""MultiPoint"",""coordinates"":[]}"
49_00000000000000000001,BA03050040,,,,,,,91.03,91,14082.2122578,TASWIL5000020230907KABKOTA,Jayapura,,1.14561199815,9.52170493241,4326,4,,,Jayapura,Papua,,0,,,2018-02,0.0989839274273526,2,0.0989839274273526,VIIRS DNB,nW/cm2/sr,2018,"{""type"":""MultiPoint"",""coordinates"":[]}"
49_00000000000000000003,BA03050040,,,,,,,91.05,91,2429.0300227,TASWIL5000020230907KABKOTA,Kepulauan Yapen,,0.19742592562,8.55393507975,4326,4,,,Kepulauan Yapen,Papua,,0,,,2018-02,0.16290996336290695,2,0.16290996336290695,VIIRS DNB,nW/cm2/sr,2018,"{""type"":""MultiPoint"",""coordinates"":[]}"
49_00000000000000000007,BA03050040,,,,,,,91.19,91,660.611723589,TASWIL5000020230907KABKOTA,Supiori,,0.0536731325628,3.38191482935,4326,4,,,Supiori,Papua,,0,Biak Numfor,,2018-02,0.12925486275117315,2,0.12925486275117315,VIIRS DNB,nW/cm2/sr,2018,"{""type"":""MultiPoint"",""coordinates"":[]}"
49_00000000000000000002,BA03050040,,,,,,,91.11,91,9526.3153833,TASWIL5000020230907KABKOTA,Keerom,,0.775256858574,6.07708966623,4326,4,,,Keerom,Papua,,0,Jayapura,,2018-02,0.07150349406551039,2,0.07150349406551039,VIIRS DNB,nW/cm2/sr,2018,"{""type"":""MultiPoint"",""coordinates"":[]}"
49_00000000000000000004,BA03050040,,,,,,,91.71,91,835.479147077,TASWIL5000020230907KABKOTA,Kota Jayapura,,0.0679466217871,2.36790963878,4326,5,,,Kota Jayapura,Papua,,0,Jayapura,,2018-02,0.8674867619334519,2,0.8674867619334519,VIIRS DNB,nW/cm2/sr,2018,"{""type"":""MultiPoint"",""coordinates"":[]}"
49_00000000000000000006,BA03050040,,,,,,,91.10,91,14068.3737441,TASWIL5000020230907KABKOTA,Sarmi,,1.1439791998,11.4902362416,4326,4,,,Sarmi,Papua,,0,Jayapura,,2018-02,0.04852153685233301,2,0.04852153685233301,VIIRS DNB,nW/cm2/sr,2018,"{""type"":""MultiPoint"",""coordinates"":[]}"
49_00000000000000000005,BA03050040,,,,,,,91.20,91,28042.3912459,TASWIL5000020230907KABKOTA,Mamberamo Raya,,2.28030775228,13.664376657,4326,4,,,Mamberamo Raya,Papua,,0,Sarmi,,2018-02,0.09093498727478605,2,0.09093498727478605,VIIRS DNB,nW/cm2/sr,2018,"{""type"":""MultiPoint"",""coordinates"":[]}"
49_00000000000000000008,BA03050040,,,,,,,91.15,91,10778.7667558,TASWIL5000020230907KABKOTA,Waropen,,0.876665218552,7.26174952493,4326,4,,,Waropen,Papua,,0,Yapen Waropen,,2018-02,0.1003518041871477,2,0.1003518041871477,VIIRS DNB,nW/cm2/sr,2018,"{""type"":""MultiPoint"",""coordinates"":[]}"
50_00000000000000000000,BA03050040,,,,,,,91.06,91,2257.7785726,TASWIL5000020230907KABKOTA,Biak Numfor,,0.183451690197,5.35532578171,4326,4,,,Biak Numfor,Papua,,0,,,2018-03,0.3351883189317688,3,0.3351883189317688,VIIRS DNB,nW/cm2/sr,2018,"{""type"":""MultiPoint"",""coordinates"":[]}"
50_00000000000000000001,BA03050040,,,,,,,91.03,91,14082.2122578,TASWIL5000020230907KABKOTA,Jayapura,,1.14561199815,9.52170493241,4326,4,,,Jayapura,Papua,,0,,,2018-03,0.34803430468862395,3,0.34803430468862395,VIIRS DNB,nW/cm2/sr,2018,"{""type"":""MultiPoint"",""coordinates"":[]}"
50_00000000000000000003,BA03050040,,,,,,,91.05,91,2429.0300227,TASWIL5000020230907KABKOTA,Kepulauan Yapen,,0.19742592562,8.55393507975,4326,4,,,Kepulauan Yapen,Papua,,0,,,2018-03,0.021934116057844472,3,0.021934116057844472,VIIRS DNB,nW/cm2/sr,2018,"{""type"":""MultiPoint"",""coordinates"":[]}"
50_00000000000000000007,BA03050040,,,,,,,91.19,91,660.611723589,TASWIL5000020230907KABKOTA,Supiori,,0.0536731325628,3.38191482935,4326,4,,,Supiori,Papua,,0,Biak Numfor,,2018-03,0.16433830498569849,3,0.16433830498569849,VIIRS DNB,nW/cm2/sr,2018,"{""type"":""MultiPoint"",""coordinates"":[]}"
50_00000000000000000002,BA03050040,,,,,,,91.11,91,9526.3153833,TASWIL5000020230907KABKOTA,Keerom,,0.775256858574,6.07708966623,4326,4,,,Keerom,Papua,,0,Jayapura,,2018-03,0.2588711659718594,3,0.2588711659718594,VIIRS DNB,nW/cm2/sr,2018,"{""type"":""MultiPoint"",""coordinates"":[]}"
50_00000000000000000004,BA03050040,,,,,,,91.71,91,835.479147077,TASWIL5000020230907KABKOTA,Kota Jayapura,,0.0679466217871,2.36790963878,4326,5,,,Kota Jayapura,Papua,,0,Jayapura,,2018-03,1.1625079759898254,3,1.1625079759898254,VIIRS DNB,nW/cm2/sr,2018,"{""type"":""MultiPoint"",""coordinates"":[]}"
50_00000000000000000006,BA03050040,,,,,,,91.10,91,14068.3737441,TASWIL5000020230907KABKOTA,Sarmi,,1.1439791998,11.4902362416,4326,4,,,Sarmi,Papua,,0,Jayapura,,2018-03,0.31128736138115365,3,0.31128736138115365,VIIRS DNB,nW/cm2/sr,2018,"{""type"":""MultiPoint"",""coordinates"":[]}"
50_00000000000000000005,BA03050040,,,,,,,91.20,91,28042.3912459,TASWIL5000020230907KABKOTA,Mamberamo Raya,,2.28030775228,13.664376657,4326,4,,,Mamberamo Raya,Papua,,0,Sarmi,,2018-03,0.2983887940313221,3,0.2983887940313221,VIIRS DNB,nW/cm2/sr,2018,"{""type"":""MultiPoint"",""coordinates"":[]}"
50_00000000000000000008,BA03050040,,,,,,,91.15,91,10778.7667558,TASWIL5000020230907KABKOTA,Waropen,,0.876665218552,7.26174952493,4326,4,,,Waropen,Papua,,0,Yapen Waropen,,2018-03,0.10952785037804089,3,0.10952785037804089,VIIRS DNB,nW/cm2/sr,2018,"{""type"":""MultiPoint"",""coordinates"":[]}"
51_00000000000000000000,BA03050040,,,,,,,91.06,91,2257.7785726,TASWIL5000020230907KABKOTA,Biak Numfor,,0.183451690197,5.35532578171,4326,4,,,Biak Numfor,Papua,,0,,,2018-04,0.46547629135379753,4,0.46547629135379753,VIIRS DNB,nW/cm2/sr,2018,"{""type"":""MultiPoint"",""coordinates"":[]}"
51_00000000000000000001,BA03050040,,,,,,,91.03,91,14082.2122578,TASWIL5000020230907KABKOTA,Jayapura,,1.14561199815,9.52170493241,4326,4,,,Jayapura,Papua,,0,,,2018-04,0.43204066763976073,4,0.43204066763976073,VIIRS DNB,nW/cm2/sr,2018,"{""type"":""MultiPoint"",""coordinates"":[]}"
51_00000000000000000003,BA03050040,,,,,,,91.05,91,2429.0300227,TASWIL5000020230907KABKOTA,Kepulauan Yapen,,0.19742592562,8.55393507975,4326,4,,,Kepulauan Yapen,Papua,,0,,,2018-04,0.3961799224377889,4,0.3961799224377889,VIIRS DNB,nW/cm2/sr,2018,"{""type"":""MultiPoint"",""coordinates"":[]}"
51_00000000000000000007,BA03050040,,,,,,,91.19,91,660.611723589,TASWIL5000020230907KABKOTA,Supiori,,0.0536731325628,3.38191482935,4326,4,,,Supiori,Papua,,0,Biak Numfor,,2018-04,0.33909023860434506,4,0.33909023860434506,VIIRS DNB,nW/cm2/sr,2018,"{""type"":""MultiPoint"",""coordinates"":[]}"
51_00000000000000000002,BA03050040,,,,,,,91.11,91,9526.3153833,TASWIL5000020230907KABKOTA,Keerom,,0.775256858574,6.07708966623,4326,4,,,Keerom,Papua,,0,Jayapura,,2018-04,0.4045398892824647,4,0.4045398892824647,VIIRS DNB,nW/cm2/sr,2018,"{""type"":""MultiPoint"",""coordinates"":[]}"
51_00000000000000000004,BA03050040,,,,,,,91.71,91,835.479147077,TASWIL5000020230907KABKOTA,Kota Jayapura,,0.0679466217871,2.36790963878,4326,5,,,Kota Jayapura,Papua,,0,Jayapura,,2018-04,1.3153321074774207,4,1.3153321074774207,VIIRS DNB,nW/cm2/sr,2018,"{""type"":""MultiPoint"",""coordinates"":[]}"
51_00000000000000000006,BA03050040,,,,,,,91.10,91,14068.3737441,TASWIL5000020230907KABKOTA,Sarmi,,1.1439791998,11.4902362416,4326,4,,,Sarmi,Papua,,0,Jayapura,,2018-04,0.3793289639070182,4,0.3793289639070182,VIIRS DNB,nW/cm2/sr,2018,"{""type"":""MultiPoint"",""coordinates"":[]}"
51_00000000000000000005,BA03050040,,,,,,,91.20,91,28042.3912459,TASWIL5000020230907KABKOTA,Mamberamo Raya,,2.28030775228,13.664376657,4326,4,,,Mamberamo Raya,Papua,,0,Sarmi,,2018-04,0.26685838249938687,4,0.26685838249938687,VIIRS DNB,nW/cm2/sr,2018,"{""type"":""MultiPoint"",""coordinates"":[]}"
51_00000000000000000008,BA03050040,,,,,,,91.15,91,10778.7667558,TASWIL5000020230907KABKOTA,Waropen,,0.876665218552,7.26174952493,4326,4,,,Waropen,Papua,,0,Yapen Waropen,,2018-04,0.20470098954565813,4,0.20470098954565813,VIIRS DNB,nW/cm2/sr,2018,"{""type"":""MultiPoint"",""coordinates"":[]}"
52_00000000000000000000,BA03050040,,,,,,,91.06,91,2257.7785726,TASWIL5000020230907KABKOTA,Biak Numfor,,0.183451690197,5.35532578171,4326,4,,,Biak Numfor,Papua,,0,,,2018-05,0.33061434612768537,5,0.33061434612768537,VIIRS DNB,nW/cm2/sr,2018,"{""type"":""MultiPoint"",""coordinates"":[]}"
52_00000000000000000001,BA03050040,,,,,,,91.03,91,14082.2122578,TASWIL5000020230907KABKOTA,Jayapura,,1.14561199815,9.52170493241,4326,4,,,Jayapura,Papua,,0,,,2018-05,0.20746141888547212,5,0.20746141888547212,VIIRS DNB,nW/cm2/sr,2018,"{""type"":""MultiPoint"",""coordinates"":[]}"
52_00000000000000000003,BA03050040,,,,,,,91.05,91,2429.0300227,TASWIL5000020230907KABKOTA,Kepulauan Yapen,,0.19742592562,8.55393507975,4326,4,,,Kepulauan Yapen,Papua,,0,,,2018-05,0.2214981933870413,5,0.2214981933870413,VIIRS DNB,nW/cm2/sr,2018,"{""type"":""MultiPoint"",""coordinates"":[]}"
52_00000000000000000007,BA03050040,,,,,,,91.19,91,660.611723589,TASWIL5000020230907KABKOTA,Supiori,,0.0536731325628,3.38191482935,4326,4,,,Supiori,Papua,,0,Biak Numfor,,2018-05,0.22084061739856362,5,0.22084061739856362,VIIRS DNB,nW/cm2/sr,2018,"{""type"":""MultiPoint"",""coordinates"":[]}"
52_00000000000000000002,BA03050040,,,,,,,91.11,91,9526.3153833,TASWIL5000020230907KABKOTA,Keerom,,0.775256858574,6.07708966623,4326,4,,,Keerom,Papua,,0,Jayapura,,2018-05,0.21140248547262033,5,0.21140248547262033,VIIRS DNB,nW/cm2/sr,2018,"{""type"":""MultiPoint"",""coordinates"":[]}"
52_00000000000000000004,BA03050040,,,,,,,91.71,91,835.479147077,TASWIL5000020230907KABKOTA,Kota Jayapura,,0.0679466217871,2.36790963878,4326,5,,,Kota Jayapura,Papua,,0,Jayapura,,2018-05,0.96296457495672,5,0.96296457495672,VIIRS DNB,nW/cm2/sr,2018,"{""type"":""MultiPoint"",""coordinates"":[]}"
52_00000000000000000006,BA03050040,,,,,,,91.10,91,14068.3737441,TASWIL5000020230907KABKOTA,Sarmi,,1.1439791998,11.4902362416,4326,4,,,Sarmi,Papua,,0,Jayapura,,2018-05,0.1635266293648468,5,0.1635266293648468,VIIRS DNB,nW/cm2/sr,2018,"{""type"":""MultiPoint"",""coordinates"":[]}"
52_00000000000000000005,BA03050040,,,,,,,91.20,91,28042.3912459,TASWIL5000020230907KABKOTA,Mamberamo Raya,,2.28030775228,13.664376657,4326,4,,,Mamberamo Raya,Papua,,0,Sarmi,,2018-05,0.164539018103632,5,0.164539018103632,VIIRS DNB,nW/cm2/sr,2018,"{""type"":""MultiPoint"",""coordinates"":[]}"
52_00000000000000000008,BA03050040,,,,,,,91.15,91,10778.7667558,TASWIL5000020230907KABKOTA,Waropen,,0.876665218552,7.26174952493,4326,4,,,Waropen,Papua,,0,Yapen Waropen,,2018-05,0.1847305782159495,5,0.1847305782159495,VIIRS DNB,nW/cm2/sr,2018,"{""type"":""MultiPoint"",""coordinates"":[]}"
53_00000000000000000000,BA03050040,,,,,,,91.06,91,2257.7785726,TASWIL5000020230907KABKOTA,Biak Numfor,,0.183451690197,5.35532578171,4326,4,,,Biak Numfor,Papua,,0,,,2018-06,0.33326006166299493,6,0.33326006166299493,VIIRS DNB,nW/cm2/sr,2018,"{""type"":""MultiPoint"",""coordinates"":[]}"
53_00000000000000000001,BA03050040,,,,,,,91.03,91,14082.2122578,TASWIL5000020230907KABKOTA,Jayapura,,1.14561199815,9.52170493241,4326,4,,,Jayapura,Papua,,0,,,2018-06,0.24457286114417068,6,0.24457286114417068,VIIRS DNB,nW/cm2/sr,2018,"{""type"":""MultiPoint"",""coordinates"":[]}"
53_00000000000000000003,BA03050040,,,,,,,91.05,91,2429.0300227,TASWIL5000020230907KABKOTA,Kepulauan Yapen,,0.19742592562,8.55393507975,4326,4,,,Kepulauan Yapen,Papua,,0,,,2018-06,0.2636370093268924,6,0.2636370093268924,VIIRS DNB,nW/cm2/sr,2018,"{""type"":""MultiPoint"",""coordinates"":[]}"
53_00000000000000000007,BA03050040,,,,,,,91.19,91,660.611723589,TASWIL5000020230907KABKOTA,Supiori,,0.0536731325628,3.38191482935,4326,4,,,Supiori,Papua,,0,Biak Numfor,,2018-06,0.2462713919352749,6,0.2462713919352749,VIIRS DNB,nW/cm2/sr,2018,"{""type"":""MultiPoint"",""coordinates"":[]}"
53_00000000000000000002,BA03050040,,,,,,,91.11,91,9526.3153833,TASWIL5000020230907KABKOTA,Keerom,,0.775256858574,6.07708966623,4326,4,,,Keerom,Papua,,0,Jayapura,,2018-06,0.22483839277482998,6,0.22483839277482998,VIIRS DNB,nW/cm2/sr,2018,"{""type"":""MultiPoint"",""coordinates"":[]}"
53_00000000000000000004,BA03050040,,,,,,,91.71,91,835.479147077,TASWIL5000020230907KABKOTA,Kota Jayapura,,0.0679466217871,2.36790963878,4326,5,,,Kota Jayapura,Papua,,0,Jayapura,,2018-06,0.972292874549849,6,0.972292874549849,VIIRS DNB,nW/cm2/sr,2018,"{""type"":""MultiPoint"",""coordinates"":[]}"
53_00000000000000000006,BA03050040,,,,,,,91.10,91,14068.3737441,TASWIL5000020230907KABKOTA,Sarmi,,1.1439791998,11.4902362416,4326,4,,,Sarmi,Papua,,0,Jayapura,,2018-06,0.23434308280227392,6,0.23434308280227392,VIIRS DNB,nW/cm2/sr,2018,"{""type"":""MultiPoint"",""coordinates"":[]}"
53_00000000000000000005,BA03050040,,,,,,,91.20,91,28042.3912459,TASWIL5000020230907KABKOTA,Mamberamo Raya,,2.28030775228,13.664376657,4326,4,,,Mamberamo Raya,Papua,,0,Sarmi,,2018-06,0.2205299251909294,6,0.2205299251909294,VIIRS DNB,nW/cm2/sr,2018,"{""type"":""MultiPoint"",""coordinates"":[]}"
53_00000000000000000008,BA03050040,,,,,,,91.15,91,10778.7667558,TASWIL5000020230907KABKOTA,Waropen,,0.876665218552,7.26174952493,4326,4,,,Waropen,Papua,,0,Yapen Waropen,,2018-06,0.20753577433874304,6,0.20753577433874304,VIIRS DNB,nW/cm2/sr,2018,"{""type"":""MultiPoint"",""coordinates"":[]}"
54_00000000000000000000,BA03050040,,,,,,,91.06,91,2257.7785726,TASWIL5000020230907KABKOTA,Biak Numfor,,0.183451690197,5.35532578171,4326,4,,,Biak Numfor,Papua,,0,,,2018-07,0.3734517200128464,7,0.3734517200128464,VIIRS DNB,nW/cm2/sr,2018,"{""type"":""MultiPoint"",""coordinates"":[]}"
54_00000000000000000001,BA03050040,,,,,,,91.03,91,14082.2122578,TASWIL5000020230907KABKOTA,Jayapura,,1.14561199815,9.52170493241,4326,4,,,Jayapura,Papua,,0,,,2018-07,0.22589742656370818,7,0.22589742656370818,VIIRS DNB,nW/cm2/sr,2018,"{""type"":""MultiPoint"",""coordinates"":[]}"
54_00000000000000000003,BA03050040,,,,,,,91.05,91,2429.0300227,TASWIL5000020230907KABKOTA,Kepulauan Yapen,,0.19742592562,8.55393507975,4326,4,,,Kepulauan Yapen,Papua,,0,,,2018-07,0.25237826923947215,7,0.25237826923947215,VIIRS DNB,nW/cm2/sr,2018,"{""type"":""MultiPoint"",""coordinates"":[]}"
54_00000000000000000007,BA03050040,,,,,,,91.19,91,660.611723589,TASWIL5000020230907KABKOTA,Supiori,,0.0536731325628,3.38191482935,4326,4,,,Supiori,Papua,,0,Biak Numfor,,2018-07,0.30305886026130807,7,0.30305886026130807,VIIRS DNB,nW/cm2/sr,2018,"{""type"":""MultiPoint"",""coordinates"":[]}"
54_00000000000000000002,BA03050040,,,,,,,91.11,91,9526.3153833,TASWIL5000020230907KABKOTA,Keerom,,0.775256858574,6.07708966623,4326,4,,,Keerom,Papua,,0,Jayapura,,2018-07,0.23300273477315422,7,0.23300273477315422,VIIRS DNB,nW/cm2/sr,2018,"{""type"":""MultiPoint"",""coordinates"":[]}"
54_00000000000000000004,BA03050040,,,,,,,91.71,91,835.479147077,TASWIL5000020230907KABKOTA,Kota Jayapura,,0.0679466217871,2.36790963878,4326,5,,,Kota Jayapura,Papua,,0,Jayapura,,2018-07,1.0626343969339946,7,1.0626343969339946,VIIRS DNB,nW/cm2/sr,2018,"{""type"":""MultiPoint"",""coordinates"":[]}"
54_00000000000000000006,BA03050040,,,,,,,91.10,91,14068.3737441,TASWIL5000020230907KABKOTA,Sarmi,,1.1439791998,11.4902362416,4326,4,,,Sarmi,Papua,,0,Jayapura,,2018-07,0.1690323743005332,7,0.1690323743005332,VIIRS DNB,nW/cm2/sr,2018,"{""type"":""MultiPoint"",""coordinates"":[]}"
54_00000000000000000005,BA03050040,,,,,,,91.20,91,28042.3912459,TASWIL5000020230907KABKOTA,Mamberamo Raya,,2.28030775228,13.664376657,4326,4,,,Mamberamo Raya,Papua,,0,Sarmi,,2018-07,0.09144889492064948,7,0.09144889492064948,VIIRS DNB,nW/cm2/sr,2018,"{""type"":""MultiPoint"",""coordinates"":[]}"
54_00000000000000000008,BA03050040,,,,,,,91.15,91,10778.7667558,TASWIL5000020230907KABKOTA,Waropen,,0.876665218552,7.26174952493,4326,4,,,Waropen,Papua,,0,Yapen Waropen,,2018-07,0.24996114373926787,7,0.24996114373926787,VIIRS DNB,nW/cm2/sr,2018,"{""type"":""MultiPoint"",""coordinates"":[]}"
55_00000000000000000000,BA03050040,,,,,,,91.06,91,2257.7785726,TASWIL5000020230907KABKOTA,Biak Numfor,,0.183451690197,5.35532578171,4326,4,,,Biak Numfor,Papua,,0,,,2018-08,0.352548495227188,8,0.352548495227188,VIIRS DNB,nW/cm2/sr,2018,"{""type"":""MultiPoint"",""coordinates"":[]}"
55_00000000000000000001,BA03050040,,,,,,,91.03,91,14082.2122578,TASWIL5000020230907KABKOTA,Jayapura,,1.14561199815,9.52170493241,4326,4,,,Jayapura,Papua,,0,,,2018-08,0.2635123671387326,8,0.2635123671387326,VIIRS DNB,nW/cm2/sr,2018,"{""type"":""MultiPoint"",""coordinates"":[]}"
55_00000000000000000003,BA03050040,,,,,,,91.05,91,2429.0300227,TASWIL5000020230907KABKOTA,Kepulauan Yapen,,0.19742592562,8.55393507975,4326,4,,,Kepulauan Yapen,Papua,,0,,,2018-08,0.31703738311819113,8,0.31703738311819113,VIIRS DNB,nW/cm2/sr,2018,"{""type"":""MultiPoint"",""coordinates"":[]}"
55_00000000000000000007,BA03050040,,,,,,,91.19,91,660.611723589,TASWIL5000020230907KABKOTA,Supiori,,0.0536731325628,3.38191482935,4326,4,,,Supiori,Papua,,0,Biak Numfor,,2018-08,0.2565868244305298,8,0.2565868244305298,VIIRS DNB,nW/cm2/sr,2018,"{""type"":""MultiPoint"",""coordinates"":[]}"
55_00000000000000000002,BA03050040,,,,,,,91.11,91,9526.3153833,TASWIL5000020230907KABKOTA,Keerom,,0.775256858574,6.07708966623,4326,4,,,Keerom,Papua,,0,Jayapura,,2018-08,0.22505632961615252,8,0.22505632961615252,VIIRS DNB,nW/cm2/sr,2018,"{""type"":""MultiPoint"",""coordinates"":[]}"
55_00000000000000000004,BA03050040,,,,,,,91.71,91,835.479147077,TASWIL5000020230907KABKOTA,Kota Jayapura,,0.0679466217871,2.36790963878,4326,5,,,Kota Jayapura,Papua,,0,Jayapura,,2018-08,1.0230518449215145,8,1.0230518449215145,VIIRS DNB,nW/cm2/sr,2018,"{""type"":""MultiPoint"",""coordinates"":[]}"
55_00000000000000000006,BA03050040,,,,,,,91.10,91,14068.3737441,TASWIL5000020230907KABKOTA,Sarmi,,1.1439791998,11.4902362416,4326,4,,,Sarmi,Papua,,0,Jayapura,,2018-08,0.2856292893634651,8,0.2856292893634651,VIIRS DNB,nW/cm2/sr,2018,"{""type"":""MultiPoint"",""coordinates"":[]}"
55_00000000000000000005,BA03050040,,,,,,,91.20,91,28042.3912459,TASWIL5000020230907KABKOTA,Mamberamo Raya,,2.28030775228,13.664376657,4326,4,,,Mamberamo Raya,Papua,,0,Sarmi,,2018-08,0.25989885096972054,8,0.25989885096972054,VIIRS DNB,nW/cm2/sr,2018,"{""type"":""MultiPoint"",""coordinates"":[]}"
55_00000000000000000008,BA03050040,,,,,,,91.15,91,10778.7667558,TASWIL5000020230907KABKOTA,Waropen,,0.876665218552,7.26174952493,4326,4,,,Waropen,Papua,,0,Yapen Waropen,,2018-08,0.19889307272126477,8,0.19889307272126477,VIIRS DNB,nW/cm2/sr,2018,"{""type"":""MultiPoint"",""coordinates"":[]}"
56_00000000000000000000,BA03050040,,,,,,,91.06,91,2257.7785726,TASWIL5000020230907KABKOTA,Biak Numfor,,0.183451690197,5.35532578171,4326,4,,,Biak Numfor,Papua,,0,,,2018-09,0.2595879797033517,9,0.2595879797033517,VIIRS DNB,nW/cm2/sr,2018,"{""type"":""MultiPoint"",""coordinates"":[]}"
56_00000000000000000001,BA03050040,,,,,,,91.03,91,14082.2122578,TASWIL5000020230907KABKOTA,Jayapura,,1.14561199815,9.52170493241,4326,4,,,Jayapura,Papua,,0,,,2018-09,0.13014749952888893,9,0.13014749952888893,VIIRS DNB,nW/cm2/sr,2018,"{""type"":""MultiPoint"",""coordinates"":[]}"
56_00000000000000000003,BA03050040,,,,,,,91.05,91,2429.0300227,TASWIL5000020230907KABKOTA,Kepulauan Yapen,,0.19742592562,8.55393507975,4326,4,,,Kepulauan Yapen,Papua,,0,,,2018-09,0.1979996935103051,9,0.1979996935103051,VIIRS DNB,nW/cm2/sr,2018,"{""type"":""MultiPoint"",""coordinates"":[]}"
56_00000000000000000007,BA03050040,,,,,,,91.19,91,660.611723589,TASWIL5000020230907KABKOTA,Supiori,,0.0536731325628,3.38191482935,4326,4,,,Supiori,Papua,,0,Biak Numfor,,2018-09,0.1703996789644568,9,0.1703996789644568,VIIRS DNB,nW/cm2/sr,2018,"{""type"":""MultiPoint"",""coordinates"":[]}"
56_00000000000000000002,BA03050040,,,,,,,91.11,91,9526.3153833,TASWIL5000020230907KABKOTA,Keerom,,0.775256858574,6.07708966623,4326,4,,,Keerom,Papua,,0,Jayapura,,2018-09,0.1179456926696215,9,0.1179456926696215,VIIRS DNB,nW/cm2/sr,2018,"{""type"":""MultiPoint"",""coordinates"":[]}"
56_00000000000000000004,BA03050040,,,,,,,91.71,91,835.479147077,TASWIL5000020230907KABKOTA,Kota Jayapura,,0.0679466217871,2.36790963878,4326,5,,,Kota Jayapura,Papua,,0,Jayapura,,2018-09,0.8824906005763651,9,0.8824906005763651,VIIRS DNB,nW/cm2/sr,2018,"{""type"":""MultiPoint"",""coordinates"":[]}"
56_00000000000000000006,BA03050040,,,,,,,91.10,91,14068.3737441,TASWIL5000020230907KABKOTA,Sarmi,,1.1439791998,11.4902362416,4326,4,,,Sarmi,Papua,,0,Jayapura,,2018-09,0.09710679651004886,9,0.09710679651004886,VIIRS DNB,nW/cm2/sr,2018,"{""type"":""MultiPoint"",""coordinates"":[]}"
56_00000000000000000005,BA03050040,,,,,,,91.20,91,28042.3912459,TASWIL5000020230907KABKOTA,Mamberamo Raya,,2.28030775228,13.664376657,4326,4,,,Mamberamo Raya,Papua,,0,Sarmi,,2018-09,0.10641204919983391,9,0.10641204919983391,VIIRS DNB,nW/cm2/sr,2018,"{""type"":""MultiPoint"",""coordinates"":[]}"
56_00000000000000000008,BA03050040,,,,,,,91.15,91,10778.7667558,TASWIL5000020230907KABKOTA,Waropen,,0.876665218552,7.26174952493,4326,4,,,Waropen,Papua,,0,Yapen Waropen,,2018-09,0.02559930483139069,9,0.02559930483139069,VIIRS DNB,nW/cm2/sr,2018,"{""type"":""MultiPoint"",""coordinates"":[]}"
57_00000000000000000000,BA03050040,,,,,,,91.06,91,2257.7785726,TASWIL5000020230907KABKOTA,Biak Numfor,,0.183451690197,5.35532578171,4326,4,,,Biak Numfor,Papua,,0,,,2018-10,0.28636567661337553,10,0.28636567661337553,VIIRS DNB,nW/cm2/sr,2018,"{""type"":""MultiPoint"",""coordinates"":[]}"
57_00000000000000000001,BA03050040,,,,,,,91.03,91,14082.2122578,TASWIL5000020230907KABKOTA,Jayapura,,1.14561199815,9.52170493241,4326,4,,,Jayapura,Papua,,0,,,2018-10,0.18830292055718506,10,0.18830292055718506,VIIRS DNB,nW/cm2/sr,2018,"{""type"":""MultiPoint"",""coordinates"":[]}"
57_00000000000000000003,BA03050040,,,,,,,91.05,91,2429.0300227,TASWIL5000020230907KABKOTA,Kepulauan Yapen,,0.19742592562,8.55393507975,4326,4,,,Kepulauan Yapen,Papua,,0,,,2018-10,0.21885944117325906,10,0.21885944117325906,VIIRS DNB,nW/cm2/sr,2018,"{""type"":""MultiPoint"",""coordinates"":[]}"
57_00000000000000000007,BA03050040,,,,,,,91.19,91,660.611723589,TASWIL5000020230907KABKOTA,Supiori,,0.0536731325628,3.38191482935,4326,4,,,Supiori,Papua,,0,Biak Numfor,,2018-10,0.17588006831184544,10,0.17588006831184544,VIIRS DNB,nW/cm2/sr,2018,"{""type"":""MultiPoint"",""coordinates"":[]}"
57_00000000000000000002,BA03050040,,,,,,,91.11,91,9526.3153833,TASWIL5000020230907KABKOTA,Keerom,,0.775256858574,6.07708966623,4326,4,,,Keerom,Papua,,0,Jayapura,,2018-10,0.19849139834612833,10,0.19849139834612833,VIIRS DNB,nW/cm2/sr,2018,"{""type"":""MultiPoint"",""coordinates"":[]}"
57_00000000000000000004,BA03050040,,,,,,,91.71,91,835.479147077,TASWIL5000020230907KABKOTA,Kota Jayapura,,0.0679466217871,2.36790963878,4326,5,,,Kota Jayapura,Papua,,0,Jayapura,,2018-10,0.9827025441152407,10,0.9827025441152407,VIIRS DNB,nW/cm2/sr,2018,"{""type"":""MultiPoint"",""coordinates"":[]}"
57_00000000000000000006,BA03050040,,,,,,,91.10,91,14068.3737441,TASWIL5000020230907KABKOTA,Sarmi,,1.1439791998,11.4902362416,4326,4,,,Sarmi,Papua,,0,Jayapura,,2018-10,0.13788881873063363,10,0.13788881873063363,VIIRS DNB,nW/cm2/sr,2018,"{""type"":""MultiPoint"",""coordinates"":[]}"
57_00000000000000000005,BA03050040,,,,,,,91.20,91,28042.3912459,TASWIL5000020230907KABKOTA,Mamberamo Raya,,2.28030775228,13.664376657,4326,4,,,Mamberamo Raya,Papua,,0,Sarmi,,2018-10,0.1378888765146646,10,0.1378888765146646,VIIRS DNB,nW/cm2/sr,2018,"{""type"":""MultiPoint"",""coordinates"":[]}"
57_00000000000000000008,BA03050040,,,,,,,91.15,91,10778.7667558,TASWIL5000020230907KABKOTA,Waropen,,0.876665218552,7.26174952493,4326,4,,,Waropen,Papua,,0,Yapen Waropen,,2018-10,0.16568807020408804,10,0.16568807020408804,VIIRS DNB,nW/cm2/sr,2018,"{""type"":""MultiPoint"",""coordinates"":[]}"
58_00000000000000000000,BA03050040,,,,,,,91.06,91,2257.7785726,TASWIL5000020230907KABKOTA,Biak Numfor,,0.183451690197,5.35532578171,4326,4,,,Biak Numfor,Papua,,0,,,2018-11,0.2130380734016844,11,0.2130380734016844,VIIRS DNB,nW/cm2/sr,2018,"{""type"":""MultiPoint"",""coordinates"":[]}"
58_00000000000000000001,BA03050040,,,,,,,91.03,91,14082.2122578,TASWIL5000020230907KABKOTA,Jayapura,,1.14561199815,9.52170493241,4326,4,,,Jayapura,Papua,,0,,,2018-11,0.10992277022461502,11,0.10992277022461502,VIIRS DNB,nW/cm2/sr,2018,"{""type"":""MultiPoint"",""coordinates"":[]}"
58_00000000000000000003,BA03050040,,,,,,,91.05,91,2429.0300227,TASWIL5000020230907KABKOTA,Kepulauan Yapen,,0.19742592562,8.55393507975,4326,4,,,Kepulauan Yapen,Papua,,0,,,2018-11,0.12265995530615345,11,0.12265995530615345,VIIRS DNB,nW/cm2/sr,2018,"{""type"":""MultiPoint"",""coordinates"":[]}"
58_00000000000000000007,BA03050040,,,,,,,91.19,91,660.611723589,TASWIL5000020230907KABKOTA,Supiori,,0.0536731325628,3.38191482935,4326,4,,,Supiori,Papua,,0,Biak Numfor,,2018-11,0.12219540637510598,11,0.12219540637510598,VIIRS DNB,nW/cm2/sr,2018,"{""type"":""MultiPoint"",""coordinates"":[]}"
58_00000000000000000002,BA03050040,,,,,,,91.11,91,9526.3153833,TASWIL5000020230907KABKOTA,Keerom,,0.775256858574,6.07708966623,4326,4,,,Keerom,Papua,,0,Jayapura,,2018-11,0.08245744012330375,11,0.08245744012330375,VIIRS DNB,nW/cm2/sr,2018,"{""type"":""MultiPoint"",""coordinates"":[]}"
58_00000000000000000004,BA03050040,,,,,,,91.71,91,835.479147077,TASWIL5000020230907KABKOTA,Kota Jayapura,,0.0679466217871,2.36790963878,4326,5,,,Kota Jayapura,Papua,,0,Jayapura,,2018-11,0.9952108686325009,11,0.9952108686325009,VIIRS DNB,nW/cm2/sr,2018,"{""type"":""MultiPoint"",""coordinates"":[]}"
58_00000000000000000006,BA03050040,,,,,,,91.10,91,14068.3737441,TASWIL5000020230907KABKOTA,Sarmi,,1.1439791998,11.4902362416,4326,4,,,Sarmi,Papua,,0,Jayapura,,2018-11,0.08784209282537234,11,0.08784209282537234,VIIRS DNB,nW/cm2/sr,2018,"{""type"":""MultiPoint"",""coordinates"":[]}"
58_00000000000000000005,BA03050040,,,,,,,91.20,91,28042.3912459,TASWIL5000020230907KABKOTA,Mamberamo Raya,,2.28030775228,13.664376657,4326,4,,,Mamberamo Raya,Papua,,0,Sarmi,,2018-11,0.10064270311271233,11,0.10064270311271233,VIIRS DNB,nW/cm2/sr,2018,"{""type"":""MultiPoint"",""coordinates"":[]}"
58_00000000000000000008,BA03050040,,,,,,,91.15,91,10778.7667558,TASWIL5000020230907KABKOTA,Waropen,,0.876665218552,7.26174952493,4326,4,,,Waropen,Papua,,0,Yapen Waropen,,2018-11,0.09864039742209425,11,0.09864039742209425,VIIRS DNB,nW/cm2/sr,2018,"{""type"":""MultiPoint"",""coordinates"":[]}"
59_00000000000000000000,BA03050040,,,,,,,91.06,91,2257.7785726,TASWIL5000020230907KABKOTA,Biak Numfor,,0.183451690197,5.35532578171,4326,4,,,Biak Numfor,Papua,,0,,,2018-12,0.25649319297741024,12,0.25649319297741024,VIIRS DNB,nW/cm2/sr,2018,"{""type"":""MultiPoint"",""coordinates"":[]}"
59_00000000000000000001,BA03050040,,,,,,,91.03,91,14082.2122578,TASWIL5000020230907KABKOTA,Jayapura,,1.14561199815,9.52170493241,4326,4,,,Jayapura,Papua,,0,,,2018-12,0.1332438915125534,12,0.1332438915125534,VIIRS DNB,nW/cm2/sr,2018,"{""type"":""MultiPoint"",""coordinates"":[]}"
59_00000000000000000003,BA03050040,,,,,,,91.05,91,2429.0300227,TASWIL5000020230907KABKOTA,Kepulauan Yapen,,0.19742592562,8.55393507975,4326,4,,,Kepulauan Yapen,Papua,,0,,,2018-12,0.17098361263584932,12,0.17098361263584932,VIIRS DNB,nW/cm2/sr,2018,"{""type"":""MultiPoint"",""coordinates"":[]}"
59_00000000000000000007,BA03050040,,,,,,,91.19,91,660.611723589,TASWIL5000020230907KABKOTA,Supiori,,0.0536731325628,3.38191482935,4326,4,,,Supiori,Papua,,0,Biak Numfor,,2018-12,0.14016897949170085,12,0.14016897949170085,VIIRS DNB,nW/cm2/sr,2018,"{""type"":""MultiPoint"",""coordinates"":[]}"
59_00000000000000000002,BA03050040,,,,,,,91.11,91,9526.3153833,TASWIL5000020230907KABKOTA,Keerom,,0.775256858574,6.07708966623,4326,4,,,Keerom,Papua,,0,Jayapura,,2018-12,0.09842774640683605,12,0.09842774640683605,VIIRS DNB,nW/cm2/sr,2018,"{""type"":""MultiPoint"",""coordinates"":[]}"
59_00000000000000000004,BA03050040,,,,,,,91.71,91,835.479147077,TASWIL5000020230907KABKOTA,Kota Jayapura,,0.0679466217871,2.36790963878,4326,5,,,Kota Jayapura,Papua,,0,Jayapura,,2018-12,0.9560175523532094,12,0.9560175523532094,VIIRS DNB,nW/cm2/sr,2018,"{""type"":""MultiPoint"",""coordinates"":[]}"
59_00000000000000000006,BA03050040,,,,,,,91.10,91,14068.3737441,TASWIL5000020230907KABKOTA,Sarmi,,1.1439791998,11.4902362416,4326,4,,,Sarmi,Papua,,0,Jayapura,,2018-12,0.12265530991832602,12,0.12265530991832602,VIIRS DNB,nW/cm2/sr,2018,"{""type"":""MultiPoint"",""coordinates"":[]}"
59_00000000000000000005,BA03050040,,,,,,,91.20,91,28042.3912459,TASWIL5000020230907KABKOTA,Mamberamo Raya,,2.28030775228,13.664376657,4326,4,,,Mamberamo Raya,Papua,,0,Sarmi,,2018-12,0.0831067308759861,12,0.0831067308759861,VIIRS DNB,nW/cm2/sr,2018,"{""type"":""MultiPoint"",""coordinates"":[]}"
59_00000000000000000008,BA03050040,,,,,,,91.15,91,10778.7667558,TASWIL5000020230907KABKOTA,Waropen,,0.876665218552,7.26174952493,4326,4,,,Waropen,Papua,,0,Yapen Waropen,,2018-12,0.1013286651734304,12,0.1013286651734304,VIIRS DNB,nW/cm2/sr,2018,"{""type"":""MultiPoint"",""coordinates"":[]}"
60_00000000000000000000,BA03050040,,,,,,,91.06,91,2257.7785726,TASWIL5000020230907KABKOTA,Biak Numfor,,0.183451690197,5.35532578171,4326,4,,,Biak Numfor,Papua,,0,,,2019-01,0.2049193492070371,1,0.2049193492070371,VIIRS DNB,nW/cm2/sr,2019,"{""type"":""MultiPoint"",""coordinates"":[]}"
60_00000000000000000001,BA03050040,,,,,,,91.03,91,14082.2122578,TASWIL5000020230907KABKOTA,Jayapura,,1.14561199815,9.52170493241,4326,4,,,Jayapura,Papua,,0,,,2019-01,0.031075488008503002,1,0.031075488008503002,VIIRS DNB,nW/cm2/sr,2019,"{""type"":""MultiPoint"",""coordinates"":[]}"
60_00000000000000000003,BA03050040,,,,,,,91.05,91,2429.0300227,TASWIL5000020230907KABKOTA,Kepulauan Yapen,,0.19742592562,8.55393507975,4326,4,,,Kepulauan Yapen,Papua,,0,,,2019-01,0.08487356878455839,1,0.08487356878455839,VIIRS DNB,nW/cm2/sr,2019,"{""type"":""MultiPoint"",""coordinates"":[]}"
60_00000000000000000007,BA03050040,,,,,,,91.19,91,660.611723589,TASWIL5000020230907KABKOTA,Supiori,,0.0536731325628,3.38191482935,4326,4,,,Supiori,Papua,,0,Biak Numfor,,2019-01,0.07967197541162624,1,0.07967197541162624,VIIRS DNB,nW/cm2/sr,2019,"{""type"":""MultiPoint"",""coordinates"":[]}"
60_00000000000000000002,BA03050040,,,,,,,91.11,91,9526.3153833,TASWIL5000020230907KABKOTA,Keerom,,0.775256858574,6.07708966623,4326,4,,,Keerom,Papua,,0,Jayapura,,2019-01,0.022389891944895286,1,0.022389891944895286,VIIRS DNB,nW/cm2/sr,2019,"{""type"":""MultiPoint"",""coordinates"":[]}"
60_00000000000000000004,BA03050040,,,,,,,91.71,91,835.479147077,TASWIL5000020230907KABKOTA,Kota Jayapura,,0.0679466217871,2.36790963878,4326,5,,,Kota Jayapura,Papua,,0,Jayapura,,2019-01,0.40707634588328484,1,0.40707634588328484,VIIRS DNB,nW/cm2/sr,2019,"{""type"":""MultiPoint"",""coordinates"":[]}"
60_00000000000000000006,BA03050040,,,,,,,91.10,91,14068.3737441,TASWIL5000020230907KABKOTA,Sarmi,,1.1439791998,11.4902362416,4326,4,,,Sarmi,Papua,,0,Jayapura,,2019-01,0.025942332372354937,1,0.025942332372354937,VIIRS DNB,nW/cm2/sr,2019,"{""type"":""MultiPoint"",""coordinates"":[]}"
60_00000000000000000005,BA03050040,,,,,,,91.20,91,28042.3912459,TASWIL5000020230907KABKOTA,Mamberamo Raya,,2.28030775228,13.664376657,4326,4,,,Mamberamo Raya,Papua,,0,Sarmi,,2019-01,0.012116926444140363,1,0.012116926444140363,VIIRS DNB,nW/cm2/sr,2019,"{""type"":""MultiPoint"",""coordinates"":[]}"
60_00000000000000000008,BA03050040,,,,,,,91.15,91,10778.7667558,TASWIL5000020230907KABKOTA,Waropen,,0.876665218552,7.26174952493,4326,4,,,Waropen,Papua,,0,Yapen Waropen,,2019-01,0.03826003216698889,1,0.03826003216698889,VIIRS DNB,nW/cm2/sr,2019,"{""type"":""MultiPoint"",""coordinates"":[]}"
61_00000000000000000000,BA03050040,,,,,,,91.06,91,2257.7785726,TASWIL5000020230907KABKOTA,Biak Numfor,,0.183451690197,5.35532578171,4326,4,,,Biak Numfor,Papua,,0,,,2019-02,0.20782815953420455,2,0.20782815953420455,VIIRS DNB,nW/cm2/sr,2019,"{""type"":""MultiPoint"",""coordinates"":[]}"
61_00000000000000000001,BA03050040,,,,,,,91.03,91,14082.2122578,TASWIL5000020230907KABKOTA,Jayapura,,1.14561199815,9.52170493241,4326,4,,,Jayapura,Papua,,0,,,2019-02,0.11365045892421634,2,0.11365045892421634,VIIRS DNB,nW/cm2/sr,2019,"{""type"":""MultiPoint"",""coordinates"":[]}"
61_00000000000000000003,BA03050040,,,,,,,91.05,91,2429.0300227,TASWIL5000020230907KABKOTA,Kepulauan Yapen,,0.19742592562,8.55393507975,4326,4,,,Kepulauan Yapen,Papua,,0,,,2019-02,0.1334786915868953,2,0.1334786915868953,VIIRS DNB,nW/cm2/sr,2019,"{""type"":""MultiPoint"",""coordinates"":[]}"
61_00000000000000000007,BA03050040,,,,,,,91.19,91,660.611723589,TASWIL5000020230907KABKOTA,Supiori,,0.0536731325628,3.38191482935,4326,4,,,Supiori,Papua,,0,Biak Numfor,,2019-02,0.12428578167001046,2,0.12428578167001046,VIIRS DNB,nW/cm2/sr,2019,"{""type"":""MultiPoint"",""coordinates"":[]}"
61_00000000000000000002,BA03050040,,,,,,,91.11,91,9526.3153833,TASWIL5000020230907KABKOTA,Keerom,,0.775256858574,6.07708966623,4326,4,,,Keerom,Papua,,0,Jayapura,,2019-02,0.09624717441075596,2,0.09624717441075596,VIIRS DNB,nW/cm2/sr,2019,"{""type"":""MultiPoint"",""coordinates"":[]}"
61_00000000000000000004,BA03050040,,,,,,,91.71,91,835.479147077,TASWIL5000020230907KABKOTA,Kota Jayapura,,0.0679466217871,2.36790963878,4326,5,,,Kota Jayapura,Papua,,0,Jayapura,,2019-02,0.814383465436836,2,0.814383465436836,VIIRS DNB,nW/cm2/sr,2019,"{""type"":""MultiPoint"",""coordinates"":[]}"
61_00000000000000000006,BA03050040,,,,,,,91.10,91,14068.3737441,TASWIL5000020230907KABKOTA,Sarmi,,1.1439791998,11.4902362416,4326,4,,,Sarmi,Papua,,0,Jayapura,,2019-02,0.08800488933497828,2,0.08800488933497828,VIIRS DNB,nW/cm2/sr,2019,"{""type"":""MultiPoint"",""coordinates"":[]}"
61_00000000000000000005,BA03050040,,,,,,,91.20,91,28042.3912459,TASWIL5000020230907KABKOTA,Mamberamo Raya,,2.28030775228,13.664376657,4326,4,,,Mamberamo Raya,Papua,,0,Sarmi,,2019-02,0.08045175048497598,2,0.08045175048497598,VIIRS DNB,nW/cm2/sr,2019,"{""type"":""MultiPoint"",""coordinates"":[]}"
61_00000000000000000008,BA03050040,,,,,,,91.15,91,10778.7667558,TASWIL5000020230907KABKOTA,Waropen,,0.876665218552,7.26174952493,4326,4,,,Waropen,Papua,,0,Yapen Waropen,,2019-02,0.09796074906507526,2,0.09796074906507526,VIIRS DNB,nW/cm2/sr,2019,"{""type"":""MultiPoint"",""coordinates"":[]}"
62_00000000000000000000,BA03050040,,,,,,,91.06,91,2257.7785726,TASWIL5000020230907KABKOTA,Biak Numfor,,0.183451690197,5.35532578171,4326,4,,,Biak Numfor,Papua,,0,,,2019-03,0.28200497020002724,3,0.28200497020002724,VIIRS DNB,nW/cm2/sr,2019,"{""type"":""MultiPoint"",""coordinates"":[]}"
62_00000000000000000001,BA03050040,,,,,,,91.03,91,14082.2122578,TASWIL5000020230907KABKOTA,Jayapura,,1.14561199815,9.52170493241,4326,4,,,Jayapura,Papua,,0,,,2019-03,0.08898182677026542,3,0.08898182677026542,VIIRS DNB,nW/cm2/sr,2019,"{""type"":""MultiPoint"",""coordinates"":[]}"
62_00000000000000000003,BA03050040,,,,,,,91.05,91,2429.0300227,TASWIL5000020230907KABKOTA,Kepulauan Yapen,,0.19742592562,8.55393507975,4326,4,,,Kepulauan Yapen,Papua,,0,,,2019-03,0.10215734536751137,3,0.10215734536751137,VIIRS DNB,nW/cm2/sr,2019,"{""type"":""MultiPoint"",""coordinates"":[]}"
62_00000000000000000007,BA03050040,,,,,,,91.19,91,660.611723589,TASWIL5000020230907KABKOTA,Supiori,,0.0536731325628,3.38191482935,4326,4,,,Supiori,Papua,,0,Biak Numfor,,2019-03,0.19666391128826546,3,0.19666391128826546,VIIRS DNB,nW/cm2/sr,2019,"{""type"":""MultiPoint"",""coordinates"":[]}"
62_00000000000000000002,BA03050040,,,,,,,91.11,91,9526.3153833,TASWIL5000020230907KABKOTA,Keerom,,0.775256858574,6.07708966623,4326,4,,,Keerom,Papua,,0,Jayapura,,2019-03,0.03919244663052476,3,0.03919244663052476,VIIRS DNB,nW/cm2/sr,2019,"{""type"":""MultiPoint"",""coordinates"":[]}"
62_00000000000000000004,BA03050040,,,,,,,91.71,91,835.479147077,TASWIL5000020230907KABKOTA,Kota Jayapura,,0.0679466217871,2.36790963878,4326,5,,,Kota Jayapura,Papua,,0,Jayapura,,2019-03,0.993948567513653,3,0.993948567513653,VIIRS DNB,nW/cm2/sr,2019,"{""type"":""MultiPoint"",""coordinates"":[]}"
62_00000000000000000006,BA03050040,,,,,,,91.10,91,14068.3737441,TASWIL5000020230907KABKOTA,Sarmi,,1.1439791998,11.4902362416,4326,4,,,Sarmi,Papua,,0,Jayapura,,2019-03,0.05342488169149403,3,0.05342488169149403,VIIRS DNB,nW/cm2/sr,2019,"{""type"":""MultiPoint"",""coordinates"":[]}"
62_00000000000000000005,BA03050040,,,,,,,91.20,91,28042.3912459,TASWIL5000020230907KABKOTA,Mamberamo Raya,,2.28030775228,13.664376657,4326,4,,,Mamberamo Raya,Papua,,0,Sarmi,,2019-03,0.06500552636628988,3,0.06500552636628988,VIIRS DNB,nW/cm2/sr,2019,"{""type"":""MultiPoint"",""coordinates"":[]}"
62_00000000000000000008,BA03050040,,,,,,,91.15,91,10778.7667558,TASWIL5000020230907KABKOTA,Waropen,,0.876665218552,7.26174952493,4326,4,,,Waropen,Papua,,0,Yapen Waropen,,2019-03,0.03605849599393982,3,0.03605849599393982,VIIRS DNB,nW/cm2/sr,2019,"{""type"":""MultiPoint"",""coordinates"":[]}"
63_00000000000000000000,BA03050040,,,,,,,91.06,91,2257.7785726,TASWIL5000020230907KABKOTA,Biak Numfor,,0.183451690197,5.35532578171,4326,4,,,Biak Numfor,Papua,,0,,,2019-04,0.4340068932955361,4,0.4340068932955361,VIIRS DNB,nW/cm2/sr,2019,"{""type"":""MultiPoint"",""coordinates"":[]}"
63_00000000000000000001,BA03050040,,,,,,,91.03,91,14082.2122578,TASWIL5000020230907KABKOTA,Jayapura,,1.14561199815,9.52170493241,4326,4,,,Jayapura,Papua,,0,,,2019-04,0.26831323819122926,4,0.26831323819122926,VIIRS DNB,nW/cm2/sr,2019,"{""type"":""MultiPoint"",""coordinates"":[]}"
63_00000000000000000003,BA03050040,,,,,,,91.05,91,2429.0300227,TASWIL5000020230907KABKOTA,Kepulauan Yapen,,0.19742592562,8.55393507975,4326,4,,,Kepulauan Yapen,Papua,,0,,,2019-04,0.32680519142801157,4,0.32680519142801157,VIIRS DNB,nW/cm2/sr,2019,"{""type"":""MultiPoint"",""coordinates"":[]}"
63_00000000000000000007,BA03050040,,,,,,,91.19,91,660.611723589,TASWIL5000020230907KABKOTA,Supiori,,0.0536731325628,3.38191482935,4326,4,,,Supiori,Papua,,0,Biak Numfor,,2019-04,0.29870430305121365,4,0.29870430305121365,VIIRS DNB,nW/cm2/sr,2019,"{""type"":""MultiPoint"",""coordinates"":[]}"
63_00000000000000000002,BA03050040,,,,,,,91.11,91,9526.3153833,TASWIL5000020230907KABKOTA,Keerom,,0.775256858574,6.07708966623,4326,4,,,Keerom,Papua,,0,Jayapura,,2019-04,0.16172202157036542,4,0.16172202157036542,VIIRS DNB,nW/cm2/sr,2019,"{""type"":""MultiPoint"",""coordinates"":[]}"
63_00000000000000000004,BA03050040,,,,,,,91.71,91,835.479147077,TASWIL5000020230907KABKOTA,Kota Jayapura,,0.0679466217871,2.36790963878,4326,5,,,Kota Jayapura,Papua,,0,Jayapura,,2019-04,1.1129189050282373,4,1.1129189050282373,VIIRS DNB,nW/cm2/sr,2019,"{""type"":""MultiPoint"",""coordinates"":[]}"
63_00000000000000000006,BA03050040,,,,,,,91.10,91,14068.3737441,TASWIL5000020230907KABKOTA,Sarmi,,1.1439791998,11.4902362416,4326,4,,,Sarmi,Papua,,0,Jayapura,,2019-04,0.35683872282214235,4,0.35683872282214235,VIIRS DNB,nW/cm2/sr,2019,"{""type"":""MultiPoint"",""coordinates"":[]}"
63_00000000000000000005,BA03050040,,,,,,,91.20,91,28042.3912459,TASWIL5000020230907KABKOTA,Mamberamo Raya,,2.28030775228,13.664376657,4326,4,,,Mamberamo Raya,Papua,,0,Sarmi,,2019-04,0.21763709797796654,4,0.21763709797796654,VIIRS DNB,nW/cm2/sr,2019,"{""type"":""MultiPoint"",""coordinates"":[]}"
63_00000000000000000008,BA03050040,,,,,,,91.15,91,10778.7667558,TASWIL5000020230907KABKOTA,Waropen,,0.876665218552,7.26174952493,4326,4,,,Waropen,Papua,,0,Yapen Waropen,,2019-04,0.22352098186079708,4,0.22352098186079708,VIIRS DNB,nW/cm2/sr,2019,"{""type"":""MultiPoint"",""coordinates"":[]}"
64_00000000000000000000,BA03050040,,,,,,,91.06,91,2257.7785726,TASWIL5000020230907KABKOTA,Biak Numfor,,0.183451690197,5.35532578171,4326,4,,,Biak Numfor,Papua,,0,,,2019-05,0.38254590757967455,5,0.38254590757967455,VIIRS DNB,nW/cm2/sr,2019,"{""type"":""MultiPoint"",""coordinates"":[]}"
64_00000000000000000001,BA03050040,,,,,,,91.03,91,14082.2122578,TASWIL5000020230907KABKOTA,Jayapura,,1.14561199815,9.52170493241,4326,4,,,Jayapura,Papua,,0,,,2019-05,0.2271634874647247,5,0.2271634874647247,VIIRS DNB,nW/cm2/sr,2019,"{""type"":""MultiPoint"",""coordinates"":[]}"
64_00000000000000000003,BA03050040,,,,,,,91.05,91,2429.0300227,TASWIL5000020230907KABKOTA,Kepulauan Yapen,,0.19742592562,8.55393507975,4326,4,,,Kepulauan Yapen,Papua,,0,,,2019-05,0.26095159412330216,5,0.26095159412330216,VIIRS DNB,nW/cm2/sr,2019,"{""type"":""MultiPoint"",""coordinates"":[]}"
64_00000000000000000007,BA03050040,,,,,,,91.19,91,660.611723589,TASWIL5000020230907KABKOTA,Supiori,,0.0536731325628,3.38191482935,4326,4,,,Supiori,Papua,,0,Biak Numfor,,2019-05,0.30382566769348424,5,0.30382566769348424,VIIRS DNB,nW/cm2/sr,2019,"{""type"":""MultiPoint"",""coordinates"":[]}"
64_00000000000000000002,BA03050040,,,,,,,91.11,91,9526.3153833,TASWIL5000020230907KABKOTA,Keerom,,0.775256858574,6.07708966623,4326,4,,,Keerom,Papua,,0,Jayapura,,2019-05,0.20744408244188137,5,0.20744408244188137,VIIRS DNB,nW/cm2/sr,2019,"{""type"":""MultiPoint"",""coordinates"":[]}"
64_00000000000000000004,BA03050040,,,,,,,91.71,91,835.479147077,TASWIL5000020230907KABKOTA,Kota Jayapura,,0.0679466217871,2.36790963878,4326,5,,,Kota Jayapura,Papua,,0,Jayapura,,2019-05,1.1363868577347092,5,1.1363868577347092,VIIRS DNB,nW/cm2/sr,2019,"{""type"":""MultiPoint"",""coordinates"":[]}"
64_00000000000000000006,BA03050040,,,,,,,91.10,91,14068.3737441,TASWIL5000020230907KABKOTA,Sarmi,,1.1439791998,11.4902362416,4326,4,,,Sarmi,Papua,,0,Jayapura,,2019-05,0.20676478682737084,5,0.20676478682737084,VIIRS DNB,nW/cm2/sr,2019,"{""type"":""MultiPoint"",""coordinates"":[]}"
64_00000000000000000005,BA03050040,,,,,,,91.20,91,28042.3912459,TASWIL5000020230907KABKOTA,Mamberamo Raya,,2.28030775228,13.664376657,4326,4,,,Mamberamo Raya,Papua,,0,Sarmi,,2019-05,0.17780722524793074,5,0.17780722524793074,VIIRS DNB,nW/cm2/sr,2019,"{""type"":""MultiPoint"",""coordinates"":[]}"
64_00000000000000000008,BA03050040,,,,,,,91.15,91,10778.7667558,TASWIL5000020230907KABKOTA,Waropen,,0.876665218552,7.26174952493,4326,4,,,Waropen,Papua,,0,Yapen Waropen,,2019-05,0.19360917085684015,5,0.19360917085684015,VIIRS DNB,nW/cm2/sr,2019,"{""type"":""MultiPoint"",""coordinates"":[]}"
65_00000000000000000000,BA03050040,,,,,,,91.06,91,2257.7785726,TASWIL5000020230907KABKOTA,Biak Numfor,,0.183451690197,5.35532578171,4326,4,,,Biak Numfor,Papua,,0,,,2019-06,0.2898757369001269,6,0.2898757369001269,VIIRS DNB,nW/cm2/sr,2019,"{""type"":""MultiPoint"",""coordinates"":[]}"
65_00000000000000000001,BA03050040,,,,,,,91.03,91,14082.2122578,TASWIL5000020230907KABKOTA,Jayapura,,1.14561199815,9.52170493241,4326,4,,,Jayapura,Papua,,0,,,2019-06,0.1943781934410032,6,0.1943781934410032,VIIRS DNB,nW/cm2/sr,2019,"{""type"":""MultiPoint"",""coordinates"":[]}"
65_00000000000000000003,BA03050040,,,,,,,91.05,91,2429.0300227,TASWIL5000020230907KABKOTA,Kepulauan Yapen,,0.19742592562,8.55393507975,4326,4,,,Kepulauan Yapen,Papua,,0,,,2019-06,0.21489997894380805,6,0.21489997894380805,VIIRS DNB,nW/cm2/sr,2019,"{""type"":""MultiPoint"",""coordinates"":[]}"
65_00000000000000000007,BA03050040,,,,,,,91.19,91,660.611723589,TASWIL5000020230907KABKOTA,Supiori,,0.0536731325628,3.38191482935,4326,4,,,Supiori,Papua,,0,Biak Numfor,,2019-06,0.1592565606878396,6,0.1592565606878396,VIIRS DNB,nW/cm2/sr,2019,"{""type"":""MultiPoint"",""coordinates"":[]}"
65_00000000000000000002,BA03050040,,,,,,,91.11,91,9526.3153833,TASWIL5000020230907KABKOTA,Keerom,,0.775256858574,6.07708966623,4326,4,,,Keerom,Papua,,0,Jayapura,,2019-06,0.15772237930496272,6,0.15772237930496272,VIIRS DNB,nW/cm2/sr,2019,"{""type"":""MultiPoint"",""coordinates"":[]}"
65_00000000000000000004,BA03050040,,,,,,,91.71,91,835.479147077,TASWIL5000020230907KABKOTA,Kota Jayapura,,0.0679466217871,2.36790963878,4326,5,,,Kota Jayapura,Papua,,0,Jayapura,,2019-06,0.9783434061645967,6,0.9783434061645967,VIIRS DNB,nW/cm2/sr,2019,"{""type"":""MultiPoint"",""coordinates"":[]}"
65_00000000000000000006,BA03050040,,,,,,,91.10,91,14068.3737441,TASWIL5000020230907KABKOTA,Sarmi,,1.1439791998,11.4902362416,4326,4,,,Sarmi,Papua,,0,Jayapura,,2019-06,0.18382408082310475,6,0.18382408082310475,VIIRS DNB,nW/cm2/sr,2019,"{""type"":""MultiPoint"",""coordinates"":[]}"
65_00000000000000000005,BA03050040,,,,,,,91.20,91,28042.3912459,TASWIL5000020230907KABKOTA,Mamberamo Raya,,2.28030775228,13.664376657,4326,4,,,Mamberamo Raya,Papua,,0,Sarmi,,2019-06,0.1796411930526569,6,0.1796411930526569,VIIRS DNB,nW/cm2/sr,2019,"{""type"":""MultiPoint"",""coordinates"":[]}"
65_00000000000000000008,BA03050040,,,,,,,91.15,91,10778.7667558,TASWIL5000020230907KABKOTA,Waropen,,0.876665218552,7.26174952493,4326,4,,,Waropen,Papua,,0,Yapen Waropen,,2019-06,0.12311453593084144,6,0.12311453593084144,VIIRS DNB,nW/cm2/sr,2019,"{""type"":""MultiPoint"",""coordinates"":[]}"
66_00000000000000000000,BA03050040,,,,,,,91.06,91,2257.7785726,TASWIL5000020230907KABKOTA,Biak Numfor,,0.183451690197,5.35532578171,4326,4,,,Biak Numfor,Papua,,0,,,2019-07,0.3108835056670183,7,0.3108835056670183,VIIRS DNB,nW/cm2/sr,2019,"{""type"":""MultiPoint"",""coordinates"":[]}"
66_00000000000000000001,BA03050040,,,,,,,91.03,91,14082.2122578,TASWIL5000020230907KABKOTA,Jayapura,,1.14561199815,9.52170493241,4326,4,,,Jayapura,Papua,,0,,,2019-07,0.16602537480986423,7,0.16602537480986423,VIIRS DNB,nW/cm2/sr,2019,"{""type"":""MultiPoint"",""coordinates"":[]}"
66_00000000000000000003,BA03050040,,,,,,,91.05,91,2429.0300227,TASWIL5000020230907KABKOTA,Kepulauan Yapen,,0.19742592562,8.55393507975,4326,4,,,Kepulauan Yapen,Papua,,0,,,2019-07,0.3011725019377134,7,0.3011725019377134,VIIRS DNB,nW/cm2/sr,2019,"{""type"":""MultiPoint"",""coordinates"":[]}"
66_00000000000000000007,BA03050040,,,,,,,91.19,91,660.611723589,TASWIL5000020230907KABKOTA,Supiori,,0.0536731325628,3.38191482935,4326,4,,,Supiori,Papua,,0,Biak Numfor,,2019-07,0.17152100839535311,7,0.17152100839535311,VIIRS DNB,nW/cm2/sr,2019,"{""type"":""MultiPoint"",""coordinates"":[]}"
66_00000000000000000002,BA03050040,,,,,,,91.11,91,9526.3153833,TASWIL5000020230907KABKOTA,Keerom,,0.775256858574,6.07708966623,4326,4,,,Keerom,Papua,,0,Jayapura,,2019-07,0.1740225051611163,7,0.1740225051611163,VIIRS DNB,nW/cm2/sr,2019,"{""type"":""MultiPoint"",""coordinates"":[]}"
66_00000000000000000004,BA03050040,,,,,,,91.71,91,835.479147077,TASWIL5000020230907KABKOTA,Kota Jayapura,,0.0679466217871,2.36790963878,4326,5,,,Kota Jayapura,Papua,,0,Jayapura,,2019-07,0.8863590280629382,7,0.8863590280629382,VIIRS DNB,nW/cm2/sr,2019,"{""type"":""MultiPoint"",""coordinates"":[]}"
66_00000000000000000006,BA03050040,,,,,,,91.10,91,14068.3737441,TASWIL5000020230907KABKOTA,Sarmi,,1.1439791998,11.4902362416,4326,4,,,Sarmi,Papua,,0,Jayapura,,2019-07,0.11914970982909678,7,0.11914970982909678,VIIRS DNB,nW/cm2/sr,2019,"{""type"":""MultiPoint"",""coordinates"":[]}"
66_00000000000000000005,BA03050040,,,,,,,91.20,91,28042.3912459,TASWIL5000020230907KABKOTA,Mamberamo Raya,,2.28030775228,13.664376657,4326,4,,,Mamberamo Raya,Papua,,0,Sarmi,,2019-07,0.13381208868733271,7,0.13381208868733271,VIIRS DNB,nW/cm2/sr,2019,"{""type"":""MultiPoint"",""coordinates"":[]}"
66_00000000000000000008,BA03050040,,,,,,,91.15,91,10778.7667558,TASWIL5000020230907KABKOTA,Waropen,,0.876665218552,7.26174952493,4326,4,,,Waropen,Papua,,0,Yapen Waropen,,2019-07,0.15902960655715956,7,0.15902960655715956,VIIRS DNB,nW/cm2/sr,2019,"{""type"":""MultiPoint"",""coordinates"":[]}"
67_00000000000000000000,BA03050040,,,,,,,91.06,91,2257.7785726,TASWIL5000020230907KABKOTA,Biak Numfor,,0.183451690197,5.35532578171,4326,4,,,Biak Numfor,Papua,,0,,,2019-08,0.2288618502469608,8,0.2288618502469608,VIIRS DNB,nW/cm2/sr,2019,"{""type"":""MultiPoint"",""coordinates"":[]}"
67_00000000000000000001,BA03050040,,,,,,,91.03,91,14082.2122578,TASWIL5000020230907KABKOTA,Jayapura,,1.14561199815,9.52170493241,4326,4,,,Jayapura,Papua,,0,,,2019-08,0.08752036594336775,8,0.08752036594336775,VIIRS DNB,nW/cm2/sr,2019,"{""type"":""MultiPoint"",""coordinates"":[]}"
67_00000000000000000003,BA03050040,,,,,,,91.05,91,2429.0300227,TASWIL5000020230907KABKOTA,Kepulauan Yapen,,0.19742592562,8.55393507975,4326,4,,,Kepulauan Yapen,Papua,,0,,,2019-08,0.12463935448331102,8,0.12463935448331102,VIIRS DNB,nW/cm2/sr,2019,"{""type"":""MultiPoint"",""coordinates"":[]}"
67_00000000000000000007,BA03050040,,,,,,,91.19,91,660.611723589,TASWIL5000020230907KABKOTA,Supiori,,0.0536731325628,3.38191482935,4326,4,,,Supiori,Papua,,0,Biak Numfor,,2019-08,0.11728909273693885,8,0.11728909273693885,VIIRS DNB,nW/cm2/sr,2019,"{""type"":""MultiPoint"",""coordinates"":[]}"
67_00000000000000000002,BA03050040,,,,,,,91.11,91,9526.3153833,TASWIL5000020230907KABKOTA,Keerom,,0.775256858574,6.07708966623,4326,4,,,Keerom,Papua,,0,Jayapura,,2019-08,0.07230157474132762,8,0.07230157474132762,VIIRS DNB,nW/cm2/sr,2019,"{""type"":""MultiPoint"",""coordinates"":[]}"
67_00000000000000000004,BA03050040,,,,,,,91.71,91,835.479147077,TASWIL5000020230907KABKOTA,Kota Jayapura,,0.0679466217871,2.36790963878,4326,5,,,Kota Jayapura,Papua,,0,Jayapura,,2019-08,0.9137428553752258,8,0.9137428553752258,VIIRS DNB,nW/cm2/sr,2019,"{""type"":""MultiPoint"",""coordinates"":[]}"
67_00000000000000000006,BA03050040,,,,,,,91.10,91,14068.3737441,TASWIL5000020230907KABKOTA,Sarmi,,1.1439791998,11.4902362416,4326,4,,,Sarmi,Papua,,0,Jayapura,,2019-08,0.06467618290172701,8,0.06467618290172701,VIIRS DNB,nW/cm2/sr,2019,"{""type"":""MultiPoint"",""coordinates"":[]}"
67_00000000000000000005,BA03050040,,,,,,,91.20,91,28042.3912459,TASWIL5000020230907KABKOTA,Mamberamo Raya,,2.28030775228,13.664376657,4326,4,,,Mamberamo Raya,Papua,,0,Sarmi,,2019-08,0.06062707571807124,8,0.06062707571807124,VIIRS DNB,nW/cm2/sr,2019,"{""type"":""MultiPoint"",""coordinates"":[]}"
67_00000000000000000008,BA03050040,,,,,,,91.15,91,10778.7667558,TASWIL5000020230907KABKOTA,Waropen,,0.876665218552,7.26174952493,4326,4,,,Waropen,Papua,,0,Yapen Waropen,,2019-08,0.04759233950630743,8,0.04759233950630743,VIIRS DNB,nW/cm2/sr,2019,"{""type"":""MultiPoint"",""coordinates"":[]}"
68_00000000000000000000,BA03050040,,,,,,,91.06,91,2257.7785726,TASWIL5000020230907KABKOTA,Biak Numfor,,0.183451690197,5.35532578171,4326,4,,,Biak Numfor,Papua,,0,,,2019-09,0.3206063609739058,9,0.3206063609739058,VIIRS DNB,nW/cm2/sr,2019,"{""type"":""MultiPoint"",""coordinates"":[]}"
68_00000000000000000001,BA03050040,,,,,,,91.03,91,14082.2122578,TASWIL5000020230907KABKOTA,Jayapura,,1.14561199815,9.52170493241,4326,4,,,Jayapura,Papua,,0,,,2019-09,0.17399822978234658,9,0.17399822978234658,VIIRS DNB,nW/cm2/sr,2019,"{""type"":""MultiPoint"",""coordinates"":[]}"
68_00000000000000000003,BA03050040,,,,,,,91.05,91,2429.0300227,TASWIL5000020230907KABKOTA,Kepulauan Yapen,,0.19742592562,8.55393507975,4326,4,,,Kepulauan Yapen,Papua,,0,,,2019-09,0.20544278562421903,9,0.20544278562421903,VIIRS DNB,nW/cm2/sr,2019,"{""type"":""MultiPoint"",""coordinates"":[]}"
68_00000000000000000007,BA03050040,,,,,,,91.19,91,660.611723589,TASWIL5000020230907KABKOTA,Supiori,,0.0536731325628,3.38191482935,4326,4,,,Supiori,Papua,,0,Biak Numfor,,2019-09,0.16840596431043486,9,0.16840596431043486,VIIRS DNB,nW/cm2/sr,2019,"{""type"":""MultiPoint"",""coordinates"":[]}"
68_00000000000000000002,BA03050040,,,,,,,91.11,91,9526.3153833,TASWIL5000020230907KABKOTA,Keerom,,0.775256858574,6.07708966623,4326,4,,,Keerom,Papua,,0,Jayapura,,2019-09,0.17302634149683968,9,0.17302634149683968,VIIRS DNB,nW/cm2/sr,2019,"{""type"":""MultiPoint"",""coordinates"":[]}"
68_00000000000000000004,BA03050040,,,,,,,91.71,91,835.479147077,TASWIL5000020230907KABKOTA,Kota Jayapura,,0.0679466217871,2.36790963878,4326,5,,,Kota Jayapura,Papua,,0,Jayapura,,2019-09,1.020760253609851,9,1.020760253609851,VIIRS DNB,nW/cm2/sr,2019,"{""type"":""MultiPoint"",""coordinates"":[]}"
68_00000000000000000006,BA03050040,,,,,,,91.10,91,14068.3737441,TASWIL5000020230907KABKOTA,Sarmi,,1.1439791998,11.4902362416,4326,4,,,Sarmi,Papua,,0,Jayapura,,2019-09,0.15481298615701455,9,0.15481298615701455,VIIRS DNB,nW/cm2/sr,2019,"{""type"":""MultiPoint"",""coordinates"":[]}"
68_00000000000000000005,BA03050040,,,,,,,91.20,91,28042.3912459,TASWIL5000020230907KABKOTA,Mamberamo Raya,,2.28030775228,13.664376657,4326,4,,,Mamberamo Raya,Papua,,0,Sarmi,,2019-09,0.16249641995517697,9,0.16249641995517697,VIIRS DNB,nW/cm2/sr,2019,"{""type"":""MultiPoint"",""coordinates"":[]}"
68_00000000000000000008,BA03050040,,,,,,,91.15,91,10778.7667558,TASWIL5000020230907KABKOTA,Waropen,,0.876665218552,7.26174952493,4326,4,,,Waropen,Papua,,0,Yapen Waropen,,2019-09,0.1437891112632617,9,0.1437891112632617,VIIRS DNB,nW/cm2/sr,2019,"{""type"":""MultiPoint"",""coordinates"":[]}"
69_00000000000000000000,BA03050040,,,,,,,91.06,91,2257.7785726,TASWIL5000020230907KABKOTA,Biak Numfor,,0.183451690197,5.35532578171,4326,4,,,Biak Numfor,Papua,,0,,,2019-10,0.3276554432970382,10,0.3276554432970382,VIIRS DNB,nW/cm2/sr,2019,"{""type"":""MultiPoint"",""coordinates"":[]}"
69_00000000000000000001,BA03050040,,,,,,,91.03,91,14082.2122578,TASWIL5000020230907KABKOTA,Jayapura,,1.14561199815,9.52170493241,4326,4,,,Jayapura,Papua,,0,,,2019-10,0.1773548305907016,10,0.1773548305907016,VIIRS DNB,nW/cm2/sr,2019,"{""type"":""MultiPoint"",""coordinates"":[]}"
69_00000000000000000003,BA03050040,,,,,,,91.05,91,2429.0300227,TASWIL5000020230907KABKOTA,Kepulauan Yapen,,0.19742592562,8.55393507975,4326,4,,,Kepulauan Yapen,Papua,,0,,,2019-10,0.20987069435294087,10,0.20987069435294087,VIIRS DNB,nW/cm2/sr,2019,"{""type"":""MultiPoint"",""coordinates"":[]}"
69_00000000000000000007,BA03050040,,,,,,,91.19,91,660.611723589,TASWIL5000020230907KABKOTA,Supiori,,0.0536731325628,3.38191482935,4326,4,,,Supiori,Papua,,0,Biak Numfor,,2019-10,0.18446890329955423,10,0.18446890329955423,VIIRS DNB,nW/cm2/sr,2019,"{""type"":""MultiPoint"",""coordinates"":[]}"
69_00000000000000000002,BA03050040,,,,,,,91.11,91,9526.3153833,TASWIL5000020230907KABKOTA,Keerom,,0.775256858574,6.07708966623,4326,4,,,Keerom,Papua,,0,Jayapura,,2019-10,0.1640058653300592,10,0.1640058653300592,VIIRS DNB,nW/cm2/sr,2019,"{""type"":""MultiPoint"",""coordinates"":[]}"
69_00000000000000000004,BA03050040,,,,,,,91.71,91,835.479147077,TASWIL5000020230907KABKOTA,Kota Jayapura,,0.0679466217871,2.36790963878,4326,5,,,Kota Jayapura,Papua,,0,Jayapura,,2019-10,0.979294594575347,10,0.979294594575347,VIIRS DNB,nW/cm2/sr,2019,"{""type"":""MultiPoint"",""coordinates"":[]}"
69_00000000000000000006,BA03050040,,,,,,,91.10,91,14068.3737441,TASWIL5000020230907KABKOTA,Sarmi,,1.1439791998,11.4902362416,4326,4,,,Sarmi,Papua,,0,Jayapura,,2019-10,0.15647883469312476,10,0.15647883469312476,VIIRS DNB,nW/cm2/sr,2019,"{""type"":""MultiPoint"",""coordinates"":[]}"
69_00000000000000000005,BA03050040,,,,,,,91.20,91,28042.3912459,TASWIL5000020230907KABKOTA,Mamberamo Raya,,2.28030775228,13.664376657,4326,4,,,Mamberamo Raya,Papua,,0,Sarmi,,2019-10,0.15699955921367298,10,0.15699955921367298,VIIRS DNB,nW/cm2/sr,2019,"{""type"":""MultiPoint"",""coordinates"":[]}"
69_00000000000000000008,BA03050040,,,,,,,91.15,91,10778.7667558,TASWIL5000020230907KABKOTA,Waropen,,0.876665218552,7.26174952493,4326,4,,,Waropen,Papua,,0,Yapen Waropen,,2019-10,0.16306445707845663,10,0.16306445707845663,VIIRS DNB,nW/cm2/sr,2019,"{""type"":""MultiPoint"",""coordinates"":[]}"
70_00000000000000000000,BA03050040,,,,,,,91.06,91,2257.7785726,TASWIL5000020230907KABKOTA,Biak Numfor,,0.183451690197,5.35532578171,4326,4,,,Biak Numfor,Papua,,0,,,2019-11,0.29159684056503987,11,0.29159684056503987,VIIRS DNB,nW/cm2/sr,2019,"{""type"":""MultiPoint"",""coordinates"":[]}"
70_00000000000000000001,BA03050040,,,,,,,91.03,91,14082.2122578,TASWIL5000020230907KABKOTA,Jayapura,,1.14561199815,9.52170493241,4326,4,,,Jayapura,Papua,,0,,,2019-11,0.1673165194946346,11,0.1673165194946346,VIIRS DNB,nW/cm2/sr,2019,"{""type"":""MultiPoint"",""coordinates"":[]}"
70_00000000000000000003,BA03050040,,,,,,,91.05,91,2429.0300227,TASWIL5000020230907KABKOTA,Kepulauan Yapen,,0.19742592562,8.55393507975,4326,4,,,Kepulauan Yapen,Papua,,0,,,2019-11,0.2242583171750481,11,0.2242583171750481,VIIRS DNB,nW/cm2/sr,2019,"{""type"":""MultiPoint"",""coordinates"":[]}"
70_00000000000000000007,BA03050040,,,,,,,91.19,91,660.611723589,TASWIL5000020230907KABKOTA,Supiori,,0.0536731325628,3.38191482935,4326,4,,,Supiori,Papua,,0,Biak Numfor,,2019-11,0.154171775479123,11,0.154171775479123,VIIRS DNB,nW/cm2/sr,2019,"{""type"":""MultiPoint"",""coordinates"":[]}"
70_00000000000000000002,BA03050040,,,,,,,91.11,91,9526.3153833,TASWIL5000020230907KABKOTA,Keerom,,0.775256858574,6.07708966623,4326,4,,,Keerom,Papua,,0,Jayapura,,2019-11,0.17595126928228275,11,0.17595126928228275,VIIRS DNB,nW/cm2/sr,2019,"{""type"":""MultiPoint"",""coordinates"":[]}"
70_00000000000000000004,BA03050040,,,,,,,91.71,91,835.479147077,TASWIL5000020230907KABKOTA,Kota Jayapura,,0.0679466217871,2.36790963878,4326,5,,,Kota Jayapura,Papua,,0,Jayapura,,2019-11,0.8317212967916914,11,0.8317212967916914,VIIRS DNB,nW/cm2/sr,2019,"{""type"":""MultiPoint"",""coordinates"":[]}"
70_00000000000000000006,BA03050040,,,,,,,91.10,91,14068.3737441,TASWIL5000020230907KABKOTA,Sarmi,,1.1439791998,11.4902362416,4326,4,,,Sarmi,Papua,,0,Jayapura,,2019-11,0.09077037407686638,11,0.09077037407686638,VIIRS DNB,nW/cm2/sr,2019,"{""type"":""MultiPoint"",""coordinates"":[]}"
70_00000000000000000005,BA03050040,,,,,,,91.20,91,28042.3912459,TASWIL5000020230907KABKOTA,Mamberamo Raya,,2.28030775228,13.664376657,4326,4,,,Mamberamo Raya,Papua,,0,Sarmi,,2019-11,0.10716012254586926,11,0.10716012254586926,VIIRS DNB,nW/cm2/sr,2019,"{""type"":""MultiPoint"",""coordinates"":[]}"
70_00000000000000000008,BA03050040,,,,,,,91.15,91,10778.7667558,TASWIL5000020230907KABKOTA,Waropen,,0.876665218552,7.26174952493,4326,4,,,Waropen,Papua,,0,Yapen Waropen,,2019-11,0.10095205887971237,11,0.10095205887971237,VIIRS DNB,nW/cm2/sr,2019,"{""type"":""MultiPoint"",""coordinates"":[]}"
71_00000000000000000000,BA03050040,,,,,,,91.06,91,2257.7785726,TASWIL5000020230907KABKOTA,Biak Numfor,,0.183451690197,5.35532578171,4326,4,,,Biak Numfor,Papua,,0,,,2019-12,0.2404063860310585,12,0.2404063860310585,VIIRS DNB,nW/cm2/sr,2019,"{""type"":""MultiPoint"",""coordinates"":[]}"
71_00000000000000000001,BA03050040,,,,,,,91.03,91,14082.2122578,TASWIL5000020230907KABKOTA,Jayapura,,1.14561199815,9.52170493241,4326,4,,,Jayapura,Papua,,0,,,2019-12,0.059517697255395165,12,0.059517697255395165,VIIRS DNB,nW/cm2/sr,2019,"{""type"":""MultiPoint"",""coordinates"":[]}"
71_00000000000000000003,BA03050040,,,,,,,91.05,91,2429.0300227,TASWIL5000020230907KABKOTA,Kepulauan Yapen,,0.19742592562,8.55393507975,4326,4,,,Kepulauan Yapen,Papua,,0,,,2019-12,0.1344856272575112,12,0.1344856272575112,VIIRS DNB,nW/cm2/sr,2019,"{""type"":""MultiPoint"",""coordinates"":[]}"
71_00000000000000000007,BA03050040,,,,,,,91.19,91,660.611723589,TASWIL5000020230907KABKOTA,Supiori,,0.0536731325628,3.38191482935,4326,4,,,Supiori,Papua,,0,Biak Numfor,,2019-12,0.11585019001775666,12,0.11585019001775666,VIIRS DNB,nW/cm2/sr,2019,"{""type"":""MultiPoint"",""coordinates"":[]}"
71_00000000000000000002,BA03050040,,,,,,,91.11,91,9526.3153833,TASWIL5000020230907KABKOTA,Keerom,,0.775256858574,6.07708966623,4326,4,,,Keerom,Papua,,0,Jayapura,,2019-12,0.04553178946819499,12,0.04553178946819499,VIIRS DNB,nW/cm2/sr,2019,"{""type"":""MultiPoint"",""coordinates"":[]}"
71_00000000000000000004,BA03050040,,,,,,,91.71,91,835.479147077,TASWIL5000020230907KABKOTA,Kota Jayapura,,0.0679466217871,2.36790963878,4326,5,,,Kota Jayapura,Papua,,0,Jayapura,,2019-12,1.0461458126215928,12,1.0461458126215928,VIIRS DNB,nW/cm2/sr,2019,"{""type"":""MultiPoint"",""coordinates"":[]}"
71_00000000000000000006,BA03050040,,,,,,,91.10,91,14068.3737441,TASWIL5000020230907KABKOTA,Sarmi,,1.1439791998,11.4902362416,4326,4,,,Sarmi,Papua,,0,Jayapura,,2019-12,0.059121138650852334,12,0.059121138650852334,VIIRS DNB,nW/cm2/sr,2019,"{""type"":""MultiPoint"",""coordinates"":[]}"
71_00000000000000000005,BA03050040,,,,,,,91.20,91,28042.3912459,TASWIL5000020230907KABKOTA,Mamberamo Raya,,2.28030775228,13.664376657,4326,4,,,Mamberamo Raya,Papua,,0,Sarmi,,2019-12,0.04655811909039343,12,0.04655811909039343,VIIRS DNB,nW/cm2/sr,2019,"{""type"":""MultiPoint"",""coordinates"":[]}"
71_00000000000000000008,BA03050040,,,,,,,91.15,91,10778.7667558,TASWIL5000020230907KABKOTA,Waropen,,0.876665218552,7.26174952493,4326,4,,,Waropen,Papua,,0,Yapen Waropen,,2019-12,0.08044273097493704,12,0.08044273097493704,VIIRS DNB,nW/cm2/sr,2019,"{""type"":""MultiPoint"",""coordinates"":[]}"
72_00000000000000000000,BA03050040,,,,,,,91.06,91,2257.7785726,TASWIL5000020230907KABKOTA,Biak Numfor,,0.183451690197,5.35532578171,4326,4,,,Biak Numfor,Papua,,0,,,2020-01,0.06509825980849177,1,0.06509825980849177,VIIRS DNB,nW/cm2/sr,2020,"{""type"":""MultiPoint"",""coordinates"":[]}"
72_00000000000000000001,BA03050040,,,,,,,91.03,91,14082.2122578,TASWIL5000020230907KABKOTA,Jayapura,,1.14561199815,9.52170493241,4326,4,,,Jayapura,Papua,,0,,,2020-01,0.043791532956542034,1,0.043791532956542034,VIIRS DNB,nW/cm2/sr,2020,"{""type"":""MultiPoint"",""coordinates"":[]}"
72_00000000000000000003,BA03050040,,,,,,,91.05,91,2429.0300227,TASWIL5000020230907KABKOTA,Kepulauan Yapen,,0.19742592562,8.55393507975,4326,4,,,Kepulauan Yapen,Papua,,0,,,2020-01,0.012389846906490068,1,0.012389846906490068,VIIRS DNB,nW/cm2/sr,2020,"{""type"":""MultiPoint"",""coordinates"":[]}"
72_00000000000000000007,BA03050040,,,,,,,91.19,91,660.611723589,TASWIL5000020230907KABKOTA,Supiori,,0.0536731325628,3.38191482935,4326,4,,,Supiori,Papua,,0,Biak Numfor,,2020-01,-0.043433487898449565,1,-0.043433487898449565,VIIRS DNB,nW/cm2/sr,2020,"{""type"":""MultiPoint"",""coordinates"":[]}"
72_00000000000000000002,BA03050040,,,,,,,91.11,91,9526.3153833,TASWIL5000020230907KABKOTA,Keerom,,0.775256858574,6.07708966623,4326,4,,,Keerom,Papua,,0,Jayapura,,2020-01,0.05595600857388062,1,0.05595600857388062,VIIRS DNB,nW/cm2/sr,2020,"{""type"":""MultiPoint"",""coordinates"":[]}"
72_00000000000000000004,BA03050040,,,,,,,91.71,91,835.479147077,TASWIL5000020230907KABKOTA,Kota Jayapura,,0.0679466217871,2.36790963878,4326,5,,,Kota Jayapura,Papua,,0,Jayapura,,2020-01,0.7523950944870794,1,0.7523950944870794,VIIRS DNB,nW/cm2/sr,2020,"{""type"":""MultiPoint"",""coordinates"":[]}"
72_00000000000000000006,BA03050040,,,,,,,91.10,91,14068.3737441,TASWIL5000020230907KABKOTA,Sarmi,,1.1439791998,11.4902362416,4326,4,,,Sarmi,Papua,,0,Jayapura,,2020-01,-0.01633754288133013,1,-0.01633754288133013,VIIRS DNB,nW/cm2/sr,2020,"{""type"":""MultiPoint"",""coordinates"":[]}"
72_00000000000000000005,BA03050040,,,,,,,91.20,91,28042.3912459,TASWIL5000020230907KABKOTA,Mamberamo Raya,,2.28030775228,13.664376657,4326,4,,,Mamberamo Raya,Papua,,0,Sarmi,,2020-01,-0.048312910812313245,1,-0.048312910812313245,VIIRS DNB,nW/cm2/sr,2020,"{""type"":""MultiPoint"",""coordinates"":[]}"
72_00000000000000000008,BA03050040,,,,,,,91.15,91,10778.7667558,TASWIL5000020230907KABKOTA,Waropen,,0.876665218552,7.26174952493,4326,4,,,Waropen,Papua,,0,Yapen Waropen,,2020-01,-0.06358664122174039,1,-0.06358664122174039,VIIRS DNB,nW/cm2/sr,2020,"{""type"":""MultiPoint"",""coordinates"":[]}"
73_00000000000000000000,BA03050040,,,,,,,91.06,91,2257.7785726,TASWIL5000020230907KABKOTA,Biak Numfor,,0.183451690197,5.35532578171,4326,4,,,Biak Numfor,Papua,,0,,,2020-02,0.39952198302552155,2,0.39952198302552155,VIIRS DNB,nW/cm2/sr,2020,"{""type"":""MultiPoint"",""coordinates"":[]}"
73_00000000000000000001,BA03050040,,,,,,,91.03,91,14082.2122578,TASWIL5000020230907KABKOTA,Jayapura,,1.14561199815,9.52170493241,4326,4,,,Jayapura,Papua,,0,,,2020-02,0.20686654341713595,2,0.20686654341713595,VIIRS DNB,nW/cm2/sr,2020,"{""type"":""MultiPoint"",""coordinates"":[]}"
73_00000000000000000003,BA03050040,,,,,,,91.05,91,2429.0300227,TASWIL5000020230907KABKOTA,Kepulauan Yapen,,0.19742592562,8.55393507975,4326,4,,,Kepulauan Yapen,Papua,,0,,,2020-02,0.33951678098255794,2,0.33951678098255794,VIIRS DNB,nW/cm2/sr,2020,"{""type"":""MultiPoint"",""coordinates"":[]}"
73_00000000000000000007,BA03050040,,,,,,,91.19,91,660.611723589,TASWIL5000020230907KABKOTA,Supiori,,0.0536731325628,3.38191482935,4326,4,,,Supiori,Papua,,0,Biak Numfor,,2020-02,0.2583271651977949,2,0.2583271651977949,VIIRS DNB,nW/cm2/sr,2020,"{""type"":""MultiPoint"",""coordinates"":[]}"
73_00000000000000000002,BA03050040,,,,,,,91.11,91,9526.3153833,TASWIL5000020230907KABKOTA,Keerom,,0.775256858574,6.07708966623,4326,4,,,Keerom,Papua,,0,Jayapura,,2020-02,0.33959367547239266,2,0.33959367547239266,VIIRS DNB,nW/cm2/sr,2020,"{""type"":""MultiPoint"",""coordinates"":[]}"
73_00000000000000000004,BA03050040,,,,,,,91.71,91,835.479147077,TASWIL5000020230907KABKOTA,Kota Jayapura,,0.0679466217871,2.36790963878,4326,5,,,Kota Jayapura,Papua,,0,Jayapura,,2020-02,0.8016502742019933,2,0.8016502742019933,VIIRS DNB,nW/cm2/sr,2020,"{""type"":""MultiPoint"",""coordinates"":[]}"
73_00000000000000000006,BA03050040,,,,,,,91.10,91,14068.3737441,TASWIL5000020230907KABKOTA,Sarmi,,1.1439791998,11.4902362416,4326,4,,,Sarmi,Papua,,0,Jayapura,,2020-02,0.22504580538564115,2,0.22504580538564115,VIIRS DNB,nW/cm2/sr,2020,"{""type"":""MultiPoint"",""coordinates"":[]}"
73_00000000000000000005,BA03050040,,,,,,,91.20,91,28042.3912459,TASWIL5000020230907KABKOTA,Mamberamo Raya,,2.28030775228,13.664376657,4326,4,,,Mamberamo Raya,Papua,,0,Sarmi,,2020-02,0.21087978189943185,2,0.21087978189943185,VIIRS DNB,nW/cm2/sr,2020,"{""type"":""MultiPoint"",""coordinates"":[]}"
73_00000000000000000008,BA03050040,,,,,,,91.15,91,10778.7667558,TASWIL5000020230907KABKOTA,Waropen,,0.876665218552,7.26174952493,4326,4,,,Waropen,Papua,,0,Yapen Waropen,,2020-02,0.09452462340829083,2,0.09452462340829083,VIIRS DNB,nW/cm2/sr,2020,"{""type"":""MultiPoint"",""coordinates"":[]}"
74_00000000000000000000,BA03050040,,,,,,,91.06,91,2257.7785726,TASWIL5000020230907KABKOTA,Biak Numfor,,0.183451690197,5.35532578171,4326,4,,,Biak Numfor,Papua,,0,,,2020-03,0.46084719651035927,3,0.46084719651035927,VIIRS DNB,nW/cm2/sr,2020,"{""type"":""MultiPoint"",""coordinates"":[]}"
74_00000000000000000001,BA03050040,,,,,,,91.03,91,14082.2122578,TASWIL5000020230907KABKOTA,Jayapura,,1.14561199815,9.52170493241,4326,4,,,Jayapura,Papua,,0,,,2020-03,0.13134184109069927,3,0.13134184109069927,VIIRS DNB,nW/cm2/sr,2020,"{""type"":""MultiPoint"",""coordinates"":[]}"
74_00000000000000000003,BA03050040,,,,,,,91.05,91,2429.0300227,TASWIL5000020230907KABKOTA,Kepulauan Yapen,,0.19742592562,8.55393507975,4326,4,,,Kepulauan Yapen,Papua,,0,,,2020-03,0.3185650547466707,3,0.3185650547466707,VIIRS DNB,nW/cm2/sr,2020,"{""type"":""MultiPoint"",""coordinates"":[]}"
74_00000000000000000007,BA03050040,,,,,,,91.19,91,660.611723589,TASWIL5000020230907KABKOTA,Supiori,,0.0536731325628,3.38191482935,4326,4,,,Supiori,Papua,,0,Biak Numfor,,2020-03,0.30331176190111764,3,0.30331176190111764,VIIRS DNB,nW/cm2/sr,2020,"{""type"":""MultiPoint"",""coordinates"":[]}"
74_00000000000000000002,BA03050040,,,,,,,91.11,91,9526.3153833,TASWIL5000020230907KABKOTA,Keerom,,0.775256858574,6.07708966623,4326,4,,,Keerom,Papua,,0,Jayapura,,2020-03,0.257231674868943,3,0.257231674868943,VIIRS DNB,nW/cm2/sr,2020,"{""type"":""MultiPoint"",""coordinates"":[]}"
74_00000000000000000004,BA03050040,,,,,,,91.71,91,835.479147077,TASWIL5000020230907KABKOTA,Kota Jayapura,,0.0679466217871,2.36790963878,4326,5,,,Kota Jayapura,Papua,,0,Jayapura,,2020-03,1.1918925189798293,3,1.1918925189798293,VIIRS DNB,nW/cm2/sr,2020,"{""type"":""MultiPoint"",""coordinates"":[]}"
74_00000000000000000006,BA03050040,,,,,,,91.10,91,14068.3737441,TASWIL5000020230907KABKOTA,Sarmi,,1.1439791998,11.4902362416,4326,4,,,Sarmi,Papua,,0,Jayapura,,2020-03,0.15419891719835066,3,0.15419891719835066,VIIRS DNB,nW/cm2/sr,2020,"{""type"":""MultiPoint"",""coordinates"":[]}"
74_00000000000000000005,BA03050040,,,,,,,91.20,91,28042.3912459,TASWIL5000020230907KABKOTA,Mamberamo Raya,,2.28030775228,13.664376657,4326,4,,,Mamberamo Raya,Papua,,0,Sarmi,,2020-03,0.11915931632504038,3,0.11915931632504038,VIIRS DNB,nW/cm2/sr,2020,"{""type"":""MultiPoint"",""coordinates"":[]}"
74_00000000000000000008,BA03050040,,,,,,,91.15,91,10778.7667558,TASWIL5000020230907KABKOTA,Waropen,,0.876665218552,7.26174952493,4326,4,,,Waropen,Papua,,0,Yapen Waropen,,2020-03,0.1699014333985646,3,0.1699014333985646,VIIRS DNB,nW/cm2/sr,2020,"{""type"":""MultiPoint"",""coordinates"":[]}"
75_00000000000000000000,BA03050040,,,,,,,91.06,91,2257.7785726,TASWIL5000020230907KABKOTA,Biak Numfor,,0.183451690197,5.35532578171,4326,4,,,Biak Numfor,Papua,,0,,,2020-04,0.4885143777236841,4,0.4885143777236841,VIIRS DNB,nW/cm2/sr,2020,"{""type"":""MultiPoint"",""coordinates"":[]}"
75_00000000000000000001,BA03050040,,,,,,,91.03,91,14082.2122578,TASWIL5000020230907KABKOTA,Jayapura,,1.14561199815,9.52170493241,4326,4,,,Jayapura,Papua,,0,,,2020-04,0.3050921423871203,4,0.3050921423871203,VIIRS DNB,nW/cm2/sr,2020,"{""type"":""MultiPoint"",""coordinates"":[]}"
75_00000000000000000003,BA03050040,,,,,,,91.05,91,2429.0300227,TASWIL5000020230907KABKOTA,Kepulauan Yapen,,0.19742592562,8.55393507975,4326,4,,,Kepulauan Yapen,Papua,,0,,,2020-04,0.38749419407203417,4,0.38749419407203417,VIIRS DNB,nW/cm2/sr,2020,"{""type"":""MultiPoint"",""coordinates"":[]}"
75_00000000000000000007,BA03050040,,,,,,,91.19,91,660.611723589,TASWIL5000020230907KABKOTA,Supiori,,0.0536731325628,3.38191482935,4326,4,,,Supiori,Papua,,0,Biak Numfor,,2020-04,0.37838960848374215,4,0.37838960848374215,VIIRS DNB,nW/cm2/sr,2020,"{""type"":""MultiPoint"",""coordinates"":[]}"
75_00000000000000000002,BA03050040,,,,,,,91.11,91,9526.3153833,TASWIL5000020230907KABKOTA,Keerom,,0.775256858574,6.07708966623,4326,4,,,Keerom,Papua,,0,Jayapura,,2020-04,0.2516795587339428,4,0.2516795587339428,VIIRS DNB,nW/cm2/sr,2020,"{""type"":""MultiPoint"",""coordinates"":[]}"
75_00000000000000000004,BA03050040,,,,,,,91.71,91,835.479147077,TASWIL5000020230907KABKOTA,Kota Jayapura,,0.0679466217871,2.36790963878,4326,5,,,Kota Jayapura,Papua,,0,Jayapura,,2020-04,1.13481086117891,4,1.13481086117891,VIIRS DNB,nW/cm2/sr,2020,"{""type"":""MultiPoint"",""coordinates"":[]}"
75_00000000000000000006,BA03050040,,,,,,,91.10,91,14068.3737441,TASWIL5000020230907KABKOTA,Sarmi,,1.1439791998,11.4902362416,4326,4,,,Sarmi,Papua,,0,Jayapura,,2020-04,0.31736801855082025,4,0.31736801855082025,VIIRS DNB,nW/cm2/sr,2020,"{""type"":""MultiPoint"",""coordinates"":[]}"
75_00000000000000000005,BA03050040,,,,,,,91.20,91,28042.3912459,TASWIL5000020230907KABKOTA,Mamberamo Raya,,2.28030775228,13.664376657,4326,4,,,Mamberamo Raya,Papua,,0,Sarmi,,2020-04,0.30543237555102337,4,0.30543237555102337,VIIRS DNB,nW/cm2/sr,2020,"{""type"":""MultiPoint"",""coordinates"":[]}"
75_00000000000000000008,BA03050040,,,,,,,91.15,91,10778.7667558,TASWIL5000020230907KABKOTA,Waropen,,0.876665218552,7.26174952493,4326,4,,,Waropen,Papua,,0,Yapen Waropen,,2020-04,0.3264060012989969,4,0.3264060012989969,VIIRS DNB,nW/cm2/sr,2020,"{""type"":""MultiPoint"",""coordinates"":[]}"
76_00000000000000000000,BA03050040,,,,,,,91.06,91,2257.7785726,TASWIL5000020230907KABKOTA,Biak Numfor,,0.183451690197,5.35532578171,4326,4,,,Biak Numfor,Papua,,0,,,2020-05,0.3951230814347897,5,0.3951230814347897,VIIRS DNB,nW/cm2/sr,2020,"{""type"":""MultiPoint"",""coordinates"":[]}"
76_00000000000000000001,BA03050040,,,,,,,91.03,91,14082.2122578,TASWIL5000020230907KABKOTA,Jayapura,,1.14561199815,9.52170493241,4326,4,,,Jayapura,Papua,,0,,,2020-05,0.21265787980363615,5,0.21265787980363615,VIIRS DNB,nW/cm2/sr,2020,"{""type"":""MultiPoint"",""coordinates"":[]}"
76_00000000000000000003,BA03050040,,,,,,,91.05,91,2429.0300227,TASWIL5000020230907KABKOTA,Kepulauan Yapen,,0.19742592562,8.55393507975,4326,4,,,Kepulauan Yapen,Papua,,0,,,2020-05,0.21678871494098134,5,0.21678871494098134,VIIRS DNB,nW/cm2/sr,2020,"{""type"":""MultiPoint"",""coordinates"":[]}"
76_00000000000000000007,BA03050040,,,,,,,91.19,91,660.611723589,TASWIL5000020230907KABKOTA,Supiori,,0.0536731325628,3.38191482935,4326,4,,,Supiori,Papua,,0,Biak Numfor,,2020-05,0.2531776791351284,5,0.2531776791351284,VIIRS DNB,nW/cm2/sr,2020,"{""type"":""MultiPoint"",""coordinates"":[]}"
76_00000000000000000002,BA03050040,,,,,,,91.11,91,9526.3153833,TASWIL5000020230907KABKOTA,Keerom,,0.775256858574,6.07708966623,4326,4,,,Keerom,Papua,,0,Jayapura,,2020-05,0.18720898488087642,5,0.18720898488087642,VIIRS DNB,nW/cm2/sr,2020,"{""type"":""MultiPoint"",""coordinates"":[]}"
76_00000000000000000004,BA03050040,,,,,,,91.71,91,835.479147077,TASWIL5000020230907KABKOTA,Kota Jayapura,,0.0679466217871,2.36790963878,4326,5,,,Kota Jayapura,Papua,,0,Jayapura,,2020-05,1.1120701776144397,5,1.1120701776144397,VIIRS DNB,nW/cm2/sr,2020,"{""type"":""MultiPoint"",""coordinates"":[]}"
76_00000000000000000006,BA03050040,,,,,,,91.10,91,14068.3737441,TASWIL5000020230907KABKOTA,Sarmi,,1.1439791998,11.4902362416,4326,4,,,Sarmi,Papua,,0,Jayapura,,2020-05,0.19660756523240758,5,0.19660756523240758,VIIRS DNB,nW/cm2/sr,2020,"{""type"":""MultiPoint"",""coordinates"":[]}"
76_00000000000000000005,BA03050040,,,,,,,91.20,91,28042.3912459,TASWIL5000020230907KABKOTA,Mamberamo Raya,,2.28030775228,13.664376657,4326,4,,,Mamberamo Raya,Papua,,0,Sarmi,,2020-05,0.214519632069314,5,0.214519632069314,VIIRS DNB,nW/cm2/sr,2020,"{""type"":""MultiPoint"",""coordinates"":[]}"
76_00000000000000000008,BA03050040,,,,,,,91.15,91,10778.7667558,TASWIL5000020230907KABKOTA,Waropen,,0.876665218552,7.26174952493,4326,4,,,Waropen,Papua,,0,Yapen Waropen,,2020-05,0.1890905689685499,5,0.1890905689685499,VIIRS DNB,nW/cm2/sr,2020,"{""type"":""MultiPoint"",""coordinates"":[]}"
77_00000000000000000000,BA03050040,,,,,,,91.06,91,2257.7785726,TASWIL5000020230907KABKOTA,Biak Numfor,,0.183451690197,5.35532578171,4326,4,,,Biak Numfor,Papua,,0,,,2020-06,0.44315936080554136,6,0.44315936080554136,VIIRS DNB,nW/cm2/sr,2020,"{""type"":""MultiPoint"",""coordinates"":[]}"
77_00000000000000000001,BA03050040,,,,,,,91.03,91,14082.2122578,TASWIL5000020230907KABKOTA,Jayapura,,1.14561199815,9.52170493241,4326,4,,,Jayapura,Papua,,0,,,2020-06,0.296790503562543,6,0.296790503562543,VIIRS DNB,nW/cm2/sr,2020,"{""type"":""MultiPoint"",""coordinates"":[]}"
77_00000000000000000003,BA03050040,,,,,,,91.05,91,2429.0300227,TASWIL5000020230907KABKOTA,Kepulauan Yapen,,0.19742592562,8.55393507975,4326,4,,,Kepulauan Yapen,Papua,,0,,,2020-06,0.3047736000881495,6,0.3047736000881495,VIIRS DNB,nW/cm2/sr,2020,"{""type"":""MultiPoint"",""coordinates"":[]}"
77_00000000000000000007,BA03050040,,,,,,,91.19,91,660.611723589,TASWIL5000020230907KABKOTA,Supiori,,0.0536731325628,3.38191482935,4326,4,,,Supiori,Papua,,0,Biak Numfor,,2020-06,0.3156906593512894,6,0.3156906593512894,VIIRS DNB,nW/cm2/sr,2020,"{""type"":""MultiPoint"",""coordinates"":[]}"
77_00000000000000000002,BA03050040,,,,,,,91.11,91,9526.3153833,TASWIL5000020230907KABKOTA,Keerom,,0.775256858574,6.07708966623,4326,4,,,Keerom,Papua,,0,Jayapura,,2020-06,0.31275165883381334,6,0.31275165883381334,VIIRS DNB,nW/cm2/sr,2020,"{""type"":""MultiPoint"",""coordinates"":[]}"
77_00000000000000000004,BA03050040,,,,,,,91.71,91,835.479147077,TASWIL5000020230907KABKOTA,Kota Jayapura,,0.0679466217871,2.36790963878,4326,5,,,Kota Jayapura,Papua,,0,Jayapura,,2020-06,1.1208496319691705,6,1.1208496319691705,VIIRS DNB,nW/cm2/sr,2020,"{""type"":""MultiPoint"",""coordinates"":[]}"
77_00000000000000000006,BA03050040,,,,,,,91.10,91,14068.3737441,TASWIL5000020230907KABKOTA,Sarmi,,1.1439791998,11.4902362416,4326,4,,,Sarmi,Papua,,0,Jayapura,,2020-06,0.25395152863599557,6,0.25395152863599557,VIIRS DNB,nW/cm2/sr,2020,"{""type"":""MultiPoint"",""coordinates"":[]}"
77_00000000000000000005,BA03050040,,,,,,,91.20,91,28042.3912459,TASWIL5000020230907KABKOTA,Mamberamo Raya,,2.28030775228,13.664376657,4326,4,,,Mamberamo Raya,Papua,,0,Sarmi,,2020-06,0.24647987527190485,6,0.24647987527190485,VIIRS DNB,nW/cm2/sr,2020,"{""type"":""MultiPoint"",""coordinates"":[]}"
77_00000000000000000008,BA03050040,,,,,,,91.15,91,10778.7667558,TASWIL5000020230907KABKOTA,Waropen,,0.876665218552,7.26174952493,4326,4,,,Waropen,Papua,,0,Yapen Waropen,,2020-06,0.23087401835554025,6,0.23087401835554025,VIIRS DNB,nW/cm2/sr,2020,"{""type"":""MultiPoint"",""coordinates"":[]}"
78_00000000000000000000,BA03050040,,,,,,,91.06,91,2257.7785726,TASWIL5000020230907KABKOTA,Biak Numfor,,0.183451690197,5.35532578171,4326,4,,,Biak Numfor,Papua,,0,,,2020-07,0.4167674390101344,7,0.4167674390101344,VIIRS DNB,nW/cm2/sr,2020,"{""type"":""MultiPoint"",""coordinates"":[]}"
78_00000000000000000001,BA03050040,,,,,,,91.03,91,14082.2122578,TASWIL5000020230907KABKOTA,Jayapura,,1.14561199815,9.52170493241,4326,4,,,Jayapura,Papua,,0,,,2020-07,0.2141711941580607,7,0.2141711941580607,VIIRS DNB,nW/cm2/sr,2020,"{""type"":""MultiPoint"",""coordinates"":[]}"
78_00000000000000000003,BA03050040,,,,,,,91.05,91,2429.0300227,TASWIL5000020230907KABKOTA,Kepulauan Yapen,,0.19742592562,8.55393507975,4326,4,,,Kepulauan Yapen,Papua,,0,,,2020-07,0.3336277653589799,7,0.3336277653589799,VIIRS DNB,nW/cm2/sr,2020,"{""type"":""MultiPoint"",""coordinates"":[]}"
78_00000000000000000007,BA03050040,,,,,,,91.19,91,660.611723589,TASWIL5000020230907KABKOTA,Supiori,,0.0536731325628,3.38191482935,4326,4,,,Supiori,Papua,,0,Biak Numfor,,2020-07,0.27073120215138996,7,0.27073120215138996,VIIRS DNB,nW/cm2/sr,2020,"{""type"":""MultiPoint"",""coordinates"":[]}"
78_00000000000000000002,BA03050040,,,,,,,91.11,91,9526.3153833,TASWIL5000020230907KABKOTA,Keerom,,0.775256858574,6.07708966623,4326,4,,,Keerom,Papua,,0,Jayapura,,2020-07,0.196471265698576,7,0.196471265698576,VIIRS DNB,nW/cm2/sr,2020,"{""type"":""MultiPoint"",""coordinates"":[]}"
78_00000000000000000004,BA03050040,,,,,,,91.71,91,835.479147077,TASWIL5000020230907KABKOTA,Kota Jayapura,,0.0679466217871,2.36790963878,4326,5,,,Kota Jayapura,Papua,,0,Jayapura,,2020-07,1.119632242572475,7,1.119632242572475,VIIRS DNB,nW/cm2/sr,2020,"{""type"":""MultiPoint"",""coordinates"":[]}"
78_00000000000000000006,BA03050040,,,,,,,91.10,91,14068.3737441,TASWIL5000020230907KABKOTA,Sarmi,,1.1439791998,11.4902362416,4326,4,,,Sarmi,Papua,,0,Jayapura,,2020-07,0.20271058755969623,7,0.20271058755969623,VIIRS DNB,nW/cm2/sr,2020,"{""type"":""MultiPoint"",""coordinates"":[]}"
78_00000000000000000005,BA03050040,,,,,,,91.20,91,28042.3912459,TASWIL5000020230907KABKOTA,Mamberamo Raya,,2.28030775228,13.664376657,4326,4,,,Mamberamo Raya,Papua,,0,Sarmi,,2020-07,0.23456836672029405,7,0.23456836672029405,VIIRS DNB,nW/cm2/sr,2020,"{""type"":""MultiPoint"",""coordinates"":[]}"
78_00000000000000000008,BA03050040,,,,,,,91.15,91,10778.7667558,TASWIL5000020230907KABKOTA,Waropen,,0.876665218552,7.26174952493,4326,4,,,Waropen,Papua,,0,Yapen Waropen,,2020-07,0.2907921507718593,7,0.2907921507718593,VIIRS DNB,nW/cm2/sr,2020,"{""type"":""MultiPoint"",""coordinates"":[]}"
79_00000000000000000000,BA03050040,,,,,,,91.06,91,2257.7785726,TASWIL5000020230907KABKOTA,Biak Numfor,,0.183451690197,5.35532578171,4326,4,,,Biak Numfor,Papua,,0,,,2020-08,0.33568503233634883,8,0.33568503233634883,VIIRS DNB,nW/cm2/sr,2020,"{""type"":""MultiPoint"",""coordinates"":[]}"
79_00000000000000000001,BA03050040,,,,,,,91.03,91,14082.2122578,TASWIL5000020230907KABKOTA,Jayapura,,1.14561199815,9.52170493241,4326,4,,,Jayapura,Papua,,0,,,2020-08,0.19428677363072763,8,0.19428677363072763,VIIRS DNB,nW/cm2/sr,2020,"{""type"":""MultiPoint"",""coordinates"":[]}"
79_00000000000000000003,BA03050040,,,,,,,91.05,91,2429.0300227,TASWIL5000020230907KABKOTA,Kepulauan Yapen,,0.19742592562,8.55393507975,4326,4,,,Kepulauan Yapen,Papua,,0,,,2020-08,0.2147850650002135,8,0.2147850650002135,VIIRS DNB,nW/cm2/sr,2020,"{""type"":""MultiPoint"",""coordinates"":[]}"
79_00000000000000000007,BA03050040,,,,,,,91.19,91,660.611723589,TASWIL5000020230907KABKOTA,Supiori,,0.0536731325628,3.38191482935,4326,4,,,Supiori,Papua,,0,Biak Numfor,,2020-08,0.19511444218790305,8,0.19511444218790305,VIIRS DNB,nW/cm2/sr,2020,"{""type"":""MultiPoint"",""coordinates"":[]}"
79_00000000000000000002,BA03050040,,,,,,,91.11,91,9526.3153833,TASWIL5000020230907KABKOTA,Keerom,,0.775256858574,6.07708966623,4326,4,,,Keerom,Papua,,0,Jayapura,,2020-08,0.16224644155067974,8,0.16224644155067974,VIIRS DNB,nW/cm2/sr,2020,"{""type"":""MultiPoint"",""coordinates"":[]}"
79_00000000000000000004,BA03050040,,,,,,,91.71,91,835.479147077,TASWIL5000020230907KABKOTA,Kota Jayapura,,0.0679466217871,2.36790963878,4326,5,,,Kota Jayapura,Papua,,0,Jayapura,,2020-08,1.0587098946581572,8,1.0587098946581572,VIIRS DNB,nW/cm2/sr,2020,"{""type"":""MultiPoint"",""coordinates"":[]}"
79_00000000000000000006,BA03050040,,,,,,,91.10,91,14068.3737441,TASWIL5000020230907KABKOTA,Sarmi,,1.1439791998,11.4902362416,4326,4,,,Sarmi,Papua,,0,Jayapura,,2020-08,0.1822420767506996,8,0.1822420767506996,VIIRS DNB,nW/cm2/sr,2020,"{""type"":""MultiPoint"",""coordinates"":[]}"
79_00000000000000000005,BA03050040,,,,,,,91.20,91,28042.3912459,TASWIL5000020230907KABKOTA,Mamberamo Raya,,2.28030775228,13.664376657,4326,4,,,Mamberamo Raya,Papua,,0,Sarmi,,2020-08,0.17546052872541304,8,0.17546052872541304,VIIRS DNB,nW/cm2/sr,2020,"{""type"":""MultiPoint"",""coordinates"":[]}"
79_00000000000000000008,BA03050040,,,,,,,91.15,91,10778.7667558,TASWIL5000020230907KABKOTA,Waropen,,0.876665218552,7.26174952493,4326,4,,,Waropen,Papua,,0,Yapen Waropen,,2020-08,0.1676117411552034,8,0.1676117411552034,VIIRS DNB,nW/cm2/sr,2020,"{""type"":""MultiPoint"",""coordinates"":[]}"
80_00000000000000000000,BA03050040,,,,,,,91.06,91,2257.7785726,TASWIL5000020230907KABKOTA,Biak Numfor,,0.183451690197,5.35532578171,4326,4,,,Biak Numfor,Papua,,0,,,2020-09,0.29341574278939164,9,0.29341574278939164,VIIRS DNB,nW/cm2/sr,2020,"{""type"":""MultiPoint"",""coordinates"":[]}"
80_00000000000000000001,BA03050040,,,,,,,91.03,91,14082.2122578,TASWIL5000020230907KABKOTA,Jayapura,,1.14561199815,9.52170493241,4326,4,,,Jayapura,Papua,,0,,,2020-09,0.19862730302541637,9,0.19862730302541637,VIIRS DNB,nW/cm2/sr,2020,"{""type"":""MultiPoint"",""coordinates"":[]}"
80_00000000000000000003,BA03050040,,,,,,,91.05,91,2429.0300227,TASWIL5000020230907KABKOTA,Kepulauan Yapen,,0.19742592562,8.55393507975,4326,4,,,Kepulauan Yapen,Papua,,0,,,2020-09,0.14240104765640202,9,0.14240104765640202,VIIRS DNB,nW/cm2/sr,2020,"{""type"":""MultiPoint"",""coordinates"":[]}"
80_00000000000000000007,BA03050040,,,,,,,91.19,91,660.611723589,TASWIL5000020230907KABKOTA,Supiori,,0.0536731325628,3.38191482935,4326,4,,,Supiori,Papua,,0,Biak Numfor,,2020-09,0.2357246694048328,9,0.2357246694048328,VIIRS DNB,nW/cm2/sr,2020,"{""type"":""MultiPoint"",""coordinates"":[]}"
80_00000000000000000002,BA03050040,,,,,,,91.11,91,9526.3153833,TASWIL5000020230907KABKOTA,Keerom,,0.775256858574,6.07708966623,4326,4,,,Keerom,Papua,,0,Jayapura,,2020-09,0.20998790167435272,9,0.20998790167435272,VIIRS DNB,nW/cm2/sr,2020,"{""type"":""MultiPoint"",""coordinates"":[]}"
80_00000000000000000004,BA03050040,,,,,,,91.71,91,835.479147077,TASWIL5000020230907KABKOTA,Kota Jayapura,,0.0679466217871,2.36790963878,4326,5,,,Kota Jayapura,Papua,,0,Jayapura,,2020-09,1.0340753400404243,9,1.0340753400404243,VIIRS DNB,nW/cm2/sr,2020,"{""type"":""MultiPoint"",""coordinates"":[]}"
80_00000000000000000006,BA03050040,,,,,,,91.10,91,14068.3737441,TASWIL5000020230907KABKOTA,Sarmi,,1.1439791998,11.4902362416,4326,4,,,Sarmi,Papua,,0,Jayapura,,2020-09,0.15393830769618747,9,0.15393830769618747,VIIRS DNB,nW/cm2/sr,2020,"{""type"":""MultiPoint"",""coordinates"":[]}"
80_00000000000000000005,BA03050040,,,,,,,91.20,91,28042.3912459,TASWIL5000020230907KABKOTA,Mamberamo Raya,,2.28030775228,13.664376657,4326,4,,,Mamberamo Raya,Papua,,0,Sarmi,,2020-09,0.1549471248716805,9,0.1549471248716805,VIIRS DNB,nW/cm2/sr,2020,"{""type"":""MultiPoint"",""coordinates"":[]}"
80_00000000000000000008,BA03050040,,,,,,,91.15,91,10778.7667558,TASWIL5000020230907KABKOTA,Waropen,,0.876665218552,7.26174952493,4326,4,,,Waropen,Papua,,0,Yapen Waropen,,2020-09,0.15874278728428756,9,0.15874278728428756,VIIRS DNB,nW/cm2/sr,2020,"{""type"":""MultiPoint"",""coordinates"":[]}"
81_00000000000000000000,BA03050040,,,,,,,91.06,91,2257.7785726,TASWIL5000020230907KABKOTA,Biak Numfor,,0.183451690197,5.35532578171,4326,4,,,Biak Numfor,Papua,,0,,,2020-10,0.21549776564674417,10,0.21549776564674417,VIIRS DNB,nW/cm2/sr,2020,"{""type"":""MultiPoint"",""coordinates"":[]}"
81_00000000000000000001,BA03050040,,,,,,,91.03,91,14082.2122578,TASWIL5000020230907KABKOTA,Jayapura,,1.14561199815,9.52170493241,4326,4,,,Jayapura,Papua,,0,,,2020-10,0.17280808791064597,10,0.17280808791064597,VIIRS DNB,nW/cm2/sr,2020,"{""type"":""MultiPoint"",""coordinates"":[]}"
81_00000000000000000003,BA03050040,,,,,,,91.05,91,2429.0300227,TASWIL5000020230907KABKOTA,Kepulauan Yapen,,0.19742592562,8.55393507975,4326,4,,,Kepulauan Yapen,Papua,,0,,,2020-10,0.015878604642047038,10,0.015878604642047038,VIIRS DNB,nW/cm2/sr,2020,"{""type"":""MultiPoint"",""coordinates"":[]}"
81_00000000000000000007,BA03050040,,,,,,,91.19,91,660.611723589,TASWIL5000020230907KABKOTA,Supiori,,0.0536731325628,3.38191482935,4326,4,,,Supiori,Papua,,0,Biak Numfor,,2020-10,0.21952987761820356,10,0.21952987761820356,VIIRS DNB,nW/cm2/sr,2020,"{""type"":""MultiPoint"",""coordinates"":[]}"
81_00000000000000000002,BA03050040,,,,,,,91.11,91,9526.3153833,TASWIL5000020230907KABKOTA,Keerom,,0.775256858574,6.07708966623,4326,4,,,Keerom,Papua,,0,Jayapura,,2020-10,0.151526397955407,10,0.151526397955407,VIIRS DNB,nW/cm2/sr,2020,"{""type"":""MultiPoint"",""coordinates"":[]}"
81_00000000000000000004,BA03050040,,,,,,,91.71,91,835.479147077,TASWIL5000020230907KABKOTA,Kota Jayapura,,0.0679466217871,2.36790963878,4326,5,,,Kota Jayapura,Papua,,0,Jayapura,,2020-10,1.0309958498994025,10,1.0309958498994025,VIIRS DNB,nW/cm2/sr,2020,"{""type"":""MultiPoint"",""coordinates"":[]}"
81_00000000000000000006,BA03050040,,,,,,,91.10,91,14068.3737441,TASWIL5000020230907KABKOTA,Sarmi,,1.1439791998,11.4902362416,4326,4,,,Sarmi,Papua,,0,Jayapura,,2020-10,0.12570758703258028,10,0.12570758703258028,VIIRS DNB,nW/cm2/sr,2020,"{""type"":""MultiPoint"",""coordinates"":[]}"
81_00000000000000000005,BA03050040,,,,,,,91.20,91,28042.3912459,TASWIL5000020230907KABKOTA,Mamberamo Raya,,2.28030775228,13.664376657,4326,4,,,Mamberamo Raya,Papua,,0,Sarmi,,2020-10,0.11307107357986605,10,0.11307107357986605,VIIRS DNB,nW/cm2/sr,2020,"{""type"":""MultiPoint"",""coordinates"":[]}"
81_00000000000000000008,BA03050040,,,,,,,91.15,91,10778.7667558,TASWIL5000020230907KABKOTA,Waropen,,0.876665218552,7.26174952493,4326,4,,,Waropen,Papua,,0,Yapen Waropen,,2020-10,0.053297627029342654,10,0.053297627029342654,VIIRS DNB,nW/cm2/sr,2020,"{""type"":""MultiPoint"",""coordinates"":[]}"
82_00000000000000000000,BA03050040,,,,,,,91.06,91,2257.7785726,TASWIL5000020230907KABKOTA,Biak Numfor,,0.183451690197,5.35532578171,4326,4,,,Biak Numfor,Papua,,0,,,2020-11,0.3676202687213474,11,0.3676202687213474,VIIRS DNB,nW/cm2/sr,2020,"{""type"":""MultiPoint"",""coordinates"":[]}"
82_00000000000000000001,BA03050040,,,,,,,91.03,91,14082.2122578,TASWIL5000020230907KABKOTA,Jayapura,,1.14561199815,9.52170493241,4326,4,,,Jayapura,Papua,,0,,,2020-11,0.16418774898353247,11,0.16418774898353247,VIIRS DNB,nW/cm2/sr,2020,"{""type"":""MultiPoint"",""coordinates"":[]}"
82_00000000000000000003,BA03050040,,,,,,,91.05,91,2429.0300227,TASWIL5000020230907KABKOTA,Kepulauan Yapen,,0.19742592562,8.55393507975,4326,4,,,Kepulauan Yapen,Papua,,0,,,2020-11,0.23728034906141238,11,0.23728034906141238,VIIRS DNB,nW/cm2/sr,2020,"{""type"":""MultiPoint"",""coordinates"":[]}"
82_00000000000000000007,BA03050040,,,,,,,91.19,91,660.611723589,TASWIL5000020230907KABKOTA,Supiori,,0.0536731325628,3.38191482935,4326,4,,,Supiori,Papua,,0,Biak Numfor,,2020-11,0.2157095241292369,11,0.2157095241292369,VIIRS DNB,nW/cm2/sr,2020,"{""type"":""MultiPoint"",""coordinates"":[]}"
82_00000000000000000002,BA03050040,,,,,,,91.11,91,9526.3153833,TASWIL5000020230907KABKOTA,Keerom,,0.775256858574,6.07708966623,4326,4,,,Keerom,Papua,,0,Jayapura,,2020-11,0.061474163899501964,11,0.061474163899501964,VIIRS DNB,nW/cm2/sr,2020,"{""type"":""MultiPoint"",""coordinates"":[]}"
82_00000000000000000004,BA03050040,,,,,,,91.71,91,835.479147077,TASWIL5000020230907KABKOTA,Kota Jayapura,,0.0679466217871,2.36790963878,4326,5,,,Kota Jayapura,Papua,,0,Jayapura,,2020-11,0.4958703547745015,11,0.4958703547745015,VIIRS DNB,nW/cm2/sr,2020,"{""type"":""MultiPoint"",""coordinates"":[]}"
82_00000000000000000006,BA03050040,,,,,,,91.10,91,14068.3737441,TASWIL5000020230907KABKOTA,Sarmi,,1.1439791998,11.4902362416,4326,4,,,Sarmi,Papua,,0,Jayapura,,2020-11,0.13218400652395867,11,0.13218400652395867,VIIRS DNB,nW/cm2/sr,2020,"{""type"":""MultiPoint"",""coordinates"":[]}"
82_00000000000000000005,BA03050040,,,,,,,91.20,91,28042.3912459,TASWIL5000020230907KABKOTA,Mamberamo Raya,,2.28030775228,13.664376657,4326,4,,,Mamberamo Raya,Papua,,0,Sarmi,,2020-11,0.13164243275365708,11,0.13164243275365708,VIIRS DNB,nW/cm2/sr,2020,"{""type"":""MultiPoint"",""coordinates"":[]}"
82_00000000000000000008,BA03050040,,,,,,,91.15,91,10778.7667558,TASWIL5000020230907KABKOTA,Waropen,,0.876665218552,7.26174952493,4326,4,,,Waropen,Papua,,0,Yapen Waropen,,2020-11,0.14818431916563235,11,0.14818431916563235,VIIRS DNB,nW/cm2/sr,2020,"{""type"":""MultiPoint"",""coordinates"":[]}"
83_00000000000000000000,BA03050040,,,,,,,91.06,91,2257.7785726,TASWIL5000020230907KABKOTA,Biak Numfor,,0.183451690197,5.35532578171,4326,4,,,Biak Numfor,Papua,,0,,,2020-12,0.24058049167308765,12,0.24058049167308765,VIIRS DNB,nW/cm2/sr,2020,"{""type"":""MultiPoint"",""coordinates"":[]}"
83_00000000000000000001,BA03050040,,,,,,,91.03,91,14082.2122578,TASWIL5000020230907KABKOTA,Jayapura,,1.14561199815,9.52170493241,4326,4,,,Jayapura,Papua,,0,,,2020-12,0.18348884355002895,12,0.18348884355002895,VIIRS DNB,nW/cm2/sr,2020,"{""type"":""MultiPoint"",""coordinates"":[]}"
83_00000000000000000003,BA03050040,,,,,,,91.05,91,2429.0300227,TASWIL5000020230907KABKOTA,Kepulauan Yapen,,0.19742592562,8.55393507975,4326,4,,,Kepulauan Yapen,Papua,,0,,,2020-12,0.18087932217411481,12,0.18087932217411481,VIIRS DNB,nW/cm2/sr,2020,"{""type"":""MultiPoint"",""coordinates"":[]}"
83_00000000000000000007,BA03050040,,,,,,,91.19,91,660.611723589,TASWIL5000020230907KABKOTA,Supiori,,0.0536731325628,3.38191482935,4326,4,,,Supiori,Papua,,0,Biak Numfor,,2020-12,0.18622472997067466,12,0.18622472997067466,VIIRS DNB,nW/cm2/sr,2020,"{""type"":""MultiPoint"",""coordinates"":[]}"
83_00000000000000000002,BA03050040,,,,,,,91.11,91,9526.3153833,TASWIL5000020230907KABKOTA,Keerom,,0.775256858574,6.07708966623,4326,4,,,Keerom,Papua,,0,Jayapura,,2020-12,0.18964492427115062,12,0.18964492427115062,VIIRS DNB,nW/cm2/sr,2020,"{""type"":""MultiPoint"",""coordinates"":[]}"
83_00000000000000000004,BA03050040,,,,,,,91.71,91,835.479147077,TASWIL5000020230907KABKOTA,Kota Jayapura,,0.0679466217871,2.36790963878,4326,5,,,Kota Jayapura,Papua,,0,Jayapura,,2020-12,1.2006454742945363,12,1.2006454742945363,VIIRS DNB,nW/cm2/sr,2020,"{""type"":""MultiPoint"",""coordinates"":[]}"
83_00000000000000000006,BA03050040,,,,,,,91.10,91,14068.3737441,TASWIL5000020230907KABKOTA,Sarmi,,1.1439791998,11.4902362416,4326,4,,,Sarmi,Papua,,0,Jayapura,,2020-12,0.16475995420872072,12,0.16475995420872072,VIIRS DNB,nW/cm2/sr,2020,"{""type"":""MultiPoint"",""coordinates"":[]}"
83_00000000000000000005,BA03050040,,,,,,,91.20,91,28042.3912459,TASWIL5000020230907KABKOTA,Mamberamo Raya,,2.28030775228,13.664376657,4326,4,,,Mamberamo Raya,Papua,,0,Sarmi,,2020-12,0.1204370679974608,12,0.1204370679974608,VIIRS DNB,nW/cm2/sr,2020,"{""type"":""MultiPoint"",""coordinates"":[]}"
83_00000000000000000008,BA03050040,,,,,,,91.15,91,10778.7667558,TASWIL5000020230907KABKOTA,Waropen,,0.876665218552,7.26174952493,4326,4,,,Waropen,Papua,,0,Yapen Waropen,,2020-12,0.10916078654979432,12,0.10916078654979432,VIIRS DNB,nW/cm2/sr,2020,"{""type"":""MultiPoint"",""coordinates"":[]}"
84_00000000000000000000,BA03050040,,,,,,,91.06,91,2257.7785726,TASWIL5000020230907KABKOTA,Biak Numfor,,0.183451690197,5.35532578171,4326,4,,,Biak Numfor,Papua,,0,,,2021-01,0.30257819673958336,1,0.30257819673958336,VIIRS DNB,nW/cm2/sr,2021,"{""type"":""MultiPoint"",""coordinates"":[]}"
84_00000000000000000001,BA03050040,,,,,,,91.03,91,14082.2122578,TASWIL5000020230907KABKOTA,Jayapura,,1.14561199815,9.52170493241,4326,4,,,Jayapura,Papua,,0,,,2021-01,0.04145198126165999,1,0.04145198126165999,VIIRS DNB,nW/cm2/sr,2021,"{""type"":""MultiPoint"",""coordinates"":[]}"
84_00000000000000000003,BA03050040,,,,,,,91.05,91,2429.0300227,TASWIL5000020230907KABKOTA,Kepulauan Yapen,,0.19742592562,8.55393507975,4326,4,,,Kepulauan Yapen,Papua,,0,,,2021-01,0.002101766392078823,1,0.002101766392078823,VIIRS DNB,nW/cm2/sr,2021,"{""type"":""MultiPoint"",""coordinates"":[]}"
84_00000000000000000007,BA03050040,,,,,,,91.19,91,660.611723589,TASWIL5000020230907KABKOTA,Supiori,,0.0536731325628,3.38191482935,4326,4,,,Supiori,Papua,,0,Biak Numfor,,2021-01,0.12482851806683404,1,0.12482851806683404,VIIRS DNB,nW/cm2/sr,2021,"{""type"":""MultiPoint"",""coordinates"":[]}"
84_00000000000000000002,BA03050040,,,,,,,91.11,91,9526.3153833,TASWIL5000020230907KABKOTA,Keerom,,0.775256858574,6.07708966623,4326,4,,,Keerom,Papua,,0,Jayapura,,2021-01,0.028445098563196464,1,0.028445098563196464,VIIRS DNB,nW/cm2/sr,2021,"{""type"":""MultiPoint"",""coordinates"":[]}"
84_00000000000000000004,BA03050040,,,,,,,91.71,91,835.479147077,TASWIL5000020230907KABKOTA,Kota Jayapura,,0.0679466217871,2.36790963878,4326,5,,,Kota Jayapura,Papua,,0,Jayapura,,2021-01,0.5557289342563724,1,0.5557289342563724,VIIRS DNB,nW/cm2/sr,2021,"{""type"":""MultiPoint"",""coordinates"":[]}"
84_00000000000000000006,BA03050040,,,,,,,91.10,91,14068.3737441,TASWIL5000020230907KABKOTA,Sarmi,,1.1439791998,11.4902362416,4326,4,,,Sarmi,Papua,,0,Jayapura,,2021-01,0.02484242990725744,1,0.02484242990725744,VIIRS DNB,nW/cm2/sr,2021,"{""type"":""MultiPoint"",""coordinates"":[]}"
84_00000000000000000005,BA03050040,,,,,,,91.20,91,28042.3912459,TASWIL5000020230907KABKOTA,Mamberamo Raya,,2.28030775228,13.664376657,4326,4,,,Mamberamo Raya,Papua,,0,Sarmi,,2021-01,0.02353678712233123,1,0.02353678712233123,VIIRS DNB,nW/cm2/sr,2021,"{""type"":""MultiPoint"",""coordinates"":[]}"
84_00000000000000000008,BA03050040,,,,,,,91.15,91,10778.7667558,TASWIL5000020230907KABKOTA,Waropen,,0.876665218552,7.26174952493,4326,4,,,Waropen,Papua,,0,Yapen Waropen,,2021-01,9.580037677413006E-4,1,9.580037677413006E-4,VIIRS DNB,nW/cm2/sr,2021,"{""type"":""MultiPoint"",""coordinates"":[]}"
85_00000000000000000000,BA03050040,,,,,,,91.06,91,2257.7785726,TASWIL5000020230907KABKOTA,Biak Numfor,,0.183451690197,5.35532578171,4326,4,,,Biak Numfor,Papua,,0,,,2021-02,0.06891515193930141,2,0.06891515193930141,VIIRS DNB,nW/cm2/sr,2021,"{""type"":""MultiPoint"",""coordinates"":[]}"
85_00000000000000000001,BA03050040,,,,,,,91.03,91,14082.2122578,TASWIL5000020230907KABKOTA,Jayapura,,1.14561199815,9.52170493241,4326,4,,,Jayapura,Papua,,0,,,2021-02,0.05567996310404681,2,0.05567996310404681,VIIRS DNB,nW/cm2/sr,2021,"{""type"":""MultiPoint"",""coordinates"":[]}"
85_00000000000000000003,BA03050040,,,,,,,91.05,91,2429.0300227,TASWIL5000020230907KABKOTA,Kepulauan Yapen,,0.19742592562,8.55393507975,4326,4,,,Kepulauan Yapen,Papua,,0,,,2021-02,0.030788549726331226,2,0.030788549726331226,VIIRS DNB,nW/cm2/sr,2021,"{""type"":""MultiPoint"",""coordinates"":[]}"
85_00000000000000000007,BA03050040,,,,,,,91.19,91,660.611723589,TASWIL5000020230907KABKOTA,Supiori,,0.0536731325628,3.38191482935,4326,4,,,Supiori,Papua,,0,Biak Numfor,,2021-02,0.0022099911591787307,2,0.0022099911591787307,VIIRS DNB,nW/cm2/sr,2021,"{""type"":""MultiPoint"",""coordinates"":[]}"
85_00000000000000000002,BA03050040,,,,,,,91.11,91,9526.3153833,TASWIL5000020230907KABKOTA,Keerom,,0.775256858574,6.07708966623,4326,4,,,Keerom,Papua,,0,Jayapura,,2021-02,0.06370181934047729,2,0.06370181934047729,VIIRS DNB,nW/cm2/sr,2021,"{""type"":""MultiPoint"",""coordinates"":[]}"
85_00000000000000000004,BA03050040,,,,,,,91.71,91,835.479147077,TASWIL5000020230907KABKOTA,Kota Jayapura,,0.0679466217871,2.36790963878,4326,5,,,Kota Jayapura,Papua,,0,Jayapura,,2021-02,0.012139538983322892,2,0.012139538983322892,VIIRS DNB,nW/cm2/sr,2021,"{""type"":""MultiPoint"",""coordinates"":[]}"
85_00000000000000000006,BA03050040,,,,,,,91.10,91,14068.3737441,TASWIL5000020230907KABKOTA,Sarmi,,1.1439791998,11.4902362416,4326,4,,,Sarmi,Papua,,0,Jayapura,,2021-02,0.01309545983319061,2,0.01309545983319061,VIIRS DNB,nW/cm2/sr,2021,"{""type"":""MultiPoint"",""coordinates"":[]}"
85_00000000000000000005,BA03050040,,,,,,,91.20,91,28042.3912459,TASWIL5000020230907KABKOTA,Mamberamo Raya,,2.28030775228,13.664376657,4326,4,,,Mamberamo Raya,Papua,,0,Sarmi,,2021-02,0.021341660532794737,2,0.021341660532794737,VIIRS DNB,nW/cm2/sr,2021,"{""type"":""MultiPoint"",""coordinates"":[]}"
85_00000000000000000008,BA03050040,,,,,,,91.15,91,10778.7667558,TASWIL5000020230907KABKOTA,Waropen,,0.876665218552,7.26174952493,4326,4,,,Waropen,Papua,,0,Yapen Waropen,,2021-02,0.0017606002808162127,2,0.0017606002808162127,VIIRS DNB,nW/cm2/sr,2021,"{""type"":""MultiPoint"",""coordinates"":[]}"
86_00000000000000000000,BA03050040,,,,,,,91.06,91,2257.7785726,TASWIL5000020230907KABKOTA,Biak Numfor,,0.183451690197,5.35532578171,4326,4,,,Biak Numfor,Papua,,0,,,2021-03,0.4366677590755461,3,0.4366677590755461,VIIRS DNB,nW/cm2/sr,2021,"{""type"":""MultiPoint"",""coordinates"":[]}"
86_00000000000000000001,BA03050040,,,,,,,91.03,91,14082.2122578,TASWIL5000020230907KABKOTA,Jayapura,,1.14561199815,9.52170493241,4326,4,,,Jayapura,Papua,,0,,,2021-03,0.23102064241585504,3,0.23102064241585504,VIIRS DNB,nW/cm2/sr,2021,"{""type"":""MultiPoint"",""coordinates"":[]}"
86_00000000000000000003,BA03050040,,,,,,,91.05,91,2429.0300227,TASWIL5000020230907KABKOTA,Kepulauan Yapen,,0.19742592562,8.55393507975,4326,4,,,Kepulauan Yapen,Papua,,0,,,2021-03,0.042054012928677775,3,0.042054012928677775,VIIRS DNB,nW/cm2/sr,2021,"{""type"":""MultiPoint"",""coordinates"":[]}"
86_00000000000000000007,BA03050040,,,,,,,91.19,91,660.611723589,TASWIL5000020230907KABKOTA,Supiori,,0.0536731325628,3.38191482935,4326,4,,,Supiori,Papua,,0,Biak Numfor,,2021-03,0.33206345046868113,3,0.33206345046868113,VIIRS DNB,nW/cm2/sr,2021,"{""type"":""MultiPoint"",""coordinates"":[]}"
86_00000000000000000002,BA03050040,,,,,,,91.11,91,9526.3153833,TASWIL5000020230907KABKOTA,Keerom,,0.775256858574,6.07708966623,4326,4,,,Keerom,Papua,,0,Jayapura,,2021-03,0.24439488013543612,3,0.24439488013543612,VIIRS DNB,nW/cm2/sr,2021,"{""type"":""MultiPoint"",""coordinates"":[]}"
86_00000000000000000004,BA03050040,,,,,,,91.71,91,835.479147077,TASWIL5000020230907KABKOTA,Kota Jayapura,,0.0679466217871,2.36790963878,4326,5,,,Kota Jayapura,Papua,,0,Jayapura,,2021-03,1.1319691660168978,3,1.1319691660168978,VIIRS DNB,nW/cm2/sr,2021,"{""type"":""MultiPoint"",""coordinates"":[]}"
86_00000000000000000006,BA03050040,,,,,,,91.10,91,14068.3737441,TASWIL5000020230907KABKOTA,Sarmi,,1.1439791998,11.4902362416,4326,4,,,Sarmi,Papua,,0,Jayapura,,2021-03,0.23867402440449317,3,0.23867402440449317,VIIRS DNB,nW/cm2/sr,2021,"{""type"":""MultiPoint"",""coordinates"":[]}"
86_00000000000000000005,BA03050040,,,,,,,91.20,91,28042.3912459,TASWIL5000020230907KABKOTA,Mamberamo Raya,,2.28030775228,13.664376657,4326,4,,,Mamberamo Raya,Papua,,0,Sarmi,,2021-03,0.11184696637916365,3,0.11184696637916365,VIIRS DNB,nW/cm2/sr,2021,"{""type"":""MultiPoint"",""coordinates"":[]}"
86_00000000000000000008,BA03050040,,,,,,,91.15,91,10778.7667558,TASWIL5000020230907KABKOTA,Waropen,,0.876665218552,7.26174952493,4326,4,,,Waropen,Papua,,0,Yapen Waropen,,2021-03,0.10066741658762943,3,0.10066741658762943,VIIRS DNB,nW/cm2/sr,2021,"{""type"":""MultiPoint"",""coordinates"":[]}"
87_00000000000000000000,BA03050040,,,,,,,91.06,91,2257.7785726,TASWIL5000020230907KABKOTA,Biak Numfor,,0.183451690197,5.35532578171,4326,4,,,Biak Numfor,Papua,,0,,,2021-04,0.43119415610467376,4,0.43119415610467376,VIIRS DNB,nW/cm2/sr,2021,"{""type"":""MultiPoint"",""coordinates"":[]}"
87_00000000000000000001,BA03050040,,,,,,,91.03,91,14082.2122578,TASWIL5000020230907KABKOTA,Jayapura,,1.14561199815,9.52170493241,4326,4,,,Jayapura,Papua,,0,,,2021-04,0.25358236868408784,4,0.25358236868408784,VIIRS DNB,nW/cm2/sr,2021,"{""type"":""MultiPoint"",""coordinates"":[]}"
87_00000000000000000003,BA03050040,,,,,,,91.05,91,2429.0300227,TASWIL5000020230907KABKOTA,Kepulauan Yapen,,0.19742592562,8.55393507975,4326,4,,,Kepulauan Yapen,Papua,,0,,,2021-04,0.31189135411243124,4,0.31189135411243124,VIIRS DNB,nW/cm2/sr,2021,"{""type"":""MultiPoint"",""coordinates"":[]}"
87_00000000000000000007,BA03050040,,,,,,,91.19,91,660.611723589,TASWIL5000020230907KABKOTA,Supiori,,0.0536731325628,3.38191482935,4326,4,,,Supiori,Papua,,0,Biak Numfor,,2021-04,0.24371474675620894,4,0.24371474675620894,VIIRS DNB,nW/cm2/sr,2021,"{""type"":""MultiPoint"",""coordinates"":[]}"
87_00000000000000000002,BA03050040,,,,,,,91.11,91,9526.3153833,TASWIL5000020230907KABKOTA,Keerom,,0.775256858574,6.07708966623,4326,4,,,Keerom,Papua,,0,Jayapura,,2021-04,0.24383081242207058,4,0.24383081242207058,VIIRS DNB,nW/cm2/sr,2021,"{""type"":""MultiPoint"",""coordinates"":[]}"
87_00000000000000000004,BA03050040,,,,,,,91.71,91,835.479147077,TASWIL5000020230907KABKOTA,Kota Jayapura,,0.0679466217871,2.36790963878,4326,5,,,Kota Jayapura,Papua,,0,Jayapura,,2021-04,0.05670473143717911,4,0.05670473143717911,VIIRS DNB,nW/cm2/sr,2021,"{""type"":""MultiPoint"",""coordinates"":[]}"
87_00000000000000000006,BA03050040,,,,,,,91.10,91,14068.3737441,TASWIL5000020230907KABKOTA,Sarmi,,1.1439791998,11.4902362416,4326,4,,,Sarmi,Papua,,0,Jayapura,,2021-04,0.1491090895549338,4,0.1491090895549338,VIIRS DNB,nW/cm2/sr,2021,"{""type"":""MultiPoint"",""coordinates"":[]}"
87_00000000000000000005,BA03050040,,,,,,,91.20,91,28042.3912459,TASWIL5000020230907KABKOTA,Mamberamo Raya,,2.28030775228,13.664376657,4326,4,,,Mamberamo Raya,Papua,,0,Sarmi,,2021-04,0.1605139049458292,4,0.1605139049458292,VIIRS DNB,nW/cm2/sr,2021,"{""type"":""MultiPoint"",""coordinates"":[]}"
87_00000000000000000008,BA03050040,,,,,,,91.15,91,10778.7667558,TASWIL5000020230907KABKOTA,Waropen,,0.876665218552,7.26174952493,4326,4,,,Waropen,Papua,,0,Yapen Waropen,,2021-04,0.2647824032059362,4,0.2647824032059362,VIIRS DNB,nW/cm2/sr,2021,"{""type"":""MultiPoint"",""coordinates"":[]}"
88_00000000000000000000,BA03050040,,,,,,,91.06,91,2257.7785726,TASWIL5000020230907KABKOTA,Biak Numfor,,0.183451690197,5.35532578171,4326,4,,,Biak Numfor,Papua,,0,,,2021-05,0.45777794323394555,5,0.45777794323394555,VIIRS DNB,nW/cm2/sr,2021,"{""type"":""MultiPoint"",""coordinates"":[]}"
88_00000000000000000001,BA03050040,,,,,,,91.03,91,14082.2122578,TASWIL5000020230907KABKOTA,Jayapura,,1.14561199815,9.52170493241,4326,4,,,Jayapura,Papua,,0,,,2021-05,0.19287312609623444,5,0.19287312609623444,VIIRS DNB,nW/cm2/sr,2021,"{""type"":""MultiPoint"",""coordinates"":[]}"
88_00000000000000000003,BA03050040,,,,,,,91.05,91,2429.0300227,TASWIL5000020230907KABKOTA,Kepulauan Yapen,,0.19742592562,8.55393507975,4326,4,,,Kepulauan Yapen,Papua,,0,,,2021-05,0.28599713451681347,5,0.28599713451681347,VIIRS DNB,nW/cm2/sr,2021,"{""type"":""MultiPoint"",""coordinates"":[]}"
88_00000000000000000007,BA03050040,,,,,,,91.19,91,660.611723589,TASWIL5000020230907KABKOTA,Supiori,,0.0536731325628,3.38191482935,4326,4,,,Supiori,Papua,,0,Biak Numfor,,2021-05,0.35736266698427066,5,0.35736266698427066,VIIRS DNB,nW/cm2/sr,2021,"{""type"":""MultiPoint"",""coordinates"":[]}"
88_00000000000000000002,BA03050040,,,,,,,91.11,91,9526.3153833,TASWIL5000020230907KABKOTA,Keerom,,0.775256858574,6.07708966623,4326,4,,,Keerom,Papua,,0,Jayapura,,2021-05,0.2569119706199393,5,0.2569119706199393,VIIRS DNB,nW/cm2/sr,2021,"{""type"":""MultiPoint"",""coordinates"":[]}"
88_00000000000000000004,BA03050040,,,,,,,91.71,91,835.479147077,TASWIL5000020230907KABKOTA,Kota Jayapura,,0.0679466217871,2.36790963878,4326,5,,,Kota Jayapura,Papua,,0,Jayapura,,2021-05,0.9899979046170179,5,0.9899979046170179,VIIRS DNB,nW/cm2/sr,2021,"{""type"":""MultiPoint"",""coordinates"":[]}"
88_00000000000000000006,BA03050040,,,,,,,91.10,91,14068.3737441,TASWIL5000020230907KABKOTA,Sarmi,,1.1439791998,11.4902362416,4326,4,,,Sarmi,Papua,,0,Jayapura,,2021-05,0.11872627467338039,5,0.11872627467338039,VIIRS DNB,nW/cm2/sr,2021,"{""type"":""MultiPoint"",""coordinates"":[]}"
88_00000000000000000005,BA03050040,,,,,,,91.20,91,28042.3912459,TASWIL5000020230907KABKOTA,Mamberamo Raya,,2.28030775228,13.664376657,4326,4,,,Mamberamo Raya,Papua,,0,Sarmi,,2021-05,0.152876936907211,5,0.152876936907211,VIIRS DNB,nW/cm2/sr,2021,"{""type"":""MultiPoint"",""coordinates"":[]}"
88_00000000000000000008,BA03050040,,,,,,,91.15,91,10778.7667558,TASWIL5000020230907KABKOTA,Waropen,,0.876665218552,7.26174952493,4326,4,,,Waropen,Papua,,0,Yapen Waropen,,2021-05,0.1842844806811672,5,0.1842844806811672,VIIRS DNB,nW/cm2/sr,2021,"{""type"":""MultiPoint"",""coordinates"":[]}"
89_00000000000000000000,BA03050040,,,,,,,91.06,91,2257.7785726,TASWIL5000020230907KABKOTA,Biak Numfor,,0.183451690197,5.35532578171,4326,4,,,Biak Numfor,Papua,,0,,,2021-06,0.3470180921214521,6,0.3470180921214521,VIIRS DNB,nW/cm2/sr,2021,"{""type"":""MultiPoint"",""coordinates"":[]}"
89_00000000000000000001,BA03050040,,,,,,,91.03,91,14082.2122578,TASWIL5000020230907KABKOTA,Jayapura,,1.14561199815,9.52170493241,4326,4,,,Jayapura,Papua,,0,,,2021-06,0.20672720440673498,6,0.20672720440673498,VIIRS DNB,nW/cm2/sr,2021,"{""type"":""MultiPoint"",""coordinates"":[]}"
89_00000000000000000003,BA03050040,,,,,,,91.05,91,2429.0300227,TASWIL5000020230907KABKOTA,Kepulauan Yapen,,0.19742592562,8.55393507975,4326,4,,,Kepulauan Yapen,Papua,,0,,,2021-06,0.20407843259198555,6,0.20407843259198555,VIIRS DNB,nW/cm2/sr,2021,"{""type"":""MultiPoint"",""coordinates"":[]}"
89_00000000000000000007,BA03050040,,,,,,,91.19,91,660.611723589,TASWIL5000020230907KABKOTA,Supiori,,0.0536731325628,3.38191482935,4326,4,,,Supiori,Papua,,0,Biak Numfor,,2021-06,0.2287291175644828,6,0.2287291175644828,VIIRS DNB,nW/cm2/sr,2021,"{""type"":""MultiPoint"",""coordinates"":[]}"
89_00000000000000000002,BA03050040,,,,,,,91.11,91,9526.3153833,TASWIL5000020230907KABKOTA,Keerom,,0.775256858574,6.07708966623,4326,4,,,Keerom,Papua,,0,Jayapura,,2021-06,0.1938992705599619,6,0.1938992705599619,VIIRS DNB,nW/cm2/sr,2021,"{""type"":""MultiPoint"",""coordinates"":[]}"
89_00000000000000000004,BA03050040,,,,,,,91.71,91,835.479147077,TASWIL5000020230907KABKOTA,Kota Jayapura,,0.0679466217871,2.36790963878,4326,5,,,Kota Jayapura,Papua,,0,Jayapura,,2021-06,1.0247520538991972,6,1.0247520538991972,VIIRS DNB,nW/cm2/sr,2021,"{""type"":""MultiPoint"",""coordinates"":[]}"
89_00000000000000000006,BA03050040,,,,,,,91.10,91,14068.3737441,TASWIL5000020230907KABKOTA,Sarmi,,1.1439791998,11.4902362416,4326,4,,,Sarmi,Papua,,0,Jayapura,,2021-06,0.16526484580094308,6,0.16526484580094308,VIIRS DNB,nW/cm2/sr,2021,"{""type"":""MultiPoint"",""coordinates"":[]}"
89_00000000000000000005,BA03050040,,,,,,,91.20,91,28042.3912459,TASWIL5000020230907KABKOTA,Mamberamo Raya,,2.28030775228,13.664376657,4326,4,,,Mamberamo Raya,Papua,,0,Sarmi,,2021-06,0.17182138932958013,6,0.17182138932958013,VIIRS DNB,nW/cm2/sr,2021,"{""type"":""MultiPoint"",""coordinates"":[]}"
89_00000000000000000008,BA03050040,,,,,,,91.15,91,10778.7667558,TASWIL5000020230907KABKOTA,Waropen,,0.876665218552,7.26174952493,4326,4,,,Waropen,Papua,,0,Yapen Waropen,,2021-06,0.15865680260701648,6,0.15865680260701648,VIIRS DNB,nW/cm2/sr,2021,"{""type"":""MultiPoint"",""coordinates"":[]}"
90_00000000000000000000,BA03050040,,,,,,,91.06,91,2257.7785726,TASWIL5000020230907KABKOTA,Biak Numfor,,0.183451690197,5.35532578171,4326,4,,,Biak Numfor,Papua,,0,,,2021-07,0.5951387180137242,7,0.5951387180137242,VIIRS DNB,nW/cm2/sr,2021,"{""type"":""MultiPoint"",""coordinates"":[]}"
90_00000000000000000001,BA03050040,,,,,,,91.03,91,14082.2122578,TASWIL5000020230907KABKOTA,Jayapura,,1.14561199815,9.52170493241,4326,4,,,Jayapura,Papua,,0,,,2021-07,0.2413332293099035,7,0.2413332293099035,VIIRS DNB,nW/cm2/sr,2021,"{""type"":""MultiPoint"",""coordinates"":[]}"
90_00000000000000000003,BA03050040,,,,,,,91.05,91,2429.0300227,TASWIL5000020230907KABKOTA,Kepulauan Yapen,,0.19742592562,8.55393507975,4326,4,,,Kepulauan Yapen,Papua,,0,,,2021-07,0.5274331175840293,7,0.5274331175840293,VIIRS DNB,nW/cm2/sr,2021,"{""type"":""MultiPoint"",""coordinates"":[]}"
90_00000000000000000007,BA03050040,,,,,,,91.19,91,660.611723589,TASWIL5000020230907KABKOTA,Supiori,,0.0536731325628,3.38191482935,4326,4,,,Supiori,Papua,,0,Biak Numfor,,2021-07,0.33773400237864776,7,0.33773400237864776,VIIRS DNB,nW/cm2/sr,2021,"{""type"":""MultiPoint"",""coordinates"":[]}"
90_00000000000000000002,BA03050040,,,,,,,91.11,91,9526.3153833,TASWIL5000020230907KABKOTA,Keerom,,0.775256858574,6.07708966623,4326,4,,,Keerom,Papua,,0,Jayapura,,2021-07,0.2204942389693657,7,0.2204942389693657,VIIRS DNB,nW/cm2/sr,2021,"{""type"":""MultiPoint"",""coordinates"":[]}"
90_00000000000000000004,BA03050040,,,,,,,91.71,91,835.479147077,TASWIL5000020230907KABKOTA,Kota Jayapura,,0.0679466217871,2.36790963878,4326,5,,,Kota Jayapura,Papua,,0,Jayapura,,2021-07,1.1157408812101115,7,1.1157408812101115,VIIRS DNB,nW/cm2/sr,2021,"{""type"":""MultiPoint"",""coordinates"":[]}"
90_00000000000000000006,BA03050040,,,,,,,91.10,91,14068.3737441,TASWIL5000020230907KABKOTA,Sarmi,,1.1439791998,11.4902362416,4326,4,,,Sarmi,Papua,,0,Jayapura,,2021-07,0.21486827816554185,7,0.21486827816554185,VIIRS DNB,nW/cm2/sr,2021,"{""type"":""MultiPoint"",""coordinates"":[]}"
90_00000000000000000005,BA03050040,,,,,,,91.20,91,28042.3912459,TASWIL5000020230907KABKOTA,Mamberamo Raya,,2.28030775228,13.664376657,4326,4,,,Mamberamo Raya,Papua,,0,Sarmi,,2021-07,0.24184695155690836,7,0.24184695155690836,VIIRS DNB,nW/cm2/sr,2021,"{""type"":""MultiPoint"",""coordinates"":[]}"
90_00000000000000000008,BA03050040,,,,,,,91.15,91,10778.7667558,TASWIL5000020230907KABKOTA,Waropen,,0.876665218552,7.26174952493,4326,4,,,Waropen,Papua,,0,Yapen Waropen,,2021-07,0.31488034911173735,7,0.31488034911173735,VIIRS DNB,nW/cm2/sr,2021,"{""type"":""MultiPoint"",""coordinates"":[]}"
91_00000000000000000000,BA03050040,,,,,,,91.06,91,2257.7785726,TASWIL5000020230907KABKOTA,Biak Numfor,,0.183451690197,5.35532578171,4326,4,,,Biak Numfor,Papua,,0,,,2021-08,0.4176215372512942,8,0.4176215372512942,VIIRS DNB,nW/cm2/sr,2021,"{""type"":""MultiPoint"",""coordinates"":[]}"
91_00000000000000000001,BA03050040,,,,,,,91.03,91,14082.2122578,TASWIL5000020230907KABKOTA,Jayapura,,1.14561199815,9.52170493241,4326,4,,,Jayapura,Papua,,0,,,2021-08,0.3007795951004843,8,0.3007795951004843,VIIRS DNB,nW/cm2/sr,2021,"{""type"":""MultiPoint"",""coordinates"":[]}"
91_00000000000000000003,BA03050040,,,,,,,91.05,91,2429.0300227,TASWIL5000020230907KABKOTA,Kepulauan Yapen,,0.19742592562,8.55393507975,4326,4,,,Kepulauan Yapen,Papua,,0,,,2021-08,0.23325336225653848,8,0.23325336225653848,VIIRS DNB,nW/cm2/sr,2021,"{""type"":""MultiPoint"",""coordinates"":[]}"
91_00000000000000000007,BA03050040,,,,,,,91.19,91,660.611723589,TASWIL5000020230907KABKOTA,Supiori,,0.0536731325628,3.38191482935,4326,4,,,Supiori,Papua,,0,Biak Numfor,,2021-08,0.28866465244287665,8,0.28866465244287665,VIIRS DNB,nW/cm2/sr,2021,"{""type"":""MultiPoint"",""coordinates"":[]}"
91_00000000000000000002,BA03050040,,,,,,,91.11,91,9526.3153833,TASWIL5000020230907KABKOTA,Keerom,,0.775256858574,6.07708966623,4326,4,,,Keerom,Papua,,0,Jayapura,,2021-08,0.2750164023993158,8,0.2750164023993158,VIIRS DNB,nW/cm2/sr,2021,"{""type"":""MultiPoint"",""coordinates"":[]}"
91_00000000000000000004,BA03050040,,,,,,,91.71,91,835.479147077,TASWIL5000020230907KABKOTA,Kota Jayapura,,0.0679466217871,2.36790963878,4326,5,,,Kota Jayapura,Papua,,0,Jayapura,,2021-08,1.1666751871298882,8,1.1666751871298882,VIIRS DNB,nW/cm2/sr,2021,"{""type"":""MultiPoint"",""coordinates"":[]}"
91_00000000000000000006,BA03050040,,,,,,,91.10,91,14068.3737441,TASWIL5000020230907KABKOTA,Sarmi,,1.1439791998,11.4902362416,4326,4,,,Sarmi,Papua,,0,Jayapura,,2021-08,0.2464495022530593,8,0.2464495022530593,VIIRS DNB,nW/cm2/sr,2021,"{""type"":""MultiPoint"",""coordinates"":[]}"
91_00000000000000000005,BA03050040,,,,,,,91.20,91,28042.3912459,TASWIL5000020230907KABKOTA,Mamberamo Raya,,2.28030775228,13.664376657,4326,4,,,Mamberamo Raya,Papua,,0,Sarmi,,2021-08,0.24911487388470563,8,0.24911487388470563,VIIRS DNB,nW/cm2/sr,2021,"{""type"":""MultiPoint"",""coordinates"":[]}"
91_00000000000000000008,BA03050040,,,,,,,91.15,91,10778.7667558,TASWIL5000020230907KABKOTA,Waropen,,0.876665218552,7.26174952493,4326,4,,,Waropen,Papua,,0,Yapen Waropen,,2021-08,0.2776551359766017,8,0.2776551359766017,VIIRS DNB,nW/cm2/sr,2021,"{""type"":""MultiPoint"",""coordinates"":[]}"
92_00000000000000000000,BA03050040,,,,,,,91.06,91,2257.7785726,TASWIL5000020230907KABKOTA,Biak Numfor,,0.183451690197,5.35532578171,4326,4,,,Biak Numfor,Papua,,0,,,2021-09,0.2473363730323389,9,0.2473363730323389,VIIRS DNB,nW/cm2/sr,2021,"{""type"":""MultiPoint"",""coordinates"":[]}"
92_00000000000000000001,BA03050040,,,,,,,91.03,91,14082.2122578,TASWIL5000020230907KABKOTA,Jayapura,,1.14561199815,9.52170493241,4326,4,,,Jayapura,Papua,,0,,,2021-09,0.18153518566380228,9,0.18153518566380228,VIIRS DNB,nW/cm2/sr,2021,"{""type"":""MultiPoint"",""coordinates"":[]}"
92_00000000000000000003,BA03050040,,,,,,,91.05,91,2429.0300227,TASWIL5000020230907KABKOTA,Kepulauan Yapen,,0.19742592562,8.55393507975,4326,4,,,Kepulauan Yapen,Papua,,0,,,2021-09,0.16541442351244387,9,0.16541442351244387,VIIRS DNB,nW/cm2/sr,2021,"{""type"":""MultiPoint"",""coordinates"":[]}"
92_00000000000000000007,BA03050040,,,,,,,91.19,91,660.611723589,TASWIL5000020230907KABKOTA,Supiori,,0.0536731325628,3.38191482935,4326,4,,,Supiori,Papua,,0,Biak Numfor,,2021-09,0.19657934044985467,9,0.19657934044985467,VIIRS DNB,nW/cm2/sr,2021,"{""type"":""MultiPoint"",""coordinates"":[]}"
92_00000000000000000002,BA03050040,,,,,,,91.11,91,9526.3153833,TASWIL5000020230907KABKOTA,Keerom,,0.775256858574,6.07708966623,4326,4,,,Keerom,Papua,,0,Jayapura,,2021-09,0.1473847352024516,9,0.1473847352024516,VIIRS DNB,nW/cm2/sr,2021,"{""type"":""MultiPoint"",""coordinates"":[]}"
92_00000000000000000004,BA03050040,,,,,,,91.71,91,835.479147077,TASWIL5000020230907KABKOTA,Kota Jayapura,,0.0679466217871,2.36790963878,4326,5,,,Kota Jayapura,Papua,,0,Jayapura,,2021-09,1.2437915584370682,9,1.2437915584370682,VIIRS DNB,nW/cm2/sr,2021,"{""type"":""MultiPoint"",""coordinates"":[]}"
92_00000000000000000006,BA03050040,,,,,,,91.10,91,14068.3737441,TASWIL5000020230907KABKOTA,Sarmi,,1.1439791998,11.4902362416,4326,4,,,Sarmi,Papua,,0,Jayapura,,2021-09,0.12051885444015815,9,0.12051885444015815,VIIRS DNB,nW/cm2/sr,2021,"{""type"":""MultiPoint"",""coordinates"":[]}"
92_00000000000000000005,BA03050040,,,,,,,91.20,91,28042.3912459,TASWIL5000020230907KABKOTA,Mamberamo Raya,,2.28030775228,13.664376657,4326,4,,,Mamberamo Raya,Papua,,0,Sarmi,,2021-09,0.11901938238526157,9,0.11901938238526157,VIIRS DNB,nW/cm2/sr,2021,"{""type"":""MultiPoint"",""coordinates"":[]}"
92_00000000000000000008,BA03050040,,,,,,,91.15,91,10778.7667558,TASWIL5000020230907KABKOTA,Waropen,,0.876665218552,7.26174952493,4326,4,,,Waropen,Papua,,0,Yapen Waropen,,2021-09,0.12379294517066718,9,0.12379294517066718,VIIRS DNB,nW/cm2/sr,2021,"{""type"":""MultiPoint"",""coordinates"":[]}"
93_00000000000000000000,BA03050040,,,,,,,91.06,91,2257.7785726,TASWIL5000020230907KABKOTA,Biak Numfor,,0.183451690197,5.35532578171,4326,4,,,Biak Numfor,Papua,,0,,,2021-10,0.4053123410829362,10,0.4053123410829362,VIIRS DNB,nW/cm2/sr,2021,"{""type"":""MultiPoint"",""coordinates"":[]}"
93_00000000000000000001,BA03050040,,,,,,,91.03,91,14082.2122578,TASWIL5000020230907KABKOTA,Jayapura,,1.14561199815,9.52170493241,4326,4,,,Jayapura,Papua,,0,,,2021-10,0.26508709243585776,10,0.26508709243585776,VIIRS DNB,nW/cm2/sr,2021,"{""type"":""MultiPoint"",""coordinates"":[]}"
93_00000000000000000003,BA03050040,,,,,,,91.05,91,2429.0300227,TASWIL5000020230907KABKOTA,Kepulauan Yapen,,0.19742592562,8.55393507975,4326,4,,,Kepulauan Yapen,Papua,,0,,,2021-10,0.10481559270149741,10,0.10481559270149741,VIIRS DNB,nW/cm2/sr,2021,"{""type"":""MultiPoint"",""coordinates"":[]}"
93_00000000000000000007,BA03050040,,,,,,,91.19,91,660.611723589,TASWIL5000020230907KABKOTA,Supiori,,0.0536731325628,3.38191482935,4326,4,,,Supiori,Papua,,0,Biak Numfor,,2021-10,0.24627856637817477,10,0.24627856637817477,VIIRS DNB,nW/cm2/sr,2021,"{""type"":""MultiPoint"",""coordinates"":[]}"
93_00000000000000000002,BA03050040,,,,,,,91.11,91,9526.3153833,TASWIL5000020230907KABKOTA,Keerom,,0.775256858574,6.07708966623,4326,4,,,Keerom,Papua,,0,Jayapura,,2021-10,0.22788893458172202,10,0.22788893458172202,VIIRS DNB,nW/cm2/sr,2021,"{""type"":""MultiPoint"",""coordinates"":[]}"
93_00000000000000000004,BA03050040,,,,,,,91.71,91,835.479147077,TASWIL5000020230907KABKOTA,Kota Jayapura,,0.0679466217871,2.36790963878,4326,5,,,Kota Jayapura,Papua,,0,Jayapura,,2021-10,1.1293038202705223,10,1.1293038202705223,VIIRS DNB,nW/cm2/sr,2021,"{""type"":""MultiPoint"",""coordinates"":[]}"
93_00000000000000000006,BA03050040,,,,,,,91.10,91,14068.3737441,TASWIL5000020230907KABKOTA,Sarmi,,1.1439791998,11.4902362416,4326,4,,,Sarmi,Papua,,0,Jayapura,,2021-10,0.2147402489920278,10,0.2147402489920278,VIIRS DNB,nW/cm2/sr,2021,"{""type"":""MultiPoint"",""coordinates"":[]}"
93_00000000000000000005,BA03050040,,,,,,,91.20,91,28042.3912459,TASWIL5000020230907KABKOTA,Mamberamo Raya,,2.28030775228,13.664376657,4326,4,,,Mamberamo Raya,Papua,,0,Sarmi,,2021-10,0.1849785708720589,10,0.1849785708720589,VIIRS DNB,nW/cm2/sr,2021,"{""type"":""MultiPoint"",""coordinates"":[]}"
93_00000000000000000008,BA03050040,,,,,,,91.15,91,10778.7667558,TASWIL5000020230907KABKOTA,Waropen,,0.876665218552,7.26174952493,4326,4,,,Waropen,Papua,,0,Yapen Waropen,,2021-10,0.1455057679353683,10,0.1455057679353683,VIIRS DNB,nW/cm2/sr,2021,"{""type"":""MultiPoint"",""coordinates"":[]}"
94_00000000000000000000,BA03050040,,,,,,,91.06,91,2257.7785726,TASWIL5000020230907KABKOTA,Biak Numfor,,0.183451690197,5.35532578171,4326,4,,,Biak Numfor,Papua,,0,,,2021-11,0.33081303116123734,11,0.33081303116123734,VIIRS DNB,nW/cm2/sr,2021,"{""type"":""MultiPoint"",""coordinates"":[]}"
94_00000000000000000001,BA03050040,,,,,,,91.03,91,14082.2122578,TASWIL5000020230907KABKOTA,Jayapura,,1.14561199815,9.52170493241,4326,4,,,Jayapura,Papua,,0,,,2021-11,0.24469498612287166,11,0.24469498612287166,VIIRS DNB,nW/cm2/sr,2021,"{""type"":""MultiPoint"",""coordinates"":[]}"
94_00000000000000000003,BA03050040,,,,,,,91.05,91,2429.0300227,TASWIL5000020230907KABKOTA,Kepulauan Yapen,,0.19742592562,8.55393507975,4326,4,,,Kepulauan Yapen,Papua,,0,,,2021-11,0.22229992819644903,11,0.22229992819644903,VIIRS DNB,nW/cm2/sr,2021,"{""type"":""MultiPoint"",""coordinates"":[]}"
94_00000000000000000007,BA03050040,,,,,,,91.19,91,660.611723589,TASWIL5000020230907KABKOTA,Supiori,,0.0536731325628,3.38191482935,4326,4,,,Supiori,Papua,,0,Biak Numfor,,2021-11,0.21105596402380725,11,0.21105596402380725,VIIRS DNB,nW/cm2/sr,2021,"{""type"":""MultiPoint"",""coordinates"":[]}"
94_00000000000000000002,BA03050040,,,,,,,91.11,91,9526.3153833,TASWIL5000020230907KABKOTA,Keerom,,0.775256858574,6.07708966623,4326,4,,,Keerom,Papua,,0,Jayapura,,2021-11,0.22990408414223604,11,0.22990408414223604,VIIRS DNB,nW/cm2/sr,2021,"{""type"":""MultiPoint"",""coordinates"":[]}"
94_00000000000000000004,BA03050040,,,,,,,91.71,91,835.479147077,TASWIL5000020230907KABKOTA,Kota Jayapura,,0.0679466217871,2.36790963878,4326,5,,,Kota Jayapura,Papua,,0,Jayapura,,2021-11,1.078693473763131,11,1.078693473763131,VIIRS DNB,nW/cm2/sr,2021,"{""type"":""MultiPoint"",""coordinates"":[]}"
94_00000000000000000006,BA03050040,,,,,,,91.10,91,14068.3737441,TASWIL5000020230907KABKOTA,Sarmi,,1.1439791998,11.4902362416,4326,4,,,Sarmi,Papua,,0,Jayapura,,2021-11,0.2047241398040005,11,0.2047241398040005,VIIRS DNB,nW/cm2/sr,2021,"{""type"":""MultiPoint"",""coordinates"":[]}"
94_00000000000000000005,BA03050040,,,,,,,91.20,91,28042.3912459,TASWIL5000020230907KABKOTA,Mamberamo Raya,,2.28030775228,13.664376657,4326,4,,,Mamberamo Raya,Papua,,0,Sarmi,,2021-11,0.19681707824337863,11,0.19681707824337863,VIIRS DNB,nW/cm2/sr,2021,"{""type"":""MultiPoint"",""coordinates"":[]}"
94_00000000000000000008,BA03050040,,,,,,,91.15,91,10778.7667558,TASWIL5000020230907KABKOTA,Waropen,,0.876665218552,7.26174952493,4326,4,,,Waropen,Papua,,0,Yapen Waropen,,2021-11,0.18784813929689217,11,0.18784813929689217,VIIRS DNB,nW/cm2/sr,2021,"{""type"":""MultiPoint"",""coordinates"":[]}"
95_00000000000000000000,BA03050040,,,,,,,91.06,91,2257.7785726,TASWIL5000020230907KABKOTA,Biak Numfor,,0.183451690197,5.35532578171,4326,4,,,Biak Numfor,Papua,,0,,,2021-12,0.20185744192721572,12,0.20185744192721572,VIIRS DNB,nW/cm2/sr,2021,"{""type"":""MultiPoint"",""coordinates"":[]}"
95_00000000000000000001,BA03050040,,,,,,,91.03,91,14082.2122578,TASWIL5000020230907KABKOTA,Jayapura,,1.14561199815,9.52170493241,4326,4,,,Jayapura,Papua,,0,,,2021-12,0.05214392271443467,12,0.05214392271443467,VIIRS DNB,nW/cm2/sr,2021,"{""type"":""MultiPoint"",""coordinates"":[]}"
95_00000000000000000003,BA03050040,,,,,,,91.05,91,2429.0300227,TASWIL5000020230907KABKOTA,Kepulauan Yapen,,0.19742592562,8.55393507975,4326,4,,,Kepulauan Yapen,Papua,,0,,,2021-12,0.08526098844270538,12,0.08526098844270538,VIIRS DNB,nW/cm2/sr,2021,"{""type"":""MultiPoint"",""coordinates"":[]}"
95_00000000000000000007,BA03050040,,,,,,,91.19,91,660.611723589,TASWIL5000020230907KABKOTA,Supiori,,0.0536731325628,3.38191482935,4326,4,,,Supiori,Papua,,0,Biak Numfor,,2021-12,0.0905960417764718,12,0.0905960417764718,VIIRS DNB,nW/cm2/sr,2021,"{""type"":""MultiPoint"",""coordinates"":[]}"
95_00000000000000000002,BA03050040,,,,,,,91.11,91,9526.3153833,TASWIL5000020230907KABKOTA,Keerom,,0.775256858574,6.07708966623,4326,4,,,Keerom,Papua,,0,Jayapura,,2021-12,0.1112948558901213,12,0.1112948558901213,VIIRS DNB,nW/cm2/sr,2021,"{""type"":""MultiPoint"",""coordinates"":[]}"
95_00000000000000000004,BA03050040,,,,,,,91.71,91,835.479147077,TASWIL5000020230907KABKOTA,Kota Jayapura,,0.0679466217871,2.36790963878,4326,5,,,Kota Jayapura,Papua,,0,Jayapura,,2021-12,0.4626997745382034,12,0.4626997745382034,VIIRS DNB,nW/cm2/sr,2021,"{""type"":""MultiPoint"",""coordinates"":[]}"
95_00000000000000000006,BA03050040,,,,,,,91.10,91,14068.3737441,TASWIL5000020230907KABKOTA,Sarmi,,1.1439791998,11.4902362416,4326,4,,,Sarmi,Papua,,0,Jayapura,,2021-12,0.09515515290408842,12,0.09515515290408842,VIIRS DNB,nW/cm2/sr,2021,"{""type"":""MultiPoint"",""coordinates"":[]}"
95_00000000000000000005,BA03050040,,,,,,,91.20,91,28042.3912459,TASWIL5000020230907KABKOTA,Mamberamo Raya,,2.28030775228,13.664376657,4326,4,,,Mamberamo Raya,Papua,,0,Sarmi,,2021-12,0.11704844816242528,12,0.11704844816242528,VIIRS DNB,nW/cm2/sr,2021,"{""type"":""MultiPoint"",""coordinates"":[]}"
95_00000000000000000008,BA03050040,,,,,,,91.15,91,10778.7667558,TASWIL5000020230907KABKOTA,Waropen,,0.876665218552,7.26174952493,4326,4,,,Waropen,Papua,,0,Yapen Waropen,,2021-12,0.1739742592322846,12,0.1739742592322846,VIIRS DNB,nW/cm2/sr,2021,"{""type"":""MultiPoint"",""coordinates"":[]}"
96_00000000000000000000,BA03050040,,,,,,,91.06,91,2257.7785726,TASWIL5000020230907KABKOTA,Biak Numfor,,0.183451690197,5.35532578171,4326,4,,,Biak Numfor,Papua,,0,,,2022-01,0.28706569962902334,1,0.28706569962902334,VIIRS DNB,nW/cm2/sr,2022,"{""type"":""MultiPoint"",""coordinates"":[]}"
96_00000000000000000001,BA03050040,,,,,,,91.03,91,14082.2122578,TASWIL5000020230907KABKOTA,Jayapura,,1.14561199815,9.52170493241,4326,4,,,Jayapura,Papua,,0,,,2022-01,0.15057239709957052,1,0.15057239709957052,VIIRS DNB,nW/cm2/sr,2022,"{""type"":""MultiPoint"",""coordinates"":[]}"
96_00000000000000000003,BA03050040,,,,,,,91.05,91,2429.0300227,TASWIL5000020230907KABKOTA,Kepulauan Yapen,,0.19742592562,8.55393507975,4326,4,,,Kepulauan Yapen,Papua,,0,,,2022-01,0.18038201977110066,1,0.18038201977110066,VIIRS DNB,nW/cm2/sr,2022,"{""type"":""MultiPoint"",""coordinates"":[]}"
96_00000000000000000007,BA03050040,,,,,,,91.19,91,660.611723589,TASWIL5000020230907KABKOTA,Supiori,,0.0536731325628,3.38191482935,4326,4,,,Supiori,Papua,,0,Biak Numfor,,2022-01,0.16921171424217912,1,0.16921171424217912,VIIRS DNB,nW/cm2/sr,2022,"{""type"":""MultiPoint"",""coordinates"":[]}"
96_00000000000000000002,BA03050040,,,,,,,91.11,91,9526.3153833,TASWIL5000020230907KABKOTA,Keerom,,0.775256858574,6.07708966623,4326,4,,,Keerom,Papua,,0,Jayapura,,2022-01,0.14486992263037574,1,0.14486992263037574,VIIRS DNB,nW/cm2/sr,2022,"{""type"":""MultiPoint"",""coordinates"":[]}"
96_00000000000000000004,BA03050040,,,,,,,91.71,91,835.479147077,TASWIL5000020230907KABKOTA,Kota Jayapura,,0.0679466217871,2.36790963878,4326,5,,,Kota Jayapura,Papua,,0,Jayapura,,2022-01,0.9990807550604396,1,0.9990807550604396,VIIRS DNB,nW/cm2/sr,2022,"{""type"":""MultiPoint"",""coordinates"":[]}"
96_00000000000000000006,BA03050040,,,,,,,91.10,91,14068.3737441,TASWIL5000020230907KABKOTA,Sarmi,,1.1439791998,11.4902362416,4326,4,,,Sarmi,Papua,,0,Jayapura,,2022-01,0.09392355905372272,1,0.09392355905372272,VIIRS DNB,nW/cm2/sr,2022,"{""type"":""MultiPoint"",""coordinates"":[]}"
96_00000000000000000005,BA03050040,,,,,,,91.20,91,28042.3912459,TASWIL5000020230907KABKOTA,Mamberamo Raya,,2.28030775228,13.664376657,4326,4,,,Mamberamo Raya,Papua,,0,Sarmi,,2022-01,0.09130048509454966,1,0.09130048509454966,VIIRS DNB,nW/cm2/sr,2022,"{""type"":""MultiPoint"",""coordinates"":[]}"
96_00000000000000000008,BA03050040,,,,,,,91.15,91,10778.7667558,TASWIL5000020230907KABKOTA,Waropen,,0.876665218552,7.26174952493,4326,4,,,Waropen,Papua,,0,Yapen Waropen,,2022-01,0.12573846681308368,1,0.12573846681308368,VIIRS DNB,nW/cm2/sr,2022,"{""type"":""MultiPoint"",""coordinates"":[]}"
97_00000000000000000000,BA03050040,,,,,,,91.06,91,2257.7785726,TASWIL5000020230907KABKOTA,Biak Numfor,,0.183451690197,5.35532578171,4326,4,,,Biak Numfor,Papua,,0,,,2022-02,0.32890425885285235,2,0.32890425885285235,VIIRS DNB,nW/cm2/sr,2022,"{""type"":""MultiPoint"",""coordinates"":[]}"
97_00000000000000000001,BA03050040,,,,,,,91.03,91,14082.2122578,TASWIL5000020230907KABKOTA,Jayapura,,1.14561199815,9.52170493241,4326,4,,,Jayapura,Papua,,0,,,2022-02,0.14328078131880642,2,0.14328078131880642,VIIRS DNB,nW/cm2/sr,2022,"{""type"":""MultiPoint"",""coordinates"":[]}"
97_00000000000000000003,BA03050040,,,,,,,91.05,91,2429.0300227,TASWIL5000020230907KABKOTA,Kepulauan Yapen,,0.19742592562,8.55393507975,4326,4,,,Kepulauan Yapen,Papua,,0,,,2022-02,0.015302147361887513,2,0.015302147361887513,VIIRS DNB,nW/cm2/sr,2022,"{""type"":""MultiPoint"",""coordinates"":[]}"
97_00000000000000000007,BA03050040,,,,,,,91.19,91,660.611723589,TASWIL5000020230907KABKOTA,Supiori,,0.0536731325628,3.38191482935,4326,4,,,Supiori,Papua,,0,Biak Numfor,,2022-02,0.22565992391211295,2,0.22565992391211295,VIIRS DNB,nW/cm2/sr,2022,"{""type"":""MultiPoint"",""coordinates"":[]}"
97_00000000000000000002,BA03050040,,,,,,,91.11,91,9526.3153833,TASWIL5000020230907KABKOTA,Keerom,,0.775256858574,6.07708966623,4326,4,,,Keerom,Papua,,0,Jayapura,,2022-02,0.09735485080955575,2,0.09735485080955575,VIIRS DNB,nW/cm2/sr,2022,"{""type"":""MultiPoint"",""coordinates"":[]}"
97_00000000000000000004,BA03050040,,,,,,,91.71,91,835.479147077,TASWIL5000020230907KABKOTA,Kota Jayapura,,0.0679466217871,2.36790963878,4326,5,,,Kota Jayapura,Papua,,0,Jayapura,,2022-02,1.00027827813066,2,1.00027827813066,VIIRS DNB,nW/cm2/sr,2022,"{""type"":""MultiPoint"",""coordinates"":[]}"
97_00000000000000000006,BA03050040,,,,,,,91.10,91,14068.3737441,TASWIL5000020230907KABKOTA,Sarmi,,1.1439791998,11.4902362416,4326,4,,,Sarmi,Papua,,0,Jayapura,,2022-02,0.11319070688213652,2,0.11319070688213652,VIIRS DNB,nW/cm2/sr,2022,"{""type"":""MultiPoint"",""coordinates"":[]}"
97_00000000000000000005,BA03050040,,,,,,,91.20,91,28042.3912459,TASWIL5000020230907KABKOTA,Mamberamo Raya,,2.28030775228,13.664376657,4326,4,,,Mamberamo Raya,Papua,,0,Sarmi,,2022-02,0.04255341942879121,2,0.04255341942879121,VIIRS DNB,nW/cm2/sr,2022,"{""type"":""MultiPoint"",""coordinates"":[]}"
97_00000000000000000008,BA03050040,,,,,,,91.15,91,10778.7667558,TASWIL5000020230907KABKOTA,Waropen,,0.876665218552,7.26174952493,4326,4,,,Waropen,Papua,,0,Yapen Waropen,,2022-02,0.0025068552985289816,2,0.0025068552985289816,VIIRS DNB,nW/cm2/sr,2022,"{""type"":""MultiPoint"",""coordinates"":[]}"
98_00000000000000000000,BA03050040,,,,,,,91.06,91,2257.7785726,TASWIL5000020230907KABKOTA,Biak Numfor,,0.183451690197,5.35532578171,4326,4,,,Biak Numfor,Papua,,0,,,2022-03,0.24445033522290602,3,0.24445033522290602,VIIRS DNB,nW/cm2/sr,2022,"{""type"":""MultiPoint"",""coordinates"":[]}"
98_00000000000000000001,BA03050040,,,,,,,91.03,91,14082.2122578,TASWIL5000020230907KABKOTA,Jayapura,,1.14561199815,9.52170493241,4326,4,,,Jayapura,Papua,,0,,,2022-03,0.20068098850495744,3,0.20068098850495744,VIIRS DNB,nW/cm2/sr,2022,"{""type"":""MultiPoint"",""coordinates"":[]}"
98_00000000000000000003,BA03050040,,,,,,,91.05,91,2429.0300227,TASWIL5000020230907KABKOTA,Kepulauan Yapen,,0.19742592562,8.55393507975,4326,4,,,Kepulauan Yapen,Papua,,0,,,2022-03,0.11939606209568841,3,0.11939606209568841,VIIRS DNB,nW/cm2/sr,2022,"{""type"":""MultiPoint"",""coordinates"":[]}"
98_00000000000000000007,BA03050040,,,,,,,91.19,91,660.611723589,TASWIL5000020230907KABKOTA,Supiori,,0.0536731325628,3.38191482935,4326,4,,,Supiori,Papua,,0,Biak Numfor,,2022-03,0.23395140989510324,3,0.23395140989510324,VIIRS DNB,nW/cm2/sr,2022,"{""type"":""MultiPoint"",""coordinates"":[]}"
98_00000000000000000002,BA03050040,,,,,,,91.11,91,9526.3153833,TASWIL5000020230907KABKOTA,Keerom,,0.775256858574,6.07708966623,4326,4,,,Keerom,Papua,,0,Jayapura,,2022-03,0.2104915797552302,3,0.2104915797552302,VIIRS DNB,nW/cm2/sr,2022,"{""type"":""MultiPoint"",""coordinates"":[]}"
98_00000000000000000004,BA03050040,,,,,,,91.71,91,835.479147077,TASWIL5000020230907KABKOTA,Kota Jayapura,,0.0679466217871,2.36790963878,4326,5,,,Kota Jayapura,Papua,,0,Jayapura,,2022-03,0.8435123134625193,3,0.8435123134625193,VIIRS DNB,nW/cm2/sr,2022,"{""type"":""MultiPoint"",""coordinates"":[]}"
98_00000000000000000006,BA03050040,,,,,,,91.10,91,14068.3737441,TASWIL5000020230907KABKOTA,Sarmi,,1.1439791998,11.4902362416,4326,4,,,Sarmi,Papua,,0,Jayapura,,2022-03,0.1384927294195224,3,0.1384927294195224,VIIRS DNB,nW/cm2/sr,2022,"{""type"":""MultiPoint"",""coordinates"":[]}"
98_00000000000000000005,BA03050040,,,,,,,91.20,91,28042.3912459,TASWIL5000020230907KABKOTA,Mamberamo Raya,,2.28030775228,13.664376657,4326,4,,,Mamberamo Raya,Papua,,0,Sarmi,,2022-03,0.11940950228119825,3,0.11940950228119825,VIIRS DNB,nW/cm2/sr,2022,"{""type"":""MultiPoint"",""coordinates"":[]}"
98_00000000000000000008,BA03050040,,,,,,,91.15,91,10778.7667558,TASWIL5000020230907KABKOTA,Waropen,,0.876665218552,7.26174952493,4326,4,,,Waropen,Papua,,0,Yapen Waropen,,2022-03,0.10714462116309313,3,0.10714462116309313,VIIRS DNB,nW/cm2/sr,2022,"{""type"":""MultiPoint"",""coordinates"":[]}"
99_00000000000000000000,BA03050040,,,,,,,91.06,91,2257.7785726,TASWIL5000020230907KABKOTA,Biak Numfor,,0.183451690197,5.35532578171,4326,4,,,Biak Numfor,Papua,,0,,,2022-04,0.557546964431506,4,0.557546964431506,VIIRS DNB,nW/cm2/sr,2022,"{""type"":""MultiPoint"",""coordinates"":[]}"
99_00000000000000000001,BA03050040,,,,,,,91.03,91,14082.2122578,TASWIL5000020230907KABKOTA,Jayapura,,1.14561199815,9.52170493241,4326,4,,,Jayapura,Papua,,0,,,2022-04,0.3209498547577708,4,0.3209498547577708,VIIRS DNB,nW/cm2/sr,2022,"{""type"":""MultiPoint"",""coordinates"":[]}"
99_00000000000000000003,BA03050040,,,,,,,91.05,91,2429.0300227,TASWIL5000020230907KABKOTA,Kepulauan Yapen,,0.19742592562,8.55393507975,4326,4,,,Kepulauan Yapen,Papua,,0,,,2022-04,0.2421442320065637,4,0.2421442320065637,VIIRS DNB,nW/cm2/sr,2022,"{""type"":""MultiPoint"",""coordinates"":[]}"
99_00000000000000000007,BA03050040,,,,,,,91.19,91,660.611723589,TASWIL5000020230907KABKOTA,Supiori,,0.0536731325628,3.38191482935,4326,4,,,Supiori,Papua,,0,Biak Numfor,,2022-04,0.3856664484068684,4,0.3856664484068684,VIIRS DNB,nW/cm2/sr,2022,"{""type"":""MultiPoint"",""coordinates"":[]}"
99_00000000000000000002,BA03050040,,,,,,,91.11,91,9526.3153833,TASWIL5000020230907KABKOTA,Keerom,,0.775256858574,6.07708966623,4326,4,,,Keerom,Papua,,0,Jayapura,,2022-04,0.27566644410858887,4,0.27566644410858887,VIIRS DNB,nW/cm2/sr,2022,"{""type"":""MultiPoint"",""coordinates"":[]}"
99_00000000000000000004,BA03050040,,,,,,,91.71,91,835.479147077,TASWIL5000020230907KABKOTA,Kota Jayapura,,0.0679466217871,2.36790963878,4326,5,,,Kota Jayapura,Papua,,0,Jayapura,,2022-04,1.2165121870783313,4,1.2165121870783313,VIIRS DNB,nW/cm2/sr,2022,"{""type"":""MultiPoint"",""coordinates"":[]}"
99_00000000000000000006,BA03050040,,,,,,,91.10,91,14068.3737441,TASWIL5000020230907KABKOTA,Sarmi,,1.1439791998,11.4902362416,4326,4,,,Sarmi,Papua,,0,Jayapura,,2022-04,0.2691060950016592,4,0.2691060950016592,VIIRS DNB,nW/cm2/sr,2022,"{""type"":""MultiPoint"",""coordinates"":[]}"
99_00000000000000000005,BA03050040,,,,,,,91.20,91,28042.3912459,TASWIL5000020230907KABKOTA,Mamberamo Raya,,2.28030775228,13.664376657,4326,4,,,Mamberamo Raya,Papua,,0,Sarmi,,2022-04,0.26833876858821304,4,0.26833876858821304,VIIRS DNB,nW/cm2/sr,2022,"{""type"":""MultiPoint"",""coordinates"":[]}"
99_00000000000000000008,BA03050040,,,,,,,91.15,91,10778.7667558,TASWIL5000020230907KABKOTA,Waropen,,0.876665218552,7.26174952493,4326,4,,,Waropen,Papua,,0,Yapen Waropen,,2022-04,0.2859504506515969,4,0.2859504506515969,VIIRS DNB,nW/cm2/sr,2022,"{""type"":""MultiPoint"",""coordinates"":[]}"
100_00000000000000000000,BA03050040,,,,,,,91.06,91,2257.7785726,TASWIL5000020230907KABKOTA,Biak Numfor,,0.183451690197,5.35532578171,4326,4,,,Biak Numfor,Papua,,0,,,2022-05,0.4546440688323897,5,0.4546440688323897,VIIRS DNB,nW/cm2/sr,2022,"{""type"":""MultiPoint"",""coordinates"":[]}"
100_00000000000000000001,BA03050040,,,,,,,91.03,91,14082.2122578,TASWIL5000020230907KABKOTA,Jayapura,,1.14561199815,9.52170493241,4326,4,,,Jayapura,Papua,,0,,,2022-05,0.26807429982452546,5,0.26807429982452546,VIIRS DNB,nW/cm2/sr,2022,"{""type"":""MultiPoint"",""coordinates"":[]}"
100_00000000000000000003,BA03050040,,,,,,,91.05,91,2429.0300227,TASWIL5000020230907KABKOTA,Kepulauan Yapen,,0.19742592562,8.55393507975,4326,4,,,Kepulauan Yapen,Papua,,0,,,2022-05,0.34937381361491604,5,0.34937381361491604,VIIRS DNB,nW/cm2/sr,2022,"{""type"":""MultiPoint"",""coordinates"":[]}"
100_00000000000000000007,BA03050040,,,,,,,91.19,91,660.611723589,TASWIL5000020230907KABKOTA,Supiori,,0.0536731325628,3.38191482935,4326,4,,,Supiori,Papua,,0,Biak Numfor,,2022-05,0.3227340251004941,5,0.3227340251004941,VIIRS DNB,nW/cm2/sr,2022,"{""type"":""MultiPoint"",""coordinates"":[]}"
100_00000000000000000002,BA03050040,,,,,,,91.11,91,9526.3153833,TASWIL5000020230907KABKOTA,Keerom,,0.775256858574,6.07708966623,4326,4,,,Keerom,Papua,,0,Jayapura,,2022-05,0.24168700376510213,5,0.24168700376510213,VIIRS DNB,nW/cm2/sr,2022,"{""type"":""MultiPoint"",""coordinates"":[]}"
100_00000000000000000004,BA03050040,,,,,,,91.71,91,835.479147077,TASWIL5000020230907KABKOTA,Kota Jayapura,,0.0679466217871,2.36790963878,4326,5,,,Kota Jayapura,Papua,,0,Jayapura,,2022-05,1.2211363514046445,5,1.2211363514046445,VIIRS DNB,nW/cm2/sr,2022,"{""type"":""MultiPoint"",""coordinates"":[]}"
100_00000000000000000006,BA03050040,,,,,,,91.10,91,14068.3737441,TASWIL5000020230907KABKOTA,Sarmi,,1.1439791998,11.4902362416,4326,4,,,Sarmi,Papua,,0,Jayapura,,2022-05,0.22787876699951198,5,0.22787876699951198,VIIRS DNB,nW/cm2/sr,2022,"{""type"":""MultiPoint"",""coordinates"":[]}"
100_00000000000000000005,BA03050040,,,,,,,91.20,91,28042.3912459,TASWIL5000020230907KABKOTA,Mamberamo Raya,,2.28030775228,13.664376657,4326,4,,,Mamberamo Raya,Papua,,0,Sarmi,,2022-05,0.23271606968292669,5,0.23271606968292669,VIIRS DNB,nW/cm2/sr,2022,"{""type"":""MultiPoint"",""coordinates"":[]}"
100_00000000000000000008,BA03050040,,,,,,,91.15,91,10778.7667558,TASWIL5000020230907KABKOTA,Waropen,,0.876665218552,7.26174952493,4326,4,,,Waropen,Papua,,0,Yapen Waropen,,2022-05,0.26417485643862487,5,0.26417485643862487,VIIRS DNB,nW/cm2/sr,2022,"{""type"":""MultiPoint"",""coordinates"":[]}"
101_00000000000000000000,BA03050040,,,,,,,91.06,91,2257.7785726,TASWIL5000020230907KABKOTA,Biak Numfor,,0.183451690197,5.35532578171,4326,4,,,Biak Numfor,Papua,,0,,,2022-06,0.3770191360145076,6,0.3770191360145076,VIIRS DNB,nW/cm2/sr,2022,"{""type"":""MultiPoint"",""coordinates"":[]}"
101_00000000000000000001,BA03050040,,,,,,,91.03,91,14082.2122578,TASWIL5000020230907KABKOTA,Jayapura,,1.14561199815,9.52170493241,4326,4,,,Jayapura,Papua,,0,,,2022-06,0.21604740600010106,6,0.21604740600010106,VIIRS DNB,nW/cm2/sr,2022,"{""type"":""MultiPoint"",""coordinates"":[]}"
101_00000000000000000003,BA03050040,,,,,,,91.05,91,2429.0300227,TASWIL5000020230907KABKOTA,Kepulauan Yapen,,0.19742592562,8.55393507975,4326,4,,,Kepulauan Yapen,Papua,,0,,,2022-06,0.2237807312064401,6,0.2237807312064401,VIIRS DNB,nW/cm2/sr,2022,"{""type"":""MultiPoint"",""coordinates"":[]}"
101_00000000000000000007,BA03050040,,,,,,,91.19,91,660.611723589,TASWIL5000020230907KABKOTA,Supiori,,0.0536731325628,3.38191482935,4326,4,,,Supiori,Papua,,0,Biak Numfor,,2022-06,0.22546054931967707,6,0.22546054931967707,VIIRS DNB,nW/cm2/sr,2022,"{""type"":""MultiPoint"",""coordinates"":[]}"
101_00000000000000000002,BA03050040,,,,,,,91.11,91,9526.3153833,TASWIL5000020230907KABKOTA,Keerom,,0.775256858574,6.07708966623,4326,4,,,Keerom,Papua,,0,Jayapura,,2022-06,0.19222460107176917,6,0.19222460107176917,VIIRS DNB,nW/cm2/sr,2022,"{""type"":""MultiPoint"",""coordinates"":[]}"
101_00000000000000000004,BA03050040,,,,,,,91.71,91,835.479147077,TASWIL5000020230907KABKOTA,Kota Jayapura,,0.0679466217871,2.36790963878,4326,5,,,Kota Jayapura,Papua,,0,Jayapura,,2022-06,1.190705869680219,6,1.190705869680219,VIIRS DNB,nW/cm2/sr,2022,"{""type"":""MultiPoint"",""coordinates"":[]}"
101_00000000000000000006,BA03050040,,,,,,,91.10,91,14068.3737441,TASWIL5000020230907KABKOTA,Sarmi,,1.1439791998,11.4902362416,4326,4,,,Sarmi,Papua,,0,Jayapura,,2022-06,0.18485696421801626,6,0.18485696421801626,VIIRS DNB,nW/cm2/sr,2022,"{""type"":""MultiPoint"",""coordinates"":[]}"
101_00000000000000000005,BA03050040,,,,,,,91.20,91,28042.3912459,TASWIL5000020230907KABKOTA,Mamberamo Raya,,2.28030775228,13.664376657,4326,4,,,Mamberamo Raya,Papua,,0,Sarmi,,2022-06,0.18934038023869323,6,0.18934038023869323,VIIRS DNB,nW/cm2/sr,2022,"{""type"":""MultiPoint"",""coordinates"":[]}"
101_00000000000000000008,BA03050040,,,,,,,91.15,91,10778.7667558,TASWIL5000020230907KABKOTA,Waropen,,0.876665218552,7.26174952493,4326,4,,,Waropen,Papua,,0,Yapen Waropen,,2022-06,0.2067256409739004,6,0.2067256409739004,VIIRS DNB,nW/cm2/sr,2022,"{""type"":""MultiPoint"",""coordinates"":[]}"
102_00000000000000000000,BA03050040,,,,,,,91.06,91,2257.7785726,TASWIL5000020230907KABKOTA,Biak Numfor,,0.183451690197,5.35532578171,4326,4,,,Biak Numfor,Papua,,0,,,2022-07,0.12161156806108316,7,0.12161156806108316,VIIRS DNB,nW/cm2/sr,2022,"{""type"":""MultiPoint"",""coordinates"":[]}"
102_00000000000000000001,BA03050040,,,,,,,91.03,91,14082.2122578,TASWIL5000020230907KABKOTA,Jayapura,,1.14561199815,9.52170493241,4326,4,,,Jayapura,Papua,,0,,,2022-07,0.07970070127630736,7,0.07970070127630736,VIIRS DNB,nW/cm2/sr,2022,"{""type"":""MultiPoint"",""coordinates"":[]}"
102_00000000000000000003,BA03050040,,,,,,,91.05,91,2429.0300227,TASWIL5000020230907KABKOTA,Kepulauan Yapen,,0.19742592562,8.55393507975,4326,4,,,Kepulauan Yapen,Papua,,0,,,2022-07,4.659892608454343E-5,7,4.659892608454343E-5,VIIRS DNB,nW/cm2/sr,2022,"{""type"":""MultiPoint"",""coordinates"":[]}"
102_00000000000000000007,BA03050040,,,,,,,91.19,91,660.611723589,TASWIL5000020230907KABKOTA,Supiori,,0.0536731325628,3.38191482935,4326,4,,,Supiori,Papua,,0,Biak Numfor,,2022-07,0.24696298784692194,7,0.24696298784692194,VIIRS DNB,nW/cm2/sr,2022,"{""type"":""MultiPoint"",""coordinates"":[]}"
102_00000000000000000002,BA03050040,,,,,,,91.11,91,9526.3153833,TASWIL5000020230907KABKOTA,Keerom,,0.775256858574,6.07708966623,4326,4,,,Keerom,Papua,,0,Jayapura,,2022-07,0.02257518638555917,7,0.02257518638555917,VIIRS DNB,nW/cm2/sr,2022,"{""type"":""MultiPoint"",""coordinates"":[]}"
102_00000000000000000004,BA03050040,,,,,,,91.71,91,835.479147077,TASWIL5000020230907KABKOTA,Kota Jayapura,,0.0679466217871,2.36790963878,4326,5,,,Kota Jayapura,Papua,,0,Jayapura,,2022-07,0.19809446170762937,7,0.19809446170762937,VIIRS DNB,nW/cm2/sr,2022,"{""type"":""MultiPoint"",""coordinates"":[]}"
102_00000000000000000006,BA03050040,,,,,,,91.10,91,14068.3737441,TASWIL5000020230907KABKOTA,Sarmi,,1.1439791998,11.4902362416,4326,4,,,Sarmi,Papua,,0,Jayapura,,2022-07,0.1264321358236216,7,0.1264321358236216,VIIRS DNB,nW/cm2/sr,2022,"{""type"":""MultiPoint"",""coordinates"":[]}"
102_00000000000000000005,BA03050040,,,,,,,91.20,91,28042.3912459,TASWIL5000020230907KABKOTA,Mamberamo Raya,,2.28030775228,13.664376657,4326,4,,,Mamberamo Raya,Papua,,0,Sarmi,,2022-07,0.16814070494355524,7,0.16814070494355524,VIIRS DNB,nW/cm2/sr,2022,"{""type"":""MultiPoint"",""coordinates"":[]}"
102_00000000000000000008,BA03050040,,,,,,,91.15,91,10778.7667558,TASWIL5000020230907KABKOTA,Waropen,,0.876665218552,7.26174952493,4326,4,,,Waropen,Papua,,0,Yapen Waropen,,2022-07,0.11220571683258233,7,0.11220571683258233,VIIRS DNB,nW/cm2/sr,2022,"{""type"":""MultiPoint"",""coordinates"":[]}"
103_00000000000000000000,BA03050040,,,,,,,91.06,91,2257.7785726,TASWIL5000020230907KABKOTA,Biak Numfor,,0.183451690197,5.35532578171,4326,4,,,Biak Numfor,Papua,,0,,,2022-08,0.5807606422021406,8,0.5807606422021406,VIIRS DNB,nW/cm2/sr,2022,"{""type"":""MultiPoint"",""coordinates"":[]}"
103_00000000000000000001,BA03050040,,,,,,,91.03,91,14082.2122578,TASWIL5000020230907KABKOTA,Jayapura,,1.14561199815,9.52170493241,4326,4,,,Jayapura,Papua,,0,,,2022-08,0.3574472698965059,8,0.3574472698965059,VIIRS DNB,nW/cm2/sr,2022,"{""type"":""MultiPoint"",""coordinates"":[]}"
103_00000000000000000003,BA03050040,,,,,,,91.05,91,2429.0300227,TASWIL5000020230907KABKOTA,Kepulauan Yapen,,0.19742592562,8.55393507975,4326,4,,,Kepulauan Yapen,Papua,,0,,,2022-08,0.18142546813748653,8,0.18142546813748653,VIIRS DNB,nW/cm2/sr,2022,"{""type"":""MultiPoint"",""coordinates"":[]}"
103_00000000000000000007,BA03050040,,,,,,,91.19,91,660.611723589,TASWIL5000020230907KABKOTA,Supiori,,0.0536731325628,3.38191482935,4326,4,,,Supiori,Papua,,0,Biak Numfor,,2022-08,0.4565483680552584,8,0.4565483680552584,VIIRS DNB,nW/cm2/sr,2022,"{""type"":""MultiPoint"",""coordinates"":[]}"
103_00000000000000000002,BA03050040,,,,,,,91.11,91,9526.3153833,TASWIL5000020230907KABKOTA,Keerom,,0.775256858574,6.07708966623,4326,4,,,Keerom,Papua,,0,Jayapura,,2022-08,0.4099272358900363,8,0.4099272358900363,VIIRS DNB,nW/cm2/sr,2022,"{""type"":""MultiPoint"",""coordinates"":[]}"
103_00000000000000000004,BA03050040,,,,,,,91.71,91,835.479147077,TASWIL5000020230907KABKOTA,Kota Jayapura,,0.0679466217871,2.36790963878,4326,5,,,Kota Jayapura,Papua,,0,Jayapura,,2022-08,1.3496188905792708,8,1.3496188905792708,VIIRS DNB,nW/cm2/sr,2022,"{""type"":""MultiPoint"",""coordinates"":[]}"
103_00000000000000000006,BA03050040,,,,,,,91.10,91,14068.3737441,TASWIL5000020230907KABKOTA,Sarmi,,1.1439791998,11.4902362416,4326,4,,,Sarmi,Papua,,0,Jayapura,,2022-08,0.3003812864080343,8,0.3003812864080343,VIIRS DNB,nW/cm2/sr,2022,"{""type"":""MultiPoint"",""coordinates"":[]}"
103_00000000000000000005,BA03050040,,,,,,,91.20,91,28042.3912459,TASWIL5000020230907KABKOTA,Mamberamo Raya,,2.28030775228,13.664376657,4326,4,,,Mamberamo Raya,Papua,,0,Sarmi,,2022-08,0.28549043531907053,8,0.28549043531907053,VIIRS DNB,nW/cm2/sr,2022,"{""type"":""MultiPoint"",""coordinates"":[]}"
103_00000000000000000008,BA03050040,,,,,,,91.15,91,10778.7667558,TASWIL5000020230907KABKOTA,Waropen,,0.876665218552,7.26174952493,4326,4,,,Waropen,Papua,,0,Yapen Waropen,,2022-08,0.2650568562532747,8,0.2650568562532747,VIIRS DNB,nW/cm2/sr,2022,"{""type"":""MultiPoint"",""coordinates"":[]}"
104_00000000000000000000,BA03050040,,,,,,,91.06,91,2257.7785726,TASWIL5000020230907KABKOTA,Biak Numfor,,0.183451690197,5.35532578171,4326,4,,,Biak Numfor,Papua,,0,,,2022-09,0.3899844486548599,9,0.3899844486548599,VIIRS DNB,nW/cm2/sr,2022,"{""type"":""MultiPoint"",""coordinates"":[]}"
104_00000000000000000001,BA03050040,,,,,,,91.03,91,14082.2122578,TASWIL5000020230907KABKOTA,Jayapura,,1.14561199815,9.52170493241,4326,4,,,Jayapura,Papua,,0,,,2022-09,0.28829051442792897,9,0.28829051442792897,VIIRS DNB,nW/cm2/sr,2022,"{""type"":""MultiPoint"",""coordinates"":[]}"
104_00000000000000000003,BA03050040,,,,,,,91.05,91,2429.0300227,TASWIL5000020230907KABKOTA,Kepulauan Yapen,,0.19742592562,8.55393507975,4326,4,,,Kepulauan Yapen,Papua,,0,,,2022-09,0.10956817422610966,9,0.10956817422610966,VIIRS DNB,nW/cm2/sr,2022,"{""type"":""MultiPoint"",""coordinates"":[]}"
104_00000000000000000007,BA03050040,,,,,,,91.19,91,660.611723589,TASWIL5000020230907KABKOTA,Supiori,,0.0536731325628,3.38191482935,4326,4,,,Supiori,Papua,,0,Biak Numfor,,2022-09,0.24955954882812062,9,0.24955954882812062,VIIRS DNB,nW/cm2/sr,2022,"{""type"":""MultiPoint"",""coordinates"":[]}"
104_00000000000000000002,BA03050040,,,,,,,91.11,91,9526.3153833,TASWIL5000020230907KABKOTA,Keerom,,0.775256858574,6.07708966623,4326,4,,,Keerom,Papua,,0,Jayapura,,2022-09,0.29311974014235886,9,0.29311974014235886,VIIRS DNB,nW/cm2/sr,2022,"{""type"":""MultiPoint"",""coordinates"":[]}"
104_00000000000000000004,BA03050040,,,,,,,91.71,91,835.479147077,TASWIL5000020230907KABKOTA,Kota Jayapura,,0.0679466217871,2.36790963878,4326,5,,,Kota Jayapura,Papua,,0,Jayapura,,2022-09,1.1595984683540288,9,1.1595984683540288,VIIRS DNB,nW/cm2/sr,2022,"{""type"":""MultiPoint"",""coordinates"":[]}"
104_00000000000000000006,BA03050040,,,,,,,91.10,91,14068.3737441,TASWIL5000020230907KABKOTA,Sarmi,,1.1439791998,11.4902362416,4326,4,,,Sarmi,Papua,,0,Jayapura,,2022-09,0.26098619171620197,9,0.26098619171620197,VIIRS DNB,nW/cm2/sr,2022,"{""type"":""MultiPoint"",""coordinates"":[]}"
104_00000000000000000005,BA03050040,,,,,,,91.20,91,28042.3912459,TASWIL5000020230907KABKOTA,Mamberamo Raya,,2.28030775228,13.664376657,4326,4,,,Mamberamo Raya,Papua,,0,Sarmi,,2022-09,0.2543172126539213,9,0.2543172126539213,VIIRS DNB,nW/cm2/sr,2022,"{""type"":""MultiPoint"",""coordinates"":[]}"
104_00000000000000000008,BA03050040,,,,,,,91.15,91,10778.7667558,TASWIL5000020230907KABKOTA,Waropen,,0.876665218552,7.26174952493,4326,4,,,Waropen,Papua,,0,Yapen Waropen,,2022-09,0.18128723523721266,9,0.18128723523721266,VIIRS DNB,nW/cm2/sr,2022,"{""type"":""MultiPoint"",""coordinates"":[]}"
105_00000000000000000000,BA03050040,,,,,,,91.06,91,2257.7785726,TASWIL5000020230907KABKOTA,Biak Numfor,,0.183451690197,5.35532578171,4326,4,,,Biak Numfor,Papua,,0,,,2022-10,0.3858939327235344,10,0.3858939327235344,VIIRS DNB,nW/cm2/sr,2022,"{""type"":""MultiPoint"",""coordinates"":[]}"
105_00000000000000000001,BA03050040,,,,,,,91.03,91,14082.2122578,TASWIL5000020230907KABKOTA,Jayapura,,1.14561199815,9.52170493241,4326,4,,,Jayapura,Papua,,0,,,2022-10,0.2505634821291271,10,0.2505634821291271,VIIRS DNB,nW/cm2/sr,2022,"{""type"":""MultiPoint"",""coordinates"":[]}"
105_00000000000000000003,BA03050040,,,,,,,91.05,91,2429.0300227,TASWIL5000020230907KABKOTA,Kepulauan Yapen,,0.19742592562,8.55393507975,4326,4,,,Kepulauan Yapen,Papua,,0,,,2022-10,0.13035121969680524,10,0.13035121969680524,VIIRS DNB,nW/cm2/sr,2022,"{""type"":""MultiPoint"",""coordinates"":[]}"
105_00000000000000000007,BA03050040,,,,,,,91.19,91,660.611723589,TASWIL5000020230907KABKOTA,Supiori,,0.0536731325628,3.38191482935,4326,4,,,Supiori,Papua,,0,Biak Numfor,,2022-10,0.22215438317430863,10,0.22215438317430863,VIIRS DNB,nW/cm2/sr,2022,"{""type"":""MultiPoint"",""coordinates"":[]}"
105_00000000000000000002,BA03050040,,,,,,,91.11,91,9526.3153833,TASWIL5000020230907KABKOTA,Keerom,,0.775256858574,6.07708966623,4326,4,,,Keerom,Papua,,0,Jayapura,,2022-10,0.2392108010894381,10,0.2392108010894381,VIIRS DNB,nW/cm2/sr,2022,"{""type"":""MultiPoint"",""coordinates"":[]}"
105_00000000000000000004,BA03050040,,,,,,,91.71,91,835.479147077,TASWIL5000020230907KABKOTA,Kota Jayapura,,0.0679466217871,2.36790963878,4326,5,,,Kota Jayapura,Papua,,0,Jayapura,,2022-10,1.2145964716820832,10,1.2145964716820832,VIIRS DNB,nW/cm2/sr,2022,"{""type"":""MultiPoint"",""coordinates"":[]}"
105_00000000000000000006,BA03050040,,,,,,,91.10,91,14068.3737441,TASWIL5000020230907KABKOTA,Sarmi,,1.1439791998,11.4902362416,4326,4,,,Sarmi,Papua,,0,Jayapura,,2022-10,0.19201532992864126,10,0.19201532992864126,VIIRS DNB,nW/cm2/sr,2022,"{""type"":""MultiPoint"",""coordinates"":[]}"
105_00000000000000000005,BA03050040,,,,,,,91.20,91,28042.3912459,TASWIL5000020230907KABKOTA,Mamberamo Raya,,2.28030775228,13.664376657,4326,4,,,Mamberamo Raya,Papua,,0,Sarmi,,2022-10,0.2057200002662146,10,0.2057200002662146,VIIRS DNB,nW/cm2/sr,2022,"{""type"":""MultiPoint"",""coordinates"":[]}"
105_00000000000000000008,BA03050040,,,,,,,91.15,91,10778.7667558,TASWIL5000020230907KABKOTA,Waropen,,0.876665218552,7.26174952493,4326,4,,,Waropen,Papua,,0,Yapen Waropen,,2022-10,0.22860997739367384,10,0.22860997739367384,VIIRS DNB,nW/cm2/sr,2022,"{""type"":""MultiPoint"",""coordinates"":[]}"
106_00000000000000000000,BA03050040,,,,,,,91.06,91,2257.7785726,TASWIL5000020230907KABKOTA,Biak Numfor,,0.183451690197,5.35532578171,4326,4,,,Biak Numfor,Papua,,0,,,2022-11,0.2878945009992243,11,0.2878945009992243,VIIRS DNB,nW/cm2/sr,2022,"{""type"":""MultiPoint"",""coordinates"":[]}"
106_00000000000000000001,BA03050040,,,,,,,91.03,91,14082.2122578,TASWIL5000020230907KABKOTA,Jayapura,,1.14561199815,9.52170493241,4326,4,,,Jayapura,Papua,,0,,,2022-11,0.22261398211232272,11,0.22261398211232272,VIIRS DNB,nW/cm2/sr,2022,"{""type"":""MultiPoint"",""coordinates"":[]}"
106_00000000000000000003,BA03050040,,,,,,,91.05,91,2429.0300227,TASWIL5000020230907KABKOTA,Kepulauan Yapen,,0.19742592562,8.55393507975,4326,4,,,Kepulauan Yapen,Papua,,0,,,2022-11,0.041505922320743405,11,0.041505922320743405,VIIRS DNB,nW/cm2/sr,2022,"{""type"":""MultiPoint"",""coordinates"":[]}"
106_00000000000000000007,BA03050040,,,,,,,91.19,91,660.611723589,TASWIL5000020230907KABKOTA,Supiori,,0.0536731325628,3.38191482935,4326,4,,,Supiori,Papua,,0,Biak Numfor,,2022-11,0.22117340983924758,11,0.22117340983924758,VIIRS DNB,nW/cm2/sr,2022,"{""type"":""MultiPoint"",""coordinates"":[]}"
106_00000000000000000002,BA03050040,,,,,,,91.11,91,9526.3153833,TASWIL5000020230907KABKOTA,Keerom,,0.775256858574,6.07708966623,4326,4,,,Keerom,Papua,,0,Jayapura,,2022-11,0.14466843638407062,11,0.14466843638407062,VIIRS DNB,nW/cm2/sr,2022,"{""type"":""MultiPoint"",""coordinates"":[]}"
106_00000000000000000004,BA03050040,,,,,,,91.71,91,835.479147077,TASWIL5000020230907KABKOTA,Kota Jayapura,,0.0679466217871,2.36790963878,4326,5,,,Kota Jayapura,Papua,,0,Jayapura,,2022-11,0.9449089122181173,11,0.9449089122181173,VIIRS DNB,nW/cm2/sr,2022,"{""type"":""MultiPoint"",""coordinates"":[]}"
106_00000000000000000006,BA03050040,,,,,,,91.10,91,14068.3737441,TASWIL5000020230907KABKOTA,Sarmi,,1.1439791998,11.4902362416,4326,4,,,Sarmi,Papua,,0,Jayapura,,2022-11,0.17325346766559763,11,0.17325346766559763,VIIRS DNB,nW/cm2/sr,2022,"{""type"":""MultiPoint"",""coordinates"":[]}"
106_00000000000000000005,BA03050040,,,,,,,91.20,91,28042.3912459,TASWIL5000020230907KABKOTA,Mamberamo Raya,,2.28030775228,13.664376657,4326,4,,,Mamberamo Raya,Papua,,0,Sarmi,,2022-11,0.13403819383958226,11,0.13403819383958226,VIIRS DNB,nW/cm2/sr,2022,"{""type"":""MultiPoint"",""coordinates"":[]}"
106_00000000000000000008,BA03050040,,,,,,,91.15,91,10778.7667558,TASWIL5000020230907KABKOTA,Waropen,,0.876665218552,7.26174952493,4326,4,,,Waropen,Papua,,0,Yapen Waropen,,2022-11,0.04277912602945434,11,0.04277912602945434,VIIRS DNB,nW/cm2/sr,2022,"{""type"":""MultiPoint"",""coordinates"":[]}"
107_00000000000000000000,BA03050040,,,,,,,91.06,91,2257.7785726,TASWIL5000020230907KABKOTA,Biak Numfor,,0.183451690197,5.35532578171,4326,4,,,Biak Numfor,Papua,,0,,,2022-12,0.2767347140280221,12,0.2767347140280221,VIIRS DNB,nW/cm2/sr,2022,"{""type"":""MultiPoint"",""coordinates"":[]}"
107_00000000000000000001,BA03050040,,,,,,,91.03,91,14082.2122578,TASWIL5000020230907KABKOTA,Jayapura,,1.14561199815,9.52170493241,4326,4,,,Jayapura,Papua,,0,,,2022-12,0.05844923766236541,12,0.05844923766236541,VIIRS DNB,nW/cm2/sr,2022,"{""type"":""MultiPoint"",""coordinates"":[]}"
107_00000000000000000003,BA03050040,,,,,,,91.05,91,2429.0300227,TASWIL5000020230907KABKOTA,Kepulauan Yapen,,0.19742592562,8.55393507975,4326,4,,,Kepulauan Yapen,Papua,,0,,,2022-12,0.05611201620920163,12,0.05611201620920163,VIIRS DNB,nW/cm2/sr,2022,"{""type"":""MultiPoint"",""coordinates"":[]}"
107_00000000000000000007,BA03050040,,,,,,,91.19,91,660.611723589,TASWIL5000020230907KABKOTA,Supiori,,0.0536731325628,3.38191482935,4326,4,,,Supiori,Papua,,0,Biak Numfor,,2022-12,0.10602430657962594,12,0.10602430657962594,VIIRS DNB,nW/cm2/sr,2022,"{""type"":""MultiPoint"",""coordinates"":[]}"
107_00000000000000000002,BA03050040,,,,,,,91.11,91,9526.3153833,TASWIL5000020230907KABKOTA,Keerom,,0.775256858574,6.07708966623,4326,4,,,Keerom,Papua,,0,Jayapura,,2022-12,0.0639221619752275,12,0.0639221619752275,VIIRS DNB,nW/cm2/sr,2022,"{""type"":""MultiPoint"",""coordinates"":[]}"
107_00000000000000000004,BA03050040,,,,,,,91.71,91,835.479147077,TASWIL5000020230907KABKOTA,Kota Jayapura,,0.0679466217871,2.36790963878,4326,5,,,Kota Jayapura,Papua,,0,Jayapura,,2022-12,0.17006343309987482,12,0.17006343309987482,VIIRS DNB,nW/cm2/sr,2022,"{""type"":""MultiPoint"",""coordinates"":[]}"
107_00000000000000000006,BA03050040,,,,,,,91.10,91,14068.3737441,TASWIL5000020230907KABKOTA,Sarmi,,1.1439791998,11.4902362416,4326,4,,,Sarmi,Papua,,0,Jayapura,,2022-12,0.07404038915909511,12,0.07404038915909511,VIIRS DNB,nW/cm2/sr,2022,"{""type"":""MultiPoint"",""coordinates"":[]}"
107_00000000000000000005,BA03050040,,,,,,,91.20,91,28042.3912459,TASWIL5000020230907KABKOTA,Mamberamo Raya,,2.28030775228,13.664376657,4326,4,,,Mamberamo Raya,Papua,,0,Sarmi,,2022-12,0.017782161112659404,12,0.017782161112659404,VIIRS DNB,nW/cm2/sr,2022,"{""type"":""MultiPoint"",""coordinates"":[]}"
107_00000000000000000008,BA03050040,,,,,,,91.15,91,10778.7667558,TASWIL5000020230907KABKOTA,Waropen,,0.876665218552,7.26174952493,4326,4,,,Waropen,Papua,,0,Yapen Waropen,,2022-12,0.014984918466751151,12,0.014984918466751151,VIIRS DNB,nW/cm2/sr,2022,"{""type"":""MultiPoint"",""coordinates"":[]}"
108_00000000000000000000,BA03050040,,,,,,,91.06,91,2257.7785726,TASWIL5000020230907KABKOTA,Biak Numfor,,0.183451690197,5.35532578171,4326,4,,,Biak Numfor,Papua,,0,,,2023-01,0.05026715374412269,1,0.05026715374412269,VIIRS DNB,nW/cm2/sr,2023,"{""type"":""MultiPoint"",""coordinates"":[]}"
108_00000000000000000001,BA03050040,,,,,,,91.03,91,14082.2122578,TASWIL5000020230907KABKOTA,Jayapura,,1.14561199815,9.52170493241,4326,4,,,Jayapura,Papua,,0,,,2023-01,0.021065122540885838,1,0.021065122540885838,VIIRS DNB,nW/cm2/sr,2023,"{""type"":""MultiPoint"",""coordinates"":[]}"
108_00000000000000000003,BA03050040,,,,,,,91.05,91,2429.0300227,TASWIL5000020230907KABKOTA,Kepulauan Yapen,,0.19742592562,8.55393507975,4326,4,,,Kepulauan Yapen,Papua,,0,,,2023-01,0.013552863554637211,1,0.013552863554637211,VIIRS DNB,nW/cm2/sr,2023,"{""type"":""MultiPoint"",""coordinates"":[]}"
108_00000000000000000007,BA03050040,,,,,,,91.19,91,660.611723589,TASWIL5000020230907KABKOTA,Supiori,,0.0536731325628,3.38191482935,4326,4,,,Supiori,Papua,,0,Biak Numfor,,2023-01,0.03724987062856479,1,0.03724987062856479,VIIRS DNB,nW/cm2/sr,2023,"{""type"":""MultiPoint"",""coordinates"":[]}"
108_00000000000000000002,BA03050040,,,,,,,91.11,91,9526.3153833,TASWIL5000020230907KABKOTA,Keerom,,0.775256858574,6.07708966623,4326,4,,,Keerom,Papua,,0,Jayapura,,2023-01,0.08320009567680191,1,0.08320009567680191,VIIRS DNB,nW/cm2/sr,2023,"{""type"":""MultiPoint"",""coordinates"":[]}"
108_00000000000000000004,BA03050040,,,,,,,91.71,91,835.479147077,TASWIL5000020230907KABKOTA,Kota Jayapura,,0.0679466217871,2.36790963878,4326,5,,,Kota Jayapura,Papua,,0,Jayapura,,2023-01,0.23704330809390312,1,0.23704330809390312,VIIRS DNB,nW/cm2/sr,2023,"{""type"":""MultiPoint"",""coordinates"":[]}"
108_00000000000000000006,BA03050040,,,,,,,91.10,91,14068.3737441,TASWIL5000020230907KABKOTA,Sarmi,,1.1439791998,11.4902362416,4326,4,,,Sarmi,Papua,,0,Jayapura,,2023-01,0.01360525133099217,1,0.01360525133099217,VIIRS DNB,nW/cm2/sr,2023,"{""type"":""MultiPoint"",""coordinates"":[]}"
108_00000000000000000005,BA03050040,,,,,,,91.20,91,28042.3912459,TASWIL5000020230907KABKOTA,Mamberamo Raya,,2.28030775228,13.664376657,4326,4,,,Mamberamo Raya,Papua,,0,Sarmi,,2023-01,0.020339779787971298,1,0.020339779787971298,VIIRS DNB,nW/cm2/sr,2023,"{""type"":""MultiPoint"",""coordinates"":[]}"
108_00000000000000000008,BA03050040,,,,,,,91.15,91,10778.7667558,TASWIL5000020230907KABKOTA,Waropen,,0.876665218552,7.26174952493,4326,4,,,Waropen,Papua,,0,Yapen Waropen,,2023-01,0.005999443340338211,1,0.005999443340338211,VIIRS DNB,nW/cm2/sr,2023,"{""type"":""MultiPoint"",""coordinates"":[]}"
109_00000000000000000000,BA03050040,,,,,,,91.06,91,2257.7785726,TASWIL5000020230907KABKOTA,Biak Numfor,,0.183451690197,5.35532578171,4326,4,,,Biak Numfor,Papua,,0,,,2023-02,0.2501266017268504,2,0.2501266017268504,VIIRS DNB,nW/cm2/sr,2023,"{""type"":""MultiPoint"",""coordinates"":[]}"
109_00000000000000000001,BA03050040,,,,,,,91.03,91,14082.2122578,TASWIL5000020230907KABKOTA,Jayapura,,1.14561199815,9.52170493241,4326,4,,,Jayapura,Papua,,0,,,2023-02,0.00902686555803174,2,0.00902686555803174,VIIRS DNB,nW/cm2/sr,2023,"{""type"":""MultiPoint"",""coordinates"":[]}"
109_00000000000000000003,BA03050040,,,,,,,91.05,91,2429.0300227,TASWIL5000020230907KABKOTA,Kepulauan Yapen,,0.19742592562,8.55393507975,4326,4,,,Kepulauan Yapen,Papua,,0,,,2023-02,0.06174941606371983,2,0.06174941606371983,VIIRS DNB,nW/cm2/sr,2023,"{""type"":""MultiPoint"",""coordinates"":[]}"
109_00000000000000000007,BA03050040,,,,,,,91.19,91,660.611723589,TASWIL5000020230907KABKOTA,Supiori,,0.0536731325628,3.38191482935,4326,4,,,Supiori,Papua,,0,Biak Numfor,,2023-02,0.009003186964699835,2,0.009003186964699835,VIIRS DNB,nW/cm2/sr,2023,"{""type"":""MultiPoint"",""coordinates"":[]}"
109_00000000000000000002,BA03050040,,,,,,,91.11,91,9526.3153833,TASWIL5000020230907KABKOTA,Keerom,,0.775256858574,6.07708966623,4326,4,,,Keerom,Papua,,0,Jayapura,,2023-02,0.025003376942566366,2,0.025003376942566366,VIIRS DNB,nW/cm2/sr,2023,"{""type"":""MultiPoint"",""coordinates"":[]}"
109_00000000000000000004,BA03050040,,,,,,,91.71,91,835.479147077,TASWIL5000020230907KABKOTA,Kota Jayapura,,0.0679466217871,2.36790963878,4326,5,,,Kota Jayapura,Papua,,0,Jayapura,,2023-02,0.2225059943636094,2,0.2225059943636094,VIIRS DNB,nW/cm2/sr,2023,"{""type"":""MultiPoint"",""coordinates"":[]}"
109_00000000000000000006,BA03050040,,,,,,,91.10,91,14068.3737441,TASWIL5000020230907KABKOTA,Sarmi,,1.1439791998,11.4902362416,4326,4,,,Sarmi,Papua,,0,Jayapura,,2023-02,0.009998802146087234,2,0.009998802146087234,VIIRS DNB,nW/cm2/sr,2023,"{""type"":""MultiPoint"",""coordinates"":[]}"
109_00000000000000000005,BA03050040,,,,,,,91.20,91,28042.3912459,TASWIL5000020230907KABKOTA,Mamberamo Raya,,2.28030775228,13.664376657,4326,4,,,Mamberamo Raya,Papua,,0,Sarmi,,2023-02,0.0027684815429945683,2,0.0027684815429945683,VIIRS DNB,nW/cm2/sr,2023,"{""type"":""MultiPoint"",""coordinates"":[]}"
109_00000000000000000008,BA03050040,,,,,,,91.15,91,10778.7667558,TASWIL5000020230907KABKOTA,Waropen,,0.876665218552,7.26174952493,4326,4,,,Waropen,Papua,,0,Yapen Waropen,,2023-02,0.08379309046997707,2,0.08379309046997707,VIIRS DNB,nW/cm2/sr,2023,"{""type"":""MultiPoint"",""coordinates"":[]}"
110_00000000000000000000,BA03050040,,,,,,,91.06,91,2257.7785726,TASWIL5000020230907KABKOTA,Biak Numfor,,0.183451690197,5.35532578171,4326,4,,,Biak Numfor,Papua,,0,,,2023-03,0.4026157778334735,3,0.4026157778334735,VIIRS DNB,nW/cm2/sr,2023,"{""type"":""MultiPoint"",""coordinates"":[]}"
110_00000000000000000001,BA03050040,,,,,,,91.03,91,14082.2122578,TASWIL5000020230907KABKOTA,Jayapura,,1.14561199815,9.52170493241,4326,4,,,Jayapura,Papua,,0,,,2023-03,0.18286610221991872,3,0.18286610221991872,VIIRS DNB,nW/cm2/sr,2023,"{""type"":""MultiPoint"",""coordinates"":[]}"
110_00000000000000000003,BA03050040,,,,,,,91.05,91,2429.0300227,TASWIL5000020230907KABKOTA,Kepulauan Yapen,,0.19742592562,8.55393507975,4326,4,,,Kepulauan Yapen,Papua,,0,,,2023-03,0.21932121318241538,3,0.21932121318241538,VIIRS DNB,nW/cm2/sr,2023,"{""type"":""MultiPoint"",""coordinates"":[]}"
110_00000000000000000007,BA03050040,,,,,,,91.19,91,660.611723589,TASWIL5000020230907KABKOTA,Supiori,,0.0536731325628,3.38191482935,4326,4,,,Supiori,Papua,,0,Biak Numfor,,2023-03,0.2854008078265171,3,0.2854008078265171,VIIRS DNB,nW/cm2/sr,2023,"{""type"":""MultiPoint"",""coordinates"":[]}"
110_00000000000000000002,BA03050040,,,,,,,91.11,91,9526.3153833,TASWIL5000020230907KABKOTA,Keerom,,0.775256858574,6.07708966623,4326,4,,,Keerom,Papua,,0,Jayapura,,2023-03,0.29841322572172313,3,0.29841322572172313,VIIRS DNB,nW/cm2/sr,2023,"{""type"":""MultiPoint"",""coordinates"":[]}"
110_00000000000000000004,BA03050040,,,,,,,91.71,91,835.479147077,TASWIL5000020230907KABKOTA,Kota Jayapura,,0.0679466217871,2.36790963878,4326,5,,,Kota Jayapura,Papua,,0,Jayapura,,2023-03,1.139298145930323,3,1.139298145930323,VIIRS DNB,nW/cm2/sr,2023,"{""type"":""MultiPoint"",""coordinates"":[]}"
110_00000000000000000006,BA03050040,,,,,,,91.10,91,14068.3737441,TASWIL5000020230907KABKOTA,Sarmi,,1.1439791998,11.4902362416,4326,4,,,Sarmi,Papua,,0,Jayapura,,2023-03,0.28449752064104616,3,0.28449752064104616,VIIRS DNB,nW/cm2/sr,2023,"{""type"":""MultiPoint"",""coordinates"":[]}"
110_00000000000000000005,BA03050040,,,,,,,91.20,91,28042.3912459,TASWIL5000020230907KABKOTA,Mamberamo Raya,,2.28030775228,13.664376657,4326,4,,,Mamberamo Raya,Papua,,0,Sarmi,,2023-03,0.20529344220821857,3,0.20529344220821857,VIIRS DNB,nW/cm2/sr,2023,"{""type"":""MultiPoint"",""coordinates"":[]}"
110_00000000000000000008,BA03050040,,,,,,,91.15,91,10778.7667558,TASWIL5000020230907KABKOTA,Waropen,,0.876665218552,7.26174952493,4326,4,,,Waropen,Papua,,0,Yapen Waropen,,2023-03,0.2194309086188536,3,0.2194309086188536,VIIRS DNB,nW/cm2/sr,2023,"{""type"":""MultiPoint"",""coordinates"":[]}"
111_00000000000000000000,BA03050040,,,,,,,91.06,91,2257.7785726,TASWIL5000020230907KABKOTA,Biak Numfor,,0.183451690197,5.35532578171,4326,4,,,Biak Numfor,Papua,,0,,,2023-04,0.5488603007878899,4,0.5488603007878899,VIIRS DNB,nW/cm2/sr,2023,"{""type"":""MultiPoint"",""coordinates"":[]}"
111_00000000000000000001,BA03050040,,,,,,,91.03,91,14082.2122578,TASWIL5000020230907KABKOTA,Jayapura,,1.14561199815,9.52170493241,4326,4,,,Jayapura,Papua,,0,,,2023-04,0.5182501568481366,4,0.5182501568481366,VIIRS DNB,nW/cm2/sr,2023,"{""type"":""MultiPoint"",""coordinates"":[]}"
111_00000000000000000003,BA03050040,,,,,,,91.05,91,2429.0300227,TASWIL5000020230907KABKOTA,Kepulauan Yapen,,0.19742592562,8.55393507975,4326,4,,,Kepulauan Yapen,Papua,,0,,,2023-04,0.37604998287517133,4,0.37604998287517133,VIIRS DNB,nW/cm2/sr,2023,"{""type"":""MultiPoint"",""coordinates"":[]}"
111_00000000000000000007,BA03050040,,,,,,,91.19,91,660.611723589,TASWIL5000020230907KABKOTA,Supiori,,0.0536731325628,3.38191482935,4326,4,,,Supiori,Papua,,0,Biak Numfor,,2023-04,0.3948398848601792,4,0.3948398848601792,VIIRS DNB,nW/cm2/sr,2023,"{""type"":""MultiPoint"",""coordinates"":[]}"
111_00000000000000000002,BA03050040,,,,,,,91.11,91,9526.3153833,TASWIL5000020230907KABKOTA,Keerom,,0.775256858574,6.07708966623,4326,4,,,Keerom,Papua,,0,Jayapura,,2023-04,0.5099329071444076,4,0.5099329071444076,VIIRS DNB,nW/cm2/sr,2023,"{""type"":""MultiPoint"",""coordinates"":[]}"
111_00000000000000000004,BA03050040,,,,,,,91.71,91,835.479147077,TASWIL5000020230907KABKOTA,Kota Jayapura,,0.0679466217871,2.36790963878,4326,5,,,Kota Jayapura,Papua,,0,Jayapura,,2023-04,0.9858897903699688,4,0.9858897903699688,VIIRS DNB,nW/cm2/sr,2023,"{""type"":""MultiPoint"",""coordinates"":[]}"
111_00000000000000000006,BA03050040,,,,,,,91.10,91,14068.3737441,TASWIL5000020230907KABKOTA,Sarmi,,1.1439791998,11.4902362416,4326,4,,,Sarmi,Papua,,0,Jayapura,,2023-04,0.44004662908352893,4,0.44004662908352893,VIIRS DNB,nW/cm2/sr,2023,"{""type"":""MultiPoint"",""coordinates"":[]}"
111_00000000000000000005,BA03050040,,,,,,,91.20,91,28042.3912459,TASWIL5000020230907KABKOTA,Mamberamo Raya,,2.28030775228,13.664376657,4326,4,,,Mamberamo Raya,Papua,,0,Sarmi,,2023-04,0.4117440347982061,4,0.4117440347982061,VIIRS DNB,nW/cm2/sr,2023,"{""type"":""MultiPoint"",""coordinates"":[]}"
111_00000000000000000008,BA03050040,,,,,,,91.15,91,10778.7667558,TASWIL5000020230907KABKOTA,Waropen,,0.876665218552,7.26174952493,4326,4,,,Waropen,Papua,,0,Yapen Waropen,,2023-04,0.3870097375620468,4,0.3870097375620468,VIIRS DNB,nW/cm2/sr,2023,"{""type"":""MultiPoint"",""coordinates"":[]}"
112_00000000000000000000,BA03050040,,,,,,,91.06,91,2257.7785726,TASWIL5000020230907KABKOTA,Biak Numfor,,0.183451690197,5.35532578171,4326,4,,,Biak Numfor,Papua,,0,,,2023-05,0.47441470379961015,5,0.47441470379961015,VIIRS DNB,nW/cm2/sr,2023,"{""type"":""MultiPoint"",""coordinates"":[]}"
112_00000000000000000001,BA03050040,,,,,,,91.03,91,14082.2122578,TASWIL5000020230907KABKOTA,Jayapura,,1.14561199815,9.52170493241,4326,4,,,Jayapura,Papua,,0,,,2023-05,0.23101581940775015,5,0.23101581940775015,VIIRS DNB,nW/cm2/sr,2023,"{""type"":""MultiPoint"",""coordinates"":[]}"
112_00000000000000000003,BA03050040,,,,,,,91.05,91,2429.0300227,TASWIL5000020230907KABKOTA,Kepulauan Yapen,,0.19742592562,8.55393507975,4326,4,,,Kepulauan Yapen,Papua,,0,,,2023-05,0.40490467780612716,5,0.40490467780612716,VIIRS DNB,nW/cm2/sr,2023,"{""type"":""MultiPoint"",""coordinates"":[]}"
112_00000000000000000007,BA03050040,,,,,,,91.19,91,660.611723589,TASWIL5000020230907KABKOTA,Supiori,,0.0536731325628,3.38191482935,4326,4,,,Supiori,Papua,,0,Biak Numfor,,2023-05,0.3398026781127506,5,0.3398026781127506,VIIRS DNB,nW/cm2/sr,2023,"{""type"":""MultiPoint"",""coordinates"":[]}"
112_00000000000000000002,BA03050040,,,,,,,91.11,91,9526.3153833,TASWIL5000020230907KABKOTA,Keerom,,0.775256858574,6.07708966623,4326,4,,,Keerom,Papua,,0,Jayapura,,2023-05,0.16795275377490354,5,0.16795275377490354,VIIRS DNB,nW/cm2/sr,2023,"{""type"":""MultiPoint"",""coordinates"":[]}"
112_00000000000000000004,BA03050040,,,,,,,91.71,91,835.479147077,TASWIL5000020230907KABKOTA,Kota Jayapura,,0.0679466217871,2.36790963878,4326,5,,,Kota Jayapura,Papua,,0,Jayapura,,2023-05,1.011771686966476,5,1.011771686966476,VIIRS DNB,nW/cm2/sr,2023,"{""type"":""MultiPoint"",""coordinates"":[]}"
112_00000000000000000006,BA03050040,,,,,,,91.10,91,14068.3737441,TASWIL5000020230907KABKOTA,Sarmi,,1.1439791998,11.4902362416,4326,4,,,Sarmi,Papua,,0,Jayapura,,2023-05,0.29202290813339665,5,0.29202290813339665,VIIRS DNB,nW/cm2/sr,2023,"{""type"":""MultiPoint"",""coordinates"":[]}"
112_00000000000000000005,BA03050040,,,,,,,91.20,91,28042.3912459,TASWIL5000020230907KABKOTA,Mamberamo Raya,,2.28030775228,13.664376657,4326,4,,,Mamberamo Raya,Papua,,0,Sarmi,,2023-05,0.27825563782443846,5,0.27825563782443846,VIIRS DNB,nW/cm2/sr,2023,"{""type"":""MultiPoint"",""coordinates"":[]}"
112_00000000000000000008,BA03050040,,,,,,,91.15,91,10778.7667558,TASWIL5000020230907KABKOTA,Waropen,,0.876665218552,7.26174952493,4326,4,,,Waropen,Papua,,0,Yapen Waropen,,2023-05,0.36374407414144305,5,0.36374407414144305,VIIRS DNB,nW/cm2/sr,2023,"{""type"":""MultiPoint"",""coordinates"":[]}"
113_00000000000000000000,BA03050040,,,,,,,91.06,91,2257.7785726,TASWIL5000020230907KABKOTA,Biak Numfor,,0.183451690197,5.35532578171,4326,4,,,Biak Numfor,Papua,,0,,,2023-06,0.40675403599678267,6,0.40675403599678267,VIIRS DNB,nW/cm2/sr,2023,"{""type"":""MultiPoint"",""coordinates"":[]}"
113_00000000000000000001,BA03050040,,,,,,,91.03,91,14082.2122578,TASWIL5000020230907KABKOTA,Jayapura,,1.14561199815,9.52170493241,4326,4,,,Jayapura,Papua,,0,,,2023-06,0.2791922667023528,6,0.2791922667023528,VIIRS DNB,nW/cm2/sr,2023,"{""type"":""MultiPoint"",""coordinates"":[]}"
113_00000000000000000003,BA03050040,,,,,,,91.05,91,2429.0300227,TASWIL5000020230907KABKOTA,Kepulauan Yapen,,0.19742592562,8.55393507975,4326,4,,,Kepulauan Yapen,Papua,,0,,,2023-06,0.3154337428731934,6,0.3154337428731934,VIIRS DNB,nW/cm2/sr,2023,"{""type"":""MultiPoint"",""coordinates"":[]}"
113_00000000000000000007,BA03050040,,,,,,,91.19,91,660.611723589,TASWIL5000020230907KABKOTA,Supiori,,0.0536731325628,3.38191482935,4326,4,,,Supiori,Papua,,0,Biak Numfor,,2023-06,0.31059025558797343,6,0.31059025558797343,VIIRS DNB,nW/cm2/sr,2023,"{""type"":""MultiPoint"",""coordinates"":[]}"
113_00000000000000000002,BA03050040,,,,,,,91.11,91,9526.3153833,TASWIL5000020230907KABKOTA,Keerom,,0.775256858574,6.07708966623,4326,4,,,Keerom,Papua,,0,Jayapura,,2023-06,0.2695052276037591,6,0.2695052276037591,VIIRS DNB,nW/cm2/sr,2023,"{""type"":""MultiPoint"",""coordinates"":[]}"
113_00000000000000000004,BA03050040,,,,,,,91.71,91,835.479147077,TASWIL5000020230907KABKOTA,Kota Jayapura,,0.0679466217871,2.36790963878,4326,5,,,Kota Jayapura,Papua,,0,Jayapura,,2023-06,1.2121022167198734,6,1.2121022167198734,VIIRS DNB,nW/cm2/sr,2023,"{""type"":""MultiPoint"",""coordinates"":[]}"
113_00000000000000000006,BA03050040,,,,,,,91.10,91,14068.3737441,TASWIL5000020230907KABKOTA,Sarmi,,1.1439791998,11.4902362416,4326,4,,,Sarmi,Papua,,0,Jayapura,,2023-06,0.24843507966031966,6,0.24843507966031966,VIIRS DNB,nW/cm2/sr,2023,"{""type"":""MultiPoint"",""coordinates"":[]}"
113_00000000000000000005,BA03050040,,,,,,,91.20,91,28042.3912459,TASWIL5000020230907KABKOTA,Mamberamo Raya,,2.28030775228,13.664376657,4326,4,,,Mamberamo Raya,Papua,,0,Sarmi,,2023-06,0.25138207014689523,6,0.25138207014689523,VIIRS DNB,nW/cm2/sr,2023,"{""type"":""MultiPoint"",""coordinates"":[]}"
113_00000000000000000008,BA03050040,,,,,,,91.15,91,10778.7667558,TASWIL5000020230907KABKOTA,Waropen,,0.876665218552,7.26174952493,4326,4,,,Waropen,Papua,,0,Yapen Waropen,,2023-06,0.2661017495589373,6,0.2661017495589373,VIIRS DNB,nW/cm2/sr,2023,"{""type"":""MultiPoint"",""coordinates"":[]}"
114_00000000000000000000,BA03050040,,,,,,,91.06,91,2257.7785726,TASWIL5000020230907KABKOTA,Biak Numfor,,0.183451690197,5.35532578171,4326,4,,,Biak Numfor,Papua,,0,,,2023-07,0.3082429621287467,7,0.3082429621287467,VIIRS DNB,nW/cm2/sr,2023,"{""type"":""MultiPoint"",""coordinates"":[]}"
114_00000000000000000001,BA03050040,,,,,,,91.03,91,14082.2122578,TASWIL5000020230907KABKOTA,Jayapura,,1.14561199815,9.52170493241,4326,4,,,Jayapura,Papua,,0,,,2023-07,0.2934283481904342,7,0.2934283481904342,VIIRS DNB,nW/cm2/sr,2023,"{""type"":""MultiPoint"",""coordinates"":[]}"
114_00000000000000000003,BA03050040,,,,,,,91.05,91,2429.0300227,TASWIL5000020230907KABKOTA,Kepulauan Yapen,,0.19742592562,8.55393507975,4326,4,,,Kepulauan Yapen,Papua,,0,,,2023-07,0.1535187601185175,7,0.1535187601185175,VIIRS DNB,nW/cm2/sr,2023,"{""type"":""MultiPoint"",""coordinates"":[]}"
114_00000000000000000007,BA03050040,,,,,,,91.19,91,660.611723589,TASWIL5000020230907KABKOTA,Supiori,,0.0536731325628,3.38191482935,4326,4,,,Supiori,Papua,,0,Biak Numfor,,2023-07,0.2018217527304639,7,0.2018217527304639,VIIRS DNB,nW/cm2/sr,2023,"{""type"":""MultiPoint"",""coordinates"":[]}"
114_00000000000000000002,BA03050040,,,,,,,91.11,91,9526.3153833,TASWIL5000020230907KABKOTA,Keerom,,0.775256858574,6.07708966623,4326,4,,,Keerom,Papua,,0,Jayapura,,2023-07,0.26752016759515884,7,0.26752016759515884,VIIRS DNB,nW/cm2/sr,2023,"{""type"":""MultiPoint"",""coordinates"":[]}"
114_00000000000000000004,BA03050040,,,,,,,91.71,91,835.479147077,TASWIL5000020230907KABKOTA,Kota Jayapura,,0.0679466217871,2.36790963878,4326,5,,,Kota Jayapura,Papua,,0,Jayapura,,2023-07,1.1889440598800827,7,1.1889440598800827,VIIRS DNB,nW/cm2/sr,2023,"{""type"":""MultiPoint"",""coordinates"":[]}"
114_00000000000000000006,BA03050040,,,,,,,91.10,91,14068.3737441,TASWIL5000020230907KABKOTA,Sarmi,,1.1439791998,11.4902362416,4326,4,,,Sarmi,Papua,,0,Jayapura,,2023-07,0.2585383557161914,7,0.2585383557161914,VIIRS DNB,nW/cm2/sr,2023,"{""type"":""MultiPoint"",""coordinates"":[]}"
114_00000000000000000005,BA03050040,,,,,,,91.20,91,28042.3912459,TASWIL5000020230907KABKOTA,Mamberamo Raya,,2.28030775228,13.664376657,4326,4,,,Mamberamo Raya,Papua,,0,Sarmi,,2023-07,0.2685235623521845,7,0.2685235623521845,VIIRS DNB,nW/cm2/sr,2023,"{""type"":""MultiPoint"",""coordinates"":[]}"
114_00000000000000000008,BA03050040,,,,,,,91.15,91,10778.7667558,TASWIL5000020230907KABKOTA,Waropen,,0.876665218552,7.26174952493,4326,4,,,Waropen,Papua,,0,Yapen Waropen,,2023-07,0.256401556648106,7,0.256401556648106,VIIRS DNB,nW/cm2/sr,2023,"{""type"":""MultiPoint"",""coordinates"":[]}"
115_00000000000000000000,BA03050040,,,,,,,91.06,91,2257.7785726,TASWIL5000020230907KABKOTA,Biak Numfor,,0.183451690197,5.35532578171,4326,4,,,Biak Numfor,Papua,,0,,,2023-08,0.3385175395513323,8,0.3385175395513323,VIIRS DNB,nW/cm2/sr,2023,"{""type"":""MultiPoint"",""coordinates"":[]}"
115_00000000000000000001,BA03050040,,,,,,,91.03,91,14082.2122578,TASWIL5000020230907KABKOTA,Jayapura,,1.14561199815,9.52170493241,4326,4,,,Jayapura,Papua,,0,,,2023-08,0.25947837128026785,8,0.25947837128026785,VIIRS DNB,nW/cm2/sr,2023,"{""type"":""MultiPoint"",""coordinates"":[]}"
115_00000000000000000003,BA03050040,,,,,,,91.05,91,2429.0300227,TASWIL5000020230907KABKOTA,Kepulauan Yapen,,0.19742592562,8.55393507975,4326,4,,,Kepulauan Yapen,Papua,,0,,,2023-08,0.1085417388602706,8,0.1085417388602706,VIIRS DNB,nW/cm2/sr,2023,"{""type"":""MultiPoint"",""coordinates"":[]}"
115_00000000000000000007,BA03050040,,,,,,,91.19,91,660.611723589,TASWIL5000020230907KABKOTA,Supiori,,0.0536731325628,3.38191482935,4326,4,,,Supiori,Papua,,0,Biak Numfor,,2023-08,0.23270667050357755,8,0.23270667050357755,VIIRS DNB,nW/cm2/sr,2023,"{""type"":""MultiPoint"",""coordinates"":[]}"
115_00000000000000000002,BA03050040,,,,,,,91.11,91,9526.3153833,TASWIL5000020230907KABKOTA,Keerom,,0.775256858574,6.07708966623,4326,4,,,Keerom,Papua,,0,Jayapura,,2023-08,0.23891286182143198,8,0.23891286182143198,VIIRS DNB,nW/cm2/sr,2023,"{""type"":""MultiPoint"",""coordinates"":[]}"
115_00000000000000000004,BA03050040,,,,,,,91.71,91,835.479147077,TASWIL5000020230907KABKOTA,Kota Jayapura,,0.0679466217871,2.36790963878,4326,5,,,Kota Jayapura,Papua,,0,Jayapura,,2023-08,1.20760770802217,8,1.20760770802217,VIIRS DNB,nW/cm2/sr,2023,"{""type"":""MultiPoint"",""coordinates"":[]}"
115_00000000000000000006,BA03050040,,,,,,,91.10,91,14068.3737441,TASWIL5000020230907KABKOTA,Sarmi,,1.1439791998,11.4902362416,4326,4,,,Sarmi,Papua,,0,Jayapura,,2023-08,0.22835150356051792,8,0.22835150356051792,VIIRS DNB,nW/cm2/sr,2023,"{""type"":""MultiPoint"",""coordinates"":[]}"
115_00000000000000000005,BA03050040,,,,,,,91.20,91,28042.3912459,TASWIL5000020230907KABKOTA,Mamberamo Raya,,2.28030775228,13.664376657,4326,4,,,Mamberamo Raya,Papua,,0,Sarmi,,2023-08,0.19799729936371796,8,0.19799729936371796,VIIRS DNB,nW/cm2/sr,2023,"{""type"":""MultiPoint"",""coordinates"":[]}"
115_00000000000000000008,BA03050040,,,,,,,91.15,91,10778.7667558,TASWIL5000020230907KABKOTA,Waropen,,0.876665218552,7.26174952493,4326,4,,,Waropen,Papua,,0,Yapen Waropen,,2023-08,0.11742159762448978,8,0.11742159762448978,VIIRS DNB,nW/cm2/sr,2023,"{""type"":""MultiPoint"",""coordinates"":[]}"
116_00000000000000000000,BA03050040,,,,,,,91.06,91,2257.7785726,TASWIL5000020230907KABKOTA,Biak Numfor,,0.183451690197,5.35532578171,4326,4,,,Biak Numfor,Papua,,0,,,2023-09,0.5015669983604057,9,0.5015669983604057,VIIRS DNB,nW/cm2/sr,2023,"{""type"":""MultiPoint"",""coordinates"":[]}"
116_00000000000000000001,BA03050040,,,,,,,91.03,91,14082.2122578,TASWIL5000020230907KABKOTA,Jayapura,,1.14561199815,9.52170493241,4326,4,,,Jayapura,Papua,,0,,,2023-09,0.3863242592056494,9,0.3863242592056494,VIIRS DNB,nW/cm2/sr,2023,"{""type"":""MultiPoint"",""coordinates"":[]}"
116_00000000000000000003,BA03050040,,,,,,,91.05,91,2429.0300227,TASWIL5000020230907KABKOTA,Kepulauan Yapen,,0.19742592562,8.55393507975,4326,4,,,Kepulauan Yapen,Papua,,0,,,2023-09,0.25861339352324664,9,0.25861339352324664,VIIRS DNB,nW/cm2/sr,2023,"{""type"":""MultiPoint"",""coordinates"":[]}"
116_00000000000000000007,BA03050040,,,,,,,91.19,91,660.611723589,TASWIL5000020230907KABKOTA,Supiori,,0.0536731325628,3.38191482935,4326,4,,,Supiori,Papua,,0,Biak Numfor,,2023-09,0.3650447955589821,9,0.3650447955589821,VIIRS DNB,nW/cm2/sr,2023,"{""type"":""MultiPoint"",""coordinates"":[]}"
116_00000000000000000002,BA03050040,,,,,,,91.11,91,9526.3153833,TASWIL5000020230907KABKOTA,Keerom,,0.775256858574,6.07708966623,4326,4,,,Keerom,Papua,,0,Jayapura,,2023-09,0.3190352176893874,9,0.3190352176893874,VIIRS DNB,nW/cm2/sr,2023,"{""type"":""MultiPoint"",""coordinates"":[]}"
116_00000000000000000004,BA03050040,,,,,,,91.71,91,835.479147077,TASWIL5000020230907KABKOTA,Kota Jayapura,,0.0679466217871,2.36790963878,4326,5,,,Kota Jayapura,Papua,,0,Jayapura,,2023-09,0.7051151671107738,9,0.7051151671107738,VIIRS DNB,nW/cm2/sr,2023,"{""type"":""MultiPoint"",""coordinates"":[]}"
116_00000000000000000006,BA03050040,,,,,,,91.10,91,14068.3737441,TASWIL5000020230907KABKOTA,Sarmi,,1.1439791998,11.4902362416,4326,4,,,Sarmi,Papua,,0,Jayapura,,2023-09,0.3834082121239254,9,0.3834082121239254,VIIRS DNB,nW/cm2/sr,2023,"{""type"":""MultiPoint"",""coordinates"":[]}"
116_00000000000000000005,BA03050040,,,,,,,91.20,91,28042.3912459,TASWIL5000020230907KABKOTA,Mamberamo Raya,,2.28030775228,13.664376657,4326,4,,,Mamberamo Raya,Papua,,0,Sarmi,,2023-09,0.32106025311600983,9,0.32106025311600983,VIIRS DNB,nW/cm2/sr,2023,"{""type"":""MultiPoint"",""coordinates"":[]}"
116_00000000000000000008,BA03050040,,,,,,,91.15,91,10778.7667558,TASWIL5000020230907KABKOTA,Waropen,,0.876665218552,7.26174952493,4326,4,,,Waropen,Papua,,0,Yapen Waropen,,2023-09,0.2484845803552884,9,0.2484845803552884,VIIRS DNB,nW/cm2/sr,2023,"{""type"":""MultiPoint"",""coordinates"":[]}"
117_00000000000000000000,BA03050040,,,,,,,91.06,91,2257.7785726,TASWIL5000020230907KABKOTA,Biak Numfor,,0.183451690197,5.35532578171,4326,4,,,Biak Numfor,Papua,,0,,,2023-10,0.40726506572455984,10,0.40726506572455984,VIIRS DNB,nW/cm2/sr,2023,"{""type"":""MultiPoint"",""coordinates"":[]}"
117_00000000000000000001,BA03050040,,,,,,,91.03,91,14082.2122578,TASWIL5000020230907KABKOTA,Jayapura,,1.14561199815,9.52170493241,4326,4,,,Jayapura,Papua,,0,,,2023-10,0.30599000885224314,10,0.30599000885224314,VIIRS DNB,nW/cm2/sr,2023,"{""type"":""MultiPoint"",""coordinates"":[]}"
117_00000000000000000003,BA03050040,,,,,,,91.05,91,2429.0300227,TASWIL5000020230907KABKOTA,Kepulauan Yapen,,0.19742592562,8.55393507975,4326,4,,,Kepulauan Yapen,Papua,,0,,,2023-10,0.294608591581275,10,0.294608591581275,VIIRS DNB,nW/cm2/sr,2023,"{""type"":""MultiPoint"",""coordinates"":[]}"
117_00000000000000000007,BA03050040,,,,,,,91.19,91,660.611723589,TASWIL5000020230907KABKOTA,Supiori,,0.0536731325628,3.38191482935,4326,4,,,Supiori,Papua,,0,Biak Numfor,,2023-10,0.24743523575262413,10,0.24743523575262413,VIIRS DNB,nW/cm2/sr,2023,"{""type"":""MultiPoint"",""coordinates"":[]}"
117_00000000000000000002,BA03050040,,,,,,,91.11,91,9526.3153833,TASWIL5000020230907KABKOTA,Keerom,,0.775256858574,6.07708966623,4326,4,,,Keerom,Papua,,0,Jayapura,,2023-10,0.2711109240792309,10,0.2711109240792309,VIIRS DNB,nW/cm2/sr,2023,"{""type"":""MultiPoint"",""coordinates"":[]}"
117_00000000000000000004,BA03050040,,,,,,,91.71,91,835.479147077,TASWIL5000020230907KABKOTA,Kota Jayapura,,0.0679466217871,2.36790963878,4326,5,,,Kota Jayapura,Papua,,0,Jayapura,,2023-10,1.2835094249939594,10,1.2835094249939594,VIIRS DNB,nW/cm2/sr,2023,"{""type"":""MultiPoint"",""coordinates"":[]}"
117_00000000000000000006,BA03050040,,,,,,,91.10,91,14068.3737441,TASWIL5000020230907KABKOTA,Sarmi,,1.1439791998,11.4902362416,4326,4,,,Sarmi,Papua,,0,Jayapura,,2023-10,0.2543821190242567,10,0.2543821190242567,VIIRS DNB,nW/cm2/sr,2023,"{""type"":""MultiPoint"",""coordinates"":[]}"
117_00000000000000000005,BA03050040,,,,,,,91.20,91,28042.3912459,TASWIL5000020230907KABKOTA,Mamberamo Raya,,2.28030775228,13.664376657,4326,4,,,Mamberamo Raya,Papua,,0,Sarmi,,2023-10,0.24335263305012844,10,0.24335263305012844,VIIRS DNB,nW/cm2/sr,2023,"{""type"":""MultiPoint"",""coordinates"":[]}"
117_00000000000000000008,BA03050040,,,,,,,91.15,91,10778.7667558,TASWIL5000020230907KABKOTA,Waropen,,0.876665218552,7.26174952493,4326,4,,,Waropen,Papua,,0,Yapen Waropen,,2023-10,0.25042185060879735,10,0.25042185060879735,VIIRS DNB,nW/cm2/sr,2023,"{""type"":""MultiPoint"",""coordinates"":[]}"
118_00000000000000000000,BA03050040,,,,,,,91.06,91,2257.7785726,TASWIL5000020230907KABKOTA,Biak Numfor,,0.183451690197,5.35532578171,4326,4,,,Biak Numfor,Papua,,0,,,2023-11,0.5758577001249718,11,0.5758577001249718,VIIRS DNB,nW/cm2/sr,2023,"{""type"":""MultiPoint"",""coordinates"":[]}"
118_00000000000000000001,BA03050040,,,,,,,91.03,91,14082.2122578,TASWIL5000020230907KABKOTA,Jayapura,,1.14561199815,9.52170493241,4326,4,,,Jayapura,Papua,,0,,,2023-11,0.3535362240455399,11,0.3535362240455399,VIIRS DNB,nW/cm2/sr,2023,"{""type"":""MultiPoint"",""coordinates"":[]}"
118_00000000000000000003,BA03050040,,,,,,,91.05,91,2429.0300227,TASWIL5000020230907KABKOTA,Kepulauan Yapen,,0.19742592562,8.55393507975,4326,4,,,Kepulauan Yapen,Papua,,0,,,2023-11,0.40557684218459444,11,0.40557684218459444,VIIRS DNB,nW/cm2/sr,2023,"{""type"":""MultiPoint"",""coordinates"":[]}"
118_00000000000000000007,BA03050040,,,,,,,91.19,91,660.611723589,TASWIL5000020230907KABKOTA,Supiori,,0.0536731325628,3.38191482935,4326,4,,,Supiori,Papua,,0,Biak Numfor,,2023-11,0.3916851015546243,11,0.3916851015546243,VIIRS DNB,nW/cm2/sr,2023,"{""type"":""MultiPoint"",""coordinates"":[]}"
118_00000000000000000002,BA03050040,,,,,,,91.11,91,9526.3153833,TASWIL5000020230907KABKOTA,Keerom,,0.775256858574,6.07708966623,4326,4,,,Keerom,Papua,,0,Jayapura,,2023-11,0.3618719073376741,11,0.3618719073376741,VIIRS DNB,nW/cm2/sr,2023,"{""type"":""MultiPoint"",""coordinates"":[]}"
118_00000000000000000004,BA03050040,,,,,,,91.71,91,835.479147077,TASWIL5000020230907KABKOTA,Kota Jayapura,,0.0679466217871,2.36790963878,4326,5,,,Kota Jayapura,Papua,,0,Jayapura,,2023-11,1.291161447424037,11,1.291161447424037,VIIRS DNB,nW/cm2/sr,2023,"{""type"":""MultiPoint"",""coordinates"":[]}"
118_00000000000000000006,BA03050040,,,,,,,91.10,91,14068.3737441,TASWIL5000020230907KABKOTA,Sarmi,,1.1439791998,11.4902362416,4326,4,,,Sarmi,Papua,,0,Jayapura,,2023-11,0.33460944246543933,11,0.33460944246543933,VIIRS DNB,nW/cm2/sr,2023,"{""type"":""MultiPoint"",""coordinates"":[]}"
118_00000000000000000005,BA03050040,,,,,,,91.20,91,28042.3912459,TASWIL5000020230907KABKOTA,Mamberamo Raya,,2.28030775228,13.664376657,4326,4,,,Mamberamo Raya,Papua,,0,Sarmi,,2023-11,0.3016570418442701,11,0.3016570418442701,VIIRS DNB,nW/cm2/sr,2023,"{""type"":""MultiPoint"",""coordinates"":[]}"
118_00000000000000000008,BA03050040,,,,,,,91.15,91,10778.7667558,TASWIL5000020230907KABKOTA,Waropen,,0.876665218552,7.26174952493,4326,4,,,Waropen,Papua,,0,Yapen Waropen,,2023-11,0.3238999315783593,11,0.3238999315783593,VIIRS DNB,nW/cm2/sr,2023,"{""type"":""MultiPoint"",""coordinates"":[]}"
119_00000000000000000000,BA03050040,,,,,,,91.06,91,2257.7785726,TASWIL5000020230907KABKOTA,Biak Numfor,,0.183451690197,5.35532578171,4326,4,,,Biak Numfor,Papua,,0,,,2023-12,0.39750663886750115,12,0.39750663886750115,VIIRS DNB,nW/cm2/sr,2023,"{""type"":""MultiPoint"",""coordinates"":[]}"
119_00000000000000000001,BA03050040,,,,,,,91.03,91,14082.2122578,TASWIL5000020230907KABKOTA,Jayapura,,1.14561199815,9.52170493241,4326,4,,,Jayapura,Papua,,0,,,2023-12,0.09322881277714075,12,0.09322881277714075,VIIRS DNB,nW/cm2/sr,2023,"{""type"":""MultiPoint"",""coordinates"":[]}"
119_00000000000000000003,BA03050040,,,,,,,91.05,91,2429.0300227,TASWIL5000020230907KABKOTA,Kepulauan Yapen,,0.19742592562,8.55393507975,4326,4,,,Kepulauan Yapen,Papua,,0,,,2023-12,0.21310826572744435,12,0.21310826572744435,VIIRS DNB,nW/cm2/sr,2023,"{""type"":""MultiPoint"",""coordinates"":[]}"
119_00000000000000000007,BA03050040,,,,,,,91.19,91,660.611723589,TASWIL5000020230907KABKOTA,Supiori,,0.0536731325628,3.38191482935,4326,4,,,Supiori,Papua,,0,Biak Numfor,,2023-12,0.27586853931572036,12,0.27586853931572036,VIIRS DNB,nW/cm2/sr,2023,"{""type"":""MultiPoint"",""coordinates"":[]}"
119_00000000000000000002,BA03050040,,,,,,,91.11,91,9526.3153833,TASWIL5000020230907KABKOTA,Keerom,,0.775256858574,6.07708966623,4326,4,,,Keerom,Papua,,0,Jayapura,,2023-12,0.06641179695237268,12,0.06641179695237268,VIIRS DNB,nW/cm2/sr,2023,"{""type"":""MultiPoint"",""coordinates"":[]}"
119_00000000000000000004,BA03050040,,,,,,,91.71,91,835.479147077,TASWIL5000020230907KABKOTA,Kota Jayapura,,0.0679466217871,2.36790963878,4326,5,,,Kota Jayapura,Papua,,0,Jayapura,,2023-12,0.893463497714257,12,0.893463497714257,VIIRS DNB,nW/cm2/sr,2023,"{""type"":""MultiPoint"",""coordinates"":[]}"
119_00000000000000000006,BA03050040,,,,,,,91.10,91,14068.3737441,TASWIL5000020230907KABKOTA,Sarmi,,1.1439791998,11.4902362416,4326,4,,,Sarmi,Papua,,0,Jayapura,,2023-12,0.13731972861662442,12,0.13731972861662442,VIIRS DNB,nW/cm2/sr,2023,"{""type"":""MultiPoint"",""coordinates"":[]}"
119_00000000000000000005,BA03050040,,,,,,,91.20,91,28042.3912459,TASWIL5000020230907KABKOTA,Mamberamo Raya,,2.28030775228,13.664376657,4326,4,,,Mamberamo Raya,Papua,,0,Sarmi,,2023-12,0.14512615071601676,12,0.14512615071601676,VIIRS DNB,nW/cm2/sr,2023,"{""type"":""MultiPoint"",""coordinates"":[]}"
119_00000000000000000008,BA03050040,,,,,,,91.15,91,10778.7667558,TASWIL5000020230907KABKOTA,Waropen,,0.876665218552,7.26174952493,4326,4,,,Waropen,Papua,,0,Yapen Waropen,,2023-12,0.17632138883769008,12,0.17632138883769008,VIIRS DNB,nW/cm2/sr,2023,"{""type"":""MultiPoint"",""coordinates"":[]}"
120_00000000000000000000,BA03050040,,,,,,,91.06,91,2257.7785726,TASWIL5000020230907KABKOTA,Biak Numfor,,0.183451690197,5.35532578171,4326,4,,,Biak Numfor,Papua,,0,,,2024-01,0.0054159670971392895,1,0.0054159670971392895,VIIRS DNB,nW/cm2/sr,2024,"{""type"":""MultiPoint"",""coordinates"":[]}"
120_00000000000000000001,BA03050040,,,,,,,91.03,91,14082.2122578,TASWIL5000020230907KABKOTA,Jayapura,,1.14561199815,9.52170493241,4326,4,,,Jayapura,Papua,,0,,,2024-01,0.02819144540463097,1,0.02819144540463097,VIIRS DNB,nW/cm2/sr,2024,"{""type"":""MultiPoint"",""coordinates"":[]}"
120_00000000000000000003,BA03050040,,,,,,,91.05,91,2429.0300227,TASWIL5000020230907KABKOTA,Kepulauan Yapen,,0.19742592562,8.55393507975,4326,4,,,Kepulauan Yapen,Papua,,0,,,2024-01,0.00190513204546462,1,0.00190513204546462,VIIRS DNB,nW/cm2/sr,2024,"{""type"":""MultiPoint"",""coordinates"":[]}"
120_00000000000000000007,BA03050040,,,,,,,91.19,91,660.611723589,TASWIL5000020230907KABKOTA,Supiori,,0.0536731325628,3.38191482935,4326,4,,,Supiori,Papua,,0,Biak Numfor,,2024-01,0.005289754209861324,1,0.005289754209861324,VIIRS DNB,nW/cm2/sr,2024,"{""type"":""MultiPoint"",""coordinates"":[]}"
120_00000000000000000002,BA03050040,,,,,,,91.11,91,9526.3153833,TASWIL5000020230907KABKOTA,Keerom,,0.775256858574,6.07708966623,4326,4,,,Keerom,Papua,,0,Jayapura,,2024-01,0.06195516447995553,1,0.06195516447995553,VIIRS DNB,nW/cm2/sr,2024,"{""type"":""MultiPoint"",""coordinates"":[]}"
120_00000000000000000004,BA03050040,,,,,,,91.71,91,835.479147077,TASWIL5000020230907KABKOTA,Kota Jayapura,,0.0679466217871,2.36790963878,4326,5,,,Kota Jayapura,Papua,,0,Jayapura,,2024-01,0.04739106031682639,1,0.04739106031682639,VIIRS DNB,nW/cm2/sr,2024,"{""type"":""MultiPoint"",""coordinates"":[]}"
120_00000000000000000006,BA03050040,,,,,,,91.10,91,14068.3737441,TASWIL5000020230907KABKOTA,Sarmi,,1.1439791998,11.4902362416,4326,4,,,Sarmi,Papua,,0,Jayapura,,2024-01,0.06767450558324327,1,0.06767450558324327,VIIRS DNB,nW/cm2/sr,2024,"{""type"":""MultiPoint"",""coordinates"":[]}"
120_00000000000000000005,BA03050040,,,,,,,91.20,91,28042.3912459,TASWIL5000020230907KABKOTA,Mamberamo Raya,,2.28030775228,13.664376657,4326,4,,,Mamberamo Raya,Papua,,0,Sarmi,,2024-01,0.026991941633815006,1,0.026991941633815006,VIIRS DNB,nW/cm2/sr,2024,"{""type"":""MultiPoint"",""coordinates"":[]}"
120_00000000000000000008,BA03050040,,,,,,,91.15,91,10778.7667558,TASWIL5000020230907KABKOTA,Waropen,,0.876665218552,7.26174952493,4326,4,,,Waropen,Papua,,0,Yapen Waropen,,2024-01,1.0017677529549791E-4,1,1.0017677529549791E-4,VIIRS DNB,nW/cm2/sr,2024,"{""type"":""MultiPoint"",""coordinates"":[]}"
121_00000000000000000000,BA03050040,,,,,,,91.06,91,2257.7785726,TASWIL5000020230907KABKOTA,Biak Numfor,,0.183451690197,5.35532578171,4326,4,,,Biak Numfor,Papua,,0,,,2024-02,0.466637424939217,2,0.466637424939217,VIIRS DNB,nW/cm2/sr,2024,"{""type"":""MultiPoint"",""coordinates"":[]}"
121_00000000000000000001,BA03050040,,,,,,,91.03,91,14082.2122578,TASWIL5000020230907KABKOTA,Jayapura,,1.14561199815,9.52170493241,4326,4,,,Jayapura,Papua,,0,,,2024-02,0.12417933634251907,2,0.12417933634251907,VIIRS DNB,nW/cm2/sr,2024,"{""type"":""MultiPoint"",""coordinates"":[]}"
121_00000000000000000003,BA03050040,,,,,,,91.05,91,2429.0300227,TASWIL5000020230907KABKOTA,Kepulauan Yapen,,0.19742592562,8.55393507975,4326,4,,,Kepulauan Yapen,Papua,,0,,,2024-02,0.31951656017221547,2,0.31951656017221547,VIIRS DNB,nW/cm2/sr,2024,"{""type"":""MultiPoint"",""coordinates"":[]}"
121_00000000000000000007,BA03050040,,,,,,,91.19,91,660.611723589,TASWIL5000020230907KABKOTA,Supiori,,0.0536731325628,3.38191482935,4326,4,,,Supiori,Papua,,0,Biak Numfor,,2024-02,0.2877320539132861,2,0.2877320539132861,VIIRS DNB,nW/cm2/sr,2024,"{""type"":""MultiPoint"",""coordinates"":[]}"
121_00000000000000000002,BA03050040,,,,,,,91.11,91,9526.3153833,TASWIL5000020230907KABKOTA,Keerom,,0.775256858574,6.07708966623,4326,4,,,Keerom,Papua,,0,Jayapura,,2024-02,0.21360368841379215,2,0.21360368841379215,VIIRS DNB,nW/cm2/sr,2024,"{""type"":""MultiPoint"",""coordinates"":[]}"
121_00000000000000000004,BA03050040,,,,,,,91.71,91,835.479147077,TASWIL5000020230907KABKOTA,Kota Jayapura,,0.0679466217871,2.36790963878,4326,5,,,Kota Jayapura,Papua,,0,Jayapura,,2024-02,0.093701621137376,2,0.093701621137376,VIIRS DNB,nW/cm2/sr,2024,"{""type"":""MultiPoint"",""coordinates"":[]}"
121_00000000000000000006,BA03050040,,,,,,,91.10,91,14068.3737441,TASWIL5000020230907KABKOTA,Sarmi,,1.1439791998,11.4902362416,4326,4,,,Sarmi,Papua,,0,Jayapura,,2024-02,0.1889864781368433,2,0.1889864781368433,VIIRS DNB,nW/cm2/sr,2024,"{""type"":""MultiPoint"",""coordinates"":[]}"
121_00000000000000000005,BA03050040,,,,,,,91.20,91,28042.3912459,TASWIL5000020230907KABKOTA,Mamberamo Raya,,2.28030775228,13.664376657,4326,4,,,Mamberamo Raya,Papua,,0,Sarmi,,2024-02,0.08112098183668429,2,0.08112098183668429,VIIRS DNB,nW/cm2/sr,2024,"{""type"":""MultiPoint"",""coordinates"":[]}"
121_00000000000000000008,BA03050040,,,,,,,91.15,91,10778.7667558,TASWIL5000020230907KABKOTA,Waropen,,0.876665218552,7.26174952493,4326,4,,,Waropen,Papua,,0,Yapen Waropen,,2024-02,0.20911519850168986,2,0.20911519850168986,VIIRS DNB,nW/cm2/sr,2024,"{""type"":""MultiPoint"",""coordinates"":[]}"
122_00000000000000000000,BA03050040,,,,,,,91.06,91,2257.7785726,TASWIL5000020230907KABKOTA,Biak Numfor,,0.183451690197,5.35532578171,4326,4,,,Biak Numfor,Papua,,0,,,2024-03,0.011535286932280335,3,0.011535286932280335,VIIRS DNB,nW/cm2/sr,2024,"{""type"":""MultiPoint"",""coordinates"":[]}"
122_00000000000000000001,BA03050040,,,,,,,91.03,91,14082.2122578,TASWIL5000020230907KABKOTA,Jayapura,,1.14561199815,9.52170493241,4326,4,,,Jayapura,Papua,,0,,,2024-03,0.02711652304465104,3,0.02711652304465104,VIIRS DNB,nW/cm2/sr,2024,"{""type"":""MultiPoint"",""coordinates"":[]}"
122_00000000000000000003,BA03050040,,,,,,,91.05,91,2429.0300227,TASWIL5000020230907KABKOTA,Kepulauan Yapen,,0.19742592562,8.55393507975,4326,4,,,Kepulauan Yapen,Papua,,0,,,2024-03,0.1778149657172495,3,0.1778149657172495,VIIRS DNB,nW/cm2/sr,2024,"{""type"":""MultiPoint"",""coordinates"":[]}"
122_00000000000000000007,BA03050040,,,,,,,91.19,91,660.611723589,TASWIL5000020230907KABKOTA,Supiori,,0.0536731325628,3.38191482935,4326,4,,,Supiori,Papua,,0,Biak Numfor,,2024-03,0.010664477958570378,3,0.010664477958570378,VIIRS DNB,nW/cm2/sr,2024,"{""type"":""MultiPoint"",""coordinates"":[]}"
122_00000000000000000002,BA03050040,,,,,,,91.11,91,9526.3153833,TASWIL5000020230907KABKOTA,Keerom,,0.775256858574,6.07708966623,4326,4,,,Keerom,Papua,,0,Jayapura,,2024-03,0.014143936487287638,3,0.014143936487287638,VIIRS DNB,nW/cm2/sr,2024,"{""type"":""MultiPoint"",""coordinates"":[]}"
122_00000000000000000004,BA03050040,,,,,,,91.71,91,835.479147077,TASWIL5000020230907KABKOTA,Kota Jayapura,,0.0679466217871,2.36790963878,4326,5,,,Kota Jayapura,Papua,,0,Jayapura,,2024-03,0.027283318133521816,3,0.027283318133521816,VIIRS DNB,nW/cm2/sr,2024,"{""type"":""MultiPoint"",""coordinates"":[]}"
122_00000000000000000006,BA03050040,,,,,,,91.10,91,14068.3737441,TASWIL5000020230907KABKOTA,Sarmi,,1.1439791998,11.4902362416,4326,4,,,Sarmi,Papua,,0,Jayapura,,2024-03,0.03247893770822204,3,0.03247893770822204,VIIRS DNB,nW/cm2/sr,2024,"{""type"":""MultiPoint"",""coordinates"":[]}"
122_00000000000000000005,BA03050040,,,,,,,91.20,91,28042.3912459,TASWIL5000020230907KABKOTA,Mamberamo Raya,,2.28030775228,13.664376657,4326,4,,,Mamberamo Raya,Papua,,0,Sarmi,,2024-03,0.040326257458718526,3,0.040326257458718526,VIIRS DNB,nW/cm2/sr,2024,"{""type"":""MultiPoint"",""coordinates"":[]}"
122_00000000000000000008,BA03050040,,,,,,,91.15,91,10778.7667558,TASWIL5000020230907KABKOTA,Waropen,,0.876665218552,7.26174952493,4326,4,,,Waropen,Papua,,0,Yapen Waropen,,2024-03,0.06136958986365396,3,0.06136958986365396,VIIRS DNB,nW/cm2/sr,2024,"{""type"":""MultiPoint"",""coordinates"":[]}"
123_00000000000000000000,BA03050040,,,,,,,91.06,91,2257.7785726,TASWIL5000020230907KABKOTA,Biak Numfor,,0.183451690197,5.35532578171,4326,4,,,Biak Numfor,Papua,,0,,,2024-04,0.3609488815609334,4,0.3609488815609334,VIIRS DNB,nW/cm2/sr,2024,"{""type"":""MultiPoint"",""coordinates"":[]}"
123_00000000000000000001,BA03050040,,,,,,,91.03,91,14082.2122578,TASWIL5000020230907KABKOTA,Jayapura,,1.14561199815,9.52170493241,4326,4,,,Jayapura,Papua,,0,,,2024-04,0.08572401215346143,4,0.08572401215346143,VIIRS DNB,nW/cm2/sr,2024,"{""type"":""MultiPoint"",""coordinates"":[]}"
123_00000000000000000003,BA03050040,,,,,,,91.05,91,2429.0300227,TASWIL5000020230907KABKOTA,Kepulauan Yapen,,0.19742592562,8.55393507975,4326,4,,,Kepulauan Yapen,Papua,,0,,,2024-04,0.18189015919534715,4,0.18189015919534715,VIIRS DNB,nW/cm2/sr,2024,"{""type"":""MultiPoint"",""coordinates"":[]}"
123_00000000000000000007,BA03050040,,,,,,,91.19,91,660.611723589,TASWIL5000020230907KABKOTA,Supiori,,0.0536731325628,3.38191482935,4326,4,,,Supiori,Papua,,0,Biak Numfor,,2024-04,0.28027716925307267,4,0.28027716925307267,VIIRS DNB,nW/cm2/sr,2024,"{""type"":""MultiPoint"",""coordinates"":[]}"
123_00000000000000000002,BA03050040,,,,,,,91.11,91,9526.3153833,TASWIL5000020230907KABKOTA,Keerom,,0.775256858574,6.07708966623,4326,4,,,Keerom,Papua,,0,Jayapura,,2024-04,0.08960197589559278,4,0.08960197589559278,VIIRS DNB,nW/cm2/sr,2024,"{""type"":""MultiPoint"",""coordinates"":[]}"
123_00000000000000000004,BA03050040,,,,,,,91.71,91,835.479147077,TASWIL5000020230907KABKOTA,Kota Jayapura,,0.0679466217871,2.36790963878,4326,5,,,Kota Jayapura,Papua,,0,Jayapura,,2024-04,0.5625459613337096,4,0.5625459613337096,VIIRS DNB,nW/cm2/sr,2024,"{""type"":""MultiPoint"",""coordinates"":[]}"
123_00000000000000000006,BA03050040,,,,,,,91.10,91,14068.3737441,TASWIL5000020230907KABKOTA,Sarmi,,1.1439791998,11.4902362416,4326,4,,,Sarmi,Papua,,0,Jayapura,,2024-04,0.1622815795257581,4,0.1622815795257581,VIIRS DNB,nW/cm2/sr,2024,"{""type"":""MultiPoint"",""coordinates"":[]}"
123_00000000000000000005,BA03050040,,,,,,,91.20,91,28042.3912459,TASWIL5000020230907KABKOTA,Mamberamo Raya,,2.28030775228,13.664376657,4326,4,,,Mamberamo Raya,Papua,,0,Sarmi,,2024-04,0.13903431984404116,4,0.13903431984404116,VIIRS DNB,nW/cm2/sr,2024,"{""type"":""MultiPoint"",""coordinates"":[]}"
123_00000000000000000008,BA03050040,,,,,,,91.15,91,10778.7667558,TASWIL5000020230907KABKOTA,Waropen,,0.876665218552,7.26174952493,4326,4,,,Waropen,Papua,,0,Yapen Waropen,,2024-04,0.12492640980226685,4,0.12492640980226685,VIIRS DNB,nW/cm2/sr,2024,"{""type"":""MultiPoint"",""coordinates"":[]}"
124_00000000000000000000,BA03050040,,,,,,,91.06,91,2257.7785726,TASWIL5000020230907KABKOTA,Biak Numfor,,0.183451690197,5.35532578171,4326,4,,,Biak Numfor,Papua,,0,,,2024-05,0.08610878986901067,5,0.08610878986901067,VIIRS DNB,nW/cm2/sr,2024,"{""type"":""MultiPoint"",""coordinates"":[]}"
124_00000000000000000001,BA03050040,,,,,,,91.03,91,14082.2122578,TASWIL5000020230907KABKOTA,Jayapura,,1.14561199815,9.52170493241,4326,4,,,Jayapura,Papua,,0,,,2024-05,0.10820148358341537,5,0.10820148358341537,VIIRS DNB,nW/cm2/sr,2024,"{""type"":""MultiPoint"",""coordinates"":[]}"
124_00000000000000000003,BA03050040,,,,,,,91.05,91,2429.0300227,TASWIL5000020230907KABKOTA,Kepulauan Yapen,,0.19742592562,8.55393507975,4326,4,,,Kepulauan Yapen,Papua,,0,,,2024-05,0.04310415647298251,5,0.04310415647298251,VIIRS DNB,nW/cm2/sr,2024,"{""type"":""MultiPoint"",""coordinates"":[]}"
124_00000000000000000007,BA03050040,,,,,,,91.19,91,660.611723589,TASWIL5000020230907KABKOTA,Supiori,,0.0536731325628,3.38191482935,4326,4,,,Supiori,Papua,,0,Biak Numfor,,2024-05,0.2172083600445933,5,0.2172083600445933,VIIRS DNB,nW/cm2/sr,2024,"{""type"":""MultiPoint"",""coordinates"":[]}"
124_00000000000000000002,BA03050040,,,,,,,91.11,91,9526.3153833,TASWIL5000020230907KABKOTA,Keerom,,0.775256858574,6.07708966623,4326,4,,,Keerom,Papua,,0,Jayapura,,2024-05,0.19985352096916018,5,0.19985352096916018,VIIRS DNB,nW/cm2/sr,2024,"{""type"":""MultiPoint"",""coordinates"":[]}"
124_00000000000000000004,BA03050040,,,,,,,91.71,91,835.479147077,TASWIL5000020230907KABKOTA,Kota Jayapura,,0.0679466217871,2.36790963878,4326,5,,,Kota Jayapura,Papua,,0,Jayapura,,2024-05,1.1325300990948453,5,1.1325300990948453,VIIRS DNB,nW/cm2/sr,2024,"{""type"":""MultiPoint"",""coordinates"":[]}"
124_00000000000000000006,BA03050040,,,,,,,91.10,91,14068.3737441,TASWIL5000020230907KABKOTA,Sarmi,,1.1439791998,11.4902362416,4326,4,,,Sarmi,Papua,,0,Jayapura,,2024-05,0.07046158159345302,5,0.07046158159345302,VIIRS DNB,nW/cm2/sr,2024,"{""type"":""MultiPoint"",""coordinates"":[]}"
124_00000000000000000005,BA03050040,,,,,,,91.20,91,28042.3912459,TASWIL5000020230907KABKOTA,Mamberamo Raya,,2.28030775228,13.664376657,4326,4,,,Mamberamo Raya,Papua,,0,Sarmi,,2024-05,0.08531181250504564,5,0.08531181250504564,VIIRS DNB,nW/cm2/sr,2024,"{""type"":""MultiPoint"",""coordinates"":[]}"
124_00000000000000000008,BA03050040,,,,,,,91.15,91,10778.7667558,TASWIL5000020230907KABKOTA,Waropen,,0.876665218552,7.26174952493,4326,4,,,Waropen,Papua,,0,Yapen Waropen,,2024-05,0.12140807508317505,5,0.12140807508317505,VIIRS DNB,nW/cm2/sr,2024,"{""type"":""MultiPoint"",""coordinates"":[]}"
125_00000000000000000000,BA03050040,,,,,,,91.06,91,2257.7785726,TASWIL5000020230907KABKOTA,Biak Numfor,,0.183451690197,5.35532578171,4326,4,,,Biak Numfor,Papua,,0,,,2024-06,0.4549784398304345,6,0.4549784398304345,VIIRS DNB,nW/cm2/sr,2024,"{""type"":""MultiPoint"",""coordinates"":[]}"
125_00000000000000000001,BA03050040,,,,,,,91.03,91,14082.2122578,TASWIL5000020230907KABKOTA,Jayapura,,1.14561199815,9.52170493241,4326,4,,,Jayapura,Papua,,0,,,2024-06,0.2533583688884732,6,0.2533583688884732,VIIRS DNB,nW/cm2/sr,2024,"{""type"":""MultiPoint"",""coordinates"":[]}"
125_00000000000000000003,BA03050040,,,,,,,91.05,91,2429.0300227,TASWIL5000020230907KABKOTA,Kepulauan Yapen,,0.19742592562,8.55393507975,4326,4,,,Kepulauan Yapen,Papua,,0,,,2024-06,0.25068857659758026,6,0.25068857659758026,VIIRS DNB,nW/cm2/sr,2024,"{""type"":""MultiPoint"",""coordinates"":[]}"
125_00000000000000000007,BA03050040,,,,,,,91.19,91,660.611723589,TASWIL5000020230907KABKOTA,Supiori,,0.0536731325628,3.38191482935,4326,4,,,Supiori,Papua,,0,Biak Numfor,,2024-06,0.23887227848934692,6,0.23887227848934692,VIIRS DNB,nW/cm2/sr,2024,"{""type"":""MultiPoint"",""coordinates"":[]}"
125_00000000000000000002,BA03050040,,,,,,,91.11,91,9526.3153833,TASWIL5000020230907KABKOTA,Keerom,,0.775256858574,6.07708966623,4326,4,,,Keerom,Papua,,0,Jayapura,,2024-06,0.23173896211412734,6,0.23173896211412734,VIIRS DNB,nW/cm2/sr,2024,"{""type"":""MultiPoint"",""coordinates"":[]}"
125_00000000000000000004,BA03050040,,,,,,,91.71,91,835.479147077,TASWIL5000020230907KABKOTA,Kota Jayapura,,0.0679466217871,2.36790963878,4326,5,,,Kota Jayapura,Papua,,0,Jayapura,,2024-06,1.2719576623989346,6,1.2719576623989346,VIIRS DNB,nW/cm2/sr,2024,"{""type"":""MultiPoint"",""coordinates"":[]}"
125_00000000000000000006,BA03050040,,,,,,,91.10,91,14068.3737441,TASWIL5000020230907KABKOTA,Sarmi,,1.1439791998,11.4902362416,4326,4,,,Sarmi,Papua,,0,Jayapura,,2024-06,0.2591038688230495,6,0.2591038688230495,VIIRS DNB,nW/cm2/sr,2024,"{""type"":""MultiPoint"",""coordinates"":[]}"
125_00000000000000000005,BA03050040,,,,,,,91.20,91,28042.3912459,TASWIL5000020230907KABKOTA,Mamberamo Raya,,2.28030775228,13.664376657,4326,4,,,Mamberamo Raya,Papua,,0,Sarmi,,2024-06,0.23997321629939855,6,0.23997321629939855,VIIRS DNB,nW/cm2/sr,2024,"{""type"":""MultiPoint"",""coordinates"":[]}"
125_00000000000000000008,BA03050040,,,,,,,91.15,91,10778.7667558,TASWIL5000020230907KABKOTA,Waropen,,0.876665218552,7.26174952493,4326,4,,,Waropen,Papua,,0,Yapen Waropen,,2024-06,0.22798284086972972,6,0.22798284086972972,VIIRS DNB,nW/cm2/sr,2024,"{""type"":""MultiPoint"",""coordinates"":[]}"
126_00000000000000000000,BA03050040,,,,,,,91.06,91,2257.7785726,TASWIL5000020230907KABKOTA,Biak Numfor,,0.183451690197,5.35532578171,4326,4,,,Biak Numfor,Papua,,0,,,2024-07,0.49563778258517344,7,0.49563778258517344,VIIRS DNB,nW/cm2/sr,2024,"{""type"":""MultiPoint"",""coordinates"":[]}"
126_00000000000000000001,BA03050040,,,,,,,91.03,91,14082.2122578,TASWIL5000020230907KABKOTA,Jayapura,,1.14561199815,9.52170493241,4326,4,,,Jayapura,Papua,,0,,,2024-07,0.2607272508112862,7,0.2607272508112862,VIIRS DNB,nW/cm2/sr,2024,"{""type"":""MultiPoint"",""coordinates"":[]}"
126_00000000000000000003,BA03050040,,,,,,,91.05,91,2429.0300227,TASWIL5000020230907KABKOTA,Kepulauan Yapen,,0.19742592562,8.55393507975,4326,4,,,Kepulauan Yapen,Papua,,0,,,2024-07,0.04209424162895586,7,0.04209424162895586,VIIRS DNB,nW/cm2/sr,2024,"{""type"":""MultiPoint"",""coordinates"":[]}"
126_00000000000000000007,BA03050040,,,,,,,91.19,91,660.611723589,TASWIL5000020230907KABKOTA,Supiori,,0.0536731325628,3.38191482935,4326,4,,,Supiori,Papua,,0,Biak Numfor,,2024-07,0.22098578543038735,7,0.22098578543038735,VIIRS DNB,nW/cm2/sr,2024,"{""type"":""MultiPoint"",""coordinates"":[]}"
126_00000000000000000002,BA03050040,,,,,,,91.11,91,9526.3153833,TASWIL5000020230907KABKOTA,Keerom,,0.775256858574,6.07708966623,4326,4,,,Keerom,Papua,,0,Jayapura,,2024-07,0.3271014785498398,7,0.3271014785498398,VIIRS DNB,nW/cm2/sr,2024,"{""type"":""MultiPoint"",""coordinates"":[]}"
126_00000000000000000004,BA03050040,,,,,,,91.71,91,835.479147077,TASWIL5000020230907KABKOTA,Kota Jayapura,,0.0679466217871,2.36790963878,4326,5,,,Kota Jayapura,Papua,,0,Jayapura,,2024-07,0.1116473835528099,7,0.1116473835528099,VIIRS DNB,nW/cm2/sr,2024,"{""type"":""MultiPoint"",""coordinates"":[]}"
126_00000000000000000006,BA03050040,,,,,,,91.10,91,14068.3737441,TASWIL5000020230907KABKOTA,Sarmi,,1.1439791998,11.4902362416,4326,4,,,Sarmi,Papua,,0,Jayapura,,2024-07,0.2529470885490705,7,0.2529470885490705,VIIRS DNB,nW/cm2/sr,2024,"{""type"":""MultiPoint"",""coordinates"":[]}"
126_00000000000000000005,BA03050040,,,,,,,91.20,91,28042.3912459,TASWIL5000020230907KABKOTA,Mamberamo Raya,,2.28030775228,13.664376657,4326,4,,,Mamberamo Raya,Papua,,0,Sarmi,,2024-07,0.3164294971781805,7,0.3164294971781805,VIIRS DNB,nW/cm2/sr,2024,"{""type"":""MultiPoint"",""coordinates"":[]}"
126_00000000000000000008,BA03050040,,,,,,,91.15,91,10778.7667558,TASWIL5000020230907KABKOTA,Waropen,,0.876665218552,7.26174952493,4326,4,,,Waropen,Papua,,0,Yapen Waropen,,2024-07,0.11152740309060534,7,0.11152740309060534,VIIRS DNB,nW/cm2/sr,2024,"{""type"":""MultiPoint"",""coordinates"":[]}"
127_00000000000000000000,BA03050040,,,,,,,91.06,91,2257.7785726,TASWIL5000020230907KABKOTA,Biak Numfor,,0.183451690197,5.35532578171,4326,4,,,Biak Numfor,Papua,,0,,,2024-08,0.46832276376536847,8,0.46832276376536847,VIIRS DNB,nW/cm2/sr,2024,"{""type"":""MultiPoint"",""coordinates"":[]}"
127_00000000000000000001,BA03050040,,,,,,,91.03,91,14082.2122578,TASWIL5000020230907KABKOTA,Jayapura,,1.14561199815,9.52170493241,4326,4,,,Jayapura,Papua,,0,,,2024-08,0.3622750677573541,8,0.3622750677573541,VIIRS DNB,nW/cm2/sr,2024,"{""type"":""MultiPoint"",""coordinates"":[]}"
127_00000000000000000003,BA03050040,,,,,,,91.05,91,2429.0300227,TASWIL5000020230907KABKOTA,Kepulauan Yapen,,0.19742592562,8.55393507975,4326,4,,,Kepulauan Yapen,Papua,,0,,,2024-08,0.3628020975758767,8,0.3628020975758767,VIIRS DNB,nW/cm2/sr,2024,"{""type"":""MultiPoint"",""coordinates"":[]}"
127_00000000000000000007,BA03050040,,,,,,,91.19,91,660.611723589,TASWIL5000020230907KABKOTA,Supiori,,0.0536731325628,3.38191482935,4326,4,,,Supiori,Papua,,0,Biak Numfor,,2024-08,0.32463188994653447,8,0.32463188994653447,VIIRS DNB,nW/cm2/sr,2024,"{""type"":""MultiPoint"",""coordinates"":[]}"
127_00000000000000000002,BA03050040,,,,,,,91.11,91,9526.3153833,TASWIL5000020230907KABKOTA,Keerom,,0.775256858574,6.07708966623,4326,4,,,Keerom,Papua,,0,Jayapura,,2024-08,0.35948608166961593,8,0.35948608166961593,VIIRS DNB,nW/cm2/sr,2024,"{""type"":""MultiPoint"",""coordinates"":[]}"
127_00000000000000000004,BA03050040,,,,,,,91.71,91,835.479147077,TASWIL5000020230907KABKOTA,Kota Jayapura,,0.0679466217871,2.36790963878,4326,5,,,Kota Jayapura,Papua,,0,Jayapura,,2024-08,1.3867509857971836,8,1.3867509857971836,VIIRS DNB,nW/cm2/sr,2024,"{""type"":""MultiPoint"",""coordinates"":[]}"
127_00000000000000000006,BA03050040,,,,,,,91.10,91,14068.3737441,TASWIL5000020230907KABKOTA,Sarmi,,1.1439791998,11.4902362416,4326,4,,,Sarmi,Papua,,0,Jayapura,,2024-08,0.3224791958401187,8,0.3224791958401187,VIIRS DNB,nW/cm2/sr,2024,"{""type"":""MultiPoint"",""coordinates"":[]}"
127_00000000000000000005,BA03050040,,,,,,,91.20,91,28042.3912459,TASWIL5000020230907KABKOTA,Mamberamo Raya,,2.28030775228,13.664376657,4326,4,,,Mamberamo Raya,Papua,,0,Sarmi,,2024-08,0.33336608514271493,8,0.33336608514271493,VIIRS DNB,nW/cm2/sr,2024,"{""type"":""MultiPoint"",""coordinates"":[]}"
127_00000000000000000008,BA03050040,,,,,,,91.15,91,10778.7667558,TASWIL5000020230907KABKOTA,Waropen,,0.876665218552,7.26174952493,4326,4,,,Waropen,Papua,,0,Yapen Waropen,,2024-08,0.33073792352966025,8,0.33073792352966025,VIIRS DNB,nW/cm2/sr,2024,"{""type"":""MultiPoint"",""coordinates"":[]}"
128_00000000000000000000,BA03050040,,,,,,,91.06,91,2257.7785726,TASWIL5000020230907KABKOTA,Biak Numfor,,0.183451690197,5.35532578171,4326,4,,,Biak Numfor,Papua,,0,,,2024-09,0.34077049738590287,9,0.34077049738590287,VIIRS DNB,nW/cm2/sr,2024,"{""type"":""MultiPoint"",""coordinates"":[]}"
128_00000000000000000001,BA03050040,,,,,,,91.03,91,14082.2122578,TASWIL5000020230907KABKOTA,Jayapura,,1.14561199815,9.52170493241,4326,4,,,Jayapura,Papua,,0,,,2024-09,0.20103096857617545,9,0.20103096857617545,VIIRS DNB,nW/cm2/sr,2024,"{""type"":""MultiPoint"",""coordinates"":[]}"
128_00000000000000000003,BA03050040,,,,,,,91.05,91,2429.0300227,TASWIL5000020230907KABKOTA,Kepulauan Yapen,,0.19742592562,8.55393507975,4326,4,,,Kepulauan Yapen,Papua,,0,,,2024-09,0.25571971424354184,9,0.25571971424354184,VIIRS DNB,nW/cm2/sr,2024,"{""type"":""MultiPoint"",""coordinates"":[]}"
128_00000000000000000007,BA03050040,,,,,,,91.19,91,660.611723589,TASWIL5000020230907KABKOTA,Supiori,,0.0536731325628,3.38191482935,4326,4,,,Supiori,Papua,,0,Biak Numfor,,2024-09,0.1013341228280068,9,0.1013341228280068,VIIRS DNB,nW/cm2/sr,2024,"{""type"":""MultiPoint"",""coordinates"":[]}"
128_00000000000000000002,BA03050040,,,,,,,91.11,91,9526.3153833,TASWIL5000020230907KABKOTA,Keerom,,0.775256858574,6.07708966623,4326,4,,,Keerom,Papua,,0,Jayapura,,2024-09,0.1636647962196275,9,0.1636647962196275,VIIRS DNB,nW/cm2/sr,2024,"{""type"":""MultiPoint"",""coordinates"":[]}"
128_00000000000000000004,BA03050040,,,,,,,91.71,91,835.479147077,TASWIL5000020230907KABKOTA,Kota Jayapura,,0.0679466217871,2.36790963878,4326,5,,,Kota Jayapura,Papua,,0,Jayapura,,2024-09,1.1824302071006003,9,1.1824302071006003,VIIRS DNB,nW/cm2/sr,2024,"{""type"":""MultiPoint"",""coordinates"":[]}"
128_00000000000000000006,BA03050040,,,,,,,91.10,91,14068.3737441,TASWIL5000020230907KABKOTA,Sarmi,,1.1439791998,11.4902362416,4326,4,,,Sarmi,Papua,,0,Jayapura,,2024-09,0.18199318877607223,9,0.18199318877607223,VIIRS DNB,nW/cm2/sr,2024,"{""type"":""MultiPoint"",""coordinates"":[]}"
128_00000000000000000005,BA03050040,,,,,,,91.20,91,28042.3912459,TASWIL5000020230907KABKOTA,Mamberamo Raya,,2.28030775228,13.664376657,4326,4,,,Mamberamo Raya,Papua,,0,Sarmi,,2024-09,0.1785865262476077,9,0.1785865262476077,VIIRS DNB,nW/cm2/sr,2024,"{""type"":""MultiPoint"",""coordinates"":[]}"
128_00000000000000000008,BA03050040,,,,,,,91.15,91,10778.7667558,TASWIL5000020230907KABKOTA,Waropen,,0.876665218552,7.26174952493,4326,4,,,Waropen,Papua,,0,Yapen Waropen,,2024-09,0.21178440077761948,9,0.21178440077761948,VIIRS DNB,nW/cm2/sr,2024,"{""type"":""MultiPoint"",""coordinates"":[]}"
129_00000000000000000000,BA03050040,,,,,,,91.06,91,2257.7785726,TASWIL5000020230907KABKOTA,Biak Numfor,,0.183451690197,5.35532578171,4326,4,,,Biak Numfor,Papua,,0,,,2024-10,0.4228347596986806,10,0.4228347596986806,VIIRS DNB,nW/cm2/sr,2024,"{""type"":""MultiPoint"",""coordinates"":[]}"
129_00000000000000000001,BA03050040,,,,,,,91.03,91,14082.2122578,TASWIL5000020230907KABKOTA,Jayapura,,1.14561199815,9.52170493241,4326,4,,,Jayapura,Papua,,0,,,2024-10,0.2745354797306435,10,0.2745354797306435,VIIRS DNB,nW/cm2/sr,2024,"{""type"":""MultiPoint"",""coordinates"":[]}"
129_00000000000000000003,BA03050040,,,,,,,91.05,91,2429.0300227,TASWIL5000020230907KABKOTA,Kepulauan Yapen,,0.19742592562,8.55393507975,4326,4,,,Kepulauan Yapen,Papua,,0,,,2024-10,0.28112388257565846,10,0.28112388257565846,VIIRS DNB,nW/cm2/sr,2024,"{""type"":""MultiPoint"",""coordinates"":[]}"
129_00000000000000000007,BA03050040,,,,,,,91.19,91,660.611723589,TASWIL5000020230907KABKOTA,Supiori,,0.0536731325628,3.38191482935,4326,4,,,Supiori,Papua,,0,Biak Numfor,,2024-10,0.2642581322406086,10,0.2642581322406086,VIIRS DNB,nW/cm2/sr,2024,"{""type"":""MultiPoint"",""coordinates"":[]}"
129_00000000000000000002,BA03050040,,,,,,,91.11,91,9526.3153833,TASWIL5000020230907KABKOTA,Keerom,,0.775256858574,6.07708966623,4326,4,,,Keerom,Papua,,0,Jayapura,,2024-10,0.2657768447736914,10,0.2657768447736914,VIIRS DNB,nW/cm2/sr,2024,"{""type"":""MultiPoint"",""coordinates"":[]}"
129_00000000000000000004,BA03050040,,,,,,,91.71,91,835.479147077,TASWIL5000020230907KABKOTA,Kota Jayapura,,0.0679466217871,2.36790963878,4326,5,,,Kota Jayapura,Papua,,0,Jayapura,,2024-10,1.3301401987275856,10,1.3301401987275856,VIIRS DNB,nW/cm2/sr,2024,"{""type"":""MultiPoint"",""coordinates"":[]}"
129_00000000000000000006,BA03050040,,,,,,,91.10,91,14068.3737441,TASWIL5000020230907KABKOTA,Sarmi,,1.1439791998,11.4902362416,4326,4,,,Sarmi,Papua,,0,Jayapura,,2024-10,0.23969453153949088,10,0.23969453153949088,VIIRS DNB,nW/cm2/sr,2024,"{""type"":""MultiPoint"",""coordinates"":[]}"
129_00000000000000000005,BA03050040,,,,,,,91.20,91,28042.3912459,TASWIL5000020230907KABKOTA,Mamberamo Raya,,2.28030775228,13.664376657,4326,4,,,Mamberamo Raya,Papua,,0,Sarmi,,2024-10,0.24279003172580854,10,0.24279003172580854,VIIRS DNB,nW/cm2/sr,2024,"{""type"":""MultiPoint"",""coordinates"":[]}"
129_00000000000000000008,BA03050040,,,,,,,91.15,91,10778.7667558,TASWIL5000020230907KABKOTA,Waropen,,0.876665218552,7.26174952493,4326,4,,,Waropen,Papua,,0,Yapen Waropen,,2024-10,0.2515291471719555,10,0.2515291471719555,VIIRS DNB,nW/cm2/sr,2024,"{""type"":""MultiPoint"",""coordinates"":[]}"
130_00000000000000000000,BA03050040,,,,,,,91.06,91,2257.7785726,TASWIL5000020230907KABKOTA,Biak Numfor,,0.183451690197,5.35532578171,4326,4,,,Biak Numfor,Papua,,0,,,2024-11,0.29301661304236204,11,0.29301661304236204,VIIRS DNB,nW/cm2/sr,2024,"{""type"":""MultiPoint"",""coordinates"":[]}"
130_00000000000000000001,BA03050040,,,,,,,91.03,91,14082.2122578,TASWIL5000020230907KABKOTA,Jayapura,,1.14561199815,9.52170493241,4326,4,,,Jayapura,Papua,,0,,,2024-11,0.24815800460268228,11,0.24815800460268228,VIIRS DNB,nW/cm2/sr,2024,"{""type"":""MultiPoint"",""coordinates"":[]}"
130_00000000000000000003,BA03050040,,,,,,,91.05,91,2429.0300227,TASWIL5000020230907KABKOTA,Kepulauan Yapen,,0.19742592562,8.55393507975,4326,4,,,Kepulauan Yapen,Papua,,0,,,2024-11,0.1605588304439093,11,0.1605588304439093,VIIRS DNB,nW/cm2/sr,2024,"{""type"":""MultiPoint"",""coordinates"":[]}"
130_00000000000000000007,BA03050040,,,,,,,91.19,91,660.611723589,TASWIL5000020230907KABKOTA,Supiori,,0.0536731325628,3.38191482935,4326,4,,,Supiori,Papua,,0,Biak Numfor,,2024-11,0.22413249439067714,11,0.22413249439067714,VIIRS DNB,nW/cm2/sr,2024,"{""type"":""MultiPoint"",""coordinates"":[]}"
130_00000000000000000002,BA03050040,,,,,,,91.11,91,9526.3153833,TASWIL5000020230907KABKOTA,Keerom,,0.775256858574,6.07708966623,4326,4,,,Keerom,Papua,,0,Jayapura,,2024-11,0.19573144618476335,11,0.19573144618476335,VIIRS DNB,nW/cm2/sr,2024,"{""type"":""MultiPoint"",""coordinates"":[]}"
130_00000000000000000004,BA03050040,,,,,,,91.71,91,835.479147077,TASWIL5000020230907KABKOTA,Kota Jayapura,,0.0679466217871,2.36790963878,4326,5,,,Kota Jayapura,Papua,,0,Jayapura,,2024-11,0.6905495425896337,11,0.6905495425896337,VIIRS DNB,nW/cm2/sr,2024,"{""type"":""MultiPoint"",""coordinates"":[]}"
130_00000000000000000006,BA03050040,,,,,,,91.10,91,14068.3737441,TASWIL5000020230907KABKOTA,Sarmi,,1.1439791998,11.4902362416,4326,4,,,Sarmi,Papua,,0,Jayapura,,2024-11,0.22405563088678704,11,0.22405563088678704,VIIRS DNB,nW/cm2/sr,2024,"{""type"":""MultiPoint"",""coordinates"":[]}"
130_00000000000000000005,BA03050040,,,,,,,91.20,91,28042.3912459,TASWIL5000020230907KABKOTA,Mamberamo Raya,,2.28030775228,13.664376657,4326,4,,,Mamberamo Raya,Papua,,0,Sarmi,,2024-11,0.17987294070502519,11,0.17987294070502519,VIIRS DNB,nW/cm2/sr,2024,"{""type"":""MultiPoint"",""coordinates"":[]}"
130_00000000000000000008,BA03050040,,,,,,,91.15,91,10778.7667558,TASWIL5000020230907KABKOTA,Waropen,,0.876665218552,7.26174952493,4326,4,,,Waropen,Papua,,0,Yapen Waropen,,2024-11,0.14894841057015565,11,0.14894841057015565,VIIRS DNB,nW/cm2/sr,2024,"{""type"":""MultiPoint"",""coordinates"":[]}"
131_00000000000000000000,BA03050040,,,,,,,91.06,91,2257.7785726,TASWIL5000020230907KABKOTA,Biak Numfor,,0.183451690197,5.35532578171,4326,4,,,Biak Numfor,Papua,,0,,,2024-12,0.21996784524608298,12,0.21996784524608298,VIIRS DNB,nW/cm2/sr,2024,"{""type"":""MultiPoint"",""coordinates"":[]}"
131_00000000000000000001,BA03050040,,,,,,,91.03,91,14082.2122578,TASWIL5000020230907KABKOTA,Jayapura,,1.14561199815,9.52170493241,4326,4,,,Jayapura,Papua,,0,,,2024-12,0.14119476848838042,12,0.14119476848838042,VIIRS DNB,nW/cm2/sr,2024,"{""type"":""MultiPoint"",""coordinates"":[]}"
131_00000000000000000003,BA03050040,,,,,,,91.05,91,2429.0300227,TASWIL5000020230907KABKOTA,Kepulauan Yapen,,0.19742592562,8.55393507975,4326,4,,,Kepulauan Yapen,Papua,,0,,,2024-12,0.006469064923909647,12,0.006469064923909647,VIIRS DNB,nW/cm2/sr,2024,"{""type"":""MultiPoint"",""coordinates"":[]}"
131_00000000000000000007,BA03050040,,,,,,,91.19,91,660.611723589,TASWIL5000020230907KABKOTA,Supiori,,0.0536731325628,3.38191482935,4326,4,,,Supiori,Papua,,0,Biak Numfor,,2024-12,0.23039832060277915,12,0.23039832060277915,VIIRS DNB,nW/cm2/sr,2024,"{""type"":""MultiPoint"",""coordinates"":[]}"
131_00000000000000000002,BA03050040,,,,,,,91.11,91,9526.3153833,TASWIL5000020230907KABKOTA,Keerom,,0.775256858574,6.07708966623,4326,4,,,Keerom,Papua,,0,Jayapura,,2024-12,0.1648461104161055,12,0.1648461104161055,VIIRS DNB,nW/cm2/sr,2024,"{""type"":""MultiPoint"",""coordinates"":[]}"
131_00000000000000000004,BA03050040,,,,,,,91.71,91,835.479147077,TASWIL5000020230907KABKOTA,Kota Jayapura,,0.0679466217871,2.36790963878,4326,5,,,Kota Jayapura,Papua,,0,Jayapura,,2024-12,0.09461836458981535,12,0.09461836458981535,VIIRS DNB,nW/cm2/sr,2024,"{""type"":""MultiPoint"",""coordinates"":[]}"
131_00000000000000000006,BA03050040,,,,,,,91.10,91,14068.3737441,TASWIL5000020230907KABKOTA,Sarmi,,1.1439791998,11.4902362416,4326,4,,,Sarmi,Papua,,0,Jayapura,,2024-12,0.11520884953854914,12,0.11520884953854914,VIIRS DNB,nW/cm2/sr,2024,"{""type"":""MultiPoint"",""coordinates"":[]}"
131_00000000000000000005,BA03050040,,,,,,,91.20,91,28042.3912459,TASWIL5000020230907KABKOTA,Mamberamo Raya,,2.28030775228,13.664376657,4326,4,,,Mamberamo Raya,Papua,,0,Sarmi,,2024-12,0.12906756405663403,12,0.12906756405663403,VIIRS DNB,nW/cm2/sr,2024,"{""type"":""MultiPoint"",""coordinates"":[]}"
131_00000000000000000008,BA03050040,,,,,,,91.15,91,10778.7667558,TASWIL5000020230907KABKOTA,Waropen,,0.876665218552,7.26174952493,4326,4,,,Waropen,Papua,,0,Yapen Waropen,,2024-12,0.033952345125300334,12,0.033952345125300334,VIIRS DNB,nW/cm2/sr,2024,"{""type"":""MultiPoint"",""coordinates"":[]}"
132_00000000000000000000,BA03050040,,,,,,,91.06,91,2257.7785726,TASWIL5000020230907KABKOTA,Biak Numfor,,0.183451690197,5.35532578171,4326,4,,,Biak Numfor,Papua,,0,,,2025-01,0.13934945675514715,1,0.13934945675514715,VIIRS DNB,nW/cm2/sr,2025,"{""type"":""MultiPoint"",""coordinates"":[]}"
132_00000000000000000001,BA03050040,,,,,,,91.03,91,14082.2122578,TASWIL5000020230907KABKOTA,Jayapura,,1.14561199815,9.52170493241,4326,4,,,Jayapura,Papua,,0,,,2025-01,0.22455025035518786,1,0.22455025035518786,VIIRS DNB,nW/cm2/sr,2025,"{""type"":""MultiPoint"",""coordinates"":[]}"
132_00000000000000000003,BA03050040,,,,,,,91.05,91,2429.0300227,TASWIL5000020230907KABKOTA,Kepulauan Yapen,,0.19742592562,8.55393507975,4326,4,,,Kepulauan Yapen,Papua,,0,,,2025-01,0.17912617021394608,1,0.17912617021394608,VIIRS DNB,nW/cm2/sr,2025,"{""type"":""MultiPoint"",""coordinates"":[]}"
132_00000000000000000007,BA03050040,,,,,,,91.19,91,660.611723589,TASWIL5000020230907KABKOTA,Supiori,,0.0536731325628,3.38191482935,4326,4,,,Supiori,Papua,,0,Biak Numfor,,2025-01,0.026289932738930346,1,0.026289932738930346,VIIRS DNB,nW/cm2/sr,2025,"{""type"":""MultiPoint"",""coordinates"":[]}"
132_00000000000000000002,BA03050040,,,,,,,91.11,91,9526.3153833,TASWIL5000020230907KABKOTA,Keerom,,0.775256858574,6.07708966623,4326,4,,,Keerom,Papua,,0,Jayapura,,2025-01,0.3087182244129281,1,0.3087182244129281,VIIRS DNB,nW/cm2/sr,2025,"{""type"":""MultiPoint"",""coordinates"":[]}"
132_00000000000000000004,BA03050040,,,,,,,91.71,91,835.479147077,TASWIL5000020230907KABKOTA,Kota Jayapura,,0.0679466217871,2.36790963878,4326,5,,,Kota Jayapura,Papua,,0,Jayapura,,2025-01,1.26871334249797,1,1.26871334249797,VIIRS DNB,nW/cm2/sr,2025,"{""type"":""MultiPoint"",""coordinates"":[]}"
132_00000000000000000006,BA03050040,,,,,,,91.10,91,14068.3737441,TASWIL5000020230907KABKOTA,Sarmi,,1.1439791998,11.4902362416,4326,4,,,Sarmi,Papua,,0,Jayapura,,2025-01,0.1868596768290638,1,0.1868596768290638,VIIRS DNB,nW/cm2/sr,2025,"{""type"":""MultiPoint"",""coordinates"":[]}"
132_00000000000000000005,BA03050040,,,,,,,91.20,91,28042.3912459,TASWIL5000020230907KABKOTA,Mamberamo Raya,,2.28030775228,13.664376657,4326,4,,,Mamberamo Raya,Papua,,0,Sarmi,,2025-01,0.1301875964569127,1,0.1301875964569127,VIIRS DNB,nW/cm2/sr,2025,"{""type"":""MultiPoint"",""coordinates"":[]}"
132_00000000000000000008,BA03050040,,,,,,,91.15,91,10778.7667558,TASWIL5000020230907KABKOTA,Waropen,,0.876665218552,7.26174952493,4326,4,,,Waropen,Papua,,0,Yapen Waropen,,2025-01,0.09362747201748577,1,0.09362747201748577,VIIRS DNB,nW/cm2/sr,2025,"{""type"":""MultiPoint"",""coordinates"":[]}"
133_00000000000000000000,BA03050040,,,,,,,91.06,91,2257.7785726,TASWIL5000020230907KABKOTA,Biak Numfor,,0.183451690197,5.35532578171,4326,4,,,Biak Numfor,Papua,,0,,,2025-02,0.0017052938743689257,2,0.0017052938743689257,VIIRS DNB,nW/cm2/sr,2025,"{""type"":""MultiPoint"",""coordinates"":[]}"
133_00000000000000000001,BA03050040,,,,,,,91.03,91,14082.2122578,TASWIL5000020230907KABKOTA,Jayapura,,1.14561199815,9.52170493241,4326,4,,,Jayapura,Papua,,0,,,2025-02,4.2707375629955015E-4,2,4.2707375629955015E-4,VIIRS DNB,nW/cm2/sr,2025,"{""type"":""MultiPoint"",""coordinates"":[]}"
133_00000000000000000003,BA03050040,,,,,,,91.05,91,2429.0300227,TASWIL5000020230907KABKOTA,Kepulauan Yapen,,0.19742592562,8.55393507975,4326,4,,,Kepulauan Yapen,Papua,,0,,,2025-02,0.00118704994563003,2,0.00118704994563003,VIIRS DNB,nW/cm2/sr,2025,"{""type"":""MultiPoint"",""coordinates"":[]}"
133_00000000000000000007,BA03050040,,,,,,,91.19,91,660.611723589,TASWIL5000020230907KABKOTA,Supiori,,0.0536731325628,3.38191482935,4326,4,,,Supiori,Papua,,0,Biak Numfor,,2025-02,0.13966964346529528,2,0.13966964346529528,VIIRS DNB,nW/cm2/sr,2025,"{""type"":""MultiPoint"",""coordinates"":[]}"
133_00000000000000000002,BA03050040,,,,,,,91.11,91,9526.3153833,TASWIL5000020230907KABKOTA,Keerom,,0.775256858574,6.07708966623,4326,4,,,Keerom,Papua,,0,Jayapura,,2025-02,0.019549020468007022,2,0.019549020468007022,VIIRS DNB,nW/cm2/sr,2025,"{""type"":""MultiPoint"",""coordinates"":[]}"
133_00000000000000000004,BA03050040,,,,,,,91.71,91,835.479147077,TASWIL5000020230907KABKOTA,Kota Jayapura,,0.0679466217871,2.36790963878,4326,5,,,Kota Jayapura,Papua,,0,Jayapura,,2025-02,0.01440321740850619,2,0.01440321740850619,VIIRS DNB,nW/cm2/sr,2025,"{""type"":""MultiPoint"",""coordinates"":[]}"
133_00000000000000000006,BA03050040,,,,,,,91.10,91,14068.3737441,TASWIL5000020230907KABKOTA,Sarmi,,1.1439791998,11.4902362416,4326,4,,,Sarmi,Papua,,0,Jayapura,,2025-02,0.0,2,0.0,VIIRS DNB,nW/cm2/sr,2025,"{""type"":""MultiPoint"",""coordinates"":[]}"
133_00000000000000000005,BA03050040,,,,,,,91.20,91,28042.3912459,TASWIL5000020230907KABKOTA,Mamberamo Raya,,2.28030775228,13.664376657,4326,4,,,Mamberamo Raya,Papua,,0,Sarmi,,2025-02,0.0,2,0.0,VIIRS DNB,nW/cm2/sr,2025,"{""type"":""MultiPoint"",""coordinates"":[]}"
133_00000000000000000008,BA03050040,,,,,,,91.15,91,10778.7667558,TASWIL5000020230907KABKOTA,Waropen,,0.876665218552,7.26174952493,4326,4,,,Waropen,Papua,,0,Yapen Waropen,,2025-02,0.0,2,0.0,VIIRS DNB,nW/cm2/sr,2025,"{""type"":""MultiPoint"",""coordinates"":[]}"
134_00000000000000000000,BA03050040,,,,,,,91.06,91,2257.7785726,TASWIL5000020230907KABKOTA,Biak Numfor,,0.183451690197,5.35532578171,4326,4,,,Biak Numfor,Papua,,0,,,2025-03,0.24913721775546493,3,0.24913721775546493,VIIRS DNB,nW/cm2/sr,2025,"{""type"":""MultiPoint"",""coordinates"":[]}"
134_00000000000000000001,BA03050040,,,,,,,91.03,91,14082.2122578,TASWIL5000020230907KABKOTA,Jayapura,,1.14561199815,9.52170493241,4326,4,,,Jayapura,Papua,,0,,,2025-03,0.28584608513789095,3,0.28584608513789095,VIIRS DNB,nW/cm2/sr,2025,"{""type"":""MultiPoint"",""coordinates"":[]}"
134_00000000000000000003,BA03050040,,,,,,,91.05,91,2429.0300227,TASWIL5000020230907KABKOTA,Kepulauan Yapen,,0.19742592562,8.55393507975,4326,4,,,Kepulauan Yapen,Papua,,0,,,2025-03,0.016183634398429528,3,0.016183634398429528,VIIRS DNB,nW/cm2/sr,2025,"{""type"":""MultiPoint"",""coordinates"":[]}"
134_00000000000000000007,BA03050040,,,,,,,91.19,91,660.611723589,TASWIL5000020230907KABKOTA,Supiori,,0.0536731325628,3.38191482935,4326,4,,,Supiori,Papua,,0,Biak Numfor,,2025-03,0.07231635091733349,3,0.07231635091733349,VIIRS DNB,nW/cm2/sr,2025,"{""type"":""MultiPoint"",""coordinates"":[]}"
134_00000000000000000002,BA03050040,,,,,,,91.11,91,9526.3153833,TASWIL5000020230907KABKOTA,Keerom,,0.775256858574,6.07708966623,4326,4,,,Keerom,Papua,,0,Jayapura,,2025-03,0.27147781946442867,3,0.27147781946442867,VIIRS DNB,nW/cm2/sr,2025,"{""type"":""MultiPoint"",""coordinates"":[]}"
134_00000000000000000004,BA03050040,,,,,,,91.71,91,835.479147077,TASWIL5000020230907KABKOTA,Kota Jayapura,,0.0679466217871,2.36790963878,4326,5,,,Kota Jayapura,Papua,,0,Jayapura,,2025-03,1.3130306374971659,3,1.3130306374971659,VIIRS DNB,nW/cm2/sr,2025,"{""type"":""MultiPoint"",""coordinates"":[]}"
134_00000000000000000006,BA03050040,,,,,,,91.10,91,14068.3737441,TASWIL5000020230907KABKOTA,Sarmi,,1.1439791998,11.4902362416,4326,4,,,Sarmi,Papua,,0,Jayapura,,2025-03,0.2740927250321786,3,0.2740927250321786,VIIRS DNB,nW/cm2/sr,2025,"{""type"":""MultiPoint"",""coordinates"":[]}"
134_00000000000000000005,BA03050040,,,,,,,91.20,91,28042.3912459,TASWIL5000020230907KABKOTA,Mamberamo Raya,,2.28030775228,13.664376657,4326,4,,,Mamberamo Raya,Papua,,0,Sarmi,,2025-03,0.26195959930381757,3,0.26195959930381757,VIIRS DNB,nW/cm2/sr,2025,"{""type"":""MultiPoint"",""coordinates"":[]}"
134_00000000000000000008,BA03050040,,,,,,,91.15,91,10778.7667558,TASWIL5000020230907KABKOTA,Waropen,,0.876665218552,7.26174952493,4326,4,,,Waropen,Papua,,0,Yapen Waropen,,2025-03,0.1307001924553974,3,0.1307001924553974,VIIRS DNB,nW/cm2/sr,2025,"{""type"":""MultiPoint"",""coordinates"":[]}"
135_00000000000000000000,BA03050040,,,,,,,91.06,91,2257.7785726,TASWIL5000020230907KABKOTA,Biak Numfor,,0.183451690197,5.35532578171,4326,4,,,Biak Numfor,Papua,,0,,,2025-04,0.02814479706530928,4,0.02814479706530928,VIIRS DNB,nW/cm2/sr,2025,"{""type"":""MultiPoint"",""coordinates"":[]}"
135_00000000000000000001,BA03050040,,,,,,,91.03,91,14082.2122578,TASWIL5000020230907KABKOTA,Jayapura,,1.14561199815,9.52170493241,4326,4,,,Jayapura,Papua,,0,,,2025-04,0.10780976427528986,4,0.10780976427528986,VIIRS DNB,nW/cm2/sr,2025,"{""type"":""MultiPoint"",""coordinates"":[]}"
135_00000000000000000003,BA03050040,,,,,,,91.05,91,2429.0300227,TASWIL5000020230907KABKOTA,Kepulauan Yapen,,0.19742592562,8.55393507975,4326,4,,,Kepulauan Yapen,Papua,,0,,,2025-04,2.5630212259446916E-4,4,2.5630212259446916E-4,VIIRS DNB,nW/cm2/sr,2025,"{""type"":""MultiPoint"",""coordinates"":[]}"
135_00000000000000000007,BA03050040,,,,,,,91.19,91,660.611723589,TASWIL5000020230907KABKOTA,Supiori,,0.0536731325628,3.38191482935,4326,4,,,Supiori,Papua,,0,Biak Numfor,,2025-04,0.0031636845061784407,4,0.0031636845061784407,VIIRS DNB,nW/cm2/sr,2025,"{""type"":""MultiPoint"",""coordinates"":[]}"
135_00000000000000000002,BA03050040,,,,,,,91.11,91,9526.3153833,TASWIL5000020230907KABKOTA,Keerom,,0.775256858574,6.07708966623,4326,4,,,Keerom,Papua,,0,Jayapura,,2025-04,0.2545952133970954,4,0.2545952133970954,VIIRS DNB,nW/cm2/sr,2025,"{""type"":""MultiPoint"",""coordinates"":[]}"
135_00000000000000000004,BA03050040,,,,,,,91.71,91,835.479147077,TASWIL5000020230907KABKOTA,Kota Jayapura,,0.0679466217871,2.36790963878,4326,5,,,Kota Jayapura,Papua,,0,Jayapura,,2025-04,0.07317357474535333,4,0.07317357474535333,VIIRS DNB,nW/cm2/sr,2025,"{""type"":""MultiPoint"",""coordinates"":[]}"
135_00000000000000000006,BA03050040,,,,,,,91.10,91,14068.3737441,TASWIL5000020230907KABKOTA,Sarmi,,1.1439791998,11.4902362416,4326,4,,,Sarmi,Papua,,0,Jayapura,,2025-04,0.04123034901824613,4,0.04123034901824613,VIIRS DNB,nW/cm2/sr,2025,"{""type"":""MultiPoint"",""coordinates"":[]}"
135_00000000000000000005,BA03050040,,,,,,,91.20,91,28042.3912459,TASWIL5000020230907KABKOTA,Mamberamo Raya,,2.28030775228,13.664376657,4326,4,,,Mamberamo Raya,Papua,,0,Sarmi,,2025-04,0.07502976090571858,4,0.07502976090571858,VIIRS DNB,nW/cm2/sr,2025,"{""type"":""MultiPoint"",""coordinates"":[]}"
135_00000000000000000008,BA03050040,,,,,,,91.15,91,10778.7667558,TASWIL5000020230907KABKOTA,Waropen,,0.876665218552,7.26174952493,4326,4,,,Waropen,Papua,,0,Yapen Waropen,,2025-04,0.015013376688711211,4,0.015013376688711211,VIIRS DNB,nW/cm2/sr,2025,"{""type"":""MultiPoint"",""coordinates"":[]}"
136_00000000000000000000,BA03050040,,,,,,,91.06,91,2257.7785726,TASWIL5000020230907KABKOTA,Biak Numfor,,0.183451690197,5.35532578171,4326,4,,,Biak Numfor,Papua,,0,,,2025-05,0.30159335984566377,5,0.30159335984566377,VIIRS DNB,nW/cm2/sr,2025,"{""type"":""MultiPoint"",""coordinates"":[]}"
136_00000000000000000001,BA03050040,,,,,,,91.03,91,14082.2122578,TASWIL5000020230907KABKOTA,Jayapura,,1.14561199815,9.52170493241,4326,4,,,Jayapura,Papua,,0,,,2025-05,0.3415017662509382,5,0.3415017662509382,VIIRS DNB,nW/cm2/sr,2025,"{""type"":""MultiPoint"",""coordinates"":[]}"
136_00000000000000000003,BA03050040,,,,,,,91.05,91,2429.0300227,TASWIL5000020230907KABKOTA,Kepulauan Yapen,,0.19742592562,8.55393507975,4326,4,,,Kepulauan Yapen,Papua,,0,,,2025-05,0.09203570051583797,5,0.09203570051583797,VIIRS DNB,nW/cm2/sr,2025,"{""type"":""MultiPoint"",""coordinates"":[]}"
136_00000000000000000007,BA03050040,,,,,,,91.19,91,660.611723589,TASWIL5000020230907KABKOTA,Supiori,,0.0536731325628,3.38191482935,4326,4,,,Supiori,Papua,,0,Biak Numfor,,2025-05,0.2300868150440745,5,0.2300868150440745,VIIRS DNB,nW/cm2/sr,2025,"{""type"":""MultiPoint"",""coordinates"":[]}"
136_00000000000000000002,BA03050040,,,,,,,91.11,91,9526.3153833,TASWIL5000020230907KABKOTA,Keerom,,0.775256858574,6.07708966623,4326,4,,,Keerom,Papua,,0,Jayapura,,2025-05,0.34101802028552103,5,0.34101802028552103,VIIRS DNB,nW/cm2/sr,2025,"{""type"":""MultiPoint"",""coordinates"":[]}"
136_00000000000000000004,BA03050040,,,,,,,91.71,91,835.479147077,TASWIL5000020230907KABKOTA,Kota Jayapura,,0.0679466217871,2.36790963878,4326,5,,,Kota Jayapura,Papua,,0,Jayapura,,2025-05,1.3160921034698818,5,1.3160921034698818,VIIRS DNB,nW/cm2/sr,2025,"{""type"":""MultiPoint"",""coordinates"":[]}"
136_00000000000000000006,BA03050040,,,,,,,91.10,91,14068.3737441,TASWIL5000020230907KABKOTA,Sarmi,,1.1439791998,11.4902362416,4326,4,,,Sarmi,Papua,,0,Jayapura,,2025-05,0.29247360462082034,5,0.29247360462082034,VIIRS DNB,nW/cm2/sr,2025,"{""type"":""MultiPoint"",""coordinates"":[]}"
136_00000000000000000005,BA03050040,,,,,,,91.20,91,28042.3912459,TASWIL5000020230907KABKOTA,Mamberamo Raya,,2.28030775228,13.664376657,4326,4,,,Mamberamo Raya,Papua,,0,Sarmi,,2025-05,0.28269678072257476,5,0.28269678072257476,VIIRS DNB,nW/cm2/sr,2025,"{""type"":""MultiPoint"",""coordinates"":[]}"
136_00000000000000000008,BA03050040,,,,,,,91.15,91,10778.7667558,TASWIL5000020230907KABKOTA,Waropen,,0.876665218552,7.26174952493,4326,4,,,Waropen,Papua,,0,Yapen Waropen,,2025-05,0.209155655850179,5,0.209155655850179,VIIRS DNB,nW/cm2/sr,2025,"{""type"":""MultiPoint"",""coordinates"":[]}"
137_00000000000000000000,BA03050040,,,,,,,91.06,91,2257.7785726,TASWIL5000020230907KABKOTA,Biak Numfor,,0.183451690197,5.35532578171,4326,4,,,Biak Numfor,Papua,,0,,,2025-06,0.41542116564008863,6,0.41542116564008863,VIIRS DNB,nW/cm2/sr,2025,"{""type"":""MultiPoint"",""coordinates"":[]}"
137_00000000000000000001,BA03050040,,,,,,,91.03,91,14082.2122578,TASWIL5000020230907KABKOTA,Jayapura,,1.14561199815,9.52170493241,4326,4,,,Jayapura,Papua,,0,,,2025-06,0.29800910068329156,6,0.29800910068329156,VIIRS DNB,nW/cm2/sr,2025,"{""type"":""MultiPoint"",""coordinates"":[]}"
137_00000000000000000003,BA03050040,,,,,,,91.05,91,2429.0300227,TASWIL5000020230907KABKOTA,Kepulauan Yapen,,0.19742592562,8.55393507975,4326,4,,,Kepulauan Yapen,Papua,,0,,,2025-06,0.2702354798877331,6,0.2702354798877331,VIIRS DNB,nW/cm2/sr,2025,"{""type"":""MultiPoint"",""coordinates"":[]}"
137_00000000000000000007,BA03050040,,,,,,,91.19,91,660.611723589,TASWIL5000020230907KABKOTA,Supiori,,0.0536731325628,3.38191482935,4326,4,,,Supiori,Papua,,0,Biak Numfor,,2025-06,0.30663642494989507,6,0.30663642494989507,VIIRS DNB,nW/cm2/sr,2025,"{""type"":""MultiPoint"",""coordinates"":[]}"
137_00000000000000000002,BA03050040,,,,,,,91.11,91,9526.3153833,TASWIL5000020230907KABKOTA,Keerom,,0.775256858574,6.07708966623,4326,4,,,Keerom,Papua,,0,Jayapura,,2025-06,0.31920258013140523,6,0.31920258013140523,VIIRS DNB,nW/cm2/sr,2025,"{""type"":""MultiPoint"",""coordinates"":[]}"
137_00000000000000000004,BA03050040,,,,,,,91.71,91,835.479147077,TASWIL5000020230907KABKOTA,Kota Jayapura,,0.0679466217871,2.36790963878,4326,5,,,Kota Jayapura,Papua,,0,Jayapura,,2025-06,1.2737691422310444,6,1.2737691422310444,VIIRS DNB,nW/cm2/sr,2025,"{""type"":""MultiPoint"",""coordinates"":[]}"
137_00000000000000000006,BA03050040,,,,,,,91.10,91,14068.3737441,TASWIL5000020230907KABKOTA,Sarmi,,1.1439791998,11.4902362416,4326,4,,,Sarmi,Papua,,0,Jayapura,,2025-06,0.22565743934107085,6,0.22565743934107085,VIIRS DNB,nW/cm2/sr,2025,"{""type"":""MultiPoint"",""coordinates"":[]}"
137_00000000000000000005,BA03050040,,,,,,,91.20,91,28042.3912459,TASWIL5000020230907KABKOTA,Mamberamo Raya,,2.28030775228,13.664376657,4326,4,,,Mamberamo Raya,Papua,,0,Sarmi,,2025-06,0.23401318170841168,6,0.23401318170841168,VIIRS DNB,nW/cm2/sr,2025,"{""type"":""MultiPoint"",""coordinates"":[]}"
137_00000000000000000008,BA03050040,,,,,,,91.15,91,10778.7667558,TASWIL5000020230907KABKOTA,Waropen,,0.876665218552,7.26174952493,4326,4,,,Waropen,Papua,,0,Yapen Waropen,,2025-06,0.20558874642682962,6,0.20558874642682962,VIIRS DNB,nW/cm2/sr,2025,"{""type"":""MultiPoint"",""coordinates"":[]}"
138_00000000000000000000,BA03050040,,,,,,,91.06,91,2257.7785726,TASWIL5000020230907KABKOTA,Biak Numfor,,0.183451690197,5.35532578171,4326,4,,,Biak Numfor,Papua,,0,,,2025-07,0.3926964766667348,7,0.3926964766667348,VIIRS DNB,nW/cm2/sr,2025,"{""type"":""MultiPoint"",""coordinates"":[]}"
138_00000000000000000001,BA03050040,,,,,,,91.03,91,14082.2122578,TASWIL5000020230907KABKOTA,Jayapura,,1.14561199815,9.52170493241,4326,4,,,Jayapura,Papua,,0,,,2025-07,0.2575419241496852,7,0.2575419241496852,VIIRS DNB,nW/cm2/sr,2025,"{""type"":""MultiPoint"",""coordinates"":[]}"
138_00000000000000000003,BA03050040,,,,,,,91.05,91,2429.0300227,TASWIL5000020230907KABKOTA,Kepulauan Yapen,,0.19742592562,8.55393507975,4326,4,,,Kepulauan Yapen,Papua,,0,,,2025-07,0.2853632469198593,7,0.2853632469198593,VIIRS DNB,nW/cm2/sr,2025,"{""type"":""MultiPoint"",""coordinates"":[]}"
138_00000000000000000007,BA03050040,,,,,,,91.19,91,660.611723589,TASWIL5000020230907KABKOTA,Supiori,,0.0536731325628,3.38191482935,4326,4,,,Supiori,Papua,,0,Biak Numfor,,2025-07,0.2486475286741245,7,0.2486475286741245,VIIRS DNB,nW/cm2/sr,2025,"{""type"":""MultiPoint"",""coordinates"":[]}"
138_00000000000000000002,BA03050040,,,,,,,91.11,91,9526.3153833,TASWIL5000020230907KABKOTA,Keerom,,0.775256858574,6.07708966623,4326,4,,,Keerom,Papua,,0,Jayapura,,2025-07,0.2228319520438795,7,0.2228319520438795,VIIRS DNB,nW/cm2/sr,2025,"{""type"":""MultiPoint"",""coordinates"":[]}"
138_00000000000000000004,BA03050040,,,,,,,91.71,91,835.479147077,TASWIL5000020230907KABKOTA,Kota Jayapura,,0.0679466217871,2.36790963878,4326,5,,,Kota Jayapura,Papua,,0,Jayapura,,2025-07,1.652135641707864,7,1.652135641707864,VIIRS DNB,nW/cm2/sr,2025,"{""type"":""MultiPoint"",""coordinates"":[]}"
138_00000000000000000006,BA03050040,,,,,,,91.10,91,14068.3737441,TASWIL5000020230907KABKOTA,Sarmi,,1.1439791998,11.4902362416,4326,4,,,Sarmi,Papua,,0,Jayapura,,2025-07,0.17934146830901687,7,0.17934146830901687,VIIRS DNB,nW/cm2/sr,2025,"{""type"":""MultiPoint"",""coordinates"":[]}"
138_00000000000000000005,BA03050040,,,,,,,91.20,91,28042.3912459,TASWIL5000020230907KABKOTA,Mamberamo Raya,,2.28030775228,13.664376657,4326,4,,,Mamberamo Raya,Papua,,0,Sarmi,,2025-07,0.21199639321729494,7,0.21199639321729494,VIIRS DNB,nW/cm2/sr,2025,"{""type"":""MultiPoint"",""coordinates"":[]}"
138_00000000000000000008,BA03050040,,,,,,,91.15,91,10778.7667558,TASWIL5000020230907KABKOTA,Waropen,,0.876665218552,7.26174952493,4326,4,,,Waropen,Papua,,0,Yapen Waropen,,2025-07,0.24801332551253918,7,0.24801332551253918,VIIRS DNB,nW/cm2/sr,2025,"{""type"":""MultiPoint"",""coordinates"":[]}"
139_00000000000000000000,BA03050040,,,,,,,91.06,91,2257.7785726,TASWIL5000020230907KABKOTA,Biak Numfor,,0.183451690197,5.35532578171,4326,4,,,Biak Numfor,Papua,,0,,,2025-08,0.3901079268531221,8,0.3901079268531221,VIIRS DNB,nW/cm2/sr,2025,"{""type"":""MultiPoint"",""coordinates"":[]}"
139_00000000000000000001,BA03050040,,,,,,,91.03,91,14082.2122578,TASWIL5000020230907KABKOTA,Jayapura,,1.14561199815,9.52170493241,4326,4,,,Jayapura,Papua,,0,,,2025-08,0.2696880502129316,8,0.2696880502129316,VIIRS DNB,nW/cm2/sr,2025,"{""type"":""MultiPoint"",""coordinates"":[]}"
139_00000000000000000003,BA03050040,,,,,,,91.05,91,2429.0300227,TASWIL5000020230907KABKOTA,Kepulauan Yapen,,0.19742592562,8.55393507975,4326,4,,,Kepulauan Yapen,Papua,,0,,,2025-08,0.29500252490985357,8,0.29500252490985357,VIIRS DNB,nW/cm2/sr,2025,"{""type"":""MultiPoint"",""coordinates"":[]}"
139_00000000000000000007,BA03050040,,,,,,,91.19,91,660.611723589,TASWIL5000020230907KABKOTA,Supiori,,0.0536731325628,3.38191482935,4326,4,,,Supiori,Papua,,0,Biak Numfor,,2025-08,0.21089418801361381,8,0.21089418801361381,VIIRS DNB,nW/cm2/sr,2025,"{""type"":""MultiPoint"",""coordinates"":[]}"
139_00000000000000000002,BA03050040,,,,,,,91.11,91,9526.3153833,TASWIL5000020230907KABKOTA,Keerom,,0.775256858574,6.07708966623,4326,4,,,Keerom,Papua,,0,Jayapura,,2025-08,0.2385139542613589,8,0.2385139542613589,VIIRS DNB,nW/cm2/sr,2025,"{""type"":""MultiPoint"",""coordinates"":[]}"
139_00000000000000000004,BA03050040,,,,,,,91.71,91,835.479147077,TASWIL5000020230907KABKOTA,Kota Jayapura,,0.0679466217871,2.36790963878,4326,5,,,Kota Jayapura,Papua,,0,Jayapura,,2025-08,1.5837857933254764,8,1.5837857933254764,VIIRS DNB,nW/cm2/sr,2025,"{""type"":""MultiPoint"",""coordinates"":[]}"
139_00000000000000000006,BA03050040,,,,,,,91.10,91,14068.3737441,TASWIL5000020230907KABKOTA,Sarmi,,1.1439791998,11.4902362416,4326,4,,,Sarmi,Papua,,0,Jayapura,,2025-08,0.233262782505778,8,0.233262782505778,VIIRS DNB,nW/cm2/sr,2025,"{""type"":""MultiPoint"",""coordinates"":[]}"
139_00000000000000000005,BA03050040,,,,,,,91.20,91,28042.3912459,TASWIL5000020230907KABKOTA,Mamberamo Raya,,2.28030775228,13.664376657,4326,4,,,Mamberamo Raya,Papua,,0,Sarmi,,2025-08,0.2502721846106066,8,0.2502721846106066,VIIRS DNB,nW/cm2/sr,2025,"{""type"":""MultiPoint"",""coordinates"":[]}"
139_00000000000000000008,BA03050040,,,,,,,91.15,91,10778.7667558,TASWIL5000020230907KABKOTA,Waropen,,0.876665218552,7.26174952493,4326,4,,,Waropen,Papua,,0,Yapen Waropen,,2025-08,0.25800002964722113,8,0.25800002964722113,VIIRS DNB,nW/cm2/sr,2025,"{""type"":""MultiPoint"",""coordinates"":[]}"
140_00000000000000000000,BA03050040,,,,,,,91.06,91,2257.7785726,TASWIL5000020230907KABKOTA,Biak Numfor,,0.183451690197,5.35532578171,4326,4,,,Biak Numfor,Papua,,0,,,2025-09,0.3969715289260658,9,0.3969715289260658,VIIRS DNB,nW/cm2/sr,2025,"{""type"":""MultiPoint"",""coordinates"":[]}"
140_00000000000000000001,BA03050040,,,,,,,91.03,91,14082.2122578,TASWIL5000020230907KABKOTA,Jayapura,,1.14561199815,9.52170493241,4326,4,,,Jayapura,Papua,,0,,,2025-09,0.2552581069667622,9,0.2552581069667622,VIIRS DNB,nW/cm2/sr,2025,"{""type"":""MultiPoint"",""coordinates"":[]}"
140_00000000000000000003,BA03050040,,,,,,,91.05,91,2429.0300227,TASWIL5000020230907KABKOTA,Kepulauan Yapen,,0.19742592562,8.55393507975,4326,4,,,Kepulauan Yapen,Papua,,0,,,2025-09,0.24964835555391052,9,0.24964835555391052,VIIRS DNB,nW/cm2/sr,2025,"{""type"":""MultiPoint"",""coordinates"":[]}"
140_00000000000000000007,BA03050040,,,,,,,91.19,91,660.611723589,TASWIL5000020230907KABKOTA,Supiori,,0.0536731325628,3.38191482935,4326,4,,,Supiori,Papua,,0,Biak Numfor,,2025-09,0.24241963976770695,9,0.24241963976770695,VIIRS DNB,nW/cm2/sr,2025,"{""type"":""MultiPoint"",""coordinates"":[]}"
140_00000000000000000002,BA03050040,,,,,,,91.11,91,9526.3153833,TASWIL5000020230907KABKOTA,Keerom,,0.775256858574,6.07708966623,4326,4,,,Keerom,Papua,,0,Jayapura,,2025-09,0.24959303109772588,9,0.24959303109772588,VIIRS DNB,nW/cm2/sr,2025,"{""type"":""MultiPoint"",""coordinates"":[]}"
140_00000000000000000004,BA03050040,,,,,,,91.71,91,835.479147077,TASWIL5000020230907KABKOTA,Kota Jayapura,,0.0679466217871,2.36790963878,4326,5,,,Kota Jayapura,Papua,,0,Jayapura,,2025-09,1.3977590200581813,9,1.3977590200581813,VIIRS DNB,nW/cm2/sr,2025,"{""type"":""MultiPoint"",""coordinates"":[]}"
140_00000000000000000006,BA03050040,,,,,,,91.10,91,14068.3737441,TASWIL5000020230907KABKOTA,Sarmi,,1.1439791998,11.4902362416,4326,4,,,Sarmi,Papua,,0,Jayapura,,2025-09,0.2220967937976987,9,0.2220967937976987,VIIRS DNB,nW/cm2/sr,2025,"{""type"":""MultiPoint"",""coordinates"":[]}"
140_00000000000000000005,BA03050040,,,,,,,91.20,91,28042.3912459,TASWIL5000020230907KABKOTA,Mamberamo Raya,,2.28030775228,13.664376657,4326,4,,,Mamberamo Raya,Papua,,0,Sarmi,,2025-09,0.21081199767345532,9,0.21081199767345532,VIIRS DNB,nW/cm2/sr,2025,"{""type"":""MultiPoint"",""coordinates"":[]}"
140_00000000000000000008,BA03050040,,,,,,,91.15,91,10778.7667558,TASWIL5000020230907KABKOTA,Waropen,,0.876665218552,7.26174952493,4326,4,,,Waropen,Papua,,0,Yapen Waropen,,2025-09,0.20878877700338663,9,0.20878877700338663,VIIRS DNB,nW/cm2/sr,2025,"{""type"":""MultiPoint"",""coordinates"":[]}"
141_00000000000000000000,BA03050040,,,,,,,91.06,91,2257.7785726,TASWIL5000020230907KABKOTA,Biak Numfor,,0.183451690197,5.35532578171,4326,4,,,Biak Numfor,Papua,,0,,,2025-10,0.413101715899481,10,0.413101715899481,VIIRS DNB,nW/cm2/sr,2025,"{""type"":""MultiPoint"",""coordinates"":[]}"
141_00000000000000000001,BA03050040,,,,,,,91.03,91,14082.2122578,TASWIL5000020230907KABKOTA,Jayapura,,1.14561199815,9.52170493241,4326,4,,,Jayapura,Papua,,0,,,2025-10,0.23076415749376178,10,0.23076415749376178,VIIRS DNB,nW/cm2/sr,2025,"{""type"":""MultiPoint"",""coordinates"":[]}"
141_00000000000000000003,BA03050040,,,,,,,91.05,91,2429.0300227,TASWIL5000020230907KABKOTA,Kepulauan Yapen,,0.19742592562,8.55393507975,4326,4,,,Kepulauan Yapen,Papua,,0,,,2025-10,0.31750377790070794,10,0.31750377790070794,VIIRS DNB,nW/cm2/sr,2025,"{""type"":""MultiPoint"",""coordinates"":[]}"
141_00000000000000000007,BA03050040,,,,,,,91.19,91,660.611723589,TASWIL5000020230907KABKOTA,Supiori,,0.0536731325628,3.38191482935,4326,4,,,Supiori,Papua,,0,Biak Numfor,,2025-10,0.25547542946678115,10,0.25547542946678115,VIIRS DNB,nW/cm2/sr,2025,"{""type"":""MultiPoint"",""coordinates"":[]}"
141_00000000000000000002,BA03050040,,,,,,,91.11,91,9526.3153833,TASWIL5000020230907KABKOTA,Keerom,,0.775256858574,6.07708966623,4326,4,,,Keerom,Papua,,0,Jayapura,,2025-10,0.22519229930200121,10,0.22519229930200121,VIIRS DNB,nW/cm2/sr,2025,"{""type"":""MultiPoint"",""coordinates"":[]}"
141_00000000000000000004,BA03050040,,,,,,,91.71,91,835.479147077,TASWIL5000020230907KABKOTA,Kota Jayapura,,0.0679466217871,2.36790963878,4326,5,,,Kota Jayapura,Papua,,0,Jayapura,,2025-10,1.4568942242285845,10,1.4568942242285845,VIIRS DNB,nW/cm2/sr,2025,"{""type"":""MultiPoint"",""coordinates"":[]}"
141_00000000000000000006,BA03050040,,,,,,,91.10,91,14068.3737441,TASWIL5000020230907KABKOTA,Sarmi,,1.1439791998,11.4902362416,4326,4,,,Sarmi,Papua,,0,Jayapura,,2025-10,0.22768066180139054,10,0.22768066180139054,VIIRS DNB,nW/cm2/sr,2025,"{""type"":""MultiPoint"",""coordinates"":[]}"
141_00000000000000000005,BA03050040,,,,,,,91.20,91,28042.3912459,TASWIL5000020230907KABKOTA,Mamberamo Raya,,2.28030775228,13.664376657,4326,4,,,Mamberamo Raya,Papua,,0,Sarmi,,2025-10,0.22422060235701938,10,0.22422060235701938,VIIRS DNB,nW/cm2/sr,2025,"{""type"":""MultiPoint"",""coordinates"":[]}"
141_00000000000000000008,BA03050040,,,,,,,91.15,91,10778.7667558,TASWIL5000020230907KABKOTA,Waropen,,0.876665218552,7.26174952493,4326,4,,,Waropen,Papua,,0,Yapen Waropen,,2025-10,0.20130197243384843,10,0.20130197243384843,VIIRS DNB,nW/cm2/sr,2025,"{""type"":""MultiPoint"",""coordinates"":[]}"
