system:index,FCODE,KDBBPS,KDCBPS,KDCPUM,KDEBPS,KDEPUM,KDPBPS,KDPKAB,KDPPUM,LUASWH,METADATA,NAMOBJ,REMARK,SHAPE_Area,SHAPE_Leng,SRS_ID,TIPADM,WADMKC,WADMKD,WADMKK,WADMPR,WIADKC,WIADKD,WIADKK,WIADPR,date,mean,month,ntl_mean,source,unit,year,.geo
0_00000000000000000002,BA03050040,,,,,,,61.06,61,31318.2461503,TASWIL5000020230907KABKOTA,Kapuas Hulu,,2.54462852025,10.3235168378,4326,4,,,Kapuas Hulu,Kalimantan Barat,,0,,,2014-01,0.012661185796972821,1,0.012661185796972821,VIIRS DNB,nW/cm2/sr,2014,"{""type"":""MultiPoint"",""coordinates"":[]}"
0_00000000000000000004,BA03050040,,,,,,,61.04,61,30018.6763396,TASWIL5000020230907KABKOTA,Ketapang,,2.43989292708,13.6255621311,4326,4,,,Ketapang,Kalimantan Barat,,0,,,2014-01,0.09163137666886803,1,0.09163137666886803,VIIRS DNB,nW/cm2/sr,2014,"{""type"":""MultiPoint"",""coordinates"":[]}"
0_0000000000000000000a,BA03050040,,,,,,,61.02,61,1935.41897259,TASWIL5000020230907KABKOTA,Mempawah,,0.157238724723,3.1173764195,4326,4,,,Mempawah,Kalimantan Barat,,0,,,2014-01,0.3945004508024187,1,0.3945004508024187,VIIRS DNB,nW/cm2/sr,2014,"{""type"":""MultiPoint"",""coordinates"":[]}"
0_0000000000000000000b,BA03050040,,,,,,,61.01,61,5937.99495327,TASWIL5000020230907KABKOTA,Sambas,,0.482557384329,4.23082967505,4326,4,,,Sambas,Kalimantan Barat,,0,,,2014-01,0.09287018861897675,1,0.09287018861897675,VIIRS DNB,nW/cm2/sr,2014,"{""type"":""MultiPoint"",""coordinates"":[]}"
0_0000000000000000000c,BA03050040,,,,,,,61.03,61,12452.2241518,TASWIL5000020230907KABKOTA,Sanggau,,1.01166258397,7.65307697656,4326,4,,,Sanggau,Kalimantan Barat,,0,,,2014-01,0.041114905528181964,1,0.041114905528181964,VIIRS DNB,nW/cm2/sr,2014,"{""type"":""MultiPoint"",""coordinates"":[]}"
0_0000000000000000000e,BA03050040,,,,,,,61.05,61,22025.7880014,TASWIL5000020230907KABKOTA,Sintang,,1.78944370224,11.9811145851,4326,4,,,Sintang,Kalimantan Barat,,0,,,2014-01,0.025370114605405843,1,0.025370114605405843,VIIRS DNB,nW/cm2/sr,2014,"{""type"":""MultiPoint"",""coordinates"":[]}"
0_00000000000000000003,BA03050040,,,,,,,61.11,61,4110.12301412,TASWIL5000020230907KABKOTA,Kayong Utara,,0.333972050772,6.99327188474,4326,4,,,Kayong Utara,Kalimantan Barat,,0,Ketapang,,2014-01,0.07999448958383287,1,0.07999448958383287,VIIRS DNB,nW/cm2/sr,2014,"{""type"":""MultiPoint"",""coordinates"":[]}"
0_00000000000000000007,BA03050040,,,,,,,61.12,61,8549.29358265,TASWIL5000020230907KABKOTA,Kubu Raya,,0.694575912143,12.4289126619,4326,4,,,Kubu Raya,Kalimantan Barat,,0,Pontianak,,2014-01,0.38176056337533987,1,0.38176056337533987,VIIRS DNB,nW/cm2/sr,2014,"{""type"":""MultiPoint"",""coordinates"":[]}"
0_00000000000000000008,BA03050040,,,,,,,61.08,61,8430.71056018,TASWIL5000020230907KABKOTA,Landak,,0.684950096963,6.11846983154,4326,4,,,Landak,Kalimantan Barat,,0,Pontianak,,2014-01,0.06006420678678999,1,0.06006420678678999,VIIRS DNB,nW/cm2/sr,2014,"{""type"":""MultiPoint"",""coordinates"":[]}"
0_00000000000000000000,BA03050040,,,,,,,61.07,61,5488.60795319,TASWIL5000020230907KABKOTA,Bengkayang,,0.445970285372,6.02675176554,4326,4,,,Bengkayang,Kalimantan Barat,,0,Sambas,,2014-01,0.05234145005094844,1,0.05234145005094844,VIIRS DNB,nW/cm2/sr,2014,"{""type"":""MultiPoint"",""coordinates"":[]}"
0_0000000000000000000d,BA03050040,,,,,,,61.09,61,5979.04370295,TASWIL5000020230907KABKOTA,Sekadau,,0.485752312966,4.89358511498,4326,4,,,Sekadau,Kalimantan Barat,,0,Sanggau,,2014-01,0.04325859204984561,1,0.04325859204984561,VIIRS DNB,nW/cm2/sr,2014,"{""type"":""MultiPoint"",""coordinates"":[]}"
0_00000000000000000009,BA03050040,,,,,,,61.10,61,10122.5133896,TASWIL5000020230907KABKOTA,Melawi,,0.822418686577,6.18884194372,4326,4,,,Melawi,Kalimantan Barat,,0,Sintang,,2014-01,0.04050418898416359,1,0.04050418898416359,VIIRS DNB,nW/cm2/sr,2014,"{""type"":""MultiPoint"",""coordinates"":[]}"
0_00000000000000000005,BA03050040,,,,,,,61.71,61,118.208752498,TASWIL5000020230907KABKOTA,Kota Pontianak,,0.00960338694431,0.439734620886,4326,5,,,Kota Pontianak,Kalimantan Barat,,0,,,2014-01,9.0578769496396,1,9.0578769496396,VIIRS DNB,nW/cm2/sr,2014,"{""type"":""MultiPoint"",""coordinates"":[]}"
0_00000000000000000006,BA03050040,,,,,,,61.72,61,550.186910141,TASWIL5000020230907KABKOTA,Kota Singkawang,,0.0447029151336,1.23074798661,4326,5,,,Kota Singkawang,Kalimantan Barat,,0,Bengkayang,,2014-01,0.5547804603831767,1,0.5547804603831767,VIIRS DNB,nW/cm2/sr,2014,"{""type"":""MultiPoint"",""coordinates"":[]}"
0_00000000000000000001,BA03050040,,,,,,,,61,0.446818812946,TASWIL5000020230907KABKOTA,Kalimantan Barat,"Berdasarkan Kepmendagri 050-145 Tahun 2022, masuk ke Kalimantan Barat",3.63047728111E-5,0.0520740876463,4326,999,,,,Kalimantan Barat,,0,,,2014-01,0.07097164747895258,1,0.07097164747895258,VIIRS DNB,nW/cm2/sr,2014,"{""type"":""MultiPoint"",""coordinates"":[]}"
1_00000000000000000002,BA03050040,,,,,,,61.06,61,31318.2461503,TASWIL5000020230907KABKOTA,Kapuas Hulu,,2.54462852025,10.3235168378,4326,4,,,Kapuas Hulu,Kalimantan Barat,,0,,,2014-02,0.042235004948513656,2,0.042235004948513656,VIIRS DNB,nW/cm2/sr,2014,"{""type"":""MultiPoint"",""coordinates"":[]}"
1_00000000000000000004,BA03050040,,,,,,,61.04,61,30018.6763396,TASWIL5000020230907KABKOTA,Ketapang,,2.43989292708,13.6255621311,4326,4,,,Ketapang,Kalimantan Barat,,0,,,2014-02,0.09103352568061732,2,0.09103352568061732,VIIRS DNB,nW/cm2/sr,2014,"{""type"":""MultiPoint"",""coordinates"":[]}"
1_0000000000000000000a,BA03050040,,,,,,,61.02,61,1935.41897259,TASWIL5000020230907KABKOTA,Mempawah,,0.157238724723,3.1173764195,4326,4,,,Mempawah,Kalimantan Barat,,0,,,2014-02,0.42586156210665793,2,0.42586156210665793,VIIRS DNB,nW/cm2/sr,2014,"{""type"":""MultiPoint"",""coordinates"":[]}"
1_0000000000000000000b,BA03050040,,,,,,,61.01,61,5937.99495327,TASWIL5000020230907KABKOTA,Sambas,,0.482557384329,4.23082967505,4326,4,,,Sambas,Kalimantan Barat,,0,,,2014-02,0.10333836351484461,2,0.10333836351484461,VIIRS DNB,nW/cm2/sr,2014,"{""type"":""MultiPoint"",""coordinates"":[]}"
1_0000000000000000000c,BA03050040,,,,,,,61.03,61,12452.2241518,TASWIL5000020230907KABKOTA,Sanggau,,1.01166258397,7.65307697656,4326,4,,,Sanggau,Kalimantan Barat,,0,,,2014-02,0.08502785755085948,2,0.08502785755085948,VIIRS DNB,nW/cm2/sr,2014,"{""type"":""MultiPoint"",""coordinates"":[]}"
1_0000000000000000000e,BA03050040,,,,,,,61.05,61,22025.7880014,TASWIL5000020230907KABKOTA,Sintang,,1.78944370224,11.9811145851,4326,4,,,Sintang,Kalimantan Barat,,0,,,2014-02,0.06445035483963746,2,0.06445035483963746,VIIRS DNB,nW/cm2/sr,2014,"{""type"":""MultiPoint"",""coordinates"":[]}"
1_00000000000000000003,BA03050040,,,,,,,61.11,61,4110.12301412,TASWIL5000020230907KABKOTA,Kayong Utara,,0.333972050772,6.99327188474,4326,4,,,Kayong Utara,Kalimantan Barat,,0,Ketapang,,2014-02,0.0843491280859311,2,0.0843491280859311,VIIRS DNB,nW/cm2/sr,2014,"{""type"":""MultiPoint"",""coordinates"":[]}"
1_00000000000000000007,BA03050040,,,,,,,61.12,61,8549.29358265,TASWIL5000020230907KABKOTA,Kubu Raya,,0.694575912143,12.4289126619,4326,4,,,Kubu Raya,Kalimantan Barat,,0,Pontianak,,2014-02,1.4302535191083618,2,1.4302535191083618,VIIRS DNB,nW/cm2/sr,2014,"{""type"":""MultiPoint"",""coordinates"":[]}"
1_00000000000000000008,BA03050040,,,,,,,61.08,61,8430.71056018,TASWIL5000020230907KABKOTA,Landak,,0.684950096963,6.11846983154,4326,4,,,Landak,Kalimantan Barat,,0,Pontianak,,2014-02,0.0833223200654759,2,0.0833223200654759,VIIRS DNB,nW/cm2/sr,2014,"{""type"":""MultiPoint"",""coordinates"":[]}"
1_00000000000000000000,BA03050040,,,,,,,61.07,61,5488.60795319,TASWIL5000020230907KABKOTA,Bengkayang,,0.445970285372,6.02675176554,4326,4,,,Bengkayang,Kalimantan Barat,,0,Sambas,,2014-02,0.061205518830430794,2,0.061205518830430794,VIIRS DNB,nW/cm2/sr,2014,"{""type"":""MultiPoint"",""coordinates"":[]}"
1_0000000000000000000d,BA03050040,,,,,,,61.09,61,5979.04370295,TASWIL5000020230907KABKOTA,Sekadau,,0.485752312966,4.89358511498,4326,4,,,Sekadau,Kalimantan Barat,,0,Sanggau,,2014-02,0.07298384198875008,2,0.07298384198875008,VIIRS DNB,nW/cm2/sr,2014,"{""type"":""MultiPoint"",""coordinates"":[]}"
1_00000000000000000009,BA03050040,,,,,,,61.10,61,10122.5133896,TASWIL5000020230907KABKOTA,Melawi,,0.822418686577,6.18884194372,4326,4,,,Melawi,Kalimantan Barat,,0,Sintang,,2014-02,0.06706939942326216,2,0.06706939942326216,VIIRS DNB,nW/cm2/sr,2014,"{""type"":""MultiPoint"",""coordinates"":[]}"
1_00000000000000000005,BA03050040,,,,,,,61.71,61,118.208752498,TASWIL5000020230907KABKOTA,Kota Pontianak,,0.00960338694431,0.439734620886,4326,5,,,Kota Pontianak,Kalimantan Barat,,0,,,2014-02,8.80095586745613,2,8.80095586745613,VIIRS DNB,nW/cm2/sr,2014,"{""type"":""MultiPoint"",""coordinates"":[]}"
1_00000000000000000006,BA03050040,,,,,,,61.72,61,550.186910141,TASWIL5000020230907KABKOTA,Kota Singkawang,,0.0447029151336,1.23074798661,4326,5,,,Kota Singkawang,Kalimantan Barat,,0,Bengkayang,,2014-02,0.6103121934326239,2,0.6103121934326239,VIIRS DNB,nW/cm2/sr,2014,"{""type"":""MultiPoint"",""coordinates"":[]}"
1_00000000000000000001,BA03050040,,,,,,,,61,0.446818812946,TASWIL5000020230907KABKOTA,Kalimantan Barat,"Berdasarkan Kepmendagri 050-145 Tahun 2022, masuk ke Kalimantan Barat",3.63047728111E-5,0.0520740876463,4326,999,,,,Kalimantan Barat,,0,,,2014-02,0.0,2,0.0,VIIRS DNB,nW/cm2/sr,2014,"{""type"":""MultiPoint"",""coordinates"":[]}"
2_00000000000000000002,BA03050040,,,,,,,61.06,61,31318.2461503,TASWIL5000020230907KABKOTA,Kapuas Hulu,,2.54462852025,10.3235168378,4326,4,,,Kapuas Hulu,Kalimantan Barat,,0,,,2014-03,0.09374953008883868,3,0.09374953008883868,VIIRS DNB,nW/cm2/sr,2014,"{""type"":""MultiPoint"",""coordinates"":[]}"
2_00000000000000000004,BA03050040,,,,,,,61.04,61,30018.6763396,TASWIL5000020230907KABKOTA,Ketapang,,2.43989292708,13.6255621311,4326,4,,,Ketapang,Kalimantan Barat,,0,,,2014-03,0.13568460886947561,3,0.13568460886947561,VIIRS DNB,nW/cm2/sr,2014,"{""type"":""MultiPoint"",""coordinates"":[]}"
2_0000000000000000000a,BA03050040,,,,,,,61.02,61,1935.41897259,TASWIL5000020230907KABKOTA,Mempawah,,0.157238724723,3.1173764195,4326,4,,,Mempawah,Kalimantan Barat,,0,,,2014-03,0.24420104214009408,3,0.24420104214009408,VIIRS DNB,nW/cm2/sr,2014,"{""type"":""MultiPoint"",""coordinates"":[]}"
2_0000000000000000000b,BA03050040,,,,,,,61.01,61,5937.99495327,TASWIL5000020230907KABKOTA,Sambas,,0.482557384329,4.23082967505,4326,4,,,Sambas,Kalimantan Barat,,0,,,2014-03,0.10219039169170951,3,0.10219039169170951,VIIRS DNB,nW/cm2/sr,2014,"{""type"":""MultiPoint"",""coordinates"":[]}"
2_0000000000000000000c,BA03050040,,,,,,,61.03,61,12452.2241518,TASWIL5000020230907KABKOTA,Sanggau,,1.01166258397,7.65307697656,4326,4,,,Sanggau,Kalimantan Barat,,0,,,2014-03,0.08402877709535551,3,0.08402877709535551,VIIRS DNB,nW/cm2/sr,2014,"{""type"":""MultiPoint"",""coordinates"":[]}"
2_0000000000000000000e,BA03050040,,,,,,,61.05,61,22025.7880014,TASWIL5000020230907KABKOTA,Sintang,,1.78944370224,11.9811145851,4326,4,,,Sintang,Kalimantan Barat,,0,,,2014-03,0.0785192230087636,3,0.0785192230087636,VIIRS DNB,nW/cm2/sr,2014,"{""type"":""MultiPoint"",""coordinates"":[]}"
2_00000000000000000003,BA03050040,,,,,,,61.11,61,4110.12301412,TASWIL5000020230907KABKOTA,Kayong Utara,,0.333972050772,6.99327188474,4326,4,,,Kayong Utara,Kalimantan Barat,,0,Ketapang,,2014-03,0.194832039801765,3,0.194832039801765,VIIRS DNB,nW/cm2/sr,2014,"{""type"":""MultiPoint"",""coordinates"":[]}"
2_00000000000000000007,BA03050040,,,,,,,61.12,61,8549.29358265,TASWIL5000020230907KABKOTA,Kubu Raya,,0.694575912143,12.4289126619,4326,4,,,Kubu Raya,Kalimantan Barat,,0,Pontianak,,2014-03,0.19029684370184852,3,0.19029684370184852,VIIRS DNB,nW/cm2/sr,2014,"{""type"":""MultiPoint"",""coordinates"":[]}"
2_00000000000000000008,BA03050040,,,,,,,61.08,61,8430.71056018,TASWIL5000020230907KABKOTA,Landak,,0.684950096963,6.11846983154,4326,4,,,Landak,Kalimantan Barat,,0,Pontianak,,2014-03,0.12431001904342504,3,0.12431001904342504,VIIRS DNB,nW/cm2/sr,2014,"{""type"":""MultiPoint"",""coordinates"":[]}"
2_00000000000000000000,BA03050040,,,,,,,61.07,61,5488.60795319,TASWIL5000020230907KABKOTA,Bengkayang,,0.445970285372,6.02675176554,4326,4,,,Bengkayang,Kalimantan Barat,,0,Sambas,,2014-03,0.12349092572576097,3,0.12349092572576097,VIIRS DNB,nW/cm2/sr,2014,"{""type"":""MultiPoint"",""coordinates"":[]}"
2_0000000000000000000d,BA03050040,,,,,,,61.09,61,5979.04370295,TASWIL5000020230907KABKOTA,Sekadau,,0.485752312966,4.89358511498,4326,4,,,Sekadau,Kalimantan Barat,,0,Sanggau,,2014-03,0.050910175794182055,3,0.050910175794182055,VIIRS DNB,nW/cm2/sr,2014,"{""type"":""MultiPoint"",""coordinates"":[]}"
2_00000000000000000009,BA03050040,,,,,,,61.10,61,10122.5133896,TASWIL5000020230907KABKOTA,Melawi,,0.822418686577,6.18884194372,4326,4,,,Melawi,Kalimantan Barat,,0,Sintang,,2014-03,0.10222433499190915,3,0.10222433499190915,VIIRS DNB,nW/cm2/sr,2014,"{""type"":""MultiPoint"",""coordinates"":[]}"
2_00000000000000000005,BA03050040,,,,,,,61.71,61,118.208752498,TASWIL5000020230907KABKOTA,Kota Pontianak,,0.00960338694431,0.439734620886,4326,5,,,Kota Pontianak,Kalimantan Barat,,0,,,2014-03,5.952139815668805,3,5.952139815668805,VIIRS DNB,nW/cm2/sr,2014,"{""type"":""MultiPoint"",""coordinates"":[]}"
2_00000000000000000006,BA03050040,,,,,,,61.72,61,550.186910141,TASWIL5000020230907KABKOTA,Kota Singkawang,,0.0447029151336,1.23074798661,4326,5,,,Kota Singkawang,Kalimantan Barat,,0,Bengkayang,,2014-03,0.4956526280580112,3,0.4956526280580112,VIIRS DNB,nW/cm2/sr,2014,"{""type"":""MultiPoint"",""coordinates"":[]}"
2_00000000000000000001,BA03050040,,,,,,,,61,0.446818812946,TASWIL5000020230907KABKOTA,Kalimantan Barat,"Berdasarkan Kepmendagri 050-145 Tahun 2022, masuk ke Kalimantan Barat",3.63047728111E-5,0.0520740876463,4326,999,,,,Kalimantan Barat,,0,,,2014-03,0.09161521100683785,3,0.09161521100683785,VIIRS DNB,nW/cm2/sr,2014,"{""type"":""MultiPoint"",""coordinates"":[]}"
3_00000000000000000002,BA03050040,,,,,,,61.06,61,31318.2461503,TASWIL5000020230907KABKOTA,Kapuas Hulu,,2.54462852025,10.3235168378,4326,4,,,Kapuas Hulu,Kalimantan Barat,,0,,,2014-04,0.16723913835569165,4,0.16723913835569165,VIIRS DNB,nW/cm2/sr,2014,"{""type"":""MultiPoint"",""coordinates"":[]}"
3_00000000000000000004,BA03050040,,,,,,,61.04,61,30018.6763396,TASWIL5000020230907KABKOTA,Ketapang,,2.43989292708,13.6255621311,4326,4,,,Ketapang,Kalimantan Barat,,0,,,2014-04,0.17991494093211918,4,0.17991494093211918,VIIRS DNB,nW/cm2/sr,2014,"{""type"":""MultiPoint"",""coordinates"":[]}"
3_0000000000000000000a,BA03050040,,,,,,,61.02,61,1935.41897259,TASWIL5000020230907KABKOTA,Mempawah,,0.157238724723,3.1173764195,4326,4,,,Mempawah,Kalimantan Barat,,0,,,2014-04,0.31199906190346194,4,0.31199906190346194,VIIRS DNB,nW/cm2/sr,2014,"{""type"":""MultiPoint"",""coordinates"":[]}"
3_0000000000000000000b,BA03050040,,,,,,,61.01,61,5937.99495327,TASWIL5000020230907KABKOTA,Sambas,,0.482557384329,4.23082967505,4326,4,,,Sambas,Kalimantan Barat,,0,,,2014-04,0.1989958911630646,4,0.1989958911630646,VIIRS DNB,nW/cm2/sr,2014,"{""type"":""MultiPoint"",""coordinates"":[]}"
3_0000000000000000000c,BA03050040,,,,,,,61.03,61,12452.2241518,TASWIL5000020230907KABKOTA,Sanggau,,1.01166258397,7.65307697656,4326,4,,,Sanggau,Kalimantan Barat,,0,,,2014-04,0.23984732170224193,4,0.23984732170224193,VIIRS DNB,nW/cm2/sr,2014,"{""type"":""MultiPoint"",""coordinates"":[]}"
3_0000000000000000000e,BA03050040,,,,,,,61.05,61,22025.7880014,TASWIL5000020230907KABKOTA,Sintang,,1.78944370224,11.9811145851,4326,4,,,Sintang,Kalimantan Barat,,0,,,2014-04,0.20061987701788872,4,0.20061987701788872,VIIRS DNB,nW/cm2/sr,2014,"{""type"":""MultiPoint"",""coordinates"":[]}"
3_00000000000000000003,BA03050040,,,,,,,61.11,61,4110.12301412,TASWIL5000020230907KABKOTA,Kayong Utara,,0.333972050772,6.99327188474,4326,4,,,Kayong Utara,Kalimantan Barat,,0,Ketapang,,2014-04,0.21537387858146007,4,0.21537387858146007,VIIRS DNB,nW/cm2/sr,2014,"{""type"":""MultiPoint"",""coordinates"":[]}"
3_00000000000000000007,BA03050040,,,,,,,61.12,61,8549.29358265,TASWIL5000020230907KABKOTA,Kubu Raya,,0.694575912143,12.4289126619,4326,4,,,Kubu Raya,Kalimantan Barat,,0,Pontianak,,2014-04,0.3211282089719082,4,0.3211282089719082,VIIRS DNB,nW/cm2/sr,2014,"{""type"":""MultiPoint"",""coordinates"":[]}"
3_00000000000000000008,BA03050040,,,,,,,61.08,61,8430.71056018,TASWIL5000020230907KABKOTA,Landak,,0.684950096963,6.11846983154,4326,4,,,Landak,Kalimantan Barat,,0,Pontianak,,2014-04,0.21322303411189406,4,0.21322303411189406,VIIRS DNB,nW/cm2/sr,2014,"{""type"":""MultiPoint"",""coordinates"":[]}"
3_00000000000000000000,BA03050040,,,,,,,61.07,61,5488.60795319,TASWIL5000020230907KABKOTA,Bengkayang,,0.445970285372,6.02675176554,4326,4,,,Bengkayang,Kalimantan Barat,,0,Sambas,,2014-04,0.21316275696341588,4,0.21316275696341588,VIIRS DNB,nW/cm2/sr,2014,"{""type"":""MultiPoint"",""coordinates"":[]}"
3_0000000000000000000d,BA03050040,,,,,,,61.09,61,5979.04370295,TASWIL5000020230907KABKOTA,Sekadau,,0.485752312966,4.89358511498,4326,4,,,Sekadau,Kalimantan Barat,,0,Sanggau,,2014-04,0.24254569339013776,4,0.24254569339013776,VIIRS DNB,nW/cm2/sr,2014,"{""type"":""MultiPoint"",""coordinates"":[]}"
3_00000000000000000009,BA03050040,,,,,,,61.10,61,10122.5133896,TASWIL5000020230907KABKOTA,Melawi,,0.822418686577,6.18884194372,4326,4,,,Melawi,Kalimantan Barat,,0,Sintang,,2014-04,0.2038943403202373,4,0.2038943403202373,VIIRS DNB,nW/cm2/sr,2014,"{""type"":""MultiPoint"",""coordinates"":[]}"
3_00000000000000000005,BA03050040,,,,,,,61.71,61,118.208752498,TASWIL5000020230907KABKOTA,Kota Pontianak,,0.00960338694431,0.439734620886,4326,5,,,Kota Pontianak,Kalimantan Barat,,0,,,2014-04,10.45945514552257,4,10.45945514552257,VIIRS DNB,nW/cm2/sr,2014,"{""type"":""MultiPoint"",""coordinates"":[]}"
3_00000000000000000006,BA03050040,,,,,,,61.72,61,550.186910141,TASWIL5000020230907KABKOTA,Kota Singkawang,,0.0447029151336,1.23074798661,4326,5,,,Kota Singkawang,Kalimantan Barat,,0,Bengkayang,,2014-04,0.6132361039208473,4,0.6132361039208473,VIIRS DNB,nW/cm2/sr,2014,"{""type"":""MultiPoint"",""coordinates"":[]}"
3_00000000000000000001,BA03050040,,,,,,,,61,0.446818812946,TASWIL5000020230907KABKOTA,Kalimantan Barat,"Berdasarkan Kepmendagri 050-145 Tahun 2022, masuk ke Kalimantan Barat",3.63047728111E-5,0.0520740876463,4326,999,,,,Kalimantan Barat,,0,,,2014-04,0.16274739755831547,4,0.16274739755831547,VIIRS DNB,nW/cm2/sr,2014,"{""type"":""MultiPoint"",""coordinates"":[]}"
4_00000000000000000002,BA03050040,,,,,,,61.06,61,31318.2461503,TASWIL5000020230907KABKOTA,Kapuas Hulu,,2.54462852025,10.3235168378,4326,4,,,Kapuas Hulu,Kalimantan Barat,,0,,,2014-05,0.01721484078022695,5,0.01721484078022695,VIIRS DNB,nW/cm2/sr,2014,"{""type"":""MultiPoint"",""coordinates"":[]}"
4_00000000000000000004,BA03050040,,,,,,,61.04,61,30018.6763396,TASWIL5000020230907KABKOTA,Ketapang,,2.43989292708,13.6255621311,4326,4,,,Ketapang,Kalimantan Barat,,0,,,2014-05,0.013048709331523111,5,0.013048709331523111,VIIRS DNB,nW/cm2/sr,2014,"{""type"":""MultiPoint"",""coordinates"":[]}"
4_0000000000000000000a,BA03050040,,,,,,,61.02,61,1935.41897259,TASWIL5000020230907KABKOTA,Mempawah,,0.157238724723,3.1173764195,4326,4,,,Mempawah,Kalimantan Barat,,0,,,2014-05,0.0958640615018516,5,0.0958640615018516,VIIRS DNB,nW/cm2/sr,2014,"{""type"":""MultiPoint"",""coordinates"":[]}"
4_0000000000000000000b,BA03050040,,,,,,,61.01,61,5937.99495327,TASWIL5000020230907KABKOTA,Sambas,,0.482557384329,4.23082967505,4326,4,,,Sambas,Kalimantan Barat,,0,,,2014-05,0.04253624571050256,5,0.04253624571050256,VIIRS DNB,nW/cm2/sr,2014,"{""type"":""MultiPoint"",""coordinates"":[]}"
4_0000000000000000000c,BA03050040,,,,,,,61.03,61,12452.2241518,TASWIL5000020230907KABKOTA,Sanggau,,1.01166258397,7.65307697656,4326,4,,,Sanggau,Kalimantan Barat,,0,,,2014-05,0.02119636219316975,5,0.02119636219316975,VIIRS DNB,nW/cm2/sr,2014,"{""type"":""MultiPoint"",""coordinates"":[]}"
4_0000000000000000000e,BA03050040,,,,,,,61.05,61,22025.7880014,TASWIL5000020230907KABKOTA,Sintang,,1.78944370224,11.9811145851,4326,4,,,Sintang,Kalimantan Barat,,0,,,2014-05,0.012307358524835705,5,0.012307358524835705,VIIRS DNB,nW/cm2/sr,2014,"{""type"":""MultiPoint"",""coordinates"":[]}"
4_00000000000000000003,BA03050040,,,,,,,61.11,61,4110.12301412,TASWIL5000020230907KABKOTA,Kayong Utara,,0.333972050772,6.99327188474,4326,4,,,Kayong Utara,Kalimantan Barat,,0,Ketapang,,2014-05,0.02142754282139793,5,0.02142754282139793,VIIRS DNB,nW/cm2/sr,2014,"{""type"":""MultiPoint"",""coordinates"":[]}"
4_00000000000000000007,BA03050040,,,,,,,61.12,61,8549.29358265,TASWIL5000020230907KABKOTA,Kubu Raya,,0.694575912143,12.4289126619,4326,4,,,Kubu Raya,Kalimantan Barat,,0,Pontianak,,2014-05,0.12407121770970446,5,0.12407121770970446,VIIRS DNB,nW/cm2/sr,2014,"{""type"":""MultiPoint"",""coordinates"":[]}"
4_00000000000000000008,BA03050040,,,,,,,61.08,61,8430.71056018,TASWIL5000020230907KABKOTA,Landak,,0.684950096963,6.11846983154,4326,4,,,Landak,Kalimantan Barat,,0,Pontianak,,2014-05,0.02686419314138185,5,0.02686419314138185,VIIRS DNB,nW/cm2/sr,2014,"{""type"":""MultiPoint"",""coordinates"":[]}"
4_00000000000000000000,BA03050040,,,,,,,61.07,61,5488.60795319,TASWIL5000020230907KABKOTA,Bengkayang,,0.445970285372,6.02675176554,4326,4,,,Bengkayang,Kalimantan Barat,,0,Sambas,,2014-05,-0.03097287271068554,5,-0.03097287271068554,VIIRS DNB,nW/cm2/sr,2014,"{""type"":""MultiPoint"",""coordinates"":[]}"
4_0000000000000000000d,BA03050040,,,,,,,61.09,61,5979.04370295,TASWIL5000020230907KABKOTA,Sekadau,,0.485752312966,4.89358511498,4326,4,,,Sekadau,Kalimantan Barat,,0,Sanggau,,2014-05,-0.029703193440980193,5,-0.029703193440980193,VIIRS DNB,nW/cm2/sr,2014,"{""type"":""MultiPoint"",""coordinates"":[]}"
4_00000000000000000009,BA03050040,,,,,,,61.10,61,10122.5133896,TASWIL5000020230907KABKOTA,Melawi,,0.822418686577,6.18884194372,4326,4,,,Melawi,Kalimantan Barat,,0,Sintang,,2014-05,0.03652693711178788,5,0.03652693711178788,VIIRS DNB,nW/cm2/sr,2014,"{""type"":""MultiPoint"",""coordinates"":[]}"
4_00000000000000000005,BA03050040,,,,,,,61.71,61,118.208752498,TASWIL5000020230907KABKOTA,Kota Pontianak,,0.00960338694431,0.439734620886,4326,5,,,Kota Pontianak,Kalimantan Barat,,0,,,2014-05,7.9587199804263244,5,7.9587199804263244,VIIRS DNB,nW/cm2/sr,2014,"{""type"":""MultiPoint"",""coordinates"":[]}"
4_00000000000000000006,BA03050040,,,,,,,61.72,61,550.186910141,TASWIL5000020230907KABKOTA,Kota Singkawang,,0.0447029151336,1.23074798661,4326,5,,,Kota Singkawang,Kalimantan Barat,,0,Bengkayang,,2014-05,0.4861114632145437,5,0.4861114632145437,VIIRS DNB,nW/cm2/sr,2014,"{""type"":""MultiPoint"",""coordinates"":[]}"
4_00000000000000000001,BA03050040,,,,,,,,61,0.446818812946,TASWIL5000020230907KABKOTA,Kalimantan Barat,"Berdasarkan Kepmendagri 050-145 Tahun 2022, masuk ke Kalimantan Barat",3.63047728111E-5,0.0520740876463,4326,999,,,,Kalimantan Barat,,0,,,2014-05,-0.07592521778515503,5,-0.07592521778515503,VIIRS DNB,nW/cm2/sr,2014,"{""type"":""MultiPoint"",""coordinates"":[]}"
5_00000000000000000002,BA03050040,,,,,,,61.06,61,31318.2461503,TASWIL5000020230907KABKOTA,Kapuas Hulu,,2.54462852025,10.3235168378,4326,4,,,Kapuas Hulu,Kalimantan Barat,,0,,,2014-06,-0.008491159035445919,6,-0.008491159035445919,VIIRS DNB,nW/cm2/sr,2014,"{""type"":""MultiPoint"",""coordinates"":[]}"
5_00000000000000000004,BA03050040,,,,,,,61.04,61,30018.6763396,TASWIL5000020230907KABKOTA,Ketapang,,2.43989292708,13.6255621311,4326,4,,,Ketapang,Kalimantan Barat,,0,,,2014-06,0.038123611464108434,6,0.038123611464108434,VIIRS DNB,nW/cm2/sr,2014,"{""type"":""MultiPoint"",""coordinates"":[]}"
5_0000000000000000000a,BA03050040,,,,,,,61.02,61,1935.41897259,TASWIL5000020230907KABKOTA,Mempawah,,0.157238724723,3.1173764195,4326,4,,,Mempawah,Kalimantan Barat,,0,,,2014-06,0.19123926172170244,6,0.19123926172170244,VIIRS DNB,nW/cm2/sr,2014,"{""type"":""MultiPoint"",""coordinates"":[]}"
5_0000000000000000000b,BA03050040,,,,,,,61.01,61,5937.99495327,TASWIL5000020230907KABKOTA,Sambas,,0.482557384329,4.23082967505,4326,4,,,Sambas,Kalimantan Barat,,0,,,2014-06,0.07708737557246452,6,0.07708737557246452,VIIRS DNB,nW/cm2/sr,2014,"{""type"":""MultiPoint"",""coordinates"":[]}"
5_0000000000000000000c,BA03050040,,,,,,,61.03,61,12452.2241518,TASWIL5000020230907KABKOTA,Sanggau,,1.01166258397,7.65307697656,4326,4,,,Sanggau,Kalimantan Barat,,0,,,2014-06,0.040494155669976696,6,0.040494155669976696,VIIRS DNB,nW/cm2/sr,2014,"{""type"":""MultiPoint"",""coordinates"":[]}"
5_0000000000000000000e,BA03050040,,,,,,,61.05,61,22025.7880014,TASWIL5000020230907KABKOTA,Sintang,,1.78944370224,11.9811145851,4326,4,,,Sintang,Kalimantan Barat,,0,,,2014-06,0.016899308390749174,6,0.016899308390749174,VIIRS DNB,nW/cm2/sr,2014,"{""type"":""MultiPoint"",""coordinates"":[]}"
5_00000000000000000003,BA03050040,,,,,,,61.11,61,4110.12301412,TASWIL5000020230907KABKOTA,Kayong Utara,,0.333972050772,6.99327188474,4326,4,,,Kayong Utara,Kalimantan Barat,,0,Ketapang,,2014-06,0.05930200451760274,6,0.05930200451760274,VIIRS DNB,nW/cm2/sr,2014,"{""type"":""MultiPoint"",""coordinates"":[]}"
5_00000000000000000007,BA03050040,,,,,,,61.12,61,8549.29358265,TASWIL5000020230907KABKOTA,Kubu Raya,,0.694575912143,12.4289126619,4326,4,,,Kubu Raya,Kalimantan Barat,,0,Pontianak,,2014-06,0.12694313397687107,6,0.12694313397687107,VIIRS DNB,nW/cm2/sr,2014,"{""type"":""MultiPoint"",""coordinates"":[]}"
5_00000000000000000008,BA03050040,,,,,,,61.08,61,8430.71056018,TASWIL5000020230907KABKOTA,Landak,,0.684950096963,6.11846983154,4326,4,,,Landak,Kalimantan Barat,,0,Pontianak,,2014-06,0.05306767612477071,6,0.05306767612477071,VIIRS DNB,nW/cm2/sr,2014,"{""type"":""MultiPoint"",""coordinates"":[]}"
5_00000000000000000000,BA03050040,,,,,,,61.07,61,5488.60795319,TASWIL5000020230907KABKOTA,Bengkayang,,0.445970285372,6.02675176554,4326,4,,,Bengkayang,Kalimantan Barat,,0,Sambas,,2014-06,0.048294928305355186,6,0.048294928305355186,VIIRS DNB,nW/cm2/sr,2014,"{""type"":""MultiPoint"",""coordinates"":[]}"
5_0000000000000000000d,BA03050040,,,,,,,61.09,61,5979.04370295,TASWIL5000020230907KABKOTA,Sekadau,,0.485752312966,4.89358511498,4326,4,,,Sekadau,Kalimantan Barat,,0,Sanggau,,2014-06,0.01878904692646451,6,0.01878904692646451,VIIRS DNB,nW/cm2/sr,2014,"{""type"":""MultiPoint"",""coordinates"":[]}"
5_00000000000000000009,BA03050040,,,,,,,61.10,61,10122.5133896,TASWIL5000020230907KABKOTA,Melawi,,0.822418686577,6.18884194372,4326,4,,,Melawi,Kalimantan Barat,,0,Sintang,,2014-06,0.04881084703904014,6,0.04881084703904014,VIIRS DNB,nW/cm2/sr,2014,"{""type"":""MultiPoint"",""coordinates"":[]}"
5_00000000000000000005,BA03050040,,,,,,,61.71,61,118.208752498,TASWIL5000020230907KABKOTA,Kota Pontianak,,0.00960338694431,0.439734620886,4326,5,,,Kota Pontianak,Kalimantan Barat,,0,,,2014-06,8.961275339440443,6,8.961275339440443,VIIRS DNB,nW/cm2/sr,2014,"{""type"":""MultiPoint"",""coordinates"":[]}"
5_00000000000000000006,BA03050040,,,,,,,61.72,61,550.186910141,TASWIL5000020230907KABKOTA,Kota Singkawang,,0.0447029151336,1.23074798661,4326,5,,,Kota Singkawang,Kalimantan Barat,,0,Bengkayang,,2014-06,0.4159592361308802,6,0.4159592361308802,VIIRS DNB,nW/cm2/sr,2014,"{""type"":""MultiPoint"",""coordinates"":[]}"
5_00000000000000000001,BA03050040,,,,,,,,61,0.446818812946,TASWIL5000020230907KABKOTA,Kalimantan Barat,"Berdasarkan Kepmendagri 050-145 Tahun 2022, masuk ke Kalimantan Barat",3.63047728111E-5,0.0520740876463,4326,999,,,,Kalimantan Barat,,0,,,2014-06,0.014723631453640746,6,0.014723631453640746,VIIRS DNB,nW/cm2/sr,2014,"{""type"":""MultiPoint"",""coordinates"":[]}"
6_00000000000000000002,BA03050040,,,,,,,61.06,61,31318.2461503,TASWIL5000020230907KABKOTA,Kapuas Hulu,,2.54462852025,10.3235168378,4326,4,,,Kapuas Hulu,Kalimantan Barat,,0,,,2014-07,0.02624815320036455,7,0.02624815320036455,VIIRS DNB,nW/cm2/sr,2014,"{""type"":""MultiPoint"",""coordinates"":[]}"
6_00000000000000000004,BA03050040,,,,,,,61.04,61,30018.6763396,TASWIL5000020230907KABKOTA,Ketapang,,2.43989292708,13.6255621311,4326,4,,,Ketapang,Kalimantan Barat,,0,,,2014-07,0.05744681627602126,7,0.05744681627602126,VIIRS DNB,nW/cm2/sr,2014,"{""type"":""MultiPoint"",""coordinates"":[]}"
6_0000000000000000000a,BA03050040,,,,,,,61.02,61,1935.41897259,TASWIL5000020230907KABKOTA,Mempawah,,0.157238724723,3.1173764195,4326,4,,,Mempawah,Kalimantan Barat,,0,,,2014-07,0.26938613233840164,7,0.26938613233840164,VIIRS DNB,nW/cm2/sr,2014,"{""type"":""MultiPoint"",""coordinates"":[]}"
6_0000000000000000000b,BA03050040,,,,,,,61.01,61,5937.99495327,TASWIL5000020230907KABKOTA,Sambas,,0.482557384329,4.23082967505,4326,4,,,Sambas,Kalimantan Barat,,0,,,2014-07,0.3748127126614193,7,0.3748127126614193,VIIRS DNB,nW/cm2/sr,2014,"{""type"":""MultiPoint"",""coordinates"":[]}"
6_0000000000000000000c,BA03050040,,,,,,,61.03,61,12452.2241518,TASWIL5000020230907KABKOTA,Sanggau,,1.01166258397,7.65307697656,4326,4,,,Sanggau,Kalimantan Barat,,0,,,2014-07,0.06265621516343838,7,0.06265621516343838,VIIRS DNB,nW/cm2/sr,2014,"{""type"":""MultiPoint"",""coordinates"":[]}"
6_0000000000000000000e,BA03050040,,,,,,,61.05,61,22025.7880014,TASWIL5000020230907KABKOTA,Sintang,,1.78944370224,11.9811145851,4326,4,,,Sintang,Kalimantan Barat,,0,,,2014-07,0.09831201189234981,7,0.09831201189234981,VIIRS DNB,nW/cm2/sr,2014,"{""type"":""MultiPoint"",""coordinates"":[]}"
6_00000000000000000003,BA03050040,,,,,,,61.11,61,4110.12301412,TASWIL5000020230907KABKOTA,Kayong Utara,,0.333972050772,6.99327188474,4326,4,,,Kayong Utara,Kalimantan Barat,,0,Ketapang,,2014-07,0.03588302585990737,7,0.03588302585990737,VIIRS DNB,nW/cm2/sr,2014,"{""type"":""MultiPoint"",""coordinates"":[]}"
6_00000000000000000007,BA03050040,,,,,,,61.12,61,8549.29358265,TASWIL5000020230907KABKOTA,Kubu Raya,,0.694575912143,12.4289126619,4326,4,,,Kubu Raya,Kalimantan Barat,,0,Pontianak,,2014-07,0.19013177991286623,7,0.19013177991286623,VIIRS DNB,nW/cm2/sr,2014,"{""type"":""MultiPoint"",""coordinates"":[]}"
6_00000000000000000008,BA03050040,,,,,,,61.08,61,8430.71056018,TASWIL5000020230907KABKOTA,Landak,,0.684950096963,6.11846983154,4326,4,,,Landak,Kalimantan Barat,,0,Pontianak,,2014-07,0.09478673293157916,7,0.09478673293157916,VIIRS DNB,nW/cm2/sr,2014,"{""type"":""MultiPoint"",""coordinates"":[]}"
6_00000000000000000000,BA03050040,,,,,,,61.07,61,5488.60795319,TASWIL5000020230907KABKOTA,Bengkayang,,0.445970285372,6.02675176554,4326,4,,,Bengkayang,Kalimantan Barat,,0,Sambas,,2014-07,0.11358543096392944,7,0.11358543096392944,VIIRS DNB,nW/cm2/sr,2014,"{""type"":""MultiPoint"",""coordinates"":[]}"
6_0000000000000000000d,BA03050040,,,,,,,61.09,61,5979.04370295,TASWIL5000020230907KABKOTA,Sekadau,,0.485752312966,4.89358511498,4326,4,,,Sekadau,Kalimantan Barat,,0,Sanggau,,2014-07,0.06385663180309807,7,0.06385663180309807,VIIRS DNB,nW/cm2/sr,2014,"{""type"":""MultiPoint"",""coordinates"":[]}"
6_00000000000000000009,BA03050040,,,,,,,61.10,61,10122.5133896,TASWIL5000020230907KABKOTA,Melawi,,0.822418686577,6.18884194372,4326,4,,,Melawi,Kalimantan Barat,,0,Sintang,,2014-07,0.06477796433882388,7,0.06477796433882388,VIIRS DNB,nW/cm2/sr,2014,"{""type"":""MultiPoint"",""coordinates"":[]}"
6_00000000000000000005,BA03050040,,,,,,,61.71,61,118.208752498,TASWIL5000020230907KABKOTA,Kota Pontianak,,0.00960338694431,0.439734620886,4326,5,,,Kota Pontianak,Kalimantan Barat,,0,,,2014-07,9.6515611722568,7,9.6515611722568,VIIRS DNB,nW/cm2/sr,2014,"{""type"":""MultiPoint"",""coordinates"":[]}"
6_00000000000000000006,BA03050040,,,,,,,61.72,61,550.186910141,TASWIL5000020230907KABKOTA,Kota Singkawang,,0.0447029151336,1.23074798661,4326,5,,,Kota Singkawang,Kalimantan Barat,,0,Bengkayang,,2014-07,0.6394094349467172,7,0.6394094349467172,VIIRS DNB,nW/cm2/sr,2014,"{""type"":""MultiPoint"",""coordinates"":[]}"
6_00000000000000000001,BA03050040,,,,,,,,61,0.446818812946,TASWIL5000020230907KABKOTA,Kalimantan Barat,"Berdasarkan Kepmendagri 050-145 Tahun 2022, masuk ke Kalimantan Barat",3.63047728111E-5,0.0520740876463,4326,999,,,,Kalimantan Barat,,0,,,2014-07,0.019765213310767884,7,0.019765213310767884,VIIRS DNB,nW/cm2/sr,2014,"{""type"":""MultiPoint"",""coordinates"":[]}"
7_00000000000000000002,BA03050040,,,,,,,61.06,61,31318.2461503,TASWIL5000020230907KABKOTA,Kapuas Hulu,,2.54462852025,10.3235168378,4326,4,,,Kapuas Hulu,Kalimantan Barat,,0,,,2014-08,-0.012426488803354464,8,-0.012426488803354464,VIIRS DNB,nW/cm2/sr,2014,"{""type"":""MultiPoint"",""coordinates"":[]}"
7_00000000000000000004,BA03050040,,,,,,,61.04,61,30018.6763396,TASWIL5000020230907KABKOTA,Ketapang,,2.43989292708,13.6255621311,4326,4,,,Ketapang,Kalimantan Barat,,0,,,2014-08,0.05769189631021309,8,0.05769189631021309,VIIRS DNB,nW/cm2/sr,2014,"{""type"":""MultiPoint"",""coordinates"":[]}"
7_0000000000000000000a,BA03050040,,,,,,,61.02,61,1935.41897259,TASWIL5000020230907KABKOTA,Mempawah,,0.157238724723,3.1173764195,4326,4,,,Mempawah,Kalimantan Barat,,0,,,2014-08,0.3263463925329553,8,0.3263463925329553,VIIRS DNB,nW/cm2/sr,2014,"{""type"":""MultiPoint"",""coordinates"":[]}"
7_0000000000000000000b,BA03050040,,,,,,,61.01,61,5937.99495327,TASWIL5000020230907KABKOTA,Sambas,,0.482557384329,4.23082967505,4326,4,,,Sambas,Kalimantan Barat,,0,,,2014-08,0.08073349047496389,8,0.08073349047496389,VIIRS DNB,nW/cm2/sr,2014,"{""type"":""MultiPoint"",""coordinates"":[]}"
7_0000000000000000000c,BA03050040,,,,,,,61.03,61,12452.2241518,TASWIL5000020230907KABKOTA,Sanggau,,1.01166258397,7.65307697656,4326,4,,,Sanggau,Kalimantan Barat,,0,,,2014-08,0.07884523496189856,8,0.07884523496189856,VIIRS DNB,nW/cm2/sr,2014,"{""type"":""MultiPoint"",""coordinates"":[]}"
7_0000000000000000000e,BA03050040,,,,,,,61.05,61,22025.7880014,TASWIL5000020230907KABKOTA,Sintang,,1.78944370224,11.9811145851,4326,4,,,Sintang,Kalimantan Barat,,0,,,2014-08,-0.0012121559011769698,8,-0.0012121559011769698,VIIRS DNB,nW/cm2/sr,2014,"{""type"":""MultiPoint"",""coordinates"":[]}"
7_00000000000000000003,BA03050040,,,,,,,61.11,61,4110.12301412,TASWIL5000020230907KABKOTA,Kayong Utara,,0.333972050772,6.99327188474,4326,4,,,Kayong Utara,Kalimantan Barat,,0,Ketapang,,2014-08,0.019421074202976136,8,0.019421074202976136,VIIRS DNB,nW/cm2/sr,2014,"{""type"":""MultiPoint"",""coordinates"":[]}"
7_00000000000000000007,BA03050040,,,,,,,61.12,61,8549.29358265,TASWIL5000020230907KABKOTA,Kubu Raya,,0.694575912143,12.4289126619,4326,4,,,Kubu Raya,Kalimantan Barat,,0,Pontianak,,2014-08,0.5159299030556586,8,0.5159299030556586,VIIRS DNB,nW/cm2/sr,2014,"{""type"":""MultiPoint"",""coordinates"":[]}"
7_00000000000000000008,BA03050040,,,,,,,61.08,61,8430.71056018,TASWIL5000020230907KABKOTA,Landak,,0.684950096963,6.11846983154,4326,4,,,Landak,Kalimantan Barat,,0,Pontianak,,2014-08,0.0947252634684378,8,0.0947252634684378,VIIRS DNB,nW/cm2/sr,2014,"{""type"":""MultiPoint"",""coordinates"":[]}"
7_00000000000000000000,BA03050040,,,,,,,61.07,61,5488.60795319,TASWIL5000020230907KABKOTA,Bengkayang,,0.445970285372,6.02675176554,4326,4,,,Bengkayang,Kalimantan Barat,,0,Sambas,,2014-08,0.03829589704801416,8,0.03829589704801416,VIIRS DNB,nW/cm2/sr,2014,"{""type"":""MultiPoint"",""coordinates"":[]}"
7_0000000000000000000d,BA03050040,,,,,,,61.09,61,5979.04370295,TASWIL5000020230907KABKOTA,Sekadau,,0.485752312966,4.89358511498,4326,4,,,Sekadau,Kalimantan Barat,,0,Sanggau,,2014-08,0.002472492006166279,8,0.002472492006166279,VIIRS DNB,nW/cm2/sr,2014,"{""type"":""MultiPoint"",""coordinates"":[]}"
7_00000000000000000009,BA03050040,,,,,,,61.10,61,10122.5133896,TASWIL5000020230907KABKOTA,Melawi,,0.822418686577,6.18884194372,4326,4,,,Melawi,Kalimantan Barat,,0,Sintang,,2014-08,0.006015947411413242,8,0.006015947411413242,VIIRS DNB,nW/cm2/sr,2014,"{""type"":""MultiPoint"",""coordinates"":[]}"
7_00000000000000000005,BA03050040,,,,,,,61.71,61,118.208752498,TASWIL5000020230907KABKOTA,Kota Pontianak,,0.00960338694431,0.439734620886,4326,5,,,Kota Pontianak,Kalimantan Barat,,0,,,2014-08,8.654628867845691,8,8.654628867845691,VIIRS DNB,nW/cm2/sr,2014,"{""type"":""MultiPoint"",""coordinates"":[]}"
7_00000000000000000006,BA03050040,,,,,,,61.72,61,550.186910141,TASWIL5000020230907KABKOTA,Kota Singkawang,,0.0447029151336,1.23074798661,4326,5,,,Kota Singkawang,Kalimantan Barat,,0,Bengkayang,,2014-08,0.9974105690747358,8,0.9974105690747358,VIIRS DNB,nW/cm2/sr,2014,"{""type"":""MultiPoint"",""coordinates"":[]}"
7_00000000000000000001,BA03050040,,,,,,,,61,0.446818812946,TASWIL5000020230907KABKOTA,Kalimantan Barat,"Berdasarkan Kepmendagri 050-145 Tahun 2022, masuk ke Kalimantan Barat",3.63047728111E-5,0.0520740876463,4326,999,,,,Kalimantan Barat,,0,,,2014-08,0.004957063481310345,8,0.004957063481310345,VIIRS DNB,nW/cm2/sr,2014,"{""type"":""MultiPoint"",""coordinates"":[]}"
8_00000000000000000002,BA03050040,,,,,,,61.06,61,31318.2461503,TASWIL5000020230907KABKOTA,Kapuas Hulu,,2.54462852025,10.3235168378,4326,4,,,Kapuas Hulu,Kalimantan Barat,,0,,,2014-09,-0.033965932544966264,9,-0.033965932544966264,VIIRS DNB,nW/cm2/sr,2014,"{""type"":""MultiPoint"",""coordinates"":[]}"
8_00000000000000000004,BA03050040,,,,,,,61.04,61,30018.6763396,TASWIL5000020230907KABKOTA,Ketapang,,2.43989292708,13.6255621311,4326,4,,,Ketapang,Kalimantan Barat,,0,,,2014-09,0.03323827659454254,9,0.03323827659454254,VIIRS DNB,nW/cm2/sr,2014,"{""type"":""MultiPoint"",""coordinates"":[]}"
8_0000000000000000000a,BA03050040,,,,,,,61.02,61,1935.41897259,TASWIL5000020230907KABKOTA,Mempawah,,0.157238724723,3.1173764195,4326,4,,,Mempawah,Kalimantan Barat,,0,,,2014-09,0.20574274812629467,9,0.20574274812629467,VIIRS DNB,nW/cm2/sr,2014,"{""type"":""MultiPoint"",""coordinates"":[]}"
8_0000000000000000000b,BA03050040,,,,,,,61.01,61,5937.99495327,TASWIL5000020230907KABKOTA,Sambas,,0.482557384329,4.23082967505,4326,4,,,Sambas,Kalimantan Barat,,0,,,2014-09,0.04247081325955904,9,0.04247081325955904,VIIRS DNB,nW/cm2/sr,2014,"{""type"":""MultiPoint"",""coordinates"":[]}"
8_0000000000000000000c,BA03050040,,,,,,,61.03,61,12452.2241518,TASWIL5000020230907KABKOTA,Sanggau,,1.01166258397,7.65307697656,4326,4,,,Sanggau,Kalimantan Barat,,0,,,2014-09,-0.006938973779292654,9,-0.006938973779292654,VIIRS DNB,nW/cm2/sr,2014,"{""type"":""MultiPoint"",""coordinates"":[]}"
8_0000000000000000000e,BA03050040,,,,,,,61.05,61,22025.7880014,TASWIL5000020230907KABKOTA,Sintang,,1.78944370224,11.9811145851,4326,4,,,Sintang,Kalimantan Barat,,0,,,2014-09,-0.020489129494174918,9,-0.020489129494174918,VIIRS DNB,nW/cm2/sr,2014,"{""type"":""MultiPoint"",""coordinates"":[]}"
8_00000000000000000003,BA03050040,,,,,,,61.11,61,4110.12301412,TASWIL5000020230907KABKOTA,Kayong Utara,,0.333972050772,6.99327188474,4326,4,,,Kayong Utara,Kalimantan Barat,,0,Ketapang,,2014-09,-0.0029130427868834627,9,-0.0029130427868834627,VIIRS DNB,nW/cm2/sr,2014,"{""type"":""MultiPoint"",""coordinates"":[]}"
8_00000000000000000007,BA03050040,,,,,,,61.12,61,8549.29358265,TASWIL5000020230907KABKOTA,Kubu Raya,,0.694575912143,12.4289126619,4326,4,,,Kubu Raya,Kalimantan Barat,,0,Pontianak,,2014-09,0.07102082482085563,9,0.07102082482085563,VIIRS DNB,nW/cm2/sr,2014,"{""type"":""MultiPoint"",""coordinates"":[]}"
8_00000000000000000008,BA03050040,,,,,,,61.08,61,8430.71056018,TASWIL5000020230907KABKOTA,Landak,,0.684950096963,6.11846983154,4326,4,,,Landak,Kalimantan Barat,,0,Pontianak,,2014-09,0.029945416403561135,9,0.029945416403561135,VIIRS DNB,nW/cm2/sr,2014,"{""type"":""MultiPoint"",""coordinates"":[]}"
8_00000000000000000000,BA03050040,,,,,,,61.07,61,5488.60795319,TASWIL5000020230907KABKOTA,Bengkayang,,0.445970285372,6.02675176554,4326,4,,,Bengkayang,Kalimantan Barat,,0,Sambas,,2014-09,0.02944536374928513,9,0.02944536374928513,VIIRS DNB,nW/cm2/sr,2014,"{""type"":""MultiPoint"",""coordinates"":[]}"
8_0000000000000000000d,BA03050040,,,,,,,61.09,61,5979.04370295,TASWIL5000020230907KABKOTA,Sekadau,,0.485752312966,4.89358511498,4326,4,,,Sekadau,Kalimantan Barat,,0,Sanggau,,2014-09,-0.025075764855040105,9,-0.025075764855040105,VIIRS DNB,nW/cm2/sr,2014,"{""type"":""MultiPoint"",""coordinates"":[]}"
8_00000000000000000009,BA03050040,,,,,,,61.10,61,10122.5133896,TASWIL5000020230907KABKOTA,Melawi,,0.822418686577,6.18884194372,4326,4,,,Melawi,Kalimantan Barat,,0,Sintang,,2014-09,-0.0017929482221992297,9,-0.0017929482221992297,VIIRS DNB,nW/cm2/sr,2014,"{""type"":""MultiPoint"",""coordinates"":[]}"
8_00000000000000000005,BA03050040,,,,,,,61.71,61,118.208752498,TASWIL5000020230907KABKOTA,Kota Pontianak,,0.00960338694431,0.439734620886,4326,5,,,Kota Pontianak,Kalimantan Barat,,0,,,2014-09,7.279968350449617,9,7.279968350449617,VIIRS DNB,nW/cm2/sr,2014,"{""type"":""MultiPoint"",""coordinates"":[]}"
8_00000000000000000006,BA03050040,,,,,,,61.72,61,550.186910141,TASWIL5000020230907KABKOTA,Kota Singkawang,,0.0447029151336,1.23074798661,4326,5,,,Kota Singkawang,Kalimantan Barat,,0,Bengkayang,,2014-09,0.4069984538025806,9,0.4069984538025806,VIIRS DNB,nW/cm2/sr,2014,"{""type"":""MultiPoint"",""coordinates"":[]}"
8_00000000000000000001,BA03050040,,,,,,,,61,0.446818812946,TASWIL5000020230907KABKOTA,Kalimantan Barat,"Berdasarkan Kepmendagri 050-145 Tahun 2022, masuk ke Kalimantan Barat",3.63047728111E-5,0.0520740876463,4326,999,,,,Kalimantan Barat,,0,,,2014-09,0.06144543085041689,9,0.06144543085041689,VIIRS DNB,nW/cm2/sr,2014,"{""type"":""MultiPoint"",""coordinates"":[]}"
9_00000000000000000002,BA03050040,,,,,,,61.06,61,31318.2461503,TASWIL5000020230907KABKOTA,Kapuas Hulu,,2.54462852025,10.3235168378,4326,4,,,Kapuas Hulu,Kalimantan Barat,,0,,,2014-10,-0.00870463730689628,10,-0.00870463730689628,VIIRS DNB,nW/cm2/sr,2014,"{""type"":""MultiPoint"",""coordinates"":[]}"
9_00000000000000000004,BA03050040,,,,,,,61.04,61,30018.6763396,TASWIL5000020230907KABKOTA,Ketapang,,2.43989292708,13.6255621311,4326,4,,,Ketapang,Kalimantan Barat,,0,,,2014-10,0.0667581830090134,10,0.0667581830090134,VIIRS DNB,nW/cm2/sr,2014,"{""type"":""MultiPoint"",""coordinates"":[]}"
9_0000000000000000000a,BA03050040,,,,,,,61.02,61,1935.41897259,TASWIL5000020230907KABKOTA,Mempawah,,0.157238724723,3.1173764195,4326,4,,,Mempawah,Kalimantan Barat,,0,,,2014-10,0.06292363702637252,10,0.06292363702637252,VIIRS DNB,nW/cm2/sr,2014,"{""type"":""MultiPoint"",""coordinates"":[]}"
9_0000000000000000000b,BA03050040,,,,,,,61.01,61,5937.99495327,TASWIL5000020230907KABKOTA,Sambas,,0.482557384329,4.23082967505,4326,4,,,Sambas,Kalimantan Barat,,0,,,2014-10,0.04974050260486229,10,0.04974050260486229,VIIRS DNB,nW/cm2/sr,2014,"{""type"":""MultiPoint"",""coordinates"":[]}"
9_0000000000000000000c,BA03050040,,,,,,,61.03,61,12452.2241518,TASWIL5000020230907KABKOTA,Sanggau,,1.01166258397,7.65307697656,4326,4,,,Sanggau,Kalimantan Barat,,0,,,2014-10,0.0061558926804624,10,0.0061558926804624,VIIRS DNB,nW/cm2/sr,2014,"{""type"":""MultiPoint"",""coordinates"":[]}"
9_0000000000000000000e,BA03050040,,,,,,,61.05,61,22025.7880014,TASWIL5000020230907KABKOTA,Sintang,,1.78944370224,11.9811145851,4326,4,,,Sintang,Kalimantan Barat,,0,,,2014-10,0.038995624301754635,10,0.038995624301754635,VIIRS DNB,nW/cm2/sr,2014,"{""type"":""MultiPoint"",""coordinates"":[]}"
9_00000000000000000003,BA03050040,,,,,,,61.11,61,4110.12301412,TASWIL5000020230907KABKOTA,Kayong Utara,,0.333972050772,6.99327188474,4326,4,,,Kayong Utara,Kalimantan Barat,,0,Ketapang,,2014-10,0.12790593563386912,10,0.12790593563386912,VIIRS DNB,nW/cm2/sr,2014,"{""type"":""MultiPoint"",""coordinates"":[]}"
9_00000000000000000007,BA03050040,,,,,,,61.12,61,8549.29358265,TASWIL5000020230907KABKOTA,Kubu Raya,,0.694575912143,12.4289126619,4326,4,,,Kubu Raya,Kalimantan Barat,,0,Pontianak,,2014-10,0.18817970778921925,10,0.18817970778921925,VIIRS DNB,nW/cm2/sr,2014,"{""type"":""MultiPoint"",""coordinates"":[]}"
9_00000000000000000008,BA03050040,,,,,,,61.08,61,8430.71056018,TASWIL5000020230907KABKOTA,Landak,,0.684950096963,6.11846983154,4326,4,,,Landak,Kalimantan Barat,,0,Pontianak,,2014-10,0.0038869912183985686,10,0.0038869912183985686,VIIRS DNB,nW/cm2/sr,2014,"{""type"":""MultiPoint"",""coordinates"":[]}"
9_00000000000000000000,BA03050040,,,,,,,61.07,61,5488.60795319,TASWIL5000020230907KABKOTA,Bengkayang,,0.445970285372,6.02675176554,4326,4,,,Bengkayang,Kalimantan Barat,,0,Sambas,,2014-10,-0.003024385586715279,10,-0.003024385586715279,VIIRS DNB,nW/cm2/sr,2014,"{""type"":""MultiPoint"",""coordinates"":[]}"
9_0000000000000000000d,BA03050040,,,,,,,61.09,61,5979.04370295,TASWIL5000020230907KABKOTA,Sekadau,,0.485752312966,4.89358511498,4326,4,,,Sekadau,Kalimantan Barat,,0,Sanggau,,2014-10,0.04056204080308675,10,0.04056204080308675,VIIRS DNB,nW/cm2/sr,2014,"{""type"":""MultiPoint"",""coordinates"":[]}"
9_00000000000000000009,BA03050040,,,,,,,61.10,61,10122.5133896,TASWIL5000020230907KABKOTA,Melawi,,0.822418686577,6.18884194372,4326,4,,,Melawi,Kalimantan Barat,,0,Sintang,,2014-10,0.06308401531591652,10,0.06308401531591652,VIIRS DNB,nW/cm2/sr,2014,"{""type"":""MultiPoint"",""coordinates"":[]}"
9_00000000000000000005,BA03050040,,,,,,,61.71,61,118.208752498,TASWIL5000020230907KABKOTA,Kota Pontianak,,0.00960338694431,0.439734620886,4326,5,,,Kota Pontianak,Kalimantan Barat,,0,,,2014-10,7.61577546180035,10,7.61577546180035,VIIRS DNB,nW/cm2/sr,2014,"{""type"":""MultiPoint"",""coordinates"":[]}"
9_00000000000000000006,BA03050040,,,,,,,61.72,61,550.186910141,TASWIL5000020230907KABKOTA,Kota Singkawang,,0.0447029151336,1.23074798661,4326,5,,,Kota Singkawang,Kalimantan Barat,,0,Bengkayang,,2014-10,0.40005661822875144,10,0.40005661822875144,VIIRS DNB,nW/cm2/sr,2014,"{""type"":""MultiPoint"",""coordinates"":[]}"
9_00000000000000000001,BA03050040,,,,,,,,61,0.446818812946,TASWIL5000020230907KABKOTA,Kalimantan Barat,"Berdasarkan Kepmendagri 050-145 Tahun 2022, masuk ke Kalimantan Barat",3.63047728111E-5,0.0520740876463,4326,999,,,,Kalimantan Barat,,0,,,2014-10,0.1432580199857421,10,0.1432580199857421,VIIRS DNB,nW/cm2/sr,2014,"{""type"":""MultiPoint"",""coordinates"":[]}"
10_00000000000000000002,BA03050040,,,,,,,61.06,61,31318.2461503,TASWIL5000020230907KABKOTA,Kapuas Hulu,,2.54462852025,10.3235168378,4326,4,,,Kapuas Hulu,Kalimantan Barat,,0,,,2014-11,-0.03168856469215463,11,-0.03168856469215463,VIIRS DNB,nW/cm2/sr,2014,"{""type"":""MultiPoint"",""coordinates"":[]}"
10_00000000000000000004,BA03050040,,,,,,,61.04,61,30018.6763396,TASWIL5000020230907KABKOTA,Ketapang,,2.43989292708,13.6255621311,4326,4,,,Ketapang,Kalimantan Barat,,0,,,2014-11,-0.052642881470944126,11,-0.052642881470944126,VIIRS DNB,nW/cm2/sr,2014,"{""type"":""MultiPoint"",""coordinates"":[]}"
10_0000000000000000000a,BA03050040,,,,,,,61.02,61,1935.41897259,TASWIL5000020230907KABKOTA,Mempawah,,0.157238724723,3.1173764195,4326,4,,,Mempawah,Kalimantan Barat,,0,,,2014-11,-0.03012139805836115,11,-0.03012139805836115,VIIRS DNB,nW/cm2/sr,2014,"{""type"":""MultiPoint"",""coordinates"":[]}"
10_0000000000000000000b,BA03050040,,,,,,,61.01,61,5937.99495327,TASWIL5000020230907KABKOTA,Sambas,,0.482557384329,4.23082967505,4326,4,,,Sambas,Kalimantan Barat,,0,,,2014-11,-0.12403806079651408,11,-0.12403806079651408,VIIRS DNB,nW/cm2/sr,2014,"{""type"":""MultiPoint"",""coordinates"":[]}"
10_0000000000000000000c,BA03050040,,,,,,,61.03,61,12452.2241518,TASWIL5000020230907KABKOTA,Sanggau,,1.01166258397,7.65307697656,4326,4,,,Sanggau,Kalimantan Barat,,0,,,2014-11,-0.11487265050521678,11,-0.11487265050521678,VIIRS DNB,nW/cm2/sr,2014,"{""type"":""MultiPoint"",""coordinates"":[]}"
10_0000000000000000000e,BA03050040,,,,,,,61.05,61,22025.7880014,TASWIL5000020230907KABKOTA,Sintang,,1.78944370224,11.9811145851,4326,4,,,Sintang,Kalimantan Barat,,0,,,2014-11,-0.011682791881913518,11,-0.011682791881913518,VIIRS DNB,nW/cm2/sr,2014,"{""type"":""MultiPoint"",""coordinates"":[]}"
10_00000000000000000003,BA03050040,,,,,,,61.11,61,4110.12301412,TASWIL5000020230907KABKOTA,Kayong Utara,,0.333972050772,6.99327188474,4326,4,,,Kayong Utara,Kalimantan Barat,,0,Ketapang,,2014-11,-0.1273266934371719,11,-0.1273266934371719,VIIRS DNB,nW/cm2/sr,2014,"{""type"":""MultiPoint"",""coordinates"":[]}"
10_00000000000000000007,BA03050040,,,,,,,61.12,61,8549.29358265,TASWIL5000020230907KABKOTA,Kubu Raya,,0.694575912143,12.4289126619,4326,4,,,Kubu Raya,Kalimantan Barat,,0,Pontianak,,2014-11,-0.07224976890363803,11,-0.07224976890363803,VIIRS DNB,nW/cm2/sr,2014,"{""type"":""MultiPoint"",""coordinates"":[]}"
10_00000000000000000008,BA03050040,,,,,,,61.08,61,8430.71056018,TASWIL5000020230907KABKOTA,Landak,,0.684950096963,6.11846983154,4326,4,,,Landak,Kalimantan Barat,,0,Pontianak,,2014-11,-0.11546116853568451,11,-0.11546116853568451,VIIRS DNB,nW/cm2/sr,2014,"{""type"":""MultiPoint"",""coordinates"":[]}"
10_00000000000000000000,BA03050040,,,,,,,61.07,61,5488.60795319,TASWIL5000020230907KABKOTA,Bengkayang,,0.445970285372,6.02675176554,4326,4,,,Bengkayang,Kalimantan Barat,,0,Sambas,,2014-11,-0.15300843156717875,11,-0.15300843156717875,VIIRS DNB,nW/cm2/sr,2014,"{""type"":""MultiPoint"",""coordinates"":[]}"
10_0000000000000000000d,BA03050040,,,,,,,61.09,61,5979.04370295,TASWIL5000020230907KABKOTA,Sekadau,,0.485752312966,4.89358511498,4326,4,,,Sekadau,Kalimantan Barat,,0,Sanggau,,2014-11,-0.03202052416367741,11,-0.03202052416367741,VIIRS DNB,nW/cm2/sr,2014,"{""type"":""MultiPoint"",""coordinates"":[]}"
10_00000000000000000009,BA03050040,,,,,,,61.10,61,10122.5133896,TASWIL5000020230907KABKOTA,Melawi,,0.822418686577,6.18884194372,4326,4,,,Melawi,Kalimantan Barat,,0,Sintang,,2014-11,-0.012074772868231165,11,-0.012074772868231165,VIIRS DNB,nW/cm2/sr,2014,"{""type"":""MultiPoint"",""coordinates"":[]}"
10_00000000000000000005,BA03050040,,,,,,,61.71,61,118.208752498,TASWIL5000020230907KABKOTA,Kota Pontianak,,0.00960338694431,0.439734620886,4326,5,,,Kota Pontianak,Kalimantan Barat,,0,,,2014-11,6.478148847121151,11,6.478148847121151,VIIRS DNB,nW/cm2/sr,2014,"{""type"":""MultiPoint"",""coordinates"":[]}"
10_00000000000000000006,BA03050040,,,,,,,61.72,61,550.186910141,TASWIL5000020230907KABKOTA,Kota Singkawang,,0.0447029151336,1.23074798661,4326,5,,,Kota Singkawang,Kalimantan Barat,,0,Bengkayang,,2014-11,0.014672560227247819,11,0.014672560227247819,VIIRS DNB,nW/cm2/sr,2014,"{""type"":""MultiPoint"",""coordinates"":[]}"
10_00000000000000000001,BA03050040,,,,,,,,61,0.446818812946,TASWIL5000020230907KABKOTA,Kalimantan Barat,"Berdasarkan Kepmendagri 050-145 Tahun 2022, masuk ke Kalimantan Barat",3.63047728111E-5,0.0520740876463,4326,999,,,,Kalimantan Barat,,0,,,2014-11,-0.23604056837806114,11,-0.23604056837806114,VIIRS DNB,nW/cm2/sr,2014,"{""type"":""MultiPoint"",""coordinates"":[]}"
11_00000000000000000002,BA03050040,,,,,,,61.06,61,31318.2461503,TASWIL5000020230907KABKOTA,Kapuas Hulu,,2.54462852025,10.3235168378,4326,4,,,Kapuas Hulu,Kalimantan Barat,,0,,,2014-12,-0.03436008577356759,12,-0.03436008577356759,VIIRS DNB,nW/cm2/sr,2014,"{""type"":""MultiPoint"",""coordinates"":[]}"
11_00000000000000000004,BA03050040,,,,,,,61.04,61,30018.6763396,TASWIL5000020230907KABKOTA,Ketapang,,2.43989292708,13.6255621311,4326,4,,,Ketapang,Kalimantan Barat,,0,,,2014-12,-0.010094149513543002,12,-0.010094149513543002,VIIRS DNB,nW/cm2/sr,2014,"{""type"":""MultiPoint"",""coordinates"":[]}"
11_0000000000000000000a,BA03050040,,,,,,,61.02,61,1935.41897259,TASWIL5000020230907KABKOTA,Mempawah,,0.157238724723,3.1173764195,4326,4,,,Mempawah,Kalimantan Barat,,0,,,2014-12,0.0014398381220371665,12,0.0014398381220371665,VIIRS DNB,nW/cm2/sr,2014,"{""type"":""MultiPoint"",""coordinates"":[]}"
11_0000000000000000000b,BA03050040,,,,,,,61.01,61,5937.99495327,TASWIL5000020230907KABKOTA,Sambas,,0.482557384329,4.23082967505,4326,4,,,Sambas,Kalimantan Barat,,0,,,2014-12,-0.004291670761313147,12,-0.004291670761313147,VIIRS DNB,nW/cm2/sr,2014,"{""type"":""MultiPoint"",""coordinates"":[]}"
11_0000000000000000000c,BA03050040,,,,,,,61.03,61,12452.2241518,TASWIL5000020230907KABKOTA,Sanggau,,1.01166258397,7.65307697656,4326,4,,,Sanggau,Kalimantan Barat,,0,,,2014-12,0.012671939679160634,12,0.012671939679160634,VIIRS DNB,nW/cm2/sr,2014,"{""type"":""MultiPoint"",""coordinates"":[]}"
11_0000000000000000000e,BA03050040,,,,,,,61.05,61,22025.7880014,TASWIL5000020230907KABKOTA,Sintang,,1.78944370224,11.9811145851,4326,4,,,Sintang,Kalimantan Barat,,0,,,2014-12,-0.030165054792255203,12,-0.030165054792255203,VIIRS DNB,nW/cm2/sr,2014,"{""type"":""MultiPoint"",""coordinates"":[]}"
11_00000000000000000003,BA03050040,,,,,,,61.11,61,4110.12301412,TASWIL5000020230907KABKOTA,Kayong Utara,,0.333972050772,6.99327188474,4326,4,,,Kayong Utara,Kalimantan Barat,,0,Ketapang,,2014-12,-0.04181959598744311,12,-0.04181959598744311,VIIRS DNB,nW/cm2/sr,2014,"{""type"":""MultiPoint"",""coordinates"":[]}"
11_00000000000000000007,BA03050040,,,,,,,61.12,61,8549.29358265,TASWIL5000020230907KABKOTA,Kubu Raya,,0.694575912143,12.4289126619,4326,4,,,Kubu Raya,Kalimantan Barat,,0,Pontianak,,2014-12,0.038774931063969884,12,0.038774931063969884,VIIRS DNB,nW/cm2/sr,2014,"{""type"":""MultiPoint"",""coordinates"":[]}"
11_00000000000000000008,BA03050040,,,,,,,61.08,61,8430.71056018,TASWIL5000020230907KABKOTA,Landak,,0.684950096963,6.11846983154,4326,4,,,Landak,Kalimantan Barat,,0,Pontianak,,2014-12,-0.0013006010693433375,12,-0.0013006010693433375,VIIRS DNB,nW/cm2/sr,2014,"{""type"":""MultiPoint"",""coordinates"":[]}"
11_00000000000000000000,BA03050040,,,,,,,61.07,61,5488.60795319,TASWIL5000020230907KABKOTA,Bengkayang,,0.445970285372,6.02675176554,4326,4,,,Bengkayang,Kalimantan Barat,,0,Sambas,,2014-12,-9.487281729714807E-4,12,-9.487281729714807E-4,VIIRS DNB,nW/cm2/sr,2014,"{""type"":""MultiPoint"",""coordinates"":[]}"
11_0000000000000000000d,BA03050040,,,,,,,61.09,61,5979.04370295,TASWIL5000020230907KABKOTA,Sekadau,,0.485752312966,4.89358511498,4326,4,,,Sekadau,Kalimantan Barat,,0,Sanggau,,2014-12,-0.00104835209719465,12,-0.00104835209719465,VIIRS DNB,nW/cm2/sr,2014,"{""type"":""MultiPoint"",""coordinates"":[]}"
11_00000000000000000009,BA03050040,,,,,,,61.10,61,10122.5133896,TASWIL5000020230907KABKOTA,Melawi,,0.822418686577,6.18884194372,4326,4,,,Melawi,Kalimantan Barat,,0,Sintang,,2014-12,-0.015993483325854672,12,-0.015993483325854672,VIIRS DNB,nW/cm2/sr,2014,"{""type"":""MultiPoint"",""coordinates"":[]}"
11_00000000000000000005,BA03050040,,,,,,,61.71,61,118.208752498,TASWIL5000020230907KABKOTA,Kota Pontianak,,0.00960338694431,0.439734620886,4326,5,,,Kota Pontianak,Kalimantan Barat,,0,,,2014-12,0.398466979832236,12,0.398466979832236,VIIRS DNB,nW/cm2/sr,2014,"{""type"":""MultiPoint"",""coordinates"":[]}"
11_00000000000000000006,BA03050040,,,,,,,61.72,61,550.186910141,TASWIL5000020230907KABKOTA,Kota Singkawang,,0.0447029151336,1.23074798661,4326,5,,,Kota Singkawang,Kalimantan Barat,,0,Bengkayang,,2014-12,0.009607764827615954,12,0.009607764827615954,VIIRS DNB,nW/cm2/sr,2014,"{""type"":""MultiPoint"",""coordinates"":[]}"
11_00000000000000000001,BA03050040,,,,,,,,61,0.446818812946,TASWIL5000020230907KABKOTA,Kalimantan Barat,"Berdasarkan Kepmendagri 050-145 Tahun 2022, masuk ke Kalimantan Barat",3.63047728111E-5,0.0520740876463,4326,999,,,,Kalimantan Barat,,0,,,2014-12,0.0,12,0.0,VIIRS DNB,nW/cm2/sr,2014,"{""type"":""MultiPoint"",""coordinates"":[]}"
12_00000000000000000002,BA03050040,,,,,,,61.06,61,31318.2461503,TASWIL5000020230907KABKOTA,Kapuas Hulu,,2.54462852025,10.3235168378,4326,4,,,Kapuas Hulu,Kalimantan Barat,,0,,,2015-01,0.032837605171474056,1,0.032837605171474056,VIIRS DNB,nW/cm2/sr,2015,"{""type"":""MultiPoint"",""coordinates"":[]}"
12_00000000000000000004,BA03050040,,,,,,,61.04,61,30018.6763396,TASWIL5000020230907KABKOTA,Ketapang,,2.43989292708,13.6255621311,4326,4,,,Ketapang,Kalimantan Barat,,0,,,2015-01,0.1058246608278573,1,0.1058246608278573,VIIRS DNB,nW/cm2/sr,2015,"{""type"":""MultiPoint"",""coordinates"":[]}"
12_0000000000000000000a,BA03050040,,,,,,,61.02,61,1935.41897259,TASWIL5000020230907KABKOTA,Mempawah,,0.157238724723,3.1173764195,4326,4,,,Mempawah,Kalimantan Barat,,0,,,2015-01,0.13549604985412078,1,0.13549604985412078,VIIRS DNB,nW/cm2/sr,2015,"{""type"":""MultiPoint"",""coordinates"":[]}"
12_0000000000000000000b,BA03050040,,,,,,,61.01,61,5937.99495327,TASWIL5000020230907KABKOTA,Sambas,,0.482557384329,4.23082967505,4326,4,,,Sambas,Kalimantan Barat,,0,,,2015-01,0.06914254666372098,1,0.06914254666372098,VIIRS DNB,nW/cm2/sr,2015,"{""type"":""MultiPoint"",""coordinates"":[]}"
12_0000000000000000000c,BA03050040,,,,,,,61.03,61,12452.2241518,TASWIL5000020230907KABKOTA,Sanggau,,1.01166258397,7.65307697656,4326,4,,,Sanggau,Kalimantan Barat,,0,,,2015-01,0.07875926317341272,1,0.07875926317341272,VIIRS DNB,nW/cm2/sr,2015,"{""type"":""MultiPoint"",""coordinates"":[]}"
12_0000000000000000000e,BA03050040,,,,,,,61.05,61,22025.7880014,TASWIL5000020230907KABKOTA,Sintang,,1.78944370224,11.9811145851,4326,4,,,Sintang,Kalimantan Barat,,0,,,2015-01,0.04021259903594273,1,0.04021259903594273,VIIRS DNB,nW/cm2/sr,2015,"{""type"":""MultiPoint"",""coordinates"":[]}"
12_00000000000000000003,BA03050040,,,,,,,61.11,61,4110.12301412,TASWIL5000020230907KABKOTA,Kayong Utara,,0.333972050772,6.99327188474,4326,4,,,Kayong Utara,Kalimantan Barat,,0,Ketapang,,2015-01,0.14131341443173898,1,0.14131341443173898,VIIRS DNB,nW/cm2/sr,2015,"{""type"":""MultiPoint"",""coordinates"":[]}"
12_00000000000000000007,BA03050040,,,,,,,61.12,61,8549.29358265,TASWIL5000020230907KABKOTA,Kubu Raya,,0.694575912143,12.4289126619,4326,4,,,Kubu Raya,Kalimantan Barat,,0,Pontianak,,2015-01,0.23459840873216933,1,0.23459840873216933,VIIRS DNB,nW/cm2/sr,2015,"{""type"":""MultiPoint"",""coordinates"":[]}"
12_00000000000000000008,BA03050040,,,,,,,61.08,61,8430.71056018,TASWIL5000020230907KABKOTA,Landak,,0.684950096963,6.11846983154,4326,4,,,Landak,Kalimantan Barat,,0,Pontianak,,2015-01,0.08672923361409404,1,0.08672923361409404,VIIRS DNB,nW/cm2/sr,2015,"{""type"":""MultiPoint"",""coordinates"":[]}"
12_00000000000000000000,BA03050040,,,,,,,61.07,61,5488.60795319,TASWIL5000020230907KABKOTA,Bengkayang,,0.445970285372,6.02675176554,4326,4,,,Bengkayang,Kalimantan Barat,,0,Sambas,,2015-01,0.10074513406639429,1,0.10074513406639429,VIIRS DNB,nW/cm2/sr,2015,"{""type"":""MultiPoint"",""coordinates"":[]}"
12_0000000000000000000d,BA03050040,,,,,,,61.09,61,5979.04370295,TASWIL5000020230907KABKOTA,Sekadau,,0.485752312966,4.89358511498,4326,4,,,Sekadau,Kalimantan Barat,,0,Sanggau,,2015-01,0.07743022860321169,1,0.07743022860321169,VIIRS DNB,nW/cm2/sr,2015,"{""type"":""MultiPoint"",""coordinates"":[]}"
12_00000000000000000009,BA03050040,,,,,,,61.10,61,10122.5133896,TASWIL5000020230907KABKOTA,Melawi,,0.822418686577,6.18884194372,4326,4,,,Melawi,Kalimantan Barat,,0,Sintang,,2015-01,0.052712866433510024,1,0.052712866433510024,VIIRS DNB,nW/cm2/sr,2015,"{""type"":""MultiPoint"",""coordinates"":[]}"
12_00000000000000000005,BA03050040,,,,,,,61.71,61,118.208752498,TASWIL5000020230907KABKOTA,Kota Pontianak,,0.00960338694431,0.439734620886,4326,5,,,Kota Pontianak,Kalimantan Barat,,0,,,2015-01,14.676736628844905,1,14.676736628844905,VIIRS DNB,nW/cm2/sr,2015,"{""type"":""MultiPoint"",""coordinates"":[]}"
12_00000000000000000006,BA03050040,,,,,,,61.72,61,550.186910141,TASWIL5000020230907KABKOTA,Kota Singkawang,,0.0447029151336,1.23074798661,4326,5,,,Kota Singkawang,Kalimantan Barat,,0,Bengkayang,,2015-01,0.5646994396395362,1,0.5646994396395362,VIIRS DNB,nW/cm2/sr,2015,"{""type"":""MultiPoint"",""coordinates"":[]}"
12_00000000000000000001,BA03050040,,,,,,,,61,0.446818812946,TASWIL5000020230907KABKOTA,Kalimantan Barat,"Berdasarkan Kepmendagri 050-145 Tahun 2022, masuk ke Kalimantan Barat",3.63047728111E-5,0.0520740876463,4326,999,,,,Kalimantan Barat,,0,,,2015-01,0.11053187506187043,1,0.11053187506187043,VIIRS DNB,nW/cm2/sr,2015,"{""type"":""MultiPoint"",""coordinates"":[]}"
13_00000000000000000002,BA03050040,,,,,,,61.06,61,31318.2461503,TASWIL5000020230907KABKOTA,Kapuas Hulu,,2.54462852025,10.3235168378,4326,4,,,Kapuas Hulu,Kalimantan Barat,,0,,,2015-02,0.09102292998829933,2,0.09102292998829933,VIIRS DNB,nW/cm2/sr,2015,"{""type"":""MultiPoint"",""coordinates"":[]}"
13_00000000000000000004,BA03050040,,,,,,,61.04,61,30018.6763396,TASWIL5000020230907KABKOTA,Ketapang,,2.43989292708,13.6255621311,4326,4,,,Ketapang,Kalimantan Barat,,0,,,2015-02,0.07644644614794571,2,0.07644644614794571,VIIRS DNB,nW/cm2/sr,2015,"{""type"":""MultiPoint"",""coordinates"":[]}"
13_0000000000000000000a,BA03050040,,,,,,,61.02,61,1935.41897259,TASWIL5000020230907KABKOTA,Mempawah,,0.157238724723,3.1173764195,4326,4,,,Mempawah,Kalimantan Barat,,0,,,2015-02,0.4514896621069637,2,0.4514896621069637,VIIRS DNB,nW/cm2/sr,2015,"{""type"":""MultiPoint"",""coordinates"":[]}"
13_0000000000000000000b,BA03050040,,,,,,,61.01,61,5937.99495327,TASWIL5000020230907KABKOTA,Sambas,,0.482557384329,4.23082967505,4326,4,,,Sambas,Kalimantan Barat,,0,,,2015-02,0.15285535083877735,2,0.15285535083877735,VIIRS DNB,nW/cm2/sr,2015,"{""type"":""MultiPoint"",""coordinates"":[]}"
13_0000000000000000000c,BA03050040,,,,,,,61.03,61,12452.2241518,TASWIL5000020230907KABKOTA,Sanggau,,1.01166258397,7.65307697656,4326,4,,,Sanggau,Kalimantan Barat,,0,,,2015-02,0.11642320922854713,2,0.11642320922854713,VIIRS DNB,nW/cm2/sr,2015,"{""type"":""MultiPoint"",""coordinates"":[]}"
13_0000000000000000000e,BA03050040,,,,,,,61.05,61,22025.7880014,TASWIL5000020230907KABKOTA,Sintang,,1.78944370224,11.9811145851,4326,4,,,Sintang,Kalimantan Barat,,0,,,2015-02,0.10155740897044085,2,0.10155740897044085,VIIRS DNB,nW/cm2/sr,2015,"{""type"":""MultiPoint"",""coordinates"":[]}"
13_00000000000000000003,BA03050040,,,,,,,61.11,61,4110.12301412,TASWIL5000020230907KABKOTA,Kayong Utara,,0.333972050772,6.99327188474,4326,4,,,Kayong Utara,Kalimantan Barat,,0,Ketapang,,2015-02,0.08984193856949595,2,0.08984193856949595,VIIRS DNB,nW/cm2/sr,2015,"{""type"":""MultiPoint"",""coordinates"":[]}"
13_00000000000000000007,BA03050040,,,,,,,61.12,61,8549.29358265,TASWIL5000020230907KABKOTA,Kubu Raya,,0.694575912143,12.4289126619,4326,4,,,Kubu Raya,Kalimantan Barat,,0,Pontianak,,2015-02,0.17424828938747686,2,0.17424828938747686,VIIRS DNB,nW/cm2/sr,2015,"{""type"":""MultiPoint"",""coordinates"":[]}"
13_00000000000000000008,BA03050040,,,,,,,61.08,61,8430.71056018,TASWIL5000020230907KABKOTA,Landak,,0.684950096963,6.11846983154,4326,4,,,Landak,Kalimantan Barat,,0,Pontianak,,2015-02,0.14003237690693218,2,0.14003237690693218,VIIRS DNB,nW/cm2/sr,2015,"{""type"":""MultiPoint"",""coordinates"":[]}"
13_00000000000000000000,BA03050040,,,,,,,61.07,61,5488.60795319,TASWIL5000020230907KABKOTA,Bengkayang,,0.445970285372,6.02675176554,4326,4,,,Bengkayang,Kalimantan Barat,,0,Sambas,,2015-02,0.1449259500923065,2,0.1449259500923065,VIIRS DNB,nW/cm2/sr,2015,"{""type"":""MultiPoint"",""coordinates"":[]}"
13_0000000000000000000d,BA03050040,,,,,,,61.09,61,5979.04370295,TASWIL5000020230907KABKOTA,Sekadau,,0.485752312966,4.89358511498,4326,4,,,Sekadau,Kalimantan Barat,,0,Sanggau,,2015-02,0.08748488019261585,2,0.08748488019261585,VIIRS DNB,nW/cm2/sr,2015,"{""type"":""MultiPoint"",""coordinates"":[]}"
13_00000000000000000009,BA03050040,,,,,,,61.10,61,10122.5133896,TASWIL5000020230907KABKOTA,Melawi,,0.822418686577,6.18884194372,4326,4,,,Melawi,Kalimantan Barat,,0,Sintang,,2015-02,0.07080678192908474,2,0.07080678192908474,VIIRS DNB,nW/cm2/sr,2015,"{""type"":""MultiPoint"",""coordinates"":[]}"
13_00000000000000000005,BA03050040,,,,,,,61.71,61,118.208752498,TASWIL5000020230907KABKOTA,Kota Pontianak,,0.00960338694431,0.439734620886,4326,5,,,Kota Pontianak,Kalimantan Barat,,0,,,2015-02,10.5468294132644,2,10.5468294132644,VIIRS DNB,nW/cm2/sr,2015,"{""type"":""MultiPoint"",""coordinates"":[]}"
13_00000000000000000006,BA03050040,,,,,,,61.72,61,550.186910141,TASWIL5000020230907KABKOTA,Kota Singkawang,,0.0447029151336,1.23074798661,4326,5,,,Kota Singkawang,Kalimantan Barat,,0,Bengkayang,,2015-02,0.8467142115460785,2,0.8467142115460785,VIIRS DNB,nW/cm2/sr,2015,"{""type"":""MultiPoint"",""coordinates"":[]}"
13_00000000000000000001,BA03050040,,,,,,,,61,0.446818812946,TASWIL5000020230907KABKOTA,Kalimantan Barat,"Berdasarkan Kepmendagri 050-145 Tahun 2022, masuk ke Kalimantan Barat",3.63047728111E-5,0.0520740876463,4326,999,,,,Kalimantan Barat,,0,,,2015-02,0.0969719386774693,2,0.0969719386774693,VIIRS DNB,nW/cm2/sr,2015,"{""type"":""MultiPoint"",""coordinates"":[]}"
14_00000000000000000002,BA03050040,,,,,,,61.06,61,31318.2461503,TASWIL5000020230907KABKOTA,Kapuas Hulu,,2.54462852025,10.3235168378,4326,4,,,Kapuas Hulu,Kalimantan Barat,,0,,,2015-03,0.13322502787201804,3,0.13322502787201804,VIIRS DNB,nW/cm2/sr,2015,"{""type"":""MultiPoint"",""coordinates"":[]}"
14_00000000000000000004,BA03050040,,,,,,,61.04,61,30018.6763396,TASWIL5000020230907KABKOTA,Ketapang,,2.43989292708,13.6255621311,4326,4,,,Ketapang,Kalimantan Barat,,0,,,2015-03,0.19772062735826987,3,0.19772062735826987,VIIRS DNB,nW/cm2/sr,2015,"{""type"":""MultiPoint"",""coordinates"":[]}"
14_0000000000000000000a,BA03050040,,,,,,,61.02,61,1935.41897259,TASWIL5000020230907KABKOTA,Mempawah,,0.157238724723,3.1173764195,4326,4,,,Mempawah,Kalimantan Barat,,0,,,2015-03,0.31386601388365565,3,0.31386601388365565,VIIRS DNB,nW/cm2/sr,2015,"{""type"":""MultiPoint"",""coordinates"":[]}"
14_0000000000000000000b,BA03050040,,,,,,,61.01,61,5937.99495327,TASWIL5000020230907KABKOTA,Sambas,,0.482557384329,4.23082967505,4326,4,,,Sambas,Kalimantan Barat,,0,,,2015-03,0.20682511414416813,3,0.20682511414416813,VIIRS DNB,nW/cm2/sr,2015,"{""type"":""MultiPoint"",""coordinates"":[]}"
14_0000000000000000000c,BA03050040,,,,,,,61.03,61,12452.2241518,TASWIL5000020230907KABKOTA,Sanggau,,1.01166258397,7.65307697656,4326,4,,,Sanggau,Kalimantan Barat,,0,,,2015-03,0.14721202304687894,3,0.14721202304687894,VIIRS DNB,nW/cm2/sr,2015,"{""type"":""MultiPoint"",""coordinates"":[]}"
14_0000000000000000000e,BA03050040,,,,,,,61.05,61,22025.7880014,TASWIL5000020230907KABKOTA,Sintang,,1.78944370224,11.9811145851,4326,4,,,Sintang,Kalimantan Barat,,0,,,2015-03,0.15410170026036615,3,0.15410170026036615,VIIRS DNB,nW/cm2/sr,2015,"{""type"":""MultiPoint"",""coordinates"":[]}"
14_00000000000000000003,BA03050040,,,,,,,61.11,61,4110.12301412,TASWIL5000020230907KABKOTA,Kayong Utara,,0.333972050772,6.99327188474,4326,4,,,Kayong Utara,Kalimantan Barat,,0,Ketapang,,2015-03,0.189746619459675,3,0.189746619459675,VIIRS DNB,nW/cm2/sr,2015,"{""type"":""MultiPoint"",""coordinates"":[]}"
14_00000000000000000007,BA03050040,,,,,,,61.12,61,8549.29358265,TASWIL5000020230907KABKOTA,Kubu Raya,,0.694575912143,12.4289126619,4326,4,,,Kubu Raya,Kalimantan Barat,,0,Pontianak,,2015-03,0.24097723483704384,3,0.24097723483704384,VIIRS DNB,nW/cm2/sr,2015,"{""type"":""MultiPoint"",""coordinates"":[]}"
14_00000000000000000008,BA03050040,,,,,,,61.08,61,8430.71056018,TASWIL5000020230907KABKOTA,Landak,,0.684950096963,6.11846983154,4326,4,,,Landak,Kalimantan Barat,,0,Pontianak,,2015-03,0.1667776352022412,3,0.1667776352022412,VIIRS DNB,nW/cm2/sr,2015,"{""type"":""MultiPoint"",""coordinates"":[]}"
14_00000000000000000000,BA03050040,,,,,,,61.07,61,5488.60795319,TASWIL5000020230907KABKOTA,Bengkayang,,0.445970285372,6.02675176554,4326,4,,,Bengkayang,Kalimantan Barat,,0,Sambas,,2015-03,0.19393257720182847,3,0.19393257720182847,VIIRS DNB,nW/cm2/sr,2015,"{""type"":""MultiPoint"",""coordinates"":[]}"
14_0000000000000000000d,BA03050040,,,,,,,61.09,61,5979.04370295,TASWIL5000020230907KABKOTA,Sekadau,,0.485752312966,4.89358511498,4326,4,,,Sekadau,Kalimantan Barat,,0,Sanggau,,2015-03,0.14671826319103068,3,0.14671826319103068,VIIRS DNB,nW/cm2/sr,2015,"{""type"":""MultiPoint"",""coordinates"":[]}"
14_00000000000000000009,BA03050040,,,,,,,61.10,61,10122.5133896,TASWIL5000020230907KABKOTA,Melawi,,0.822418686577,6.18884194372,4326,4,,,Melawi,Kalimantan Barat,,0,Sintang,,2015-03,0.19019731517098865,3,0.19019731517098865,VIIRS DNB,nW/cm2/sr,2015,"{""type"":""MultiPoint"",""coordinates"":[]}"
14_00000000000000000005,BA03050040,,,,,,,61.71,61,118.208752498,TASWIL5000020230907KABKOTA,Kota Pontianak,,0.00960338694431,0.439734620886,4326,5,,,Kota Pontianak,Kalimantan Barat,,0,,,2015-03,9.161131576266637,3,9.161131576266637,VIIRS DNB,nW/cm2/sr,2015,"{""type"":""MultiPoint"",""coordinates"":[]}"
14_00000000000000000006,BA03050040,,,,,,,61.72,61,550.186910141,TASWIL5000020230907KABKOTA,Kota Singkawang,,0.0447029151336,1.23074798661,4326,5,,,Kota Singkawang,Kalimantan Barat,,0,Bengkayang,,2015-03,0.5968407685803347,3,0.5968407685803347,VIIRS DNB,nW/cm2/sr,2015,"{""type"":""MultiPoint"",""coordinates"":[]}"
14_00000000000000000001,BA03050040,,,,,,,,61,0.446818812946,TASWIL5000020230907KABKOTA,Kalimantan Barat,"Berdasarkan Kepmendagri 050-145 Tahun 2022, masuk ke Kalimantan Barat",3.63047728111E-5,0.0520740876463,4326,999,,,,Kalimantan Barat,,0,,,2015-03,0.42126698023074244,3,0.42126698023074244,VIIRS DNB,nW/cm2/sr,2015,"{""type"":""MultiPoint"",""coordinates"":[]}"
15_00000000000000000002,BA03050040,,,,,,,61.06,61,31318.2461503,TASWIL5000020230907KABKOTA,Kapuas Hulu,,2.54462852025,10.3235168378,4326,4,,,Kapuas Hulu,Kalimantan Barat,,0,,,2015-04,0.04403353610621695,4,0.04403353610621695,VIIRS DNB,nW/cm2/sr,2015,"{""type"":""MultiPoint"",""coordinates"":[]}"
15_00000000000000000004,BA03050040,,,,,,,61.04,61,30018.6763396,TASWIL5000020230907KABKOTA,Ketapang,,2.43989292708,13.6255621311,4326,4,,,Ketapang,Kalimantan Barat,,0,,,2015-04,0.030788675788930738,4,0.030788675788930738,VIIRS DNB,nW/cm2/sr,2015,"{""type"":""MultiPoint"",""coordinates"":[]}"
15_0000000000000000000a,BA03050040,,,,,,,61.02,61,1935.41897259,TASWIL5000020230907KABKOTA,Mempawah,,0.157238724723,3.1173764195,4326,4,,,Mempawah,Kalimantan Barat,,0,,,2015-04,0.18278712528875884,4,0.18278712528875884,VIIRS DNB,nW/cm2/sr,2015,"{""type"":""MultiPoint"",""coordinates"":[]}"
15_0000000000000000000b,BA03050040,,,,,,,61.01,61,5937.99495327,TASWIL5000020230907KABKOTA,Sambas,,0.482557384329,4.23082967505,4326,4,,,Sambas,Kalimantan Barat,,0,,,2015-04,0.06295087340103865,4,0.06295087340103865,VIIRS DNB,nW/cm2/sr,2015,"{""type"":""MultiPoint"",""coordinates"":[]}"
15_0000000000000000000c,BA03050040,,,,,,,61.03,61,12452.2241518,TASWIL5000020230907KABKOTA,Sanggau,,1.01166258397,7.65307697656,4326,4,,,Sanggau,Kalimantan Barat,,0,,,2015-04,0.05904795809141835,4,0.05904795809141835,VIIRS DNB,nW/cm2/sr,2015,"{""type"":""MultiPoint"",""coordinates"":[]}"
15_0000000000000000000e,BA03050040,,,,,,,61.05,61,22025.7880014,TASWIL5000020230907KABKOTA,Sintang,,1.78944370224,11.9811145851,4326,4,,,Sintang,Kalimantan Barat,,0,,,2015-04,0.03259430861892849,4,0.03259430861892849,VIIRS DNB,nW/cm2/sr,2015,"{""type"":""MultiPoint"",""coordinates"":[]}"
15_00000000000000000003,BA03050040,,,,,,,61.11,61,4110.12301412,TASWIL5000020230907KABKOTA,Kayong Utara,,0.333972050772,6.99327188474,4326,4,,,Kayong Utara,Kalimantan Barat,,0,Ketapang,,2015-04,0.028153293225092878,4,0.028153293225092878,VIIRS DNB,nW/cm2/sr,2015,"{""type"":""MultiPoint"",""coordinates"":[]}"
15_00000000000000000007,BA03050040,,,,,,,61.12,61,8549.29358265,TASWIL5000020230907KABKOTA,Kubu Raya,,0.694575912143,12.4289126619,4326,4,,,Kubu Raya,Kalimantan Barat,,0,Pontianak,,2015-04,0.1336051725054169,4,0.1336051725054169,VIIRS DNB,nW/cm2/sr,2015,"{""type"":""MultiPoint"",""coordinates"":[]}"
15_00000000000000000008,BA03050040,,,,,,,61.08,61,8430.71056018,TASWIL5000020230907KABKOTA,Landak,,0.684950096963,6.11846983154,4326,4,,,Landak,Kalimantan Barat,,0,Pontianak,,2015-04,0.055081110223381885,4,0.055081110223381885,VIIRS DNB,nW/cm2/sr,2015,"{""type"":""MultiPoint"",""coordinates"":[]}"
15_00000000000000000000,BA03050040,,,,,,,61.07,61,5488.60795319,TASWIL5000020230907KABKOTA,Bengkayang,,0.445970285372,6.02675176554,4326,4,,,Bengkayang,Kalimantan Barat,,0,Sambas,,2015-04,0.038356511245691456,4,0.038356511245691456,VIIRS DNB,nW/cm2/sr,2015,"{""type"":""MultiPoint"",""coordinates"":[]}"
15_0000000000000000000d,BA03050040,,,,,,,61.09,61,5979.04370295,TASWIL5000020230907KABKOTA,Sekadau,,0.485752312966,4.89358511498,4326,4,,,Sekadau,Kalimantan Barat,,0,Sanggau,,2015-04,0.04870019681343607,4,0.04870019681343607,VIIRS DNB,nW/cm2/sr,2015,"{""type"":""MultiPoint"",""coordinates"":[]}"
15_00000000000000000009,BA03050040,,,,,,,61.10,61,10122.5133896,TASWIL5000020230907KABKOTA,Melawi,,0.822418686577,6.18884194372,4326,4,,,Melawi,Kalimantan Barat,,0,Sintang,,2015-04,0.03510957840997043,4,0.03510957840997043,VIIRS DNB,nW/cm2/sr,2015,"{""type"":""MultiPoint"",""coordinates"":[]}"
15_00000000000000000005,BA03050040,,,,,,,61.71,61,118.208752498,TASWIL5000020230907KABKOTA,Kota Pontianak,,0.00960338694431,0.439734620886,4326,5,,,Kota Pontianak,Kalimantan Barat,,0,,,2015-04,9.677936795466353,4,9.677936795466353,VIIRS DNB,nW/cm2/sr,2015,"{""type"":""MultiPoint"",""coordinates"":[]}"
15_00000000000000000006,BA03050040,,,,,,,61.72,61,550.186910141,TASWIL5000020230907KABKOTA,Kota Singkawang,,0.0447029151336,1.23074798661,4326,5,,,Kota Singkawang,Kalimantan Barat,,0,Bengkayang,,2015-04,0.5399103878757197,4,0.5399103878757197,VIIRS DNB,nW/cm2/sr,2015,"{""type"":""MultiPoint"",""coordinates"":[]}"
15_00000000000000000001,BA03050040,,,,,,,,61,0.446818812946,TASWIL5000020230907KABKOTA,Kalimantan Barat,"Berdasarkan Kepmendagri 050-145 Tahun 2022, masuk ke Kalimantan Barat",3.63047728111E-5,0.0520740876463,4326,999,,,,Kalimantan Barat,,0,,,2015-04,0.044707483314923434,4,0.044707483314923434,VIIRS DNB,nW/cm2/sr,2015,"{""type"":""MultiPoint"",""coordinates"":[]}"
16_00000000000000000002,BA03050040,,,,,,,61.06,61,31318.2461503,TASWIL5000020230907KABKOTA,Kapuas Hulu,,2.54462852025,10.3235168378,4326,4,,,Kapuas Hulu,Kalimantan Barat,,0,,,2015-05,0.09988020796461236,5,0.09988020796461236,VIIRS DNB,nW/cm2/sr,2015,"{""type"":""MultiPoint"",""coordinates"":[]}"
16_00000000000000000004,BA03050040,,,,,,,61.04,61,30018.6763396,TASWIL5000020230907KABKOTA,Ketapang,,2.43989292708,13.6255621311,4326,4,,,Ketapang,Kalimantan Barat,,0,,,2015-05,0.09063142230917913,5,0.09063142230917913,VIIRS DNB,nW/cm2/sr,2015,"{""type"":""MultiPoint"",""coordinates"":[]}"
16_0000000000000000000a,BA03050040,,,,,,,61.02,61,1935.41897259,TASWIL5000020230907KABKOTA,Mempawah,,0.157238724723,3.1173764195,4326,4,,,Mempawah,Kalimantan Barat,,0,,,2015-05,0.22463380418647513,5,0.22463380418647513,VIIRS DNB,nW/cm2/sr,2015,"{""type"":""MultiPoint"",""coordinates"":[]}"
16_0000000000000000000b,BA03050040,,,,,,,61.01,61,5937.99495327,TASWIL5000020230907KABKOTA,Sambas,,0.482557384329,4.23082967505,4326,4,,,Sambas,Kalimantan Barat,,0,,,2015-05,0.10798462049006406,5,0.10798462049006406,VIIRS DNB,nW/cm2/sr,2015,"{""type"":""MultiPoint"",""coordinates"":[]}"
16_0000000000000000000c,BA03050040,,,,,,,61.03,61,12452.2241518,TASWIL5000020230907KABKOTA,Sanggau,,1.01166258397,7.65307697656,4326,4,,,Sanggau,Kalimantan Barat,,0,,,2015-05,0.08921723437027487,5,0.08921723437027487,VIIRS DNB,nW/cm2/sr,2015,"{""type"":""MultiPoint"",""coordinates"":[]}"
16_0000000000000000000e,BA03050040,,,,,,,61.05,61,22025.7880014,TASWIL5000020230907KABKOTA,Sintang,,1.78944370224,11.9811145851,4326,4,,,Sintang,Kalimantan Barat,,0,,,2015-05,0.09593947537680794,5,0.09593947537680794,VIIRS DNB,nW/cm2/sr,2015,"{""type"":""MultiPoint"",""coordinates"":[]}"
16_00000000000000000003,BA03050040,,,,,,,61.11,61,4110.12301412,TASWIL5000020230907KABKOTA,Kayong Utara,,0.333972050772,6.99327188474,4326,4,,,Kayong Utara,Kalimantan Barat,,0,Ketapang,,2015-05,0.1409013925038738,5,0.1409013925038738,VIIRS DNB,nW/cm2/sr,2015,"{""type"":""MultiPoint"",""coordinates"":[]}"
16_00000000000000000007,BA03050040,,,,,,,61.12,61,8549.29358265,TASWIL5000020230907KABKOTA,Kubu Raya,,0.694575912143,12.4289126619,4326,4,,,Kubu Raya,Kalimantan Barat,,0,Pontianak,,2015-05,0.21626550729729815,5,0.21626550729729815,VIIRS DNB,nW/cm2/sr,2015,"{""type"":""MultiPoint"",""coordinates"":[]}"
16_00000000000000000008,BA03050040,,,,,,,61.08,61,8430.71056018,TASWIL5000020230907KABKOTA,Landak,,0.684950096963,6.11846983154,4326,4,,,Landak,Kalimantan Barat,,0,Pontianak,,2015-05,0.06956447778122739,5,0.06956447778122739,VIIRS DNB,nW/cm2/sr,2015,"{""type"":""MultiPoint"",""coordinates"":[]}"
16_00000000000000000000,BA03050040,,,,,,,61.07,61,5488.60795319,TASWIL5000020230907KABKOTA,Bengkayang,,0.445970285372,6.02675176554,4326,4,,,Bengkayang,Kalimantan Barat,,0,Sambas,,2015-05,0.0763907646688269,5,0.0763907646688269,VIIRS DNB,nW/cm2/sr,2015,"{""type"":""MultiPoint"",""coordinates"":[]}"
16_0000000000000000000d,BA03050040,,,,,,,61.09,61,5979.04370295,TASWIL5000020230907KABKOTA,Sekadau,,0.485752312966,4.89358511498,4326,4,,,Sekadau,Kalimantan Barat,,0,Sanggau,,2015-05,0.07323233776224093,5,0.07323233776224093,VIIRS DNB,nW/cm2/sr,2015,"{""type"":""MultiPoint"",""coordinates"":[]}"
16_00000000000000000009,BA03050040,,,,,,,61.10,61,10122.5133896,TASWIL5000020230907KABKOTA,Melawi,,0.822418686577,6.18884194372,4326,4,,,Melawi,Kalimantan Barat,,0,Sintang,,2015-05,0.11829975936736747,5,0.11829975936736747,VIIRS DNB,nW/cm2/sr,2015,"{""type"":""MultiPoint"",""coordinates"":[]}"
16_00000000000000000005,BA03050040,,,,,,,61.71,61,118.208752498,TASWIL5000020230907KABKOTA,Kota Pontianak,,0.00960338694431,0.439734620886,4326,5,,,Kota Pontianak,Kalimantan Barat,,0,,,2015-05,10.930509494752183,5,10.930509494752183,VIIRS DNB,nW/cm2/sr,2015,"{""type"":""MultiPoint"",""coordinates"":[]}"
16_00000000000000000006,BA03050040,,,,,,,61.72,61,550.186910141,TASWIL5000020230907KABKOTA,Kota Singkawang,,0.0447029151336,1.23074798661,4326,5,,,Kota Singkawang,Kalimantan Barat,,0,Bengkayang,,2015-05,0.5505738805984525,5,0.5505738805984525,VIIRS DNB,nW/cm2/sr,2015,"{""type"":""MultiPoint"",""coordinates"":[]}"
16_00000000000000000001,BA03050040,,,,,,,,61,0.446818812946,TASWIL5000020230907KABKOTA,Kalimantan Barat,"Berdasarkan Kepmendagri 050-145 Tahun 2022, masuk ke Kalimantan Barat",3.63047728111E-5,0.0520740876463,4326,999,,,,Kalimantan Barat,,0,,,2015-05,0.16276249212210805,5,0.16276249212210805,VIIRS DNB,nW/cm2/sr,2015,"{""type"":""MultiPoint"",""coordinates"":[]}"
17_00000000000000000002,BA03050040,,,,,,,61.06,61,31318.2461503,TASWIL5000020230907KABKOTA,Kapuas Hulu,,2.54462852025,10.3235168378,4326,4,,,Kapuas Hulu,Kalimantan Barat,,0,,,2015-06,0.14459679444524853,6,0.14459679444524853,VIIRS DNB,nW/cm2/sr,2015,"{""type"":""MultiPoint"",""coordinates"":[]}"
17_00000000000000000004,BA03050040,,,,,,,61.04,61,30018.6763396,TASWIL5000020230907KABKOTA,Ketapang,,2.43989292708,13.6255621311,4326,4,,,Ketapang,Kalimantan Barat,,0,,,2015-06,0.1443027911022773,6,0.1443027911022773,VIIRS DNB,nW/cm2/sr,2015,"{""type"":""MultiPoint"",""coordinates"":[]}"
17_0000000000000000000a,BA03050040,,,,,,,61.02,61,1935.41897259,TASWIL5000020230907KABKOTA,Mempawah,,0.157238724723,3.1173764195,4326,4,,,Mempawah,Kalimantan Barat,,0,,,2015-06,0.3565735963802561,6,0.3565735963802561,VIIRS DNB,nW/cm2/sr,2015,"{""type"":""MultiPoint"",""coordinates"":[]}"
17_0000000000000000000b,BA03050040,,,,,,,61.01,61,5937.99495327,TASWIL5000020230907KABKOTA,Sambas,,0.482557384329,4.23082967505,4326,4,,,Sambas,Kalimantan Barat,,0,,,2015-06,0.19968885958376276,6,0.19968885958376276,VIIRS DNB,nW/cm2/sr,2015,"{""type"":""MultiPoint"",""coordinates"":[]}"
17_0000000000000000000c,BA03050040,,,,,,,61.03,61,12452.2241518,TASWIL5000020230907KABKOTA,Sanggau,,1.01166258397,7.65307697656,4326,4,,,Sanggau,Kalimantan Barat,,0,,,2015-06,0.3321089283143786,6,0.3321089283143786,VIIRS DNB,nW/cm2/sr,2015,"{""type"":""MultiPoint"",""coordinates"":[]}"
17_0000000000000000000e,BA03050040,,,,,,,61.05,61,22025.7880014,TASWIL5000020230907KABKOTA,Sintang,,1.78944370224,11.9811145851,4326,4,,,Sintang,Kalimantan Barat,,0,,,2015-06,0.1918822294853784,6,0.1918822294853784,VIIRS DNB,nW/cm2/sr,2015,"{""type"":""MultiPoint"",""coordinates"":[]}"
17_00000000000000000003,BA03050040,,,,,,,61.11,61,4110.12301412,TASWIL5000020230907KABKOTA,Kayong Utara,,0.333972050772,6.99327188474,4326,4,,,Kayong Utara,Kalimantan Barat,,0,Ketapang,,2015-06,0.20778319842924364,6,0.20778319842924364,VIIRS DNB,nW/cm2/sr,2015,"{""type"":""MultiPoint"",""coordinates"":[]}"
17_00000000000000000007,BA03050040,,,,,,,61.12,61,8549.29358265,TASWIL5000020230907KABKOTA,Kubu Raya,,0.694575912143,12.4289126619,4326,4,,,Kubu Raya,Kalimantan Barat,,0,Pontianak,,2015-06,0.3558387542942936,6,0.3558387542942936,VIIRS DNB,nW/cm2/sr,2015,"{""type"":""MultiPoint"",""coordinates"":[]}"
17_00000000000000000008,BA03050040,,,,,,,61.08,61,8430.71056018,TASWIL5000020230907KABKOTA,Landak,,0.684950096963,6.11846983154,4326,4,,,Landak,Kalimantan Barat,,0,Pontianak,,2015-06,0.20899521452939251,6,0.20899521452939251,VIIRS DNB,nW/cm2/sr,2015,"{""type"":""MultiPoint"",""coordinates"":[]}"
17_00000000000000000000,BA03050040,,,,,,,61.07,61,5488.60795319,TASWIL5000020230907KABKOTA,Bengkayang,,0.445970285372,6.02675176554,4326,4,,,Bengkayang,Kalimantan Barat,,0,Sambas,,2015-06,0.20026566362615822,6,0.20026566362615822,VIIRS DNB,nW/cm2/sr,2015,"{""type"":""MultiPoint"",""coordinates"":[]}"
17_0000000000000000000d,BA03050040,,,,,,,61.09,61,5979.04370295,TASWIL5000020230907KABKOTA,Sekadau,,0.485752312966,4.89358511498,4326,4,,,Sekadau,Kalimantan Barat,,0,Sanggau,,2015-06,0.3211076817744054,6,0.3211076817744054,VIIRS DNB,nW/cm2/sr,2015,"{""type"":""MultiPoint"",""coordinates"":[]}"
17_00000000000000000009,BA03050040,,,,,,,61.10,61,10122.5133896,TASWIL5000020230907KABKOTA,Melawi,,0.822418686577,6.18884194372,4326,4,,,Melawi,Kalimantan Barat,,0,Sintang,,2015-06,0.11154629391723228,6,0.11154629391723228,VIIRS DNB,nW/cm2/sr,2015,"{""type"":""MultiPoint"",""coordinates"":[]}"
17_00000000000000000005,BA03050040,,,,,,,61.71,61,118.208752498,TASWIL5000020230907KABKOTA,Kota Pontianak,,0.00960338694431,0.439734620886,4326,5,,,Kota Pontianak,Kalimantan Barat,,0,,,2015-06,14.176523042137653,6,14.176523042137653,VIIRS DNB,nW/cm2/sr,2015,"{""type"":""MultiPoint"",""coordinates"":[]}"
17_00000000000000000006,BA03050040,,,,,,,61.72,61,550.186910141,TASWIL5000020230907KABKOTA,Kota Singkawang,,0.0447029151336,1.23074798661,4326,5,,,Kota Singkawang,Kalimantan Barat,,0,Bengkayang,,2015-06,1.0482329013394316,6,1.0482329013394316,VIIRS DNB,nW/cm2/sr,2015,"{""type"":""MultiPoint"",""coordinates"":[]}"
17_00000000000000000001,BA03050040,,,,,,,,61,0.446818812946,TASWIL5000020230907KABKOTA,Kalimantan Barat,"Berdasarkan Kepmendagri 050-145 Tahun 2022, masuk ke Kalimantan Barat",3.63047728111E-5,0.0520740876463,4326,999,,,,Kalimantan Barat,,0,,,2015-06,0.018247484979908465,6,0.018247484979908465,VIIRS DNB,nW/cm2/sr,2015,"{""type"":""MultiPoint"",""coordinates"":[]}"
18_00000000000000000002,BA03050040,,,,,,,61.06,61,31318.2461503,TASWIL5000020230907KABKOTA,Kapuas Hulu,,2.54462852025,10.3235168378,4326,4,,,Kapuas Hulu,Kalimantan Barat,,0,,,2015-07,0.07998850047368106,7,0.07998850047368106,VIIRS DNB,nW/cm2/sr,2015,"{""type"":""MultiPoint"",""coordinates"":[]}"
18_00000000000000000004,BA03050040,,,,,,,61.04,61,30018.6763396,TASWIL5000020230907KABKOTA,Ketapang,,2.43989292708,13.6255621311,4326,4,,,Ketapang,Kalimantan Barat,,0,,,2015-07,0.08642860883348158,7,0.08642860883348158,VIIRS DNB,nW/cm2/sr,2015,"{""type"":""MultiPoint"",""coordinates"":[]}"
18_0000000000000000000a,BA03050040,,,,,,,61.02,61,1935.41897259,TASWIL5000020230907KABKOTA,Mempawah,,0.157238724723,3.1173764195,4326,4,,,Mempawah,Kalimantan Barat,,0,,,2015-07,0.29709565073445926,7,0.29709565073445926,VIIRS DNB,nW/cm2/sr,2015,"{""type"":""MultiPoint"",""coordinates"":[]}"
18_0000000000000000000b,BA03050040,,,,,,,61.01,61,5937.99495327,TASWIL5000020230907KABKOTA,Sambas,,0.482557384329,4.23082967505,4326,4,,,Sambas,Kalimantan Barat,,0,,,2015-07,0.15486865035877065,7,0.15486865035877065,VIIRS DNB,nW/cm2/sr,2015,"{""type"":""MultiPoint"",""coordinates"":[]}"
18_0000000000000000000c,BA03050040,,,,,,,61.03,61,12452.2241518,TASWIL5000020230907KABKOTA,Sanggau,,1.01166258397,7.65307697656,4326,4,,,Sanggau,Kalimantan Barat,,0,,,2015-07,0.12859028072441697,7,0.12859028072441697,VIIRS DNB,nW/cm2/sr,2015,"{""type"":""MultiPoint"",""coordinates"":[]}"
18_0000000000000000000e,BA03050040,,,,,,,61.05,61,22025.7880014,TASWIL5000020230907KABKOTA,Sintang,,1.78944370224,11.9811145851,4326,4,,,Sintang,Kalimantan Barat,,0,,,2015-07,0.07527815440523342,7,0.07527815440523342,VIIRS DNB,nW/cm2/sr,2015,"{""type"":""MultiPoint"",""coordinates"":[]}"
18_00000000000000000003,BA03050040,,,,,,,61.11,61,4110.12301412,TASWIL5000020230907KABKOTA,Kayong Utara,,0.333972050772,6.99327188474,4326,4,,,Kayong Utara,Kalimantan Barat,,0,Ketapang,,2015-07,0.09907212473327119,7,0.09907212473327119,VIIRS DNB,nW/cm2/sr,2015,"{""type"":""MultiPoint"",""coordinates"":[]}"
18_00000000000000000007,BA03050040,,,,,,,61.12,61,8549.29358265,TASWIL5000020230907KABKOTA,Kubu Raya,,0.694575912143,12.4289126619,4326,4,,,Kubu Raya,Kalimantan Barat,,0,Pontianak,,2015-07,0.2838787273574852,7,0.2838787273574852,VIIRS DNB,nW/cm2/sr,2015,"{""type"":""MultiPoint"",""coordinates"":[]}"
18_00000000000000000008,BA03050040,,,,,,,61.08,61,8430.71056018,TASWIL5000020230907KABKOTA,Landak,,0.684950096963,6.11846983154,4326,4,,,Landak,Kalimantan Barat,,0,Pontianak,,2015-07,0.12373297371793196,7,0.12373297371793196,VIIRS DNB,nW/cm2/sr,2015,"{""type"":""MultiPoint"",""coordinates"":[]}"
18_00000000000000000000,BA03050040,,,,,,,61.07,61,5488.60795319,TASWIL5000020230907KABKOTA,Bengkayang,,0.445970285372,6.02675176554,4326,4,,,Bengkayang,Kalimantan Barat,,0,Sambas,,2015-07,0.11662975374012906,7,0.11662975374012906,VIIRS DNB,nW/cm2/sr,2015,"{""type"":""MultiPoint"",""coordinates"":[]}"
18_0000000000000000000d,BA03050040,,,,,,,61.09,61,5979.04370295,TASWIL5000020230907KABKOTA,Sekadau,,0.485752312966,4.89358511498,4326,4,,,Sekadau,Kalimantan Barat,,0,Sanggau,,2015-07,0.10162006408168578,7,0.10162006408168578,VIIRS DNB,nW/cm2/sr,2015,"{""type"":""MultiPoint"",""coordinates"":[]}"
18_00000000000000000009,BA03050040,,,,,,,61.10,61,10122.5133896,TASWIL5000020230907KABKOTA,Melawi,,0.822418686577,6.18884194372,4326,4,,,Melawi,Kalimantan Barat,,0,Sintang,,2015-07,0.07348224864050912,7,0.07348224864050912,VIIRS DNB,nW/cm2/sr,2015,"{""type"":""MultiPoint"",""coordinates"":[]}"
18_00000000000000000005,BA03050040,,,,,,,61.71,61,118.208752498,TASWIL5000020230907KABKOTA,Kota Pontianak,,0.00960338694431,0.439734620886,4326,5,,,Kota Pontianak,Kalimantan Barat,,0,,,2015-07,11.506721039302503,7,11.506721039302503,VIIRS DNB,nW/cm2/sr,2015,"{""type"":""MultiPoint"",""coordinates"":[]}"
18_00000000000000000006,BA03050040,,,,,,,61.72,61,550.186910141,TASWIL5000020230907KABKOTA,Kota Singkawang,,0.0447029151336,1.23074798661,4326,5,,,Kota Singkawang,Kalimantan Barat,,0,Bengkayang,,2015-07,0.590414499656048,7,0.590414499656048,VIIRS DNB,nW/cm2/sr,2015,"{""type"":""MultiPoint"",""coordinates"":[]}"
18_00000000000000000001,BA03050040,,,,,,,,61,0.446818812946,TASWIL5000020230907KABKOTA,Kalimantan Barat,"Berdasarkan Kepmendagri 050-145 Tahun 2022, masuk ke Kalimantan Barat",3.63047728111E-5,0.0520740876463,4326,999,,,,Kalimantan Barat,,0,,,2015-07,0.0940902524814832,7,0.0940902524814832,VIIRS DNB,nW/cm2/sr,2015,"{""type"":""MultiPoint"",""coordinates"":[]}"
19_00000000000000000002,BA03050040,,,,,,,61.06,61,31318.2461503,TASWIL5000020230907KABKOTA,Kapuas Hulu,,2.54462852025,10.3235168378,4326,4,,,Kapuas Hulu,Kalimantan Barat,,0,,,2015-08,0.12143308207006753,8,0.12143308207006753,VIIRS DNB,nW/cm2/sr,2015,"{""type"":""MultiPoint"",""coordinates"":[]}"
19_00000000000000000004,BA03050040,,,,,,,61.04,61,30018.6763396,TASWIL5000020230907KABKOTA,Ketapang,,2.43989292708,13.6255621311,4326,4,,,Ketapang,Kalimantan Barat,,0,,,2015-08,0.2175363153201227,8,0.2175363153201227,VIIRS DNB,nW/cm2/sr,2015,"{""type"":""MultiPoint"",""coordinates"":[]}"
19_0000000000000000000a,BA03050040,,,,,,,61.02,61,1935.41897259,TASWIL5000020230907KABKOTA,Mempawah,,0.157238724723,3.1173764195,4326,4,,,Mempawah,Kalimantan Barat,,0,,,2015-08,0.26716641244040096,8,0.26716641244040096,VIIRS DNB,nW/cm2/sr,2015,"{""type"":""MultiPoint"",""coordinates"":[]}"
19_0000000000000000000b,BA03050040,,,,,,,61.01,61,5937.99495327,TASWIL5000020230907KABKOTA,Sambas,,0.482557384329,4.23082967505,4326,4,,,Sambas,Kalimantan Barat,,0,,,2015-08,0.1409999727566518,8,0.1409999727566518,VIIRS DNB,nW/cm2/sr,2015,"{""type"":""MultiPoint"",""coordinates"":[]}"
19_0000000000000000000c,BA03050040,,,,,,,61.03,61,12452.2241518,TASWIL5000020230907KABKOTA,Sanggau,,1.01166258397,7.65307697656,4326,4,,,Sanggau,Kalimantan Barat,,0,,,2015-08,0.17971001193091715,8,0.17971001193091715,VIIRS DNB,nW/cm2/sr,2015,"{""type"":""MultiPoint"",""coordinates"":[]}"
19_0000000000000000000e,BA03050040,,,,,,,61.05,61,22025.7880014,TASWIL5000020230907KABKOTA,Sintang,,1.78944370224,11.9811145851,4326,4,,,Sintang,Kalimantan Barat,,0,,,2015-08,0.14000327671123663,8,0.14000327671123663,VIIRS DNB,nW/cm2/sr,2015,"{""type"":""MultiPoint"",""coordinates"":[]}"
19_00000000000000000003,BA03050040,,,,,,,61.11,61,4110.12301412,TASWIL5000020230907KABKOTA,Kayong Utara,,0.333972050772,6.99327188474,4326,4,,,Kayong Utara,Kalimantan Barat,,0,Ketapang,,2015-08,0.2695225564417143,8,0.2695225564417143,VIIRS DNB,nW/cm2/sr,2015,"{""type"":""MultiPoint"",""coordinates"":[]}"
19_00000000000000000007,BA03050040,,,,,,,61.12,61,8549.29358265,TASWIL5000020230907KABKOTA,Kubu Raya,,0.694575912143,12.4289126619,4326,4,,,Kubu Raya,Kalimantan Barat,,0,Pontianak,,2015-08,0.3316892236678888,8,0.3316892236678888,VIIRS DNB,nW/cm2/sr,2015,"{""type"":""MultiPoint"",""coordinates"":[]}"
19_00000000000000000008,BA03050040,,,,,,,61.08,61,8430.71056018,TASWIL5000020230907KABKOTA,Landak,,0.684950096963,6.11846983154,4326,4,,,Landak,Kalimantan Barat,,0,Pontianak,,2015-08,0.12048618730053218,8,0.12048618730053218,VIIRS DNB,nW/cm2/sr,2015,"{""type"":""MultiPoint"",""coordinates"":[]}"
19_00000000000000000000,BA03050040,,,,,,,61.07,61,5488.60795319,TASWIL5000020230907KABKOTA,Bengkayang,,0.445970285372,6.02675176554,4326,4,,,Bengkayang,Kalimantan Barat,,0,Sambas,,2015-08,0.10098912816816354,8,0.10098912816816354,VIIRS DNB,nW/cm2/sr,2015,"{""type"":""MultiPoint"",""coordinates"":[]}"
19_0000000000000000000d,BA03050040,,,,,,,61.09,61,5979.04370295,TASWIL5000020230907KABKOTA,Sekadau,,0.485752312966,4.89358511498,4326,4,,,Sekadau,Kalimantan Barat,,0,Sanggau,,2015-08,0.18040678217752007,8,0.18040678217752007,VIIRS DNB,nW/cm2/sr,2015,"{""type"":""MultiPoint"",""coordinates"":[]}"
19_00000000000000000009,BA03050040,,,,,,,61.10,61,10122.5133896,TASWIL5000020230907KABKOTA,Melawi,,0.822418686577,6.18884194372,4326,4,,,Melawi,Kalimantan Barat,,0,Sintang,,2015-08,0.1467911337103858,8,0.1467911337103858,VIIRS DNB,nW/cm2/sr,2015,"{""type"":""MultiPoint"",""coordinates"":[]}"
19_00000000000000000005,BA03050040,,,,,,,61.71,61,118.208752498,TASWIL5000020230907KABKOTA,Kota Pontianak,,0.00960338694431,0.439734620886,4326,5,,,Kota Pontianak,Kalimantan Barat,,0,,,2015-08,9.715411568986465,8,9.715411568986465,VIIRS DNB,nW/cm2/sr,2015,"{""type"":""MultiPoint"",""coordinates"":[]}"
19_00000000000000000006,BA03050040,,,,,,,61.72,61,550.186910141,TASWIL5000020230907KABKOTA,Kota Singkawang,,0.0447029151336,1.23074798661,4326,5,,,Kota Singkawang,Kalimantan Barat,,0,Bengkayang,,2015-08,0.4836695718165252,8,0.4836695718165252,VIIRS DNB,nW/cm2/sr,2015,"{""type"":""MultiPoint"",""coordinates"":[]}"
19_00000000000000000001,BA03050040,,,,,,,,61,0.446818812946,TASWIL5000020230907KABKOTA,Kalimantan Barat,"Berdasarkan Kepmendagri 050-145 Tahun 2022, masuk ke Kalimantan Barat",3.63047728111E-5,0.0520740876463,4326,999,,,,Kalimantan Barat,,0,,,2015-08,0.2855024346814513,8,0.2855024346814513,VIIRS DNB,nW/cm2/sr,2015,"{""type"":""MultiPoint"",""coordinates"":[]}"
20_00000000000000000002,BA03050040,,,,,,,61.06,61,31318.2461503,TASWIL5000020230907KABKOTA,Kapuas Hulu,,2.54462852025,10.3235168378,4326,4,,,Kapuas Hulu,Kalimantan Barat,,0,,,2015-09,0.0711840825862943,9,0.0711840825862943,VIIRS DNB,nW/cm2/sr,2015,"{""type"":""MultiPoint"",""coordinates"":[]}"
20_00000000000000000004,BA03050040,,,,,,,61.04,61,30018.6763396,TASWIL5000020230907KABKOTA,Ketapang,,2.43989292708,13.6255621311,4326,4,,,Ketapang,Kalimantan Barat,,0,,,2015-09,0.20443199901283782,9,0.20443199901283782,VIIRS DNB,nW/cm2/sr,2015,"{""type"":""MultiPoint"",""coordinates"":[]}"
20_0000000000000000000a,BA03050040,,,,,,,61.02,61,1935.41897259,TASWIL5000020230907KABKOTA,Mempawah,,0.157238724723,3.1173764195,4326,4,,,Mempawah,Kalimantan Barat,,0,,,2015-09,0.449720528411629,9,0.449720528411629,VIIRS DNB,nW/cm2/sr,2015,"{""type"":""MultiPoint"",""coordinates"":[]}"
20_0000000000000000000b,BA03050040,,,,,,,61.01,61,5937.99495327,TASWIL5000020230907KABKOTA,Sambas,,0.482557384329,4.23082967505,4326,4,,,Sambas,Kalimantan Barat,,0,,,2015-09,0.20779165332708419,9,0.20779165332708419,VIIRS DNB,nW/cm2/sr,2015,"{""type"":""MultiPoint"",""coordinates"":[]}"
20_0000000000000000000c,BA03050040,,,,,,,61.03,61,12452.2241518,TASWIL5000020230907KABKOTA,Sanggau,,1.01166258397,7.65307697656,4326,4,,,Sanggau,Kalimantan Barat,,0,,,2015-09,0.15221591895582776,9,0.15221591895582776,VIIRS DNB,nW/cm2/sr,2015,"{""type"":""MultiPoint"",""coordinates"":[]}"
20_0000000000000000000e,BA03050040,,,,,,,61.05,61,22025.7880014,TASWIL5000020230907KABKOTA,Sintang,,1.78944370224,11.9811145851,4326,4,,,Sintang,Kalimantan Barat,,0,,,2015-09,0.16475642041676225,9,0.16475642041676225,VIIRS DNB,nW/cm2/sr,2015,"{""type"":""MultiPoint"",""coordinates"":[]}"
20_00000000000000000003,BA03050040,,,,,,,61.11,61,4110.12301412,TASWIL5000020230907KABKOTA,Kayong Utara,,0.333972050772,6.99327188474,4326,4,,,Kayong Utara,Kalimantan Barat,,0,Ketapang,,2015-09,0.22440424767145875,9,0.22440424767145875,VIIRS DNB,nW/cm2/sr,2015,"{""type"":""MultiPoint"",""coordinates"":[]}"
20_00000000000000000007,BA03050040,,,,,,,61.12,61,8549.29358265,TASWIL5000020230907KABKOTA,Kubu Raya,,0.694575912143,12.4289126619,4326,4,,,Kubu Raya,Kalimantan Barat,,0,Pontianak,,2015-09,0.73308847676628,9,0.73308847676628,VIIRS DNB,nW/cm2/sr,2015,"{""type"":""MultiPoint"",""coordinates"":[]}"
20_00000000000000000008,BA03050040,,,,,,,61.08,61,8430.71056018,TASWIL5000020230907KABKOTA,Landak,,0.684950096963,6.11846983154,4326,4,,,Landak,Kalimantan Barat,,0,Pontianak,,2015-09,0.17203210142426612,9,0.17203210142426612,VIIRS DNB,nW/cm2/sr,2015,"{""type"":""MultiPoint"",""coordinates"":[]}"
20_00000000000000000000,BA03050040,,,,,,,61.07,61,5488.60795319,TASWIL5000020230907KABKOTA,Bengkayang,,0.445970285372,6.02675176554,4326,4,,,Bengkayang,Kalimantan Barat,,0,Sambas,,2015-09,0.19306088862960183,9,0.19306088862960183,VIIRS DNB,nW/cm2/sr,2015,"{""type"":""MultiPoint"",""coordinates"":[]}"
20_0000000000000000000d,BA03050040,,,,,,,61.09,61,5979.04370295,TASWIL5000020230907KABKOTA,Sekadau,,0.485752312966,4.89358511498,4326,4,,,Sekadau,Kalimantan Barat,,0,Sanggau,,2015-09,0.11730006312575873,9,0.11730006312575873,VIIRS DNB,nW/cm2/sr,2015,"{""type"":""MultiPoint"",""coordinates"":[]}"
20_00000000000000000009,BA03050040,,,,,,,61.10,61,10122.5133896,TASWIL5000020230907KABKOTA,Melawi,,0.822418686577,6.18884194372,4326,4,,,Melawi,Kalimantan Barat,,0,Sintang,,2015-09,0.1618388533447843,9,0.1618388533447843,VIIRS DNB,nW/cm2/sr,2015,"{""type"":""MultiPoint"",""coordinates"":[]}"
20_00000000000000000005,BA03050040,,,,,,,61.71,61,118.208752498,TASWIL5000020230907KABKOTA,Kota Pontianak,,0.00960338694431,0.439734620886,4326,5,,,Kota Pontianak,Kalimantan Barat,,0,,,2015-09,6.573853808423699,9,6.573853808423699,VIIRS DNB,nW/cm2/sr,2015,"{""type"":""MultiPoint"",""coordinates"":[]}"
20_00000000000000000006,BA03050040,,,,,,,61.72,61,550.186910141,TASWIL5000020230907KABKOTA,Kota Singkawang,,0.0447029151336,1.23074798661,4326,5,,,Kota Singkawang,Kalimantan Barat,,0,Bengkayang,,2015-09,0.5316840269883999,9,0.5316840269883999,VIIRS DNB,nW/cm2/sr,2015,"{""type"":""MultiPoint"",""coordinates"":[]}"
20_00000000000000000001,BA03050040,,,,,,,,61,0.446818812946,TASWIL5000020230907KABKOTA,Kalimantan Barat,"Berdasarkan Kepmendagri 050-145 Tahun 2022, masuk ke Kalimantan Barat",3.63047728111E-5,0.0520740876463,4326,999,,,,Kalimantan Barat,,0,,,2015-09,0.07943808782853962,9,0.07943808782853962,VIIRS DNB,nW/cm2/sr,2015,"{""type"":""MultiPoint"",""coordinates"":[]}"
21_00000000000000000002,BA03050040,,,,,,,61.06,61,31318.2461503,TASWIL5000020230907KABKOTA,Kapuas Hulu,,2.54462852025,10.3235168378,4326,4,,,Kapuas Hulu,Kalimantan Barat,,0,,,2015-10,0.09605235247360877,10,0.09605235247360877,VIIRS DNB,nW/cm2/sr,2015,"{""type"":""MultiPoint"",""coordinates"":[]}"
21_00000000000000000004,BA03050040,,,,,,,61.04,61,30018.6763396,TASWIL5000020230907KABKOTA,Ketapang,,2.43989292708,13.6255621311,4326,4,,,Ketapang,Kalimantan Barat,,0,,,2015-10,0.09934373837741821,10,0.09934373837741821,VIIRS DNB,nW/cm2/sr,2015,"{""type"":""MultiPoint"",""coordinates"":[]}"
21_0000000000000000000a,BA03050040,,,,,,,61.02,61,1935.41897259,TASWIL5000020230907KABKOTA,Mempawah,,0.157238724723,3.1173764195,4326,4,,,Mempawah,Kalimantan Barat,,0,,,2015-10,0.2158043345580047,10,0.2158043345580047,VIIRS DNB,nW/cm2/sr,2015,"{""type"":""MultiPoint"",""coordinates"":[]}"
21_0000000000000000000b,BA03050040,,,,,,,61.01,61,5937.99495327,TASWIL5000020230907KABKOTA,Sambas,,0.482557384329,4.23082967505,4326,4,,,Sambas,Kalimantan Barat,,0,,,2015-10,0.10139226195175835,10,0.10139226195175835,VIIRS DNB,nW/cm2/sr,2015,"{""type"":""MultiPoint"",""coordinates"":[]}"
21_0000000000000000000c,BA03050040,,,,,,,61.03,61,12452.2241518,TASWIL5000020230907KABKOTA,Sanggau,,1.01166258397,7.65307697656,4326,4,,,Sanggau,Kalimantan Barat,,0,,,2015-10,0.09965462815709628,10,0.09965462815709628,VIIRS DNB,nW/cm2/sr,2015,"{""type"":""MultiPoint"",""coordinates"":[]}"
21_0000000000000000000e,BA03050040,,,,,,,61.05,61,22025.7880014,TASWIL5000020230907KABKOTA,Sintang,,1.78944370224,11.9811145851,4326,4,,,Sintang,Kalimantan Barat,,0,,,2015-10,0.10009610369045223,10,0.10009610369045223,VIIRS DNB,nW/cm2/sr,2015,"{""type"":""MultiPoint"",""coordinates"":[]}"
21_00000000000000000003,BA03050040,,,,,,,61.11,61,4110.12301412,TASWIL5000020230907KABKOTA,Kayong Utara,,0.333972050772,6.99327188474,4326,4,,,Kayong Utara,Kalimantan Barat,,0,Ketapang,,2015-10,0.11545089439908253,10,0.11545089439908253,VIIRS DNB,nW/cm2/sr,2015,"{""type"":""MultiPoint"",""coordinates"":[]}"
21_00000000000000000007,BA03050040,,,,,,,61.12,61,8549.29358265,TASWIL5000020230907KABKOTA,Kubu Raya,,0.694575912143,12.4289126619,4326,4,,,Kubu Raya,Kalimantan Barat,,0,Pontianak,,2015-10,0.18723535704602268,10,0.18723535704602268,VIIRS DNB,nW/cm2/sr,2015,"{""type"":""MultiPoint"",""coordinates"":[]}"
21_00000000000000000008,BA03050040,,,,,,,61.08,61,8430.71056018,TASWIL5000020230907KABKOTA,Landak,,0.684950096963,6.11846983154,4326,4,,,Landak,Kalimantan Barat,,0,Pontianak,,2015-10,0.11170852874246669,10,0.11170852874246669,VIIRS DNB,nW/cm2/sr,2015,"{""type"":""MultiPoint"",""coordinates"":[]}"
21_00000000000000000000,BA03050040,,,,,,,61.07,61,5488.60795319,TASWIL5000020230907KABKOTA,Bengkayang,,0.445970285372,6.02675176554,4326,4,,,Bengkayang,Kalimantan Barat,,0,Sambas,,2015-10,0.09816430204493347,10,0.09816430204493347,VIIRS DNB,nW/cm2/sr,2015,"{""type"":""MultiPoint"",""coordinates"":[]}"
21_0000000000000000000d,BA03050040,,,,,,,61.09,61,5979.04370295,TASWIL5000020230907KABKOTA,Sekadau,,0.485752312966,4.89358511498,4326,4,,,Sekadau,Kalimantan Barat,,0,Sanggau,,2015-10,0.08350555694163203,10,0.08350555694163203,VIIRS DNB,nW/cm2/sr,2015,"{""type"":""MultiPoint"",""coordinates"":[]}"
21_00000000000000000009,BA03050040,,,,,,,61.10,61,10122.5133896,TASWIL5000020230907KABKOTA,Melawi,,0.822418686577,6.18884194372,4326,4,,,Melawi,Kalimantan Barat,,0,Sintang,,2015-10,0.08593282541861763,10,0.08593282541861763,VIIRS DNB,nW/cm2/sr,2015,"{""type"":""MultiPoint"",""coordinates"":[]}"
21_00000000000000000005,BA03050040,,,,,,,61.71,61,118.208752498,TASWIL5000020230907KABKOTA,Kota Pontianak,,0.00960338694431,0.439734620886,4326,5,,,Kota Pontianak,Kalimantan Barat,,0,,,2015-10,5.467421782545163,10,5.467421782545163,VIIRS DNB,nW/cm2/sr,2015,"{""type"":""MultiPoint"",""coordinates"":[]}"
21_00000000000000000006,BA03050040,,,,,,,61.72,61,550.186910141,TASWIL5000020230907KABKOTA,Kota Singkawang,,0.0447029151336,1.23074798661,4326,5,,,Kota Singkawang,Kalimantan Barat,,0,Bengkayang,,2015-10,0.3607829415853909,10,0.3607829415853909,VIIRS DNB,nW/cm2/sr,2015,"{""type"":""MultiPoint"",""coordinates"":[]}"
21_00000000000000000001,BA03050040,,,,,,,,61,0.446818812946,TASWIL5000020230907KABKOTA,Kalimantan Barat,"Berdasarkan Kepmendagri 050-145 Tahun 2022, masuk ke Kalimantan Barat",3.63047728111E-5,0.0520740876463,4326,999,,,,Kalimantan Barat,,0,,,2015-10,0.1509141647226072,10,0.1509141647226072,VIIRS DNB,nW/cm2/sr,2015,"{""type"":""MultiPoint"",""coordinates"":[]}"
22_00000000000000000002,BA03050040,,,,,,,61.06,61,31318.2461503,TASWIL5000020230907KABKOTA,Kapuas Hulu,,2.54462852025,10.3235168378,4326,4,,,Kapuas Hulu,Kalimantan Barat,,0,,,2015-11,-0.007439073271978184,11,-0.007439073271978184,VIIRS DNB,nW/cm2/sr,2015,"{""type"":""MultiPoint"",""coordinates"":[]}"
22_00000000000000000004,BA03050040,,,,,,,61.04,61,30018.6763396,TASWIL5000020230907KABKOTA,Ketapang,,2.43989292708,13.6255621311,4326,4,,,Ketapang,Kalimantan Barat,,0,,,2015-11,0.0351853592555761,11,0.0351853592555761,VIIRS DNB,nW/cm2/sr,2015,"{""type"":""MultiPoint"",""coordinates"":[]}"
22_0000000000000000000a,BA03050040,,,,,,,61.02,61,1935.41897259,TASWIL5000020230907KABKOTA,Mempawah,,0.157238724723,3.1173764195,4326,4,,,Mempawah,Kalimantan Barat,,0,,,2015-11,0.16621445611268762,11,0.16621445611268762,VIIRS DNB,nW/cm2/sr,2015,"{""type"":""MultiPoint"",""coordinates"":[]}"
22_0000000000000000000b,BA03050040,,,,,,,61.01,61,5937.99495327,TASWIL5000020230907KABKOTA,Sambas,,0.482557384329,4.23082967505,4326,4,,,Sambas,Kalimantan Barat,,0,,,2015-11,0.027436452270368072,11,0.027436452270368072,VIIRS DNB,nW/cm2/sr,2015,"{""type"":""MultiPoint"",""coordinates"":[]}"
22_0000000000000000000c,BA03050040,,,,,,,61.03,61,12452.2241518,TASWIL5000020230907KABKOTA,Sanggau,,1.01166258397,7.65307697656,4326,4,,,Sanggau,Kalimantan Barat,,0,,,2015-11,-0.005727381890136898,11,-0.005727381890136898,VIIRS DNB,nW/cm2/sr,2015,"{""type"":""MultiPoint"",""coordinates"":[]}"
22_0000000000000000000e,BA03050040,,,,,,,61.05,61,22025.7880014,TASWIL5000020230907KABKOTA,Sintang,,1.78944370224,11.9811145851,4326,4,,,Sintang,Kalimantan Barat,,0,,,2015-11,-0.01955538784840693,11,-0.01955538784840693,VIIRS DNB,nW/cm2/sr,2015,"{""type"":""MultiPoint"",""coordinates"":[]}"
22_00000000000000000003,BA03050040,,,,,,,61.11,61,4110.12301412,TASWIL5000020230907KABKOTA,Kayong Utara,,0.333972050772,6.99327188474,4326,4,,,Kayong Utara,Kalimantan Barat,,0,Ketapang,,2015-11,0.007882850798689653,11,0.007882850798689653,VIIRS DNB,nW/cm2/sr,2015,"{""type"":""MultiPoint"",""coordinates"":[]}"
22_00000000000000000007,BA03050040,,,,,,,61.12,61,8549.29358265,TASWIL5000020230907KABKOTA,Kubu Raya,,0.694575912143,12.4289126619,4326,4,,,Kubu Raya,Kalimantan Barat,,0,Pontianak,,2015-11,0.1079524405604116,11,0.1079524405604116,VIIRS DNB,nW/cm2/sr,2015,"{""type"":""MultiPoint"",""coordinates"":[]}"
22_00000000000000000008,BA03050040,,,,,,,61.08,61,8430.71056018,TASWIL5000020230907KABKOTA,Landak,,0.684950096963,6.11846983154,4326,4,,,Landak,Kalimantan Barat,,0,Pontianak,,2015-11,-0.023099350641429827,11,-0.023099350641429827,VIIRS DNB,nW/cm2/sr,2015,"{""type"":""MultiPoint"",""coordinates"":[]}"
22_00000000000000000000,BA03050040,,,,,,,61.07,61,5488.60795319,TASWIL5000020230907KABKOTA,Bengkayang,,0.445970285372,6.02675176554,4326,4,,,Bengkayang,Kalimantan Barat,,0,Sambas,,2015-11,-0.007783523861774139,11,-0.007783523861774139,VIIRS DNB,nW/cm2/sr,2015,"{""type"":""MultiPoint"",""coordinates"":[]}"
22_0000000000000000000d,BA03050040,,,,,,,61.09,61,5979.04370295,TASWIL5000020230907KABKOTA,Sekadau,,0.485752312966,4.89358511498,4326,4,,,Sekadau,Kalimantan Barat,,0,Sanggau,,2015-11,-0.015507965826692817,11,-0.015507965826692817,VIIRS DNB,nW/cm2/sr,2015,"{""type"":""MultiPoint"",""coordinates"":[]}"
22_00000000000000000009,BA03050040,,,,,,,61.10,61,10122.5133896,TASWIL5000020230907KABKOTA,Melawi,,0.822418686577,6.18884194372,4326,4,,,Melawi,Kalimantan Barat,,0,Sintang,,2015-11,0.003727972705979394,11,0.003727972705979394,VIIRS DNB,nW/cm2/sr,2015,"{""type"":""MultiPoint"",""coordinates"":[]}"
22_00000000000000000005,BA03050040,,,,,,,61.71,61,118.208752498,TASWIL5000020230907KABKOTA,Kota Pontianak,,0.00960338694431,0.439734620886,4326,5,,,Kota Pontianak,Kalimantan Barat,,0,,,2015-11,9.190096070369663,11,9.190096070369663,VIIRS DNB,nW/cm2/sr,2015,"{""type"":""MultiPoint"",""coordinates"":[]}"
22_00000000000000000006,BA03050040,,,,,,,61.72,61,550.186910141,TASWIL5000020230907KABKOTA,Kota Singkawang,,0.0447029151336,1.23074798661,4326,5,,,Kota Singkawang,Kalimantan Barat,,0,Bengkayang,,2015-11,0.5279437223641157,11,0.5279437223641157,VIIRS DNB,nW/cm2/sr,2015,"{""type"":""MultiPoint"",""coordinates"":[]}"
22_00000000000000000001,BA03050040,,,,,,,,61,0.446818812946,TASWIL5000020230907KABKOTA,Kalimantan Barat,"Berdasarkan Kepmendagri 050-145 Tahun 2022, masuk ke Kalimantan Barat",3.63047728111E-5,0.0520740876463,4326,999,,,,Kalimantan Barat,,0,,,2015-11,0.03505433129175478,11,0.03505433129175478,VIIRS DNB,nW/cm2/sr,2015,"{""type"":""MultiPoint"",""coordinates"":[]}"
23_00000000000000000002,BA03050040,,,,,,,61.06,61,31318.2461503,TASWIL5000020230907KABKOTA,Kapuas Hulu,,2.54462852025,10.3235168378,4326,4,,,Kapuas Hulu,Kalimantan Barat,,0,,,2015-12,0.052624763620612275,12,0.052624763620612275,VIIRS DNB,nW/cm2/sr,2015,"{""type"":""MultiPoint"",""coordinates"":[]}"
23_00000000000000000004,BA03050040,,,,,,,61.04,61,30018.6763396,TASWIL5000020230907KABKOTA,Ketapang,,2.43989292708,13.6255621311,4326,4,,,Ketapang,Kalimantan Barat,,0,,,2015-12,0.042873170055496033,12,0.042873170055496033,VIIRS DNB,nW/cm2/sr,2015,"{""type"":""MultiPoint"",""coordinates"":[]}"
23_0000000000000000000a,BA03050040,,,,,,,61.02,61,1935.41897259,TASWIL5000020230907KABKOTA,Mempawah,,0.157238724723,3.1173764195,4326,4,,,Mempawah,Kalimantan Barat,,0,,,2015-12,0.2252700174284477,12,0.2252700174284477,VIIRS DNB,nW/cm2/sr,2015,"{""type"":""MultiPoint"",""coordinates"":[]}"
23_0000000000000000000b,BA03050040,,,,,,,61.01,61,5937.99495327,TASWIL5000020230907KABKOTA,Sambas,,0.482557384329,4.23082967505,4326,4,,,Sambas,Kalimantan Barat,,0,,,2015-12,0.04233210075315456,12,0.04233210075315456,VIIRS DNB,nW/cm2/sr,2015,"{""type"":""MultiPoint"",""coordinates"":[]}"
23_0000000000000000000c,BA03050040,,,,,,,61.03,61,12452.2241518,TASWIL5000020230907KABKOTA,Sanggau,,1.01166258397,7.65307697656,4326,4,,,Sanggau,Kalimantan Barat,,0,,,2015-12,0.09477891082194674,12,0.09477891082194674,VIIRS DNB,nW/cm2/sr,2015,"{""type"":""MultiPoint"",""coordinates"":[]}"
23_0000000000000000000e,BA03050040,,,,,,,61.05,61,22025.7880014,TASWIL5000020230907KABKOTA,Sintang,,1.78944370224,11.9811145851,4326,4,,,Sintang,Kalimantan Barat,,0,,,2015-12,0.03965386172215534,12,0.03965386172215534,VIIRS DNB,nW/cm2/sr,2015,"{""type"":""MultiPoint"",""coordinates"":[]}"
23_00000000000000000003,BA03050040,,,,,,,61.11,61,4110.12301412,TASWIL5000020230907KABKOTA,Kayong Utara,,0.333972050772,6.99327188474,4326,4,,,Kayong Utara,Kalimantan Barat,,0,Ketapang,,2015-12,0.039789593222814924,12,0.039789593222814924,VIIRS DNB,nW/cm2/sr,2015,"{""type"":""MultiPoint"",""coordinates"":[]}"
23_00000000000000000007,BA03050040,,,,,,,61.12,61,8549.29358265,TASWIL5000020230907KABKOTA,Kubu Raya,,0.694575912143,12.4289126619,4326,4,,,Kubu Raya,Kalimantan Barat,,0,Pontianak,,2015-12,0.18665931008232817,12,0.18665931008232817,VIIRS DNB,nW/cm2/sr,2015,"{""type"":""MultiPoint"",""coordinates"":[]}"
23_00000000000000000008,BA03050040,,,,,,,61.08,61,8430.71056018,TASWIL5000020230907KABKOTA,Landak,,0.684950096963,6.11846983154,4326,4,,,Landak,Kalimantan Barat,,0,Pontianak,,2015-12,0.09282932409711822,12,0.09282932409711822,VIIRS DNB,nW/cm2/sr,2015,"{""type"":""MultiPoint"",""coordinates"":[]}"
23_00000000000000000000,BA03050040,,,,,,,61.07,61,5488.60795319,TASWIL5000020230907KABKOTA,Bengkayang,,0.445970285372,6.02675176554,4326,4,,,Bengkayang,Kalimantan Barat,,0,Sambas,,2015-12,0.05703316458844381,12,0.05703316458844381,VIIRS DNB,nW/cm2/sr,2015,"{""type"":""MultiPoint"",""coordinates"":[]}"
23_0000000000000000000d,BA03050040,,,,,,,61.09,61,5979.04370295,TASWIL5000020230907KABKOTA,Sekadau,,0.485752312966,4.89358511498,4326,4,,,Sekadau,Kalimantan Barat,,0,Sanggau,,2015-12,0.07893444348384404,12,0.07893444348384404,VIIRS DNB,nW/cm2/sr,2015,"{""type"":""MultiPoint"",""coordinates"":[]}"
23_00000000000000000009,BA03050040,,,,,,,61.10,61,10122.5133896,TASWIL5000020230907KABKOTA,Melawi,,0.822418686577,6.18884194372,4326,4,,,Melawi,Kalimantan Barat,,0,Sintang,,2015-12,0.09491027579222498,12,0.09491027579222498,VIIRS DNB,nW/cm2/sr,2015,"{""type"":""MultiPoint"",""coordinates"":[]}"
23_00000000000000000005,BA03050040,,,,,,,61.71,61,118.208752498,TASWIL5000020230907KABKOTA,Kota Pontianak,,0.00960338694431,0.439734620886,4326,5,,,Kota Pontianak,Kalimantan Barat,,0,,,2015-12,10.30329287496349,12,10.30329287496349,VIIRS DNB,nW/cm2/sr,2015,"{""type"":""MultiPoint"",""coordinates"":[]}"
23_00000000000000000006,BA03050040,,,,,,,61.72,61,550.186910141,TASWIL5000020230907KABKOTA,Kota Singkawang,,0.0447029151336,1.23074798661,4326,5,,,Kota Singkawang,Kalimantan Barat,,0,Bengkayang,,2015-12,0.4047390237791759,12,0.4047390237791759,VIIRS DNB,nW/cm2/sr,2015,"{""type"":""MultiPoint"",""coordinates"":[]}"
23_00000000000000000001,BA03050040,,,,,,,,61,0.446818812946,TASWIL5000020230907KABKOTA,Kalimantan Barat,"Berdasarkan Kepmendagri 050-145 Tahun 2022, masuk ke Kalimantan Barat",3.63047728111E-5,0.0520740876463,4326,999,,,,Kalimantan Barat,,0,,,2015-12,0.060614604420680354,12,0.060614604420680354,VIIRS DNB,nW/cm2/sr,2015,"{""type"":""MultiPoint"",""coordinates"":[]}"
24_00000000000000000002,BA03050040,,,,,,,61.06,61,31318.2461503,TASWIL5000020230907KABKOTA,Kapuas Hulu,,2.54462852025,10.3235168378,4326,4,,,Kapuas Hulu,Kalimantan Barat,,0,,,2016-01,-0.03831009854494824,1,-0.03831009854494824,VIIRS DNB,nW/cm2/sr,2016,"{""type"":""MultiPoint"",""coordinates"":[]}"
24_00000000000000000004,BA03050040,,,,,,,61.04,61,30018.6763396,TASWIL5000020230907KABKOTA,Ketapang,,2.43989292708,13.6255621311,4326,4,,,Ketapang,Kalimantan Barat,,0,,,2016-01,-0.06808739443884908,1,-0.06808739443884908,VIIRS DNB,nW/cm2/sr,2016,"{""type"":""MultiPoint"",""coordinates"":[]}"
24_0000000000000000000a,BA03050040,,,,,,,61.02,61,1935.41897259,TASWIL5000020230907KABKOTA,Mempawah,,0.157238724723,3.1173764195,4326,4,,,Mempawah,Kalimantan Barat,,0,,,2016-01,0.10610310789568367,1,0.10610310789568367,VIIRS DNB,nW/cm2/sr,2016,"{""type"":""MultiPoint"",""coordinates"":[]}"
24_0000000000000000000b,BA03050040,,,,,,,61.01,61,5937.99495327,TASWIL5000020230907KABKOTA,Sambas,,0.482557384329,4.23082967505,4326,4,,,Sambas,Kalimantan Barat,,0,,,2016-01,-0.04222965243957368,1,-0.04222965243957368,VIIRS DNB,nW/cm2/sr,2016,"{""type"":""MultiPoint"",""coordinates"":[]}"
24_0000000000000000000c,BA03050040,,,,,,,61.03,61,12452.2241518,TASWIL5000020230907KABKOTA,Sanggau,,1.01166258397,7.65307697656,4326,4,,,Sanggau,Kalimantan Barat,,0,,,2016-01,-0.04100409695224921,1,-0.04100409695224921,VIIRS DNB,nW/cm2/sr,2016,"{""type"":""MultiPoint"",""coordinates"":[]}"
24_0000000000000000000e,BA03050040,,,,,,,61.05,61,22025.7880014,TASWIL5000020230907KABKOTA,Sintang,,1.78944370224,11.9811145851,4326,4,,,Sintang,Kalimantan Barat,,0,,,2016-01,-0.04939466950336742,1,-0.04939466950336742,VIIRS DNB,nW/cm2/sr,2016,"{""type"":""MultiPoint"",""coordinates"":[]}"
24_00000000000000000003,BA03050040,,,,,,,61.11,61,4110.12301412,TASWIL5000020230907KABKOTA,Kayong Utara,,0.333972050772,6.99327188474,4326,4,,,Kayong Utara,Kalimantan Barat,,0,Ketapang,,2016-01,-0.035937336473202484,1,-0.035937336473202484,VIIRS DNB,nW/cm2/sr,2016,"{""type"":""MultiPoint"",""coordinates"":[]}"
24_00000000000000000007,BA03050040,,,,,,,61.12,61,8549.29358265,TASWIL5000020230907KABKOTA,Kubu Raya,,0.694575912143,12.4289126619,4326,4,,,Kubu Raya,Kalimantan Barat,,0,Pontianak,,2016-01,0.048555130841937716,1,0.048555130841937716,VIIRS DNB,nW/cm2/sr,2016,"{""type"":""MultiPoint"",""coordinates"":[]}"
24_00000000000000000008,BA03050040,,,,,,,61.08,61,8430.71056018,TASWIL5000020230907KABKOTA,Landak,,0.684950096963,6.11846983154,4326,4,,,Landak,Kalimantan Barat,,0,Pontianak,,2016-01,-0.05636431730067048,1,-0.05636431730067048,VIIRS DNB,nW/cm2/sr,2016,"{""type"":""MultiPoint"",""coordinates"":[]}"
24_00000000000000000000,BA03050040,,,,,,,61.07,61,5488.60795319,TASWIL5000020230907KABKOTA,Bengkayang,,0.445970285372,6.02675176554,4326,4,,,Bengkayang,Kalimantan Barat,,0,Sambas,,2016-01,-0.0630777080557889,1,-0.0630777080557889,VIIRS DNB,nW/cm2/sr,2016,"{""type"":""MultiPoint"",""coordinates"":[]}"
24_0000000000000000000d,BA03050040,,,,,,,61.09,61,5979.04370295,TASWIL5000020230907KABKOTA,Sekadau,,0.485752312966,4.89358511498,4326,4,,,Sekadau,Kalimantan Barat,,0,Sanggau,,2016-01,-0.059234748291029114,1,-0.059234748291029114,VIIRS DNB,nW/cm2/sr,2016,"{""type"":""MultiPoint"",""coordinates"":[]}"
24_00000000000000000009,BA03050040,,,,,,,61.10,61,10122.5133896,TASWIL5000020230907KABKOTA,Melawi,,0.822418686577,6.18884194372,4326,4,,,Melawi,Kalimantan Barat,,0,Sintang,,2016-01,-0.07128510335213313,1,-0.07128510335213313,VIIRS DNB,nW/cm2/sr,2016,"{""type"":""MultiPoint"",""coordinates"":[]}"
24_00000000000000000005,BA03050040,,,,,,,61.71,61,118.208752498,TASWIL5000020230907KABKOTA,Kota Pontianak,,0.00960338694431,0.439734620886,4326,5,,,Kota Pontianak,Kalimantan Barat,,0,,,2016-01,6.415008694095821,1,6.415008694095821,VIIRS DNB,nW/cm2/sr,2016,"{""type"":""MultiPoint"",""coordinates"":[]}"
24_00000000000000000006,BA03050040,,,,,,,61.72,61,550.186910141,TASWIL5000020230907KABKOTA,Kota Singkawang,,0.0447029151336,1.23074798661,4326,5,,,Kota Singkawang,Kalimantan Barat,,0,Bengkayang,,2016-01,0.3615114594626954,1,0.3615114594626954,VIIRS DNB,nW/cm2/sr,2016,"{""type"":""MultiPoint"",""coordinates"":[]}"
24_00000000000000000001,BA03050040,,,,,,,,61,0.446818812946,TASWIL5000020230907KABKOTA,Kalimantan Barat,"Berdasarkan Kepmendagri 050-145 Tahun 2022, masuk ke Kalimantan Barat",3.63047728111E-5,0.0520740876463,4326,999,,,,Kalimantan Barat,,0,,,2016-01,-0.03722455644482546,1,-0.03722455644482546,VIIRS DNB,nW/cm2/sr,2016,"{""type"":""MultiPoint"",""coordinates"":[]}"
25_00000000000000000002,BA03050040,,,,,,,61.06,61,31318.2461503,TASWIL5000020230907KABKOTA,Kapuas Hulu,,2.54462852025,10.3235168378,4326,4,,,Kapuas Hulu,Kalimantan Barat,,0,,,2016-02,-0.014203722333742187,2,-0.014203722333742187,VIIRS DNB,nW/cm2/sr,2016,"{""type"":""MultiPoint"",""coordinates"":[]}"
25_00000000000000000004,BA03050040,,,,,,,61.04,61,30018.6763396,TASWIL5000020230907KABKOTA,Ketapang,,2.43989292708,13.6255621311,4326,4,,,Ketapang,Kalimantan Barat,,0,,,2016-02,-0.031992724252795195,2,-0.031992724252795195,VIIRS DNB,nW/cm2/sr,2016,"{""type"":""MultiPoint"",""coordinates"":[]}"
25_0000000000000000000a,BA03050040,,,,,,,61.02,61,1935.41897259,TASWIL5000020230907KABKOTA,Mempawah,,0.157238724723,3.1173764195,4326,4,,,Mempawah,Kalimantan Barat,,0,,,2016-02,-9.13177843655912E-4,2,-9.13177843655912E-4,VIIRS DNB,nW/cm2/sr,2016,"{""type"":""MultiPoint"",""coordinates"":[]}"
25_0000000000000000000b,BA03050040,,,,,,,61.01,61,5937.99495327,TASWIL5000020230907KABKOTA,Sambas,,0.482557384329,4.23082967505,4326,4,,,Sambas,Kalimantan Barat,,0,,,2016-02,-0.034362457550399274,2,-0.034362457550399274,VIIRS DNB,nW/cm2/sr,2016,"{""type"":""MultiPoint"",""coordinates"":[]}"
25_0000000000000000000c,BA03050040,,,,,,,61.03,61,12452.2241518,TASWIL5000020230907KABKOTA,Sanggau,,1.01166258397,7.65307697656,4326,4,,,Sanggau,Kalimantan Barat,,0,,,2016-02,-0.013064419317791589,2,-0.013064419317791589,VIIRS DNB,nW/cm2/sr,2016,"{""type"":""MultiPoint"",""coordinates"":[]}"
25_0000000000000000000e,BA03050040,,,,,,,61.05,61,22025.7880014,TASWIL5000020230907KABKOTA,Sintang,,1.78944370224,11.9811145851,4326,4,,,Sintang,Kalimantan Barat,,0,,,2016-02,-0.017017387689888093,2,-0.017017387689888093,VIIRS DNB,nW/cm2/sr,2016,"{""type"":""MultiPoint"",""coordinates"":[]}"
25_00000000000000000003,BA03050040,,,,,,,61.11,61,4110.12301412,TASWIL5000020230907KABKOTA,Kayong Utara,,0.333972050772,6.99327188474,4326,4,,,Kayong Utara,Kalimantan Barat,,0,Ketapang,,2016-02,-0.02359837166805598,2,-0.02359837166805598,VIIRS DNB,nW/cm2/sr,2016,"{""type"":""MultiPoint"",""coordinates"":[]}"
25_00000000000000000007,BA03050040,,,,,,,61.12,61,8549.29358265,TASWIL5000020230907KABKOTA,Kubu Raya,,0.694575912143,12.4289126619,4326,4,,,Kubu Raya,Kalimantan Barat,,0,Pontianak,,2016-02,-0.0034104217453687635,2,-0.0034104217453687635,VIIRS DNB,nW/cm2/sr,2016,"{""type"":""MultiPoint"",""coordinates"":[]}"
25_00000000000000000008,BA03050040,,,,,,,61.08,61,8430.71056018,TASWIL5000020230907KABKOTA,Landak,,0.684950096963,6.11846983154,4326,4,,,Landak,Kalimantan Barat,,0,Pontianak,,2016-02,-0.016099693033726565,2,-0.016099693033726565,VIIRS DNB,nW/cm2/sr,2016,"{""type"":""MultiPoint"",""coordinates"":[]}"
25_00000000000000000000,BA03050040,,,,,,,61.07,61,5488.60795319,TASWIL5000020230907KABKOTA,Bengkayang,,0.445970285372,6.02675176554,4326,4,,,Bengkayang,Kalimantan Barat,,0,Sambas,,2016-02,-0.0016258322827411105,2,-0.0016258322827411105,VIIRS DNB,nW/cm2/sr,2016,"{""type"":""MultiPoint"",""coordinates"":[]}"
25_0000000000000000000d,BA03050040,,,,,,,61.09,61,5979.04370295,TASWIL5000020230907KABKOTA,Sekadau,,0.485752312966,4.89358511498,4326,4,,,Sekadau,Kalimantan Barat,,0,Sanggau,,2016-02,-0.024838458378928736,2,-0.024838458378928736,VIIRS DNB,nW/cm2/sr,2016,"{""type"":""MultiPoint"",""coordinates"":[]}"
25_00000000000000000009,BA03050040,,,,,,,61.10,61,10122.5133896,TASWIL5000020230907KABKOTA,Melawi,,0.822418686577,6.18884194372,4326,4,,,Melawi,Kalimantan Barat,,0,Sintang,,2016-02,-0.09848977222559291,2,-0.09848977222559291,VIIRS DNB,nW/cm2/sr,2016,"{""type"":""MultiPoint"",""coordinates"":[]}"
25_00000000000000000005,BA03050040,,,,,,,61.71,61,118.208752498,TASWIL5000020230907KABKOTA,Kota Pontianak,,0.00960338694431,0.439734620886,4326,5,,,Kota Pontianak,Kalimantan Barat,,0,,,2016-02,0.0,2,0.0,VIIRS DNB,nW/cm2/sr,2016,"{""type"":""MultiPoint"",""coordinates"":[]}"
25_00000000000000000006,BA03050040,,,,,,,61.72,61,550.186910141,TASWIL5000020230907KABKOTA,Kota Singkawang,,0.0447029151336,1.23074798661,4326,5,,,Kota Singkawang,Kalimantan Barat,,0,Bengkayang,,2016-02,0.017673211515653982,2,0.017673211515653982,VIIRS DNB,nW/cm2/sr,2016,"{""type"":""MultiPoint"",""coordinates"":[]}"
25_00000000000000000001,BA03050040,,,,,,,,61,0.446818812946,TASWIL5000020230907KABKOTA,Kalimantan Barat,"Berdasarkan Kepmendagri 050-145 Tahun 2022, masuk ke Kalimantan Barat",3.63047728111E-5,0.0520740876463,4326,999,,,,Kalimantan Barat,,0,,,2016-02,0.0,2,0.0,VIIRS DNB,nW/cm2/sr,2016,"{""type"":""MultiPoint"",""coordinates"":[]}"
26_00000000000000000002,BA03050040,,,,,,,61.06,61,31318.2461503,TASWIL5000020230907KABKOTA,Kapuas Hulu,,2.54462852025,10.3235168378,4326,4,,,Kapuas Hulu,Kalimantan Barat,,0,,,2016-03,-0.013995919803786006,3,-0.013995919803786006,VIIRS DNB,nW/cm2/sr,2016,"{""type"":""MultiPoint"",""coordinates"":[]}"
26_00000000000000000004,BA03050040,,,,,,,61.04,61,30018.6763396,TASWIL5000020230907KABKOTA,Ketapang,,2.43989292708,13.6255621311,4326,4,,,Ketapang,Kalimantan Barat,,0,,,2016-03,0.04911292610525144,3,0.04911292610525144,VIIRS DNB,nW/cm2/sr,2016,"{""type"":""MultiPoint"",""coordinates"":[]}"
26_0000000000000000000a,BA03050040,,,,,,,61.02,61,1935.41897259,TASWIL5000020230907KABKOTA,Mempawah,,0.157238724723,3.1173764195,4326,4,,,Mempawah,Kalimantan Barat,,0,,,2016-03,0.17930286236211437,3,0.17930286236211437,VIIRS DNB,nW/cm2/sr,2016,"{""type"":""MultiPoint"",""coordinates"":[]}"
26_0000000000000000000b,BA03050040,,,,,,,61.01,61,5937.99495327,TASWIL5000020230907KABKOTA,Sambas,,0.482557384329,4.23082967505,4326,4,,,Sambas,Kalimantan Barat,,0,,,2016-03,0.04356190114351509,3,0.04356190114351509,VIIRS DNB,nW/cm2/sr,2016,"{""type"":""MultiPoint"",""coordinates"":[]}"
26_0000000000000000000c,BA03050040,,,,,,,61.03,61,12452.2241518,TASWIL5000020230907KABKOTA,Sanggau,,1.01166258397,7.65307697656,4326,4,,,Sanggau,Kalimantan Barat,,0,,,2016-03,0.032368052299365783,3,0.032368052299365783,VIIRS DNB,nW/cm2/sr,2016,"{""type"":""MultiPoint"",""coordinates"":[]}"
26_0000000000000000000e,BA03050040,,,,,,,61.05,61,22025.7880014,TASWIL5000020230907KABKOTA,Sintang,,1.78944370224,11.9811145851,4326,4,,,Sintang,Kalimantan Barat,,0,,,2016-03,0.02391840951178323,3,0.02391840951178323,VIIRS DNB,nW/cm2/sr,2016,"{""type"":""MultiPoint"",""coordinates"":[]}"
26_00000000000000000003,BA03050040,,,,,,,61.11,61,4110.12301412,TASWIL5000020230907KABKOTA,Kayong Utara,,0.333972050772,6.99327188474,4326,4,,,Kayong Utara,Kalimantan Barat,,0,Ketapang,,2016-03,0.03494293299318798,3,0.03494293299318798,VIIRS DNB,nW/cm2/sr,2016,"{""type"":""MultiPoint"",""coordinates"":[]}"
26_00000000000000000007,BA03050040,,,,,,,61.12,61,8549.29358265,TASWIL5000020230907KABKOTA,Kubu Raya,,0.694575912143,12.4289126619,4326,4,,,Kubu Raya,Kalimantan Barat,,0,Pontianak,,2016-03,0.11201032908605932,3,0.11201032908605932,VIIRS DNB,nW/cm2/sr,2016,"{""type"":""MultiPoint"",""coordinates"":[]}"
26_00000000000000000008,BA03050040,,,,,,,61.08,61,8430.71056018,TASWIL5000020230907KABKOTA,Landak,,0.684950096963,6.11846983154,4326,4,,,Landak,Kalimantan Barat,,0,Pontianak,,2016-03,0.03713507881373801,3,0.03713507881373801,VIIRS DNB,nW/cm2/sr,2016,"{""type"":""MultiPoint"",""coordinates"":[]}"
26_00000000000000000000,BA03050040,,,,,,,61.07,61,5488.60795319,TASWIL5000020230907KABKOTA,Bengkayang,,0.445970285372,6.02675176554,4326,4,,,Bengkayang,Kalimantan Barat,,0,Sambas,,2016-03,0.031383973210180535,3,0.031383973210180535,VIIRS DNB,nW/cm2/sr,2016,"{""type"":""MultiPoint"",""coordinates"":[]}"
26_0000000000000000000d,BA03050040,,,,,,,61.09,61,5979.04370295,TASWIL5000020230907KABKOTA,Sekadau,,0.485752312966,4.89358511498,4326,4,,,Sekadau,Kalimantan Barat,,0,Sanggau,,2016-03,0.03299664887675941,3,0.03299664887675941,VIIRS DNB,nW/cm2/sr,2016,"{""type"":""MultiPoint"",""coordinates"":[]}"
26_00000000000000000009,BA03050040,,,,,,,61.10,61,10122.5133896,TASWIL5000020230907KABKOTA,Melawi,,0.822418686577,6.18884194372,4326,4,,,Melawi,Kalimantan Barat,,0,Sintang,,2016-03,0.029380699741756087,3,0.029380699741756087,VIIRS DNB,nW/cm2/sr,2016,"{""type"":""MultiPoint"",""coordinates"":[]}"
26_00000000000000000005,BA03050040,,,,,,,61.71,61,118.208752498,TASWIL5000020230907KABKOTA,Kota Pontianak,,0.00960338694431,0.439734620886,4326,5,,,Kota Pontianak,Kalimantan Barat,,0,,,2016-03,9.190990517238577,3,9.190990517238577,VIIRS DNB,nW/cm2/sr,2016,"{""type"":""MultiPoint"",""coordinates"":[]}"
26_00000000000000000006,BA03050040,,,,,,,61.72,61,550.186910141,TASWIL5000020230907KABKOTA,Kota Singkawang,,0.0447029151336,1.23074798661,4326,5,,,Kota Singkawang,Kalimantan Barat,,0,Bengkayang,,2016-03,0.3890475648008193,3,0.3890475648008193,VIIRS DNB,nW/cm2/sr,2016,"{""type"":""MultiPoint"",""coordinates"":[]}"
26_00000000000000000001,BA03050040,,,,,,,,61,0.446818812946,TASWIL5000020230907KABKOTA,Kalimantan Barat,"Berdasarkan Kepmendagri 050-145 Tahun 2022, masuk ke Kalimantan Barat",3.63047728111E-5,0.0520740876463,4326,999,,,,Kalimantan Barat,,0,,,2016-03,0.09861342498321277,3,0.09861342498321277,VIIRS DNB,nW/cm2/sr,2016,"{""type"":""MultiPoint"",""coordinates"":[]}"
27_00000000000000000002,BA03050040,,,,,,,61.06,61,31318.2461503,TASWIL5000020230907KABKOTA,Kapuas Hulu,,2.54462852025,10.3235168378,4326,4,,,Kapuas Hulu,Kalimantan Barat,,0,,,2016-04,0.284937535369917,4,0.284937535369917,VIIRS DNB,nW/cm2/sr,2016,"{""type"":""MultiPoint"",""coordinates"":[]}"
27_00000000000000000004,BA03050040,,,,,,,61.04,61,30018.6763396,TASWIL5000020230907KABKOTA,Ketapang,,2.43989292708,13.6255621311,4326,4,,,Ketapang,Kalimantan Barat,,0,,,2016-04,0.21280560542918778,4,0.21280560542918778,VIIRS DNB,nW/cm2/sr,2016,"{""type"":""MultiPoint"",""coordinates"":[]}"
27_0000000000000000000a,BA03050040,,,,,,,61.02,61,1935.41897259,TASWIL5000020230907KABKOTA,Mempawah,,0.157238724723,3.1173764195,4326,4,,,Mempawah,Kalimantan Barat,,0,,,2016-04,0.4514101321591764,4,0.4514101321591764,VIIRS DNB,nW/cm2/sr,2016,"{""type"":""MultiPoint"",""coordinates"":[]}"
27_0000000000000000000b,BA03050040,,,,,,,61.01,61,5937.99495327,TASWIL5000020230907KABKOTA,Sambas,,0.482557384329,4.23082967505,4326,4,,,Sambas,Kalimantan Barat,,0,,,2016-04,0.17551524395851612,4,0.17551524395851612,VIIRS DNB,nW/cm2/sr,2016,"{""type"":""MultiPoint"",""coordinates"":[]}"
27_0000000000000000000c,BA03050040,,,,,,,61.03,61,12452.2241518,TASWIL5000020230907KABKOTA,Sanggau,,1.01166258397,7.65307697656,4326,4,,,Sanggau,Kalimantan Barat,,0,,,2016-04,0.18582569475488764,4,0.18582569475488764,VIIRS DNB,nW/cm2/sr,2016,"{""type"":""MultiPoint"",""coordinates"":[]}"
27_0000000000000000000e,BA03050040,,,,,,,61.05,61,22025.7880014,TASWIL5000020230907KABKOTA,Sintang,,1.78944370224,11.9811145851,4326,4,,,Sintang,Kalimantan Barat,,0,,,2016-04,0.23495855059617632,4,0.23495855059617632,VIIRS DNB,nW/cm2/sr,2016,"{""type"":""MultiPoint"",""coordinates"":[]}"
27_00000000000000000003,BA03050040,,,,,,,61.11,61,4110.12301412,TASWIL5000020230907KABKOTA,Kayong Utara,,0.333972050772,6.99327188474,4326,4,,,Kayong Utara,Kalimantan Barat,,0,Ketapang,,2016-04,0.12885802962550327,4,0.12885802962550327,VIIRS DNB,nW/cm2/sr,2016,"{""type"":""MultiPoint"",""coordinates"":[]}"
27_00000000000000000007,BA03050040,,,,,,,61.12,61,8549.29358265,TASWIL5000020230907KABKOTA,Kubu Raya,,0.694575912143,12.4289126619,4326,4,,,Kubu Raya,Kalimantan Barat,,0,Pontianak,,2016-04,0.3446910532857245,4,0.3446910532857245,VIIRS DNB,nW/cm2/sr,2016,"{""type"":""MultiPoint"",""coordinates"":[]}"
27_00000000000000000008,BA03050040,,,,,,,61.08,61,8430.71056018,TASWIL5000020230907KABKOTA,Landak,,0.684950096963,6.11846983154,4326,4,,,Landak,Kalimantan Barat,,0,Pontianak,,2016-04,0.1628718762418813,4,0.1628718762418813,VIIRS DNB,nW/cm2/sr,2016,"{""type"":""MultiPoint"",""coordinates"":[]}"
27_00000000000000000000,BA03050040,,,,,,,61.07,61,5488.60795319,TASWIL5000020230907KABKOTA,Bengkayang,,0.445970285372,6.02675176554,4326,4,,,Bengkayang,Kalimantan Barat,,0,Sambas,,2016-04,0.15904528557488423,4,0.15904528557488423,VIIRS DNB,nW/cm2/sr,2016,"{""type"":""MultiPoint"",""coordinates"":[]}"
27_0000000000000000000d,BA03050040,,,,,,,61.09,61,5979.04370295,TASWIL5000020230907KABKOTA,Sekadau,,0.485752312966,4.89358511498,4326,4,,,Sekadau,Kalimantan Barat,,0,Sanggau,,2016-04,0.17626234178181566,4,0.17626234178181566,VIIRS DNB,nW/cm2/sr,2016,"{""type"":""MultiPoint"",""coordinates"":[]}"
27_00000000000000000009,BA03050040,,,,,,,61.10,61,10122.5133896,TASWIL5000020230907KABKOTA,Melawi,,0.822418686577,6.18884194372,4326,4,,,Melawi,Kalimantan Barat,,0,Sintang,,2016-04,0.21899191169846682,4,0.21899191169846682,VIIRS DNB,nW/cm2/sr,2016,"{""type"":""MultiPoint"",""coordinates"":[]}"
27_00000000000000000005,BA03050040,,,,,,,61.71,61,118.208752498,TASWIL5000020230907KABKOTA,Kota Pontianak,,0.00960338694431,0.439734620886,4326,5,,,Kota Pontianak,Kalimantan Barat,,0,,,2016-04,9.465472497959404,4,9.465472497959404,VIIRS DNB,nW/cm2/sr,2016,"{""type"":""MultiPoint"",""coordinates"":[]}"
27_00000000000000000006,BA03050040,,,,,,,61.72,61,550.186910141,TASWIL5000020230907KABKOTA,Kota Singkawang,,0.0447029151336,1.23074798661,4326,5,,,Kota Singkawang,Kalimantan Barat,,0,Bengkayang,,2016-04,0.44847773823273984,4,0.44847773823273984,VIIRS DNB,nW/cm2/sr,2016,"{""type"":""MultiPoint"",""coordinates"":[]}"
27_00000000000000000001,BA03050040,,,,,,,,61,0.446818812946,TASWIL5000020230907KABKOTA,Kalimantan Barat,"Berdasarkan Kepmendagri 050-145 Tahun 2022, masuk ke Kalimantan Barat",3.63047728111E-5,0.0520740876463,4326,999,,,,Kalimantan Barat,,0,,,2016-04,0.18460192496808162,4,0.18460192496808162,VIIRS DNB,nW/cm2/sr,2016,"{""type"":""MultiPoint"",""coordinates"":[]}"
28_00000000000000000002,BA03050040,,,,,,,61.06,61,31318.2461503,TASWIL5000020230907KABKOTA,Kapuas Hulu,,2.54462852025,10.3235168378,4326,4,,,Kapuas Hulu,Kalimantan Barat,,0,,,2016-05,0.05669501605097498,5,0.05669501605097498,VIIRS DNB,nW/cm2/sr,2016,"{""type"":""MultiPoint"",""coordinates"":[]}"
28_00000000000000000004,BA03050040,,,,,,,61.04,61,30018.6763396,TASWIL5000020230907KABKOTA,Ketapang,,2.43989292708,13.6255621311,4326,4,,,Ketapang,Kalimantan Barat,,0,,,2016-05,0.055222523422811094,5,0.055222523422811094,VIIRS DNB,nW/cm2/sr,2016,"{""type"":""MultiPoint"",""coordinates"":[]}"
28_0000000000000000000a,BA03050040,,,,,,,61.02,61,1935.41897259,TASWIL5000020230907KABKOTA,Mempawah,,0.157238724723,3.1173764195,4326,4,,,Mempawah,Kalimantan Barat,,0,,,2016-05,0.25651973437104164,5,0.25651973437104164,VIIRS DNB,nW/cm2/sr,2016,"{""type"":""MultiPoint"",""coordinates"":[]}"
28_0000000000000000000b,BA03050040,,,,,,,61.01,61,5937.99495327,TASWIL5000020230907KABKOTA,Sambas,,0.482557384329,4.23082967505,4326,4,,,Sambas,Kalimantan Barat,,0,,,2016-05,0.1431294840711994,5,0.1431294840711994,VIIRS DNB,nW/cm2/sr,2016,"{""type"":""MultiPoint"",""coordinates"":[]}"
28_0000000000000000000c,BA03050040,,,,,,,61.03,61,12452.2241518,TASWIL5000020230907KABKOTA,Sanggau,,1.01166258397,7.65307697656,4326,4,,,Sanggau,Kalimantan Barat,,0,,,2016-05,0.07870160503291425,5,0.07870160503291425,VIIRS DNB,nW/cm2/sr,2016,"{""type"":""MultiPoint"",""coordinates"":[]}"
28_0000000000000000000e,BA03050040,,,,,,,61.05,61,22025.7880014,TASWIL5000020230907KABKOTA,Sintang,,1.78944370224,11.9811145851,4326,4,,,Sintang,Kalimantan Barat,,0,,,2016-05,0.07504126573792422,5,0.07504126573792422,VIIRS DNB,nW/cm2/sr,2016,"{""type"":""MultiPoint"",""coordinates"":[]}"
28_00000000000000000003,BA03050040,,,,,,,61.11,61,4110.12301412,TASWIL5000020230907KABKOTA,Kayong Utara,,0.333972050772,6.99327188474,4326,4,,,Kayong Utara,Kalimantan Barat,,0,Ketapang,,2016-05,0.06646200964728956,5,0.06646200964728956,VIIRS DNB,nW/cm2/sr,2016,"{""type"":""MultiPoint"",""coordinates"":[]}"
28_00000000000000000007,BA03050040,,,,,,,61.12,61,8549.29358265,TASWIL5000020230907KABKOTA,Kubu Raya,,0.694575912143,12.4289126619,4326,4,,,Kubu Raya,Kalimantan Barat,,0,Pontianak,,2016-05,0.16496786537895056,5,0.16496786537895056,VIIRS DNB,nW/cm2/sr,2016,"{""type"":""MultiPoint"",""coordinates"":[]}"
28_00000000000000000008,BA03050040,,,,,,,61.08,61,8430.71056018,TASWIL5000020230907KABKOTA,Landak,,0.684950096963,6.11846983154,4326,4,,,Landak,Kalimantan Barat,,0,Pontianak,,2016-05,0.08552996589317818,5,0.08552996589317818,VIIRS DNB,nW/cm2/sr,2016,"{""type"":""MultiPoint"",""coordinates"":[]}"
28_00000000000000000000,BA03050040,,,,,,,61.07,61,5488.60795319,TASWIL5000020230907KABKOTA,Bengkayang,,0.445970285372,6.02675176554,4326,4,,,Bengkayang,Kalimantan Barat,,0,Sambas,,2016-05,0.1311334878097918,5,0.1311334878097918,VIIRS DNB,nW/cm2/sr,2016,"{""type"":""MultiPoint"",""coordinates"":[]}"
28_0000000000000000000d,BA03050040,,,,,,,61.09,61,5979.04370295,TASWIL5000020230907KABKOTA,Sekadau,,0.485752312966,4.89358511498,4326,4,,,Sekadau,Kalimantan Barat,,0,Sanggau,,2016-05,0.06460124297252166,5,0.06460124297252166,VIIRS DNB,nW/cm2/sr,2016,"{""type"":""MultiPoint"",""coordinates"":[]}"
28_00000000000000000009,BA03050040,,,,,,,61.10,61,10122.5133896,TASWIL5000020230907KABKOTA,Melawi,,0.822418686577,6.18884194372,4326,4,,,Melawi,Kalimantan Barat,,0,Sintang,,2016-05,0.0845631333653555,5,0.0845631333653555,VIIRS DNB,nW/cm2/sr,2016,"{""type"":""MultiPoint"",""coordinates"":[]}"
28_00000000000000000005,BA03050040,,,,,,,61.71,61,118.208752498,TASWIL5000020230907KABKOTA,Kota Pontianak,,0.00960338694431,0.439734620886,4326,5,,,Kota Pontianak,Kalimantan Barat,,0,,,2016-05,8.541178488741874,5,8.541178488741874,VIIRS DNB,nW/cm2/sr,2016,"{""type"":""MultiPoint"",""coordinates"":[]}"
28_00000000000000000006,BA03050040,,,,,,,61.72,61,550.186910141,TASWIL5000020230907KABKOTA,Kota Singkawang,,0.0447029151336,1.23074798661,4326,5,,,Kota Singkawang,Kalimantan Barat,,0,Bengkayang,,2016-05,0.5021945593820101,5,0.5021945593820101,VIIRS DNB,nW/cm2/sr,2016,"{""type"":""MultiPoint"",""coordinates"":[]}"
28_00000000000000000001,BA03050040,,,,,,,,61,0.446818812946,TASWIL5000020230907KABKOTA,Kalimantan Barat,"Berdasarkan Kepmendagri 050-145 Tahun 2022, masuk ke Kalimantan Barat",3.63047728111E-5,0.0520740876463,4326,999,,,,Kalimantan Barat,,0,,,2016-05,0.039645106391878446,5,0.039645106391878446,VIIRS DNB,nW/cm2/sr,2016,"{""type"":""MultiPoint"",""coordinates"":[]}"
29_00000000000000000002,BA03050040,,,,,,,61.06,61,31318.2461503,TASWIL5000020230907KABKOTA,Kapuas Hulu,,2.54462852025,10.3235168378,4326,4,,,Kapuas Hulu,Kalimantan Barat,,0,,,2016-06,0.0675766254342588,6,0.0675766254342588,VIIRS DNB,nW/cm2/sr,2016,"{""type"":""MultiPoint"",""coordinates"":[]}"
29_00000000000000000004,BA03050040,,,,,,,61.04,61,30018.6763396,TASWIL5000020230907KABKOTA,Ketapang,,2.43989292708,13.6255621311,4326,4,,,Ketapang,Kalimantan Barat,,0,,,2016-06,0.07194154759874612,6,0.07194154759874612,VIIRS DNB,nW/cm2/sr,2016,"{""type"":""MultiPoint"",""coordinates"":[]}"
29_0000000000000000000a,BA03050040,,,,,,,61.02,61,1935.41897259,TASWIL5000020230907KABKOTA,Mempawah,,0.157238724723,3.1173764195,4326,4,,,Mempawah,Kalimantan Barat,,0,,,2016-06,0.26350933246591096,6,0.26350933246591096,VIIRS DNB,nW/cm2/sr,2016,"{""type"":""MultiPoint"",""coordinates"":[]}"
29_0000000000000000000b,BA03050040,,,,,,,61.01,61,5937.99495327,TASWIL5000020230907KABKOTA,Sambas,,0.482557384329,4.23082967505,4326,4,,,Sambas,Kalimantan Barat,,0,,,2016-06,0.11889175147929362,6,0.11889175147929362,VIIRS DNB,nW/cm2/sr,2016,"{""type"":""MultiPoint"",""coordinates"":[]}"
29_0000000000000000000c,BA03050040,,,,,,,61.03,61,12452.2241518,TASWIL5000020230907KABKOTA,Sanggau,,1.01166258397,7.65307697656,4326,4,,,Sanggau,Kalimantan Barat,,0,,,2016-06,0.07321348862297927,6,0.07321348862297927,VIIRS DNB,nW/cm2/sr,2016,"{""type"":""MultiPoint"",""coordinates"":[]}"
29_0000000000000000000e,BA03050040,,,,,,,61.05,61,22025.7880014,TASWIL5000020230907KABKOTA,Sintang,,1.78944370224,11.9811145851,4326,4,,,Sintang,Kalimantan Barat,,0,,,2016-06,0.049574437188783814,6,0.049574437188783814,VIIRS DNB,nW/cm2/sr,2016,"{""type"":""MultiPoint"",""coordinates"":[]}"
29_00000000000000000003,BA03050040,,,,,,,61.11,61,4110.12301412,TASWIL5000020230907KABKOTA,Kayong Utara,,0.333972050772,6.99327188474,4326,4,,,Kayong Utara,Kalimantan Barat,,0,Ketapang,,2016-06,0.06137437345394772,6,0.06137437345394772,VIIRS DNB,nW/cm2/sr,2016,"{""type"":""MultiPoint"",""coordinates"":[]}"
29_00000000000000000007,BA03050040,,,,,,,61.12,61,8549.29358265,TASWIL5000020230907KABKOTA,Kubu Raya,,0.694575912143,12.4289126619,4326,4,,,Kubu Raya,Kalimantan Barat,,0,Pontianak,,2016-06,0.19158661713490596,6,0.19158661713490596,VIIRS DNB,nW/cm2/sr,2016,"{""type"":""MultiPoint"",""coordinates"":[]}"
29_00000000000000000008,BA03050040,,,,,,,61.08,61,8430.71056018,TASWIL5000020230907KABKOTA,Landak,,0.684950096963,6.11846983154,4326,4,,,Landak,Kalimantan Barat,,0,Pontianak,,2016-06,0.0660321261210609,6,0.0660321261210609,VIIRS DNB,nW/cm2/sr,2016,"{""type"":""MultiPoint"",""coordinates"":[]}"
29_00000000000000000000,BA03050040,,,,,,,61.07,61,5488.60795319,TASWIL5000020230907KABKOTA,Bengkayang,,0.445970285372,6.02675176554,4326,4,,,Bengkayang,Kalimantan Barat,,0,Sambas,,2016-06,0.08676221329180105,6,0.08676221329180105,VIIRS DNB,nW/cm2/sr,2016,"{""type"":""MultiPoint"",""coordinates"":[]}"
29_0000000000000000000d,BA03050040,,,,,,,61.09,61,5979.04370295,TASWIL5000020230907KABKOTA,Sekadau,,0.485752312966,4.89358511498,4326,4,,,Sekadau,Kalimantan Barat,,0,Sanggau,,2016-06,0.05475090673449832,6,0.05475090673449832,VIIRS DNB,nW/cm2/sr,2016,"{""type"":""MultiPoint"",""coordinates"":[]}"
29_00000000000000000009,BA03050040,,,,,,,61.10,61,10122.5133896,TASWIL5000020230907KABKOTA,Melawi,,0.822418686577,6.18884194372,4326,4,,,Melawi,Kalimantan Barat,,0,Sintang,,2016-06,0.05428412793815856,6,0.05428412793815856,VIIRS DNB,nW/cm2/sr,2016,"{""type"":""MultiPoint"",""coordinates"":[]}"
29_00000000000000000005,BA03050040,,,,,,,61.71,61,118.208752498,TASWIL5000020230907KABKOTA,Kota Pontianak,,0.00960338694431,0.439734620886,4326,5,,,Kota Pontianak,Kalimantan Barat,,0,,,2016-06,11.499438928400938,6,11.499438928400938,VIIRS DNB,nW/cm2/sr,2016,"{""type"":""MultiPoint"",""coordinates"":[]}"
29_00000000000000000006,BA03050040,,,,,,,61.72,61,550.186910141,TASWIL5000020230907KABKOTA,Kota Singkawang,,0.0447029151336,1.23074798661,4326,5,,,Kota Singkawang,Kalimantan Barat,,0,Bengkayang,,2016-06,0.5086764194096104,6,0.5086764194096104,VIIRS DNB,nW/cm2/sr,2016,"{""type"":""MultiPoint"",""coordinates"":[]}"
29_00000000000000000001,BA03050040,,,,,,,,61,0.446818812946,TASWIL5000020230907KABKOTA,Kalimantan Barat,"Berdasarkan Kepmendagri 050-145 Tahun 2022, masuk ke Kalimantan Barat",3.63047728111E-5,0.0520740876463,4326,999,,,,Kalimantan Barat,,0,,,2016-06,0.02199599576731589,6,0.02199599576731589,VIIRS DNB,nW/cm2/sr,2016,"{""type"":""MultiPoint"",""coordinates"":[]}"
30_00000000000000000002,BA03050040,,,,,,,61.06,61,31318.2461503,TASWIL5000020230907KABKOTA,Kapuas Hulu,,2.54462852025,10.3235168378,4326,4,,,Kapuas Hulu,Kalimantan Barat,,0,,,2016-07,0.03932821115255441,7,0.03932821115255441,VIIRS DNB,nW/cm2/sr,2016,"{""type"":""MultiPoint"",""coordinates"":[]}"
30_00000000000000000004,BA03050040,,,,,,,61.04,61,30018.6763396,TASWIL5000020230907KABKOTA,Ketapang,,2.43989292708,13.6255621311,4326,4,,,Ketapang,Kalimantan Barat,,0,,,2016-07,0.06026709710314681,7,0.06026709710314681,VIIRS DNB,nW/cm2/sr,2016,"{""type"":""MultiPoint"",""coordinates"":[]}"
30_0000000000000000000a,BA03050040,,,,,,,61.02,61,1935.41897259,TASWIL5000020230907KABKOTA,Mempawah,,0.157238724723,3.1173764195,4326,4,,,Mempawah,Kalimantan Barat,,0,,,2016-07,0.2392923399539494,7,0.2392923399539494,VIIRS DNB,nW/cm2/sr,2016,"{""type"":""MultiPoint"",""coordinates"":[]}"
30_0000000000000000000b,BA03050040,,,,,,,61.01,61,5937.99495327,TASWIL5000020230907KABKOTA,Sambas,,0.482557384329,4.23082967505,4326,4,,,Sambas,Kalimantan Barat,,0,,,2016-07,0.07397840012605891,7,0.07397840012605891,VIIRS DNB,nW/cm2/sr,2016,"{""type"":""MultiPoint"",""coordinates"":[]}"
30_0000000000000000000c,BA03050040,,,,,,,61.03,61,12452.2241518,TASWIL5000020230907KABKOTA,Sanggau,,1.01166258397,7.65307697656,4326,4,,,Sanggau,Kalimantan Barat,,0,,,2016-07,0.0828709192310953,7,0.0828709192310953,VIIRS DNB,nW/cm2/sr,2016,"{""type"":""MultiPoint"",""coordinates"":[]}"
30_0000000000000000000e,BA03050040,,,,,,,61.05,61,22025.7880014,TASWIL5000020230907KABKOTA,Sintang,,1.78944370224,11.9811145851,4326,4,,,Sintang,Kalimantan Barat,,0,,,2016-07,0.05656779963356984,7,0.05656779963356984,VIIRS DNB,nW/cm2/sr,2016,"{""type"":""MultiPoint"",""coordinates"":[]}"
30_00000000000000000003,BA03050040,,,,,,,61.11,61,4110.12301412,TASWIL5000020230907KABKOTA,Kayong Utara,,0.333972050772,6.99327188474,4326,4,,,Kayong Utara,Kalimantan Barat,,0,Ketapang,,2016-07,0.04629533393608275,7,0.04629533393608275,VIIRS DNB,nW/cm2/sr,2016,"{""type"":""MultiPoint"",""coordinates"":[]}"
30_00000000000000000007,BA03050040,,,,,,,61.12,61,8549.29358265,TASWIL5000020230907KABKOTA,Kubu Raya,,0.694575912143,12.4289126619,4326,4,,,Kubu Raya,Kalimantan Barat,,0,Pontianak,,2016-07,0.20539840391869604,7,0.20539840391869604,VIIRS DNB,nW/cm2/sr,2016,"{""type"":""MultiPoint"",""coordinates"":[]}"
30_00000000000000000008,BA03050040,,,,,,,61.08,61,8430.71056018,TASWIL5000020230907KABKOTA,Landak,,0.684950096963,6.11846983154,4326,4,,,Landak,Kalimantan Barat,,0,Pontianak,,2016-07,0.0635252147856675,7,0.0635252147856675,VIIRS DNB,nW/cm2/sr,2016,"{""type"":""MultiPoint"",""coordinates"":[]}"
30_00000000000000000000,BA03050040,,,,,,,61.07,61,5488.60795319,TASWIL5000020230907KABKOTA,Bengkayang,,0.445970285372,6.02675176554,4326,4,,,Bengkayang,Kalimantan Barat,,0,Sambas,,2016-07,0.05609577237906562,7,0.05609577237906562,VIIRS DNB,nW/cm2/sr,2016,"{""type"":""MultiPoint"",""coordinates"":[]}"
30_0000000000000000000d,BA03050040,,,,,,,61.09,61,5979.04370295,TASWIL5000020230907KABKOTA,Sekadau,,0.485752312966,4.89358511498,4326,4,,,Sekadau,Kalimantan Barat,,0,Sanggau,,2016-07,0.0638055679708955,7,0.0638055679708955,VIIRS DNB,nW/cm2/sr,2016,"{""type"":""MultiPoint"",""coordinates"":[]}"
30_00000000000000000009,BA03050040,,,,,,,61.10,61,10122.5133896,TASWIL5000020230907KABKOTA,Melawi,,0.822418686577,6.18884194372,4326,4,,,Melawi,Kalimantan Barat,,0,Sintang,,2016-07,0.06354949935553167,7,0.06354949935553167,VIIRS DNB,nW/cm2/sr,2016,"{""type"":""MultiPoint"",""coordinates"":[]}"
30_00000000000000000005,BA03050040,,,,,,,61.71,61,118.208752498,TASWIL5000020230907KABKOTA,Kota Pontianak,,0.00960338694431,0.439734620886,4326,5,,,Kota Pontianak,Kalimantan Barat,,0,,,2016-07,12.31433238473712,7,12.31433238473712,VIIRS DNB,nW/cm2/sr,2016,"{""type"":""MultiPoint"",""coordinates"":[]}"
30_00000000000000000006,BA03050040,,,,,,,61.72,61,550.186910141,TASWIL5000020230907KABKOTA,Kota Singkawang,,0.0447029151336,1.23074798661,4326,5,,,Kota Singkawang,Kalimantan Barat,,0,Bengkayang,,2016-07,0.5276725802598915,7,0.5276725802598915,VIIRS DNB,nW/cm2/sr,2016,"{""type"":""MultiPoint"",""coordinates"":[]}"
30_00000000000000000001,BA03050040,,,,,,,,61,0.446818812946,TASWIL5000020230907KABKOTA,Kalimantan Barat,"Berdasarkan Kepmendagri 050-145 Tahun 2022, masuk ke Kalimantan Barat",3.63047728111E-5,0.0520740876463,4326,999,,,,Kalimantan Barat,,0,,,2016-07,-0.013458171597256367,7,-0.013458171597256367,VIIRS DNB,nW/cm2/sr,2016,"{""type"":""MultiPoint"",""coordinates"":[]}"
31_00000000000000000002,BA03050040,,,,,,,61.06,61,31318.2461503,TASWIL5000020230907KABKOTA,Kapuas Hulu,,2.54462852025,10.3235168378,4326,4,,,Kapuas Hulu,Kalimantan Barat,,0,,,2016-08,0.07713322752321954,8,0.07713322752321954,VIIRS DNB,nW/cm2/sr,2016,"{""type"":""MultiPoint"",""coordinates"":[]}"
31_00000000000000000004,BA03050040,,,,,,,61.04,61,30018.6763396,TASWIL5000020230907KABKOTA,Ketapang,,2.43989292708,13.6255621311,4326,4,,,Ketapang,Kalimantan Barat,,0,,,2016-08,0.0787635899319966,8,0.0787635899319966,VIIRS DNB,nW/cm2/sr,2016,"{""type"":""MultiPoint"",""coordinates"":[]}"
31_0000000000000000000a,BA03050040,,,,,,,61.02,61,1935.41897259,TASWIL5000020230907KABKOTA,Mempawah,,0.157238724723,3.1173764195,4326,4,,,Mempawah,Kalimantan Barat,,0,,,2016-08,0.18685151524424506,8,0.18685151524424506,VIIRS DNB,nW/cm2/sr,2016,"{""type"":""MultiPoint"",""coordinates"":[]}"
31_0000000000000000000b,BA03050040,,,,,,,61.01,61,5937.99495327,TASWIL5000020230907KABKOTA,Sambas,,0.482557384329,4.23082967505,4326,4,,,Sambas,Kalimantan Barat,,0,,,2016-08,0.12123298916247552,8,0.12123298916247552,VIIRS DNB,nW/cm2/sr,2016,"{""type"":""MultiPoint"",""coordinates"":[]}"
31_0000000000000000000c,BA03050040,,,,,,,61.03,61,12452.2241518,TASWIL5000020230907KABKOTA,Sanggau,,1.01166258397,7.65307697656,4326,4,,,Sanggau,Kalimantan Barat,,0,,,2016-08,0.04200388066739869,8,0.04200388066739869,VIIRS DNB,nW/cm2/sr,2016,"{""type"":""MultiPoint"",""coordinates"":[]}"
31_0000000000000000000e,BA03050040,,,,,,,61.05,61,22025.7880014,TASWIL5000020230907KABKOTA,Sintang,,1.78944370224,11.9811145851,4326,4,,,Sintang,Kalimantan Barat,,0,,,2016-08,0.08941072070410555,8,0.08941072070410555,VIIRS DNB,nW/cm2/sr,2016,"{""type"":""MultiPoint"",""coordinates"":[]}"
31_00000000000000000003,BA03050040,,,,,,,61.11,61,4110.12301412,TASWIL5000020230907KABKOTA,Kayong Utara,,0.333972050772,6.99327188474,4326,4,,,Kayong Utara,Kalimantan Barat,,0,Ketapang,,2016-08,0.08720252113637131,8,0.08720252113637131,VIIRS DNB,nW/cm2/sr,2016,"{""type"":""MultiPoint"",""coordinates"":[]}"
31_00000000000000000007,BA03050040,,,,,,,61.12,61,8549.29358265,TASWIL5000020230907KABKOTA,Kubu Raya,,0.694575912143,12.4289126619,4326,4,,,Kubu Raya,Kalimantan Barat,,0,Pontianak,,2016-08,0.1359340360215423,8,0.1359340360215423,VIIRS DNB,nW/cm2/sr,2016,"{""type"":""MultiPoint"",""coordinates"":[]}"
31_00000000000000000008,BA03050040,,,,,,,61.08,61,8430.71056018,TASWIL5000020230907KABKOTA,Landak,,0.684950096963,6.11846983154,4326,4,,,Landak,Kalimantan Barat,,0,Pontianak,,2016-08,0.07184740460270228,8,0.07184740460270228,VIIRS DNB,nW/cm2/sr,2016,"{""type"":""MultiPoint"",""coordinates"":[]}"
31_00000000000000000000,BA03050040,,,,,,,61.07,61,5488.60795319,TASWIL5000020230907KABKOTA,Bengkayang,,0.445970285372,6.02675176554,4326,4,,,Bengkayang,Kalimantan Barat,,0,Sambas,,2016-08,0.002647919298804927,8,0.002647919298804927,VIIRS DNB,nW/cm2/sr,2016,"{""type"":""MultiPoint"",""coordinates"":[]}"
31_0000000000000000000d,BA03050040,,,,,,,61.09,61,5979.04370295,TASWIL5000020230907KABKOTA,Sekadau,,0.485752312966,4.89358511498,4326,4,,,Sekadau,Kalimantan Barat,,0,Sanggau,,2016-08,0.0293202244547605,8,0.0293202244547605,VIIRS DNB,nW/cm2/sr,2016,"{""type"":""MultiPoint"",""coordinates"":[]}"
31_00000000000000000009,BA03050040,,,,,,,61.10,61,10122.5133896,TASWIL5000020230907KABKOTA,Melawi,,0.822418686577,6.18884194372,4326,4,,,Melawi,Kalimantan Barat,,0,Sintang,,2016-08,0.13565894475927193,8,0.13565894475927193,VIIRS DNB,nW/cm2/sr,2016,"{""type"":""MultiPoint"",""coordinates"":[]}"
31_00000000000000000005,BA03050040,,,,,,,61.71,61,118.208752498,TASWIL5000020230907KABKOTA,Kota Pontianak,,0.00960338694431,0.439734620886,4326,5,,,Kota Pontianak,Kalimantan Barat,,0,,,2016-08,6.159938713880272,8,6.159938713880272,VIIRS DNB,nW/cm2/sr,2016,"{""type"":""MultiPoint"",""coordinates"":[]}"
31_00000000000000000006,BA03050040,,,,,,,61.72,61,550.186910141,TASWIL5000020230907KABKOTA,Kota Singkawang,,0.0447029151336,1.23074798661,4326,5,,,Kota Singkawang,Kalimantan Barat,,0,Bengkayang,,2016-08,0.026885445666292043,8,0.026885445666292043,VIIRS DNB,nW/cm2/sr,2016,"{""type"":""MultiPoint"",""coordinates"":[]}"
31_00000000000000000001,BA03050040,,,,,,,,61,0.446818812946,TASWIL5000020230907KABKOTA,Kalimantan Barat,"Berdasarkan Kepmendagri 050-145 Tahun 2022, masuk ke Kalimantan Barat",3.63047728111E-5,0.0520740876463,4326,999,,,,Kalimantan Barat,,0,,,2016-08,0.07787087241035558,8,0.07787087241035558,VIIRS DNB,nW/cm2/sr,2016,"{""type"":""MultiPoint"",""coordinates"":[]}"
32_00000000000000000002,BA03050040,,,,,,,61.06,61,31318.2461503,TASWIL5000020230907KABKOTA,Kapuas Hulu,,2.54462852025,10.3235168378,4326,4,,,Kapuas Hulu,Kalimantan Barat,,0,,,2016-09,0.03467166053222017,9,0.03467166053222017,VIIRS DNB,nW/cm2/sr,2016,"{""type"":""MultiPoint"",""coordinates"":[]}"
32_00000000000000000004,BA03050040,,,,,,,61.04,61,30018.6763396,TASWIL5000020230907KABKOTA,Ketapang,,2.43989292708,13.6255621311,4326,4,,,Ketapang,Kalimantan Barat,,0,,,2016-09,0.015357665851677348,9,0.015357665851677348,VIIRS DNB,nW/cm2/sr,2016,"{""type"":""MultiPoint"",""coordinates"":[]}"
32_0000000000000000000a,BA03050040,,,,,,,61.02,61,1935.41897259,TASWIL5000020230907KABKOTA,Mempawah,,0.157238724723,3.1173764195,4326,4,,,Mempawah,Kalimantan Barat,,0,,,2016-09,0.07956285212375518,9,0.07956285212375518,VIIRS DNB,nW/cm2/sr,2016,"{""type"":""MultiPoint"",""coordinates"":[]}"
32_0000000000000000000b,BA03050040,,,,,,,61.01,61,5937.99495327,TASWIL5000020230907KABKOTA,Sambas,,0.482557384329,4.23082967505,4326,4,,,Sambas,Kalimantan Barat,,0,,,2016-09,0.016199471086701604,9,0.016199471086701604,VIIRS DNB,nW/cm2/sr,2016,"{""type"":""MultiPoint"",""coordinates"":[]}"
32_0000000000000000000c,BA03050040,,,,,,,61.03,61,12452.2241518,TASWIL5000020230907KABKOTA,Sanggau,,1.01166258397,7.65307697656,4326,4,,,Sanggau,Kalimantan Barat,,0,,,2016-09,0.016373092598727254,9,0.016373092598727254,VIIRS DNB,nW/cm2/sr,2016,"{""type"":""MultiPoint"",""coordinates"":[]}"
32_0000000000000000000e,BA03050040,,,,,,,61.05,61,22025.7880014,TASWIL5000020230907KABKOTA,Sintang,,1.78944370224,11.9811145851,4326,4,,,Sintang,Kalimantan Barat,,0,,,2016-09,0.022850486607606312,9,0.022850486607606312,VIIRS DNB,nW/cm2/sr,2016,"{""type"":""MultiPoint"",""coordinates"":[]}"
32_00000000000000000003,BA03050040,,,,,,,61.11,61,4110.12301412,TASWIL5000020230907KABKOTA,Kayong Utara,,0.333972050772,6.99327188474,4326,4,,,Kayong Utara,Kalimantan Barat,,0,Ketapang,,2016-09,-0.021202708267668752,9,-0.021202708267668752,VIIRS DNB,nW/cm2/sr,2016,"{""type"":""MultiPoint"",""coordinates"":[]}"
32_00000000000000000007,BA03050040,,,,,,,61.12,61,8549.29358265,TASWIL5000020230907KABKOTA,Kubu Raya,,0.694575912143,12.4289126619,4326,4,,,Kubu Raya,Kalimantan Barat,,0,Pontianak,,2016-09,-0.007067495942618272,9,-0.007067495942618272,VIIRS DNB,nW/cm2/sr,2016,"{""type"":""MultiPoint"",""coordinates"":[]}"
32_00000000000000000008,BA03050040,,,,,,,61.08,61,8430.71056018,TASWIL5000020230907KABKOTA,Landak,,0.684950096963,6.11846983154,4326,4,,,Landak,Kalimantan Barat,,0,Pontianak,,2016-09,-0.04695030488728904,9,-0.04695030488728904,VIIRS DNB,nW/cm2/sr,2016,"{""type"":""MultiPoint"",""coordinates"":[]}"
32_00000000000000000000,BA03050040,,,,,,,61.07,61,5488.60795319,TASWIL5000020230907KABKOTA,Bengkayang,,0.445970285372,6.02675176554,4326,4,,,Bengkayang,Kalimantan Barat,,0,Sambas,,2016-09,-0.006312535965129462,9,-0.006312535965129462,VIIRS DNB,nW/cm2/sr,2016,"{""type"":""MultiPoint"",""coordinates"":[]}"
32_0000000000000000000d,BA03050040,,,,,,,61.09,61,5979.04370295,TASWIL5000020230907KABKOTA,Sekadau,,0.485752312966,4.89358511498,4326,4,,,Sekadau,Kalimantan Barat,,0,Sanggau,,2016-09,0.011990868280875054,9,0.011990868280875054,VIIRS DNB,nW/cm2/sr,2016,"{""type"":""MultiPoint"",""coordinates"":[]}"
32_00000000000000000009,BA03050040,,,,,,,61.10,61,10122.5133896,TASWIL5000020230907KABKOTA,Melawi,,0.822418686577,6.18884194372,4326,4,,,Melawi,Kalimantan Barat,,0,Sintang,,2016-09,0.00922779071070114,9,0.00922779071070114,VIIRS DNB,nW/cm2/sr,2016,"{""type"":""MultiPoint"",""coordinates"":[]}"
32_00000000000000000005,BA03050040,,,,,,,61.71,61,118.208752498,TASWIL5000020230907KABKOTA,Kota Pontianak,,0.00960338694431,0.439734620886,4326,5,,,Kota Pontianak,Kalimantan Barat,,0,,,2016-09,0.0,9,0.0,VIIRS DNB,nW/cm2/sr,2016,"{""type"":""MultiPoint"",""coordinates"":[]}"
32_00000000000000000006,BA03050040,,,,,,,61.72,61,550.186910141,TASWIL5000020230907KABKOTA,Kota Singkawang,,0.0447029151336,1.23074798661,4326,5,,,Kota Singkawang,Kalimantan Barat,,0,Bengkayang,,2016-09,0.4441727819912039,9,0.4441727819912039,VIIRS DNB,nW/cm2/sr,2016,"{""type"":""MultiPoint"",""coordinates"":[]}"
32_00000000000000000001,BA03050040,,,,,,,,61,0.446818812946,TASWIL5000020230907KABKOTA,Kalimantan Barat,"Berdasarkan Kepmendagri 050-145 Tahun 2022, masuk ke Kalimantan Barat",3.63047728111E-5,0.0520740876463,4326,999,,,,Kalimantan Barat,,0,,,2016-09,-0.015459068281941988,9,-0.015459068281941988,VIIRS DNB,nW/cm2/sr,2016,"{""type"":""MultiPoint"",""coordinates"":[]}"
33_00000000000000000002,BA03050040,,,,,,,61.06,61,31318.2461503,TASWIL5000020230907KABKOTA,Kapuas Hulu,,2.54462852025,10.3235168378,4326,4,,,Kapuas Hulu,Kalimantan Barat,,0,,,2016-10,0.020835277190680266,10,0.020835277190680266,VIIRS DNB,nW/cm2/sr,2016,"{""type"":""MultiPoint"",""coordinates"":[]}"
33_00000000000000000004,BA03050040,,,,,,,61.04,61,30018.6763396,TASWIL5000020230907KABKOTA,Ketapang,,2.43989292708,13.6255621311,4326,4,,,Ketapang,Kalimantan Barat,,0,,,2016-10,0.00844425737651753,10,0.00844425737651753,VIIRS DNB,nW/cm2/sr,2016,"{""type"":""MultiPoint"",""coordinates"":[]}"
33_0000000000000000000a,BA03050040,,,,,,,61.02,61,1935.41897259,TASWIL5000020230907KABKOTA,Mempawah,,0.157238724723,3.1173764195,4326,4,,,Mempawah,Kalimantan Barat,,0,,,2016-10,0.046922089402348856,10,0.046922089402348856,VIIRS DNB,nW/cm2/sr,2016,"{""type"":""MultiPoint"",""coordinates"":[]}"
33_0000000000000000000b,BA03050040,,,,,,,61.01,61,5937.99495327,TASWIL5000020230907KABKOTA,Sambas,,0.482557384329,4.23082967505,4326,4,,,Sambas,Kalimantan Barat,,0,,,2016-10,4.331911435968071E-5,10,4.331911435968071E-5,VIIRS DNB,nW/cm2/sr,2016,"{""type"":""MultiPoint"",""coordinates"":[]}"
33_0000000000000000000c,BA03050040,,,,,,,61.03,61,12452.2241518,TASWIL5000020230907KABKOTA,Sanggau,,1.01166258397,7.65307697656,4326,4,,,Sanggau,Kalimantan Barat,,0,,,2016-10,0.0019931163546499887,10,0.0019931163546499887,VIIRS DNB,nW/cm2/sr,2016,"{""type"":""MultiPoint"",""coordinates"":[]}"
33_0000000000000000000e,BA03050040,,,,,,,61.05,61,22025.7880014,TASWIL5000020230907KABKOTA,Sintang,,1.78944370224,11.9811145851,4326,4,,,Sintang,Kalimantan Barat,,0,,,2016-10,0.03237374927113938,10,0.03237374927113938,VIIRS DNB,nW/cm2/sr,2016,"{""type"":""MultiPoint"",""coordinates"":[]}"
33_00000000000000000003,BA03050040,,,,,,,61.11,61,4110.12301412,TASWIL5000020230907KABKOTA,Kayong Utara,,0.333972050772,6.99327188474,4326,4,,,Kayong Utara,Kalimantan Barat,,0,Ketapang,,2016-10,-0.001880510978709353,10,-0.001880510978709353,VIIRS DNB,nW/cm2/sr,2016,"{""type"":""MultiPoint"",""coordinates"":[]}"
33_00000000000000000007,BA03050040,,,,,,,61.12,61,8549.29358265,TASWIL5000020230907KABKOTA,Kubu Raya,,0.694575912143,12.4289126619,4326,4,,,Kubu Raya,Kalimantan Barat,,0,Pontianak,,2016-10,0.005956759469984619,10,0.005956759469984619,VIIRS DNB,nW/cm2/sr,2016,"{""type"":""MultiPoint"",""coordinates"":[]}"
33_00000000000000000008,BA03050040,,,,,,,61.08,61,8430.71056018,TASWIL5000020230907KABKOTA,Landak,,0.684950096963,6.11846983154,4326,4,,,Landak,Kalimantan Barat,,0,Pontianak,,2016-10,1.2667258145565338E-4,10,1.2667258145565338E-4,VIIRS DNB,nW/cm2/sr,2016,"{""type"":""MultiPoint"",""coordinates"":[]}"
33_00000000000000000000,BA03050040,,,,,,,61.07,61,5488.60795319,TASWIL5000020230907KABKOTA,Bengkayang,,0.445970285372,6.02675176554,4326,4,,,Bengkayang,Kalimantan Barat,,0,Sambas,,2016-10,7.239621595770642E-4,10,7.239621595770642E-4,VIIRS DNB,nW/cm2/sr,2016,"{""type"":""MultiPoint"",""coordinates"":[]}"
33_0000000000000000000d,BA03050040,,,,,,,61.09,61,5979.04370295,TASWIL5000020230907KABKOTA,Sekadau,,0.485752312966,4.89358511498,4326,4,,,Sekadau,Kalimantan Barat,,0,Sanggau,,2016-10,0.0068806357597247046,10,0.0068806357597247046,VIIRS DNB,nW/cm2/sr,2016,"{""type"":""MultiPoint"",""coordinates"":[]}"
33_00000000000000000009,BA03050040,,,,,,,61.10,61,10122.5133896,TASWIL5000020230907KABKOTA,Melawi,,0.822418686577,6.18884194372,4326,4,,,Melawi,Kalimantan Barat,,0,Sintang,,2016-10,0.0011175834294237291,10,0.0011175834294237291,VIIRS DNB,nW/cm2/sr,2016,"{""type"":""MultiPoint"",""coordinates"":[]}"
33_00000000000000000005,BA03050040,,,,,,,61.71,61,118.208752498,TASWIL5000020230907KABKOTA,Kota Pontianak,,0.00960338694431,0.439734620886,4326,5,,,Kota Pontianak,Kalimantan Barat,,0,,,2016-10,5.74419919454792,10,5.74419919454792,VIIRS DNB,nW/cm2/sr,2016,"{""type"":""MultiPoint"",""coordinates"":[]}"
33_00000000000000000006,BA03050040,,,,,,,61.72,61,550.186910141,TASWIL5000020230907KABKOTA,Kota Singkawang,,0.0447029151336,1.23074798661,4326,5,,,Kota Singkawang,Kalimantan Barat,,0,Bengkayang,,2016-10,8.032799793883059E-5,10,8.032799793883059E-5,VIIRS DNB,nW/cm2/sr,2016,"{""type"":""MultiPoint"",""coordinates"":[]}"
33_00000000000000000001,BA03050040,,,,,,,,61,0.446818812946,TASWIL5000020230907KABKOTA,Kalimantan Barat,"Berdasarkan Kepmendagri 050-145 Tahun 2022, masuk ke Kalimantan Barat",3.63047728111E-5,0.0520740876463,4326,999,,,,Kalimantan Barat,,0,,,2016-10,0.0,10,0.0,VIIRS DNB,nW/cm2/sr,2016,"{""type"":""MultiPoint"",""coordinates"":[]}"
34_00000000000000000002,BA03050040,,,,,,,61.06,61,31318.2461503,TASWIL5000020230907KABKOTA,Kapuas Hulu,,2.54462852025,10.3235168378,4326,4,,,Kapuas Hulu,Kalimantan Barat,,0,,,2016-11,-0.02746743983515188,11,-0.02746743983515188,VIIRS DNB,nW/cm2/sr,2016,"{""type"":""MultiPoint"",""coordinates"":[]}"
34_00000000000000000004,BA03050040,,,,,,,61.04,61,30018.6763396,TASWIL5000020230907KABKOTA,Ketapang,,2.43989292708,13.6255621311,4326,4,,,Ketapang,Kalimantan Barat,,0,,,2016-11,-0.02291504445064676,11,-0.02291504445064676,VIIRS DNB,nW/cm2/sr,2016,"{""type"":""MultiPoint"",""coordinates"":[]}"
34_0000000000000000000a,BA03050040,,,,,,,61.02,61,1935.41897259,TASWIL5000020230907KABKOTA,Mempawah,,0.157238724723,3.1173764195,4326,4,,,Mempawah,Kalimantan Barat,,0,,,2016-11,0.06199778772970895,11,0.06199778772970895,VIIRS DNB,nW/cm2/sr,2016,"{""type"":""MultiPoint"",""coordinates"":[]}"
34_0000000000000000000b,BA03050040,,,,,,,61.01,61,5937.99495327,TASWIL5000020230907KABKOTA,Sambas,,0.482557384329,4.23082967505,4326,4,,,Sambas,Kalimantan Barat,,0,,,2016-11,-0.02733623592851707,11,-0.02733623592851707,VIIRS DNB,nW/cm2/sr,2016,"{""type"":""MultiPoint"",""coordinates"":[]}"
34_0000000000000000000c,BA03050040,,,,,,,61.03,61,12452.2241518,TASWIL5000020230907KABKOTA,Sanggau,,1.01166258397,7.65307697656,4326,4,,,Sanggau,Kalimantan Barat,,0,,,2016-11,0.0012358025535155676,11,0.0012358025535155676,VIIRS DNB,nW/cm2/sr,2016,"{""type"":""MultiPoint"",""coordinates"":[]}"
34_0000000000000000000e,BA03050040,,,,,,,61.05,61,22025.7880014,TASWIL5000020230907KABKOTA,Sintang,,1.78944370224,11.9811145851,4326,4,,,Sintang,Kalimantan Barat,,0,,,2016-11,-0.023430205996860506,11,-0.023430205996860506,VIIRS DNB,nW/cm2/sr,2016,"{""type"":""MultiPoint"",""coordinates"":[]}"
34_00000000000000000003,BA03050040,,,,,,,61.11,61,4110.12301412,TASWIL5000020230907KABKOTA,Kayong Utara,,0.333972050772,6.99327188474,4326,4,,,Kayong Utara,Kalimantan Barat,,0,Ketapang,,2016-11,-0.024683977860084732,11,-0.024683977860084732,VIIRS DNB,nW/cm2/sr,2016,"{""type"":""MultiPoint"",""coordinates"":[]}"
34_00000000000000000007,BA03050040,,,,,,,61.12,61,8549.29358265,TASWIL5000020230907KABKOTA,Kubu Raya,,0.694575912143,12.4289126619,4326,4,,,Kubu Raya,Kalimantan Barat,,0,Pontianak,,2016-11,0.1061355656335805,11,0.1061355656335805,VIIRS DNB,nW/cm2/sr,2016,"{""type"":""MultiPoint"",""coordinates"":[]}"
34_00000000000000000008,BA03050040,,,,,,,61.08,61,8430.71056018,TASWIL5000020230907KABKOTA,Landak,,0.684950096963,6.11846983154,4326,4,,,Landak,Kalimantan Barat,,0,Pontianak,,2016-11,-0.020963252292998284,11,-0.020963252292998284,VIIRS DNB,nW/cm2/sr,2016,"{""type"":""MultiPoint"",""coordinates"":[]}"
34_00000000000000000000,BA03050040,,,,,,,61.07,61,5488.60795319,TASWIL5000020230907KABKOTA,Bengkayang,,0.445970285372,6.02675176554,4326,4,,,Bengkayang,Kalimantan Barat,,0,Sambas,,2016-11,-0.023532162052559577,11,-0.023532162052559577,VIIRS DNB,nW/cm2/sr,2016,"{""type"":""MultiPoint"",""coordinates"":[]}"
34_0000000000000000000d,BA03050040,,,,,,,61.09,61,5979.04370295,TASWIL5000020230907KABKOTA,Sekadau,,0.485752312966,4.89358511498,4326,4,,,Sekadau,Kalimantan Barat,,0,Sanggau,,2016-11,-0.0054350045478971315,11,-0.0054350045478971315,VIIRS DNB,nW/cm2/sr,2016,"{""type"":""MultiPoint"",""coordinates"":[]}"
34_00000000000000000009,BA03050040,,,,,,,61.10,61,10122.5133896,TASWIL5000020230907KABKOTA,Melawi,,0.822418686577,6.18884194372,4326,4,,,Melawi,Kalimantan Barat,,0,Sintang,,2016-11,-0.033954614185526186,11,-0.033954614185526186,VIIRS DNB,nW/cm2/sr,2016,"{""type"":""MultiPoint"",""coordinates"":[]}"
34_00000000000000000005,BA03050040,,,,,,,61.71,61,118.208752498,TASWIL5000020230907KABKOTA,Kota Pontianak,,0.00960338694431,0.439734620886,4326,5,,,Kota Pontianak,Kalimantan Barat,,0,,,2016-11,10.908207936024288,11,10.908207936024288,VIIRS DNB,nW/cm2/sr,2016,"{""type"":""MultiPoint"",""coordinates"":[]}"
34_00000000000000000006,BA03050040,,,,,,,61.72,61,550.186910141,TASWIL5000020230907KABKOTA,Kota Singkawang,,0.0447029151336,1.23074798661,4326,5,,,Kota Singkawang,Kalimantan Barat,,0,Bengkayang,,2016-11,-8.361872501462613E-5,11,-8.361872501462613E-5,VIIRS DNB,nW/cm2/sr,2016,"{""type"":""MultiPoint"",""coordinates"":[]}"
34_00000000000000000001,BA03050040,,,,,,,,61,0.446818812946,TASWIL5000020230907KABKOTA,Kalimantan Barat,"Berdasarkan Kepmendagri 050-145 Tahun 2022, masuk ke Kalimantan Barat",3.63047728111E-5,0.0520740876463,4326,999,,,,Kalimantan Barat,,0,,,2016-11,0.062047822602405725,11,0.062047822602405725,VIIRS DNB,nW/cm2/sr,2016,"{""type"":""MultiPoint"",""coordinates"":[]}"
35_00000000000000000002,BA03050040,,,,,,,61.06,61,31318.2461503,TASWIL5000020230907KABKOTA,Kapuas Hulu,,2.54462852025,10.3235168378,4326,4,,,Kapuas Hulu,Kalimantan Barat,,0,,,2016-12,0.009982118750464753,12,0.009982118750464753,VIIRS DNB,nW/cm2/sr,2016,"{""type"":""MultiPoint"",""coordinates"":[]}"
35_00000000000000000004,BA03050040,,,,,,,61.04,61,30018.6763396,TASWIL5000020230907KABKOTA,Ketapang,,2.43989292708,13.6255621311,4326,4,,,Ketapang,Kalimantan Barat,,0,,,2016-12,-0.01988931425847198,12,-0.01988931425847198,VIIRS DNB,nW/cm2/sr,2016,"{""type"":""MultiPoint"",""coordinates"":[]}"
35_0000000000000000000a,BA03050040,,,,,,,61.02,61,1935.41897259,TASWIL5000020230907KABKOTA,Mempawah,,0.157238724723,3.1173764195,4326,4,,,Mempawah,Kalimantan Barat,,0,,,2016-12,0.21853466177181438,12,0.21853466177181438,VIIRS DNB,nW/cm2/sr,2016,"{""type"":""MultiPoint"",""coordinates"":[]}"
35_0000000000000000000b,BA03050040,,,,,,,61.01,61,5937.99495327,TASWIL5000020230907KABKOTA,Sambas,,0.482557384329,4.23082967505,4326,4,,,Sambas,Kalimantan Barat,,0,,,2016-12,0.032507821013856096,12,0.032507821013856096,VIIRS DNB,nW/cm2/sr,2016,"{""type"":""MultiPoint"",""coordinates"":[]}"
35_0000000000000000000c,BA03050040,,,,,,,61.03,61,12452.2241518,TASWIL5000020230907KABKOTA,Sanggau,,1.01166258397,7.65307697656,4326,4,,,Sanggau,Kalimantan Barat,,0,,,2016-12,-0.03301160366667924,12,-0.03301160366667924,VIIRS DNB,nW/cm2/sr,2016,"{""type"":""MultiPoint"",""coordinates"":[]}"
35_0000000000000000000e,BA03050040,,,,,,,61.05,61,22025.7880014,TASWIL5000020230907KABKOTA,Sintang,,1.78944370224,11.9811145851,4326,4,,,Sintang,Kalimantan Barat,,0,,,2016-12,-0.0031269529974073027,12,-0.0031269529974073027,VIIRS DNB,nW/cm2/sr,2016,"{""type"":""MultiPoint"",""coordinates"":[]}"
35_00000000000000000003,BA03050040,,,,,,,61.11,61,4110.12301412,TASWIL5000020230907KABKOTA,Kayong Utara,,0.333972050772,6.99327188474,4326,4,,,Kayong Utara,Kalimantan Barat,,0,Ketapang,,2016-12,-0.03913191671144278,12,-0.03913191671144278,VIIRS DNB,nW/cm2/sr,2016,"{""type"":""MultiPoint"",""coordinates"":[]}"
35_00000000000000000007,BA03050040,,,,,,,61.12,61,8549.29358265,TASWIL5000020230907KABKOTA,Kubu Raya,,0.694575912143,12.4289126619,4326,4,,,Kubu Raya,Kalimantan Barat,,0,Pontianak,,2016-12,0.028080849333544954,12,0.028080849333544954,VIIRS DNB,nW/cm2/sr,2016,"{""type"":""MultiPoint"",""coordinates"":[]}"
35_00000000000000000008,BA03050040,,,,,,,61.08,61,8430.71056018,TASWIL5000020230907KABKOTA,Landak,,0.684950096963,6.11846983154,4326,4,,,Landak,Kalimantan Barat,,0,Pontianak,,2016-12,0.011531212100294928,12,0.011531212100294928,VIIRS DNB,nW/cm2/sr,2016,"{""type"":""MultiPoint"",""coordinates"":[]}"
35_00000000000000000000,BA03050040,,,,,,,61.07,61,5488.60795319,TASWIL5000020230907KABKOTA,Bengkayang,,0.445970285372,6.02675176554,4326,4,,,Bengkayang,Kalimantan Barat,,0,Sambas,,2016-12,0.03454894685147006,12,0.03454894685147006,VIIRS DNB,nW/cm2/sr,2016,"{""type"":""MultiPoint"",""coordinates"":[]}"
35_0000000000000000000d,BA03050040,,,,,,,61.09,61,5979.04370295,TASWIL5000020230907KABKOTA,Sekadau,,0.485752312966,4.89358511498,4326,4,,,Sekadau,Kalimantan Barat,,0,Sanggau,,2016-12,-0.04594206280244375,12,-0.04594206280244375,VIIRS DNB,nW/cm2/sr,2016,"{""type"":""MultiPoint"",""coordinates"":[]}"
35_00000000000000000009,BA03050040,,,,,,,61.10,61,10122.5133896,TASWIL5000020230907KABKOTA,Melawi,,0.822418686577,6.18884194372,4326,4,,,Melawi,Kalimantan Barat,,0,Sintang,,2016-12,0.0038704992592229663,12,0.0038704992592229663,VIIRS DNB,nW/cm2/sr,2016,"{""type"":""MultiPoint"",""coordinates"":[]}"
35_00000000000000000005,BA03050040,,,,,,,61.71,61,118.208752498,TASWIL5000020230907KABKOTA,Kota Pontianak,,0.00960338694431,0.439734620886,4326,5,,,Kota Pontianak,Kalimantan Barat,,0,,,2016-12,11.272133675526014,12,11.272133675526014,VIIRS DNB,nW/cm2/sr,2016,"{""type"":""MultiPoint"",""coordinates"":[]}"
35_00000000000000000006,BA03050040,,,,,,,61.72,61,550.186910141,TASWIL5000020230907KABKOTA,Kota Singkawang,,0.0447029151336,1.23074798661,4326,5,,,Kota Singkawang,Kalimantan Barat,,0,Bengkayang,,2016-12,0.17734519079606909,12,0.17734519079606909,VIIRS DNB,nW/cm2/sr,2016,"{""type"":""MultiPoint"",""coordinates"":[]}"
35_00000000000000000001,BA03050040,,,,,,,,61,0.446818812946,TASWIL5000020230907KABKOTA,Kalimantan Barat,"Berdasarkan Kepmendagri 050-145 Tahun 2022, masuk ke Kalimantan Barat",3.63047728111E-5,0.0520740876463,4326,999,,,,Kalimantan Barat,,0,,,2016-12,-0.17609448929956684,12,-0.17609448929956684,VIIRS DNB,nW/cm2/sr,2016,"{""type"":""MultiPoint"",""coordinates"":[]}"
36_00000000000000000002,BA03050040,,,,,,,61.06,61,31318.2461503,TASWIL5000020230907KABKOTA,Kapuas Hulu,,2.54462852025,10.3235168378,4326,4,,,Kapuas Hulu,Kalimantan Barat,,0,,,2017-01,0.017691028189919106,1,0.017691028189919106,VIIRS DNB,nW/cm2/sr,2017,"{""type"":""MultiPoint"",""coordinates"":[]}"
36_00000000000000000004,BA03050040,,,,,,,61.04,61,30018.6763396,TASWIL5000020230907KABKOTA,Ketapang,,2.43989292708,13.6255621311,4326,4,,,Ketapang,Kalimantan Barat,,0,,,2017-01,0.02299914231741401,1,0.02299914231741401,VIIRS DNB,nW/cm2/sr,2017,"{""type"":""MultiPoint"",""coordinates"":[]}"
36_0000000000000000000a,BA03050040,,,,,,,61.02,61,1935.41897259,TASWIL5000020230907KABKOTA,Mempawah,,0.157238724723,3.1173764195,4326,4,,,Mempawah,Kalimantan Barat,,0,,,2017-01,0.04706258060612782,1,0.04706258060612782,VIIRS DNB,nW/cm2/sr,2017,"{""type"":""MultiPoint"",""coordinates"":[]}"
36_0000000000000000000b,BA03050040,,,,,,,61.01,61,5937.99495327,TASWIL5000020230907KABKOTA,Sambas,,0.482557384329,4.23082967505,4326,4,,,Sambas,Kalimantan Barat,,0,,,2017-01,0.06042032348181395,1,0.06042032348181395,VIIRS DNB,nW/cm2/sr,2017,"{""type"":""MultiPoint"",""coordinates"":[]}"
36_0000000000000000000c,BA03050040,,,,,,,61.03,61,12452.2241518,TASWIL5000020230907KABKOTA,Sanggau,,1.01166258397,7.65307697656,4326,4,,,Sanggau,Kalimantan Barat,,0,,,2017-01,0.04732412576066399,1,0.04732412576066399,VIIRS DNB,nW/cm2/sr,2017,"{""type"":""MultiPoint"",""coordinates"":[]}"
36_0000000000000000000e,BA03050040,,,,,,,61.05,61,22025.7880014,TASWIL5000020230907KABKOTA,Sintang,,1.78944370224,11.9811145851,4326,4,,,Sintang,Kalimantan Barat,,0,,,2017-01,0.08355881352854388,1,0.08355881352854388,VIIRS DNB,nW/cm2/sr,2017,"{""type"":""MultiPoint"",""coordinates"":[]}"
36_00000000000000000003,BA03050040,,,,,,,61.11,61,4110.12301412,TASWIL5000020230907KABKOTA,Kayong Utara,,0.333972050772,6.99327188474,4326,4,,,Kayong Utara,Kalimantan Barat,,0,Ketapang,,2017-01,0.0016505157651940145,1,0.0016505157651940145,VIIRS DNB,nW/cm2/sr,2017,"{""type"":""MultiPoint"",""coordinates"":[]}"
36_00000000000000000007,BA03050040,,,,,,,61.12,61,8549.29358265,TASWIL5000020230907KABKOTA,Kubu Raya,,0.694575912143,12.4289126619,4326,4,,,Kubu Raya,Kalimantan Barat,,0,Pontianak,,2017-01,0.053825419538714975,1,0.053825419538714975,VIIRS DNB,nW/cm2/sr,2017,"{""type"":""MultiPoint"",""coordinates"":[]}"
36_00000000000000000008,BA03050040,,,,,,,61.08,61,8430.71056018,TASWIL5000020230907KABKOTA,Landak,,0.684950096963,6.11846983154,4326,4,,,Landak,Kalimantan Barat,,0,Pontianak,,2017-01,0.13224946938589097,1,0.13224946938589097,VIIRS DNB,nW/cm2/sr,2017,"{""type"":""MultiPoint"",""coordinates"":[]}"
36_00000000000000000000,BA03050040,,,,,,,61.07,61,5488.60795319,TASWIL5000020230907KABKOTA,Bengkayang,,0.445970285372,6.02675176554,4326,4,,,Bengkayang,Kalimantan Barat,,0,Sambas,,2017-01,0.1149548354712881,1,0.1149548354712881,VIIRS DNB,nW/cm2/sr,2017,"{""type"":""MultiPoint"",""coordinates"":[]}"
36_0000000000000000000d,BA03050040,,,,,,,61.09,61,5979.04370295,TASWIL5000020230907KABKOTA,Sekadau,,0.485752312966,4.89358511498,4326,4,,,Sekadau,Kalimantan Barat,,0,Sanggau,,2017-01,0.038976378110563696,1,0.038976378110563696,VIIRS DNB,nW/cm2/sr,2017,"{""type"":""MultiPoint"",""coordinates"":[]}"
36_00000000000000000009,BA03050040,,,,,,,61.10,61,10122.5133896,TASWIL5000020230907KABKOTA,Melawi,,0.822418686577,6.18884194372,4326,4,,,Melawi,Kalimantan Barat,,0,Sintang,,2017-01,0.04353867306028597,1,0.04353867306028597,VIIRS DNB,nW/cm2/sr,2017,"{""type"":""MultiPoint"",""coordinates"":[]}"
36_00000000000000000005,BA03050040,,,,,,,61.71,61,118.208752498,TASWIL5000020230907KABKOTA,Kota Pontianak,,0.00960338694431,0.439734620886,4326,5,,,Kota Pontianak,Kalimantan Barat,,0,,,2017-01,0.0,1,0.0,VIIRS DNB,nW/cm2/sr,2017,"{""type"":""MultiPoint"",""coordinates"":[]}"
36_00000000000000000006,BA03050040,,,,,,,61.72,61,550.186910141,TASWIL5000020230907KABKOTA,Kota Singkawang,,0.0447029151336,1.23074798661,4326,5,,,Kota Singkawang,Kalimantan Barat,,0,Bengkayang,,2017-01,0.549846515934696,1,0.549846515934696,VIIRS DNB,nW/cm2/sr,2017,"{""type"":""MultiPoint"",""coordinates"":[]}"
36_00000000000000000001,BA03050040,,,,,,,,61,0.446818812946,TASWIL5000020230907KABKOTA,Kalimantan Barat,"Berdasarkan Kepmendagri 050-145 Tahun 2022, masuk ke Kalimantan Barat",3.63047728111E-5,0.0520740876463,4326,999,,,,Kalimantan Barat,,0,,,2017-01,0.0,1,0.0,VIIRS DNB,nW/cm2/sr,2017,"{""type"":""MultiPoint"",""coordinates"":[]}"
37_00000000000000000002,BA03050040,,,,,,,61.06,61,31318.2461503,TASWIL5000020230907KABKOTA,Kapuas Hulu,,2.54462852025,10.3235168378,4326,4,,,Kapuas Hulu,Kalimantan Barat,,0,,,2017-02,0.061315826840858983,2,0.061315826840858983,VIIRS DNB,nW/cm2/sr,2017,"{""type"":""MultiPoint"",""coordinates"":[]}"
37_00000000000000000004,BA03050040,,,,,,,61.04,61,30018.6763396,TASWIL5000020230907KABKOTA,Ketapang,,2.43989292708,13.6255621311,4326,4,,,Ketapang,Kalimantan Barat,,0,,,2017-02,0.05657241413708559,2,0.05657241413708559,VIIRS DNB,nW/cm2/sr,2017,"{""type"":""MultiPoint"",""coordinates"":[]}"
37_0000000000000000000a,BA03050040,,,,,,,61.02,61,1935.41897259,TASWIL5000020230907KABKOTA,Mempawah,,0.157238724723,3.1173764195,4326,4,,,Mempawah,Kalimantan Barat,,0,,,2017-02,0.07568405242371531,2,0.07568405242371531,VIIRS DNB,nW/cm2/sr,2017,"{""type"":""MultiPoint"",""coordinates"":[]}"
37_0000000000000000000b,BA03050040,,,,,,,61.01,61,5937.99495327,TASWIL5000020230907KABKOTA,Sambas,,0.482557384329,4.23082967505,4326,4,,,Sambas,Kalimantan Barat,,0,,,2017-02,0.11245837940829916,2,0.11245837940829916,VIIRS DNB,nW/cm2/sr,2017,"{""type"":""MultiPoint"",""coordinates"":[]}"
37_0000000000000000000c,BA03050040,,,,,,,61.03,61,12452.2241518,TASWIL5000020230907KABKOTA,Sanggau,,1.01166258397,7.65307697656,4326,4,,,Sanggau,Kalimantan Barat,,0,,,2017-02,0.04484764868899216,2,0.04484764868899216,VIIRS DNB,nW/cm2/sr,2017,"{""type"":""MultiPoint"",""coordinates"":[]}"
37_0000000000000000000e,BA03050040,,,,,,,61.05,61,22025.7880014,TASWIL5000020230907KABKOTA,Sintang,,1.78944370224,11.9811145851,4326,4,,,Sintang,Kalimantan Barat,,0,,,2017-02,0.14894959571053795,2,0.14894959571053795,VIIRS DNB,nW/cm2/sr,2017,"{""type"":""MultiPoint"",""coordinates"":[]}"
37_00000000000000000003,BA03050040,,,,,,,61.11,61,4110.12301412,TASWIL5000020230907KABKOTA,Kayong Utara,,0.333972050772,6.99327188474,4326,4,,,Kayong Utara,Kalimantan Barat,,0,Ketapang,,2017-02,0.0078293541647936,2,0.0078293541647936,VIIRS DNB,nW/cm2/sr,2017,"{""type"":""MultiPoint"",""coordinates"":[]}"
37_00000000000000000007,BA03050040,,,,,,,61.12,61,8549.29358265,TASWIL5000020230907KABKOTA,Kubu Raya,,0.694575912143,12.4289126619,4326,4,,,Kubu Raya,Kalimantan Barat,,0,Pontianak,,2017-02,7.816259218886505E-4,2,7.816259218886505E-4,VIIRS DNB,nW/cm2/sr,2017,"{""type"":""MultiPoint"",""coordinates"":[]}"
37_00000000000000000008,BA03050040,,,,,,,61.08,61,8430.71056018,TASWIL5000020230907KABKOTA,Landak,,0.684950096963,6.11846983154,4326,4,,,Landak,Kalimantan Barat,,0,Pontianak,,2017-02,0.009000779772143771,2,0.009000779772143771,VIIRS DNB,nW/cm2/sr,2017,"{""type"":""MultiPoint"",""coordinates"":[]}"
37_00000000000000000000,BA03050040,,,,,,,61.07,61,5488.60795319,TASWIL5000020230907KABKOTA,Bengkayang,,0.445970285372,6.02675176554,4326,4,,,Bengkayang,Kalimantan Barat,,0,Sambas,,2017-02,0.02913814604484791,2,0.02913814604484791,VIIRS DNB,nW/cm2/sr,2017,"{""type"":""MultiPoint"",""coordinates"":[]}"
37_0000000000000000000d,BA03050040,,,,,,,61.09,61,5979.04370295,TASWIL5000020230907KABKOTA,Sekadau,,0.485752312966,4.89358511498,4326,4,,,Sekadau,Kalimantan Barat,,0,Sanggau,,2017-02,0.10452386370197002,2,0.10452386370197002,VIIRS DNB,nW/cm2/sr,2017,"{""type"":""MultiPoint"",""coordinates"":[]}"
37_00000000000000000009,BA03050040,,,,,,,61.10,61,10122.5133896,TASWIL5000020230907KABKOTA,Melawi,,0.822418686577,6.18884194372,4326,4,,,Melawi,Kalimantan Barat,,0,Sintang,,2017-02,0.15436701015177584,2,0.15436701015177584,VIIRS DNB,nW/cm2/sr,2017,"{""type"":""MultiPoint"",""coordinates"":[]}"
37_00000000000000000005,BA03050040,,,,,,,61.71,61,118.208752498,TASWIL5000020230907KABKOTA,Kota Pontianak,,0.00960338694431,0.439734620886,4326,5,,,Kota Pontianak,Kalimantan Barat,,0,,,2017-02,0.04177650902685058,2,0.04177650902685058,VIIRS DNB,nW/cm2/sr,2017,"{""type"":""MultiPoint"",""coordinates"":[]}"
37_00000000000000000006,BA03050040,,,,,,,61.72,61,550.186910141,TASWIL5000020230907KABKOTA,Kota Singkawang,,0.0447029151336,1.23074798661,4326,5,,,Kota Singkawang,Kalimantan Barat,,0,Bengkayang,,2017-02,3.953876828226737E-4,2,3.953876828226737E-4,VIIRS DNB,nW/cm2/sr,2017,"{""type"":""MultiPoint"",""coordinates"":[]}"
37_00000000000000000001,BA03050040,,,,,,,,61,0.446818812946,TASWIL5000020230907KABKOTA,Kalimantan Barat,"Berdasarkan Kepmendagri 050-145 Tahun 2022, masuk ke Kalimantan Barat",3.63047728111E-5,0.0520740876463,4326,999,,,,Kalimantan Barat,,0,,,2017-02,0.0,2,0.0,VIIRS DNB,nW/cm2/sr,2017,"{""type"":""MultiPoint"",""coordinates"":[]}"
38_00000000000000000002,BA03050040,,,,,,,61.06,61,31318.2461503,TASWIL5000020230907KABKOTA,Kapuas Hulu,,2.54462852025,10.3235168378,4326,4,,,Kapuas Hulu,Kalimantan Barat,,0,,,2017-03,0.3460768477044212,3,0.3460768477044212,VIIRS DNB,nW/cm2/sr,2017,"{""type"":""MultiPoint"",""coordinates"":[]}"
38_00000000000000000004,BA03050040,,,,,,,61.04,61,30018.6763396,TASWIL5000020230907KABKOTA,Ketapang,,2.43989292708,13.6255621311,4326,4,,,Ketapang,Kalimantan Barat,,0,,,2017-03,0.13960219049294945,3,0.13960219049294945,VIIRS DNB,nW/cm2/sr,2017,"{""type"":""MultiPoint"",""coordinates"":[]}"
38_0000000000000000000a,BA03050040,,,,,,,61.02,61,1935.41897259,TASWIL5000020230907KABKOTA,Mempawah,,0.157238724723,3.1173764195,4326,4,,,Mempawah,Kalimantan Barat,,0,,,2017-03,0.06065345681317828,3,0.06065345681317828,VIIRS DNB,nW/cm2/sr,2017,"{""type"":""MultiPoint"",""coordinates"":[]}"
38_0000000000000000000b,BA03050040,,,,,,,61.01,61,5937.99495327,TASWIL5000020230907KABKOTA,Sambas,,0.482557384329,4.23082967505,4326,4,,,Sambas,Kalimantan Barat,,0,,,2017-03,0.36733495855340437,3,0.36733495855340437,VIIRS DNB,nW/cm2/sr,2017,"{""type"":""MultiPoint"",""coordinates"":[]}"
38_0000000000000000000c,BA03050040,,,,,,,61.03,61,12452.2241518,TASWIL5000020230907KABKOTA,Sanggau,,1.01166258397,7.65307697656,4326,4,,,Sanggau,Kalimantan Barat,,0,,,2017-03,0.24798332326074796,3,0.24798332326074796,VIIRS DNB,nW/cm2/sr,2017,"{""type"":""MultiPoint"",""coordinates"":[]}"
38_0000000000000000000e,BA03050040,,,,,,,61.05,61,22025.7880014,TASWIL5000020230907KABKOTA,Sintang,,1.78944370224,11.9811145851,4326,4,,,Sintang,Kalimantan Barat,,0,,,2017-03,0.37930031559931016,3,0.37930031559931016,VIIRS DNB,nW/cm2/sr,2017,"{""type"":""MultiPoint"",""coordinates"":[]}"
38_00000000000000000003,BA03050040,,,,,,,61.11,61,4110.12301412,TASWIL5000020230907KABKOTA,Kayong Utara,,0.333972050772,6.99327188474,4326,4,,,Kayong Utara,Kalimantan Barat,,0,Ketapang,,2017-03,0.006946775973433735,3,0.006946775973433735,VIIRS DNB,nW/cm2/sr,2017,"{""type"":""MultiPoint"",""coordinates"":[]}"
38_00000000000000000007,BA03050040,,,,,,,61.12,61,8549.29358265,TASWIL5000020230907KABKOTA,Kubu Raya,,0.694575912143,12.4289126619,4326,4,,,Kubu Raya,Kalimantan Barat,,0,Pontianak,,2017-03,0.013241038199615921,3,0.013241038199615921,VIIRS DNB,nW/cm2/sr,2017,"{""type"":""MultiPoint"",""coordinates"":[]}"
38_00000000000000000008,BA03050040,,,,,,,61.08,61,8430.71056018,TASWIL5000020230907KABKOTA,Landak,,0.684950096963,6.11846983154,4326,4,,,Landak,Kalimantan Barat,,0,Pontianak,,2017-03,0.15307893280139875,3,0.15307893280139875,VIIRS DNB,nW/cm2/sr,2017,"{""type"":""MultiPoint"",""coordinates"":[]}"
38_00000000000000000000,BA03050040,,,,,,,61.07,61,5488.60795319,TASWIL5000020230907KABKOTA,Bengkayang,,0.445970285372,6.02675176554,4326,4,,,Bengkayang,Kalimantan Barat,,0,Sambas,,2017-03,0.3795391826496038,3,0.3795391826496038,VIIRS DNB,nW/cm2/sr,2017,"{""type"":""MultiPoint"",""coordinates"":[]}"
38_0000000000000000000d,BA03050040,,,,,,,61.09,61,5979.04370295,TASWIL5000020230907KABKOTA,Sekadau,,0.485752312966,4.89358511498,4326,4,,,Sekadau,Kalimantan Barat,,0,Sanggau,,2017-03,0.20701177614550614,3,0.20701177614550614,VIIRS DNB,nW/cm2/sr,2017,"{""type"":""MultiPoint"",""coordinates"":[]}"
38_00000000000000000009,BA03050040,,,,,,,61.10,61,10122.5133896,TASWIL5000020230907KABKOTA,Melawi,,0.822418686577,6.18884194372,4326,4,,,Melawi,Kalimantan Barat,,0,Sintang,,2017-03,0.12944779370360832,3,0.12944779370360832,VIIRS DNB,nW/cm2/sr,2017,"{""type"":""MultiPoint"",""coordinates"":[]}"
38_00000000000000000005,BA03050040,,,,,,,61.71,61,118.208752498,TASWIL5000020230907KABKOTA,Kota Pontianak,,0.00960338694431,0.439734620886,4326,5,,,Kota Pontianak,Kalimantan Barat,,0,,,2017-03,0.0,3,0.0,VIIRS DNB,nW/cm2/sr,2017,"{""type"":""MultiPoint"",""coordinates"":[]}"
38_00000000000000000006,BA03050040,,,,,,,61.72,61,550.186910141,TASWIL5000020230907KABKOTA,Kota Singkawang,,0.0447029151336,1.23074798661,4326,5,,,Kota Singkawang,Kalimantan Barat,,0,Bengkayang,,2017-03,0.9292141885724642,3,0.9292141885724642,VIIRS DNB,nW/cm2/sr,2017,"{""type"":""MultiPoint"",""coordinates"":[]}"
38_00000000000000000001,BA03050040,,,,,,,,61,0.446818812946,TASWIL5000020230907KABKOTA,Kalimantan Barat,"Berdasarkan Kepmendagri 050-145 Tahun 2022, masuk ke Kalimantan Barat",3.63047728111E-5,0.0520740876463,4326,999,,,,Kalimantan Barat,,0,,,2017-03,0.0,3,0.0,VIIRS DNB,nW/cm2/sr,2017,"{""type"":""MultiPoint"",""coordinates"":[]}"
39_00000000000000000002,BA03050040,,,,,,,61.06,61,31318.2461503,TASWIL5000020230907KABKOTA,Kapuas Hulu,,2.54462852025,10.3235168378,4326,4,,,Kapuas Hulu,Kalimantan Barat,,0,,,2017-04,0.3730679922147614,4,0.3730679922147614,VIIRS DNB,nW/cm2/sr,2017,"{""type"":""MultiPoint"",""coordinates"":[]}"
39_00000000000000000004,BA03050040,,,,,,,61.04,61,30018.6763396,TASWIL5000020230907KABKOTA,Ketapang,,2.43989292708,13.6255621311,4326,4,,,Ketapang,Kalimantan Barat,,0,,,2017-04,0.3457464709193447,4,0.3457464709193447,VIIRS DNB,nW/cm2/sr,2017,"{""type"":""MultiPoint"",""coordinates"":[]}"
39_0000000000000000000a,BA03050040,,,,,,,61.02,61,1935.41897259,TASWIL5000020230907KABKOTA,Mempawah,,0.157238724723,3.1173764195,4326,4,,,Mempawah,Kalimantan Barat,,0,,,2017-04,0.5873649546357609,4,0.5873649546357609,VIIRS DNB,nW/cm2/sr,2017,"{""type"":""MultiPoint"",""coordinates"":[]}"
39_0000000000000000000b,BA03050040,,,,,,,61.01,61,5937.99495327,TASWIL5000020230907KABKOTA,Sambas,,0.482557384329,4.23082967505,4326,4,,,Sambas,Kalimantan Barat,,0,,,2017-04,0.39564707186387604,4,0.39564707186387604,VIIRS DNB,nW/cm2/sr,2017,"{""type"":""MultiPoint"",""coordinates"":[]}"
39_0000000000000000000c,BA03050040,,,,,,,61.03,61,12452.2241518,TASWIL5000020230907KABKOTA,Sanggau,,1.01166258397,7.65307697656,4326,4,,,Sanggau,Kalimantan Barat,,0,,,2017-04,0.38276243684380384,4,0.38276243684380384,VIIRS DNB,nW/cm2/sr,2017,"{""type"":""MultiPoint"",""coordinates"":[]}"
39_0000000000000000000e,BA03050040,,,,,,,61.05,61,22025.7880014,TASWIL5000020230907KABKOTA,Sintang,,1.78944370224,11.9811145851,4326,4,,,Sintang,Kalimantan Barat,,0,,,2017-04,0.32797024396243674,4,0.32797024396243674,VIIRS DNB,nW/cm2/sr,2017,"{""type"":""MultiPoint"",""coordinates"":[]}"
39_00000000000000000003,BA03050040,,,,,,,61.11,61,4110.12301412,TASWIL5000020230907KABKOTA,Kayong Utara,,0.333972050772,6.99327188474,4326,4,,,Kayong Utara,Kalimantan Barat,,0,Ketapang,,2017-04,0.35799295784395674,4,0.35799295784395674,VIIRS DNB,nW/cm2/sr,2017,"{""type"":""MultiPoint"",""coordinates"":[]}"
39_00000000000000000007,BA03050040,,,,,,,61.12,61,8549.29358265,TASWIL5000020230907KABKOTA,Kubu Raya,,0.694575912143,12.4289126619,4326,4,,,Kubu Raya,Kalimantan Barat,,0,Pontianak,,2017-04,0.5243812089148434,4,0.5243812089148434,VIIRS DNB,nW/cm2/sr,2017,"{""type"":""MultiPoint"",""coordinates"":[]}"
39_00000000000000000008,BA03050040,,,,,,,61.08,61,8430.71056018,TASWIL5000020230907KABKOTA,Landak,,0.684950096963,6.11846983154,4326,4,,,Landak,Kalimantan Barat,,0,Pontianak,,2017-04,0.38930277474807107,4,0.38930277474807107,VIIRS DNB,nW/cm2/sr,2017,"{""type"":""MultiPoint"",""coordinates"":[]}"
39_00000000000000000000,BA03050040,,,,,,,61.07,61,5488.60795319,TASWIL5000020230907KABKOTA,Bengkayang,,0.445970285372,6.02675176554,4326,4,,,Bengkayang,Kalimantan Barat,,0,Sambas,,2017-04,0.37713602073786245,4,0.37713602073786245,VIIRS DNB,nW/cm2/sr,2017,"{""type"":""MultiPoint"",""coordinates"":[]}"
39_0000000000000000000d,BA03050040,,,,,,,61.09,61,5979.04370295,TASWIL5000020230907KABKOTA,Sekadau,,0.485752312966,4.89358511498,4326,4,,,Sekadau,Kalimantan Barat,,0,Sanggau,,2017-04,0.3793050591793884,4,0.3793050591793884,VIIRS DNB,nW/cm2/sr,2017,"{""type"":""MultiPoint"",""coordinates"":[]}"
39_00000000000000000009,BA03050040,,,,,,,61.10,61,10122.5133896,TASWIL5000020230907KABKOTA,Melawi,,0.822418686577,6.18884194372,4326,4,,,Melawi,Kalimantan Barat,,0,Sintang,,2017-04,0.35020331008971123,4,0.35020331008971123,VIIRS DNB,nW/cm2/sr,2017,"{""type"":""MultiPoint"",""coordinates"":[]}"
39_00000000000000000005,BA03050040,,,,,,,61.71,61,118.208752498,TASWIL5000020230907KABKOTA,Kota Pontianak,,0.00960338694431,0.439734620886,4326,5,,,Kota Pontianak,Kalimantan Barat,,0,,,2017-04,11.950408627065048,4,11.950408627065048,VIIRS DNB,nW/cm2/sr,2017,"{""type"":""MultiPoint"",""coordinates"":[]}"
39_00000000000000000006,BA03050040,,,,,,,61.72,61,550.186910141,TASWIL5000020230907KABKOTA,Kota Singkawang,,0.0447029151336,1.23074798661,4326,5,,,Kota Singkawang,Kalimantan Barat,,0,Bengkayang,,2017-04,0.8137009336719406,4,0.8137009336719406,VIIRS DNB,nW/cm2/sr,2017,"{""type"":""MultiPoint"",""coordinates"":[]}"
39_00000000000000000001,BA03050040,,,,,,,,61,0.446818812946,TASWIL5000020230907KABKOTA,Kalimantan Barat,"Berdasarkan Kepmendagri 050-145 Tahun 2022, masuk ke Kalimantan Barat",3.63047728111E-5,0.0520740876463,4326,999,,,,Kalimantan Barat,,0,,,2017-04,0.35564743952772215,4,0.35564743952772215,VIIRS DNB,nW/cm2/sr,2017,"{""type"":""MultiPoint"",""coordinates"":[]}"
40_00000000000000000002,BA03050040,,,,,,,61.06,61,31318.2461503,TASWIL5000020230907KABKOTA,Kapuas Hulu,,2.54462852025,10.3235168378,4326,4,,,Kapuas Hulu,Kalimantan Barat,,0,,,2017-05,0.2998630040251526,5,0.2998630040251526,VIIRS DNB,nW/cm2/sr,2017,"{""type"":""MultiPoint"",""coordinates"":[]}"
40_00000000000000000004,BA03050040,,,,,,,61.04,61,30018.6763396,TASWIL5000020230907KABKOTA,Ketapang,,2.43989292708,13.6255621311,4326,4,,,Ketapang,Kalimantan Barat,,0,,,2017-05,0.34321971372396065,5,0.34321971372396065,VIIRS DNB,nW/cm2/sr,2017,"{""type"":""MultiPoint"",""coordinates"":[]}"
40_0000000000000000000a,BA03050040,,,,,,,61.02,61,1935.41897259,TASWIL5000020230907KABKOTA,Mempawah,,0.157238724723,3.1173764195,4326,4,,,Mempawah,Kalimantan Barat,,0,,,2017-05,0.6263996057626369,5,0.6263996057626369,VIIRS DNB,nW/cm2/sr,2017,"{""type"":""MultiPoint"",""coordinates"":[]}"
40_0000000000000000000b,BA03050040,,,,,,,61.01,61,5937.99495327,TASWIL5000020230907KABKOTA,Sambas,,0.482557384329,4.23082967505,4326,4,,,Sambas,Kalimantan Barat,,0,,,2017-05,0.4026517045750587,5,0.4026517045750587,VIIRS DNB,nW/cm2/sr,2017,"{""type"":""MultiPoint"",""coordinates"":[]}"
40_0000000000000000000c,BA03050040,,,,,,,61.03,61,12452.2241518,TASWIL5000020230907KABKOTA,Sanggau,,1.01166258397,7.65307697656,4326,4,,,Sanggau,Kalimantan Barat,,0,,,2017-05,0.43621080587880545,5,0.43621080587880545,VIIRS DNB,nW/cm2/sr,2017,"{""type"":""MultiPoint"",""coordinates"":[]}"
40_0000000000000000000e,BA03050040,,,,,,,61.05,61,22025.7880014,TASWIL5000020230907KABKOTA,Sintang,,1.78944370224,11.9811145851,4326,4,,,Sintang,Kalimantan Barat,,0,,,2017-05,0.2720859582809078,5,0.2720859582809078,VIIRS DNB,nW/cm2/sr,2017,"{""type"":""MultiPoint"",""coordinates"":[]}"
40_00000000000000000003,BA03050040,,,,,,,61.11,61,4110.12301412,TASWIL5000020230907KABKOTA,Kayong Utara,,0.333972050772,6.99327188474,4326,4,,,Kayong Utara,Kalimantan Barat,,0,Ketapang,,2017-05,0.3846157402689265,5,0.3846157402689265,VIIRS DNB,nW/cm2/sr,2017,"{""type"":""MultiPoint"",""coordinates"":[]}"
40_00000000000000000007,BA03050040,,,,,,,61.12,61,8549.29358265,TASWIL5000020230907KABKOTA,Kubu Raya,,0.694575912143,12.4289126619,4326,4,,,Kubu Raya,Kalimantan Barat,,0,Pontianak,,2017-05,0.614793603794621,5,0.614793603794621,VIIRS DNB,nW/cm2/sr,2017,"{""type"":""MultiPoint"",""coordinates"":[]}"
40_00000000000000000008,BA03050040,,,,,,,61.08,61,8430.71056018,TASWIL5000020230907KABKOTA,Landak,,0.684950096963,6.11846983154,4326,4,,,Landak,Kalimantan Barat,,0,Pontianak,,2017-05,0.40387412077508433,5,0.40387412077508433,VIIRS DNB,nW/cm2/sr,2017,"{""type"":""MultiPoint"",""coordinates"":[]}"
40_00000000000000000000,BA03050040,,,,,,,61.07,61,5488.60795319,TASWIL5000020230907KABKOTA,Bengkayang,,0.445970285372,6.02675176554,4326,4,,,Bengkayang,Kalimantan Barat,,0,Sambas,,2017-05,0.39304265792627796,5,0.39304265792627796,VIIRS DNB,nW/cm2/sr,2017,"{""type"":""MultiPoint"",""coordinates"":[]}"
40_0000000000000000000d,BA03050040,,,,,,,61.09,61,5979.04370295,TASWIL5000020230907KABKOTA,Sekadau,,0.485752312966,4.89358511498,4326,4,,,Sekadau,Kalimantan Barat,,0,Sanggau,,2017-05,0.4366024825590173,5,0.4366024825590173,VIIRS DNB,nW/cm2/sr,2017,"{""type"":""MultiPoint"",""coordinates"":[]}"
40_00000000000000000009,BA03050040,,,,,,,61.10,61,10122.5133896,TASWIL5000020230907KABKOTA,Melawi,,0.822418686577,6.18884194372,4326,4,,,Melawi,Kalimantan Barat,,0,Sintang,,2017-05,0.38183871378303164,5,0.38183871378303164,VIIRS DNB,nW/cm2/sr,2017,"{""type"":""MultiPoint"",""coordinates"":[]}"
40_00000000000000000005,BA03050040,,,,,,,61.71,61,118.208752498,TASWIL5000020230907KABKOTA,Kota Pontianak,,0.00960338694431,0.439734620886,4326,5,,,Kota Pontianak,Kalimantan Barat,,0,,,2017-05,13.04554117164345,5,13.04554117164345,VIIRS DNB,nW/cm2/sr,2017,"{""type"":""MultiPoint"",""coordinates"":[]}"
40_00000000000000000006,BA03050040,,,,,,,61.72,61,550.186910141,TASWIL5000020230907KABKOTA,Kota Singkawang,,0.0447029151336,1.23074798661,4326,5,,,Kota Singkawang,Kalimantan Barat,,0,Bengkayang,,2017-05,0.7771026018639557,5,0.7771026018639557,VIIRS DNB,nW/cm2/sr,2017,"{""type"":""MultiPoint"",""coordinates"":[]}"
40_00000000000000000001,BA03050040,,,,,,,,61,0.446818812946,TASWIL5000020230907KABKOTA,Kalimantan Barat,"Berdasarkan Kepmendagri 050-145 Tahun 2022, masuk ke Kalimantan Barat",3.63047728111E-5,0.0520740876463,4326,999,,,,Kalimantan Barat,,0,,,2017-05,0.4143132320039846,5,0.4143132320039846,VIIRS DNB,nW/cm2/sr,2017,"{""type"":""MultiPoint"",""coordinates"":[]}"
41_00000000000000000002,BA03050040,,,,,,,61.06,61,31318.2461503,TASWIL5000020230907KABKOTA,Kapuas Hulu,,2.54462852025,10.3235168378,4326,4,,,Kapuas Hulu,Kalimantan Barat,,0,,,2017-06,0.14111267589694454,6,0.14111267589694454,VIIRS DNB,nW/cm2/sr,2017,"{""type"":""MultiPoint"",""coordinates"":[]}"
41_00000000000000000004,BA03050040,,,,,,,61.04,61,30018.6763396,TASWIL5000020230907KABKOTA,Ketapang,,2.43989292708,13.6255621311,4326,4,,,Ketapang,Kalimantan Barat,,0,,,2017-06,0.17925434660904183,6,0.17925434660904183,VIIRS DNB,nW/cm2/sr,2017,"{""type"":""MultiPoint"",""coordinates"":[]}"
41_0000000000000000000a,BA03050040,,,,,,,61.02,61,1935.41897259,TASWIL5000020230907KABKOTA,Mempawah,,0.157238724723,3.1173764195,4326,4,,,Mempawah,Kalimantan Barat,,0,,,2017-06,0.4737708829417321,6,0.4737708829417321,VIIRS DNB,nW/cm2/sr,2017,"{""type"":""MultiPoint"",""coordinates"":[]}"
41_0000000000000000000b,BA03050040,,,,,,,61.01,61,5937.99495327,TASWIL5000020230907KABKOTA,Sambas,,0.482557384329,4.23082967505,4326,4,,,Sambas,Kalimantan Barat,,0,,,2017-06,0.2997454973715674,6,0.2997454973715674,VIIRS DNB,nW/cm2/sr,2017,"{""type"":""MultiPoint"",""coordinates"":[]}"
41_0000000000000000000c,BA03050040,,,,,,,61.03,61,12452.2241518,TASWIL5000020230907KABKOTA,Sanggau,,1.01166258397,7.65307697656,4326,4,,,Sanggau,Kalimantan Barat,,0,,,2017-06,0.19826334877840893,6,0.19826334877840893,VIIRS DNB,nW/cm2/sr,2017,"{""type"":""MultiPoint"",""coordinates"":[]}"
41_0000000000000000000e,BA03050040,,,,,,,61.05,61,22025.7880014,TASWIL5000020230907KABKOTA,Sintang,,1.78944370224,11.9811145851,4326,4,,,Sintang,Kalimantan Barat,,0,,,2017-06,0.14439947879042447,6,0.14439947879042447,VIIRS DNB,nW/cm2/sr,2017,"{""type"":""MultiPoint"",""coordinates"":[]}"
41_00000000000000000003,BA03050040,,,,,,,61.11,61,4110.12301412,TASWIL5000020230907KABKOTA,Kayong Utara,,0.333972050772,6.99327188474,4326,4,,,Kayong Utara,Kalimantan Barat,,0,Ketapang,,2017-06,0.17278525201761252,6,0.17278525201761252,VIIRS DNB,nW/cm2/sr,2017,"{""type"":""MultiPoint"",""coordinates"":[]}"
41_00000000000000000007,BA03050040,,,,,,,61.12,61,8549.29358265,TASWIL5000020230907KABKOTA,Kubu Raya,,0.694575912143,12.4289126619,4326,4,,,Kubu Raya,Kalimantan Barat,,0,Pontianak,,2017-06,0.2879891276733427,6,0.2879891276733427,VIIRS DNB,nW/cm2/sr,2017,"{""type"":""MultiPoint"",""coordinates"":[]}"
41_00000000000000000008,BA03050040,,,,,,,61.08,61,8430.71056018,TASWIL5000020230907KABKOTA,Landak,,0.684950096963,6.11846983154,4326,4,,,Landak,Kalimantan Barat,,0,Pontianak,,2017-06,0.22499447172635811,6,0.22499447172635811,VIIRS DNB,nW/cm2/sr,2017,"{""type"":""MultiPoint"",""coordinates"":[]}"
41_00000000000000000000,BA03050040,,,,,,,61.07,61,5488.60795319,TASWIL5000020230907KABKOTA,Bengkayang,,0.445970285372,6.02675176554,4326,4,,,Bengkayang,Kalimantan Barat,,0,Sambas,,2017-06,0.24908475656416473,6,0.24908475656416473,VIIRS DNB,nW/cm2/sr,2017,"{""type"":""MultiPoint"",""coordinates"":[]}"
41_0000000000000000000d,BA03050040,,,,,,,61.09,61,5979.04370295,TASWIL5000020230907KABKOTA,Sekadau,,0.485752312966,4.89358511498,4326,4,,,Sekadau,Kalimantan Barat,,0,Sanggau,,2017-06,0.15370453578493506,6,0.15370453578493506,VIIRS DNB,nW/cm2/sr,2017,"{""type"":""MultiPoint"",""coordinates"":[]}"
41_00000000000000000009,BA03050040,,,,,,,61.10,61,10122.5133896,TASWIL5000020230907KABKOTA,Melawi,,0.822418686577,6.18884194372,4326,4,,,Melawi,Kalimantan Barat,,0,Sintang,,2017-06,0.14283259305409302,6,0.14283259305409302,VIIRS DNB,nW/cm2/sr,2017,"{""type"":""MultiPoint"",""coordinates"":[]}"
41_00000000000000000005,BA03050040,,,,,,,61.71,61,118.208752498,TASWIL5000020230907KABKOTA,Kota Pontianak,,0.00960338694431,0.439734620886,4326,5,,,Kota Pontianak,Kalimantan Barat,,0,,,2017-06,13.077093999605054,6,13.077093999605054,VIIRS DNB,nW/cm2/sr,2017,"{""type"":""MultiPoint"",""coordinates"":[]}"
41_00000000000000000006,BA03050040,,,,,,,61.72,61,550.186910141,TASWIL5000020230907KABKOTA,Kota Singkawang,,0.0447029151336,1.23074798661,4326,5,,,Kota Singkawang,Kalimantan Barat,,0,Bengkayang,,2017-06,0.836508260413345,6,0.836508260413345,VIIRS DNB,nW/cm2/sr,2017,"{""type"":""MultiPoint"",""coordinates"":[]}"
41_00000000000000000001,BA03050040,,,,,,,,61,0.446818812946,TASWIL5000020230907KABKOTA,Kalimantan Barat,"Berdasarkan Kepmendagri 050-145 Tahun 2022, masuk ke Kalimantan Barat",3.63047728111E-5,0.0520740876463,4326,999,,,,Kalimantan Barat,,0,,,2017-06,0.20620741640889884,6,0.20620741640889884,VIIRS DNB,nW/cm2/sr,2017,"{""type"":""MultiPoint"",""coordinates"":[]}"
42_00000000000000000002,BA03050040,,,,,,,61.06,61,31318.2461503,TASWIL5000020230907KABKOTA,Kapuas Hulu,,2.54462852025,10.3235168378,4326,4,,,Kapuas Hulu,Kalimantan Barat,,0,,,2017-07,0.08676740405080795,7,0.08676740405080795,VIIRS DNB,nW/cm2/sr,2017,"{""type"":""MultiPoint"",""coordinates"":[]}"
42_00000000000000000004,BA03050040,,,,,,,61.04,61,30018.6763396,TASWIL5000020230907KABKOTA,Ketapang,,2.43989292708,13.6255621311,4326,4,,,Ketapang,Kalimantan Barat,,0,,,2017-07,0.09856875855017991,7,0.09856875855017991,VIIRS DNB,nW/cm2/sr,2017,"{""type"":""MultiPoint"",""coordinates"":[]}"
42_0000000000000000000a,BA03050040,,,,,,,61.02,61,1935.41897259,TASWIL5000020230907KABKOTA,Mempawah,,0.157238724723,3.1173764195,4326,4,,,Mempawah,Kalimantan Barat,,0,,,2017-07,0.35300256476802505,7,0.35300256476802505,VIIRS DNB,nW/cm2/sr,2017,"{""type"":""MultiPoint"",""coordinates"":[]}"
42_0000000000000000000b,BA03050040,,,,,,,61.01,61,5937.99495327,TASWIL5000020230907KABKOTA,Sambas,,0.482557384329,4.23082967505,4326,4,,,Sambas,Kalimantan Barat,,0,,,2017-07,0.15397444119167636,7,0.15397444119167636,VIIRS DNB,nW/cm2/sr,2017,"{""type"":""MultiPoint"",""coordinates"":[]}"
42_0000000000000000000c,BA03050040,,,,,,,61.03,61,12452.2241518,TASWIL5000020230907KABKOTA,Sanggau,,1.01166258397,7.65307697656,4326,4,,,Sanggau,Kalimantan Barat,,0,,,2017-07,0.11661089673910159,7,0.11661089673910159,VIIRS DNB,nW/cm2/sr,2017,"{""type"":""MultiPoint"",""coordinates"":[]}"
42_0000000000000000000e,BA03050040,,,,,,,61.05,61,22025.7880014,TASWIL5000020230907KABKOTA,Sintang,,1.78944370224,11.9811145851,4326,4,,,Sintang,Kalimantan Barat,,0,,,2017-07,0.10093310341934385,7,0.10093310341934385,VIIRS DNB,nW/cm2/sr,2017,"{""type"":""MultiPoint"",""coordinates"":[]}"
42_00000000000000000003,BA03050040,,,,,,,61.11,61,4110.12301412,TASWIL5000020230907KABKOTA,Kayong Utara,,0.333972050772,6.99327188474,4326,4,,,Kayong Utara,Kalimantan Barat,,0,Ketapang,,2017-07,0.09738901936091307,7,0.09738901936091307,VIIRS DNB,nW/cm2/sr,2017,"{""type"":""MultiPoint"",""coordinates"":[]}"
42_00000000000000000007,BA03050040,,,,,,,61.12,61,8549.29358265,TASWIL5000020230907KABKOTA,Kubu Raya,,0.694575912143,12.4289126619,4326,4,,,Kubu Raya,Kalimantan Barat,,0,Pontianak,,2017-07,0.27701049979866627,7,0.27701049979866627,VIIRS DNB,nW/cm2/sr,2017,"{""type"":""MultiPoint"",""coordinates"":[]}"
42_00000000000000000008,BA03050040,,,,,,,61.08,61,8430.71056018,TASWIL5000020230907KABKOTA,Landak,,0.684950096963,6.11846983154,4326,4,,,Landak,Kalimantan Barat,,0,Pontianak,,2017-07,0.1114375419480158,7,0.1114375419480158,VIIRS DNB,nW/cm2/sr,2017,"{""type"":""MultiPoint"",""coordinates"":[]}"
42_00000000000000000000,BA03050040,,,,,,,61.07,61,5488.60795319,TASWIL5000020230907KABKOTA,Bengkayang,,0.445970285372,6.02675176554,4326,4,,,Bengkayang,Kalimantan Barat,,0,Sambas,,2017-07,0.10249184021686031,7,0.10249184021686031,VIIRS DNB,nW/cm2/sr,2017,"{""type"":""MultiPoint"",""coordinates"":[]}"
42_0000000000000000000d,BA03050040,,,,,,,61.09,61,5979.04370295,TASWIL5000020230907KABKOTA,Sekadau,,0.485752312966,4.89358511498,4326,4,,,Sekadau,Kalimantan Barat,,0,Sanggau,,2017-07,0.1034870614084421,7,0.1034870614084421,VIIRS DNB,nW/cm2/sr,2017,"{""type"":""MultiPoint"",""coordinates"":[]}"
42_00000000000000000009,BA03050040,,,,,,,61.10,61,10122.5133896,TASWIL5000020230907KABKOTA,Melawi,,0.822418686577,6.18884194372,4326,4,,,Melawi,Kalimantan Barat,,0,Sintang,,2017-07,0.08785745882048226,7,0.08785745882048226,VIIRS DNB,nW/cm2/sr,2017,"{""type"":""MultiPoint"",""coordinates"":[]}"
42_00000000000000000005,BA03050040,,,,,,,61.71,61,118.208752498,TASWIL5000020230907KABKOTA,Kota Pontianak,,0.00960338694431,0.439734620886,4326,5,,,Kota Pontianak,Kalimantan Barat,,0,,,2017-07,13.13399570330561,7,13.13399570330561,VIIRS DNB,nW/cm2/sr,2017,"{""type"":""MultiPoint"",""coordinates"":[]}"
42_00000000000000000006,BA03050040,,,,,,,61.72,61,550.186910141,TASWIL5000020230907KABKOTA,Kota Singkawang,,0.0447029151336,1.23074798661,4326,5,,,Kota Singkawang,Kalimantan Barat,,0,Bengkayang,,2017-07,0.6439323435826438,7,0.6439323435826438,VIIRS DNB,nW/cm2/sr,2017,"{""type"":""MultiPoint"",""coordinates"":[]}"
42_00000000000000000001,BA03050040,,,,,,,,61,0.446818812946,TASWIL5000020230907KABKOTA,Kalimantan Barat,"Berdasarkan Kepmendagri 050-145 Tahun 2022, masuk ke Kalimantan Barat",3.63047728111E-5,0.0520740876463,4326,999,,,,Kalimantan Barat,,0,,,2017-07,0.08340363742713766,7,0.08340363742713766,VIIRS DNB,nW/cm2/sr,2017,"{""type"":""MultiPoint"",""coordinates"":[]}"
43_00000000000000000002,BA03050040,,,,,,,61.06,61,31318.2461503,TASWIL5000020230907KABKOTA,Kapuas Hulu,,2.54462852025,10.3235168378,4326,4,,,Kapuas Hulu,Kalimantan Barat,,0,,,2017-08,0.07608471462494829,8,0.07608471462494829,VIIRS DNB,nW/cm2/sr,2017,"{""type"":""MultiPoint"",""coordinates"":[]}"
43_00000000000000000004,BA03050040,,,,,,,61.04,61,30018.6763396,TASWIL5000020230907KABKOTA,Ketapang,,2.43989292708,13.6255621311,4326,4,,,Ketapang,Kalimantan Barat,,0,,,2017-08,0.10154932297703186,8,0.10154932297703186,VIIRS DNB,nW/cm2/sr,2017,"{""type"":""MultiPoint"",""coordinates"":[]}"
43_0000000000000000000a,BA03050040,,,,,,,61.02,61,1935.41897259,TASWIL5000020230907KABKOTA,Mempawah,,0.157238724723,3.1173764195,4326,4,,,Mempawah,Kalimantan Barat,,0,,,2017-08,0.35286637460451115,8,0.35286637460451115,VIIRS DNB,nW/cm2/sr,2017,"{""type"":""MultiPoint"",""coordinates"":[]}"
43_0000000000000000000b,BA03050040,,,,,,,61.01,61,5937.99495327,TASWIL5000020230907KABKOTA,Sambas,,0.482557384329,4.23082967505,4326,4,,,Sambas,Kalimantan Barat,,0,,,2017-08,0.20587828067535943,8,0.20587828067535943,VIIRS DNB,nW/cm2/sr,2017,"{""type"":""MultiPoint"",""coordinates"":[]}"
43_0000000000000000000c,BA03050040,,,,,,,61.03,61,12452.2241518,TASWIL5000020230907KABKOTA,Sanggau,,1.01166258397,7.65307697656,4326,4,,,Sanggau,Kalimantan Barat,,0,,,2017-08,0.10605054835842925,8,0.10605054835842925,VIIRS DNB,nW/cm2/sr,2017,"{""type"":""MultiPoint"",""coordinates"":[]}"
43_0000000000000000000e,BA03050040,,,,,,,61.05,61,22025.7880014,TASWIL5000020230907KABKOTA,Sintang,,1.78944370224,11.9811145851,4326,4,,,Sintang,Kalimantan Barat,,0,,,2017-08,0.10844650356420583,8,0.10844650356420583,VIIRS DNB,nW/cm2/sr,2017,"{""type"":""MultiPoint"",""coordinates"":[]}"
43_00000000000000000003,BA03050040,,,,,,,61.11,61,4110.12301412,TASWIL5000020230907KABKOTA,Kayong Utara,,0.333972050772,6.99327188474,4326,4,,,Kayong Utara,Kalimantan Barat,,0,Ketapang,,2017-08,0.09728895549180831,8,0.09728895549180831,VIIRS DNB,nW/cm2/sr,2017,"{""type"":""MultiPoint"",""coordinates"":[]}"
43_00000000000000000007,BA03050040,,,,,,,61.12,61,8549.29358265,TASWIL5000020230907KABKOTA,Kubu Raya,,0.694575912143,12.4289126619,4326,4,,,Kubu Raya,Kalimantan Barat,,0,Pontianak,,2017-08,0.25760298088554656,8,0.25760298088554656,VIIRS DNB,nW/cm2/sr,2017,"{""type"":""MultiPoint"",""coordinates"":[]}"
43_00000000000000000008,BA03050040,,,,,,,61.08,61,8430.71056018,TASWIL5000020230907KABKOTA,Landak,,0.684950096963,6.11846983154,4326,4,,,Landak,Kalimantan Barat,,0,Pontianak,,2017-08,0.16370896866046122,8,0.16370896866046122,VIIRS DNB,nW/cm2/sr,2017,"{""type"":""MultiPoint"",""coordinates"":[]}"
43_00000000000000000000,BA03050040,,,,,,,61.07,61,5488.60795319,TASWIL5000020230907KABKOTA,Bengkayang,,0.445970285372,6.02675176554,4326,4,,,Bengkayang,Kalimantan Barat,,0,Sambas,,2017-08,0.10675920364353188,8,0.10675920364353188,VIIRS DNB,nW/cm2/sr,2017,"{""type"":""MultiPoint"",""coordinates"":[]}"
43_0000000000000000000d,BA03050040,,,,,,,61.09,61,5979.04370295,TASWIL5000020230907KABKOTA,Sekadau,,0.485752312966,4.89358511498,4326,4,,,Sekadau,Kalimantan Barat,,0,Sanggau,,2017-08,0.09869871938796193,8,0.09869871938796193,VIIRS DNB,nW/cm2/sr,2017,"{""type"":""MultiPoint"",""coordinates"":[]}"
43_00000000000000000009,BA03050040,,,,,,,61.10,61,10122.5133896,TASWIL5000020230907KABKOTA,Melawi,,0.822418686577,6.18884194372,4326,4,,,Melawi,Kalimantan Barat,,0,Sintang,,2017-08,0.09516294061433886,8,0.09516294061433886,VIIRS DNB,nW/cm2/sr,2017,"{""type"":""MultiPoint"",""coordinates"":[]}"
43_00000000000000000005,BA03050040,,,,,,,61.71,61,118.208752498,TASWIL5000020230907KABKOTA,Kota Pontianak,,0.00960338694431,0.439734620886,4326,5,,,Kota Pontianak,Kalimantan Barat,,0,,,2017-08,8.775147494590996,8,8.775147494590996,VIIRS DNB,nW/cm2/sr,2017,"{""type"":""MultiPoint"",""coordinates"":[]}"
43_00000000000000000006,BA03050040,,,,,,,61.72,61,550.186910141,TASWIL5000020230907KABKOTA,Kota Singkawang,,0.0447029151336,1.23074798661,4326,5,,,Kota Singkawang,Kalimantan Barat,,0,Bengkayang,,2017-08,0.3804886861961542,8,0.3804886861961542,VIIRS DNB,nW/cm2/sr,2017,"{""type"":""MultiPoint"",""coordinates"":[]}"
43_00000000000000000001,BA03050040,,,,,,,,61,0.446818812946,TASWIL5000020230907KABKOTA,Kalimantan Barat,"Berdasarkan Kepmendagri 050-145 Tahun 2022, masuk ke Kalimantan Barat",3.63047728111E-5,0.0520740876463,4326,999,,,,Kalimantan Barat,,0,,,2017-08,0.0668950110353184,8,0.0668950110353184,VIIRS DNB,nW/cm2/sr,2017,"{""type"":""MultiPoint"",""coordinates"":[]}"
44_00000000000000000002,BA03050040,,,,,,,61.06,61,31318.2461503,TASWIL5000020230907KABKOTA,Kapuas Hulu,,2.54462852025,10.3235168378,4326,4,,,Kapuas Hulu,Kalimantan Barat,,0,,,2017-09,0.18389464200666317,9,0.18389464200666317,VIIRS DNB,nW/cm2/sr,2017,"{""type"":""MultiPoint"",""coordinates"":[]}"
44_00000000000000000004,BA03050040,,,,,,,61.04,61,30018.6763396,TASWIL5000020230907KABKOTA,Ketapang,,2.43989292708,13.6255621311,4326,4,,,Ketapang,Kalimantan Barat,,0,,,2017-09,0.22487826691137866,9,0.22487826691137866,VIIRS DNB,nW/cm2/sr,2017,"{""type"":""MultiPoint"",""coordinates"":[]}"
44_0000000000000000000a,BA03050040,,,,,,,61.02,61,1935.41897259,TASWIL5000020230907KABKOTA,Mempawah,,0.157238724723,3.1173764195,4326,4,,,Mempawah,Kalimantan Barat,,0,,,2017-09,0.3081849055905998,9,0.3081849055905998,VIIRS DNB,nW/cm2/sr,2017,"{""type"":""MultiPoint"",""coordinates"":[]}"
44_0000000000000000000b,BA03050040,,,,,,,61.01,61,5937.99495327,TASWIL5000020230907KABKOTA,Sambas,,0.482557384329,4.23082967505,4326,4,,,Sambas,Kalimantan Barat,,0,,,2017-09,0.20252322098635953,9,0.20252322098635953,VIIRS DNB,nW/cm2/sr,2017,"{""type"":""MultiPoint"",""coordinates"":[]}"
44_0000000000000000000c,BA03050040,,,,,,,61.03,61,12452.2241518,TASWIL5000020230907KABKOTA,Sanggau,,1.01166258397,7.65307697656,4326,4,,,Sanggau,Kalimantan Barat,,0,,,2017-09,0.19876690190056454,9,0.19876690190056454,VIIRS DNB,nW/cm2/sr,2017,"{""type"":""MultiPoint"",""coordinates"":[]}"
44_0000000000000000000e,BA03050040,,,,,,,61.05,61,22025.7880014,TASWIL5000020230907KABKOTA,Sintang,,1.78944370224,11.9811145851,4326,4,,,Sintang,Kalimantan Barat,,0,,,2017-09,0.16218817692502266,9,0.16218817692502266,VIIRS DNB,nW/cm2/sr,2017,"{""type"":""MultiPoint"",""coordinates"":[]}"
44_00000000000000000003,BA03050040,,,,,,,61.11,61,4110.12301412,TASWIL5000020230907KABKOTA,Kayong Utara,,0.333972050772,6.99327188474,4326,4,,,Kayong Utara,Kalimantan Barat,,0,Ketapang,,2017-09,0.20471242586922955,9,0.20471242586922955,VIIRS DNB,nW/cm2/sr,2017,"{""type"":""MultiPoint"",""coordinates"":[]}"
44_00000000000000000007,BA03050040,,,,,,,61.12,61,8549.29358265,TASWIL5000020230907KABKOTA,Kubu Raya,,0.694575912143,12.4289126619,4326,4,,,Kubu Raya,Kalimantan Barat,,0,Pontianak,,2017-09,0.3036426714046826,9,0.3036426714046826,VIIRS DNB,nW/cm2/sr,2017,"{""type"":""MultiPoint"",""coordinates"":[]}"
44_00000000000000000008,BA03050040,,,,,,,61.08,61,8430.71056018,TASWIL5000020230907KABKOTA,Landak,,0.684950096963,6.11846983154,4326,4,,,Landak,Kalimantan Barat,,0,Pontianak,,2017-09,0.1901962207656416,9,0.1901962207656416,VIIRS DNB,nW/cm2/sr,2017,"{""type"":""MultiPoint"",""coordinates"":[]}"
44_00000000000000000000,BA03050040,,,,,,,61.07,61,5488.60795319,TASWIL5000020230907KABKOTA,Bengkayang,,0.445970285372,6.02675176554,4326,4,,,Bengkayang,Kalimantan Barat,,0,Sambas,,2017-09,0.16248269752103423,9,0.16248269752103423,VIIRS DNB,nW/cm2/sr,2017,"{""type"":""MultiPoint"",""coordinates"":[]}"
44_0000000000000000000d,BA03050040,,,,,,,61.09,61,5979.04370295,TASWIL5000020230907KABKOTA,Sekadau,,0.485752312966,4.89358511498,4326,4,,,Sekadau,Kalimantan Barat,,0,Sanggau,,2017-09,0.18882503456679767,9,0.18882503456679767,VIIRS DNB,nW/cm2/sr,2017,"{""type"":""MultiPoint"",""coordinates"":[]}"
44_00000000000000000009,BA03050040,,,,,,,61.10,61,10122.5133896,TASWIL5000020230907KABKOTA,Melawi,,0.822418686577,6.18884194372,4326,4,,,Melawi,Kalimantan Barat,,0,Sintang,,2017-09,0.18706550984391285,9,0.18706550984391285,VIIRS DNB,nW/cm2/sr,2017,"{""type"":""MultiPoint"",""coordinates"":[]}"
44_00000000000000000005,BA03050040,,,,,,,61.71,61,118.208752498,TASWIL5000020230907KABKOTA,Kota Pontianak,,0.00960338694431,0.439734620886,4326,5,,,Kota Pontianak,Kalimantan Barat,,0,,,2017-09,9.931410063082364,9,9.931410063082364,VIIRS DNB,nW/cm2/sr,2017,"{""type"":""MultiPoint"",""coordinates"":[]}"
44_00000000000000000006,BA03050040,,,,,,,61.72,61,550.186910141,TASWIL5000020230907KABKOTA,Kota Singkawang,,0.0447029151336,1.23074798661,4326,5,,,Kota Singkawang,Kalimantan Barat,,0,Bengkayang,,2017-09,0.605640404845425,9,0.605640404845425,VIIRS DNB,nW/cm2/sr,2017,"{""type"":""MultiPoint"",""coordinates"":[]}"
44_00000000000000000001,BA03050040,,,,,,,,61,0.446818812946,TASWIL5000020230907KABKOTA,Kalimantan Barat,"Berdasarkan Kepmendagri 050-145 Tahun 2022, masuk ke Kalimantan Barat",3.63047728111E-5,0.0520740876463,4326,999,,,,Kalimantan Barat,,0,,,2017-09,0.1738357720259273,9,0.1738357720259273,VIIRS DNB,nW/cm2/sr,2017,"{""type"":""MultiPoint"",""coordinates"":[]}"
45_00000000000000000002,BA03050040,,,,,,,61.06,61,31318.2461503,TASWIL5000020230907KABKOTA,Kapuas Hulu,,2.54462852025,10.3235168378,4326,4,,,Kapuas Hulu,Kalimantan Barat,,0,,,2017-10,0.16687472809631856,10,0.16687472809631856,VIIRS DNB,nW/cm2/sr,2017,"{""type"":""MultiPoint"",""coordinates"":[]}"
45_00000000000000000004,BA03050040,,,,,,,61.04,61,30018.6763396,TASWIL5000020230907KABKOTA,Ketapang,,2.43989292708,13.6255621311,4326,4,,,Ketapang,Kalimantan Barat,,0,,,2017-10,0.17699327378494414,10,0.17699327378494414,VIIRS DNB,nW/cm2/sr,2017,"{""type"":""MultiPoint"",""coordinates"":[]}"
45_0000000000000000000a,BA03050040,,,,,,,61.02,61,1935.41897259,TASWIL5000020230907KABKOTA,Mempawah,,0.157238724723,3.1173764195,4326,4,,,Mempawah,Kalimantan Barat,,0,,,2017-10,0.16401474522983436,10,0.16401474522983436,VIIRS DNB,nW/cm2/sr,2017,"{""type"":""MultiPoint"",""coordinates"":[]}"
45_0000000000000000000b,BA03050040,,,,,,,61.01,61,5937.99495327,TASWIL5000020230907KABKOTA,Sambas,,0.482557384329,4.23082967505,4326,4,,,Sambas,Kalimantan Barat,,0,,,2017-10,0.13477301643280257,10,0.13477301643280257,VIIRS DNB,nW/cm2/sr,2017,"{""type"":""MultiPoint"",""coordinates"":[]}"
45_0000000000000000000c,BA03050040,,,,,,,61.03,61,12452.2241518,TASWIL5000020230907KABKOTA,Sanggau,,1.01166258397,7.65307697656,4326,4,,,Sanggau,Kalimantan Barat,,0,,,2017-10,0.1543735425130152,10,0.1543735425130152,VIIRS DNB,nW/cm2/sr,2017,"{""type"":""MultiPoint"",""coordinates"":[]}"
45_0000000000000000000e,BA03050040,,,,,,,61.05,61,22025.7880014,TASWIL5000020230907KABKOTA,Sintang,,1.78944370224,11.9811145851,4326,4,,,Sintang,Kalimantan Barat,,0,,,2017-10,0.15653425882596628,10,0.15653425882596628,VIIRS DNB,nW/cm2/sr,2017,"{""type"":""MultiPoint"",""coordinates"":[]}"
45_00000000000000000003,BA03050040,,,,,,,61.11,61,4110.12301412,TASWIL5000020230907KABKOTA,Kayong Utara,,0.333972050772,6.99327188474,4326,4,,,Kayong Utara,Kalimantan Barat,,0,Ketapang,,2017-10,0.15027795234495847,10,0.15027795234495847,VIIRS DNB,nW/cm2/sr,2017,"{""type"":""MultiPoint"",""coordinates"":[]}"
45_00000000000000000007,BA03050040,,,,,,,61.12,61,8549.29358265,TASWIL5000020230907KABKOTA,Kubu Raya,,0.694575912143,12.4289126619,4326,4,,,Kubu Raya,Kalimantan Barat,,0,Pontianak,,2017-10,0.12430795011168737,10,0.12430795011168737,VIIRS DNB,nW/cm2/sr,2017,"{""type"":""MultiPoint"",""coordinates"":[]}"
45_00000000000000000008,BA03050040,,,,,,,61.08,61,8430.71056018,TASWIL5000020230907KABKOTA,Landak,,0.684950096963,6.11846983154,4326,4,,,Landak,Kalimantan Barat,,0,Pontianak,,2017-10,0.062318106201864364,10,0.062318106201864364,VIIRS DNB,nW/cm2/sr,2017,"{""type"":""MultiPoint"",""coordinates"":[]}"
45_00000000000000000000,BA03050040,,,,,,,61.07,61,5488.60795319,TASWIL5000020230907KABKOTA,Bengkayang,,0.445970285372,6.02675176554,4326,4,,,Bengkayang,Kalimantan Barat,,0,Sambas,,2017-10,0.0660095962968372,10,0.0660095962968372,VIIRS DNB,nW/cm2/sr,2017,"{""type"":""MultiPoint"",""coordinates"":[]}"
45_0000000000000000000d,BA03050040,,,,,,,61.09,61,5979.04370295,TASWIL5000020230907KABKOTA,Sekadau,,0.485752312966,4.89358511498,4326,4,,,Sekadau,Kalimantan Barat,,0,Sanggau,,2017-10,0.1361155778217642,10,0.1361155778217642,VIIRS DNB,nW/cm2/sr,2017,"{""type"":""MultiPoint"",""coordinates"":[]}"
45_00000000000000000009,BA03050040,,,,,,,61.10,61,10122.5133896,TASWIL5000020230907KABKOTA,Melawi,,0.822418686577,6.18884194372,4326,4,,,Melawi,Kalimantan Barat,,0,Sintang,,2017-10,0.09463337119256153,10,0.09463337119256153,VIIRS DNB,nW/cm2/sr,2017,"{""type"":""MultiPoint"",""coordinates"":[]}"
45_00000000000000000005,BA03050040,,,,,,,61.71,61,118.208752498,TASWIL5000020230907KABKOTA,Kota Pontianak,,0.00960338694431,0.439734620886,4326,5,,,Kota Pontianak,Kalimantan Barat,,0,,,2017-10,7.04978796692681,10,7.04978796692681,VIIRS DNB,nW/cm2/sr,2017,"{""type"":""MultiPoint"",""coordinates"":[]}"
45_00000000000000000006,BA03050040,,,,,,,61.72,61,550.186910141,TASWIL5000020230907KABKOTA,Kota Singkawang,,0.0447029151336,1.23074798661,4326,5,,,Kota Singkawang,Kalimantan Barat,,0,Bengkayang,,2017-10,0.37457562293836494,10,0.37457562293836494,VIIRS DNB,nW/cm2/sr,2017,"{""type"":""MultiPoint"",""coordinates"":[]}"
45_00000000000000000001,BA03050040,,,,,,,,61,0.446818812946,TASWIL5000020230907KABKOTA,Kalimantan Barat,"Berdasarkan Kepmendagri 050-145 Tahun 2022, masuk ke Kalimantan Barat",3.63047728111E-5,0.0520740876463,4326,999,,,,Kalimantan Barat,,0,,,2017-10,0.04922737304540659,10,0.04922737304540659,VIIRS DNB,nW/cm2/sr,2017,"{""type"":""MultiPoint"",""coordinates"":[]}"
46_00000000000000000002,BA03050040,,,,,,,61.06,61,31318.2461503,TASWIL5000020230907KABKOTA,Kapuas Hulu,,2.54462852025,10.3235168378,4326,4,,,Kapuas Hulu,Kalimantan Barat,,0,,,2017-11,0.0695504071015453,11,0.0695504071015453,VIIRS DNB,nW/cm2/sr,2017,"{""type"":""MultiPoint"",""coordinates"":[]}"
46_00000000000000000004,BA03050040,,,,,,,61.04,61,30018.6763396,TASWIL5000020230907KABKOTA,Ketapang,,2.43989292708,13.6255621311,4326,4,,,Ketapang,Kalimantan Barat,,0,,,2017-11,0.17775669056927285,11,0.17775669056927285,VIIRS DNB,nW/cm2/sr,2017,"{""type"":""MultiPoint"",""coordinates"":[]}"
46_0000000000000000000a,BA03050040,,,,,,,61.02,61,1935.41897259,TASWIL5000020230907KABKOTA,Mempawah,,0.157238724723,3.1173764195,4326,4,,,Mempawah,Kalimantan Barat,,0,,,2017-11,0.4214500888227812,11,0.4214500888227812,VIIRS DNB,nW/cm2/sr,2017,"{""type"":""MultiPoint"",""coordinates"":[]}"
46_0000000000000000000b,BA03050040,,,,,,,61.01,61,5937.99495327,TASWIL5000020230907KABKOTA,Sambas,,0.482557384329,4.23082967505,4326,4,,,Sambas,Kalimantan Barat,,0,,,2017-11,0.2758774137313358,11,0.2758774137313358,VIIRS DNB,nW/cm2/sr,2017,"{""type"":""MultiPoint"",""coordinates"":[]}"
46_0000000000000000000c,BA03050040,,,,,,,61.03,61,12452.2241518,TASWIL5000020230907KABKOTA,Sanggau,,1.01166258397,7.65307697656,4326,4,,,Sanggau,Kalimantan Barat,,0,,,2017-11,0.25459508551773413,11,0.25459508551773413,VIIRS DNB,nW/cm2/sr,2017,"{""type"":""MultiPoint"",""coordinates"":[]}"
46_0000000000000000000e,BA03050040,,,,,,,61.05,61,22025.7880014,TASWIL5000020230907KABKOTA,Sintang,,1.78944370224,11.9811145851,4326,4,,,Sintang,Kalimantan Barat,,0,,,2017-11,0.10730162757605384,11,0.10730162757605384,VIIRS DNB,nW/cm2/sr,2017,"{""type"":""MultiPoint"",""coordinates"":[]}"
46_00000000000000000003,BA03050040,,,,,,,61.11,61,4110.12301412,TASWIL5000020230907KABKOTA,Kayong Utara,,0.333972050772,6.99327188474,4326,4,,,Kayong Utara,Kalimantan Barat,,0,Ketapang,,2017-11,0.14611514708414125,11,0.14611514708414125,VIIRS DNB,nW/cm2/sr,2017,"{""type"":""MultiPoint"",""coordinates"":[]}"
46_00000000000000000007,BA03050040,,,,,,,61.12,61,8549.29358265,TASWIL5000020230907KABKOTA,Kubu Raya,,0.694575912143,12.4289126619,4326,4,,,Kubu Raya,Kalimantan Barat,,0,Pontianak,,2017-11,0.3199391609833293,11,0.3199391609833293,VIIRS DNB,nW/cm2/sr,2017,"{""type"":""MultiPoint"",""coordinates"":[]}"
46_00000000000000000008,BA03050040,,,,,,,61.08,61,8430.71056018,TASWIL5000020230907KABKOTA,Landak,,0.684950096963,6.11846983154,4326,4,,,Landak,Kalimantan Barat,,0,Pontianak,,2017-11,0.22386407993722673,11,0.22386407993722673,VIIRS DNB,nW/cm2/sr,2017,"{""type"":""MultiPoint"",""coordinates"":[]}"
46_00000000000000000000,BA03050040,,,,,,,61.07,61,5488.60795319,TASWIL5000020230907KABKOTA,Bengkayang,,0.445970285372,6.02675176554,4326,4,,,Bengkayang,Kalimantan Barat,,0,Sambas,,2017-11,0.24459155948836886,11,0.24459155948836886,VIIRS DNB,nW/cm2/sr,2017,"{""type"":""MultiPoint"",""coordinates"":[]}"
46_0000000000000000000d,BA03050040,,,,,,,61.09,61,5979.04370295,TASWIL5000020230907KABKOTA,Sekadau,,0.485752312966,4.89358511498,4326,4,,,Sekadau,Kalimantan Barat,,0,Sanggau,,2017-11,0.17982339751355159,11,0.17982339751355159,VIIRS DNB,nW/cm2/sr,2017,"{""type"":""MultiPoint"",""coordinates"":[]}"
46_00000000000000000009,BA03050040,,,,,,,61.10,61,10122.5133896,TASWIL5000020230907KABKOTA,Melawi,,0.822418686577,6.18884194372,4326,4,,,Melawi,Kalimantan Barat,,0,Sintang,,2017-11,0.10905445192973501,11,0.10905445192973501,VIIRS DNB,nW/cm2/sr,2017,"{""type"":""MultiPoint"",""coordinates"":[]}"
46_00000000000000000005,BA03050040,,,,,,,61.71,61,118.208752498,TASWIL5000020230907KABKOTA,Kota Pontianak,,0.00960338694431,0.439734620886,4326,5,,,Kota Pontianak,Kalimantan Barat,,0,,,2017-11,11.917869544121778,11,11.917869544121778,VIIRS DNB,nW/cm2/sr,2017,"{""type"":""MultiPoint"",""coordinates"":[]}"
46_00000000000000000006,BA03050040,,,,,,,61.72,61,550.186910141,TASWIL5000020230907KABKOTA,Kota Singkawang,,0.0447029151336,1.23074798661,4326,5,,,Kota Singkawang,Kalimantan Barat,,0,Bengkayang,,2017-11,0.7488965889031384,11,0.7488965889031384,VIIRS DNB,nW/cm2/sr,2017,"{""type"":""MultiPoint"",""coordinates"":[]}"
46_00000000000000000001,BA03050040,,,,,,,,61,0.446818812946,TASWIL5000020230907KABKOTA,Kalimantan Barat,"Berdasarkan Kepmendagri 050-145 Tahun 2022, masuk ke Kalimantan Barat",3.63047728111E-5,0.0520740876463,4326,999,,,,Kalimantan Barat,,0,,,2017-11,0.033355408601018766,11,0.033355408601018766,VIIRS DNB,nW/cm2/sr,2017,"{""type"":""MultiPoint"",""coordinates"":[]}"
47_00000000000000000002,BA03050040,,,,,,,61.06,61,31318.2461503,TASWIL5000020230907KABKOTA,Kapuas Hulu,,2.54462852025,10.3235168378,4326,4,,,Kapuas Hulu,Kalimantan Barat,,0,,,2017-12,0.1389721431417387,12,0.1389721431417387,VIIRS DNB,nW/cm2/sr,2017,"{""type"":""MultiPoint"",""coordinates"":[]}"
47_00000000000000000004,BA03050040,,,,,,,61.04,61,30018.6763396,TASWIL5000020230907KABKOTA,Ketapang,,2.43989292708,13.6255621311,4326,4,,,Ketapang,Kalimantan Barat,,0,,,2017-12,0.13003316412497573,12,0.13003316412497573,VIIRS DNB,nW/cm2/sr,2017,"{""type"":""MultiPoint"",""coordinates"":[]}"
47_0000000000000000000a,BA03050040,,,,,,,61.02,61,1935.41897259,TASWIL5000020230907KABKOTA,Mempawah,,0.157238724723,3.1173764195,4326,4,,,Mempawah,Kalimantan Barat,,0,,,2017-12,0.23350252749773767,12,0.23350252749773767,VIIRS DNB,nW/cm2/sr,2017,"{""type"":""MultiPoint"",""coordinates"":[]}"
47_0000000000000000000b,BA03050040,,,,,,,61.01,61,5937.99495327,TASWIL5000020230907KABKOTA,Sambas,,0.482557384329,4.23082967505,4326,4,,,Sambas,Kalimantan Barat,,0,,,2017-12,0.2017130106123171,12,0.2017130106123171,VIIRS DNB,nW/cm2/sr,2017,"{""type"":""MultiPoint"",""coordinates"":[]}"
47_0000000000000000000c,BA03050040,,,,,,,61.03,61,12452.2241518,TASWIL5000020230907KABKOTA,Sanggau,,1.01166258397,7.65307697656,4326,4,,,Sanggau,Kalimantan Barat,,0,,,2017-12,0.16896412245359035,12,0.16896412245359035,VIIRS DNB,nW/cm2/sr,2017,"{""type"":""MultiPoint"",""coordinates"":[]}"
47_0000000000000000000e,BA03050040,,,,,,,61.05,61,22025.7880014,TASWIL5000020230907KABKOTA,Sintang,,1.78944370224,11.9811145851,4326,4,,,Sintang,Kalimantan Barat,,0,,,2017-12,0.1669278193802241,12,0.1669278193802241,VIIRS DNB,nW/cm2/sr,2017,"{""type"":""MultiPoint"",""coordinates"":[]}"
47_00000000000000000003,BA03050040,,,,,,,61.11,61,4110.12301412,TASWIL5000020230907KABKOTA,Kayong Utara,,0.333972050772,6.99327188474,4326,4,,,Kayong Utara,Kalimantan Barat,,0,Ketapang,,2017-12,0.07366897996277016,12,0.07366897996277016,VIIRS DNB,nW/cm2/sr,2017,"{""type"":""MultiPoint"",""coordinates"":[]}"
47_00000000000000000007,BA03050040,,,,,,,61.12,61,8549.29358265,TASWIL5000020230907KABKOTA,Kubu Raya,,0.694575912143,12.4289126619,4326,4,,,Kubu Raya,Kalimantan Barat,,0,Pontianak,,2017-12,0.2094827180854074,12,0.2094827180854074,VIIRS DNB,nW/cm2/sr,2017,"{""type"":""MultiPoint"",""coordinates"":[]}"
47_00000000000000000008,BA03050040,,,,,,,61.08,61,8430.71056018,TASWIL5000020230907KABKOTA,Landak,,0.684950096963,6.11846983154,4326,4,,,Landak,Kalimantan Barat,,0,Pontianak,,2017-12,0.1570062441889481,12,0.1570062441889481,VIIRS DNB,nW/cm2/sr,2017,"{""type"":""MultiPoint"",""coordinates"":[]}"
47_00000000000000000000,BA03050040,,,,,,,61.07,61,5488.60795319,TASWIL5000020230907KABKOTA,Bengkayang,,0.445970285372,6.02675176554,4326,4,,,Bengkayang,Kalimantan Barat,,0,Sambas,,2017-12,0.22376883397769495,12,0.22376883397769495,VIIRS DNB,nW/cm2/sr,2017,"{""type"":""MultiPoint"",""coordinates"":[]}"
47_0000000000000000000d,BA03050040,,,,,,,61.09,61,5979.04370295,TASWIL5000020230907KABKOTA,Sekadau,,0.485752312966,4.89358511498,4326,4,,,Sekadau,Kalimantan Barat,,0,Sanggau,,2017-12,0.1458597753980494,12,0.1458597753980494,VIIRS DNB,nW/cm2/sr,2017,"{""type"":""MultiPoint"",""coordinates"":[]}"
47_00000000000000000009,BA03050040,,,,,,,61.10,61,10122.5133896,TASWIL5000020230907KABKOTA,Melawi,,0.822418686577,6.18884194372,4326,4,,,Melawi,Kalimantan Barat,,0,Sintang,,2017-12,0.1923425573013367,12,0.1923425573013367,VIIRS DNB,nW/cm2/sr,2017,"{""type"":""MultiPoint"",""coordinates"":[]}"
47_00000000000000000005,BA03050040,,,,,,,61.71,61,118.208752498,TASWIL5000020230907KABKOTA,Kota Pontianak,,0.00960338694431,0.439734620886,4326,5,,,Kota Pontianak,Kalimantan Barat,,0,,,2017-12,2.0922034557880007,12,2.0922034557880007,VIIRS DNB,nW/cm2/sr,2017,"{""type"":""MultiPoint"",""coordinates"":[]}"
47_00000000000000000006,BA03050040,,,,,,,61.72,61,550.186910141,TASWIL5000020230907KABKOTA,Kota Singkawang,,0.0447029151336,1.23074798661,4326,5,,,Kota Singkawang,Kalimantan Barat,,0,Bengkayang,,2017-12,0.660381472935402,12,0.660381472935402,VIIRS DNB,nW/cm2/sr,2017,"{""type"":""MultiPoint"",""coordinates"":[]}"
47_00000000000000000001,BA03050040,,,,,,,,61,0.446818812946,TASWIL5000020230907KABKOTA,Kalimantan Barat,"Berdasarkan Kepmendagri 050-145 Tahun 2022, masuk ke Kalimantan Barat",3.63047728111E-5,0.0520740876463,4326,999,,,,Kalimantan Barat,,0,,,2017-12,0.033421633538952465,12,0.033421633538952465,VIIRS DNB,nW/cm2/sr,2017,"{""type"":""MultiPoint"",""coordinates"":[]}"
48_00000000000000000002,BA03050040,,,,,,,61.06,61,31318.2461503,TASWIL5000020230907KABKOTA,Kapuas Hulu,,2.54462852025,10.3235168378,4326,4,,,Kapuas Hulu,Kalimantan Barat,,0,,,2018-01,0.034711216038006185,1,0.034711216038006185,VIIRS DNB,nW/cm2/sr,2018,"{""type"":""MultiPoint"",""coordinates"":[]}"
48_00000000000000000004,BA03050040,,,,,,,61.04,61,30018.6763396,TASWIL5000020230907KABKOTA,Ketapang,,2.43989292708,13.6255621311,4326,4,,,Ketapang,Kalimantan Barat,,0,,,2018-01,0.05056953963388363,1,0.05056953963388363,VIIRS DNB,nW/cm2/sr,2018,"{""type"":""MultiPoint"",""coordinates"":[]}"
48_0000000000000000000a,BA03050040,,,,,,,61.02,61,1935.41897259,TASWIL5000020230907KABKOTA,Mempawah,,0.157238724723,3.1173764195,4326,4,,,Mempawah,Kalimantan Barat,,0,,,2018-01,0.13634063181282058,1,0.13634063181282058,VIIRS DNB,nW/cm2/sr,2018,"{""type"":""MultiPoint"",""coordinates"":[]}"
48_0000000000000000000b,BA03050040,,,,,,,61.01,61,5937.99495327,TASWIL5000020230907KABKOTA,Sambas,,0.482557384329,4.23082967505,4326,4,,,Sambas,Kalimantan Barat,,0,,,2018-01,0.0203175385372433,1,0.0203175385372433,VIIRS DNB,nW/cm2/sr,2018,"{""type"":""MultiPoint"",""coordinates"":[]}"
48_0000000000000000000c,BA03050040,,,,,,,61.03,61,12452.2241518,TASWIL5000020230907KABKOTA,Sanggau,,1.01166258397,7.65307697656,4326,4,,,Sanggau,Kalimantan Barat,,0,,,2018-01,0.044889440032995095,1,0.044889440032995095,VIIRS DNB,nW/cm2/sr,2018,"{""type"":""MultiPoint"",""coordinates"":[]}"
48_0000000000000000000e,BA03050040,,,,,,,61.05,61,22025.7880014,TASWIL5000020230907KABKOTA,Sintang,,1.78944370224,11.9811145851,4326,4,,,Sintang,Kalimantan Barat,,0,,,2018-01,0.0409706910888402,1,0.0409706910888402,VIIRS DNB,nW/cm2/sr,2018,"{""type"":""MultiPoint"",""coordinates"":[]}"
48_00000000000000000003,BA03050040,,,,,,,61.11,61,4110.12301412,TASWIL5000020230907KABKOTA,Kayong Utara,,0.333972050772,6.99327188474,4326,4,,,Kayong Utara,Kalimantan Barat,,0,Ketapang,,2018-01,0.044456824454503094,1,0.044456824454503094,VIIRS DNB,nW/cm2/sr,2018,"{""type"":""MultiPoint"",""coordinates"":[]}"
48_00000000000000000007,BA03050040,,,,,,,61.12,61,8549.29358265,TASWIL5000020230907KABKOTA,Kubu Raya,,0.694575912143,12.4289126619,4326,4,,,Kubu Raya,Kalimantan Barat,,0,Pontianak,,2018-01,0.045163766788957754,1,0.045163766788957754,VIIRS DNB,nW/cm2/sr,2018,"{""type"":""MultiPoint"",""coordinates"":[]}"
48_00000000000000000008,BA03050040,,,,,,,61.08,61,8430.71056018,TASWIL5000020230907KABKOTA,Landak,,0.684950096963,6.11846983154,4326,4,,,Landak,Kalimantan Barat,,0,Pontianak,,2018-01,0.038971468205567406,1,0.038971468205567406,VIIRS DNB,nW/cm2/sr,2018,"{""type"":""MultiPoint"",""coordinates"":[]}"
48_00000000000000000000,BA03050040,,,,,,,61.07,61,5488.60795319,TASWIL5000020230907KABKOTA,Bengkayang,,0.445970285372,6.02675176554,4326,4,,,Bengkayang,Kalimantan Barat,,0,Sambas,,2018-01,0.015776265658756578,1,0.015776265658756578,VIIRS DNB,nW/cm2/sr,2018,"{""type"":""MultiPoint"",""coordinates"":[]}"
48_0000000000000000000d,BA03050040,,,,,,,61.09,61,5979.04370295,TASWIL5000020230907KABKOTA,Sekadau,,0.485752312966,4.89358511498,4326,4,,,Sekadau,Kalimantan Barat,,0,Sanggau,,2018-01,0.0031204066201822402,1,0.0031204066201822402,VIIRS DNB,nW/cm2/sr,2018,"{""type"":""MultiPoint"",""coordinates"":[]}"
48_00000000000000000009,BA03050040,,,,,,,61.10,61,10122.5133896,TASWIL5000020230907KABKOTA,Melawi,,0.822418686577,6.18884194372,4326,4,,,Melawi,Kalimantan Barat,,0,Sintang,,2018-01,0.005818570094700737,1,0.005818570094700737,VIIRS DNB,nW/cm2/sr,2018,"{""type"":""MultiPoint"",""coordinates"":[]}"
48_00000000000000000005,BA03050040,,,,,,,61.71,61,118.208752498,TASWIL5000020230907KABKOTA,Kota Pontianak,,0.00960338694431,0.439734620886,4326,5,,,Kota Pontianak,Kalimantan Barat,,0,,,2018-01,1.4660665288505779,1,1.4660665288505779,VIIRS DNB,nW/cm2/sr,2018,"{""type"":""MultiPoint"",""coordinates"":[]}"
48_00000000000000000006,BA03050040,,,,,,,61.72,61,550.186910141,TASWIL5000020230907KABKOTA,Kota Singkawang,,0.0447029151336,1.23074798661,4326,5,,,Kota Singkawang,Kalimantan Barat,,0,Bengkayang,,2018-01,0.008531612729842427,1,0.008531612729842427,VIIRS DNB,nW/cm2/sr,2018,"{""type"":""MultiPoint"",""coordinates"":[]}"
48_00000000000000000001,BA03050040,,,,,,,,61,0.446818812946,TASWIL5000020230907KABKOTA,Kalimantan Barat,"Berdasarkan Kepmendagri 050-145 Tahun 2022, masuk ke Kalimantan Barat",3.63047728111E-5,0.0520740876463,4326,999,,,,Kalimantan Barat,,0,,,2018-01,0.0,1,0.0,VIIRS DNB,nW/cm2/sr,2018,"{""type"":""MultiPoint"",""coordinates"":[]}"
49_00000000000000000002,BA03050040,,,,,,,61.06,61,31318.2461503,TASWIL5000020230907KABKOTA,Kapuas Hulu,,2.54462852025,10.3235168378,4326,4,,,Kapuas Hulu,Kalimantan Barat,,0,,,2018-02,0.10395611955590826,2,0.10395611955590826,VIIRS DNB,nW/cm2/sr,2018,"{""type"":""MultiPoint"",""coordinates"":[]}"
49_00000000000000000004,BA03050040,,,,,,,61.04,61,30018.6763396,TASWIL5000020230907KABKOTA,Ketapang,,2.43989292708,13.6255621311,4326,4,,,Ketapang,Kalimantan Barat,,0,,,2018-02,0.14955226590389273,2,0.14955226590389273,VIIRS DNB,nW/cm2/sr,2018,"{""type"":""MultiPoint"",""coordinates"":[]}"
49_0000000000000000000a,BA03050040,,,,,,,61.02,61,1935.41897259,TASWIL5000020230907KABKOTA,Mempawah,,0.157238724723,3.1173764195,4326,4,,,Mempawah,Kalimantan Barat,,0,,,2018-02,0.3593088950745008,2,0.3593088950745008,VIIRS DNB,nW/cm2/sr,2018,"{""type"":""MultiPoint"",""coordinates"":[]}"
49_0000000000000000000b,BA03050040,,,,,,,61.01,61,5937.99495327,TASWIL5000020230907KABKOTA,Sambas,,0.482557384329,4.23082967505,4326,4,,,Sambas,Kalimantan Barat,,0,,,2018-02,0.148743009523056,2,0.148743009523056,VIIRS DNB,nW/cm2/sr,2018,"{""type"":""MultiPoint"",""coordinates"":[]}"
49_0000000000000000000c,BA03050040,,,,,,,61.03,61,12452.2241518,TASWIL5000020230907KABKOTA,Sanggau,,1.01166258397,7.65307697656,4326,4,,,Sanggau,Kalimantan Barat,,0,,,2018-02,0.139364001333287,2,0.139364001333287,VIIRS DNB,nW/cm2/sr,2018,"{""type"":""MultiPoint"",""coordinates"":[]}"
49_0000000000000000000e,BA03050040,,,,,,,61.05,61,22025.7880014,TASWIL5000020230907KABKOTA,Sintang,,1.78944370224,11.9811145851,4326,4,,,Sintang,Kalimantan Barat,,0,,,2018-02,0.11731249597522875,2,0.11731249597522875,VIIRS DNB,nW/cm2/sr,2018,"{""type"":""MultiPoint"",""coordinates"":[]}"
49_00000000000000000003,BA03050040,,,,,,,61.11,61,4110.12301412,TASWIL5000020230907KABKOTA,Kayong Utara,,0.333972050772,6.99327188474,4326,4,,,Kayong Utara,Kalimantan Barat,,0,Ketapang,,2018-02,0.11370110686716096,2,0.11370110686716096,VIIRS DNB,nW/cm2/sr,2018,"{""type"":""MultiPoint"",""coordinates"":[]}"
49_00000000000000000007,BA03050040,,,,,,,61.12,61,8549.29358265,TASWIL5000020230907KABKOTA,Kubu Raya,,0.694575912143,12.4289126619,4326,4,,,Kubu Raya,Kalimantan Barat,,0,Pontianak,,2018-02,0.27029355283906625,2,0.27029355283906625,VIIRS DNB,nW/cm2/sr,2018,"{""type"":""MultiPoint"",""coordinates"":[]}"
49_00000000000000000008,BA03050040,,,,,,,61.08,61,8430.71056018,TASWIL5000020230907KABKOTA,Landak,,0.684950096963,6.11846983154,4326,4,,,Landak,Kalimantan Barat,,0,Pontianak,,2018-02,0.12234072491053387,2,0.12234072491053387,VIIRS DNB,nW/cm2/sr,2018,"{""type"":""MultiPoint"",""coordinates"":[]}"
49_00000000000000000000,BA03050040,,,,,,,61.07,61,5488.60795319,TASWIL5000020230907KABKOTA,Bengkayang,,0.445970285372,6.02675176554,4326,4,,,Bengkayang,Kalimantan Barat,,0,Sambas,,2018-02,0.11979085239704199,2,0.11979085239704199,VIIRS DNB,nW/cm2/sr,2018,"{""type"":""MultiPoint"",""coordinates"":[]}"
49_0000000000000000000d,BA03050040,,,,,,,61.09,61,5979.04370295,TASWIL5000020230907KABKOTA,Sekadau,,0.485752312966,4.89358511498,4326,4,,,Sekadau,Kalimantan Barat,,0,Sanggau,,2018-02,0.11561784855851244,2,0.11561784855851244,VIIRS DNB,nW/cm2/sr,2018,"{""type"":""MultiPoint"",""coordinates"":[]}"
49_00000000000000000009,BA03050040,,,,,,,61.10,61,10122.5133896,TASWIL5000020230907KABKOTA,Melawi,,0.822418686577,6.18884194372,4326,4,,,Melawi,Kalimantan Barat,,0,Sintang,,2018-02,0.12070885727715601,2,0.12070885727715601,VIIRS DNB,nW/cm2/sr,2018,"{""type"":""MultiPoint"",""coordinates"":[]}"
49_00000000000000000005,BA03050040,,,,,,,61.71,61,118.208752498,TASWIL5000020230907KABKOTA,Kota Pontianak,,0.00960338694431,0.439734620886,4326,5,,,Kota Pontianak,Kalimantan Barat,,0,,,2018-02,12.168171397094012,2,12.168171397094012,VIIRS DNB,nW/cm2/sr,2018,"{""type"":""MultiPoint"",""coordinates"":[]}"
49_00000000000000000006,BA03050040,,,,,,,61.72,61,550.186910141,TASWIL5000020230907KABKOTA,Kota Singkawang,,0.0447029151336,1.23074798661,4326,5,,,Kota Singkawang,Kalimantan Barat,,0,Bengkayang,,2018-02,0.846097336551752,2,0.846097336551752,VIIRS DNB,nW/cm2/sr,2018,"{""type"":""MultiPoint"",""coordinates"":[]}"
49_00000000000000000001,BA03050040,,,,,,,,61,0.446818812946,TASWIL5000020230907KABKOTA,Kalimantan Barat,"Berdasarkan Kepmendagri 050-145 Tahun 2022, masuk ke Kalimantan Barat",3.63047728111E-5,0.0520740876463,4326,999,,,,Kalimantan Barat,,0,,,2018-02,0.06536423866010002,2,0.06536423866010002,VIIRS DNB,nW/cm2/sr,2018,"{""type"":""MultiPoint"",""coordinates"":[]}"
50_00000000000000000002,BA03050040,,,,,,,61.06,61,31318.2461503,TASWIL5000020230907KABKOTA,Kapuas Hulu,,2.54462852025,10.3235168378,4326,4,,,Kapuas Hulu,Kalimantan Barat,,0,,,2018-03,0.2698131270798869,3,0.2698131270798869,VIIRS DNB,nW/cm2/sr,2018,"{""type"":""MultiPoint"",""coordinates"":[]}"
50_00000000000000000004,BA03050040,,,,,,,61.04,61,30018.6763396,TASWIL5000020230907KABKOTA,Ketapang,,2.43989292708,13.6255621311,4326,4,,,Ketapang,Kalimantan Barat,,0,,,2018-03,0.3783600739030997,3,0.3783600739030997,VIIRS DNB,nW/cm2/sr,2018,"{""type"":""MultiPoint"",""coordinates"":[]}"
50_0000000000000000000a,BA03050040,,,,,,,61.02,61,1935.41897259,TASWIL5000020230907KABKOTA,Mempawah,,0.157238724723,3.1173764195,4326,4,,,Mempawah,Kalimantan Barat,,0,,,2018-03,0.5414823550863713,3,0.5414823550863713,VIIRS DNB,nW/cm2/sr,2018,"{""type"":""MultiPoint"",""coordinates"":[]}"
50_0000000000000000000b,BA03050040,,,,,,,61.01,61,5937.99495327,TASWIL5000020230907KABKOTA,Sambas,,0.482557384329,4.23082967505,4326,4,,,Sambas,Kalimantan Barat,,0,,,2018-03,0.44476430658784155,3,0.44476430658784155,VIIRS DNB,nW/cm2/sr,2018,"{""type"":""MultiPoint"",""coordinates"":[]}"
50_0000000000000000000c,BA03050040,,,,,,,61.03,61,12452.2241518,TASWIL5000020230907KABKOTA,Sanggau,,1.01166258397,7.65307697656,4326,4,,,Sanggau,Kalimantan Barat,,0,,,2018-03,0.2384487702240426,3,0.2384487702240426,VIIRS DNB,nW/cm2/sr,2018,"{""type"":""MultiPoint"",""coordinates"":[]}"
50_0000000000000000000e,BA03050040,,,,,,,61.05,61,22025.7880014,TASWIL5000020230907KABKOTA,Sintang,,1.78944370224,11.9811145851,4326,4,,,Sintang,Kalimantan Barat,,0,,,2018-03,0.131300558104503,3,0.131300558104503,VIIRS DNB,nW/cm2/sr,2018,"{""type"":""MultiPoint"",""coordinates"":[]}"
50_00000000000000000003,BA03050040,,,,,,,61.11,61,4110.12301412,TASWIL5000020230907KABKOTA,Kayong Utara,,0.333972050772,6.99327188474,4326,4,,,Kayong Utara,Kalimantan Barat,,0,Ketapang,,2018-03,0.31715862060468086,3,0.31715862060468086,VIIRS DNB,nW/cm2/sr,2018,"{""type"":""MultiPoint"",""coordinates"":[]}"
50_00000000000000000007,BA03050040,,,,,,,61.12,61,8549.29358265,TASWIL5000020230907KABKOTA,Kubu Raya,,0.694575912143,12.4289126619,4326,4,,,Kubu Raya,Kalimantan Barat,,0,Pontianak,,2018-03,0.32590529263012685,3,0.32590529263012685,VIIRS DNB,nW/cm2/sr,2018,"{""type"":""MultiPoint"",""coordinates"":[]}"
50_00000000000000000008,BA03050040,,,,,,,61.08,61,8430.71056018,TASWIL5000020230907KABKOTA,Landak,,0.684950096963,6.11846983154,4326,4,,,Landak,Kalimantan Barat,,0,Pontianak,,2018-03,0.23015424136024965,3,0.23015424136024965,VIIRS DNB,nW/cm2/sr,2018,"{""type"":""MultiPoint"",""coordinates"":[]}"
50_00000000000000000000,BA03050040,,,,,,,61.07,61,5488.60795319,TASWIL5000020230907KABKOTA,Bengkayang,,0.445970285372,6.02675176554,4326,4,,,Bengkayang,Kalimantan Barat,,0,Sambas,,2018-03,0.44257196340804356,3,0.44257196340804356,VIIRS DNB,nW/cm2/sr,2018,"{""type"":""MultiPoint"",""coordinates"":[]}"
50_0000000000000000000d,BA03050040,,,,,,,61.09,61,5979.04370295,TASWIL5000020230907KABKOTA,Sekadau,,0.485752312966,4.89358511498,4326,4,,,Sekadau,Kalimantan Barat,,0,Sanggau,,2018-03,0.20605135245049636,3,0.20605135245049636,VIIRS DNB,nW/cm2/sr,2018,"{""type"":""MultiPoint"",""coordinates"":[]}"
50_00000000000000000009,BA03050040,,,,,,,61.10,61,10122.5133896,TASWIL5000020230907KABKOTA,Melawi,,0.822418686577,6.18884194372,4326,4,,,Melawi,Kalimantan Barat,,0,Sintang,,2018-03,0.1805066781321682,3,0.1805066781321682,VIIRS DNB,nW/cm2/sr,2018,"{""type"":""MultiPoint"",""coordinates"":[]}"
50_00000000000000000005,BA03050040,,,,,,,61.71,61,118.208752498,TASWIL5000020230907KABKOTA,Kota Pontianak,,0.00960338694431,0.439734620886,4326,5,,,Kota Pontianak,Kalimantan Barat,,0,,,2018-03,8.43805176058619,3,8.43805176058619,VIIRS DNB,nW/cm2/sr,2018,"{""type"":""MultiPoint"",""coordinates"":[]}"
50_00000000000000000006,BA03050040,,,,,,,61.72,61,550.186910141,TASWIL5000020230907KABKOTA,Kota Singkawang,,0.0447029151336,1.23074798661,4326,5,,,Kota Singkawang,Kalimantan Barat,,0,Bengkayang,,2018-03,1.0594905969542805,3,1.0594905969542805,VIIRS DNB,nW/cm2/sr,2018,"{""type"":""MultiPoint"",""coordinates"":[]}"
50_00000000000000000001,BA03050040,,,,,,,,61,0.446818812946,TASWIL5000020230907KABKOTA,Kalimantan Barat,"Berdasarkan Kepmendagri 050-145 Tahun 2022, masuk ke Kalimantan Barat",3.63047728111E-5,0.0520740876463,4326,999,,,,Kalimantan Barat,,0,,,2018-03,0.17079470462883284,3,0.17079470462883284,VIIRS DNB,nW/cm2/sr,2018,"{""type"":""MultiPoint"",""coordinates"":[]}"
51_00000000000000000002,BA03050040,,,,,,,61.06,61,31318.2461503,TASWIL5000020230907KABKOTA,Kapuas Hulu,,2.54462852025,10.3235168378,4326,4,,,Kapuas Hulu,Kalimantan Barat,,0,,,2018-04,0.08695373231505063,4,0.08695373231505063,VIIRS DNB,nW/cm2/sr,2018,"{""type"":""MultiPoint"",""coordinates"":[]}"
51_00000000000000000004,BA03050040,,,,,,,61.04,61,30018.6763396,TASWIL5000020230907KABKOTA,Ketapang,,2.43989292708,13.6255621311,4326,4,,,Ketapang,Kalimantan Barat,,0,,,2018-04,0.13233656972732744,4,0.13233656972732744,VIIRS DNB,nW/cm2/sr,2018,"{""type"":""MultiPoint"",""coordinates"":[]}"
51_0000000000000000000a,BA03050040,,,,,,,61.02,61,1935.41897259,TASWIL5000020230907KABKOTA,Mempawah,,0.157238724723,3.1173764195,4326,4,,,Mempawah,Kalimantan Barat,,0,,,2018-04,0.28845532973035126,4,0.28845532973035126,VIIRS DNB,nW/cm2/sr,2018,"{""type"":""MultiPoint"",""coordinates"":[]}"
51_0000000000000000000b,BA03050040,,,,,,,61.01,61,5937.99495327,TASWIL5000020230907KABKOTA,Sambas,,0.482557384329,4.23082967505,4326,4,,,Sambas,Kalimantan Barat,,0,,,2018-04,0.3403573323067292,4,0.3403573323067292,VIIRS DNB,nW/cm2/sr,2018,"{""type"":""MultiPoint"",""coordinates"":[]}"
51_0000000000000000000c,BA03050040,,,,,,,61.03,61,12452.2241518,TASWIL5000020230907KABKOTA,Sanggau,,1.01166258397,7.65307697656,4326,4,,,Sanggau,Kalimantan Barat,,0,,,2018-04,0.15182793301274955,4,0.15182793301274955,VIIRS DNB,nW/cm2/sr,2018,"{""type"":""MultiPoint"",""coordinates"":[]}"
51_0000000000000000000e,BA03050040,,,,,,,61.05,61,22025.7880014,TASWIL5000020230907KABKOTA,Sintang,,1.78944370224,11.9811145851,4326,4,,,Sintang,Kalimantan Barat,,0,,,2018-04,0.11238954133842459,4,0.11238954133842459,VIIRS DNB,nW/cm2/sr,2018,"{""type"":""MultiPoint"",""coordinates"":[]}"
51_00000000000000000003,BA03050040,,,,,,,61.11,61,4110.12301412,TASWIL5000020230907KABKOTA,Kayong Utara,,0.333972050772,6.99327188474,4326,4,,,Kayong Utara,Kalimantan Barat,,0,Ketapang,,2018-04,0.10704897896244456,4,0.10704897896244456,VIIRS DNB,nW/cm2/sr,2018,"{""type"":""MultiPoint"",""coordinates"":[]}"
51_00000000000000000007,BA03050040,,,,,,,61.12,61,8549.29358265,TASWIL5000020230907KABKOTA,Kubu Raya,,0.694575912143,12.4289126619,4326,4,,,Kubu Raya,Kalimantan Barat,,0,Pontianak,,2018-04,0.3488119258150002,4,0.3488119258150002,VIIRS DNB,nW/cm2/sr,2018,"{""type"":""MultiPoint"",""coordinates"":[]}"
51_00000000000000000008,BA03050040,,,,,,,61.08,61,8430.71056018,TASWIL5000020230907KABKOTA,Landak,,0.684950096963,6.11846983154,4326,4,,,Landak,Kalimantan Barat,,0,Pontianak,,2018-04,0.21872920202799256,4,0.21872920202799256,VIIRS DNB,nW/cm2/sr,2018,"{""type"":""MultiPoint"",""coordinates"":[]}"
51_00000000000000000000,BA03050040,,,,,,,61.07,61,5488.60795319,TASWIL5000020230907KABKOTA,Bengkayang,,0.445970285372,6.02675176554,4326,4,,,Bengkayang,Kalimantan Barat,,0,Sambas,,2018-04,0.20343666655012022,4,0.20343666655012022,VIIRS DNB,nW/cm2/sr,2018,"{""type"":""MultiPoint"",""coordinates"":[]}"
51_0000000000000000000d,BA03050040,,,,,,,61.09,61,5979.04370295,TASWIL5000020230907KABKOTA,Sekadau,,0.485752312966,4.89358511498,4326,4,,,Sekadau,Kalimantan Barat,,0,Sanggau,,2018-04,0.014105948571321799,4,0.014105948571321799,VIIRS DNB,nW/cm2/sr,2018,"{""type"":""MultiPoint"",""coordinates"":[]}"
51_00000000000000000009,BA03050040,,,,,,,61.10,61,10122.5133896,TASWIL5000020230907KABKOTA,Melawi,,0.822418686577,6.18884194372,4326,4,,,Melawi,Kalimantan Barat,,0,Sintang,,2018-04,0.06665240757688971,4,0.06665240757688971,VIIRS DNB,nW/cm2/sr,2018,"{""type"":""MultiPoint"",""coordinates"":[]}"
51_00000000000000000005,BA03050040,,,,,,,61.71,61,118.208752498,TASWIL5000020230907KABKOTA,Kota Pontianak,,0.00960338694431,0.439734620886,4326,5,,,Kota Pontianak,Kalimantan Barat,,0,,,2018-04,7.330300442646957,4,7.330300442646957,VIIRS DNB,nW/cm2/sr,2018,"{""type"":""MultiPoint"",""coordinates"":[]}"
51_00000000000000000006,BA03050040,,,,,,,61.72,61,550.186910141,TASWIL5000020230907KABKOTA,Kota Singkawang,,0.0447029151336,1.23074798661,4326,5,,,Kota Singkawang,Kalimantan Barat,,0,Bengkayang,,2018-04,0.6799562283800064,4,0.6799562283800064,VIIRS DNB,nW/cm2/sr,2018,"{""type"":""MultiPoint"",""coordinates"":[]}"
51_00000000000000000001,BA03050040,,,,,,,,61,0.446818812946,TASWIL5000020230907KABKOTA,Kalimantan Barat,"Berdasarkan Kepmendagri 050-145 Tahun 2022, masuk ke Kalimantan Barat",3.63047728111E-5,0.0520740876463,4326,999,,,,Kalimantan Barat,,0,,,2018-04,0.0,4,0.0,VIIRS DNB,nW/cm2/sr,2018,"{""type"":""MultiPoint"",""coordinates"":[]}"
52_00000000000000000002,BA03050040,,,,,,,61.06,61,31318.2461503,TASWIL5000020230907KABKOTA,Kapuas Hulu,,2.54462852025,10.3235168378,4326,4,,,Kapuas Hulu,Kalimantan Barat,,0,,,2018-05,0.17477536462494755,5,0.17477536462494755,VIIRS DNB,nW/cm2/sr,2018,"{""type"":""MultiPoint"",""coordinates"":[]}"
52_00000000000000000004,BA03050040,,,,,,,61.04,61,30018.6763396,TASWIL5000020230907KABKOTA,Ketapang,,2.43989292708,13.6255621311,4326,4,,,Ketapang,Kalimantan Barat,,0,,,2018-05,0.14940689281197286,5,0.14940689281197286,VIIRS DNB,nW/cm2/sr,2018,"{""type"":""MultiPoint"",""coordinates"":[]}"
52_0000000000000000000a,BA03050040,,,,,,,61.02,61,1935.41897259,TASWIL5000020230907KABKOTA,Mempawah,,0.157238724723,3.1173764195,4326,4,,,Mempawah,Kalimantan Barat,,0,,,2018-05,0.4094492244845468,5,0.4094492244845468,VIIRS DNB,nW/cm2/sr,2018,"{""type"":""MultiPoint"",""coordinates"":[]}"
52_0000000000000000000b,BA03050040,,,,,,,61.01,61,5937.99495327,TASWIL5000020230907KABKOTA,Sambas,,0.482557384329,4.23082967505,4326,4,,,Sambas,Kalimantan Barat,,0,,,2018-05,0.27691820964134745,5,0.27691820964134745,VIIRS DNB,nW/cm2/sr,2018,"{""type"":""MultiPoint"",""coordinates"":[]}"
52_0000000000000000000c,BA03050040,,,,,,,61.03,61,12452.2241518,TASWIL5000020230907KABKOTA,Sanggau,,1.01166258397,7.65307697656,4326,4,,,Sanggau,Kalimantan Barat,,0,,,2018-05,0.11068168001723278,5,0.11068168001723278,VIIRS DNB,nW/cm2/sr,2018,"{""type"":""MultiPoint"",""coordinates"":[]}"
52_0000000000000000000e,BA03050040,,,,,,,61.05,61,22025.7880014,TASWIL5000020230907KABKOTA,Sintang,,1.78944370224,11.9811145851,4326,4,,,Sintang,Kalimantan Barat,,0,,,2018-05,0.11696835967247227,5,0.11696835967247227,VIIRS DNB,nW/cm2/sr,2018,"{""type"":""MultiPoint"",""coordinates"":[]}"
52_00000000000000000003,BA03050040,,,,,,,61.11,61,4110.12301412,TASWIL5000020230907KABKOTA,Kayong Utara,,0.333972050772,6.99327188474,4326,4,,,Kayong Utara,Kalimantan Barat,,0,Ketapang,,2018-05,0.12387579329553855,5,0.12387579329553855,VIIRS DNB,nW/cm2/sr,2018,"{""type"":""MultiPoint"",""coordinates"":[]}"
52_00000000000000000007,BA03050040,,,,,,,61.12,61,8549.29358265,TASWIL5000020230907KABKOTA,Kubu Raya,,0.694575912143,12.4289126619,4326,4,,,Kubu Raya,Kalimantan Barat,,0,Pontianak,,2018-05,0.28601120734927993,5,0.28601120734927993,VIIRS DNB,nW/cm2/sr,2018,"{""type"":""MultiPoint"",""coordinates"":[]}"
52_00000000000000000008,BA03050040,,,,,,,61.08,61,8430.71056018,TASWIL5000020230907KABKOTA,Landak,,0.684950096963,6.11846983154,4326,4,,,Landak,Kalimantan Barat,,0,Pontianak,,2018-05,0.2682798610988228,5,0.2682798610988228,VIIRS DNB,nW/cm2/sr,2018,"{""type"":""MultiPoint"",""coordinates"":[]}"
52_00000000000000000000,BA03050040,,,,,,,61.07,61,5488.60795319,TASWIL5000020230907KABKOTA,Bengkayang,,0.445970285372,6.02675176554,4326,4,,,Bengkayang,Kalimantan Barat,,0,Sambas,,2018-05,0.2313095069327752,5,0.2313095069327752,VIIRS DNB,nW/cm2/sr,2018,"{""type"":""MultiPoint"",""coordinates"":[]}"
52_0000000000000000000d,BA03050040,,,,,,,61.09,61,5979.04370295,TASWIL5000020230907KABKOTA,Sekadau,,0.485752312966,4.89358511498,4326,4,,,Sekadau,Kalimantan Barat,,0,Sanggau,,2018-05,0.025795739661177774,5,0.025795739661177774,VIIRS DNB,nW/cm2/sr,2018,"{""type"":""MultiPoint"",""coordinates"":[]}"
52_00000000000000000009,BA03050040,,,,,,,61.10,61,10122.5133896,TASWIL5000020230907KABKOTA,Melawi,,0.822418686577,6.18884194372,4326,4,,,Melawi,Kalimantan Barat,,0,Sintang,,2018-05,0.12968831101164013,5,0.12968831101164013,VIIRS DNB,nW/cm2/sr,2018,"{""type"":""MultiPoint"",""coordinates"":[]}"
52_00000000000000000005,BA03050040,,,,,,,61.71,61,118.208752498,TASWIL5000020230907KABKOTA,Kota Pontianak,,0.00960338694431,0.439734620886,4326,5,,,Kota Pontianak,Kalimantan Barat,,0,,,2018-05,10.331264967525742,5,10.331264967525742,VIIRS DNB,nW/cm2/sr,2018,"{""type"":""MultiPoint"",""coordinates"":[]}"
52_00000000000000000006,BA03050040,,,,,,,61.72,61,550.186910141,TASWIL5000020230907KABKOTA,Kota Singkawang,,0.0447029151336,1.23074798661,4326,5,,,Kota Singkawang,Kalimantan Barat,,0,Bengkayang,,2018-05,0.5569390295551555,5,0.5569390295551555,VIIRS DNB,nW/cm2/sr,2018,"{""type"":""MultiPoint"",""coordinates"":[]}"
52_00000000000000000001,BA03050040,,,,,,,,61,0.446818812946,TASWIL5000020230907KABKOTA,Kalimantan Barat,"Berdasarkan Kepmendagri 050-145 Tahun 2022, masuk ke Kalimantan Barat",3.63047728111E-5,0.0520740876463,4326,999,,,,Kalimantan Barat,,0,,,2018-05,0.0,5,0.0,VIIRS DNB,nW/cm2/sr,2018,"{""type"":""MultiPoint"",""coordinates"":[]}"
53_00000000000000000002,BA03050040,,,,,,,61.06,61,31318.2461503,TASWIL5000020230907KABKOTA,Kapuas Hulu,,2.54462852025,10.3235168378,4326,4,,,Kapuas Hulu,Kalimantan Barat,,0,,,2018-06,0.12689793269263644,6,0.12689793269263644,VIIRS DNB,nW/cm2/sr,2018,"{""type"":""MultiPoint"",""coordinates"":[]}"
53_00000000000000000004,BA03050040,,,,,,,61.04,61,30018.6763396,TASWIL5000020230907KABKOTA,Ketapang,,2.43989292708,13.6255621311,4326,4,,,Ketapang,Kalimantan Barat,,0,,,2018-06,0.19031575903819983,6,0.19031575903819983,VIIRS DNB,nW/cm2/sr,2018,"{""type"":""MultiPoint"",""coordinates"":[]}"
53_0000000000000000000a,BA03050040,,,,,,,61.02,61,1935.41897259,TASWIL5000020230907KABKOTA,Mempawah,,0.157238724723,3.1173764195,4326,4,,,Mempawah,Kalimantan Barat,,0,,,2018-06,0.44938908952199536,6,0.44938908952199536,VIIRS DNB,nW/cm2/sr,2018,"{""type"":""MultiPoint"",""coordinates"":[]}"
53_0000000000000000000b,BA03050040,,,,,,,61.01,61,5937.99495327,TASWIL5000020230907KABKOTA,Sambas,,0.482557384329,4.23082967505,4326,4,,,Sambas,Kalimantan Barat,,0,,,2018-06,0.21370658456980743,6,0.21370658456980743,VIIRS DNB,nW/cm2/sr,2018,"{""type"":""MultiPoint"",""coordinates"":[]}"
53_0000000000000000000c,BA03050040,,,,,,,61.03,61,12452.2241518,TASWIL5000020230907KABKOTA,Sanggau,,1.01166258397,7.65307697656,4326,4,,,Sanggau,Kalimantan Barat,,0,,,2018-06,0.19524015278458862,6,0.19524015278458862,VIIRS DNB,nW/cm2/sr,2018,"{""type"":""MultiPoint"",""coordinates"":[]}"
53_0000000000000000000e,BA03050040,,,,,,,61.05,61,22025.7880014,TASWIL5000020230907KABKOTA,Sintang,,1.78944370224,11.9811145851,4326,4,,,Sintang,Kalimantan Barat,,0,,,2018-06,0.15875172004342467,6,0.15875172004342467,VIIRS DNB,nW/cm2/sr,2018,"{""type"":""MultiPoint"",""coordinates"":[]}"
53_00000000000000000003,BA03050040,,,,,,,61.11,61,4110.12301412,TASWIL5000020230907KABKOTA,Kayong Utara,,0.333972050772,6.99327188474,4326,4,,,Kayong Utara,Kalimantan Barat,,0,Ketapang,,2018-06,0.19240801579863437,6,0.19240801579863437,VIIRS DNB,nW/cm2/sr,2018,"{""type"":""MultiPoint"",""coordinates"":[]}"
53_00000000000000000007,BA03050040,,,,,,,61.12,61,8549.29358265,TASWIL5000020230907KABKOTA,Kubu Raya,,0.694575912143,12.4289126619,4326,4,,,Kubu Raya,Kalimantan Barat,,0,Pontianak,,2018-06,0.3893274465668677,6,0.3893274465668677,VIIRS DNB,nW/cm2/sr,2018,"{""type"":""MultiPoint"",""coordinates"":[]}"
53_00000000000000000008,BA03050040,,,,,,,61.08,61,8430.71056018,TASWIL5000020230907KABKOTA,Landak,,0.684950096963,6.11846983154,4326,4,,,Landak,Kalimantan Barat,,0,Pontianak,,2018-06,0.1626249327394366,6,0.1626249327394366,VIIRS DNB,nW/cm2/sr,2018,"{""type"":""MultiPoint"",""coordinates"":[]}"
53_00000000000000000000,BA03050040,,,,,,,61.07,61,5488.60795319,TASWIL5000020230907KABKOTA,Bengkayang,,0.445970285372,6.02675176554,4326,4,,,Bengkayang,Kalimantan Barat,,0,Sambas,,2018-06,0.19679796222526824,6,0.19679796222526824,VIIRS DNB,nW/cm2/sr,2018,"{""type"":""MultiPoint"",""coordinates"":[]}"
53_0000000000000000000d,BA03050040,,,,,,,61.09,61,5979.04370295,TASWIL5000020230907KABKOTA,Sekadau,,0.485752312966,4.89358511498,4326,4,,,Sekadau,Kalimantan Barat,,0,Sanggau,,2018-06,0.20320225806189907,6,0.20320225806189907,VIIRS DNB,nW/cm2/sr,2018,"{""type"":""MultiPoint"",""coordinates"":[]}"
53_00000000000000000009,BA03050040,,,,,,,61.10,61,10122.5133896,TASWIL5000020230907KABKOTA,Melawi,,0.822418686577,6.18884194372,4326,4,,,Melawi,Kalimantan Barat,,0,Sintang,,2018-06,0.1676521882865764,6,0.1676521882865764,VIIRS DNB,nW/cm2/sr,2018,"{""type"":""MultiPoint"",""coordinates"":[]}"
53_00000000000000000005,BA03050040,,,,,,,61.71,61,118.208752498,TASWIL5000020230907KABKOTA,Kota Pontianak,,0.00960338694431,0.439734620886,4326,5,,,Kota Pontianak,Kalimantan Barat,,0,,,2018-06,14.011384426487503,6,14.011384426487503,VIIRS DNB,nW/cm2/sr,2018,"{""type"":""MultiPoint"",""coordinates"":[]}"
53_00000000000000000006,BA03050040,,,,,,,61.72,61,550.186910141,TASWIL5000020230907KABKOTA,Kota Singkawang,,0.0447029151336,1.23074798661,4326,5,,,Kota Singkawang,Kalimantan Barat,,0,Bengkayang,,2018-06,0.7747973773850225,6,0.7747973773850225,VIIRS DNB,nW/cm2/sr,2018,"{""type"":""MultiPoint"",""coordinates"":[]}"
53_00000000000000000001,BA03050040,,,,,,,,61,0.446818812946,TASWIL5000020230907KABKOTA,Kalimantan Barat,"Berdasarkan Kepmendagri 050-145 Tahun 2022, masuk ke Kalimantan Barat",3.63047728111E-5,0.0520740876463,4326,999,,,,Kalimantan Barat,,0,,,2018-06,0.2985651193075623,6,0.2985651193075623,VIIRS DNB,nW/cm2/sr,2018,"{""type"":""MultiPoint"",""coordinates"":[]}"
54_00000000000000000002,BA03050040,,,,,,,61.06,61,31318.2461503,TASWIL5000020230907KABKOTA,Kapuas Hulu,,2.54462852025,10.3235168378,4326,4,,,Kapuas Hulu,Kalimantan Barat,,0,,,2018-07,0.24594961417689074,7,0.24594961417689074,VIIRS DNB,nW/cm2/sr,2018,"{""type"":""MultiPoint"",""coordinates"":[]}"
54_00000000000000000004,BA03050040,,,,,,,61.04,61,30018.6763396,TASWIL5000020230907KABKOTA,Ketapang,,2.43989292708,13.6255621311,4326,4,,,Ketapang,Kalimantan Barat,,0,,,2018-07,0.29579517063584165,7,0.29579517063584165,VIIRS DNB,nW/cm2/sr,2018,"{""type"":""MultiPoint"",""coordinates"":[]}"
54_0000000000000000000a,BA03050040,,,,,,,61.02,61,1935.41897259,TASWIL5000020230907KABKOTA,Mempawah,,0.157238724723,3.1173764195,4326,4,,,Mempawah,Kalimantan Barat,,0,,,2018-07,0.5367052993839674,7,0.5367052993839674,VIIRS DNB,nW/cm2/sr,2018,"{""type"":""MultiPoint"",""coordinates"":[]}"
54_0000000000000000000b,BA03050040,,,,,,,61.01,61,5937.99495327,TASWIL5000020230907KABKOTA,Sambas,,0.482557384329,4.23082967505,4326,4,,,Sambas,Kalimantan Barat,,0,,,2018-07,0.28048263006214824,7,0.28048263006214824,VIIRS DNB,nW/cm2/sr,2018,"{""type"":""MultiPoint"",""coordinates"":[]}"
54_0000000000000000000c,BA03050040,,,,,,,61.03,61,12452.2241518,TASWIL5000020230907KABKOTA,Sanggau,,1.01166258397,7.65307697656,4326,4,,,Sanggau,Kalimantan Barat,,0,,,2018-07,0.3322457113543209,7,0.3322457113543209,VIIRS DNB,nW/cm2/sr,2018,"{""type"":""MultiPoint"",""coordinates"":[]}"
54_0000000000000000000e,BA03050040,,,,,,,61.05,61,22025.7880014,TASWIL5000020230907KABKOTA,Sintang,,1.78944370224,11.9811145851,4326,4,,,Sintang,Kalimantan Barat,,0,,,2018-07,0.264857736026681,7,0.264857736026681,VIIRS DNB,nW/cm2/sr,2018,"{""type"":""MultiPoint"",""coordinates"":[]}"
54_00000000000000000003,BA03050040,,,,,,,61.11,61,4110.12301412,TASWIL5000020230907KABKOTA,Kayong Utara,,0.333972050772,6.99327188474,4326,4,,,Kayong Utara,Kalimantan Barat,,0,Ketapang,,2018-07,0.3129974150127506,7,0.3129974150127506,VIIRS DNB,nW/cm2/sr,2018,"{""type"":""MultiPoint"",""coordinates"":[]}"
54_00000000000000000007,BA03050040,,,,,,,61.12,61,8549.29358265,TASWIL5000020230907KABKOTA,Kubu Raya,,0.694575912143,12.4289126619,4326,4,,,Kubu Raya,Kalimantan Barat,,0,Pontianak,,2018-07,0.5108803041781634,7,0.5108803041781634,VIIRS DNB,nW/cm2/sr,2018,"{""type"":""MultiPoint"",""coordinates"":[]}"
54_00000000000000000008,BA03050040,,,,,,,61.08,61,8430.71056018,TASWIL5000020230907KABKOTA,Landak,,0.684950096963,6.11846983154,4326,4,,,Landak,Kalimantan Barat,,0,Pontianak,,2018-07,0.2966504251792181,7,0.2966504251792181,VIIRS DNB,nW/cm2/sr,2018,"{""type"":""MultiPoint"",""coordinates"":[]}"
54_00000000000000000000,BA03050040,,,,,,,61.07,61,5488.60795319,TASWIL5000020230907KABKOTA,Bengkayang,,0.445970285372,6.02675176554,4326,4,,,Bengkayang,Kalimantan Barat,,0,Sambas,,2018-07,0.25564925653675075,7,0.25564925653675075,VIIRS DNB,nW/cm2/sr,2018,"{""type"":""MultiPoint"",""coordinates"":[]}"
54_0000000000000000000d,BA03050040,,,,,,,61.09,61,5979.04370295,TASWIL5000020230907KABKOTA,Sekadau,,0.485752312966,4.89358511498,4326,4,,,Sekadau,Kalimantan Barat,,0,Sanggau,,2018-07,0.27328153630797736,7,0.27328153630797736,VIIRS DNB,nW/cm2/sr,2018,"{""type"":""MultiPoint"",""coordinates"":[]}"
54_00000000000000000009,BA03050040,,,,,,,61.10,61,10122.5133896,TASWIL5000020230907KABKOTA,Melawi,,0.822418686577,6.18884194372,4326,4,,,Melawi,Kalimantan Barat,,0,Sintang,,2018-07,0.2515870869908667,7,0.2515870869908667,VIIRS DNB,nW/cm2/sr,2018,"{""type"":""MultiPoint"",""coordinates"":[]}"
54_00000000000000000005,BA03050040,,,,,,,61.71,61,118.208752498,TASWIL5000020230907KABKOTA,Kota Pontianak,,0.00960338694431,0.439734620886,4326,5,,,Kota Pontianak,Kalimantan Barat,,0,,,2018-07,15.305294469026538,7,15.305294469026538,VIIRS DNB,nW/cm2/sr,2018,"{""type"":""MultiPoint"",""coordinates"":[]}"
54_00000000000000000006,BA03050040,,,,,,,61.72,61,550.186910141,TASWIL5000020230907KABKOTA,Kota Singkawang,,0.0447029151336,1.23074798661,4326,5,,,Kota Singkawang,Kalimantan Barat,,0,Bengkayang,,2018-07,0.9211324195900085,7,0.9211324195900085,VIIRS DNB,nW/cm2/sr,2018,"{""type"":""MultiPoint"",""coordinates"":[]}"
54_00000000000000000001,BA03050040,,,,,,,,61,0.446818812946,TASWIL5000020230907KABKOTA,Kalimantan Barat,"Berdasarkan Kepmendagri 050-145 Tahun 2022, masuk ke Kalimantan Barat",3.63047728111E-5,0.0520740876463,4326,999,,,,Kalimantan Barat,,0,,,2018-07,0.257770418824739,7,0.257770418824739,VIIRS DNB,nW/cm2/sr,2018,"{""type"":""MultiPoint"",""coordinates"":[]}"
55_00000000000000000002,BA03050040,,,,,,,61.06,61,31318.2461503,TASWIL5000020230907KABKOTA,Kapuas Hulu,,2.54462852025,10.3235168378,4326,4,,,Kapuas Hulu,Kalimantan Barat,,0,,,2018-08,0.19983309333252147,8,0.19983309333252147,VIIRS DNB,nW/cm2/sr,2018,"{""type"":""MultiPoint"",""coordinates"":[]}"
55_00000000000000000004,BA03050040,,,,,,,61.04,61,30018.6763396,TASWIL5000020230907KABKOTA,Ketapang,,2.43989292708,13.6255621311,4326,4,,,Ketapang,Kalimantan Barat,,0,,,2018-08,0.26686883638320474,8,0.26686883638320474,VIIRS DNB,nW/cm2/sr,2018,"{""type"":""MultiPoint"",""coordinates"":[]}"
55_0000000000000000000a,BA03050040,,,,,,,61.02,61,1935.41897259,TASWIL5000020230907KABKOTA,Mempawah,,0.157238724723,3.1173764195,4326,4,,,Mempawah,Kalimantan Barat,,0,,,2018-08,0.5356255643164579,8,0.5356255643164579,VIIRS DNB,nW/cm2/sr,2018,"{""type"":""MultiPoint"",""coordinates"":[]}"
55_0000000000000000000b,BA03050040,,,,,,,61.01,61,5937.99495327,TASWIL5000020230907KABKOTA,Sambas,,0.482557384329,4.23082967505,4326,4,,,Sambas,Kalimantan Barat,,0,,,2018-08,0.37897198996081766,8,0.37897198996081766,VIIRS DNB,nW/cm2/sr,2018,"{""type"":""MultiPoint"",""coordinates"":[]}"
55_0000000000000000000c,BA03050040,,,,,,,61.03,61,12452.2241518,TASWIL5000020230907KABKOTA,Sanggau,,1.01166258397,7.65307697656,4326,4,,,Sanggau,Kalimantan Barat,,0,,,2018-08,0.2631905462370047,8,0.2631905462370047,VIIRS DNB,nW/cm2/sr,2018,"{""type"":""MultiPoint"",""coordinates"":[]}"
55_0000000000000000000e,BA03050040,,,,,,,61.05,61,22025.7880014,TASWIL5000020230907KABKOTA,Sintang,,1.78944370224,11.9811145851,4326,4,,,Sintang,Kalimantan Barat,,0,,,2018-08,0.22774764547626322,8,0.22774764547626322,VIIRS DNB,nW/cm2/sr,2018,"{""type"":""MultiPoint"",""coordinates"":[]}"
55_00000000000000000003,BA03050040,,,,,,,61.11,61,4110.12301412,TASWIL5000020230907KABKOTA,Kayong Utara,,0.333972050772,6.99327188474,4326,4,,,Kayong Utara,Kalimantan Barat,,0,Ketapang,,2018-08,0.2920815090286671,8,0.2920815090286671,VIIRS DNB,nW/cm2/sr,2018,"{""type"":""MultiPoint"",""coordinates"":[]}"
55_00000000000000000007,BA03050040,,,,,,,61.12,61,8549.29358265,TASWIL5000020230907KABKOTA,Kubu Raya,,0.694575912143,12.4289126619,4326,4,,,Kubu Raya,Kalimantan Barat,,0,Pontianak,,2018-08,0.468613288914267,8,0.468613288914267,VIIRS DNB,nW/cm2/sr,2018,"{""type"":""MultiPoint"",""coordinates"":[]}"
55_00000000000000000008,BA03050040,,,,,,,61.08,61,8430.71056018,TASWIL5000020230907KABKOTA,Landak,,0.684950096963,6.11846983154,4326,4,,,Landak,Kalimantan Barat,,0,Pontianak,,2018-08,0.2415502335927672,8,0.2415502335927672,VIIRS DNB,nW/cm2/sr,2018,"{""type"":""MultiPoint"",""coordinates"":[]}"
55_00000000000000000000,BA03050040,,,,,,,61.07,61,5488.60795319,TASWIL5000020230907KABKOTA,Bengkayang,,0.445970285372,6.02675176554,4326,4,,,Bengkayang,Kalimantan Barat,,0,Sambas,,2018-08,0.2710691546878433,8,0.2710691546878433,VIIRS DNB,nW/cm2/sr,2018,"{""type"":""MultiPoint"",""coordinates"":[]}"
55_0000000000000000000d,BA03050040,,,,,,,61.09,61,5979.04370295,TASWIL5000020230907KABKOTA,Sekadau,,0.485752312966,4.89358511498,4326,4,,,Sekadau,Kalimantan Barat,,0,Sanggau,,2018-08,0.24254639176660525,8,0.24254639176660525,VIIRS DNB,nW/cm2/sr,2018,"{""type"":""MultiPoint"",""coordinates"":[]}"
55_00000000000000000009,BA03050040,,,,,,,61.10,61,10122.5133896,TASWIL5000020230907KABKOTA,Melawi,,0.822418686577,6.18884194372,4326,4,,,Melawi,Kalimantan Barat,,0,Sintang,,2018-08,0.26247978075903167,8,0.26247978075903167,VIIRS DNB,nW/cm2/sr,2018,"{""type"":""MultiPoint"",""coordinates"":[]}"
55_00000000000000000005,BA03050040,,,,,,,61.71,61,118.208752498,TASWIL5000020230907KABKOTA,Kota Pontianak,,0.00960338694431,0.439734620886,4326,5,,,Kota Pontianak,Kalimantan Barat,,0,,,2018-08,13.155926038917402,8,13.155926038917402,VIIRS DNB,nW/cm2/sr,2018,"{""type"":""MultiPoint"",""coordinates"":[]}"
55_00000000000000000006,BA03050040,,,,,,,61.72,61,550.186910141,TASWIL5000020230907KABKOTA,Kota Singkawang,,0.0447029151336,1.23074798661,4326,5,,,Kota Singkawang,Kalimantan Barat,,0,Bengkayang,,2018-08,0.9136628001075806,8,0.9136628001075806,VIIRS DNB,nW/cm2/sr,2018,"{""type"":""MultiPoint"",""coordinates"":[]}"
55_00000000000000000001,BA03050040,,,,,,,,61,0.446818812946,TASWIL5000020230907KABKOTA,Kalimantan Barat,"Berdasarkan Kepmendagri 050-145 Tahun 2022, masuk ke Kalimantan Barat",3.63047728111E-5,0.0520740876463,4326,999,,,,Kalimantan Barat,,0,,,2018-08,0.1572406195087675,8,0.1572406195087675,VIIRS DNB,nW/cm2/sr,2018,"{""type"":""MultiPoint"",""coordinates"":[]}"
56_00000000000000000002,BA03050040,,,,,,,61.06,61,31318.2461503,TASWIL5000020230907KABKOTA,Kapuas Hulu,,2.54462852025,10.3235168378,4326,4,,,Kapuas Hulu,Kalimantan Barat,,0,,,2018-09,0.11115861713922,9,0.11115861713922,VIIRS DNB,nW/cm2/sr,2018,"{""type"":""MultiPoint"",""coordinates"":[]}"
56_00000000000000000004,BA03050040,,,,,,,61.04,61,30018.6763396,TASWIL5000020230907KABKOTA,Ketapang,,2.43989292708,13.6255621311,4326,4,,,Ketapang,Kalimantan Barat,,0,,,2018-09,0.23309304645471632,9,0.23309304645471632,VIIRS DNB,nW/cm2/sr,2018,"{""type"":""MultiPoint"",""coordinates"":[]}"
56_0000000000000000000a,BA03050040,,,,,,,61.02,61,1935.41897259,TASWIL5000020230907KABKOTA,Mempawah,,0.157238724723,3.1173764195,4326,4,,,Mempawah,Kalimantan Barat,,0,,,2018-09,0.6567085445236469,9,0.6567085445236469,VIIRS DNB,nW/cm2/sr,2018,"{""type"":""MultiPoint"",""coordinates"":[]}"
56_0000000000000000000b,BA03050040,,,,,,,61.01,61,5937.99495327,TASWIL5000020230907KABKOTA,Sambas,,0.482557384329,4.23082967505,4326,4,,,Sambas,Kalimantan Barat,,0,,,2018-09,0.48053771622511704,9,0.48053771622511704,VIIRS DNB,nW/cm2/sr,2018,"{""type"":""MultiPoint"",""coordinates"":[]}"
56_0000000000000000000c,BA03050040,,,,,,,61.03,61,12452.2241518,TASWIL5000020230907KABKOTA,Sanggau,,1.01166258397,7.65307697656,4326,4,,,Sanggau,Kalimantan Barat,,0,,,2018-09,0.2593296119824985,9,0.2593296119824985,VIIRS DNB,nW/cm2/sr,2018,"{""type"":""MultiPoint"",""coordinates"":[]}"
56_0000000000000000000e,BA03050040,,,,,,,61.05,61,22025.7880014,TASWIL5000020230907KABKOTA,Sintang,,1.78944370224,11.9811145851,4326,4,,,Sintang,Kalimantan Barat,,0,,,2018-09,0.16569154326896857,9,0.16569154326896857,VIIRS DNB,nW/cm2/sr,2018,"{""type"":""MultiPoint"",""coordinates"":[]}"
56_00000000000000000003,BA03050040,,,,,,,61.11,61,4110.12301412,TASWIL5000020230907KABKOTA,Kayong Utara,,0.333972050772,6.99327188474,4326,4,,,Kayong Utara,Kalimantan Barat,,0,Ketapang,,2018-09,0.3591919990068955,9,0.3591919990068955,VIIRS DNB,nW/cm2/sr,2018,"{""type"":""MultiPoint"",""coordinates"":[]}"
56_00000000000000000007,BA03050040,,,,,,,61.12,61,8549.29358265,TASWIL5000020230907KABKOTA,Kubu Raya,,0.694575912143,12.4289126619,4326,4,,,Kubu Raya,Kalimantan Barat,,0,Pontianak,,2018-09,0.4863710881078357,9,0.4863710881078357,VIIRS DNB,nW/cm2/sr,2018,"{""type"":""MultiPoint"",""coordinates"":[]}"
56_00000000000000000008,BA03050040,,,,,,,61.08,61,8430.71056018,TASWIL5000020230907KABKOTA,Landak,,0.684950096963,6.11846983154,4326,4,,,Landak,Kalimantan Barat,,0,Pontianak,,2018-09,0.4127141370155823,9,0.4127141370155823,VIIRS DNB,nW/cm2/sr,2018,"{""type"":""MultiPoint"",""coordinates"":[]}"
56_00000000000000000000,BA03050040,,,,,,,61.07,61,5488.60795319,TASWIL5000020230907KABKOTA,Bengkayang,,0.445970285372,6.02675176554,4326,4,,,Bengkayang,Kalimantan Barat,,0,Sambas,,2018-09,0.4456212030110116,9,0.4456212030110116,VIIRS DNB,nW/cm2/sr,2018,"{""type"":""MultiPoint"",""coordinates"":[]}"
56_0000000000000000000d,BA03050040,,,,,,,61.09,61,5979.04370295,TASWIL5000020230907KABKOTA,Sekadau,,0.485752312966,4.89358511498,4326,4,,,Sekadau,Kalimantan Barat,,0,Sanggau,,2018-09,0.1787172765999582,9,0.1787172765999582,VIIRS DNB,nW/cm2/sr,2018,"{""type"":""MultiPoint"",""coordinates"":[]}"
56_00000000000000000009,BA03050040,,,,,,,61.10,61,10122.5133896,TASWIL5000020230907KABKOTA,Melawi,,0.822418686577,6.18884194372,4326,4,,,Melawi,Kalimantan Barat,,0,Sintang,,2018-09,0.13584614325756342,9,0.13584614325756342,VIIRS DNB,nW/cm2/sr,2018,"{""type"":""MultiPoint"",""coordinates"":[]}"
56_00000000000000000005,BA03050040,,,,,,,61.71,61,118.208752498,TASWIL5000020230907KABKOTA,Kota Pontianak,,0.00960338694431,0.439734620886,4326,5,,,Kota Pontianak,Kalimantan Barat,,0,,,2018-09,14.682172483035805,9,14.682172483035805,VIIRS DNB,nW/cm2/sr,2018,"{""type"":""MultiPoint"",""coordinates"":[]}"
56_00000000000000000006,BA03050040,,,,,,,61.72,61,550.186910141,TASWIL5000020230907KABKOTA,Kota Singkawang,,0.0447029151336,1.23074798661,4326,5,,,Kota Singkawang,Kalimantan Barat,,0,Bengkayang,,2018-09,1.1985992565397134,9,1.1985992565397134,VIIRS DNB,nW/cm2/sr,2018,"{""type"":""MultiPoint"",""coordinates"":[]}"
56_00000000000000000001,BA03050040,,,,,,,,61,0.446818812946,TASWIL5000020230907KABKOTA,Kalimantan Barat,"Berdasarkan Kepmendagri 050-145 Tahun 2022, masuk ke Kalimantan Barat",3.63047728111E-5,0.0520740876463,4326,999,,,,Kalimantan Barat,,0,,,2018-09,0.09344370844907583,9,0.09344370844907583,VIIRS DNB,nW/cm2/sr,2018,"{""type"":""MultiPoint"",""coordinates"":[]}"
57_00000000000000000002,BA03050040,,,,,,,61.06,61,31318.2461503,TASWIL5000020230907KABKOTA,Kapuas Hulu,,2.54462852025,10.3235168378,4326,4,,,Kapuas Hulu,Kalimantan Barat,,0,,,2018-10,0.14299763898305726,10,0.14299763898305726,VIIRS DNB,nW/cm2/sr,2018,"{""type"":""MultiPoint"",""coordinates"":[]}"
57_00000000000000000004,BA03050040,,,,,,,61.04,61,30018.6763396,TASWIL5000020230907KABKOTA,Ketapang,,2.43989292708,13.6255621311,4326,4,,,Ketapang,Kalimantan Barat,,0,,,2018-10,0.19287749145142943,10,0.19287749145142943,VIIRS DNB,nW/cm2/sr,2018,"{""type"":""MultiPoint"",""coordinates"":[]}"
57_0000000000000000000a,BA03050040,,,,,,,61.02,61,1935.41897259,TASWIL5000020230907KABKOTA,Mempawah,,0.157238724723,3.1173764195,4326,4,,,Mempawah,Kalimantan Barat,,0,,,2018-10,0.34167585566411995,10,0.34167585566411995,VIIRS DNB,nW/cm2/sr,2018,"{""type"":""MultiPoint"",""coordinates"":[]}"
57_0000000000000000000b,BA03050040,,,,,,,61.01,61,5937.99495327,TASWIL5000020230907KABKOTA,Sambas,,0.482557384329,4.23082967505,4326,4,,,Sambas,Kalimantan Barat,,0,,,2018-10,0.0376088117031138,10,0.0376088117031138,VIIRS DNB,nW/cm2/sr,2018,"{""type"":""MultiPoint"",""coordinates"":[]}"
57_0000000000000000000c,BA03050040,,,,,,,61.03,61,12452.2241518,TASWIL5000020230907KABKOTA,Sanggau,,1.01166258397,7.65307697656,4326,4,,,Sanggau,Kalimantan Barat,,0,,,2018-10,0.10369457687503089,10,0.10369457687503089,VIIRS DNB,nW/cm2/sr,2018,"{""type"":""MultiPoint"",""coordinates"":[]}"
57_0000000000000000000e,BA03050040,,,,,,,61.05,61,22025.7880014,TASWIL5000020230907KABKOTA,Sintang,,1.78944370224,11.9811145851,4326,4,,,Sintang,Kalimantan Barat,,0,,,2018-10,0.14703256781058213,10,0.14703256781058213,VIIRS DNB,nW/cm2/sr,2018,"{""type"":""MultiPoint"",""coordinates"":[]}"
57_00000000000000000003,BA03050040,,,,,,,61.11,61,4110.12301412,TASWIL5000020230907KABKOTA,Kayong Utara,,0.333972050772,6.99327188474,4326,4,,,Kayong Utara,Kalimantan Barat,,0,Ketapang,,2018-10,0.153685309991851,10,0.153685309991851,VIIRS DNB,nW/cm2/sr,2018,"{""type"":""MultiPoint"",""coordinates"":[]}"
57_00000000000000000007,BA03050040,,,,,,,61.12,61,8549.29358265,TASWIL5000020230907KABKOTA,Kubu Raya,,0.694575912143,12.4289126619,4326,4,,,Kubu Raya,Kalimantan Barat,,0,Pontianak,,2018-10,0.2724657736941776,10,0.2724657736941776,VIIRS DNB,nW/cm2/sr,2018,"{""type"":""MultiPoint"",""coordinates"":[]}"
57_00000000000000000008,BA03050040,,,,,,,61.08,61,8430.71056018,TASWIL5000020230907KABKOTA,Landak,,0.684950096963,6.11846983154,4326,4,,,Landak,Kalimantan Barat,,0,Pontianak,,2018-10,0.0711813155207496,10,0.0711813155207496,VIIRS DNB,nW/cm2/sr,2018,"{""type"":""MultiPoint"",""coordinates"":[]}"
57_00000000000000000000,BA03050040,,,,,,,61.07,61,5488.60795319,TASWIL5000020230907KABKOTA,Bengkayang,,0.445970285372,6.02675176554,4326,4,,,Bengkayang,Kalimantan Barat,,0,Sambas,,2018-10,0.0834416399010968,10,0.0834416399010968,VIIRS DNB,nW/cm2/sr,2018,"{""type"":""MultiPoint"",""coordinates"":[]}"
57_0000000000000000000d,BA03050040,,,,,,,61.09,61,5979.04370295,TASWIL5000020230907KABKOTA,Sekadau,,0.485752312966,4.89358511498,4326,4,,,Sekadau,Kalimantan Barat,,0,Sanggau,,2018-10,0.1691129687526594,10,0.1691129687526594,VIIRS DNB,nW/cm2/sr,2018,"{""type"":""MultiPoint"",""coordinates"":[]}"
57_00000000000000000009,BA03050040,,,,,,,61.10,61,10122.5133896,TASWIL5000020230907KABKOTA,Melawi,,0.822418686577,6.18884194372,4326,4,,,Melawi,Kalimantan Barat,,0,Sintang,,2018-10,0.09882037688666895,10,0.09882037688666895,VIIRS DNB,nW/cm2/sr,2018,"{""type"":""MultiPoint"",""coordinates"":[]}"
57_00000000000000000005,BA03050040,,,,,,,61.71,61,118.208752498,TASWIL5000020230907KABKOTA,Kota Pontianak,,0.00960338694431,0.439734620886,4326,5,,,Kota Pontianak,Kalimantan Barat,,0,,,2018-10,12.131837287578529,10,12.131837287578529,VIIRS DNB,nW/cm2/sr,2018,"{""type"":""MultiPoint"",""coordinates"":[]}"
57_00000000000000000006,BA03050040,,,,,,,61.72,61,550.186910141,TASWIL5000020230907KABKOTA,Kota Singkawang,,0.0447029151336,1.23074798661,4326,5,,,Kota Singkawang,Kalimantan Barat,,0,Bengkayang,,2018-10,0.10754593839916762,10,0.10754593839916762,VIIRS DNB,nW/cm2/sr,2018,"{""type"":""MultiPoint"",""coordinates"":[]}"
57_00000000000000000001,BA03050040,,,,,,,,61,0.446818812946,TASWIL5000020230907KABKOTA,Kalimantan Barat,"Berdasarkan Kepmendagri 050-145 Tahun 2022, masuk ke Kalimantan Barat",3.63047728111E-5,0.0520740876463,4326,999,,,,Kalimantan Barat,,0,,,2018-10,0.16739514317141466,10,0.16739514317141466,VIIRS DNB,nW/cm2/sr,2018,"{""type"":""MultiPoint"",""coordinates"":[]}"
58_00000000000000000002,BA03050040,,,,,,,61.06,61,31318.2461503,TASWIL5000020230907KABKOTA,Kapuas Hulu,,2.54462852025,10.3235168378,4326,4,,,Kapuas Hulu,Kalimantan Barat,,0,,,2018-11,0.01594872838022354,11,0.01594872838022354,VIIRS DNB,nW/cm2/sr,2018,"{""type"":""MultiPoint"",""coordinates"":[]}"
58_00000000000000000004,BA03050040,,,,,,,61.04,61,30018.6763396,TASWIL5000020230907KABKOTA,Ketapang,,2.43989292708,13.6255621311,4326,4,,,Ketapang,Kalimantan Barat,,0,,,2018-11,0.05165830751394668,11,0.05165830751394668,VIIRS DNB,nW/cm2/sr,2018,"{""type"":""MultiPoint"",""coordinates"":[]}"
58_0000000000000000000a,BA03050040,,,,,,,61.02,61,1935.41897259,TASWIL5000020230907KABKOTA,Mempawah,,0.157238724723,3.1173764195,4326,4,,,Mempawah,Kalimantan Barat,,0,,,2018-11,0.008128404977101787,11,0.008128404977101787,VIIRS DNB,nW/cm2/sr,2018,"{""type"":""MultiPoint"",""coordinates"":[]}"
58_0000000000000000000b,BA03050040,,,,,,,61.01,61,5937.99495327,TASWIL5000020230907KABKOTA,Sambas,,0.482557384329,4.23082967505,4326,4,,,Sambas,Kalimantan Barat,,0,,,2018-11,0.03844803939306879,11,0.03844803939306879,VIIRS DNB,nW/cm2/sr,2018,"{""type"":""MultiPoint"",""coordinates"":[]}"
58_0000000000000000000c,BA03050040,,,,,,,61.03,61,12452.2241518,TASWIL5000020230907KABKOTA,Sanggau,,1.01166258397,7.65307697656,4326,4,,,Sanggau,Kalimantan Barat,,0,,,2018-11,0.029232738858334377,11,0.029232738858334377,VIIRS DNB,nW/cm2/sr,2018,"{""type"":""MultiPoint"",""coordinates"":[]}"
58_0000000000000000000e,BA03050040,,,,,,,61.05,61,22025.7880014,TASWIL5000020230907KABKOTA,Sintang,,1.78944370224,11.9811145851,4326,4,,,Sintang,Kalimantan Barat,,0,,,2018-11,0.02935478302435734,11,0.02935478302435734,VIIRS DNB,nW/cm2/sr,2018,"{""type"":""MultiPoint"",""coordinates"":[]}"
58_00000000000000000003,BA03050040,,,,,,,61.11,61,4110.12301412,TASWIL5000020230907KABKOTA,Kayong Utara,,0.333972050772,6.99327188474,4326,4,,,Kayong Utara,Kalimantan Barat,,0,Ketapang,,2018-11,0.06206752207969031,11,0.06206752207969031,VIIRS DNB,nW/cm2/sr,2018,"{""type"":""MultiPoint"",""coordinates"":[]}"
58_00000000000000000007,BA03050040,,,,,,,61.12,61,8549.29358265,TASWIL5000020230907KABKOTA,Kubu Raya,,0.694575912143,12.4289126619,4326,4,,,Kubu Raya,Kalimantan Barat,,0,Pontianak,,2018-11,0.032523260312778905,11,0.032523260312778905,VIIRS DNB,nW/cm2/sr,2018,"{""type"":""MultiPoint"",""coordinates"":[]}"
58_00000000000000000008,BA03050040,,,,,,,61.08,61,8430.71056018,TASWIL5000020230907KABKOTA,Landak,,0.684950096963,6.11846983154,4326,4,,,Landak,Kalimantan Barat,,0,Pontianak,,2018-11,0.008410922248259694,11,0.008410922248259694,VIIRS DNB,nW/cm2/sr,2018,"{""type"":""MultiPoint"",""coordinates"":[]}"
58_00000000000000000000,BA03050040,,,,,,,61.07,61,5488.60795319,TASWIL5000020230907KABKOTA,Bengkayang,,0.445970285372,6.02675176554,4326,4,,,Bengkayang,Kalimantan Barat,,0,Sambas,,2018-11,0.0023591175213305963,11,0.0023591175213305963,VIIRS DNB,nW/cm2/sr,2018,"{""type"":""MultiPoint"",""coordinates"":[]}"
58_0000000000000000000d,BA03050040,,,,,,,61.09,61,5979.04370295,TASWIL5000020230907KABKOTA,Sekadau,,0.485752312966,4.89358511498,4326,4,,,Sekadau,Kalimantan Barat,,0,Sanggau,,2018-11,0.06012983691417409,11,0.06012983691417409,VIIRS DNB,nW/cm2/sr,2018,"{""type"":""MultiPoint"",""coordinates"":[]}"
58_00000000000000000009,BA03050040,,,,,,,61.10,61,10122.5133896,TASWIL5000020230907KABKOTA,Melawi,,0.822418686577,6.18884194372,4326,4,,,Melawi,Kalimantan Barat,,0,Sintang,,2018-11,0.0432402223775745,11,0.0432402223775745,VIIRS DNB,nW/cm2/sr,2018,"{""type"":""MultiPoint"",""coordinates"":[]}"
58_00000000000000000005,BA03050040,,,,,,,61.71,61,118.208752498,TASWIL5000020230907KABKOTA,Kota Pontianak,,0.00960338694431,0.439734620886,4326,5,,,Kota Pontianak,Kalimantan Barat,,0,,,2018-11,0.0,11,0.0,VIIRS DNB,nW/cm2/sr,2018,"{""type"":""MultiPoint"",""coordinates"":[]}"
58_00000000000000000006,BA03050040,,,,,,,61.72,61,550.186910141,TASWIL5000020230907KABKOTA,Kota Singkawang,,0.0447029151336,1.23074798661,4326,5,,,Kota Singkawang,Kalimantan Barat,,0,Bengkayang,,2018-11,0.02226805952103838,11,0.02226805952103838,VIIRS DNB,nW/cm2/sr,2018,"{""type"":""MultiPoint"",""coordinates"":[]}"
58_00000000000000000001,BA03050040,,,,,,,,61,0.446818812946,TASWIL5000020230907KABKOTA,Kalimantan Barat,"Berdasarkan Kepmendagri 050-145 Tahun 2022, masuk ke Kalimantan Barat",3.63047728111E-5,0.0520740876463,4326,999,,,,Kalimantan Barat,,0,,,2018-11,0.023465784044553906,11,0.023465784044553906,VIIRS DNB,nW/cm2/sr,2018,"{""type"":""MultiPoint"",""coordinates"":[]}"
59_00000000000000000002,BA03050040,,,,,,,61.06,61,31318.2461503,TASWIL5000020230907KABKOTA,Kapuas Hulu,,2.54462852025,10.3235168378,4326,4,,,Kapuas Hulu,Kalimantan Barat,,0,,,2018-12,0.0709379730109452,12,0.0709379730109452,VIIRS DNB,nW/cm2/sr,2018,"{""type"":""MultiPoint"",""coordinates"":[]}"
59_00000000000000000004,BA03050040,,,,,,,61.04,61,30018.6763396,TASWIL5000020230907KABKOTA,Ketapang,,2.43989292708,13.6255621311,4326,4,,,Ketapang,Kalimantan Barat,,0,,,2018-12,0.05583374952994488,12,0.05583374952994488,VIIRS DNB,nW/cm2/sr,2018,"{""type"":""MultiPoint"",""coordinates"":[]}"
59_0000000000000000000a,BA03050040,,,,,,,61.02,61,1935.41897259,TASWIL5000020230907KABKOTA,Mempawah,,0.157238724723,3.1173764195,4326,4,,,Mempawah,Kalimantan Barat,,0,,,2018-12,0.3297775088057616,12,0.3297775088057616,VIIRS DNB,nW/cm2/sr,2018,"{""type"":""MultiPoint"",""coordinates"":[]}"
59_0000000000000000000b,BA03050040,,,,,,,61.01,61,5937.99495327,TASWIL5000020230907KABKOTA,Sambas,,0.482557384329,4.23082967505,4326,4,,,Sambas,Kalimantan Barat,,0,,,2018-12,0.05129135708614322,12,0.05129135708614322,VIIRS DNB,nW/cm2/sr,2018,"{""type"":""MultiPoint"",""coordinates"":[]}"
59_0000000000000000000c,BA03050040,,,,,,,61.03,61,12452.2241518,TASWIL5000020230907KABKOTA,Sanggau,,1.01166258397,7.65307697656,4326,4,,,Sanggau,Kalimantan Barat,,0,,,2018-12,0.08790443431812651,12,0.08790443431812651,VIIRS DNB,nW/cm2/sr,2018,"{""type"":""MultiPoint"",""coordinates"":[]}"
59_0000000000000000000e,BA03050040,,,,,,,61.05,61,22025.7880014,TASWIL5000020230907KABKOTA,Sintang,,1.78944370224,11.9811145851,4326,4,,,Sintang,Kalimantan Barat,,0,,,2018-12,0.0925045249135566,12,0.0925045249135566,VIIRS DNB,nW/cm2/sr,2018,"{""type"":""MultiPoint"",""coordinates"":[]}"
59_00000000000000000003,BA03050040,,,,,,,61.11,61,4110.12301412,TASWIL5000020230907KABKOTA,Kayong Utara,,0.333972050772,6.99327188474,4326,4,,,Kayong Utara,Kalimantan Barat,,0,Ketapang,,2018-12,0.05780290813786903,12,0.05780290813786903,VIIRS DNB,nW/cm2/sr,2018,"{""type"":""MultiPoint"",""coordinates"":[]}"
59_00000000000000000007,BA03050040,,,,,,,61.12,61,8549.29358265,TASWIL5000020230907KABKOTA,Kubu Raya,,0.694575912143,12.4289126619,4326,4,,,Kubu Raya,Kalimantan Barat,,0,Pontianak,,2018-12,0.2234053835601983,12,0.2234053835601983,VIIRS DNB,nW/cm2/sr,2018,"{""type"":""MultiPoint"",""coordinates"":[]}"
59_00000000000000000008,BA03050040,,,,,,,61.08,61,8430.71056018,TASWIL5000020230907KABKOTA,Landak,,0.684950096963,6.11846983154,4326,4,,,Landak,Kalimantan Barat,,0,Pontianak,,2018-12,0.07190889891513305,12,0.07190889891513305,VIIRS DNB,nW/cm2/sr,2018,"{""type"":""MultiPoint"",""coordinates"":[]}"
59_00000000000000000000,BA03050040,,,,,,,61.07,61,5488.60795319,TASWIL5000020230907KABKOTA,Bengkayang,,0.445970285372,6.02675176554,4326,4,,,Bengkayang,Kalimantan Barat,,0,Sambas,,2018-12,0.029610757926845494,12,0.029610757926845494,VIIRS DNB,nW/cm2/sr,2018,"{""type"":""MultiPoint"",""coordinates"":[]}"
59_0000000000000000000d,BA03050040,,,,,,,61.09,61,5979.04370295,TASWIL5000020230907KABKOTA,Sekadau,,0.485752312966,4.89358511498,4326,4,,,Sekadau,Kalimantan Barat,,0,Sanggau,,2018-12,0.06844941790201611,12,0.06844941790201611,VIIRS DNB,nW/cm2/sr,2018,"{""type"":""MultiPoint"",""coordinates"":[]}"
59_00000000000000000009,BA03050040,,,,,,,61.10,61,10122.5133896,TASWIL5000020230907KABKOTA,Melawi,,0.822418686577,6.18884194372,4326,4,,,Melawi,Kalimantan Barat,,0,Sintang,,2018-12,0.06727231769880902,12,0.06727231769880902,VIIRS DNB,nW/cm2/sr,2018,"{""type"":""MultiPoint"",""coordinates"":[]}"
59_00000000000000000005,BA03050040,,,,,,,61.71,61,118.208752498,TASWIL5000020230907KABKOTA,Kota Pontianak,,0.00960338694431,0.439734620886,4326,5,,,Kota Pontianak,Kalimantan Barat,,0,,,2018-12,11.937829609194056,12,11.937829609194056,VIIRS DNB,nW/cm2/sr,2018,"{""type"":""MultiPoint"",""coordinates"":[]}"
59_00000000000000000006,BA03050040,,,,,,,61.72,61,550.186910141,TASWIL5000020230907KABKOTA,Kota Singkawang,,0.0447029151336,1.23074798661,4326,5,,,Kota Singkawang,Kalimantan Barat,,0,Bengkayang,,2018-12,0.4969884985784578,12,0.4969884985784578,VIIRS DNB,nW/cm2/sr,2018,"{""type"":""MultiPoint"",""coordinates"":[]}"
59_00000000000000000001,BA03050040,,,,,,,,61,0.446818812946,TASWIL5000020230907KABKOTA,Kalimantan Barat,"Berdasarkan Kepmendagri 050-145 Tahun 2022, masuk ke Kalimantan Barat",3.63047728111E-5,0.0520740876463,4326,999,,,,Kalimantan Barat,,0,,,2018-12,0.02317880762629951,12,0.02317880762629951,VIIRS DNB,nW/cm2/sr,2018,"{""type"":""MultiPoint"",""coordinates"":[]}"
60_00000000000000000002,BA03050040,,,,,,,61.06,61,31318.2461503,TASWIL5000020230907KABKOTA,Kapuas Hulu,,2.54462852025,10.3235168378,4326,4,,,Kapuas Hulu,Kalimantan Barat,,0,,,2019-01,0.022252586843984203,1,0.022252586843984203,VIIRS DNB,nW/cm2/sr,2019,"{""type"":""MultiPoint"",""coordinates"":[]}"
60_00000000000000000004,BA03050040,,,,,,,61.04,61,30018.6763396,TASWIL5000020230907KABKOTA,Ketapang,,2.43989292708,13.6255621311,4326,4,,,Ketapang,Kalimantan Barat,,0,,,2019-01,0.07423601467133387,1,0.07423601467133387,VIIRS DNB,nW/cm2/sr,2019,"{""type"":""MultiPoint"",""coordinates"":[]}"
60_0000000000000000000a,BA03050040,,,,,,,61.02,61,1935.41897259,TASWIL5000020230907KABKOTA,Mempawah,,0.157238724723,3.1173764195,4326,4,,,Mempawah,Kalimantan Barat,,0,,,2019-01,0.27479469842567456,1,0.27479469842567456,VIIRS DNB,nW/cm2/sr,2019,"{""type"":""MultiPoint"",""coordinates"":[]}"
60_0000000000000000000b,BA03050040,,,,,,,61.01,61,5937.99495327,TASWIL5000020230907KABKOTA,Sambas,,0.482557384329,4.23082967505,4326,4,,,Sambas,Kalimantan Barat,,0,,,2019-01,0.08664161548361589,1,0.08664161548361589,VIIRS DNB,nW/cm2/sr,2019,"{""type"":""MultiPoint"",""coordinates"":[]}"
60_0000000000000000000c,BA03050040,,,,,,,61.03,61,12452.2241518,TASWIL5000020230907KABKOTA,Sanggau,,1.01166258397,7.65307697656,4326,4,,,Sanggau,Kalimantan Barat,,0,,,2019-01,0.039664508389850625,1,0.039664508389850625,VIIRS DNB,nW/cm2/sr,2019,"{""type"":""MultiPoint"",""coordinates"":[]}"
60_0000000000000000000e,BA03050040,,,,,,,61.05,61,22025.7880014,TASWIL5000020230907KABKOTA,Sintang,,1.78944370224,11.9811145851,4326,4,,,Sintang,Kalimantan Barat,,0,,,2019-01,0.022037114119546234,1,0.022037114119546234,VIIRS DNB,nW/cm2/sr,2019,"{""type"":""MultiPoint"",""coordinates"":[]}"
60_00000000000000000003,BA03050040,,,,,,,61.11,61,4110.12301412,TASWIL5000020230907KABKOTA,Kayong Utara,,0.333972050772,6.99327188474,4326,4,,,Kayong Utara,Kalimantan Barat,,0,Ketapang,,2019-01,0.03214962969732022,1,0.03214962969732022,VIIRS DNB,nW/cm2/sr,2019,"{""type"":""MultiPoint"",""coordinates"":[]}"
60_00000000000000000007,BA03050040,,,,,,,61.12,61,8549.29358265,TASWIL5000020230907KABKOTA,Kubu Raya,,0.694575912143,12.4289126619,4326,4,,,Kubu Raya,Kalimantan Barat,,0,Pontianak,,2019-01,0.16497401241608828,1,0.16497401241608828,VIIRS DNB,nW/cm2/sr,2019,"{""type"":""MultiPoint"",""coordinates"":[]}"
60_00000000000000000008,BA03050040,,,,,,,61.08,61,8430.71056018,TASWIL5000020230907KABKOTA,Landak,,0.684950096963,6.11846983154,4326,4,,,Landak,Kalimantan Barat,,0,Pontianak,,2019-01,0.04800314620025738,1,0.04800314620025738,VIIRS DNB,nW/cm2/sr,2019,"{""type"":""MultiPoint"",""coordinates"":[]}"
60_00000000000000000000,BA03050040,,,,,,,61.07,61,5488.60795319,TASWIL5000020230907KABKOTA,Bengkayang,,0.445970285372,6.02675176554,4326,4,,,Bengkayang,Kalimantan Barat,,0,Sambas,,2019-01,0.07045738602823964,1,0.07045738602823964,VIIRS DNB,nW/cm2/sr,2019,"{""type"":""MultiPoint"",""coordinates"":[]}"
60_0000000000000000000d,BA03050040,,,,,,,61.09,61,5979.04370295,TASWIL5000020230907KABKOTA,Sekadau,,0.485752312966,4.89358511498,4326,4,,,Sekadau,Kalimantan Barat,,0,Sanggau,,2019-01,0.032894135702045225,1,0.032894135702045225,VIIRS DNB,nW/cm2/sr,2019,"{""type"":""MultiPoint"",""coordinates"":[]}"
60_00000000000000000009,BA03050040,,,,,,,61.10,61,10122.5133896,TASWIL5000020230907KABKOTA,Melawi,,0.822418686577,6.18884194372,4326,4,,,Melawi,Kalimantan Barat,,0,Sintang,,2019-01,0.02259995534215692,1,0.02259995534215692,VIIRS DNB,nW/cm2/sr,2019,"{""type"":""MultiPoint"",""coordinates"":[]}"
60_00000000000000000005,BA03050040,,,,,,,61.71,61,118.208752498,TASWIL5000020230907KABKOTA,Kota Pontianak,,0.00960338694431,0.439734620886,4326,5,,,Kota Pontianak,Kalimantan Barat,,0,,,2019-01,9.587902111413202,1,9.587902111413202,VIIRS DNB,nW/cm2/sr,2019,"{""type"":""MultiPoint"",""coordinates"":[]}"
60_00000000000000000006,BA03050040,,,,,,,61.72,61,550.186910141,TASWIL5000020230907KABKOTA,Kota Singkawang,,0.0447029151336,1.23074798661,4326,5,,,Kota Singkawang,Kalimantan Barat,,0,Bengkayang,,2019-01,0.6293696218818402,1,0.6293696218818402,VIIRS DNB,nW/cm2/sr,2019,"{""type"":""MultiPoint"",""coordinates"":[]}"
60_00000000000000000001,BA03050040,,,,,,,,61,0.446818812946,TASWIL5000020230907KABKOTA,Kalimantan Barat,"Berdasarkan Kepmendagri 050-145 Tahun 2022, masuk ke Kalimantan Barat",3.63047728111E-5,0.0520740876463,4326,999,,,,Kalimantan Barat,,0,,,2019-01,-0.06995585101099469,1,-0.06995585101099469,VIIRS DNB,nW/cm2/sr,2019,"{""type"":""MultiPoint"",""coordinates"":[]}"
61_00000000000000000002,BA03050040,,,,,,,61.06,61,31318.2461503,TASWIL5000020230907KABKOTA,Kapuas Hulu,,2.54462852025,10.3235168378,4326,4,,,Kapuas Hulu,Kalimantan Barat,,0,,,2019-02,0.2276981144495755,2,0.2276981144495755,VIIRS DNB,nW/cm2/sr,2019,"{""type"":""MultiPoint"",""coordinates"":[]}"
61_00000000000000000004,BA03050040,,,,,,,61.04,61,30018.6763396,TASWIL5000020230907KABKOTA,Ketapang,,2.43989292708,13.6255621311,4326,4,,,Ketapang,Kalimantan Barat,,0,,,2019-02,0.14622168870926308,2,0.14622168870926308,VIIRS DNB,nW/cm2/sr,2019,"{""type"":""MultiPoint"",""coordinates"":[]}"
61_0000000000000000000a,BA03050040,,,,,,,61.02,61,1935.41897259,TASWIL5000020230907KABKOTA,Mempawah,,0.157238724723,3.1173764195,4326,4,,,Mempawah,Kalimantan Barat,,0,,,2019-02,0.5869617531298794,2,0.5869617531298794,VIIRS DNB,nW/cm2/sr,2019,"{""type"":""MultiPoint"",""coordinates"":[]}"
61_0000000000000000000b,BA03050040,,,,,,,61.01,61,5937.99495327,TASWIL5000020230907KABKOTA,Sambas,,0.482557384329,4.23082967505,4326,4,,,Sambas,Kalimantan Barat,,0,,,2019-02,0.3389755130353126,2,0.3389755130353126,VIIRS DNB,nW/cm2/sr,2019,"{""type"":""MultiPoint"",""coordinates"":[]}"
61_0000000000000000000c,BA03050040,,,,,,,61.03,61,12452.2241518,TASWIL5000020230907KABKOTA,Sanggau,,1.01166258397,7.65307697656,4326,4,,,Sanggau,Kalimantan Barat,,0,,,2019-02,0.22543162040440365,2,0.22543162040440365,VIIRS DNB,nW/cm2/sr,2019,"{""type"":""MultiPoint"",""coordinates"":[]}"
61_0000000000000000000e,BA03050040,,,,,,,61.05,61,22025.7880014,TASWIL5000020230907KABKOTA,Sintang,,1.78944370224,11.9811145851,4326,4,,,Sintang,Kalimantan Barat,,0,,,2019-02,0.19340455598529,2,0.19340455598529,VIIRS DNB,nW/cm2/sr,2019,"{""type"":""MultiPoint"",""coordinates"":[]}"
61_00000000000000000003,BA03050040,,,,,,,61.11,61,4110.12301412,TASWIL5000020230907KABKOTA,Kayong Utara,,0.333972050772,6.99327188474,4326,4,,,Kayong Utara,Kalimantan Barat,,0,Ketapang,,2019-02,0.07281570596376874,2,0.07281570596376874,VIIRS DNB,nW/cm2/sr,2019,"{""type"":""MultiPoint"",""coordinates"":[]}"
61_00000000000000000007,BA03050040,,,,,,,61.12,61,8549.29358265,TASWIL5000020230907KABKOTA,Kubu Raya,,0.694575912143,12.4289126619,4326,4,,,Kubu Raya,Kalimantan Barat,,0,Pontianak,,2019-02,0.36572100725891293,2,0.36572100725891293,VIIRS DNB,nW/cm2/sr,2019,"{""type"":""MultiPoint"",""coordinates"":[]}"
61_00000000000000000008,BA03050040,,,,,,,61.08,61,8430.71056018,TASWIL5000020230907KABKOTA,Landak,,0.684950096963,6.11846983154,4326,4,,,Landak,Kalimantan Barat,,0,Pontianak,,2019-02,0.29001789819687634,2,0.29001789819687634,VIIRS DNB,nW/cm2/sr,2019,"{""type"":""MultiPoint"",""coordinates"":[]}"
61_00000000000000000000,BA03050040,,,,,,,61.07,61,5488.60795319,TASWIL5000020230907KABKOTA,Bengkayang,,0.445970285372,6.02675176554,4326,4,,,Bengkayang,Kalimantan Barat,,0,Sambas,,2019-02,0.3323416479651266,2,0.3323416479651266,VIIRS DNB,nW/cm2/sr,2019,"{""type"":""MultiPoint"",""coordinates"":[]}"
61_0000000000000000000d,BA03050040,,,,,,,61.09,61,5979.04370295,TASWIL5000020230907KABKOTA,Sekadau,,0.485752312966,4.89358511498,4326,4,,,Sekadau,Kalimantan Barat,,0,Sanggau,,2019-02,0.1665024450638678,2,0.1665024450638678,VIIRS DNB,nW/cm2/sr,2019,"{""type"":""MultiPoint"",""coordinates"":[]}"
61_00000000000000000009,BA03050040,,,,,,,61.10,61,10122.5133896,TASWIL5000020230907KABKOTA,Melawi,,0.822418686577,6.18884194372,4326,4,,,Melawi,Kalimantan Barat,,0,Sintang,,2019-02,0.21818730367001402,2,0.21818730367001402,VIIRS DNB,nW/cm2/sr,2019,"{""type"":""MultiPoint"",""coordinates"":[]}"
61_00000000000000000005,BA03050040,,,,,,,61.71,61,118.208752498,TASWIL5000020230907KABKOTA,Kota Pontianak,,0.00960338694431,0.439734620886,4326,5,,,Kota Pontianak,Kalimantan Barat,,0,,,2019-02,10.57559699053178,2,10.57559699053178,VIIRS DNB,nW/cm2/sr,2019,"{""type"":""MultiPoint"",""coordinates"":[]}"
61_00000000000000000006,BA03050040,,,,,,,61.72,61,550.186910141,TASWIL5000020230907KABKOTA,Kota Singkawang,,0.0447029151336,1.23074798661,4326,5,,,Kota Singkawang,Kalimantan Barat,,0,Bengkayang,,2019-02,1.0718866379416456,2,1.0718866379416456,VIIRS DNB,nW/cm2/sr,2019,"{""type"":""MultiPoint"",""coordinates"":[]}"
61_00000000000000000001,BA03050040,,,,,,,,61,0.446818812946,TASWIL5000020230907KABKOTA,Kalimantan Barat,"Berdasarkan Kepmendagri 050-145 Tahun 2022, masuk ke Kalimantan Barat",3.63047728111E-5,0.0520740876463,4326,999,,,,Kalimantan Barat,,0,,,2019-02,0.0,2,0.0,VIIRS DNB,nW/cm2/sr,2019,"{""type"":""MultiPoint"",""coordinates"":[]}"
62_00000000000000000002,BA03050040,,,,,,,61.06,61,31318.2461503,TASWIL5000020230907KABKOTA,Kapuas Hulu,,2.54462852025,10.3235168378,4326,4,,,Kapuas Hulu,Kalimantan Barat,,0,,,2019-03,0.2851494869441645,3,0.2851494869441645,VIIRS DNB,nW/cm2/sr,2019,"{""type"":""MultiPoint"",""coordinates"":[]}"
62_00000000000000000004,BA03050040,,,,,,,61.04,61,30018.6763396,TASWIL5000020230907KABKOTA,Ketapang,,2.43989292708,13.6255621311,4326,4,,,Ketapang,Kalimantan Barat,,0,,,2019-03,0.29627769172146784,3,0.29627769172146784,VIIRS DNB,nW/cm2/sr,2019,"{""type"":""MultiPoint"",""coordinates"":[]}"
62_0000000000000000000a,BA03050040,,,,,,,61.02,61,1935.41897259,TASWIL5000020230907KABKOTA,Mempawah,,0.157238724723,3.1173764195,4326,4,,,Mempawah,Kalimantan Barat,,0,,,2019-03,0.5791133719272132,3,0.5791133719272132,VIIRS DNB,nW/cm2/sr,2019,"{""type"":""MultiPoint"",""coordinates"":[]}"
62_0000000000000000000b,BA03050040,,,,,,,61.01,61,5937.99495327,TASWIL5000020230907KABKOTA,Sambas,,0.482557384329,4.23082967505,4326,4,,,Sambas,Kalimantan Barat,,0,,,2019-03,0.29069370265499195,3,0.29069370265499195,VIIRS DNB,nW/cm2/sr,2019,"{""type"":""MultiPoint"",""coordinates"":[]}"
62_0000000000000000000c,BA03050040,,,,,,,61.03,61,12452.2241518,TASWIL5000020230907KABKOTA,Sanggau,,1.01166258397,7.65307697656,4326,4,,,Sanggau,Kalimantan Barat,,0,,,2019-03,0.3366487240641047,3,0.3366487240641047,VIIRS DNB,nW/cm2/sr,2019,"{""type"":""MultiPoint"",""coordinates"":[]}"
62_0000000000000000000e,BA03050040,,,,,,,61.05,61,22025.7880014,TASWIL5000020230907KABKOTA,Sintang,,1.78944370224,11.9811145851,4326,4,,,Sintang,Kalimantan Barat,,0,,,2019-03,0.27144383714199843,3,0.27144383714199843,VIIRS DNB,nW/cm2/sr,2019,"{""type"":""MultiPoint"",""coordinates"":[]}"
62_00000000000000000003,BA03050040,,,,,,,61.11,61,4110.12301412,TASWIL5000020230907KABKOTA,Kayong Utara,,0.333972050772,6.99327188474,4326,4,,,Kayong Utara,Kalimantan Barat,,0,Ketapang,,2019-03,0.21824048924443049,3,0.21824048924443049,VIIRS DNB,nW/cm2/sr,2019,"{""type"":""MultiPoint"",""coordinates"":[]}"
62_00000000000000000007,BA03050040,,,,,,,61.12,61,8549.29358265,TASWIL5000020230907KABKOTA,Kubu Raya,,0.694575912143,12.4289126619,4326,4,,,Kubu Raya,Kalimantan Barat,,0,Pontianak,,2019-03,0.5106962600892456,3,0.5106962600892456,VIIRS DNB,nW/cm2/sr,2019,"{""type"":""MultiPoint"",""coordinates"":[]}"
62_00000000000000000008,BA03050040,,,,,,,61.08,61,8430.71056018,TASWIL5000020230907KABKOTA,Landak,,0.684950096963,6.11846983154,4326,4,,,Landak,Kalimantan Barat,,0,Pontianak,,2019-03,0.3015007776554888,3,0.3015007776554888,VIIRS DNB,nW/cm2/sr,2019,"{""type"":""MultiPoint"",""coordinates"":[]}"
62_00000000000000000000,BA03050040,,,,,,,61.07,61,5488.60795319,TASWIL5000020230907KABKOTA,Bengkayang,,0.445970285372,6.02675176554,4326,4,,,Bengkayang,Kalimantan Barat,,0,Sambas,,2019-03,0.2547862089063465,3,0.2547862089063465,VIIRS DNB,nW/cm2/sr,2019,"{""type"":""MultiPoint"",""coordinates"":[]}"
62_0000000000000000000d,BA03050040,,,,,,,61.09,61,5979.04370295,TASWIL5000020230907KABKOTA,Sekadau,,0.485752312966,4.89358511498,4326,4,,,Sekadau,Kalimantan Barat,,0,Sanggau,,2019-03,0.3268410139116071,3,0.3268410139116071,VIIRS DNB,nW/cm2/sr,2019,"{""type"":""MultiPoint"",""coordinates"":[]}"
62_00000000000000000009,BA03050040,,,,,,,61.10,61,10122.5133896,TASWIL5000020230907KABKOTA,Melawi,,0.822418686577,6.18884194372,4326,4,,,Melawi,Kalimantan Barat,,0,Sintang,,2019-03,0.33800275218563197,3,0.33800275218563197,VIIRS DNB,nW/cm2/sr,2019,"{""type"":""MultiPoint"",""coordinates"":[]}"
62_00000000000000000005,BA03050040,,,,,,,61.71,61,118.208752498,TASWIL5000020230907KABKOTA,Kota Pontianak,,0.00960338694431,0.439734620886,4326,5,,,Kota Pontianak,Kalimantan Barat,,0,,,2019-03,14.087016345923145,3,14.087016345923145,VIIRS DNB,nW/cm2/sr,2019,"{""type"":""MultiPoint"",""coordinates"":[]}"
62_00000000000000000006,BA03050040,,,,,,,61.72,61,550.186910141,TASWIL5000020230907KABKOTA,Kota Singkawang,,0.0447029151336,1.23074798661,4326,5,,,Kota Singkawang,Kalimantan Barat,,0,Bengkayang,,2019-03,0.8940463098636517,3,0.8940463098636517,VIIRS DNB,nW/cm2/sr,2019,"{""type"":""MultiPoint"",""coordinates"":[]}"
62_00000000000000000001,BA03050040,,,,,,,,61,0.446818812946,TASWIL5000020230907KABKOTA,Kalimantan Barat,"Berdasarkan Kepmendagri 050-145 Tahun 2022, masuk ke Kalimantan Barat",3.63047728111E-5,0.0520740876463,4326,999,,,,Kalimantan Barat,,0,,,2019-03,0.16368653578375347,3,0.16368653578375347,VIIRS DNB,nW/cm2/sr,2019,"{""type"":""MultiPoint"",""coordinates"":[]}"
63_00000000000000000002,BA03050040,,,,,,,61.06,61,31318.2461503,TASWIL5000020230907KABKOTA,Kapuas Hulu,,2.54462852025,10.3235168378,4326,4,,,Kapuas Hulu,Kalimantan Barat,,0,,,2019-04,0.28759291812810167,4,0.28759291812810167,VIIRS DNB,nW/cm2/sr,2019,"{""type"":""MultiPoint"",""coordinates"":[]}"
63_00000000000000000004,BA03050040,,,,,,,61.04,61,30018.6763396,TASWIL5000020230907KABKOTA,Ketapang,,2.43989292708,13.6255621311,4326,4,,,Ketapang,Kalimantan Barat,,0,,,2019-04,0.31496453819904724,4,0.31496453819904724,VIIRS DNB,nW/cm2/sr,2019,"{""type"":""MultiPoint"",""coordinates"":[]}"
63_0000000000000000000a,BA03050040,,,,,,,61.02,61,1935.41897259,TASWIL5000020230907KABKOTA,Mempawah,,0.157238724723,3.1173764195,4326,4,,,Mempawah,Kalimantan Barat,,0,,,2019-04,0.5634341045233917,4,0.5634341045233917,VIIRS DNB,nW/cm2/sr,2019,"{""type"":""MultiPoint"",""coordinates"":[]}"
63_0000000000000000000b,BA03050040,,,,,,,61.01,61,5937.99495327,TASWIL5000020230907KABKOTA,Sambas,,0.482557384329,4.23082967505,4326,4,,,Sambas,Kalimantan Barat,,0,,,2019-04,0.3144479391491016,4,0.3144479391491016,VIIRS DNB,nW/cm2/sr,2019,"{""type"":""MultiPoint"",""coordinates"":[]}"
63_0000000000000000000c,BA03050040,,,,,,,61.03,61,12452.2241518,TASWIL5000020230907KABKOTA,Sanggau,,1.01166258397,7.65307697656,4326,4,,,Sanggau,Kalimantan Barat,,0,,,2019-04,0.27971291935353926,4,0.27971291935353926,VIIRS DNB,nW/cm2/sr,2019,"{""type"":""MultiPoint"",""coordinates"":[]}"
63_0000000000000000000e,BA03050040,,,,,,,61.05,61,22025.7880014,TASWIL5000020230907KABKOTA,Sintang,,1.78944370224,11.9811145851,4326,4,,,Sintang,Kalimantan Barat,,0,,,2019-04,0.3127043203412593,4,0.3127043203412593,VIIRS DNB,nW/cm2/sr,2019,"{""type"":""MultiPoint"",""coordinates"":[]}"
63_00000000000000000003,BA03050040,,,,,,,61.11,61,4110.12301412,TASWIL5000020230907KABKOTA,Kayong Utara,,0.333972050772,6.99327188474,4326,4,,,Kayong Utara,Kalimantan Barat,,0,Ketapang,,2019-04,0.30038690886461855,4,0.30038690886461855,VIIRS DNB,nW/cm2/sr,2019,"{""type"":""MultiPoint"",""coordinates"":[]}"
63_00000000000000000007,BA03050040,,,,,,,61.12,61,8549.29358265,TASWIL5000020230907KABKOTA,Kubu Raya,,0.694575912143,12.4289126619,4326,4,,,Kubu Raya,Kalimantan Barat,,0,Pontianak,,2019-04,0.45152697984821194,4,0.45152697984821194,VIIRS DNB,nW/cm2/sr,2019,"{""type"":""MultiPoint"",""coordinates"":[]}"
63_00000000000000000008,BA03050040,,,,,,,61.08,61,8430.71056018,TASWIL5000020230907KABKOTA,Landak,,0.684950096963,6.11846983154,4326,4,,,Landak,Kalimantan Barat,,0,Pontianak,,2019-04,0.2654783765740112,4,0.2654783765740112,VIIRS DNB,nW/cm2/sr,2019,"{""type"":""MultiPoint"",""coordinates"":[]}"
63_00000000000000000000,BA03050040,,,,,,,61.07,61,5488.60795319,TASWIL5000020230907KABKOTA,Bengkayang,,0.445970285372,6.02675176554,4326,4,,,Bengkayang,Kalimantan Barat,,0,Sambas,,2019-04,0.28320448620097277,4,0.28320448620097277,VIIRS DNB,nW/cm2/sr,2019,"{""type"":""MultiPoint"",""coordinates"":[]}"
63_0000000000000000000d,BA03050040,,,,,,,61.09,61,5979.04370295,TASWIL5000020230907KABKOTA,Sekadau,,0.485752312966,4.89358511498,4326,4,,,Sekadau,Kalimantan Barat,,0,Sanggau,,2019-04,0.32196044167044074,4,0.32196044167044074,VIIRS DNB,nW/cm2/sr,2019,"{""type"":""MultiPoint"",""coordinates"":[]}"
63_00000000000000000009,BA03050040,,,,,,,61.10,61,10122.5133896,TASWIL5000020230907KABKOTA,Melawi,,0.822418686577,6.18884194372,4326,4,,,Melawi,Kalimantan Barat,,0,Sintang,,2019-04,0.3646171118852221,4,0.3646171118852221,VIIRS DNB,nW/cm2/sr,2019,"{""type"":""MultiPoint"",""coordinates"":[]}"
63_00000000000000000005,BA03050040,,,,,,,61.71,61,118.208752498,TASWIL5000020230907KABKOTA,Kota Pontianak,,0.00960338694431,0.439734620886,4326,5,,,Kota Pontianak,Kalimantan Barat,,0,,,2019-04,14.347455563630675,4,14.347455563630675,VIIRS DNB,nW/cm2/sr,2019,"{""type"":""MultiPoint"",""coordinates"":[]}"
63_00000000000000000006,BA03050040,,,,,,,61.72,61,550.186910141,TASWIL5000020230907KABKOTA,Kota Singkawang,,0.0447029151336,1.23074798661,4326,5,,,Kota Singkawang,Kalimantan Barat,,0,Bengkayang,,2019-04,0.9985690655568318,4,0.9985690655568318,VIIRS DNB,nW/cm2/sr,2019,"{""type"":""MultiPoint"",""coordinates"":[]}"
63_00000000000000000001,BA03050040,,,,,,,,61,0.446818812946,TASWIL5000020230907KABKOTA,Kalimantan Barat,"Berdasarkan Kepmendagri 050-145 Tahun 2022, masuk ke Kalimantan Barat",3.63047728111E-5,0.0520740876463,4326,999,,,,Kalimantan Barat,,0,,,2019-04,0.26596026362699127,4,0.26596026362699127,VIIRS DNB,nW/cm2/sr,2019,"{""type"":""MultiPoint"",""coordinates"":[]}"
64_00000000000000000002,BA03050040,,,,,,,61.06,61,31318.2461503,TASWIL5000020230907KABKOTA,Kapuas Hulu,,2.54462852025,10.3235168378,4326,4,,,Kapuas Hulu,Kalimantan Barat,,0,,,2019-05,0.1898083849609174,5,0.1898083849609174,VIIRS DNB,nW/cm2/sr,2019,"{""type"":""MultiPoint"",""coordinates"":[]}"
64_00000000000000000004,BA03050040,,,,,,,61.04,61,30018.6763396,TASWIL5000020230907KABKOTA,Ketapang,,2.43989292708,13.6255621311,4326,4,,,Ketapang,Kalimantan Barat,,0,,,2019-05,0.23560087680122363,5,0.23560087680122363,VIIRS DNB,nW/cm2/sr,2019,"{""type"":""MultiPoint"",""coordinates"":[]}"
64_0000000000000000000a,BA03050040,,,,,,,61.02,61,1935.41897259,TASWIL5000020230907KABKOTA,Mempawah,,0.157238724723,3.1173764195,4326,4,,,Mempawah,Kalimantan Barat,,0,,,2019-05,0.5531727836072216,5,0.5531727836072216,VIIRS DNB,nW/cm2/sr,2019,"{""type"":""MultiPoint"",""coordinates"":[]}"
64_0000000000000000000b,BA03050040,,,,,,,61.01,61,5937.99495327,TASWIL5000020230907KABKOTA,Sambas,,0.482557384329,4.23082967505,4326,4,,,Sambas,Kalimantan Barat,,0,,,2019-05,0.3053568444173237,5,0.3053568444173237,VIIRS DNB,nW/cm2/sr,2019,"{""type"":""MultiPoint"",""coordinates"":[]}"
64_0000000000000000000c,BA03050040,,,,,,,61.03,61,12452.2241518,TASWIL5000020230907KABKOTA,Sanggau,,1.01166258397,7.65307697656,4326,4,,,Sanggau,Kalimantan Barat,,0,,,2019-05,0.25834846281423113,5,0.25834846281423113,VIIRS DNB,nW/cm2/sr,2019,"{""type"":""MultiPoint"",""coordinates"":[]}"
64_0000000000000000000e,BA03050040,,,,,,,61.05,61,22025.7880014,TASWIL5000020230907KABKOTA,Sintang,,1.78944370224,11.9811145851,4326,4,,,Sintang,Kalimantan Barat,,0,,,2019-05,0.22031931194072818,5,0.22031931194072818,VIIRS DNB,nW/cm2/sr,2019,"{""type"":""MultiPoint"",""coordinates"":[]}"
64_00000000000000000003,BA03050040,,,,,,,61.11,61,4110.12301412,TASWIL5000020230907KABKOTA,Kayong Utara,,0.333972050772,6.99327188474,4326,4,,,Kayong Utara,Kalimantan Barat,,0,Ketapang,,2019-05,0.24188520484697545,5,0.24188520484697545,VIIRS DNB,nW/cm2/sr,2019,"{""type"":""MultiPoint"",""coordinates"":[]}"
64_00000000000000000007,BA03050040,,,,,,,61.12,61,8549.29358265,TASWIL5000020230907KABKOTA,Kubu Raya,,0.694575912143,12.4289126619,4326,4,,,Kubu Raya,Kalimantan Barat,,0,Pontianak,,2019-05,0.4644453077735397,5,0.4644453077735397,VIIRS DNB,nW/cm2/sr,2019,"{""type"":""MultiPoint"",""coordinates"":[]}"
64_00000000000000000008,BA03050040,,,,,,,61.08,61,8430.71056018,TASWIL5000020230907KABKOTA,Landak,,0.684950096963,6.11846983154,4326,4,,,Landak,Kalimantan Barat,,0,Pontianak,,2019-05,0.26622783720895415,5,0.26622783720895415,VIIRS DNB,nW/cm2/sr,2019,"{""type"":""MultiPoint"",""coordinates"":[]}"
64_00000000000000000000,BA03050040,,,,,,,61.07,61,5488.60795319,TASWIL5000020230907KABKOTA,Bengkayang,,0.445970285372,6.02675176554,4326,4,,,Bengkayang,Kalimantan Barat,,0,Sambas,,2019-05,0.28697046029829626,5,0.28697046029829626,VIIRS DNB,nW/cm2/sr,2019,"{""type"":""MultiPoint"",""coordinates"":[]}"
64_0000000000000000000d,BA03050040,,,,,,,61.09,61,5979.04370295,TASWIL5000020230907KABKOTA,Sekadau,,0.485752312966,4.89358511498,4326,4,,,Sekadau,Kalimantan Barat,,0,Sanggau,,2019-05,0.2378430101596575,5,0.2378430101596575,VIIRS DNB,nW/cm2/sr,2019,"{""type"":""MultiPoint"",""coordinates"":[]}"
64_00000000000000000009,BA03050040,,,,,,,61.10,61,10122.5133896,TASWIL5000020230907KABKOTA,Melawi,,0.822418686577,6.18884194372,4326,4,,,Melawi,Kalimantan Barat,,0,Sintang,,2019-05,0.20063984196819173,5,0.20063984196819173,VIIRS DNB,nW/cm2/sr,2019,"{""type"":""MultiPoint"",""coordinates"":[]}"
64_00000000000000000005,BA03050040,,,,,,,61.71,61,118.208752498,TASWIL5000020230907KABKOTA,Kota Pontianak,,0.00960338694431,0.439734620886,4326,5,,,Kota Pontianak,Kalimantan Barat,,0,,,2019-05,15.08188143079231,5,15.08188143079231,VIIRS DNB,nW/cm2/sr,2019,"{""type"":""MultiPoint"",""coordinates"":[]}"
64_00000000000000000006,BA03050040,,,,,,,61.72,61,550.186910141,TASWIL5000020230907KABKOTA,Kota Singkawang,,0.0447029151336,1.23074798661,4326,5,,,Kota Singkawang,Kalimantan Barat,,0,Bengkayang,,2019-05,0.969455676996249,5,0.969455676996249,VIIRS DNB,nW/cm2/sr,2019,"{""type"":""MultiPoint"",""coordinates"":[]}"
64_00000000000000000001,BA03050040,,,,,,,,61,0.446818812946,TASWIL5000020230907KABKOTA,Kalimantan Barat,"Berdasarkan Kepmendagri 050-145 Tahun 2022, masuk ke Kalimantan Barat",3.63047728111E-5,0.0520740876463,4326,999,,,,Kalimantan Barat,,0,,,2019-05,0.1686754958255928,5,0.1686754958255928,VIIRS DNB,nW/cm2/sr,2019,"{""type"":""MultiPoint"",""coordinates"":[]}"
65_00000000000000000002,BA03050040,,,,,,,61.06,61,31318.2461503,TASWIL5000020230907KABKOTA,Kapuas Hulu,,2.54462852025,10.3235168378,4326,4,,,Kapuas Hulu,Kalimantan Barat,,0,,,2019-06,0.15700267515127223,6,0.15700267515127223,VIIRS DNB,nW/cm2/sr,2019,"{""type"":""MultiPoint"",""coordinates"":[]}"
65_00000000000000000004,BA03050040,,,,,,,61.04,61,30018.6763396,TASWIL5000020230907KABKOTA,Ketapang,,2.43989292708,13.6255621311,4326,4,,,Ketapang,Kalimantan Barat,,0,,,2019-06,0.2842794280585576,6,0.2842794280585576,VIIRS DNB,nW/cm2/sr,2019,"{""type"":""MultiPoint"",""coordinates"":[]}"
65_0000000000000000000a,BA03050040,,,,,,,61.02,61,1935.41897259,TASWIL5000020230907KABKOTA,Mempawah,,0.157238724723,3.1173764195,4326,4,,,Mempawah,Kalimantan Barat,,0,,,2019-06,0.548817824009566,6,0.548817824009566,VIIRS DNB,nW/cm2/sr,2019,"{""type"":""MultiPoint"",""coordinates"":[]}"
65_0000000000000000000b,BA03050040,,,,,,,61.01,61,5937.99495327,TASWIL5000020230907KABKOTA,Sambas,,0.482557384329,4.23082967505,4326,4,,,Sambas,Kalimantan Barat,,0,,,2019-06,0.10810204793148519,6,0.10810204793148519,VIIRS DNB,nW/cm2/sr,2019,"{""type"":""MultiPoint"",""coordinates"":[]}"
65_0000000000000000000c,BA03050040,,,,,,,61.03,61,12452.2241518,TASWIL5000020230907KABKOTA,Sanggau,,1.01166258397,7.65307697656,4326,4,,,Sanggau,Kalimantan Barat,,0,,,2019-06,0.2078186632056337,6,0.2078186632056337,VIIRS DNB,nW/cm2/sr,2019,"{""type"":""MultiPoint"",""coordinates"":[]}"
65_0000000000000000000e,BA03050040,,,,,,,61.05,61,22025.7880014,TASWIL5000020230907KABKOTA,Sintang,,1.78944370224,11.9811145851,4326,4,,,Sintang,Kalimantan Barat,,0,,,2019-06,0.21729832582242095,6,0.21729832582242095,VIIRS DNB,nW/cm2/sr,2019,"{""type"":""MultiPoint"",""coordinates"":[]}"
65_00000000000000000003,BA03050040,,,,,,,61.11,61,4110.12301412,TASWIL5000020230907KABKOTA,Kayong Utara,,0.333972050772,6.99327188474,4326,4,,,Kayong Utara,Kalimantan Barat,,0,Ketapang,,2019-06,0.2643462904322866,6,0.2643462904322866,VIIRS DNB,nW/cm2/sr,2019,"{""type"":""MultiPoint"",""coordinates"":[]}"
65_00000000000000000007,BA03050040,,,,,,,61.12,61,8549.29358265,TASWIL5000020230907KABKOTA,Kubu Raya,,0.694575912143,12.4289126619,4326,4,,,Kubu Raya,Kalimantan Barat,,0,Pontianak,,2019-06,0.4809160340599569,6,0.4809160340599569,VIIRS DNB,nW/cm2/sr,2019,"{""type"":""MultiPoint"",""coordinates"":[]}"
65_00000000000000000008,BA03050040,,,,,,,61.08,61,8430.71056018,TASWIL5000020230907KABKOTA,Landak,,0.684950096963,6.11846983154,4326,4,,,Landak,Kalimantan Barat,,0,Pontianak,,2019-06,0.20660510488775166,6,0.20660510488775166,VIIRS DNB,nW/cm2/sr,2019,"{""type"":""MultiPoint"",""coordinates"":[]}"
65_00000000000000000000,BA03050040,,,,,,,61.07,61,5488.60795319,TASWIL5000020230907KABKOTA,Bengkayang,,0.445970285372,6.02675176554,4326,4,,,Bengkayang,Kalimantan Barat,,0,Sambas,,2019-06,0.10080676719777769,6,0.10080676719777769,VIIRS DNB,nW/cm2/sr,2019,"{""type"":""MultiPoint"",""coordinates"":[]}"
65_0000000000000000000d,BA03050040,,,,,,,61.09,61,5979.04370295,TASWIL5000020230907KABKOTA,Sekadau,,0.485752312966,4.89358511498,4326,4,,,Sekadau,Kalimantan Barat,,0,Sanggau,,2019-06,0.2437728962980447,6,0.2437728962980447,VIIRS DNB,nW/cm2/sr,2019,"{""type"":""MultiPoint"",""coordinates"":[]}"
65_00000000000000000009,BA03050040,,,,,,,61.10,61,10122.5133896,TASWIL5000020230907KABKOTA,Melawi,,0.822418686577,6.18884194372,4326,4,,,Melawi,Kalimantan Barat,,0,Sintang,,2019-06,0.28017686087289767,6,0.28017686087289767,VIIRS DNB,nW/cm2/sr,2019,"{""type"":""MultiPoint"",""coordinates"":[]}"
65_00000000000000000005,BA03050040,,,,,,,61.71,61,118.208752498,TASWIL5000020230907KABKOTA,Kota Pontianak,,0.00960338694431,0.439734620886,4326,5,,,Kota Pontianak,Kalimantan Barat,,0,,,2019-06,14.691551520680896,6,14.691551520680896,VIIRS DNB,nW/cm2/sr,2019,"{""type"":""MultiPoint"",""coordinates"":[]}"
65_00000000000000000006,BA03050040,,,,,,,61.72,61,550.186910141,TASWIL5000020230907KABKOTA,Kota Singkawang,,0.0447029151336,1.23074798661,4326,5,,,Kota Singkawang,Kalimantan Barat,,0,Bengkayang,,2019-06,1.0167861588888911,6,1.0167861588888911,VIIRS DNB,nW/cm2/sr,2019,"{""type"":""MultiPoint"",""coordinates"":[]}"
65_00000000000000000001,BA03050040,,,,,,,,61,0.446818812946,TASWIL5000020230907KABKOTA,Kalimantan Barat,"Berdasarkan Kepmendagri 050-145 Tahun 2022, masuk ke Kalimantan Barat",3.63047728111E-5,0.0520740876463,4326,999,,,,Kalimantan Barat,,0,,,2019-06,0.15532008777259468,6,0.15532008777259468,VIIRS DNB,nW/cm2/sr,2019,"{""type"":""MultiPoint"",""coordinates"":[]}"
66_00000000000000000002,BA03050040,,,,,,,61.06,61,31318.2461503,TASWIL5000020230907KABKOTA,Kapuas Hulu,,2.54462852025,10.3235168378,4326,4,,,Kapuas Hulu,Kalimantan Barat,,0,,,2019-07,0.12986828616878343,7,0.12986828616878343,VIIRS DNB,nW/cm2/sr,2019,"{""type"":""MultiPoint"",""coordinates"":[]}"
66_00000000000000000004,BA03050040,,,,,,,61.04,61,30018.6763396,TASWIL5000020230907KABKOTA,Ketapang,,2.43989292708,13.6255621311,4326,4,,,Ketapang,Kalimantan Barat,,0,,,2019-07,0.1377252094570894,7,0.1377252094570894,VIIRS DNB,nW/cm2/sr,2019,"{""type"":""MultiPoint"",""coordinates"":[]}"
66_0000000000000000000a,BA03050040,,,,,,,61.02,61,1935.41897259,TASWIL5000020230907KABKOTA,Mempawah,,0.157238724723,3.1173764195,4326,4,,,Mempawah,Kalimantan Barat,,0,,,2019-07,0.4050259913713925,7,0.4050259913713925,VIIRS DNB,nW/cm2/sr,2019,"{""type"":""MultiPoint"",""coordinates"":[]}"
66_0000000000000000000b,BA03050040,,,,,,,61.01,61,5937.99495327,TASWIL5000020230907KABKOTA,Sambas,,0.482557384329,4.23082967505,4326,4,,,Sambas,Kalimantan Barat,,0,,,2019-07,0.16346073683465442,7,0.16346073683465442,VIIRS DNB,nW/cm2/sr,2019,"{""type"":""MultiPoint"",""coordinates"":[]}"
66_0000000000000000000c,BA03050040,,,,,,,61.03,61,12452.2241518,TASWIL5000020230907KABKOTA,Sanggau,,1.01166258397,7.65307697656,4326,4,,,Sanggau,Kalimantan Barat,,0,,,2019-07,0.13359444802947898,7,0.13359444802947898,VIIRS DNB,nW/cm2/sr,2019,"{""type"":""MultiPoint"",""coordinates"":[]}"
66_0000000000000000000e,BA03050040,,,,,,,61.05,61,22025.7880014,TASWIL5000020230907KABKOTA,Sintang,,1.78944370224,11.9811145851,4326,4,,,Sintang,Kalimantan Barat,,0,,,2019-07,0.12873312936284895,7,0.12873312936284895,VIIRS DNB,nW/cm2/sr,2019,"{""type"":""MultiPoint"",""coordinates"":[]}"
66_00000000000000000003,BA03050040,,,,,,,61.11,61,4110.12301412,TASWIL5000020230907KABKOTA,Kayong Utara,,0.333972050772,6.99327188474,4326,4,,,Kayong Utara,Kalimantan Barat,,0,Ketapang,,2019-07,0.12001105172098804,7,0.12001105172098804,VIIRS DNB,nW/cm2/sr,2019,"{""type"":""MultiPoint"",""coordinates"":[]}"
66_00000000000000000007,BA03050040,,,,,,,61.12,61,8549.29358265,TASWIL5000020230907KABKOTA,Kubu Raya,,0.694575912143,12.4289126619,4326,4,,,Kubu Raya,Kalimantan Barat,,0,Pontianak,,2019-07,0.3269530247005643,7,0.3269530247005643,VIIRS DNB,nW/cm2/sr,2019,"{""type"":""MultiPoint"",""coordinates"":[]}"
66_00000000000000000008,BA03050040,,,,,,,61.08,61,8430.71056018,TASWIL5000020230907KABKOTA,Landak,,0.684950096963,6.11846983154,4326,4,,,Landak,Kalimantan Barat,,0,Pontianak,,2019-07,0.10272936936018731,7,0.10272936936018731,VIIRS DNB,nW/cm2/sr,2019,"{""type"":""MultiPoint"",""coordinates"":[]}"
66_00000000000000000000,BA03050040,,,,,,,61.07,61,5488.60795319,TASWIL5000020230907KABKOTA,Bengkayang,,0.445970285372,6.02675176554,4326,4,,,Bengkayang,Kalimantan Barat,,0,Sambas,,2019-07,0.10931121008717277,7,0.10931121008717277,VIIRS DNB,nW/cm2/sr,2019,"{""type"":""MultiPoint"",""coordinates"":[]}"
66_0000000000000000000d,BA03050040,,,,,,,61.09,61,5979.04370295,TASWIL5000020230907KABKOTA,Sekadau,,0.485752312966,4.89358511498,4326,4,,,Sekadau,Kalimantan Barat,,0,Sanggau,,2019-07,0.12537641708235664,7,0.12537641708235664,VIIRS DNB,nW/cm2/sr,2019,"{""type"":""MultiPoint"",""coordinates"":[]}"
66_00000000000000000009,BA03050040,,,,,,,61.10,61,10122.5133896,TASWIL5000020230907KABKOTA,Melawi,,0.822418686577,6.18884194372,4326,4,,,Melawi,Kalimantan Barat,,0,Sintang,,2019-07,0.08291374341795729,7,0.08291374341795729,VIIRS DNB,nW/cm2/sr,2019,"{""type"":""MultiPoint"",""coordinates"":[]}"
66_00000000000000000005,BA03050040,,,,,,,61.71,61,118.208752498,TASWIL5000020230907KABKOTA,Kota Pontianak,,0.00960338694431,0.439734620886,4326,5,,,Kota Pontianak,Kalimantan Barat,,0,,,2019-07,15.197276202169402,7,15.197276202169402,VIIRS DNB,nW/cm2/sr,2019,"{""type"":""MultiPoint"",""coordinates"":[]}"
66_00000000000000000006,BA03050040,,,,,,,61.72,61,550.186910141,TASWIL5000020230907KABKOTA,Kota Singkawang,,0.0447029151336,1.23074798661,4326,5,,,Kota Singkawang,Kalimantan Barat,,0,Bengkayang,,2019-07,0.7230446194686935,7,0.7230446194686935,VIIRS DNB,nW/cm2/sr,2019,"{""type"":""MultiPoint"",""coordinates"":[]}"
66_00000000000000000001,BA03050040,,,,,,,,61,0.446818812946,TASWIL5000020230907KABKOTA,Kalimantan Barat,"Berdasarkan Kepmendagri 050-145 Tahun 2022, masuk ke Kalimantan Barat",3.63047728111E-5,0.0520740876463,4326,999,,,,Kalimantan Barat,,0,,,2019-07,0.038587196111251464,7,0.038587196111251464,VIIRS DNB,nW/cm2/sr,2019,"{""type"":""MultiPoint"",""coordinates"":[]}"
67_00000000000000000002,BA03050040,,,,,,,61.06,61,31318.2461503,TASWIL5000020230907KABKOTA,Kapuas Hulu,,2.54462852025,10.3235168378,4326,4,,,Kapuas Hulu,Kalimantan Barat,,0,,,2019-08,0.059476519544146685,8,0.059476519544146685,VIIRS DNB,nW/cm2/sr,2019,"{""type"":""MultiPoint"",""coordinates"":[]}"
67_00000000000000000004,BA03050040,,,,,,,61.04,61,30018.6763396,TASWIL5000020230907KABKOTA,Ketapang,,2.43989292708,13.6255621311,4326,4,,,Ketapang,Kalimantan Barat,,0,,,2019-08,0.11443369203083201,8,0.11443369203083201,VIIRS DNB,nW/cm2/sr,2019,"{""type"":""MultiPoint"",""coordinates"":[]}"
67_0000000000000000000a,BA03050040,,,,,,,61.02,61,1935.41897259,TASWIL5000020230907KABKOTA,Mempawah,,0.157238724723,3.1173764195,4326,4,,,Mempawah,Kalimantan Barat,,0,,,2019-08,0.34828706660862613,8,0.34828706660862613,VIIRS DNB,nW/cm2/sr,2019,"{""type"":""MultiPoint"",""coordinates"":[]}"
67_0000000000000000000b,BA03050040,,,,,,,61.01,61,5937.99495327,TASWIL5000020230907KABKOTA,Sambas,,0.482557384329,4.23082967505,4326,4,,,Sambas,Kalimantan Barat,,0,,,2019-08,0.09519362861015745,8,0.09519362861015745,VIIRS DNB,nW/cm2/sr,2019,"{""type"":""MultiPoint"",""coordinates"":[]}"
67_0000000000000000000c,BA03050040,,,,,,,61.03,61,12452.2241518,TASWIL5000020230907KABKOTA,Sanggau,,1.01166258397,7.65307697656,4326,4,,,Sanggau,Kalimantan Barat,,0,,,2019-08,0.05101878415863826,8,0.05101878415863826,VIIRS DNB,nW/cm2/sr,2019,"{""type"":""MultiPoint"",""coordinates"":[]}"
67_0000000000000000000e,BA03050040,,,,,,,61.05,61,22025.7880014,TASWIL5000020230907KABKOTA,Sintang,,1.78944370224,11.9811145851,4326,4,,,Sintang,Kalimantan Barat,,0,,,2019-08,0.07953978783681234,8,0.07953978783681234,VIIRS DNB,nW/cm2/sr,2019,"{""type"":""MultiPoint"",""coordinates"":[]}"
67_00000000000000000003,BA03050040,,,,,,,61.11,61,4110.12301412,TASWIL5000020230907KABKOTA,Kayong Utara,,0.333972050772,6.99327188474,4326,4,,,Kayong Utara,Kalimantan Barat,,0,Ketapang,,2019-08,0.0965204635995336,8,0.0965204635995336,VIIRS DNB,nW/cm2/sr,2019,"{""type"":""MultiPoint"",""coordinates"":[]}"
67_00000000000000000007,BA03050040,,,,,,,61.12,61,8549.29358265,TASWIL5000020230907KABKOTA,Kubu Raya,,0.694575912143,12.4289126619,4326,4,,,Kubu Raya,Kalimantan Barat,,0,Pontianak,,2019-08,0.2593430405373916,8,0.2593430405373916,VIIRS DNB,nW/cm2/sr,2019,"{""type"":""MultiPoint"",""coordinates"":[]}"
67_00000000000000000008,BA03050040,,,,,,,61.08,61,8430.71056018,TASWIL5000020230907KABKOTA,Landak,,0.684950096963,6.11846983154,4326,4,,,Landak,Kalimantan Barat,,0,Pontianak,,2019-08,0.04272756052402671,8,0.04272756052402671,VIIRS DNB,nW/cm2/sr,2019,"{""type"":""MultiPoint"",""coordinates"":[]}"
67_00000000000000000000,BA03050040,,,,,,,61.07,61,5488.60795319,TASWIL5000020230907KABKOTA,Bengkayang,,0.445970285372,6.02675176554,4326,4,,,Bengkayang,Kalimantan Barat,,0,Sambas,,2019-08,0.0695291216799801,8,0.0695291216799801,VIIRS DNB,nW/cm2/sr,2019,"{""type"":""MultiPoint"",""coordinates"":[]}"
67_0000000000000000000d,BA03050040,,,,,,,61.09,61,5979.04370295,TASWIL5000020230907KABKOTA,Sekadau,,0.485752312966,4.89358511498,4326,4,,,Sekadau,Kalimantan Barat,,0,Sanggau,,2019-08,0.06896184334605075,8,0.06896184334605075,VIIRS DNB,nW/cm2/sr,2019,"{""type"":""MultiPoint"",""coordinates"":[]}"
67_00000000000000000009,BA03050040,,,,,,,61.10,61,10122.5133896,TASWIL5000020230907KABKOTA,Melawi,,0.822418686577,6.18884194372,4326,4,,,Melawi,Kalimantan Barat,,0,Sintang,,2019-08,0.1010470361661206,8,0.1010470361661206,VIIRS DNB,nW/cm2/sr,2019,"{""type"":""MultiPoint"",""coordinates"":[]}"
67_00000000000000000005,BA03050040,,,,,,,61.71,61,118.208752498,TASWIL5000020230907KABKOTA,Kota Pontianak,,0.00960338694431,0.439734620886,4326,5,,,Kota Pontianak,Kalimantan Barat,,0,,,2019-08,13.957995511162952,8,13.957995511162952,VIIRS DNB,nW/cm2/sr,2019,"{""type"":""MultiPoint"",""coordinates"":[]}"
67_00000000000000000006,BA03050040,,,,,,,61.72,61,550.186910141,TASWIL5000020230907KABKOTA,Kota Singkawang,,0.0447029151336,1.23074798661,4326,5,,,Kota Singkawang,Kalimantan Barat,,0,Bengkayang,,2019-08,0.7127167158750255,8,0.7127167158750255,VIIRS DNB,nW/cm2/sr,2019,"{""type"":""MultiPoint"",""coordinates"":[]}"
67_00000000000000000001,BA03050040,,,,,,,,61,0.446818812946,TASWIL5000020230907KABKOTA,Kalimantan Barat,"Berdasarkan Kepmendagri 050-145 Tahun 2022, masuk ke Kalimantan Barat",3.63047728111E-5,0.0520740876463,4326,999,,,,Kalimantan Barat,,0,,,2019-08,0.0930022078527191,8,0.0930022078527191,VIIRS DNB,nW/cm2/sr,2019,"{""type"":""MultiPoint"",""coordinates"":[]}"
68_00000000000000000002,BA03050040,,,,,,,61.06,61,31318.2461503,TASWIL5000020230907KABKOTA,Kapuas Hulu,,2.54462852025,10.3235168378,4326,4,,,Kapuas Hulu,Kalimantan Barat,,0,,,2019-09,0.12601853333472293,9,0.12601853333472293,VIIRS DNB,nW/cm2/sr,2019,"{""type"":""MultiPoint"",""coordinates"":[]}"
68_00000000000000000004,BA03050040,,,,,,,61.04,61,30018.6763396,TASWIL5000020230907KABKOTA,Ketapang,,2.43989292708,13.6255621311,4326,4,,,Ketapang,Kalimantan Barat,,0,,,2019-09,0.18759637269675988,9,0.18759637269675988,VIIRS DNB,nW/cm2/sr,2019,"{""type"":""MultiPoint"",""coordinates"":[]}"
68_0000000000000000000a,BA03050040,,,,,,,61.02,61,1935.41897259,TASWIL5000020230907KABKOTA,Mempawah,,0.157238724723,3.1173764195,4326,4,,,Mempawah,Kalimantan Barat,,0,,,2019-09,0.37093659265877693,9,0.37093659265877693,VIIRS DNB,nW/cm2/sr,2019,"{""type"":""MultiPoint"",""coordinates"":[]}"
68_0000000000000000000b,BA03050040,,,,,,,61.01,61,5937.99495327,TASWIL5000020230907KABKOTA,Sambas,,0.482557384329,4.23082967505,4326,4,,,Sambas,Kalimantan Barat,,0,,,2019-09,0.18435569306228927,9,0.18435569306228927,VIIRS DNB,nW/cm2/sr,2019,"{""type"":""MultiPoint"",""coordinates"":[]}"
68_0000000000000000000c,BA03050040,,,,,,,61.03,61,12452.2241518,TASWIL5000020230907KABKOTA,Sanggau,,1.01166258397,7.65307697656,4326,4,,,Sanggau,Kalimantan Barat,,0,,,2019-09,0.14637447543296228,9,0.14637447543296228,VIIRS DNB,nW/cm2/sr,2019,"{""type"":""MultiPoint"",""coordinates"":[]}"
68_0000000000000000000e,BA03050040,,,,,,,61.05,61,22025.7880014,TASWIL5000020230907KABKOTA,Sintang,,1.78944370224,11.9811145851,4326,4,,,Sintang,Kalimantan Barat,,0,,,2019-09,0.12916370416572795,9,0.12916370416572795,VIIRS DNB,nW/cm2/sr,2019,"{""type"":""MultiPoint"",""coordinates"":[]}"
68_00000000000000000003,BA03050040,,,,,,,61.11,61,4110.12301412,TASWIL5000020230907KABKOTA,Kayong Utara,,0.333972050772,6.99327188474,4326,4,,,Kayong Utara,Kalimantan Barat,,0,Ketapang,,2019-09,0.12822417076321924,9,0.12822417076321924,VIIRS DNB,nW/cm2/sr,2019,"{""type"":""MultiPoint"",""coordinates"":[]}"
68_00000000000000000007,BA03050040,,,,,,,61.12,61,8549.29358265,TASWIL5000020230907KABKOTA,Kubu Raya,,0.694575912143,12.4289126619,4326,4,,,Kubu Raya,Kalimantan Barat,,0,Pontianak,,2019-09,0.3086572085172106,9,0.3086572085172106,VIIRS DNB,nW/cm2/sr,2019,"{""type"":""MultiPoint"",""coordinates"":[]}"
68_00000000000000000008,BA03050040,,,,,,,61.08,61,8430.71056018,TASWIL5000020230907KABKOTA,Landak,,0.684950096963,6.11846983154,4326,4,,,Landak,Kalimantan Barat,,0,Pontianak,,2019-09,0.13304033003331558,9,0.13304033003331558,VIIRS DNB,nW/cm2/sr,2019,"{""type"":""MultiPoint"",""coordinates"":[]}"
68_00000000000000000000,BA03050040,,,,,,,61.07,61,5488.60795319,TASWIL5000020230907KABKOTA,Bengkayang,,0.445970285372,6.02675176554,4326,4,,,Bengkayang,Kalimantan Barat,,0,Sambas,,2019-09,0.13362811414578912,9,0.13362811414578912,VIIRS DNB,nW/cm2/sr,2019,"{""type"":""MultiPoint"",""coordinates"":[]}"
68_0000000000000000000d,BA03050040,,,,,,,61.09,61,5979.04370295,TASWIL5000020230907KABKOTA,Sekadau,,0.485752312966,4.89358511498,4326,4,,,Sekadau,Kalimantan Barat,,0,Sanggau,,2019-09,0.13709005193862125,9,0.13709005193862125,VIIRS DNB,nW/cm2/sr,2019,"{""type"":""MultiPoint"",""coordinates"":[]}"
68_00000000000000000009,BA03050040,,,,,,,61.10,61,10122.5133896,TASWIL5000020230907KABKOTA,Melawi,,0.822418686577,6.18884194372,4326,4,,,Melawi,Kalimantan Barat,,0,Sintang,,2019-09,0.1314303726977211,9,0.1314303726977211,VIIRS DNB,nW/cm2/sr,2019,"{""type"":""MultiPoint"",""coordinates"":[]}"
68_00000000000000000005,BA03050040,,,,,,,61.71,61,118.208752498,TASWIL5000020230907KABKOTA,Kota Pontianak,,0.00960338694431,0.439734620886,4326,5,,,Kota Pontianak,Kalimantan Barat,,0,,,2019-09,11.963740733249196,9,11.963740733249196,VIIRS DNB,nW/cm2/sr,2019,"{""type"":""MultiPoint"",""coordinates"":[]}"
68_00000000000000000006,BA03050040,,,,,,,61.72,61,550.186910141,TASWIL5000020230907KABKOTA,Kota Singkawang,,0.0447029151336,1.23074798661,4326,5,,,Kota Singkawang,Kalimantan Barat,,0,Bengkayang,,2019-09,0.7576617075386608,9,0.7576617075386608,VIIRS DNB,nW/cm2/sr,2019,"{""type"":""MultiPoint"",""coordinates"":[]}"
68_00000000000000000001,BA03050040,,,,,,,,61,0.446818812946,TASWIL5000020230907KABKOTA,Kalimantan Barat,"Berdasarkan Kepmendagri 050-145 Tahun 2022, masuk ke Kalimantan Barat",3.63047728111E-5,0.0520740876463,4326,999,,,,Kalimantan Barat,,0,,,2019-09,0.0775496680330625,9,0.0775496680330625,VIIRS DNB,nW/cm2/sr,2019,"{""type"":""MultiPoint"",""coordinates"":[]}"
69_00000000000000000002,BA03050040,,,,,,,61.06,61,31318.2461503,TASWIL5000020230907KABKOTA,Kapuas Hulu,,2.54462852025,10.3235168378,4326,4,,,Kapuas Hulu,Kalimantan Barat,,0,,,2019-10,0.12382503374408912,10,0.12382503374408912,VIIRS DNB,nW/cm2/sr,2019,"{""type"":""MultiPoint"",""coordinates"":[]}"
69_00000000000000000004,BA03050040,,,,,,,61.04,61,30018.6763396,TASWIL5000020230907KABKOTA,Ketapang,,2.43989292708,13.6255621311,4326,4,,,Ketapang,Kalimantan Barat,,0,,,2019-10,0.19089671764760596,10,0.19089671764760596,VIIRS DNB,nW/cm2/sr,2019,"{""type"":""MultiPoint"",""coordinates"":[]}"
69_0000000000000000000a,BA03050040,,,,,,,61.02,61,1935.41897259,TASWIL5000020230907KABKOTA,Mempawah,,0.157238724723,3.1173764195,4326,4,,,Mempawah,Kalimantan Barat,,0,,,2019-10,0.3125601632026052,10,0.3125601632026052,VIIRS DNB,nW/cm2/sr,2019,"{""type"":""MultiPoint"",""coordinates"":[]}"
69_0000000000000000000b,BA03050040,,,,,,,61.01,61,5937.99495327,TASWIL5000020230907KABKOTA,Sambas,,0.482557384329,4.23082967505,4326,4,,,Sambas,Kalimantan Barat,,0,,,2019-10,0.2700160480656447,10,0.2700160480656447,VIIRS DNB,nW/cm2/sr,2019,"{""type"":""MultiPoint"",""coordinates"":[]}"
69_0000000000000000000c,BA03050040,,,,,,,61.03,61,12452.2241518,TASWIL5000020230907KABKOTA,Sanggau,,1.01166258397,7.65307697656,4326,4,,,Sanggau,Kalimantan Barat,,0,,,2019-10,0.1674616425181999,10,0.1674616425181999,VIIRS DNB,nW/cm2/sr,2019,"{""type"":""MultiPoint"",""coordinates"":[]}"
69_0000000000000000000e,BA03050040,,,,,,,61.05,61,22025.7880014,TASWIL5000020230907KABKOTA,Sintang,,1.78944370224,11.9811145851,4326,4,,,Sintang,Kalimantan Barat,,0,,,2019-10,0.20586014474268124,10,0.20586014474268124,VIIRS DNB,nW/cm2/sr,2019,"{""type"":""MultiPoint"",""coordinates"":[]}"
69_00000000000000000003,BA03050040,,,,,,,61.11,61,4110.12301412,TASWIL5000020230907KABKOTA,Kayong Utara,,0.333972050772,6.99327188474,4326,4,,,Kayong Utara,Kalimantan Barat,,0,Ketapang,,2019-10,0.2347966617005494,10,0.2347966617005494,VIIRS DNB,nW/cm2/sr,2019,"{""type"":""MultiPoint"",""coordinates"":[]}"
69_00000000000000000007,BA03050040,,,,,,,61.12,61,8549.29358265,TASWIL5000020230907KABKOTA,Kubu Raya,,0.694575912143,12.4289126619,4326,4,,,Kubu Raya,Kalimantan Barat,,0,Pontianak,,2019-10,0.412868142689224,10,0.412868142689224,VIIRS DNB,nW/cm2/sr,2019,"{""type"":""MultiPoint"",""coordinates"":[]}"
69_00000000000000000008,BA03050040,,,,,,,61.08,61,8430.71056018,TASWIL5000020230907KABKOTA,Landak,,0.684950096963,6.11846983154,4326,4,,,Landak,Kalimantan Barat,,0,Pontianak,,2019-10,0.1625302980953901,10,0.1625302980953901,VIIRS DNB,nW/cm2/sr,2019,"{""type"":""MultiPoint"",""coordinates"":[]}"
69_00000000000000000000,BA03050040,,,,,,,61.07,61,5488.60795319,TASWIL5000020230907KABKOTA,Bengkayang,,0.445970285372,6.02675176554,4326,4,,,Bengkayang,Kalimantan Barat,,0,Sambas,,2019-10,0.18047400245193104,10,0.18047400245193104,VIIRS DNB,nW/cm2/sr,2019,"{""type"":""MultiPoint"",""coordinates"":[]}"
69_0000000000000000000d,BA03050040,,,,,,,61.09,61,5979.04370295,TASWIL5000020230907KABKOTA,Sekadau,,0.485752312966,4.89358511498,4326,4,,,Sekadau,Kalimantan Barat,,0,Sanggau,,2019-10,0.17837616826748973,10,0.17837616826748973,VIIRS DNB,nW/cm2/sr,2019,"{""type"":""MultiPoint"",""coordinates"":[]}"
69_00000000000000000009,BA03050040,,,,,,,61.10,61,10122.5133896,TASWIL5000020230907KABKOTA,Melawi,,0.822418686577,6.18884194372,4326,4,,,Melawi,Kalimantan Barat,,0,Sintang,,2019-10,0.2026793423006346,10,0.2026793423006346,VIIRS DNB,nW/cm2/sr,2019,"{""type"":""MultiPoint"",""coordinates"":[]}"
69_00000000000000000005,BA03050040,,,,,,,61.71,61,118.208752498,TASWIL5000020230907KABKOTA,Kota Pontianak,,0.00960338694431,0.439734620886,4326,5,,,Kota Pontianak,Kalimantan Barat,,0,,,2019-10,12.771302247304606,10,12.771302247304606,VIIRS DNB,nW/cm2/sr,2019,"{""type"":""MultiPoint"",""coordinates"":[]}"
69_00000000000000000006,BA03050040,,,,,,,61.72,61,550.186910141,TASWIL5000020230907KABKOTA,Kota Singkawang,,0.0447029151336,1.23074798661,4326,5,,,Kota Singkawang,Kalimantan Barat,,0,Bengkayang,,2019-10,0.8392758673295974,10,0.8392758673295974,VIIRS DNB,nW/cm2/sr,2019,"{""type"":""MultiPoint"",""coordinates"":[]}"
69_00000000000000000001,BA03050040,,,,,,,,61,0.446818812946,TASWIL5000020230907KABKOTA,Kalimantan Barat,"Berdasarkan Kepmendagri 050-145 Tahun 2022, masuk ke Kalimantan Barat",3.63047728111E-5,0.0520740876463,4326,999,,,,Kalimantan Barat,,0,,,2019-10,0.1338189815645976,10,0.1338189815645976,VIIRS DNB,nW/cm2/sr,2019,"{""type"":""MultiPoint"",""coordinates"":[]}"
70_00000000000000000002,BA03050040,,,,,,,61.06,61,31318.2461503,TASWIL5000020230907KABKOTA,Kapuas Hulu,,2.54462852025,10.3235168378,4326,4,,,Kapuas Hulu,Kalimantan Barat,,0,,,2019-11,0.11243006849625996,11,0.11243006849625996,VIIRS DNB,nW/cm2/sr,2019,"{""type"":""MultiPoint"",""coordinates"":[]}"
70_00000000000000000004,BA03050040,,,,,,,61.04,61,30018.6763396,TASWIL5000020230907KABKOTA,Ketapang,,2.43989292708,13.6255621311,4326,4,,,Ketapang,Kalimantan Barat,,0,,,2019-11,0.17508970503558555,11,0.17508970503558555,VIIRS DNB,nW/cm2/sr,2019,"{""type"":""MultiPoint"",""coordinates"":[]}"
70_0000000000000000000a,BA03050040,,,,,,,61.02,61,1935.41897259,TASWIL5000020230907KABKOTA,Mempawah,,0.157238724723,3.1173764195,4326,4,,,Mempawah,Kalimantan Barat,,0,,,2019-11,0.406211594752931,11,0.406211594752931,VIIRS DNB,nW/cm2/sr,2019,"{""type"":""MultiPoint"",""coordinates"":[]}"
70_0000000000000000000b,BA03050040,,,,,,,61.01,61,5937.99495327,TASWIL5000020230907KABKOTA,Sambas,,0.482557384329,4.23082967505,4326,4,,,Sambas,Kalimantan Barat,,0,,,2019-11,0.13724483925331385,11,0.13724483925331385,VIIRS DNB,nW/cm2/sr,2019,"{""type"":""MultiPoint"",""coordinates"":[]}"
70_0000000000000000000c,BA03050040,,,,,,,61.03,61,12452.2241518,TASWIL5000020230907KABKOTA,Sanggau,,1.01166258397,7.65307697656,4326,4,,,Sanggau,Kalimantan Barat,,0,,,2019-11,0.14799451863851049,11,0.14799451863851049,VIIRS DNB,nW/cm2/sr,2019,"{""type"":""MultiPoint"",""coordinates"":[]}"
70_0000000000000000000e,BA03050040,,,,,,,61.05,61,22025.7880014,TASWIL5000020230907KABKOTA,Sintang,,1.78944370224,11.9811145851,4326,4,,,Sintang,Kalimantan Barat,,0,,,2019-11,0.1117566527379881,11,0.1117566527379881,VIIRS DNB,nW/cm2/sr,2019,"{""type"":""MultiPoint"",""coordinates"":[]}"
70_00000000000000000003,BA03050040,,,,,,,61.11,61,4110.12301412,TASWIL5000020230907KABKOTA,Kayong Utara,,0.333972050772,6.99327188474,4326,4,,,Kayong Utara,Kalimantan Barat,,0,Ketapang,,2019-11,0.1682280088849233,11,0.1682280088849233,VIIRS DNB,nW/cm2/sr,2019,"{""type"":""MultiPoint"",""coordinates"":[]}"
70_00000000000000000007,BA03050040,,,,,,,61.12,61,8549.29358265,TASWIL5000020230907KABKOTA,Kubu Raya,,0.694575912143,12.4289126619,4326,4,,,Kubu Raya,Kalimantan Barat,,0,Pontianak,,2019-11,0.39819387719974586,11,0.39819387719974586,VIIRS DNB,nW/cm2/sr,2019,"{""type"":""MultiPoint"",""coordinates"":[]}"
70_00000000000000000008,BA03050040,,,,,,,61.08,61,8430.71056018,TASWIL5000020230907KABKOTA,Landak,,0.684950096963,6.11846983154,4326,4,,,Landak,Kalimantan Barat,,0,Pontianak,,2019-11,0.14439426087985538,11,0.14439426087985538,VIIRS DNB,nW/cm2/sr,2019,"{""type"":""MultiPoint"",""coordinates"":[]}"
70_00000000000000000000,BA03050040,,,,,,,61.07,61,5488.60795319,TASWIL5000020230907KABKOTA,Bengkayang,,0.445970285372,6.02675176554,4326,4,,,Bengkayang,Kalimantan Barat,,0,Sambas,,2019-11,0.13463504122669284,11,0.13463504122669284,VIIRS DNB,nW/cm2/sr,2019,"{""type"":""MultiPoint"",""coordinates"":[]}"
70_0000000000000000000d,BA03050040,,,,,,,61.09,61,5979.04370295,TASWIL5000020230907KABKOTA,Sekadau,,0.485752312966,4.89358511498,4326,4,,,Sekadau,Kalimantan Barat,,0,Sanggau,,2019-11,0.11532769198209952,11,0.11532769198209952,VIIRS DNB,nW/cm2/sr,2019,"{""type"":""MultiPoint"",""coordinates"":[]}"
70_00000000000000000009,BA03050040,,,,,,,61.10,61,10122.5133896,TASWIL5000020230907KABKOTA,Melawi,,0.822418686577,6.18884194372,4326,4,,,Melawi,Kalimantan Barat,,0,Sintang,,2019-11,0.1367689176864941,11,0.1367689176864941,VIIRS DNB,nW/cm2/sr,2019,"{""type"":""MultiPoint"",""coordinates"":[]}"
70_00000000000000000005,BA03050040,,,,,,,61.71,61,118.208752498,TASWIL5000020230907KABKOTA,Kota Pontianak,,0.00960338694431,0.439734620886,4326,5,,,Kota Pontianak,Kalimantan Barat,,0,,,2019-11,15.2735857163943,11,15.2735857163943,VIIRS DNB,nW/cm2/sr,2019,"{""type"":""MultiPoint"",""coordinates"":[]}"
70_00000000000000000006,BA03050040,,,,,,,61.72,61,550.186910141,TASWIL5000020230907KABKOTA,Kota Singkawang,,0.0447029151336,1.23074798661,4326,5,,,Kota Singkawang,Kalimantan Barat,,0,Bengkayang,,2019-11,0.7688171722723937,11,0.7688171722723937,VIIRS DNB,nW/cm2/sr,2019,"{""type"":""MultiPoint"",""coordinates"":[]}"
70_00000000000000000001,BA03050040,,,,,,,,61,0.446818812946,TASWIL5000020230907KABKOTA,Kalimantan Barat,"Berdasarkan Kepmendagri 050-145 Tahun 2022, masuk ke Kalimantan Barat",3.63047728111E-5,0.0520740876463,4326,999,,,,Kalimantan Barat,,0,,,2019-11,0.06671081575879594,11,0.06671081575879594,VIIRS DNB,nW/cm2/sr,2019,"{""type"":""MultiPoint"",""coordinates"":[]}"
71_00000000000000000002,BA03050040,,,,,,,61.06,61,31318.2461503,TASWIL5000020230907KABKOTA,Kapuas Hulu,,2.54462852025,10.3235168378,4326,4,,,Kapuas Hulu,Kalimantan Barat,,0,,,2019-12,0.1354249573314389,12,0.1354249573314389,VIIRS DNB,nW/cm2/sr,2019,"{""type"":""MultiPoint"",""coordinates"":[]}"
71_00000000000000000004,BA03050040,,,,,,,61.04,61,30018.6763396,TASWIL5000020230907KABKOTA,Ketapang,,2.43989292708,13.6255621311,4326,4,,,Ketapang,Kalimantan Barat,,0,,,2019-12,0.14281212203658422,12,0.14281212203658422,VIIRS DNB,nW/cm2/sr,2019,"{""type"":""MultiPoint"",""coordinates"":[]}"
71_0000000000000000000a,BA03050040,,,,,,,61.02,61,1935.41897259,TASWIL5000020230907KABKOTA,Mempawah,,0.157238724723,3.1173764195,4326,4,,,Mempawah,Kalimantan Barat,,0,,,2019-12,0.3899110048629038,12,0.3899110048629038,VIIRS DNB,nW/cm2/sr,2019,"{""type"":""MultiPoint"",""coordinates"":[]}"
71_0000000000000000000b,BA03050040,,,,,,,61.01,61,5937.99495327,TASWIL5000020230907KABKOTA,Sambas,,0.482557384329,4.23082967505,4326,4,,,Sambas,Kalimantan Barat,,0,,,2019-12,0.22085647082286244,12,0.22085647082286244,VIIRS DNB,nW/cm2/sr,2019,"{""type"":""MultiPoint"",""coordinates"":[]}"
71_0000000000000000000c,BA03050040,,,,,,,61.03,61,12452.2241518,TASWIL5000020230907KABKOTA,Sanggau,,1.01166258397,7.65307697656,4326,4,,,Sanggau,Kalimantan Barat,,0,,,2019-12,0.18281178280681476,12,0.18281178280681476,VIIRS DNB,nW/cm2/sr,2019,"{""type"":""MultiPoint"",""coordinates"":[]}"
71_0000000000000000000e,BA03050040,,,,,,,61.05,61,22025.7880014,TASWIL5000020230907KABKOTA,Sintang,,1.78944370224,11.9811145851,4326,4,,,Sintang,Kalimantan Barat,,0,,,2019-12,0.14517086829197862,12,0.14517086829197862,VIIRS DNB,nW/cm2/sr,2019,"{""type"":""MultiPoint"",""coordinates"":[]}"
71_00000000000000000003,BA03050040,,,,,,,61.11,61,4110.12301412,TASWIL5000020230907KABKOTA,Kayong Utara,,0.333972050772,6.99327188474,4326,4,,,Kayong Utara,Kalimantan Barat,,0,Ketapang,,2019-12,0.09437657897800743,12,0.09437657897800743,VIIRS DNB,nW/cm2/sr,2019,"{""type"":""MultiPoint"",""coordinates"":[]}"
71_00000000000000000007,BA03050040,,,,,,,61.12,61,8549.29358265,TASWIL5000020230907KABKOTA,Kubu Raya,,0.694575912143,12.4289126619,4326,4,,,Kubu Raya,Kalimantan Barat,,0,Pontianak,,2019-12,0.2699416871903713,12,0.2699416871903713,VIIRS DNB,nW/cm2/sr,2019,"{""type"":""MultiPoint"",""coordinates"":[]}"
71_00000000000000000008,BA03050040,,,,,,,61.08,61,8430.71056018,TASWIL5000020230907KABKOTA,Landak,,0.684950096963,6.11846983154,4326,4,,,Landak,Kalimantan Barat,,0,Pontianak,,2019-12,0.16082552510395898,12,0.16082552510395898,VIIRS DNB,nW/cm2/sr,2019,"{""type"":""MultiPoint"",""coordinates"":[]}"
71_00000000000000000000,BA03050040,,,,,,,61.07,61,5488.60795319,TASWIL5000020230907KABKOTA,Bengkayang,,0.445970285372,6.02675176554,4326,4,,,Bengkayang,Kalimantan Barat,,0,Sambas,,2019-12,0.1800730478326331,12,0.1800730478326331,VIIRS DNB,nW/cm2/sr,2019,"{""type"":""MultiPoint"",""coordinates"":[]}"
71_0000000000000000000d,BA03050040,,,,,,,61.09,61,5979.04370295,TASWIL5000020230907KABKOTA,Sekadau,,0.485752312966,4.89358511498,4326,4,,,Sekadau,Kalimantan Barat,,0,Sanggau,,2019-12,0.19091958769212028,12,0.19091958769212028,VIIRS DNB,nW/cm2/sr,2019,"{""type"":""MultiPoint"",""coordinates"":[]}"
71_00000000000000000009,BA03050040,,,,,,,61.10,61,10122.5133896,TASWIL5000020230907KABKOTA,Melawi,,0.822418686577,6.18884194372,4326,4,,,Melawi,Kalimantan Barat,,0,Sintang,,2019-12,0.18605283476647233,12,0.18605283476647233,VIIRS DNB,nW/cm2/sr,2019,"{""type"":""MultiPoint"",""coordinates"":[]}"
71_00000000000000000005,BA03050040,,,,,,,61.71,61,118.208752498,TASWIL5000020230907KABKOTA,Kota Pontianak,,0.00960338694431,0.439734620886,4326,5,,,Kota Pontianak,Kalimantan Barat,,0,,,2019-12,14.308106167766004,12,14.308106167766004,VIIRS DNB,nW/cm2/sr,2019,"{""type"":""MultiPoint"",""coordinates"":[]}"
71_00000000000000000006,BA03050040,,,,,,,61.72,61,550.186910141,TASWIL5000020230907KABKOTA,Kota Singkawang,,0.0447029151336,1.23074798661,4326,5,,,Kota Singkawang,Kalimantan Barat,,0,Bengkayang,,2019-12,0.7384935413491318,12,0.7384935413491318,VIIRS DNB,nW/cm2/sr,2019,"{""type"":""MultiPoint"",""coordinates"":[]}"
71_00000000000000000001,BA03050040,,,,,,,,61,0.446818812946,TASWIL5000020230907KABKOTA,Kalimantan Barat,"Berdasarkan Kepmendagri 050-145 Tahun 2022, masuk ke Kalimantan Barat",3.63047728111E-5,0.0520740876463,4326,999,,,,Kalimantan Barat,,0,,,2019-12,-0.007682119736706973,12,-0.007682119736706973,VIIRS DNB,nW/cm2/sr,2019,"{""type"":""MultiPoint"",""coordinates"":[]}"
72_00000000000000000002,BA03050040,,,,,,,61.06,61,31318.2461503,TASWIL5000020230907KABKOTA,Kapuas Hulu,,2.54462852025,10.3235168378,4326,4,,,Kapuas Hulu,Kalimantan Barat,,0,,,2020-01,0.039688019659958336,1,0.039688019659958336,VIIRS DNB,nW/cm2/sr,2020,"{""type"":""MultiPoint"",""coordinates"":[]}"
72_00000000000000000004,BA03050040,,,,,,,61.04,61,30018.6763396,TASWIL5000020230907KABKOTA,Ketapang,,2.43989292708,13.6255621311,4326,4,,,Ketapang,Kalimantan Barat,,0,,,2020-01,0.07364186169556289,1,0.07364186169556289,VIIRS DNB,nW/cm2/sr,2020,"{""type"":""MultiPoint"",""coordinates"":[]}"
72_0000000000000000000a,BA03050040,,,,,,,61.02,61,1935.41897259,TASWIL5000020230907KABKOTA,Mempawah,,0.157238724723,3.1173764195,4326,4,,,Mempawah,Kalimantan Barat,,0,,,2020-01,0.35264608369202355,1,0.35264608369202355,VIIRS DNB,nW/cm2/sr,2020,"{""type"":""MultiPoint"",""coordinates"":[]}"
72_0000000000000000000b,BA03050040,,,,,,,61.01,61,5937.99495327,TASWIL5000020230907KABKOTA,Sambas,,0.482557384329,4.23082967505,4326,4,,,Sambas,Kalimantan Barat,,0,,,2020-01,0.15303915386880595,1,0.15303915386880595,VIIRS DNB,nW/cm2/sr,2020,"{""type"":""MultiPoint"",""coordinates"":[]}"
72_0000000000000000000c,BA03050040,,,,,,,61.03,61,12452.2241518,TASWIL5000020230907KABKOTA,Sanggau,,1.01166258397,7.65307697656,4326,4,,,Sanggau,Kalimantan Barat,,0,,,2020-01,0.08124357735979855,1,0.08124357735979855,VIIRS DNB,nW/cm2/sr,2020,"{""type"":""MultiPoint"",""coordinates"":[]}"
72_0000000000000000000e,BA03050040,,,,,,,61.05,61,22025.7880014,TASWIL5000020230907KABKOTA,Sintang,,1.78944370224,11.9811145851,4326,4,,,Sintang,Kalimantan Barat,,0,,,2020-01,0.05918095382876688,1,0.05918095382876688,VIIRS DNB,nW/cm2/sr,2020,"{""type"":""MultiPoint"",""coordinates"":[]}"
72_00000000000000000003,BA03050040,,,,,,,61.11,61,4110.12301412,TASWIL5000020230907KABKOTA,Kayong Utara,,0.333972050772,6.99327188474,4326,4,,,Kayong Utara,Kalimantan Barat,,0,Ketapang,,2020-01,0.07536199070217521,1,0.07536199070217521,VIIRS DNB,nW/cm2/sr,2020,"{""type"":""MultiPoint"",""coordinates"":[]}"
72_00000000000000000007,BA03050040,,,,,,,61.12,61,8549.29358265,TASWIL5000020230907KABKOTA,Kubu Raya,,0.694575912143,12.4289126619,4326,4,,,Kubu Raya,Kalimantan Barat,,0,Pontianak,,2020-01,0.19099969882882767,1,0.19099969882882767,VIIRS DNB,nW/cm2/sr,2020,"{""type"":""MultiPoint"",""coordinates"":[]}"
72_00000000000000000008,BA03050040,,,,,,,61.08,61,8430.71056018,TASWIL5000020230907KABKOTA,Landak,,0.684950096963,6.11846983154,4326,4,,,Landak,Kalimantan Barat,,0,Pontianak,,2020-01,0.07990600176250064,1,0.07990600176250064,VIIRS DNB,nW/cm2/sr,2020,"{""type"":""MultiPoint"",""coordinates"":[]}"
72_00000000000000000000,BA03050040,,,,,,,61.07,61,5488.60795319,TASWIL5000020230907KABKOTA,Bengkayang,,0.445970285372,6.02675176554,4326,4,,,Bengkayang,Kalimantan Barat,,0,Sambas,,2020-01,0.12697750490612267,1,0.12697750490612267,VIIRS DNB,nW/cm2/sr,2020,"{""type"":""MultiPoint"",""coordinates"":[]}"
72_0000000000000000000d,BA03050040,,,,,,,61.09,61,5979.04370295,TASWIL5000020230907KABKOTA,Sekadau,,0.485752312966,4.89358511498,4326,4,,,Sekadau,Kalimantan Barat,,0,Sanggau,,2020-01,0.09718788656655518,1,0.09718788656655518,VIIRS DNB,nW/cm2/sr,2020,"{""type"":""MultiPoint"",""coordinates"":[]}"
72_00000000000000000009,BA03050040,,,,,,,61.10,61,10122.5133896,TASWIL5000020230907KABKOTA,Melawi,,0.822418686577,6.18884194372,4326,4,,,Melawi,Kalimantan Barat,,0,Sintang,,2020-01,0.037252386795426036,1,0.037252386795426036,VIIRS DNB,nW/cm2/sr,2020,"{""type"":""MultiPoint"",""coordinates"":[]}"
72_00000000000000000005,BA03050040,,,,,,,61.71,61,118.208752498,TASWIL5000020230907KABKOTA,Kota Pontianak,,0.00960338694431,0.439734620886,4326,5,,,Kota Pontianak,Kalimantan Barat,,0,,,2020-01,11.71192279965995,1,11.71192279965995,VIIRS DNB,nW/cm2/sr,2020,"{""type"":""MultiPoint"",""coordinates"":[]}"
72_00000000000000000006,BA03050040,,,,,,,61.72,61,550.186910141,TASWIL5000020230907KABKOTA,Kota Singkawang,,0.0447029151336,1.23074798661,4326,5,,,Kota Singkawang,Kalimantan Barat,,0,Bengkayang,,2020-01,0.9180113928250674,1,0.9180113928250674,VIIRS DNB,nW/cm2/sr,2020,"{""type"":""MultiPoint"",""coordinates"":[]}"
72_00000000000000000001,BA03050040,,,,,,,,61,0.446818812946,TASWIL5000020230907KABKOTA,Kalimantan Barat,"Berdasarkan Kepmendagri 050-145 Tahun 2022, masuk ke Kalimantan Barat",3.63047728111E-5,0.0520740876463,4326,999,,,,Kalimantan Barat,,0,,,2020-01,0.13114790152141592,1,0.13114790152141592,VIIRS DNB,nW/cm2/sr,2020,"{""type"":""MultiPoint"",""coordinates"":[]}"
73_00000000000000000002,BA03050040,,,,,,,61.06,61,31318.2461503,TASWIL5000020230907KABKOTA,Kapuas Hulu,,2.54462852025,10.3235168378,4326,4,,,Kapuas Hulu,Kalimantan Barat,,0,,,2020-02,0.4186745170462702,2,0.4186745170462702,VIIRS DNB,nW/cm2/sr,2020,"{""type"":""MultiPoint"",""coordinates"":[]}"
73_00000000000000000004,BA03050040,,,,,,,61.04,61,30018.6763396,TASWIL5000020230907KABKOTA,Ketapang,,2.43989292708,13.6255621311,4326,4,,,Ketapang,Kalimantan Barat,,0,,,2020-02,0.329782620280301,2,0.329782620280301,VIIRS DNB,nW/cm2/sr,2020,"{""type"":""MultiPoint"",""coordinates"":[]}"
73_0000000000000000000a,BA03050040,,,,,,,61.02,61,1935.41897259,TASWIL5000020230907KABKOTA,Mempawah,,0.157238724723,3.1173764195,4326,4,,,Mempawah,Kalimantan Barat,,0,,,2020-02,0.6141745695463814,2,0.6141745695463814,VIIRS DNB,nW/cm2/sr,2020,"{""type"":""MultiPoint"",""coordinates"":[]}"
73_0000000000000000000b,BA03050040,,,,,,,61.01,61,5937.99495327,TASWIL5000020230907KABKOTA,Sambas,,0.482557384329,4.23082967505,4326,4,,,Sambas,Kalimantan Barat,,0,,,2020-02,0.3703541788936124,2,0.3703541788936124,VIIRS DNB,nW/cm2/sr,2020,"{""type"":""MultiPoint"",""coordinates"":[]}"
73_0000000000000000000c,BA03050040,,,,,,,61.03,61,12452.2241518,TASWIL5000020230907KABKOTA,Sanggau,,1.01166258397,7.65307697656,4326,4,,,Sanggau,Kalimantan Barat,,0,,,2020-02,0.3983100585707267,2,0.3983100585707267,VIIRS DNB,nW/cm2/sr,2020,"{""type"":""MultiPoint"",""coordinates"":[]}"
73_0000000000000000000e,BA03050040,,,,,,,61.05,61,22025.7880014,TASWIL5000020230907KABKOTA,Sintang,,1.78944370224,11.9811145851,4326,4,,,Sintang,Kalimantan Barat,,0,,,2020-02,0.4046147488997952,2,0.4046147488997952,VIIRS DNB,nW/cm2/sr,2020,"{""type"":""MultiPoint"",""coordinates"":[]}"
73_00000000000000000003,BA03050040,,,,,,,61.11,61,4110.12301412,TASWIL5000020230907KABKOTA,Kayong Utara,,0.333972050772,6.99327188474,4326,4,,,Kayong Utara,Kalimantan Barat,,0,Ketapang,,2020-02,0.3148555904632969,2,0.3148555904632969,VIIRS DNB,nW/cm2/sr,2020,"{""type"":""MultiPoint"",""coordinates"":[]}"
73_00000000000000000007,BA03050040,,,,,,,61.12,61,8549.29358265,TASWIL5000020230907KABKOTA,Kubu Raya,,0.694575912143,12.4289126619,4326,4,,,Kubu Raya,Kalimantan Barat,,0,Pontianak,,2020-02,0.507180040844139,2,0.507180040844139,VIIRS DNB,nW/cm2/sr,2020,"{""type"":""MultiPoint"",""coordinates"":[]}"
73_00000000000000000008,BA03050040,,,,,,,61.08,61,8430.71056018,TASWIL5000020230907KABKOTA,Landak,,0.684950096963,6.11846983154,4326,4,,,Landak,Kalimantan Barat,,0,Pontianak,,2020-02,0.3218664418039538,2,0.3218664418039538,VIIRS DNB,nW/cm2/sr,2020,"{""type"":""MultiPoint"",""coordinates"":[]}"
73_00000000000000000000,BA03050040,,,,,,,61.07,61,5488.60795319,TASWIL5000020230907KABKOTA,Bengkayang,,0.445970285372,6.02675176554,4326,4,,,Bengkayang,Kalimantan Barat,,0,Sambas,,2020-02,0.3286123038952776,2,0.3286123038952776,VIIRS DNB,nW/cm2/sr,2020,"{""type"":""MultiPoint"",""coordinates"":[]}"
73_0000000000000000000d,BA03050040,,,,,,,61.09,61,5979.04370295,TASWIL5000020230907KABKOTA,Sekadau,,0.485752312966,4.89358511498,4326,4,,,Sekadau,Kalimantan Barat,,0,Sanggau,,2020-02,0.3838708476315345,2,0.3838708476315345,VIIRS DNB,nW/cm2/sr,2020,"{""type"":""MultiPoint"",""coordinates"":[]}"
73_00000000000000000009,BA03050040,,,,,,,61.10,61,10122.5133896,TASWIL5000020230907KABKOTA,Melawi,,0.822418686577,6.18884194372,4326,4,,,Melawi,Kalimantan Barat,,0,Sintang,,2020-02,0.3138750924508209,2,0.3138750924508209,VIIRS DNB,nW/cm2/sr,2020,"{""type"":""MultiPoint"",""coordinates"":[]}"
73_00000000000000000005,BA03050040,,,,,,,61.71,61,118.208752498,TASWIL5000020230907KABKOTA,Kota Pontianak,,0.00960338694431,0.439734620886,4326,5,,,Kota Pontianak,Kalimantan Barat,,0,,,2020-02,11.794489585444428,2,11.794489585444428,VIIRS DNB,nW/cm2/sr,2020,"{""type"":""MultiPoint"",""coordinates"":[]}"
73_00000000000000000006,BA03050040,,,,,,,61.72,61,550.186910141,TASWIL5000020230907KABKOTA,Kota Singkawang,,0.0447029151336,1.23074798661,4326,5,,,Kota Singkawang,Kalimantan Barat,,0,Bengkayang,,2020-02,0.925245576638301,2,0.925245576638301,VIIRS DNB,nW/cm2/sr,2020,"{""type"":""MultiPoint"",""coordinates"":[]}"
73_00000000000000000001,BA03050040,,,,,,,,61,0.446818812946,TASWIL5000020230907KABKOTA,Kalimantan Barat,"Berdasarkan Kepmendagri 050-145 Tahun 2022, masuk ke Kalimantan Barat",3.63047728111E-5,0.0520740876463,4326,999,,,,Kalimantan Barat,,0,,,2020-02,0.1958057409600575,2,0.1958057409600575,VIIRS DNB,nW/cm2/sr,2020,"{""type"":""MultiPoint"",""coordinates"":[]}"
74_00000000000000000002,BA03050040,,,,,,,61.06,61,31318.2461503,TASWIL5000020230907KABKOTA,Kapuas Hulu,,2.54462852025,10.3235168378,4326,4,,,Kapuas Hulu,Kalimantan Barat,,0,,,2020-03,0.26016119249684205,3,0.26016119249684205,VIIRS DNB,nW/cm2/sr,2020,"{""type"":""MultiPoint"",""coordinates"":[]}"
74_00000000000000000004,BA03050040,,,,,,,61.04,61,30018.6763396,TASWIL5000020230907KABKOTA,Ketapang,,2.43989292708,13.6255621311,4326,4,,,Ketapang,Kalimantan Barat,,0,,,2020-03,0.3160753717993078,3,0.3160753717993078,VIIRS DNB,nW/cm2/sr,2020,"{""type"":""MultiPoint"",""coordinates"":[]}"
74_0000000000000000000a,BA03050040,,,,,,,61.02,61,1935.41897259,TASWIL5000020230907KABKOTA,Mempawah,,0.157238724723,3.1173764195,4326,4,,,Mempawah,Kalimantan Barat,,0,,,2020-03,0.5448605960506251,3,0.5448605960506251,VIIRS DNB,nW/cm2/sr,2020,"{""type"":""MultiPoint"",""coordinates"":[]}"
74_0000000000000000000b,BA03050040,,,,,,,61.01,61,5937.99495327,TASWIL5000020230907KABKOTA,Sambas,,0.482557384329,4.23082967505,4326,4,,,Sambas,Kalimantan Barat,,0,,,2020-03,0.36538188379715547,3,0.36538188379715547,VIIRS DNB,nW/cm2/sr,2020,"{""type"":""MultiPoint"",""coordinates"":[]}"
74_0000000000000000000c,BA03050040,,,,,,,61.03,61,12452.2241518,TASWIL5000020230907KABKOTA,Sanggau,,1.01166258397,7.65307697656,4326,4,,,Sanggau,Kalimantan Barat,,0,,,2020-03,0.3281075559436099,3,0.3281075559436099,VIIRS DNB,nW/cm2/sr,2020,"{""type"":""MultiPoint"",""coordinates"":[]}"
74_0000000000000000000e,BA03050040,,,,,,,61.05,61,22025.7880014,TASWIL5000020230907KABKOTA,Sintang,,1.78944370224,11.9811145851,4326,4,,,Sintang,Kalimantan Barat,,0,,,2020-03,0.3066233055358956,3,0.3066233055358956,VIIRS DNB,nW/cm2/sr,2020,"{""type"":""MultiPoint"",""coordinates"":[]}"
74_00000000000000000003,BA03050040,,,,,,,61.11,61,4110.12301412,TASWIL5000020230907KABKOTA,Kayong Utara,,0.333972050772,6.99327188474,4326,4,,,Kayong Utara,Kalimantan Barat,,0,Ketapang,,2020-03,0.3577396560683738,3,0.3577396560683738,VIIRS DNB,nW/cm2/sr,2020,"{""type"":""MultiPoint"",""coordinates"":[]}"
74_00000000000000000007,BA03050040,,,,,,,61.12,61,8549.29358265,TASWIL5000020230907KABKOTA,Kubu Raya,,0.694575912143,12.4289126619,4326,4,,,Kubu Raya,Kalimantan Barat,,0,Pontianak,,2020-03,0.484123141724521,3,0.484123141724521,VIIRS DNB,nW/cm2/sr,2020,"{""type"":""MultiPoint"",""coordinates"":[]}"
74_00000000000000000008,BA03050040,,,,,,,61.08,61,8430.71056018,TASWIL5000020230907KABKOTA,Landak,,0.684950096963,6.11846983154,4326,4,,,Landak,Kalimantan Barat,,0,Pontianak,,2020-03,0.2717205178217188,3,0.2717205178217188,VIIRS DNB,nW/cm2/sr,2020,"{""type"":""MultiPoint"",""coordinates"":[]}"
74_00000000000000000000,BA03050040,,,,,,,61.07,61,5488.60795319,TASWIL5000020230907KABKOTA,Bengkayang,,0.445970285372,6.02675176554,4326,4,,,Bengkayang,Kalimantan Barat,,0,Sambas,,2020-03,0.3213675420986027,3,0.3213675420986027,VIIRS DNB,nW/cm2/sr,2020,"{""type"":""MultiPoint"",""coordinates"":[]}"
74_0000000000000000000d,BA03050040,,,,,,,61.09,61,5979.04370295,TASWIL5000020230907KABKOTA,Sekadau,,0.485752312966,4.89358511498,4326,4,,,Sekadau,Kalimantan Barat,,0,Sanggau,,2020-03,0.32002767778700614,3,0.32002767778700614,VIIRS DNB,nW/cm2/sr,2020,"{""type"":""MultiPoint"",""coordinates"":[]}"
74_00000000000000000009,BA03050040,,,,,,,61.10,61,10122.5133896,TASWIL5000020230907KABKOTA,Melawi,,0.822418686577,6.18884194372,4326,4,,,Melawi,Kalimantan Barat,,0,Sintang,,2020-03,0.3412709107893105,3,0.3412709107893105,VIIRS DNB,nW/cm2/sr,2020,"{""type"":""MultiPoint"",""coordinates"":[]}"
74_00000000000000000005,BA03050040,,,,,,,61.71,61,118.208752498,TASWIL5000020230907KABKOTA,Kota Pontianak,,0.00960338694431,0.439734620886,4326,5,,,Kota Pontianak,Kalimantan Barat,,0,,,2020-03,12.878298810472467,3,12.878298810472467,VIIRS DNB,nW/cm2/sr,2020,"{""type"":""MultiPoint"",""coordinates"":[]}"
74_00000000000000000006,BA03050040,,,,,,,61.72,61,550.186910141,TASWIL5000020230907KABKOTA,Kota Singkawang,,0.0447029151336,1.23074798661,4326,5,,,Kota Singkawang,Kalimantan Barat,,0,Bengkayang,,2020-03,1.1733812569523678,3,1.1733812569523678,VIIRS DNB,nW/cm2/sr,2020,"{""type"":""MultiPoint"",""coordinates"":[]}"
74_00000000000000000001,BA03050040,,,,,,,,61,0.446818812946,TASWIL5000020230907KABKOTA,Kalimantan Barat,"Berdasarkan Kepmendagri 050-145 Tahun 2022, masuk ke Kalimantan Barat",3.63047728111E-5,0.0520740876463,4326,999,,,,Kalimantan Barat,,0,,,2020-03,0.3983223000767479,3,0.3983223000767479,VIIRS DNB,nW/cm2/sr,2020,"{""type"":""MultiPoint"",""coordinates"":[]}"
75_00000000000000000002,BA03050040,,,,,,,61.06,61,31318.2461503,TASWIL5000020230907KABKOTA,Kapuas Hulu,,2.54462852025,10.3235168378,4326,4,,,Kapuas Hulu,Kalimantan Barat,,0,,,2020-04,0.40910603605358653,4,0.40910603605358653,VIIRS DNB,nW/cm2/sr,2020,"{""type"":""MultiPoint"",""coordinates"":[]}"
75_00000000000000000004,BA03050040,,,,,,,61.04,61,30018.6763396,TASWIL5000020230907KABKOTA,Ketapang,,2.43989292708,13.6255621311,4326,4,,,Ketapang,Kalimantan Barat,,0,,,2020-04,0.3160860801178606,4,0.3160860801178606,VIIRS DNB,nW/cm2/sr,2020,"{""type"":""MultiPoint"",""coordinates"":[]}"
75_0000000000000000000a,BA03050040,,,,,,,61.02,61,1935.41897259,TASWIL5000020230907KABKOTA,Mempawah,,0.157238724723,3.1173764195,4326,4,,,Mempawah,Kalimantan Barat,,0,,,2020-04,0.7313190639335251,4,0.7313190639335251,VIIRS DNB,nW/cm2/sr,2020,"{""type"":""MultiPoint"",""coordinates"":[]}"
75_0000000000000000000b,BA03050040,,,,,,,61.01,61,5937.99495327,TASWIL5000020230907KABKOTA,Sambas,,0.482557384329,4.23082967505,4326,4,,,Sambas,Kalimantan Barat,,0,,,2020-04,0.43605364961929893,4,0.43605364961929893,VIIRS DNB,nW/cm2/sr,2020,"{""type"":""MultiPoint"",""coordinates"":[]}"
75_0000000000000000000c,BA03050040,,,,,,,61.03,61,12452.2241518,TASWIL5000020230907KABKOTA,Sanggau,,1.01166258397,7.65307697656,4326,4,,,Sanggau,Kalimantan Barat,,0,,,2020-04,0.29538259278627715,4,0.29538259278627715,VIIRS DNB,nW/cm2/sr,2020,"{""type"":""MultiPoint"",""coordinates"":[]}"
75_0000000000000000000e,BA03050040,,,,,,,61.05,61,22025.7880014,TASWIL5000020230907KABKOTA,Sintang,,1.78944370224,11.9811145851,4326,4,,,Sintang,Kalimantan Barat,,0,,,2020-04,0.36012953757127325,4,0.36012953757127325,VIIRS DNB,nW/cm2/sr,2020,"{""type"":""MultiPoint"",""coordinates"":[]}"
75_00000000000000000003,BA03050040,,,,,,,61.11,61,4110.12301412,TASWIL5000020230907KABKOTA,Kayong Utara,,0.333972050772,6.99327188474,4326,4,,,Kayong Utara,Kalimantan Barat,,0,Ketapang,,2020-04,0.3148650833271524,4,0.3148650833271524,VIIRS DNB,nW/cm2/sr,2020,"{""type"":""MultiPoint"",""coordinates"":[]}"
75_00000000000000000007,BA03050040,,,,,,,61.12,61,8549.29358265,TASWIL5000020230907KABKOTA,Kubu Raya,,0.694575912143,12.4289126619,4326,4,,,Kubu Raya,Kalimantan Barat,,0,Pontianak,,2020-04,0.6589711186668564,4,0.6589711186668564,VIIRS DNB,nW/cm2/sr,2020,"{""type"":""MultiPoint"",""coordinates"":[]}"
75_00000000000000000008,BA03050040,,,,,,,61.08,61,8430.71056018,TASWIL5000020230907KABKOTA,Landak,,0.684950096963,6.11846983154,4326,4,,,Landak,Kalimantan Barat,,0,Pontianak,,2020-04,0.3081648876534163,4,0.3081648876534163,VIIRS DNB,nW/cm2/sr,2020,"{""type"":""MultiPoint"",""coordinates"":[]}"
75_00000000000000000000,BA03050040,,,,,,,61.07,61,5488.60795319,TASWIL5000020230907KABKOTA,Bengkayang,,0.445970285372,6.02675176554,4326,4,,,Bengkayang,Kalimantan Barat,,0,Sambas,,2020-04,0.4025958379876707,4,0.4025958379876707,VIIRS DNB,nW/cm2/sr,2020,"{""type"":""MultiPoint"",""coordinates"":[]}"
75_0000000000000000000d,BA03050040,,,,,,,61.09,61,5979.04370295,TASWIL5000020230907KABKOTA,Sekadau,,0.485752312966,4.89358511498,4326,4,,,Sekadau,Kalimantan Barat,,0,Sanggau,,2020-04,0.20667518765561627,4,0.20667518765561627,VIIRS DNB,nW/cm2/sr,2020,"{""type"":""MultiPoint"",""coordinates"":[]}"
75_00000000000000000009,BA03050040,,,,,,,61.10,61,10122.5133896,TASWIL5000020230907KABKOTA,Melawi,,0.822418686577,6.18884194372,4326,4,,,Melawi,Kalimantan Barat,,0,Sintang,,2020-04,0.38746262435239825,4,0.38746262435239825,VIIRS DNB,nW/cm2/sr,2020,"{""type"":""MultiPoint"",""coordinates"":[]}"
75_00000000000000000005,BA03050040,,,,,,,61.71,61,118.208752498,TASWIL5000020230907KABKOTA,Kota Pontianak,,0.00960338694431,0.439734620886,4326,5,,,Kota Pontianak,Kalimantan Barat,,0,,,2020-04,17.77406900342086,4,17.77406900342086,VIIRS DNB,nW/cm2/sr,2020,"{""type"":""MultiPoint"",""coordinates"":[]}"
75_00000000000000000006,BA03050040,,,,,,,61.72,61,550.186910141,TASWIL5000020230907KABKOTA,Kota Singkawang,,0.0447029151336,1.23074798661,4326,5,,,Kota Singkawang,Kalimantan Barat,,0,Bengkayang,,2020-04,1.1416966540709257,4,1.1416966540709257,VIIRS DNB,nW/cm2/sr,2020,"{""type"":""MultiPoint"",""coordinates"":[]}"
75_00000000000000000001,BA03050040,,,,,,,,61,0.446818812946,TASWIL5000020230907KABKOTA,Kalimantan Barat,"Berdasarkan Kepmendagri 050-145 Tahun 2022, masuk ke Kalimantan Barat",3.63047728111E-5,0.0520740876463,4326,999,,,,Kalimantan Barat,,0,,,2020-04,0.29960264791847596,4,0.29960264791847596,VIIRS DNB,nW/cm2/sr,2020,"{""type"":""MultiPoint"",""coordinates"":[]}"
76_00000000000000000002,BA03050040,,,,,,,61.06,61,31318.2461503,TASWIL5000020230907KABKOTA,Kapuas Hulu,,2.54462852025,10.3235168378,4326,4,,,Kapuas Hulu,Kalimantan Barat,,0,,,2020-05,0.24085332569746612,5,0.24085332569746612,VIIRS DNB,nW/cm2/sr,2020,"{""type"":""MultiPoint"",""coordinates"":[]}"
76_00000000000000000004,BA03050040,,,,,,,61.04,61,30018.6763396,TASWIL5000020230907KABKOTA,Ketapang,,2.43989292708,13.6255621311,4326,4,,,Ketapang,Kalimantan Barat,,0,,,2020-05,0.2305788458229486,5,0.2305788458229486,VIIRS DNB,nW/cm2/sr,2020,"{""type"":""MultiPoint"",""coordinates"":[]}"
76_0000000000000000000a,BA03050040,,,,,,,61.02,61,1935.41897259,TASWIL5000020230907KABKOTA,Mempawah,,0.157238724723,3.1173764195,4326,4,,,Mempawah,Kalimantan Barat,,0,,,2020-05,0.6353297333369264,5,0.6353297333369264,VIIRS DNB,nW/cm2/sr,2020,"{""type"":""MultiPoint"",""coordinates"":[]}"
76_0000000000000000000b,BA03050040,,,,,,,61.01,61,5937.99495327,TASWIL5000020230907KABKOTA,Sambas,,0.482557384329,4.23082967505,4326,4,,,Sambas,Kalimantan Barat,,0,,,2020-05,0.40683597594529175,5,0.40683597594529175,VIIRS DNB,nW/cm2/sr,2020,"{""type"":""MultiPoint"",""coordinates"":[]}"
76_0000000000000000000c,BA03050040,,,,,,,61.03,61,12452.2241518,TASWIL5000020230907KABKOTA,Sanggau,,1.01166258397,7.65307697656,4326,4,,,Sanggau,Kalimantan Barat,,0,,,2020-05,0.2083634962292643,5,0.2083634962292643,VIIRS DNB,nW/cm2/sr,2020,"{""type"":""MultiPoint"",""coordinates"":[]}"
76_0000000000000000000e,BA03050040,,,,,,,61.05,61,22025.7880014,TASWIL5000020230907KABKOTA,Sintang,,1.78944370224,11.9811145851,4326,4,,,Sintang,Kalimantan Barat,,0,,,2020-05,0.23647640044734766,5,0.23647640044734766,VIIRS DNB,nW/cm2/sr,2020,"{""type"":""MultiPoint"",""coordinates"":[]}"
76_00000000000000000003,BA03050040,,,,,,,61.11,61,4110.12301412,TASWIL5000020230907KABKOTA,Kayong Utara,,0.333972050772,6.99327188474,4326,4,,,Kayong Utara,Kalimantan Barat,,0,Ketapang,,2020-05,0.25834189313451095,5,0.25834189313451095,VIIRS DNB,nW/cm2/sr,2020,"{""type"":""MultiPoint"",""coordinates"":[]}"
76_00000000000000000007,BA03050040,,,,,,,61.12,61,8549.29358265,TASWIL5000020230907KABKOTA,Kubu Raya,,0.694575912143,12.4289126619,4326,4,,,Kubu Raya,Kalimantan Barat,,0,Pontianak,,2020-05,0.47752954618427157,5,0.47752954618427157,VIIRS DNB,nW/cm2/sr,2020,"{""type"":""MultiPoint"",""coordinates"":[]}"
76_00000000000000000008,BA03050040,,,,,,,61.08,61,8430.71056018,TASWIL5000020230907KABKOTA,Landak,,0.684950096963,6.11846983154,4326,4,,,Landak,Kalimantan Barat,,0,Pontianak,,2020-05,0.25674678047881727,5,0.25674678047881727,VIIRS DNB,nW/cm2/sr,2020,"{""type"":""MultiPoint"",""coordinates"":[]}"
76_00000000000000000000,BA03050040,,,,,,,61.07,61,5488.60795319,TASWIL5000020230907KABKOTA,Bengkayang,,0.445970285372,6.02675176554,4326,4,,,Bengkayang,Kalimantan Barat,,0,Sambas,,2020-05,0.30943465871549647,5,0.30943465871549647,VIIRS DNB,nW/cm2/sr,2020,"{""type"":""MultiPoint"",""coordinates"":[]}"
76_0000000000000000000d,BA03050040,,,,,,,61.09,61,5979.04370295,TASWIL5000020230907KABKOTA,Sekadau,,0.485752312966,4.89358511498,4326,4,,,Sekadau,Kalimantan Barat,,0,Sanggau,,2020-05,0.22257927045906795,5,0.22257927045906795,VIIRS DNB,nW/cm2/sr,2020,"{""type"":""MultiPoint"",""coordinates"":[]}"
76_00000000000000000009,BA03050040,,,,,,,61.10,61,10122.5133896,TASWIL5000020230907KABKOTA,Melawi,,0.822418686577,6.18884194372,4326,4,,,Melawi,Kalimantan Barat,,0,Sintang,,2020-05,0.232872317499709,5,0.232872317499709,VIIRS DNB,nW/cm2/sr,2020,"{""type"":""MultiPoint"",""coordinates"":[]}"
76_00000000000000000005,BA03050040,,,,,,,61.71,61,118.208752498,TASWIL5000020230907KABKOTA,Kota Pontianak,,0.00960338694431,0.439734620886,4326,5,,,Kota Pontianak,Kalimantan Barat,,0,,,2020-05,14.803123005443341,5,14.803123005443341,VIIRS DNB,nW/cm2/sr,2020,"{""type"":""MultiPoint"",""coordinates"":[]}"
76_00000000000000000006,BA03050040,,,,,,,61.72,61,550.186910141,TASWIL5000020230907KABKOTA,Kota Singkawang,,0.0447029151336,1.23074798661,4326,5,,,Kota Singkawang,Kalimantan Barat,,0,Bengkayang,,2020-05,1.1000521230737765,5,1.1000521230737765,VIIRS DNB,nW/cm2/sr,2020,"{""type"":""MultiPoint"",""coordinates"":[]}"
76_00000000000000000001,BA03050040,,,,,,,,61,0.446818812946,TASWIL5000020230907KABKOTA,Kalimantan Barat,"Berdasarkan Kepmendagri 050-145 Tahun 2022, masuk ke Kalimantan Barat",3.63047728111E-5,0.0520740876463,4326,999,,,,Kalimantan Barat,,0,,,2020-05,0.172273729679074,5,0.172273729679074,VIIRS DNB,nW/cm2/sr,2020,"{""type"":""MultiPoint"",""coordinates"":[]}"
77_00000000000000000002,BA03050040,,,,,,,61.06,61,31318.2461503,TASWIL5000020230907KABKOTA,Kapuas Hulu,,2.54462852025,10.3235168378,4326,4,,,Kapuas Hulu,Kalimantan Barat,,0,,,2020-06,0.14902573979270026,6,0.14902573979270026,VIIRS DNB,nW/cm2/sr,2020,"{""type"":""MultiPoint"",""coordinates"":[]}"
77_00000000000000000004,BA03050040,,,,,,,61.04,61,30018.6763396,TASWIL5000020230907KABKOTA,Ketapang,,2.43989292708,13.6255621311,4326,4,,,Ketapang,Kalimantan Barat,,0,,,2020-06,0.25097141149563945,6,0.25097141149563945,VIIRS DNB,nW/cm2/sr,2020,"{""type"":""MultiPoint"",""coordinates"":[]}"
77_0000000000000000000a,BA03050040,,,,,,,61.02,61,1935.41897259,TASWIL5000020230907KABKOTA,Mempawah,,0.157238724723,3.1173764195,4326,4,,,Mempawah,Kalimantan Barat,,0,,,2020-06,0.2803448796965046,6,0.2803448796965046,VIIRS DNB,nW/cm2/sr,2020,"{""type"":""MultiPoint"",""coordinates"":[]}"
77_0000000000000000000b,BA03050040,,,,,,,61.01,61,5937.99495327,TASWIL5000020230907KABKOTA,Sambas,,0.482557384329,4.23082967505,4326,4,,,Sambas,Kalimantan Barat,,0,,,2020-06,0.1768104760914691,6,0.1768104760914691,VIIRS DNB,nW/cm2/sr,2020,"{""type"":""MultiPoint"",""coordinates"":[]}"
77_0000000000000000000c,BA03050040,,,,,,,61.03,61,12452.2241518,TASWIL5000020230907KABKOTA,Sanggau,,1.01166258397,7.65307697656,4326,4,,,Sanggau,Kalimantan Barat,,0,,,2020-06,0.2482413404203835,6,0.2482413404203835,VIIRS DNB,nW/cm2/sr,2020,"{""type"":""MultiPoint"",""coordinates"":[]}"
77_0000000000000000000e,BA03050040,,,,,,,61.05,61,22025.7880014,TASWIL5000020230907KABKOTA,Sintang,,1.78944370224,11.9811145851,4326,4,,,Sintang,Kalimantan Barat,,0,,,2020-06,0.1804311947786196,6,0.1804311947786196,VIIRS DNB,nW/cm2/sr,2020,"{""type"":""MultiPoint"",""coordinates"":[]}"
77_00000000000000000003,BA03050040,,,,,,,61.11,61,4110.12301412,TASWIL5000020230907KABKOTA,Kayong Utara,,0.333972050772,6.99327188474,4326,4,,,Kayong Utara,Kalimantan Barat,,0,Ketapang,,2020-06,0.1852695019283115,6,0.1852695019283115,VIIRS DNB,nW/cm2/sr,2020,"{""type"":""MultiPoint"",""coordinates"":[]}"
77_00000000000000000007,BA03050040,,,,,,,61.12,61,8549.29358265,TASWIL5000020230907KABKOTA,Kubu Raya,,0.694575912143,12.4289126619,4326,4,,,Kubu Raya,Kalimantan Barat,,0,Pontianak,,2020-06,0.5855849294128356,6,0.5855849294128356,VIIRS DNB,nW/cm2/sr,2020,"{""type"":""MultiPoint"",""coordinates"":[]}"
77_00000000000000000008,BA03050040,,,,,,,61.08,61,8430.71056018,TASWIL5000020230907KABKOTA,Landak,,0.684950096963,6.11846983154,4326,4,,,Landak,Kalimantan Barat,,0,Pontianak,,2020-06,0.24040630889910308,6,0.24040630889910308,VIIRS DNB,nW/cm2/sr,2020,"{""type"":""MultiPoint"",""coordinates"":[]}"
77_00000000000000000000,BA03050040,,,,,,,61.07,61,5488.60795319,TASWIL5000020230907KABKOTA,Bengkayang,,0.445970285372,6.02675176554,4326,4,,,Bengkayang,Kalimantan Barat,,0,Sambas,,2020-06,0.13162417724447503,6,0.13162417724447503,VIIRS DNB,nW/cm2/sr,2020,"{""type"":""MultiPoint"",""coordinates"":[]}"
77_0000000000000000000d,BA03050040,,,,,,,61.09,61,5979.04370295,TASWIL5000020230907KABKOTA,Sekadau,,0.485752312966,4.89358511498,4326,4,,,Sekadau,Kalimantan Barat,,0,Sanggau,,2020-06,0.2372990821418459,6,0.2372990821418459,VIIRS DNB,nW/cm2/sr,2020,"{""type"":""MultiPoint"",""coordinates"":[]}"
77_00000000000000000009,BA03050040,,,,,,,61.10,61,10122.5133896,TASWIL5000020230907KABKOTA,Melawi,,0.822418686577,6.18884194372,4326,4,,,Melawi,Kalimantan Barat,,0,Sintang,,2020-06,0.17133470296038059,6,0.17133470296038059,VIIRS DNB,nW/cm2/sr,2020,"{""type"":""MultiPoint"",""coordinates"":[]}"
77_00000000000000000005,BA03050040,,,,,,,61.71,61,118.208752498,TASWIL5000020230907KABKOTA,Kota Pontianak,,0.00960338694431,0.439734620886,4326,5,,,Kota Pontianak,Kalimantan Barat,,0,,,2020-06,20.772013715662858,6,20.772013715662858,VIIRS DNB,nW/cm2/sr,2020,"{""type"":""MultiPoint"",""coordinates"":[]}"
77_00000000000000000006,BA03050040,,,,,,,61.72,61,550.186910141,TASWIL5000020230907KABKOTA,Kota Singkawang,,0.0447029151336,1.23074798661,4326,5,,,Kota Singkawang,Kalimantan Barat,,0,Bengkayang,,2020-06,0.8231546520986278,6,0.8231546520986278,VIIRS DNB,nW/cm2/sr,2020,"{""type"":""MultiPoint"",""coordinates"":[]}"
77_00000000000000000001,BA03050040,,,,,,,,61,0.446818812946,TASWIL5000020230907KABKOTA,Kalimantan Barat,"Berdasarkan Kepmendagri 050-145 Tahun 2022, masuk ke Kalimantan Barat",3.63047728111E-5,0.0520740876463,4326,999,,,,Kalimantan Barat,,0,,,2020-06,0.1330905051503092,6,0.1330905051503092,VIIRS DNB,nW/cm2/sr,2020,"{""type"":""MultiPoint"",""coordinates"":[]}"
78_00000000000000000002,BA03050040,,,,,,,61.06,61,31318.2461503,TASWIL5000020230907KABKOTA,Kapuas Hulu,,2.54462852025,10.3235168378,4326,4,,,Kapuas Hulu,Kalimantan Barat,,0,,,2020-07,0.19989641047576343,7,0.19989641047576343,VIIRS DNB,nW/cm2/sr,2020,"{""type"":""MultiPoint"",""coordinates"":[]}"
78_00000000000000000004,BA03050040,,,,,,,61.04,61,30018.6763396,TASWIL5000020230907KABKOTA,Ketapang,,2.43989292708,13.6255621311,4326,4,,,Ketapang,Kalimantan Barat,,0,,,2020-07,0.20470373511752113,7,0.20470373511752113,VIIRS DNB,nW/cm2/sr,2020,"{""type"":""MultiPoint"",""coordinates"":[]}"
78_0000000000000000000a,BA03050040,,,,,,,61.02,61,1935.41897259,TASWIL5000020230907KABKOTA,Mempawah,,0.157238724723,3.1173764195,4326,4,,,Mempawah,Kalimantan Barat,,0,,,2020-07,0.38385773431721554,7,0.38385773431721554,VIIRS DNB,nW/cm2/sr,2020,"{""type"":""MultiPoint"",""coordinates"":[]}"
78_0000000000000000000b,BA03050040,,,,,,,61.01,61,5937.99495327,TASWIL5000020230907KABKOTA,Sambas,,0.482557384329,4.23082967505,4326,4,,,Sambas,Kalimantan Barat,,0,,,2020-07,0.24108222916866975,7,0.24108222916866975,VIIRS DNB,nW/cm2/sr,2020,"{""type"":""MultiPoint"",""coordinates"":[]}"
78_0000000000000000000c,BA03050040,,,,,,,61.03,61,12452.2241518,TASWIL5000020230907KABKOTA,Sanggau,,1.01166258397,7.65307697656,4326,4,,,Sanggau,Kalimantan Barat,,0,,,2020-07,0.2570228798079115,7,0.2570228798079115,VIIRS DNB,nW/cm2/sr,2020,"{""type"":""MultiPoint"",""coordinates"":[]}"
78_0000000000000000000e,BA03050040,,,,,,,61.05,61,22025.7880014,TASWIL5000020230907KABKOTA,Sintang,,1.78944370224,11.9811145851,4326,4,,,Sintang,Kalimantan Barat,,0,,,2020-07,0.23560242032492504,7,0.23560242032492504,VIIRS DNB,nW/cm2/sr,2020,"{""type"":""MultiPoint"",""coordinates"":[]}"
78_00000000000000000003,BA03050040,,,,,,,61.11,61,4110.12301412,TASWIL5000020230907KABKOTA,Kayong Utara,,0.333972050772,6.99327188474,4326,4,,,Kayong Utara,Kalimantan Barat,,0,Ketapang,,2020-07,0.19960370519972723,7,0.19960370519972723,VIIRS DNB,nW/cm2/sr,2020,"{""type"":""MultiPoint"",""coordinates"":[]}"
78_00000000000000000007,BA03050040,,,,,,,61.12,61,8549.29358265,TASWIL5000020230907KABKOTA,Kubu Raya,,0.694575912143,12.4289126619,4326,4,,,Kubu Raya,Kalimantan Barat,,0,Pontianak,,2020-07,0.3576648023716714,7,0.3576648023716714,VIIRS DNB,nW/cm2/sr,2020,"{""type"":""MultiPoint"",""coordinates"":[]}"
78_00000000000000000008,BA03050040,,,,,,,61.08,61,8430.71056018,TASWIL5000020230907KABKOTA,Landak,,0.684950096963,6.11846983154,4326,4,,,Landak,Kalimantan Barat,,0,Pontianak,,2020-07,0.24045344797485965,7,0.24045344797485965,VIIRS DNB,nW/cm2/sr,2020,"{""type"":""MultiPoint"",""coordinates"":[]}"
78_00000000000000000000,BA03050040,,,,,,,61.07,61,5488.60795319,TASWIL5000020230907KABKOTA,Bengkayang,,0.445970285372,6.02675176554,4326,4,,,Bengkayang,Kalimantan Barat,,0,Sambas,,2020-07,0.24802631193395022,7,0.24802631193395022,VIIRS DNB,nW/cm2/sr,2020,"{""type"":""MultiPoint"",""coordinates"":[]}"
78_0000000000000000000d,BA03050040,,,,,,,61.09,61,5979.04370295,TASWIL5000020230907KABKOTA,Sekadau,,0.485752312966,4.89358511498,4326,4,,,Sekadau,Kalimantan Barat,,0,Sanggau,,2020-07,0.23585109234125534,7,0.23585109234125534,VIIRS DNB,nW/cm2/sr,2020,"{""type"":""MultiPoint"",""coordinates"":[]}"
78_00000000000000000009,BA03050040,,,,,,,61.10,61,10122.5133896,TASWIL5000020230907KABKOTA,Melawi,,0.822418686577,6.18884194372,4326,4,,,Melawi,Kalimantan Barat,,0,Sintang,,2020-07,0.22801904833151504,7,0.22801904833151504,VIIRS DNB,nW/cm2/sr,2020,"{""type"":""MultiPoint"",""coordinates"":[]}"
78_00000000000000000005,BA03050040,,,,,,,61.71,61,118.208752498,TASWIL5000020230907KABKOTA,Kota Pontianak,,0.00960338694431,0.439734620886,4326,5,,,Kota Pontianak,Kalimantan Barat,,0,,,2020-07,11.679960419309783,7,11.679960419309783,VIIRS DNB,nW/cm2/sr,2020,"{""type"":""MultiPoint"",""coordinates"":[]}"
78_00000000000000000006,BA03050040,,,,,,,61.72,61,550.186910141,TASWIL5000020230907KABKOTA,Kota Singkawang,,0.0447029151336,1.23074798661,4326,5,,,Kota Singkawang,Kalimantan Barat,,0,Bengkayang,,2020-07,0.9786313317116824,7,0.9786313317116824,VIIRS DNB,nW/cm2/sr,2020,"{""type"":""MultiPoint"",""coordinates"":[]}"
78_00000000000000000001,BA03050040,,,,,,,,61,0.446818812946,TASWIL5000020230907KABKOTA,Kalimantan Barat,"Berdasarkan Kepmendagri 050-145 Tahun 2022, masuk ke Kalimantan Barat",3.63047728111E-5,0.0520740876463,4326,999,,,,Kalimantan Barat,,0,,,2020-07,0.1704415021090055,7,0.1704415021090055,VIIRS DNB,nW/cm2/sr,2020,"{""type"":""MultiPoint"",""coordinates"":[]}"
79_00000000000000000002,BA03050040,,,,,,,61.06,61,31318.2461503,TASWIL5000020230907KABKOTA,Kapuas Hulu,,2.54462852025,10.3235168378,4326,4,,,Kapuas Hulu,Kalimantan Barat,,0,,,2020-08,0.19249764239160647,8,0.19249764239160647,VIIRS DNB,nW/cm2/sr,2020,"{""type"":""MultiPoint"",""coordinates"":[]}"
79_00000000000000000004,BA03050040,,,,,,,61.04,61,30018.6763396,TASWIL5000020230907KABKOTA,Ketapang,,2.43989292708,13.6255621311,4326,4,,,Ketapang,Kalimantan Barat,,0,,,2020-08,0.2272354843609354,8,0.2272354843609354,VIIRS DNB,nW/cm2/sr,2020,"{""type"":""MultiPoint"",""coordinates"":[]}"
79_0000000000000000000a,BA03050040,,,,,,,61.02,61,1935.41897259,TASWIL5000020230907KABKOTA,Mempawah,,0.157238724723,3.1173764195,4326,4,,,Mempawah,Kalimantan Barat,,0,,,2020-08,0.41489995294211585,8,0.41489995294211585,VIIRS DNB,nW/cm2/sr,2020,"{""type"":""MultiPoint"",""coordinates"":[]}"
79_0000000000000000000b,BA03050040,,,,,,,61.01,61,5937.99495327,TASWIL5000020230907KABKOTA,Sambas,,0.482557384329,4.23082967505,4326,4,,,Sambas,Kalimantan Barat,,0,,,2020-08,0.3091972771751925,8,0.3091972771751925,VIIRS DNB,nW/cm2/sr,2020,"{""type"":""MultiPoint"",""coordinates"":[]}"
79_0000000000000000000c,BA03050040,,,,,,,61.03,61,12452.2241518,TASWIL5000020230907KABKOTA,Sanggau,,1.01166258397,7.65307697656,4326,4,,,Sanggau,Kalimantan Barat,,0,,,2020-08,0.25397286756086024,8,0.25397286756086024,VIIRS DNB,nW/cm2/sr,2020,"{""type"":""MultiPoint"",""coordinates"":[]}"
79_0000000000000000000e,BA03050040,,,,,,,61.05,61,22025.7880014,TASWIL5000020230907KABKOTA,Sintang,,1.78944370224,11.9811145851,4326,4,,,Sintang,Kalimantan Barat,,0,,,2020-08,0.20442407542502605,8,0.20442407542502605,VIIRS DNB,nW/cm2/sr,2020,"{""type"":""MultiPoint"",""coordinates"":[]}"
79_00000000000000000003,BA03050040,,,,,,,61.11,61,4110.12301412,TASWIL5000020230907KABKOTA,Kayong Utara,,0.333972050772,6.99327188474,4326,4,,,Kayong Utara,Kalimantan Barat,,0,Ketapang,,2020-08,0.22827869775632986,8,0.22827869775632986,VIIRS DNB,nW/cm2/sr,2020,"{""type"":""MultiPoint"",""coordinates"":[]}"
79_00000000000000000007,BA03050040,,,,,,,61.12,61,8549.29358265,TASWIL5000020230907KABKOTA,Kubu Raya,,0.694575912143,12.4289126619,4326,4,,,Kubu Raya,Kalimantan Barat,,0,Pontianak,,2020-08,0.441227964864831,8,0.441227964864831,VIIRS DNB,nW/cm2/sr,2020,"{""type"":""MultiPoint"",""coordinates"":[]}"
79_00000000000000000008,BA03050040,,,,,,,61.08,61,8430.71056018,TASWIL5000020230907KABKOTA,Landak,,0.684950096963,6.11846983154,4326,4,,,Landak,Kalimantan Barat,,0,Pontianak,,2020-08,0.24643854601182835,8,0.24643854601182835,VIIRS DNB,nW/cm2/sr,2020,"{""type"":""MultiPoint"",""coordinates"":[]}"
79_00000000000000000000,BA03050040,,,,,,,61.07,61,5488.60795319,TASWIL5000020230907KABKOTA,Bengkayang,,0.445970285372,6.02675176554,4326,4,,,Bengkayang,Kalimantan Barat,,0,Sambas,,2020-08,0.27673521707256005,8,0.27673521707256005,VIIRS DNB,nW/cm2/sr,2020,"{""type"":""MultiPoint"",""coordinates"":[]}"
79_0000000000000000000d,BA03050040,,,,,,,61.09,61,5979.04370295,TASWIL5000020230907KABKOTA,Sekadau,,0.485752312966,4.89358511498,4326,4,,,Sekadau,Kalimantan Barat,,0,Sanggau,,2020-08,0.22007806291260867,8,0.22007806291260867,VIIRS DNB,nW/cm2/sr,2020,"{""type"":""MultiPoint"",""coordinates"":[]}"
79_00000000000000000009,BA03050040,,,,,,,61.10,61,10122.5133896,TASWIL5000020230907KABKOTA,Melawi,,0.822418686577,6.18884194372,4326,4,,,Melawi,Kalimantan Barat,,0,Sintang,,2020-08,0.19674825570818924,8,0.19674825570818924,VIIRS DNB,nW/cm2/sr,2020,"{""type"":""MultiPoint"",""coordinates"":[]}"
79_00000000000000000005,BA03050040,,,,,,,61.71,61,118.208752498,TASWIL5000020230907KABKOTA,Kota Pontianak,,0.00960338694431,0.439734620886,4326,5,,,Kota Pontianak,Kalimantan Barat,,0,,,2020-08,17.581023323814513,8,17.581023323814513,VIIRS DNB,nW/cm2/sr,2020,"{""type"":""MultiPoint"",""coordinates"":[]}"
79_00000000000000000006,BA03050040,,,,,,,61.72,61,550.186910141,TASWIL5000020230907KABKOTA,Kota Singkawang,,0.0447029151336,1.23074798661,4326,5,,,Kota Singkawang,Kalimantan Barat,,0,Bengkayang,,2020-08,0.6343536727243811,8,0.6343536727243811,VIIRS DNB,nW/cm2/sr,2020,"{""type"":""MultiPoint"",""coordinates"":[]}"
79_00000000000000000001,BA03050040,,,,,,,,61,0.446818812946,TASWIL5000020230907KABKOTA,Kalimantan Barat,"Berdasarkan Kepmendagri 050-145 Tahun 2022, masuk ke Kalimantan Barat",3.63047728111E-5,0.0520740876463,4326,999,,,,Kalimantan Barat,,0,,,2020-08,0.19366445838911645,8,0.19366445838911645,VIIRS DNB,nW/cm2/sr,2020,"{""type"":""MultiPoint"",""coordinates"":[]}"
80_00000000000000000002,BA03050040,,,,,,,61.06,61,31318.2461503,TASWIL5000020230907KABKOTA,Kapuas Hulu,,2.54462852025,10.3235168378,4326,4,,,Kapuas Hulu,Kalimantan Barat,,0,,,2020-09,0.10070050813433767,9,0.10070050813433767,VIIRS DNB,nW/cm2/sr,2020,"{""type"":""MultiPoint"",""coordinates"":[]}"
80_00000000000000000004,BA03050040,,,,,,,61.04,61,30018.6763396,TASWIL5000020230907KABKOTA,Ketapang,,2.43989292708,13.6255621311,4326,4,,,Ketapang,Kalimantan Barat,,0,,,2020-09,0.21420746030614318,9,0.21420746030614318,VIIRS DNB,nW/cm2/sr,2020,"{""type"":""MultiPoint"",""coordinates"":[]}"
80_0000000000000000000a,BA03050040,,,,,,,61.02,61,1935.41897259,TASWIL5000020230907KABKOTA,Mempawah,,0.157238724723,3.1173764195,4326,4,,,Mempawah,Kalimantan Barat,,0,,,2020-09,0.4556116200548095,9,0.4556116200548095,VIIRS DNB,nW/cm2/sr,2020,"{""type"":""MultiPoint"",""coordinates"":[]}"
80_0000000000000000000b,BA03050040,,,,,,,61.01,61,5937.99495327,TASWIL5000020230907KABKOTA,Sambas,,0.482557384329,4.23082967505,4326,4,,,Sambas,Kalimantan Barat,,0,,,2020-09,0.2697071972204148,9,0.2697071972204148,VIIRS DNB,nW/cm2/sr,2020,"{""type"":""MultiPoint"",""coordinates"":[]}"
80_0000000000000000000c,BA03050040,,,,,,,61.03,61,12452.2241518,TASWIL5000020230907KABKOTA,Sanggau,,1.01166258397,7.65307697656,4326,4,,,Sanggau,Kalimantan Barat,,0,,,2020-09,0.13133317208850137,9,0.13133317208850137,VIIRS DNB,nW/cm2/sr,2020,"{""type"":""MultiPoint"",""coordinates"":[]}"
80_0000000000000000000e,BA03050040,,,,,,,61.05,61,22025.7880014,TASWIL5000020230907KABKOTA,Sintang,,1.78944370224,11.9811145851,4326,4,,,Sintang,Kalimantan Barat,,0,,,2020-09,0.04344746985251687,9,0.04344746985251687,VIIRS DNB,nW/cm2/sr,2020,"{""type"":""MultiPoint"",""coordinates"":[]}"
80_00000000000000000003,BA03050040,,,,,,,61.11,61,4110.12301412,TASWIL5000020230907KABKOTA,Kayong Utara,,0.333972050772,6.99327188474,4326,4,,,Kayong Utara,Kalimantan Barat,,0,Ketapang,,2020-09,0.1786489162135697,9,0.1786489162135697,VIIRS DNB,nW/cm2/sr,2020,"{""type"":""MultiPoint"",""coordinates"":[]}"
80_00000000000000000007,BA03050040,,,,,,,61.12,61,8549.29358265,TASWIL5000020230907KABKOTA,Kubu Raya,,0.694575912143,12.4289126619,4326,4,,,Kubu Raya,Kalimantan Barat,,0,Pontianak,,2020-09,0.3480839899798785,9,0.3480839899798785,VIIRS DNB,nW/cm2/sr,2020,"{""type"":""MultiPoint"",""coordinates"":[]}"
80_00000000000000000008,BA03050040,,,,,,,61.08,61,8430.71056018,TASWIL5000020230907KABKOTA,Landak,,0.684950096963,6.11846983154,4326,4,,,Landak,Kalimantan Barat,,0,Pontianak,,2020-09,0.23585305937359233,9,0.23585305937359233,VIIRS DNB,nW/cm2/sr,2020,"{""type"":""MultiPoint"",""coordinates"":[]}"
80_00000000000000000000,BA03050040,,,,,,,61.07,61,5488.60795319,TASWIL5000020230907KABKOTA,Bengkayang,,0.445970285372,6.02675176554,4326,4,,,Bengkayang,Kalimantan Barat,,0,Sambas,,2020-09,0.2217377512542039,9,0.2217377512542039,VIIRS DNB,nW/cm2/sr,2020,"{""type"":""MultiPoint"",""coordinates"":[]}"
80_0000000000000000000d,BA03050040,,,,,,,61.09,61,5979.04370295,TASWIL5000020230907KABKOTA,Sekadau,,0.485752312966,4.89358511498,4326,4,,,Sekadau,Kalimantan Barat,,0,Sanggau,,2020-09,0.1315189088169887,9,0.1315189088169887,VIIRS DNB,nW/cm2/sr,2020,"{""type"":""MultiPoint"",""coordinates"":[]}"
80_00000000000000000009,BA03050040,,,,,,,61.10,61,10122.5133896,TASWIL5000020230907KABKOTA,Melawi,,0.822418686577,6.18884194372,4326,4,,,Melawi,Kalimantan Barat,,0,Sintang,,2020-09,0.12027531177578908,9,0.12027531177578908,VIIRS DNB,nW/cm2/sr,2020,"{""type"":""MultiPoint"",""coordinates"":[]}"
80_00000000000000000005,BA03050040,,,,,,,61.71,61,118.208752498,TASWIL5000020230907KABKOTA,Kota Pontianak,,0.00960338694431,0.439734620886,4326,5,,,Kota Pontianak,Kalimantan Barat,,0,,,2020-09,12.6615427491831,9,12.6615427491831,VIIRS DNB,nW/cm2/sr,2020,"{""type"":""MultiPoint"",""coordinates"":[]}"
80_00000000000000000006,BA03050040,,,,,,,61.72,61,550.186910141,TASWIL5000020230907KABKOTA,Kota Singkawang,,0.0447029151336,1.23074798661,4326,5,,,Kota Singkawang,Kalimantan Barat,,0,Bengkayang,,2020-09,0.8047929153291077,9,0.8047929153291077,VIIRS DNB,nW/cm2/sr,2020,"{""type"":""MultiPoint"",""coordinates"":[]}"
80_00000000000000000001,BA03050040,,,,,,,,61,0.446818812946,TASWIL5000020230907KABKOTA,Kalimantan Barat,"Berdasarkan Kepmendagri 050-145 Tahun 2022, masuk ke Kalimantan Barat",3.63047728111E-5,0.0520740876463,4326,999,,,,Kalimantan Barat,,0,,,2020-09,0.06209712871915721,9,0.06209712871915721,VIIRS DNB,nW/cm2/sr,2020,"{""type"":""MultiPoint"",""coordinates"":[]}"
81_00000000000000000002,BA03050040,,,,,,,61.06,61,31318.2461503,TASWIL5000020230907KABKOTA,Kapuas Hulu,,2.54462852025,10.3235168378,4326,4,,,Kapuas Hulu,Kalimantan Barat,,0,,,2020-10,0.014454416757238306,10,0.014454416757238306,VIIRS DNB,nW/cm2/sr,2020,"{""type"":""MultiPoint"",""coordinates"":[]}"
81_00000000000000000004,BA03050040,,,,,,,61.04,61,30018.6763396,TASWIL5000020230907KABKOTA,Ketapang,,2.43989292708,13.6255621311,4326,4,,,Ketapang,Kalimantan Barat,,0,,,2020-10,0.09240200548579405,10,0.09240200548579405,VIIRS DNB,nW/cm2/sr,2020,"{""type"":""MultiPoint"",""coordinates"":[]}"
81_0000000000000000000a,BA03050040,,,,,,,61.02,61,1935.41897259,TASWIL5000020230907KABKOTA,Mempawah,,0.157238724723,3.1173764195,4326,4,,,Mempawah,Kalimantan Barat,,0,,,2020-10,0.5577303137372243,10,0.5577303137372243,VIIRS DNB,nW/cm2/sr,2020,"{""type"":""MultiPoint"",""coordinates"":[]}"
81_0000000000000000000b,BA03050040,,,,,,,61.01,61,5937.99495327,TASWIL5000020230907KABKOTA,Sambas,,0.482557384329,4.23082967505,4326,4,,,Sambas,Kalimantan Barat,,0,,,2020-10,0.04311434215420028,10,0.04311434215420028,VIIRS DNB,nW/cm2/sr,2020,"{""type"":""MultiPoint"",""coordinates"":[]}"
81_0000000000000000000c,BA03050040,,,,,,,61.03,61,12452.2241518,TASWIL5000020230907KABKOTA,Sanggau,,1.01166258397,7.65307697656,4326,4,,,Sanggau,Kalimantan Barat,,0,,,2020-10,0.0015945371852129557,10,0.0015945371852129557,VIIRS DNB,nW/cm2/sr,2020,"{""type"":""MultiPoint"",""coordinates"":[]}"
81_0000000000000000000e,BA03050040,,,,,,,61.05,61,22025.7880014,TASWIL5000020230907KABKOTA,Sintang,,1.78944370224,11.9811145851,4326,4,,,Sintang,Kalimantan Barat,,0,,,2020-10,0.0043674544663202634,10,0.0043674544663202634,VIIRS DNB,nW/cm2/sr,2020,"{""type"":""MultiPoint"",""coordinates"":[]}"
81_00000000000000000003,BA03050040,,,,,,,61.11,61,4110.12301412,TASWIL5000020230907KABKOTA,Kayong Utara,,0.333972050772,6.99327188474,4326,4,,,Kayong Utara,Kalimantan Barat,,0,Ketapang,,2020-10,0.012806123064301149,10,0.012806123064301149,VIIRS DNB,nW/cm2/sr,2020,"{""type"":""MultiPoint"",""coordinates"":[]}"
81_00000000000000000007,BA03050040,,,,,,,61.12,61,8549.29358265,TASWIL5000020230907KABKOTA,Kubu Raya,,0.694575912143,12.4289126619,4326,4,,,Kubu Raya,Kalimantan Barat,,0,Pontianak,,2020-10,0.134223983868291,10,0.134223983868291,VIIRS DNB,nW/cm2/sr,2020,"{""type"":""MultiPoint"",""coordinates"":[]}"
81_00000000000000000008,BA03050040,,,,,,,61.08,61,8430.71056018,TASWIL5000020230907KABKOTA,Landak,,0.684950096963,6.11846983154,4326,4,,,Landak,Kalimantan Barat,,0,Pontianak,,2020-10,0.07900050696309445,10,0.07900050696309445,VIIRS DNB,nW/cm2/sr,2020,"{""type"":""MultiPoint"",""coordinates"":[]}"
81_00000000000000000000,BA03050040,,,,,,,61.07,61,5488.60795319,TASWIL5000020230907KABKOTA,Bengkayang,,0.445970285372,6.02675176554,4326,4,,,Bengkayang,Kalimantan Barat,,0,Sambas,,2020-10,0.06025263825600696,10,0.06025263825600696,VIIRS DNB,nW/cm2/sr,2020,"{""type"":""MultiPoint"",""coordinates"":[]}"
81_0000000000000000000d,BA03050040,,,,,,,61.09,61,5979.04370295,TASWIL5000020230907KABKOTA,Sekadau,,0.485752312966,4.89358511498,4326,4,,,Sekadau,Kalimantan Barat,,0,Sanggau,,2020-10,0.0,10,0.0,VIIRS DNB,nW/cm2/sr,2020,"{""type"":""MultiPoint"",""coordinates"":[]}"
81_00000000000000000009,BA03050040,,,,,,,61.10,61,10122.5133896,TASWIL5000020230907KABKOTA,Melawi,,0.822418686577,6.18884194372,4326,4,,,Melawi,Kalimantan Barat,,0,Sintang,,2020-10,0.0027574795481709368,10,0.0027574795481709368,VIIRS DNB,nW/cm2/sr,2020,"{""type"":""MultiPoint"",""coordinates"":[]}"
81_00000000000000000005,BA03050040,,,,,,,61.71,61,118.208752498,TASWIL5000020230907KABKOTA,Kota Pontianak,,0.00960338694431,0.439734620886,4326,5,,,Kota Pontianak,Kalimantan Barat,,0,,,2020-10,2.058207177524273,10,2.058207177524273,VIIRS DNB,nW/cm2/sr,2020,"{""type"":""MultiPoint"",""coordinates"":[]}"
81_00000000000000000006,BA03050040,,,,,,,61.72,61,550.186910141,TASWIL5000020230907KABKOTA,Kota Singkawang,,0.0447029151336,1.23074798661,4326,5,,,Kota Singkawang,Kalimantan Barat,,0,Bengkayang,,2020-10,0.7847295335842122,10,0.7847295335842122,VIIRS DNB,nW/cm2/sr,2020,"{""type"":""MultiPoint"",""coordinates"":[]}"
81_00000000000000000001,BA03050040,,,,,,,,61,0.446818812946,TASWIL5000020230907KABKOTA,Kalimantan Barat,"Berdasarkan Kepmendagri 050-145 Tahun 2022, masuk ke Kalimantan Barat",3.63047728111E-5,0.0520740876463,4326,999,,,,Kalimantan Barat,,0,,,2020-10,0.0,10,0.0,VIIRS DNB,nW/cm2/sr,2020,"{""type"":""MultiPoint"",""coordinates"":[]}"
82_00000000000000000002,BA03050040,,,,,,,61.06,61,31318.2461503,TASWIL5000020230907KABKOTA,Kapuas Hulu,,2.54462852025,10.3235168378,4326,4,,,Kapuas Hulu,Kalimantan Barat,,0,,,2020-11,0.05917616416675703,11,0.05917616416675703,VIIRS DNB,nW/cm2/sr,2020,"{""type"":""MultiPoint"",""coordinates"":[]}"
82_00000000000000000004,BA03050040,,,,,,,61.04,61,30018.6763396,TASWIL5000020230907KABKOTA,Ketapang,,2.43989292708,13.6255621311,4326,4,,,Ketapang,Kalimantan Barat,,0,,,2020-11,0.20021962878378072,11,0.20021962878378072,VIIRS DNB,nW/cm2/sr,2020,"{""type"":""MultiPoint"",""coordinates"":[]}"
82_0000000000000000000a,BA03050040,,,,,,,61.02,61,1935.41897259,TASWIL5000020230907KABKOTA,Mempawah,,0.157238724723,3.1173764195,4326,4,,,Mempawah,Kalimantan Barat,,0,,,2020-11,0.527119302509554,11,0.527119302509554,VIIRS DNB,nW/cm2/sr,2020,"{""type"":""MultiPoint"",""coordinates"":[]}"
82_0000000000000000000b,BA03050040,,,,,,,61.01,61,5937.99495327,TASWIL5000020230907KABKOTA,Sambas,,0.482557384329,4.23082967505,4326,4,,,Sambas,Kalimantan Barat,,0,,,2020-11,0.20299309914274694,11,0.20299309914274694,VIIRS DNB,nW/cm2/sr,2020,"{""type"":""MultiPoint"",""coordinates"":[]}"
82_0000000000000000000c,BA03050040,,,,,,,61.03,61,12452.2241518,TASWIL5000020230907KABKOTA,Sanggau,,1.01166258397,7.65307697656,4326,4,,,Sanggau,Kalimantan Barat,,0,,,2020-11,0.18374253122075485,11,0.18374253122075485,VIIRS DNB,nW/cm2/sr,2020,"{""type"":""MultiPoint"",""coordinates"":[]}"
82_0000000000000000000e,BA03050040,,,,,,,61.05,61,22025.7880014,TASWIL5000020230907KABKOTA,Sintang,,1.78944370224,11.9811145851,4326,4,,,Sintang,Kalimantan Barat,,0,,,2020-11,0.17769643445596825,11,0.17769643445596825,VIIRS DNB,nW/cm2/sr,2020,"{""type"":""MultiPoint"",""coordinates"":[]}"
82_00000000000000000003,BA03050040,,,,,,,61.11,61,4110.12301412,TASWIL5000020230907KABKOTA,Kayong Utara,,0.333972050772,6.99327188474,4326,4,,,Kayong Utara,Kalimantan Barat,,0,Ketapang,,2020-11,0.21536412069527894,11,0.21536412069527894,VIIRS DNB,nW/cm2/sr,2020,"{""type"":""MultiPoint"",""coordinates"":[]}"
82_00000000000000000007,BA03050040,,,,,,,61.12,61,8549.29358265,TASWIL5000020230907KABKOTA,Kubu Raya,,0.694575912143,12.4289126619,4326,4,,,Kubu Raya,Kalimantan Barat,,0,Pontianak,,2020-11,0.3307073368466745,11,0.3307073368466745,VIIRS DNB,nW/cm2/sr,2020,"{""type"":""MultiPoint"",""coordinates"":[]}"
82_00000000000000000008,BA03050040,,,,,,,61.08,61,8430.71056018,TASWIL5000020230907KABKOTA,Landak,,0.684950096963,6.11846983154,4326,4,,,Landak,Kalimantan Barat,,0,Pontianak,,2020-11,0.1787364138927592,11,0.1787364138927592,VIIRS DNB,nW/cm2/sr,2020,"{""type"":""MultiPoint"",""coordinates"":[]}"
82_00000000000000000000,BA03050040,,,,,,,61.07,61,5488.60795319,TASWIL5000020230907KABKOTA,Bengkayang,,0.445970285372,6.02675176554,4326,4,,,Bengkayang,Kalimantan Barat,,0,Sambas,,2020-11,0.16462757564976904,11,0.16462757564976904,VIIRS DNB,nW/cm2/sr,2020,"{""type"":""MultiPoint"",""coordinates"":[]}"
82_0000000000000000000d,BA03050040,,,,,,,61.09,61,5979.04370295,TASWIL5000020230907KABKOTA,Sekadau,,0.485752312966,4.89358511498,4326,4,,,Sekadau,Kalimantan Barat,,0,Sanggau,,2020-11,0.2165310728444365,11,0.2165310728444365,VIIRS DNB,nW/cm2/sr,2020,"{""type"":""MultiPoint"",""coordinates"":[]}"
82_00000000000000000009,BA03050040,,,,,,,61.10,61,10122.5133896,TASWIL5000020230907KABKOTA,Melawi,,0.822418686577,6.18884194372,4326,4,,,Melawi,Kalimantan Barat,,0,Sintang,,2020-11,0.26651421566128886,11,0.26651421566128886,VIIRS DNB,nW/cm2/sr,2020,"{""type"":""MultiPoint"",""coordinates"":[]}"
82_00000000000000000005,BA03050040,,,,,,,61.71,61,118.208752498,TASWIL5000020230907KABKOTA,Kota Pontianak,,0.00960338694431,0.439734620886,4326,5,,,Kota Pontianak,Kalimantan Barat,,0,,,2020-11,14.581419145266427,11,14.581419145266427,VIIRS DNB,nW/cm2/sr,2020,"{""type"":""MultiPoint"",""coordinates"":[]}"
82_00000000000000000006,BA03050040,,,,,,,61.72,61,550.186910141,TASWIL5000020230907KABKOTA,Kota Singkawang,,0.0447029151336,1.23074798661,4326,5,,,Kota Singkawang,Kalimantan Barat,,0,Bengkayang,,2020-11,0.3715035198217999,11,0.3715035198217999,VIIRS DNB,nW/cm2/sr,2020,"{""type"":""MultiPoint"",""coordinates"":[]}"
82_00000000000000000001,BA03050040,,,,,,,,61,0.446818812946,TASWIL5000020230907KABKOTA,Kalimantan Barat,"Berdasarkan Kepmendagri 050-145 Tahun 2022, masuk ke Kalimantan Barat",3.63047728111E-5,0.0520740876463,4326,999,,,,Kalimantan Barat,,0,,,2020-11,0.06326710677831116,11,0.06326710677831116,VIIRS DNB,nW/cm2/sr,2020,"{""type"":""MultiPoint"",""coordinates"":[]}"
83_00000000000000000002,BA03050040,,,,,,,61.06,61,31318.2461503,TASWIL5000020230907KABKOTA,Kapuas Hulu,,2.54462852025,10.3235168378,4326,4,,,Kapuas Hulu,Kalimantan Barat,,0,,,2020-12,0.017108037334908732,12,0.017108037334908732,VIIRS DNB,nW/cm2/sr,2020,"{""type"":""MultiPoint"",""coordinates"":[]}"
83_00000000000000000004,BA03050040,,,,,,,61.04,61,30018.6763396,TASWIL5000020230907KABKOTA,Ketapang,,2.43989292708,13.6255621311,4326,4,,,Ketapang,Kalimantan Barat,,0,,,2020-12,0.02709292181083148,12,0.02709292181083148,VIIRS DNB,nW/cm2/sr,2020,"{""type"":""MultiPoint"",""coordinates"":[]}"
83_0000000000000000000a,BA03050040,,,,,,,61.02,61,1935.41897259,TASWIL5000020230907KABKOTA,Mempawah,,0.157238724723,3.1173764195,4326,4,,,Mempawah,Kalimantan Barat,,0,,,2020-12,0.14933828411780117,12,0.14933828411780117,VIIRS DNB,nW/cm2/sr,2020,"{""type"":""MultiPoint"",""coordinates"":[]}"
83_0000000000000000000b,BA03050040,,,,,,,61.01,61,5937.99495327,TASWIL5000020230907KABKOTA,Sambas,,0.482557384329,4.23082967505,4326,4,,,Sambas,Kalimantan Barat,,0,,,2020-12,0.005665529409691416,12,0.005665529409691416,VIIRS DNB,nW/cm2/sr,2020,"{""type"":""MultiPoint"",""coordinates"":[]}"
83_0000000000000000000c,BA03050040,,,,,,,61.03,61,12452.2241518,TASWIL5000020230907KABKOTA,Sanggau,,1.01166258397,7.65307697656,4326,4,,,Sanggau,Kalimantan Barat,,0,,,2020-12,0.005215196589022507,12,0.005215196589022507,VIIRS DNB,nW/cm2/sr,2020,"{""type"":""MultiPoint"",""coordinates"":[]}"
83_0000000000000000000e,BA03050040,,,,,,,61.05,61,22025.7880014,TASWIL5000020230907KABKOTA,Sintang,,1.78944370224,11.9811145851,4326,4,,,Sintang,Kalimantan Barat,,0,,,2020-12,4.716127989982609E-4,12,4.716127989982609E-4,VIIRS DNB,nW/cm2/sr,2020,"{""type"":""MultiPoint"",""coordinates"":[]}"
83_00000000000000000003,BA03050040,,,,,,,61.11,61,4110.12301412,TASWIL5000020230907KABKOTA,Kayong Utara,,0.333972050772,6.99327188474,4326,4,,,Kayong Utara,Kalimantan Barat,,0,Ketapang,,2020-12,0.09821173317395883,12,0.09821173317395883,VIIRS DNB,nW/cm2/sr,2020,"{""type"":""MultiPoint"",""coordinates"":[]}"
83_00000000000000000007,BA03050040,,,,,,,61.12,61,8549.29358265,TASWIL5000020230907KABKOTA,Kubu Raya,,0.694575912143,12.4289126619,4326,4,,,Kubu Raya,Kalimantan Barat,,0,Pontianak,,2020-12,0.03524450181879883,12,0.03524450181879883,VIIRS DNB,nW/cm2/sr,2020,"{""type"":""MultiPoint"",""coordinates"":[]}"
83_00000000000000000008,BA03050040,,,,,,,61.08,61,8430.71056018,TASWIL5000020230907KABKOTA,Landak,,0.684950096963,6.11846983154,4326,4,,,Landak,Kalimantan Barat,,0,Pontianak,,2020-12,0.012962654245348051,12,0.012962654245348051,VIIRS DNB,nW/cm2/sr,2020,"{""type"":""MultiPoint"",""coordinates"":[]}"
83_00000000000000000000,BA03050040,,,,,,,61.07,61,5488.60795319,TASWIL5000020230907KABKOTA,Bengkayang,,0.445970285372,6.02675176554,4326,4,,,Bengkayang,Kalimantan Barat,,0,Sambas,,2020-12,0.0052899347765841724,12,0.0052899347765841724,VIIRS DNB,nW/cm2/sr,2020,"{""type"":""MultiPoint"",""coordinates"":[]}"
83_0000000000000000000d,BA03050040,,,,,,,61.09,61,5979.04370295,TASWIL5000020230907KABKOTA,Sekadau,,0.485752312966,4.89358511498,4326,4,,,Sekadau,Kalimantan Barat,,0,Sanggau,,2020-12,3.1815055924140905E-4,12,3.1815055924140905E-4,VIIRS DNB,nW/cm2/sr,2020,"{""type"":""MultiPoint"",""coordinates"":[]}"
83_00000000000000000009,BA03050040,,,,,,,61.10,61,10122.5133896,TASWIL5000020230907KABKOTA,Melawi,,0.822418686577,6.18884194372,4326,4,,,Melawi,Kalimantan Barat,,0,Sintang,,2020-12,0.0029001531903724304,12,0.0029001531903724304,VIIRS DNB,nW/cm2/sr,2020,"{""type"":""MultiPoint"",""coordinates"":[]}"
83_00000000000000000005,BA03050040,,,,,,,61.71,61,118.208752498,TASWIL5000020230907KABKOTA,Kota Pontianak,,0.00960338694431,0.439734620886,4326,5,,,Kota Pontianak,Kalimantan Barat,,0,,,2020-12,0.4404623770092765,12,0.4404623770092765,VIIRS DNB,nW/cm2/sr,2020,"{""type"":""MultiPoint"",""coordinates"":[]}"
83_00000000000000000006,BA03050040,,,,,,,61.72,61,550.186910141,TASWIL5000020230907KABKOTA,Kota Singkawang,,0.0447029151336,1.23074798661,4326,5,,,Kota Singkawang,Kalimantan Barat,,0,Bengkayang,,2020-12,7.224678614626086E-4,12,7.224678614626086E-4,VIIRS DNB,nW/cm2/sr,2020,"{""type"":""MultiPoint"",""coordinates"":[]}"
83_00000000000000000001,BA03050040,,,,,,,,61,0.446818812946,TASWIL5000020230907KABKOTA,Kalimantan Barat,"Berdasarkan Kepmendagri 050-145 Tahun 2022, masuk ke Kalimantan Barat",3.63047728111E-5,0.0520740876463,4326,999,,,,Kalimantan Barat,,0,,,2020-12,0.0,12,0.0,VIIRS DNB,nW/cm2/sr,2020,"{""type"":""MultiPoint"",""coordinates"":[]}"
84_00000000000000000002,BA03050040,,,,,,,61.06,61,31318.2461503,TASWIL5000020230907KABKOTA,Kapuas Hulu,,2.54462852025,10.3235168378,4326,4,,,Kapuas Hulu,Kalimantan Barat,,0,,,2021-01,0.30493519645844835,1,0.30493519645844835,VIIRS DNB,nW/cm2/sr,2021,"{""type"":""MultiPoint"",""coordinates"":[]}"
84_00000000000000000004,BA03050040,,,,,,,61.04,61,30018.6763396,TASWIL5000020230907KABKOTA,Ketapang,,2.43989292708,13.6255621311,4326,4,,,Ketapang,Kalimantan Barat,,0,,,2021-01,0.20787149415634926,1,0.20787149415634926,VIIRS DNB,nW/cm2/sr,2021,"{""type"":""MultiPoint"",""coordinates"":[]}"
84_0000000000000000000a,BA03050040,,,,,,,61.02,61,1935.41897259,TASWIL5000020230907KABKOTA,Mempawah,,0.157238724723,3.1173764195,4326,4,,,Mempawah,Kalimantan Barat,,0,,,2021-01,0.6171718832850955,1,0.6171718832850955,VIIRS DNB,nW/cm2/sr,2021,"{""type"":""MultiPoint"",""coordinates"":[]}"
84_0000000000000000000b,BA03050040,,,,,,,61.01,61,5937.99495327,TASWIL5000020230907KABKOTA,Sambas,,0.482557384329,4.23082967505,4326,4,,,Sambas,Kalimantan Barat,,0,,,2021-01,0.29900131750455405,1,0.29900131750455405,VIIRS DNB,nW/cm2/sr,2021,"{""type"":""MultiPoint"",""coordinates"":[]}"
84_0000000000000000000c,BA03050040,,,,,,,61.03,61,12452.2241518,TASWIL5000020230907KABKOTA,Sanggau,,1.01166258397,7.65307697656,4326,4,,,Sanggau,Kalimantan Barat,,0,,,2021-01,0.2722211957068428,1,0.2722211957068428,VIIRS DNB,nW/cm2/sr,2021,"{""type"":""MultiPoint"",""coordinates"":[]}"
84_0000000000000000000e,BA03050040,,,,,,,61.05,61,22025.7880014,TASWIL5000020230907KABKOTA,Sintang,,1.78944370224,11.9811145851,4326,4,,,Sintang,Kalimantan Barat,,0,,,2021-01,0.26834420365704487,1,0.26834420365704487,VIIRS DNB,nW/cm2/sr,2021,"{""type"":""MultiPoint"",""coordinates"":[]}"
84_00000000000000000003,BA03050040,,,,,,,61.11,61,4110.12301412,TASWIL5000020230907KABKOTA,Kayong Utara,,0.333972050772,6.99327188474,4326,4,,,Kayong Utara,Kalimantan Barat,,0,Ketapang,,2021-01,0.24282983750247,1,0.24282983750247,VIIRS DNB,nW/cm2/sr,2021,"{""type"":""MultiPoint"",""coordinates"":[]}"
84_00000000000000000007,BA03050040,,,,,,,61.12,61,8549.29358265,TASWIL5000020230907KABKOTA,Kubu Raya,,0.694575912143,12.4289126619,4326,4,,,Kubu Raya,Kalimantan Barat,,0,Pontianak,,2021-01,0.35907565742346376,1,0.35907565742346376,VIIRS DNB,nW/cm2/sr,2021,"{""type"":""MultiPoint"",""coordinates"":[]}"
84_00000000000000000008,BA03050040,,,,,,,61.08,61,8430.71056018,TASWIL5000020230907KABKOTA,Landak,,0.684950096963,6.11846983154,4326,4,,,Landak,Kalimantan Barat,,0,Pontianak,,2021-01,0.2831507348333892,1,0.2831507348333892,VIIRS DNB,nW/cm2/sr,2021,"{""type"":""MultiPoint"",""coordinates"":[]}"
84_00000000000000000000,BA03050040,,,,,,,61.07,61,5488.60795319,TASWIL5000020230907KABKOTA,Bengkayang,,0.445970285372,6.02675176554,4326,4,,,Bengkayang,Kalimantan Barat,,0,Sambas,,2021-01,0.29830843956751085,1,0.29830843956751085,VIIRS DNB,nW/cm2/sr,2021,"{""type"":""MultiPoint"",""coordinates"":[]}"
84_0000000000000000000d,BA03050040,,,,,,,61.09,61,5979.04370295,TASWIL5000020230907KABKOTA,Sekadau,,0.485752312966,4.89358511498,4326,4,,,Sekadau,Kalimantan Barat,,0,Sanggau,,2021-01,0.2826042266707089,1,0.2826042266707089,VIIRS DNB,nW/cm2/sr,2021,"{""type"":""MultiPoint"",""coordinates"":[]}"
84_00000000000000000009,BA03050040,,,,,,,61.10,61,10122.5133896,TASWIL5000020230907KABKOTA,Melawi,,0.822418686577,6.18884194372,4326,4,,,Melawi,Kalimantan Barat,,0,Sintang,,2021-01,0.3124299665331147,1,0.3124299665331147,VIIRS DNB,nW/cm2/sr,2021,"{""type"":""MultiPoint"",""coordinates"":[]}"
84_00000000000000000005,BA03050040,,,,,,,61.71,61,118.208752498,TASWIL5000020230907KABKOTA,Kota Pontianak,,0.00960338694431,0.439734620886,4326,5,,,Kota Pontianak,Kalimantan Barat,,0,,,2021-01,1.751131263203396,1,1.751131263203396,VIIRS DNB,nW/cm2/sr,2021,"{""type"":""MultiPoint"",""coordinates"":[]}"
84_00000000000000000006,BA03050040,,,,,,,61.72,61,550.186910141,TASWIL5000020230907KABKOTA,Kota Singkawang,,0.0447029151336,1.23074798661,4326,5,,,Kota Singkawang,Kalimantan Barat,,0,Bengkayang,,2021-01,0.43071977722969446,1,0.43071977722969446,VIIRS DNB,nW/cm2/sr,2021,"{""type"":""MultiPoint"",""coordinates"":[]}"
84_00000000000000000001,BA03050040,,,,,,,,61,0.446818812946,TASWIL5000020230907KABKOTA,Kalimantan Barat,"Berdasarkan Kepmendagri 050-145 Tahun 2022, masuk ke Kalimantan Barat",3.63047728111E-5,0.0520740876463,4326,999,,,,Kalimantan Barat,,0,,,2021-01,0.17061810591412302,1,0.17061810591412302,VIIRS DNB,nW/cm2/sr,2021,"{""type"":""MultiPoint"",""coordinates"":[]}"
85_00000000000000000002,BA03050040,,,,,,,61.06,61,31318.2461503,TASWIL5000020230907KABKOTA,Kapuas Hulu,,2.54462852025,10.3235168378,4326,4,,,Kapuas Hulu,Kalimantan Barat,,0,,,2021-02,0.0853997488107606,2,0.0853997488107606,VIIRS DNB,nW/cm2/sr,2021,"{""type"":""MultiPoint"",""coordinates"":[]}"
85_00000000000000000004,BA03050040,,,,,,,61.04,61,30018.6763396,TASWIL5000020230907KABKOTA,Ketapang,,2.43989292708,13.6255621311,4326,4,,,Ketapang,Kalimantan Barat,,0,,,2021-02,0.043310275956492186,2,0.043310275956492186,VIIRS DNB,nW/cm2/sr,2021,"{""type"":""MultiPoint"",""coordinates"":[]}"
85_0000000000000000000a,BA03050040,,,,,,,61.02,61,1935.41897259,TASWIL5000020230907KABKOTA,Mempawah,,0.157238724723,3.1173764195,4326,4,,,Mempawah,Kalimantan Barat,,0,,,2021-02,0.5458897976163817,2,0.5458897976163817,VIIRS DNB,nW/cm2/sr,2021,"{""type"":""MultiPoint"",""coordinates"":[]}"
85_0000000000000000000b,BA03050040,,,,,,,61.01,61,5937.99495327,TASWIL5000020230907KABKOTA,Sambas,,0.482557384329,4.23082967505,4326,4,,,Sambas,Kalimantan Barat,,0,,,2021-02,0.33142180970904656,2,0.33142180970904656,VIIRS DNB,nW/cm2/sr,2021,"{""type"":""MultiPoint"",""coordinates"":[]}"
85_0000000000000000000c,BA03050040,,,,,,,61.03,61,12452.2241518,TASWIL5000020230907KABKOTA,Sanggau,,1.01166258397,7.65307697656,4326,4,,,Sanggau,Kalimantan Barat,,0,,,2021-02,0.20909550709319658,2,0.20909550709319658,VIIRS DNB,nW/cm2/sr,2021,"{""type"":""MultiPoint"",""coordinates"":[]}"
85_0000000000000000000e,BA03050040,,,,,,,61.05,61,22025.7880014,TASWIL5000020230907KABKOTA,Sintang,,1.78944370224,11.9811145851,4326,4,,,Sintang,Kalimantan Barat,,0,,,2021-02,0.11288750197340859,2,0.11288750197340859,VIIRS DNB,nW/cm2/sr,2021,"{""type"":""MultiPoint"",""coordinates"":[]}"
85_00000000000000000003,BA03050040,,,,,,,61.11,61,4110.12301412,TASWIL5000020230907KABKOTA,Kayong Utara,,0.333972050772,6.99327188474,4326,4,,,Kayong Utara,Kalimantan Barat,,0,Ketapang,,2021-02,0.016927763007761252,2,0.016927763007761252,VIIRS DNB,nW/cm2/sr,2021,"{""type"":""MultiPoint"",""coordinates"":[]}"
85_00000000000000000007,BA03050040,,,,,,,61.12,61,8549.29358265,TASWIL5000020230907KABKOTA,Kubu Raya,,0.694575912143,12.4289126619,4326,4,,,Kubu Raya,Kalimantan Barat,,0,Pontianak,,2021-02,0.31211228756738996,2,0.31211228756738996,VIIRS DNB,nW/cm2/sr,2021,"{""type"":""MultiPoint"",""coordinates"":[]}"
85_00000000000000000008,BA03050040,,,,,,,61.08,61,8430.71056018,TASWIL5000020230907KABKOTA,Landak,,0.684950096963,6.11846983154,4326,4,,,Landak,Kalimantan Barat,,0,Pontianak,,2021-02,0.23195601372770755,2,0.23195601372770755,VIIRS DNB,nW/cm2/sr,2021,"{""type"":""MultiPoint"",""coordinates"":[]}"
85_00000000000000000000,BA03050040,,,,,,,61.07,61,5488.60795319,TASWIL5000020230907KABKOTA,Bengkayang,,0.445970285372,6.02675176554,4326,4,,,Bengkayang,Kalimantan Barat,,0,Sambas,,2021-02,0.2784013931032117,2,0.2784013931032117,VIIRS DNB,nW/cm2/sr,2021,"{""type"":""MultiPoint"",""coordinates"":[]}"
85_0000000000000000000d,BA03050040,,,,,,,61.09,61,5979.04370295,TASWIL5000020230907KABKOTA,Sekadau,,0.485752312966,4.89358511498,4326,4,,,Sekadau,Kalimantan Barat,,0,Sanggau,,2021-02,0.15433437272704423,2,0.15433437272704423,VIIRS DNB,nW/cm2/sr,2021,"{""type"":""MultiPoint"",""coordinates"":[]}"
85_00000000000000000009,BA03050040,,,,,,,61.10,61,10122.5133896,TASWIL5000020230907KABKOTA,Melawi,,0.822418686577,6.18884194372,4326,4,,,Melawi,Kalimantan Barat,,0,Sintang,,2021-02,0.07027182624307293,2,0.07027182624307293,VIIRS DNB,nW/cm2/sr,2021,"{""type"":""MultiPoint"",""coordinates"":[]}"
85_00000000000000000005,BA03050040,,,,,,,61.71,61,118.208752498,TASWIL5000020230907KABKOTA,Kota Pontianak,,0.00960338694431,0.439734620886,4326,5,,,Kota Pontianak,Kalimantan Barat,,0,,,2021-02,12.699452542484629,2,12.699452542484629,VIIRS DNB,nW/cm2/sr,2021,"{""type"":""MultiPoint"",""coordinates"":[]}"
85_00000000000000000006,BA03050040,,,,,,,61.72,61,550.186910141,TASWIL5000020230907KABKOTA,Kota Singkawang,,0.0447029151336,1.23074798661,4326,5,,,Kota Singkawang,Kalimantan Barat,,0,Bengkayang,,2021-02,1.1784055570653602,2,1.1784055570653602,VIIRS DNB,nW/cm2/sr,2021,"{""type"":""MultiPoint"",""coordinates"":[]}"
85_00000000000000000001,BA03050040,,,,,,,,61,0.446818812946,TASWIL5000020230907KABKOTA,Kalimantan Barat,"Berdasarkan Kepmendagri 050-145 Tahun 2022, masuk ke Kalimantan Barat",3.63047728111E-5,0.0520740876463,4326,999,,,,Kalimantan Barat,,0,,,2021-02,0.0,2,0.0,VIIRS DNB,nW/cm2/sr,2021,"{""type"":""MultiPoint"",""coordinates"":[]}"
86_00000000000000000002,BA03050040,,,,,,,61.06,61,31318.2461503,TASWIL5000020230907KABKOTA,Kapuas Hulu,,2.54462852025,10.3235168378,4326,4,,,Kapuas Hulu,Kalimantan Barat,,0,,,2021-03,0.4155497192642461,3,0.4155497192642461,VIIRS DNB,nW/cm2/sr,2021,"{""type"":""MultiPoint"",""coordinates"":[]}"
86_00000000000000000004,BA03050040,,,,,,,61.04,61,30018.6763396,TASWIL5000020230907KABKOTA,Ketapang,,2.43989292708,13.6255621311,4326,4,,,Ketapang,Kalimantan Barat,,0,,,2021-03,0.35870229961759353,3,0.35870229961759353,VIIRS DNB,nW/cm2/sr,2021,"{""type"":""MultiPoint"",""coordinates"":[]}"
86_0000000000000000000a,BA03050040,,,,,,,61.02,61,1935.41897259,TASWIL5000020230907KABKOTA,Mempawah,,0.157238724723,3.1173764195,4326,4,,,Mempawah,Kalimantan Barat,,0,,,2021-03,0.43498001182791324,3,0.43498001182791324,VIIRS DNB,nW/cm2/sr,2021,"{""type"":""MultiPoint"",""coordinates"":[]}"
86_0000000000000000000b,BA03050040,,,,,,,61.01,61,5937.99495327,TASWIL5000020230907KABKOTA,Sambas,,0.482557384329,4.23082967505,4326,4,,,Sambas,Kalimantan Barat,,0,,,2021-03,0.4066782518431196,3,0.4066782518431196,VIIRS DNB,nW/cm2/sr,2021,"{""type"":""MultiPoint"",""coordinates"":[]}"
86_0000000000000000000c,BA03050040,,,,,,,61.03,61,12452.2241518,TASWIL5000020230907KABKOTA,Sanggau,,1.01166258397,7.65307697656,4326,4,,,Sanggau,Kalimantan Barat,,0,,,2021-03,0.4668051278414474,3,0.4668051278414474,VIIRS DNB,nW/cm2/sr,2021,"{""type"":""MultiPoint"",""coordinates"":[]}"
86_0000000000000000000e,BA03050040,,,,,,,61.05,61,22025.7880014,TASWIL5000020230907KABKOTA,Sintang,,1.78944370224,11.9811145851,4326,4,,,Sintang,Kalimantan Barat,,0,,,2021-03,0.42113300378013485,3,0.42113300378013485,VIIRS DNB,nW/cm2/sr,2021,"{""type"":""MultiPoint"",""coordinates"":[]}"
86_00000000000000000003,BA03050040,,,,,,,61.11,61,4110.12301412,TASWIL5000020230907KABKOTA,Kayong Utara,,0.333972050772,6.99327188474,4326,4,,,Kayong Utara,Kalimantan Barat,,0,Ketapang,,2021-03,0.25193427500634463,3,0.25193427500634463,VIIRS DNB,nW/cm2/sr,2021,"{""type"":""MultiPoint"",""coordinates"":[]}"
86_00000000000000000007,BA03050040,,,,,,,61.12,61,8549.29358265,TASWIL5000020230907KABKOTA,Kubu Raya,,0.694575912143,12.4289126619,4326,4,,,Kubu Raya,Kalimantan Barat,,0,Pontianak,,2021-03,0.5333749794658408,3,0.5333749794658408,VIIRS DNB,nW/cm2/sr,2021,"{""type"":""MultiPoint"",""coordinates"":[]}"
86_00000000000000000008,BA03050040,,,,,,,61.08,61,8430.71056018,TASWIL5000020230907KABKOTA,Landak,,0.684950096963,6.11846983154,4326,4,,,Landak,Kalimantan Barat,,0,Pontianak,,2021-03,0.44573888172936693,3,0.44573888172936693,VIIRS DNB,nW/cm2/sr,2021,"{""type"":""MultiPoint"",""coordinates"":[]}"
86_00000000000000000000,BA03050040,,,,,,,61.07,61,5488.60795319,TASWIL5000020230907KABKOTA,Bengkayang,,0.445970285372,6.02675176554,4326,4,,,Bengkayang,Kalimantan Barat,,0,Sambas,,2021-03,0.36211447945804215,3,0.36211447945804215,VIIRS DNB,nW/cm2/sr,2021,"{""type"":""MultiPoint"",""coordinates"":[]}"
86_0000000000000000000d,BA03050040,,,,,,,61.09,61,5979.04370295,TASWIL5000020230907KABKOTA,Sekadau,,0.485752312966,4.89358511498,4326,4,,,Sekadau,Kalimantan Barat,,0,Sanggau,,2021-03,0.4293633786361715,3,0.4293633786361715,VIIRS DNB,nW/cm2/sr,2021,"{""type"":""MultiPoint"",""coordinates"":[]}"
86_00000000000000000009,BA03050040,,,,,,,61.10,61,10122.5133896,TASWIL5000020230907KABKOTA,Melawi,,0.822418686577,6.18884194372,4326,4,,,Melawi,Kalimantan Barat,,0,Sintang,,2021-03,0.3335455363939575,3,0.3335455363939575,VIIRS DNB,nW/cm2/sr,2021,"{""type"":""MultiPoint"",""coordinates"":[]}"
86_00000000000000000005,BA03050040,,,,,,,61.71,61,118.208752498,TASWIL5000020230907KABKOTA,Kota Pontianak,,0.00960338694431,0.439734620886,4326,5,,,Kota Pontianak,Kalimantan Barat,,0,,,2021-03,2.2524083915579483,3,2.2524083915579483,VIIRS DNB,nW/cm2/sr,2021,"{""type"":""MultiPoint"",""coordinates"":[]}"
86_00000000000000000006,BA03050040,,,,,,,61.72,61,550.186910141,TASWIL5000020230907KABKOTA,Kota Singkawang,,0.0447029151336,1.23074798661,4326,5,,,Kota Singkawang,Kalimantan Barat,,0,Bengkayang,,2021-03,1.259613126161427,3,1.259613126161427,VIIRS DNB,nW/cm2/sr,2021,"{""type"":""MultiPoint"",""coordinates"":[]}"
86_00000000000000000001,BA03050040,,,,,,,,61,0.446818812946,TASWIL5000020230907KABKOTA,Kalimantan Barat,"Berdasarkan Kepmendagri 050-145 Tahun 2022, masuk ke Kalimantan Barat",3.63047728111E-5,0.0520740876463,4326,999,,,,Kalimantan Barat,,0,,,2021-03,0.33584989472467114,3,0.33584989472467114,VIIRS DNB,nW/cm2/sr,2021,"{""type"":""MultiPoint"",""coordinates"":[]}"
87_00000000000000000002,BA03050040,,,,,,,61.06,61,31318.2461503,TASWIL5000020230907KABKOTA,Kapuas Hulu,,2.54462852025,10.3235168378,4326,4,,,Kapuas Hulu,Kalimantan Barat,,0,,,2021-04,0.2071106274940046,4,0.2071106274940046,VIIRS DNB,nW/cm2/sr,2021,"{""type"":""MultiPoint"",""coordinates"":[]}"
87_00000000000000000004,BA03050040,,,,,,,61.04,61,30018.6763396,TASWIL5000020230907KABKOTA,Ketapang,,2.43989292708,13.6255621311,4326,4,,,Ketapang,Kalimantan Barat,,0,,,2021-04,0.4091381297940815,4,0.4091381297940815,VIIRS DNB,nW/cm2/sr,2021,"{""type"":""MultiPoint"",""coordinates"":[]}"
87_0000000000000000000a,BA03050040,,,,,,,61.02,61,1935.41897259,TASWIL5000020230907KABKOTA,Mempawah,,0.157238724723,3.1173764195,4326,4,,,Mempawah,Kalimantan Barat,,0,,,2021-04,0.8057008261040179,4,0.8057008261040179,VIIRS DNB,nW/cm2/sr,2021,"{""type"":""MultiPoint"",""coordinates"":[]}"
87_0000000000000000000b,BA03050040,,,,,,,61.01,61,5937.99495327,TASWIL5000020230907KABKOTA,Sambas,,0.482557384329,4.23082967505,4326,4,,,Sambas,Kalimantan Barat,,0,,,2021-04,0.5058411322995786,4,0.5058411322995786,VIIRS DNB,nW/cm2/sr,2021,"{""type"":""MultiPoint"",""coordinates"":[]}"
87_0000000000000000000c,BA03050040,,,,,,,61.03,61,12452.2241518,TASWIL5000020230907KABKOTA,Sanggau,,1.01166258397,7.65307697656,4326,4,,,Sanggau,Kalimantan Barat,,0,,,2021-04,0.15415801157194575,4,0.15415801157194575,VIIRS DNB,nW/cm2/sr,2021,"{""type"":""MultiPoint"",""coordinates"":[]}"
87_0000000000000000000e,BA03050040,,,,,,,61.05,61,22025.7880014,TASWIL5000020230907KABKOTA,Sintang,,1.78944370224,11.9811145851,4326,4,,,Sintang,Kalimantan Barat,,0,,,2021-04,0.274553839694732,4,0.274553839694732,VIIRS DNB,nW/cm2/sr,2021,"{""type"":""MultiPoint"",""coordinates"":[]}"
87_00000000000000000003,BA03050040,,,,,,,61.11,61,4110.12301412,TASWIL5000020230907KABKOTA,Kayong Utara,,0.333972050772,6.99327188474,4326,4,,,Kayong Utara,Kalimantan Barat,,0,Ketapang,,2021-04,0.38684268885058853,4,0.38684268885058853,VIIRS DNB,nW/cm2/sr,2021,"{""type"":""MultiPoint"",""coordinates"":[]}"
87_00000000000000000007,BA03050040,,,,,,,61.12,61,8549.29358265,TASWIL5000020230907KABKOTA,Kubu Raya,,0.694575912143,12.4289126619,4326,4,,,Kubu Raya,Kalimantan Barat,,0,Pontianak,,2021-04,0.5636995351705886,4,0.5636995351705886,VIIRS DNB,nW/cm2/sr,2021,"{""type"":""MultiPoint"",""coordinates"":[]}"
87_00000000000000000008,BA03050040,,,,,,,61.08,61,8430.71056018,TASWIL5000020230907KABKOTA,Landak,,0.684950096963,6.11846983154,4326,4,,,Landak,Kalimantan Barat,,0,Pontianak,,2021-04,0.2793628413303483,4,0.2793628413303483,VIIRS DNB,nW/cm2/sr,2021,"{""type"":""MultiPoint"",""coordinates"":[]}"
87_00000000000000000000,BA03050040,,,,,,,61.07,61,5488.60795319,TASWIL5000020230907KABKOTA,Bengkayang,,0.445970285372,6.02675176554,4326,4,,,Bengkayang,Kalimantan Barat,,0,Sambas,,2021-04,0.4237447314678572,4,0.4237447314678572,VIIRS DNB,nW/cm2/sr,2021,"{""type"":""MultiPoint"",""coordinates"":[]}"
87_0000000000000000000d,BA03050040,,,,,,,61.09,61,5979.04370295,TASWIL5000020230907KABKOTA,Sekadau,,0.485752312966,4.89358511498,4326,4,,,Sekadau,Kalimantan Barat,,0,Sanggau,,2021-04,0.25373469897267703,4,0.25373469897267703,VIIRS DNB,nW/cm2/sr,2021,"{""type"":""MultiPoint"",""coordinates"":[]}"
87_00000000000000000009,BA03050040,,,,,,,61.10,61,10122.5133896,TASWIL5000020230907KABKOTA,Melawi,,0.822418686577,6.18884194372,4326,4,,,Melawi,Kalimantan Barat,,0,Sintang,,2021-04,0.3365634102826364,4,0.3365634102826364,VIIRS DNB,nW/cm2/sr,2021,"{""type"":""MultiPoint"",""coordinates"":[]}"
87_00000000000000000005,BA03050040,,,,,,,61.71,61,118.208752498,TASWIL5000020230907KABKOTA,Kota Pontianak,,0.00960338694431,0.439734620886,4326,5,,,Kota Pontianak,Kalimantan Barat,,0,,,2021-04,13.696934620419182,4,13.696934620419182,VIIRS DNB,nW/cm2/sr,2021,"{""type"":""MultiPoint"",""coordinates"":[]}"
87_00000000000000000006,BA03050040,,,,,,,61.72,61,550.186910141,TASWIL5000020230907KABKOTA,Kota Singkawang,,0.0447029151336,1.23074798661,4326,5,,,Kota Singkawang,Kalimantan Barat,,0,Bengkayang,,2021-04,1.3640537234860406,4,1.3640537234860406,VIIRS DNB,nW/cm2/sr,2021,"{""type"":""MultiPoint"",""coordinates"":[]}"
87_00000000000000000001,BA03050040,,,,,,,,61,0.446818812946,TASWIL5000020230907KABKOTA,Kalimantan Barat,"Berdasarkan Kepmendagri 050-145 Tahun 2022, masuk ke Kalimantan Barat",3.63047728111E-5,0.0520740876463,4326,999,,,,Kalimantan Barat,,0,,,2021-04,0.2811479034276462,4,0.2811479034276462,VIIRS DNB,nW/cm2/sr,2021,"{""type"":""MultiPoint"",""coordinates"":[]}"
88_00000000000000000002,BA03050040,,,,,,,61.06,61,31318.2461503,TASWIL5000020230907KABKOTA,Kapuas Hulu,,2.54462852025,10.3235168378,4326,4,,,Kapuas Hulu,Kalimantan Barat,,0,,,2021-05,0.4457573862144023,5,0.4457573862144023,VIIRS DNB,nW/cm2/sr,2021,"{""type"":""MultiPoint"",""coordinates"":[]}"
88_00000000000000000004,BA03050040,,,,,,,61.04,61,30018.6763396,TASWIL5000020230907KABKOTA,Ketapang,,2.43989292708,13.6255621311,4326,4,,,Ketapang,Kalimantan Barat,,0,,,2021-05,0.3766497671274125,5,0.3766497671274125,VIIRS DNB,nW/cm2/sr,2021,"{""type"":""MultiPoint"",""coordinates"":[]}"
88_0000000000000000000a,BA03050040,,,,,,,61.02,61,1935.41897259,TASWIL5000020230907KABKOTA,Mempawah,,0.157238724723,3.1173764195,4326,4,,,Mempawah,Kalimantan Barat,,0,,,2021-05,0.6436035032307911,5,0.6436035032307911,VIIRS DNB,nW/cm2/sr,2021,"{""type"":""MultiPoint"",""coordinates"":[]}"
88_0000000000000000000b,BA03050040,,,,,,,61.01,61,5937.99495327,TASWIL5000020230907KABKOTA,Sambas,,0.482557384329,4.23082967505,4326,4,,,Sambas,Kalimantan Barat,,0,,,2021-05,0.4493918452700432,5,0.4493918452700432,VIIRS DNB,nW/cm2/sr,2021,"{""type"":""MultiPoint"",""coordinates"":[]}"
88_0000000000000000000c,BA03050040,,,,,,,61.03,61,12452.2241518,TASWIL5000020230907KABKOTA,Sanggau,,1.01166258397,7.65307697656,4326,4,,,Sanggau,Kalimantan Barat,,0,,,2021-05,0.32620590623761914,5,0.32620590623761914,VIIRS DNB,nW/cm2/sr,2021,"{""type"":""MultiPoint"",""coordinates"":[]}"
88_0000000000000000000e,BA03050040,,,,,,,61.05,61,22025.7880014,TASWIL5000020230907KABKOTA,Sintang,,1.78944370224,11.9811145851,4326,4,,,Sintang,Kalimantan Barat,,0,,,2021-05,0.42002523144278303,5,0.42002523144278303,VIIRS DNB,nW/cm2/sr,2021,"{""type"":""MultiPoint"",""coordinates"":[]}"
88_00000000000000000003,BA03050040,,,,,,,61.11,61,4110.12301412,TASWIL5000020230907KABKOTA,Kayong Utara,,0.333972050772,6.99327188474,4326,4,,,Kayong Utara,Kalimantan Barat,,0,Ketapang,,2021-05,0.3221556588464578,5,0.3221556588464578,VIIRS DNB,nW/cm2/sr,2021,"{""type"":""MultiPoint"",""coordinates"":[]}"
88_00000000000000000007,BA03050040,,,,,,,61.12,61,8549.29358265,TASWIL5000020230907KABKOTA,Kubu Raya,,0.694575912143,12.4289126619,4326,4,,,Kubu Raya,Kalimantan Barat,,0,Pontianak,,2021-05,0.5632321070739673,5,0.5632321070739673,VIIRS DNB,nW/cm2/sr,2021,"{""type"":""MultiPoint"",""coordinates"":[]}"
88_00000000000000000008,BA03050040,,,,,,,61.08,61,8430.71056018,TASWIL5000020230907KABKOTA,Landak,,0.684950096963,6.11846983154,4326,4,,,Landak,Kalimantan Barat,,0,Pontianak,,2021-05,0.42547180778899174,5,0.42547180778899174,VIIRS DNB,nW/cm2/sr,2021,"{""type"":""MultiPoint"",""coordinates"":[]}"
88_00000000000000000000,BA03050040,,,,,,,61.07,61,5488.60795319,TASWIL5000020230907KABKOTA,Bengkayang,,0.445970285372,6.02675176554,4326,4,,,Bengkayang,Kalimantan Barat,,0,Sambas,,2021-05,0.44110054848463515,5,0.44110054848463515,VIIRS DNB,nW/cm2/sr,2021,"{""type"":""MultiPoint"",""coordinates"":[]}"
88_0000000000000000000d,BA03050040,,,,,,,61.09,61,5979.04370295,TASWIL5000020230907KABKOTA,Sekadau,,0.485752312966,4.89358511498,4326,4,,,Sekadau,Kalimantan Barat,,0,Sanggau,,2021-05,0.28725572988849035,5,0.28725572988849035,VIIRS DNB,nW/cm2/sr,2021,"{""type"":""MultiPoint"",""coordinates"":[]}"
88_00000000000000000009,BA03050040,,,,,,,61.10,61,10122.5133896,TASWIL5000020230907KABKOTA,Melawi,,0.822418686577,6.18884194372,4326,4,,,Melawi,Kalimantan Barat,,0,Sintang,,2021-05,0.3571679857832298,5,0.3571679857832298,VIIRS DNB,nW/cm2/sr,2021,"{""type"":""MultiPoint"",""coordinates"":[]}"
88_00000000000000000005,BA03050040,,,,,,,61.71,61,118.208752498,TASWIL5000020230907KABKOTA,Kota Pontianak,,0.00960338694431,0.439734620886,4326,5,,,Kota Pontianak,Kalimantan Barat,,0,,,2021-05,14.411808897634161,5,14.411808897634161,VIIRS DNB,nW/cm2/sr,2021,"{""type"":""MultiPoint"",""coordinates"":[]}"
88_00000000000000000006,BA03050040,,,,,,,61.72,61,550.186910141,TASWIL5000020230907KABKOTA,Kota Singkawang,,0.0447029151336,1.23074798661,4326,5,,,Kota Singkawang,Kalimantan Barat,,0,Bengkayang,,2021-05,1.0091719546788633,5,1.0091719546788633,VIIRS DNB,nW/cm2/sr,2021,"{""type"":""MultiPoint"",""coordinates"":[]}"
88_00000000000000000001,BA03050040,,,,,,,,61,0.446818812946,TASWIL5000020230907KABKOTA,Kalimantan Barat,"Berdasarkan Kepmendagri 050-145 Tahun 2022, masuk ke Kalimantan Barat",3.63047728111E-5,0.0520740876463,4326,999,,,,Kalimantan Barat,,0,,,2021-05,0.26635762042557176,5,0.26635762042557176,VIIRS DNB,nW/cm2/sr,2021,"{""type"":""MultiPoint"",""coordinates"":[]}"
89_00000000000000000002,BA03050040,,,,,,,61.06,61,31318.2461503,TASWIL5000020230907KABKOTA,Kapuas Hulu,,2.54462852025,10.3235168378,4326,4,,,Kapuas Hulu,Kalimantan Barat,,0,,,2021-06,0.3287635240590045,6,0.3287635240590045,VIIRS DNB,nW/cm2/sr,2021,"{""type"":""MultiPoint"",""coordinates"":[]}"
89_00000000000000000004,BA03050040,,,,,,,61.04,61,30018.6763396,TASWIL5000020230907KABKOTA,Ketapang,,2.43989292708,13.6255621311,4326,4,,,Ketapang,Kalimantan Barat,,0,,,2021-06,0.3756724695690359,6,0.3756724695690359,VIIRS DNB,nW/cm2/sr,2021,"{""type"":""MultiPoint"",""coordinates"":[]}"
89_0000000000000000000a,BA03050040,,,,,,,61.02,61,1935.41897259,TASWIL5000020230907KABKOTA,Mempawah,,0.157238724723,3.1173764195,4326,4,,,Mempawah,Kalimantan Barat,,0,,,2021-06,0.23856709078290486,6,0.23856709078290486,VIIRS DNB,nW/cm2/sr,2021,"{""type"":""MultiPoint"",""coordinates"":[]}"
89_0000000000000000000b,BA03050040,,,,,,,61.01,61,5937.99495327,TASWIL5000020230907KABKOTA,Sambas,,0.482557384329,4.23082967505,4326,4,,,Sambas,Kalimantan Barat,,0,,,2021-06,0.2516117665099256,6,0.2516117665099256,VIIRS DNB,nW/cm2/sr,2021,"{""type"":""MultiPoint"",""coordinates"":[]}"
89_0000000000000000000c,BA03050040,,,,,,,61.03,61,12452.2241518,TASWIL5000020230907KABKOTA,Sanggau,,1.01166258397,7.65307697656,4326,4,,,Sanggau,Kalimantan Barat,,0,,,2021-06,0.28730027547721404,6,0.28730027547721404,VIIRS DNB,nW/cm2/sr,2021,"{""type"":""MultiPoint"",""coordinates"":[]}"
89_0000000000000000000e,BA03050040,,,,,,,61.05,61,22025.7880014,TASWIL5000020230907KABKOTA,Sintang,,1.78944370224,11.9811145851,4326,4,,,Sintang,Kalimantan Barat,,0,,,2021-06,0.32622499256264154,6,0.32622499256264154,VIIRS DNB,nW/cm2/sr,2021,"{""type"":""MultiPoint"",""coordinates"":[]}"
89_00000000000000000003,BA03050040,,,,,,,61.11,61,4110.12301412,TASWIL5000020230907KABKOTA,Kayong Utara,,0.333972050772,6.99327188474,4326,4,,,Kayong Utara,Kalimantan Barat,,0,Ketapang,,2021-06,0.39158613674674336,6,0.39158613674674336,VIIRS DNB,nW/cm2/sr,2021,"{""type"":""MultiPoint"",""coordinates"":[]}"
89_00000000000000000007,BA03050040,,,,,,,61.12,61,8549.29358265,TASWIL5000020230907KABKOTA,Kubu Raya,,0.694575912143,12.4289126619,4326,4,,,Kubu Raya,Kalimantan Barat,,0,Pontianak,,2021-06,0.5590619958227354,6,0.5590619958227354,VIIRS DNB,nW/cm2/sr,2021,"{""type"":""MultiPoint"",""coordinates"":[]}"
89_00000000000000000008,BA03050040,,,,,,,61.08,61,8430.71056018,TASWIL5000020230907KABKOTA,Landak,,0.684950096963,6.11846983154,4326,4,,,Landak,Kalimantan Barat,,0,Pontianak,,2021-06,0.24400071884090738,6,0.24400071884090738,VIIRS DNB,nW/cm2/sr,2021,"{""type"":""MultiPoint"",""coordinates"":[]}"
89_00000000000000000000,BA03050040,,,,,,,61.07,61,5488.60795319,TASWIL5000020230907KABKOTA,Bengkayang,,0.445970285372,6.02675176554,4326,4,,,Bengkayang,Kalimantan Barat,,0,Sambas,,2021-06,0.2898275609734016,6,0.2898275609734016,VIIRS DNB,nW/cm2/sr,2021,"{""type"":""MultiPoint"",""coordinates"":[]}"
89_0000000000000000000d,BA03050040,,,,,,,61.09,61,5979.04370295,TASWIL5000020230907KABKOTA,Sekadau,,0.485752312966,4.89358511498,4326,4,,,Sekadau,Kalimantan Barat,,0,Sanggau,,2021-06,0.3818738140839969,6,0.3818738140839969,VIIRS DNB,nW/cm2/sr,2021,"{""type"":""MultiPoint"",""coordinates"":[]}"
89_00000000000000000009,BA03050040,,,,,,,61.10,61,10122.5133896,TASWIL5000020230907KABKOTA,Melawi,,0.822418686577,6.18884194372,4326,4,,,Melawi,Kalimantan Barat,,0,Sintang,,2021-06,0.33485466151189747,6,0.33485466151189747,VIIRS DNB,nW/cm2/sr,2021,"{""type"":""MultiPoint"",""coordinates"":[]}"
89_00000000000000000005,BA03050040,,,,,,,61.71,61,118.208752498,TASWIL5000020230907KABKOTA,Kota Pontianak,,0.00960338694431,0.439734620886,4326,5,,,Kota Pontianak,Kalimantan Barat,,0,,,2021-06,12.863277875432383,6,12.863277875432383,VIIRS DNB,nW/cm2/sr,2021,"{""type"":""MultiPoint"",""coordinates"":[]}"
89_00000000000000000006,BA03050040,,,,,,,61.72,61,550.186910141,TASWIL5000020230907KABKOTA,Kota Singkawang,,0.0447029151336,1.23074798661,4326,5,,,Kota Singkawang,Kalimantan Barat,,0,Bengkayang,,2021-06,0.707507498352359,6,0.707507498352359,VIIRS DNB,nW/cm2/sr,2021,"{""type"":""MultiPoint"",""coordinates"":[]}"
89_00000000000000000001,BA03050040,,,,,,,,61,0.446818812946,TASWIL5000020230907KABKOTA,Kalimantan Barat,"Berdasarkan Kepmendagri 050-145 Tahun 2022, masuk ke Kalimantan Barat",3.63047728111E-5,0.0520740876463,4326,999,,,,Kalimantan Barat,,0,,,2021-06,0.2327593861283451,6,0.2327593861283451,VIIRS DNB,nW/cm2/sr,2021,"{""type"":""MultiPoint"",""coordinates"":[]}"
90_00000000000000000002,BA03050040,,,,,,,61.06,61,31318.2461503,TASWIL5000020230907KABKOTA,Kapuas Hulu,,2.54462852025,10.3235168378,4326,4,,,Kapuas Hulu,Kalimantan Barat,,0,,,2021-07,0.19552943495260972,7,0.19552943495260972,VIIRS DNB,nW/cm2/sr,2021,"{""type"":""MultiPoint"",""coordinates"":[]}"
90_00000000000000000004,BA03050040,,,,,,,61.04,61,30018.6763396,TASWIL5000020230907KABKOTA,Ketapang,,2.43989292708,13.6255621311,4326,4,,,Ketapang,Kalimantan Barat,,0,,,2021-07,0.2950377488823624,7,0.2950377488823624,VIIRS DNB,nW/cm2/sr,2021,"{""type"":""MultiPoint"",""coordinates"":[]}"
90_0000000000000000000a,BA03050040,,,,,,,61.02,61,1935.41897259,TASWIL5000020230907KABKOTA,Mempawah,,0.157238724723,3.1173764195,4326,4,,,Mempawah,Kalimantan Barat,,0,,,2021-07,0.5931791448283472,7,0.5931791448283472,VIIRS DNB,nW/cm2/sr,2021,"{""type"":""MultiPoint"",""coordinates"":[]}"
90_0000000000000000000b,BA03050040,,,,,,,61.01,61,5937.99495327,TASWIL5000020230907KABKOTA,Sambas,,0.482557384329,4.23082967505,4326,4,,,Sambas,Kalimantan Barat,,0,,,2021-07,0.23819776177679375,7,0.23819776177679375,VIIRS DNB,nW/cm2/sr,2021,"{""type"":""MultiPoint"",""coordinates"":[]}"
90_0000000000000000000c,BA03050040,,,,,,,61.03,61,12452.2241518,TASWIL5000020230907KABKOTA,Sanggau,,1.01166258397,7.65307697656,4326,4,,,Sanggau,Kalimantan Barat,,0,,,2021-07,0.30345775044359496,7,0.30345775044359496,VIIRS DNB,nW/cm2/sr,2021,"{""type"":""MultiPoint"",""coordinates"":[]}"
90_0000000000000000000e,BA03050040,,,,,,,61.05,61,22025.7880014,TASWIL5000020230907KABKOTA,Sintang,,1.78944370224,11.9811145851,4326,4,,,Sintang,Kalimantan Barat,,0,,,2021-07,0.2160340209455004,7,0.2160340209455004,VIIRS DNB,nW/cm2/sr,2021,"{""type"":""MultiPoint"",""coordinates"":[]}"
90_00000000000000000003,BA03050040,,,,,,,61.11,61,4110.12301412,TASWIL5000020230907KABKOTA,Kayong Utara,,0.333972050772,6.99327188474,4326,4,,,Kayong Utara,Kalimantan Barat,,0,Ketapang,,2021-07,0.30295282162176657,7,0.30295282162176657,VIIRS DNB,nW/cm2/sr,2021,"{""type"":""MultiPoint"",""coordinates"":[]}"
90_00000000000000000007,BA03050040,,,,,,,61.12,61,8549.29358265,TASWIL5000020230907KABKOTA,Kubu Raya,,0.694575912143,12.4289126619,4326,4,,,Kubu Raya,Kalimantan Barat,,0,Pontianak,,2021-07,0.5041600583753918,7,0.5041600583753918,VIIRS DNB,nW/cm2/sr,2021,"{""type"":""MultiPoint"",""coordinates"":[]}"
90_00000000000000000008,BA03050040,,,,,,,61.08,61,8430.71056018,TASWIL5000020230907KABKOTA,Landak,,0.684950096963,6.11846983154,4326,4,,,Landak,Kalimantan Barat,,0,Pontianak,,2021-07,0.303688914013198,7,0.303688914013198,VIIRS DNB,nW/cm2/sr,2021,"{""type"":""MultiPoint"",""coordinates"":[]}"
90_00000000000000000000,BA03050040,,,,,,,61.07,61,5488.60795319,TASWIL5000020230907KABKOTA,Bengkayang,,0.445970285372,6.02675176554,4326,4,,,Bengkayang,Kalimantan Barat,,0,Sambas,,2021-07,0.28180329088163814,7,0.28180329088163814,VIIRS DNB,nW/cm2/sr,2021,"{""type"":""MultiPoint"",""coordinates"":[]}"
90_0000000000000000000d,BA03050040,,,,,,,61.09,61,5979.04370295,TASWIL5000020230907KABKOTA,Sekadau,,0.485752312966,4.89358511498,4326,4,,,Sekadau,Kalimantan Barat,,0,Sanggau,,2021-07,0.2676671861607426,7,0.2676671861607426,VIIRS DNB,nW/cm2/sr,2021,"{""type"":""MultiPoint"",""coordinates"":[]}"
90_00000000000000000009,BA03050040,,,,,,,61.10,61,10122.5133896,TASWIL5000020230907KABKOTA,Melawi,,0.822418686577,6.18884194372,4326,4,,,Melawi,Kalimantan Barat,,0,Sintang,,2021-07,0.2748752330571354,7,0.2748752330571354,VIIRS DNB,nW/cm2/sr,2021,"{""type"":""MultiPoint"",""coordinates"":[]}"
90_00000000000000000005,BA03050040,,,,,,,61.71,61,118.208752498,TASWIL5000020230907KABKOTA,Kota Pontianak,,0.00960338694431,0.439734620886,4326,5,,,Kota Pontianak,Kalimantan Barat,,0,,,2021-07,14.54143353568836,7,14.54143353568836,VIIRS DNB,nW/cm2/sr,2021,"{""type"":""MultiPoint"",""coordinates"":[]}"
90_00000000000000000006,BA03050040,,,,,,,61.72,61,550.186910141,TASWIL5000020230907KABKOTA,Kota Singkawang,,0.0447029151336,1.23074798661,4326,5,,,Kota Singkawang,Kalimantan Barat,,0,Bengkayang,,2021-07,0.9427617128730723,7,0.9427617128730723,VIIRS DNB,nW/cm2/sr,2021,"{""type"":""MultiPoint"",""coordinates"":[]}"
90_00000000000000000001,BA03050040,,,,,,,,61,0.446818812946,TASWIL5000020230907KABKOTA,Kalimantan Barat,"Berdasarkan Kepmendagri 050-145 Tahun 2022, masuk ke Kalimantan Barat",3.63047728111E-5,0.0520740876463,4326,999,,,,Kalimantan Barat,,0,,,2021-07,0.2943708601574234,7,0.2943708601574234,VIIRS DNB,nW/cm2/sr,2021,"{""type"":""MultiPoint"",""coordinates"":[]}"
91_00000000000000000002,BA03050040,,,,,,,61.06,61,31318.2461503,TASWIL5000020230907KABKOTA,Kapuas Hulu,,2.54462852025,10.3235168378,4326,4,,,Kapuas Hulu,Kalimantan Barat,,0,,,2021-08,0.15323567155008086,8,0.15323567155008086,VIIRS DNB,nW/cm2/sr,2021,"{""type"":""MultiPoint"",""coordinates"":[]}"
91_00000000000000000004,BA03050040,,,,,,,61.04,61,30018.6763396,TASWIL5000020230907KABKOTA,Ketapang,,2.43989292708,13.6255621311,4326,4,,,Ketapang,Kalimantan Barat,,0,,,2021-08,0.400837566985474,8,0.400837566985474,VIIRS DNB,nW/cm2/sr,2021,"{""type"":""MultiPoint"",""coordinates"":[]}"
91_0000000000000000000a,BA03050040,,,,,,,61.02,61,1935.41897259,TASWIL5000020230907KABKOTA,Mempawah,,0.157238724723,3.1173764195,4326,4,,,Mempawah,Kalimantan Barat,,0,,,2021-08,0.4271881637778088,8,0.4271881637778088,VIIRS DNB,nW/cm2/sr,2021,"{""type"":""MultiPoint"",""coordinates"":[]}"
91_0000000000000000000b,BA03050040,,,,,,,61.01,61,5937.99495327,TASWIL5000020230907KABKOTA,Sambas,,0.482557384329,4.23082967505,4326,4,,,Sambas,Kalimantan Barat,,0,,,2021-08,0.26630154609370454,8,0.26630154609370454,VIIRS DNB,nW/cm2/sr,2021,"{""type"":""MultiPoint"",""coordinates"":[]}"
91_0000000000000000000c,BA03050040,,,,,,,61.03,61,12452.2241518,TASWIL5000020230907KABKOTA,Sanggau,,1.01166258397,7.65307697656,4326,4,,,Sanggau,Kalimantan Barat,,0,,,2021-08,0.3403061354743263,8,0.3403061354743263,VIIRS DNB,nW/cm2/sr,2021,"{""type"":""MultiPoint"",""coordinates"":[]}"
91_0000000000000000000e,BA03050040,,,,,,,61.05,61,22025.7880014,TASWIL5000020230907KABKOTA,Sintang,,1.78944370224,11.9811145851,4326,4,,,Sintang,Kalimantan Barat,,0,,,2021-08,0.23483639635451936,8,0.23483639635451936,VIIRS DNB,nW/cm2/sr,2021,"{""type"":""MultiPoint"",""coordinates"":[]}"
91_00000000000000000003,BA03050040,,,,,,,61.11,61,4110.12301412,TASWIL5000020230907KABKOTA,Kayong Utara,,0.333972050772,6.99327188474,4326,4,,,Kayong Utara,Kalimantan Barat,,0,Ketapang,,2021-08,0.42616834159508904,8,0.42616834159508904,VIIRS DNB,nW/cm2/sr,2021,"{""type"":""MultiPoint"",""coordinates"":[]}"
91_00000000000000000007,BA03050040,,,,,,,61.12,61,8549.29358265,TASWIL5000020230907KABKOTA,Kubu Raya,,0.694575912143,12.4289126619,4326,4,,,Kubu Raya,Kalimantan Barat,,0,Pontianak,,2021-08,0.4568523650150497,8,0.4568523650150497,VIIRS DNB,nW/cm2/sr,2021,"{""type"":""MultiPoint"",""coordinates"":[]}"
91_00000000000000000008,BA03050040,,,,,,,61.08,61,8430.71056018,TASWIL5000020230907KABKOTA,Landak,,0.684950096963,6.11846983154,4326,4,,,Landak,Kalimantan Barat,,0,Pontianak,,2021-08,0.23822821056712695,8,0.23822821056712695,VIIRS DNB,nW/cm2/sr,2021,"{""type"":""MultiPoint"",""coordinates"":[]}"
91_00000000000000000000,BA03050040,,,,,,,61.07,61,5488.60795319,TASWIL5000020230907KABKOTA,Bengkayang,,0.445970285372,6.02675176554,4326,4,,,Bengkayang,Kalimantan Barat,,0,Sambas,,2021-08,0.1834395197873221,8,0.1834395197873221,VIIRS DNB,nW/cm2/sr,2021,"{""type"":""MultiPoint"",""coordinates"":[]}"
91_0000000000000000000d,BA03050040,,,,,,,61.09,61,5979.04370295,TASWIL5000020230907KABKOTA,Sekadau,,0.485752312966,4.89358511498,4326,4,,,Sekadau,Kalimantan Barat,,0,Sanggau,,2021-08,0.3493519545999654,8,0.3493519545999654,VIIRS DNB,nW/cm2/sr,2021,"{""type"":""MultiPoint"",""coordinates"":[]}"
91_00000000000000000009,BA03050040,,,,,,,61.10,61,10122.5133896,TASWIL5000020230907KABKOTA,Melawi,,0.822418686577,6.18884194372,4326,4,,,Melawi,Kalimantan Barat,,0,Sintang,,2021-08,0.27014257096521577,8,0.27014257096521577,VIIRS DNB,nW/cm2/sr,2021,"{""type"":""MultiPoint"",""coordinates"":[]}"
91_00000000000000000005,BA03050040,,,,,,,61.71,61,118.208752498,TASWIL5000020230907KABKOTA,Kota Pontianak,,0.00960338694431,0.439734620886,4326,5,,,Kota Pontianak,Kalimantan Barat,,0,,,2021-08,10.649659338312746,8,10.649659338312746,VIIRS DNB,nW/cm2/sr,2021,"{""type"":""MultiPoint"",""coordinates"":[]}"
91_00000000000000000006,BA03050040,,,,,,,61.72,61,550.186910141,TASWIL5000020230907KABKOTA,Kota Singkawang,,0.0447029151336,1.23074798661,4326,5,,,Kota Singkawang,Kalimantan Barat,,0,Bengkayang,,2021-08,0.7671607280967057,8,0.7671607280967057,VIIRS DNB,nW/cm2/sr,2021,"{""type"":""MultiPoint"",""coordinates"":[]}"
91_00000000000000000001,BA03050040,,,,,,,,61,0.446818812946,TASWIL5000020230907KABKOTA,Kalimantan Barat,"Berdasarkan Kepmendagri 050-145 Tahun 2022, masuk ke Kalimantan Barat",3.63047728111E-5,0.0520740876463,4326,999,,,,Kalimantan Barat,,0,,,2021-08,0.2623178809552267,8,0.2623178809552267,VIIRS DNB,nW/cm2/sr,2021,"{""type"":""MultiPoint"",""coordinates"":[]}"
92_00000000000000000002,BA03050040,,,,,,,61.06,61,31318.2461503,TASWIL5000020230907KABKOTA,Kapuas Hulu,,2.54462852025,10.3235168378,4326,4,,,Kapuas Hulu,Kalimantan Barat,,0,,,2021-09,0.0070408944778380675,9,0.0070408944778380675,VIIRS DNB,nW/cm2/sr,2021,"{""type"":""MultiPoint"",""coordinates"":[]}"
92_00000000000000000004,BA03050040,,,,,,,61.04,61,30018.6763396,TASWIL5000020230907KABKOTA,Ketapang,,2.43989292708,13.6255621311,4326,4,,,Ketapang,Kalimantan Barat,,0,,,2021-09,0.10841858965600883,9,0.10841858965600883,VIIRS DNB,nW/cm2/sr,2021,"{""type"":""MultiPoint"",""coordinates"":[]}"
92_0000000000000000000a,BA03050040,,,,,,,61.02,61,1935.41897259,TASWIL5000020230907KABKOTA,Mempawah,,0.157238724723,3.1173764195,4326,4,,,Mempawah,Kalimantan Barat,,0,,,2021-09,0.012823828005516359,9,0.012823828005516359,VIIRS DNB,nW/cm2/sr,2021,"{""type"":""MultiPoint"",""coordinates"":[]}"
92_0000000000000000000b,BA03050040,,,,,,,61.01,61,5937.99495327,TASWIL5000020230907KABKOTA,Sambas,,0.482557384329,4.23082967505,4326,4,,,Sambas,Kalimantan Barat,,0,,,2021-09,0.03996522183388709,9,0.03996522183388709,VIIRS DNB,nW/cm2/sr,2021,"{""type"":""MultiPoint"",""coordinates"":[]}"
92_0000000000000000000c,BA03050040,,,,,,,61.03,61,12452.2241518,TASWIL5000020230907KABKOTA,Sanggau,,1.01166258397,7.65307697656,4326,4,,,Sanggau,Kalimantan Barat,,0,,,2021-09,0.03735158234521397,9,0.03735158234521397,VIIRS DNB,nW/cm2/sr,2021,"{""type"":""MultiPoint"",""coordinates"":[]}"
92_0000000000000000000e,BA03050040,,,,,,,61.05,61,22025.7880014,TASWIL5000020230907KABKOTA,Sintang,,1.78944370224,11.9811145851,4326,4,,,Sintang,Kalimantan Barat,,0,,,2021-09,0.007317568521845612,9,0.007317568521845612,VIIRS DNB,nW/cm2/sr,2021,"{""type"":""MultiPoint"",""coordinates"":[]}"
92_00000000000000000003,BA03050040,,,,,,,61.11,61,4110.12301412,TASWIL5000020230907KABKOTA,Kayong Utara,,0.333972050772,6.99327188474,4326,4,,,Kayong Utara,Kalimantan Barat,,0,Ketapang,,2021-09,0.03987831466232285,9,0.03987831466232285,VIIRS DNB,nW/cm2/sr,2021,"{""type"":""MultiPoint"",""coordinates"":[]}"
92_00000000000000000007,BA03050040,,,,,,,61.12,61,8549.29358265,TASWIL5000020230907KABKOTA,Kubu Raya,,0.694575912143,12.4289126619,4326,4,,,Kubu Raya,Kalimantan Barat,,0,Pontianak,,2021-09,0.08401577847554213,9,0.08401577847554213,VIIRS DNB,nW/cm2/sr,2021,"{""type"":""MultiPoint"",""coordinates"":[]}"
92_00000000000000000008,BA03050040,,,,,,,61.08,61,8430.71056018,TASWIL5000020230907KABKOTA,Landak,,0.684950096963,6.11846983154,4326,4,,,Landak,Kalimantan Barat,,0,Pontianak,,2021-09,0.005447283885771068,9,0.005447283885771068,VIIRS DNB,nW/cm2/sr,2021,"{""type"":""MultiPoint"",""coordinates"":[]}"
92_00000000000000000000,BA03050040,,,,,,,61.07,61,5488.60795319,TASWIL5000020230907KABKOTA,Bengkayang,,0.445970285372,6.02675176554,4326,4,,,Bengkayang,Kalimantan Barat,,0,Sambas,,2021-09,0.036818714176790744,9,0.036818714176790744,VIIRS DNB,nW/cm2/sr,2021,"{""type"":""MultiPoint"",""coordinates"":[]}"
92_0000000000000000000d,BA03050040,,,,,,,61.09,61,5979.04370295,TASWIL5000020230907KABKOTA,Sekadau,,0.485752312966,4.89358511498,4326,4,,,Sekadau,Kalimantan Barat,,0,Sanggau,,2021-09,0.007604902701758569,9,0.007604902701758569,VIIRS DNB,nW/cm2/sr,2021,"{""type"":""MultiPoint"",""coordinates"":[]}"
92_00000000000000000009,BA03050040,,,,,,,61.10,61,10122.5133896,TASWIL5000020230907KABKOTA,Melawi,,0.822418686577,6.18884194372,4326,4,,,Melawi,Kalimantan Barat,,0,Sintang,,2021-09,0.07610285728746685,9,0.07610285728746685,VIIRS DNB,nW/cm2/sr,2021,"{""type"":""MultiPoint"",""coordinates"":[]}"
92_00000000000000000005,BA03050040,,,,,,,61.71,61,118.208752498,TASWIL5000020230907KABKOTA,Kota Pontianak,,0.00960338694431,0.439734620886,4326,5,,,Kota Pontianak,Kalimantan Barat,,0,,,2021-09,1.594497109205372,9,1.594497109205372,VIIRS DNB,nW/cm2/sr,2021,"{""type"":""MultiPoint"",""coordinates"":[]}"
92_00000000000000000006,BA03050040,,,,,,,61.72,61,550.186910141,TASWIL5000020230907KABKOTA,Kota Singkawang,,0.0447029151336,1.23074798661,4326,5,,,Kota Singkawang,Kalimantan Barat,,0,Bengkayang,,2021-09,0.0037990315065218327,9,0.0037990315065218327,VIIRS DNB,nW/cm2/sr,2021,"{""type"":""MultiPoint"",""coordinates"":[]}"
92_00000000000000000001,BA03050040,,,,,,,,61,0.446818812946,TASWIL5000020230907KABKOTA,Kalimantan Barat,"Berdasarkan Kepmendagri 050-145 Tahun 2022, masuk ke Kalimantan Barat",3.63047728111E-5,0.0520740876463,4326,999,,,,Kalimantan Barat,,0,,,2021-09,0.0,9,0.0,VIIRS DNB,nW/cm2/sr,2021,"{""type"":""MultiPoint"",""coordinates"":[]}"
93_00000000000000000002,BA03050040,,,,,,,61.06,61,31318.2461503,TASWIL5000020230907KABKOTA,Kapuas Hulu,,2.54462852025,10.3235168378,4326,4,,,Kapuas Hulu,Kalimantan Barat,,0,,,2021-10,0.2380859831270753,10,0.2380859831270753,VIIRS DNB,nW/cm2/sr,2021,"{""type"":""MultiPoint"",""coordinates"":[]}"
93_00000000000000000004,BA03050040,,,,,,,61.04,61,30018.6763396,TASWIL5000020230907KABKOTA,Ketapang,,2.43989292708,13.6255621311,4326,4,,,Ketapang,Kalimantan Barat,,0,,,2021-10,0.21296151248898998,10,0.21296151248898998,VIIRS DNB,nW/cm2/sr,2021,"{""type"":""MultiPoint"",""coordinates"":[]}"
93_0000000000000000000a,BA03050040,,,,,,,61.02,61,1935.41897259,TASWIL5000020230907KABKOTA,Mempawah,,0.157238724723,3.1173764195,4326,4,,,Mempawah,Kalimantan Barat,,0,,,2021-10,0.28939003554836307,10,0.28939003554836307,VIIRS DNB,nW/cm2/sr,2021,"{""type"":""MultiPoint"",""coordinates"":[]}"
93_0000000000000000000b,BA03050040,,,,,,,61.01,61,5937.99495327,TASWIL5000020230907KABKOTA,Sambas,,0.482557384329,4.23082967505,4326,4,,,Sambas,Kalimantan Barat,,0,,,2021-10,0.2337661442275839,10,0.2337661442275839,VIIRS DNB,nW/cm2/sr,2021,"{""type"":""MultiPoint"",""coordinates"":[]}"
93_0000000000000000000c,BA03050040,,,,,,,61.03,61,12452.2241518,TASWIL5000020230907KABKOTA,Sanggau,,1.01166258397,7.65307697656,4326,4,,,Sanggau,Kalimantan Barat,,0,,,2021-10,0.09988427069766802,10,0.09988427069766802,VIIRS DNB,nW/cm2/sr,2021,"{""type"":""MultiPoint"",""coordinates"":[]}"
93_0000000000000000000e,BA03050040,,,,,,,61.05,61,22025.7880014,TASWIL5000020230907KABKOTA,Sintang,,1.78944370224,11.9811145851,4326,4,,,Sintang,Kalimantan Barat,,0,,,2021-10,0.19811896490442216,10,0.19811896490442216,VIIRS DNB,nW/cm2/sr,2021,"{""type"":""MultiPoint"",""coordinates"":[]}"
93_00000000000000000003,BA03050040,,,,,,,61.11,61,4110.12301412,TASWIL5000020230907KABKOTA,Kayong Utara,,0.333972050772,6.99327188474,4326,4,,,Kayong Utara,Kalimantan Barat,,0,Ketapang,,2021-10,0.11151024336229537,10,0.11151024336229537,VIIRS DNB,nW/cm2/sr,2021,"{""type"":""MultiPoint"",""coordinates"":[]}"
93_00000000000000000007,BA03050040,,,,,,,61.12,61,8549.29358265,TASWIL5000020230907KABKOTA,Kubu Raya,,0.694575912143,12.4289126619,4326,4,,,Kubu Raya,Kalimantan Barat,,0,Pontianak,,2021-10,0.29603460132512477,10,0.29603460132512477,VIIRS DNB,nW/cm2/sr,2021,"{""type"":""MultiPoint"",""coordinates"":[]}"
93_00000000000000000008,BA03050040,,,,,,,61.08,61,8430.71056018,TASWIL5000020230907KABKOTA,Landak,,0.684950096963,6.11846983154,4326,4,,,Landak,Kalimantan Barat,,0,Pontianak,,2021-10,0.23937001618657197,10,0.23937001618657197,VIIRS DNB,nW/cm2/sr,2021,"{""type"":""MultiPoint"",""coordinates"":[]}"
93_00000000000000000000,BA03050040,,,,,,,61.07,61,5488.60795319,TASWIL5000020230907KABKOTA,Bengkayang,,0.445970285372,6.02675176554,4326,4,,,Bengkayang,Kalimantan Barat,,0,Sambas,,2021-10,0.22914209219577641,10,0.22914209219577641,VIIRS DNB,nW/cm2/sr,2021,"{""type"":""MultiPoint"",""coordinates"":[]}"
93_0000000000000000000d,BA03050040,,,,,,,61.09,61,5979.04370295,TASWIL5000020230907KABKOTA,Sekadau,,0.485752312966,4.89358511498,4326,4,,,Sekadau,Kalimantan Barat,,0,Sanggau,,2021-10,0.12738299877111303,10,0.12738299877111303,VIIRS DNB,nW/cm2/sr,2021,"{""type"":""MultiPoint"",""coordinates"":[]}"
93_00000000000000000009,BA03050040,,,,,,,61.10,61,10122.5133896,TASWIL5000020230907KABKOTA,Melawi,,0.822418686577,6.18884194372,4326,4,,,Melawi,Kalimantan Barat,,0,Sintang,,2021-10,0.31007050885007537,10,0.31007050885007537,VIIRS DNB,nW/cm2/sr,2021,"{""type"":""MultiPoint"",""coordinates"":[]}"
93_00000000000000000005,BA03050040,,,,,,,61.71,61,118.208752498,TASWIL5000020230907KABKOTA,Kota Pontianak,,0.00960338694431,0.439734620886,4326,5,,,Kota Pontianak,Kalimantan Barat,,0,,,2021-10,13.354060404937805,10,13.354060404937805,VIIRS DNB,nW/cm2/sr,2021,"{""type"":""MultiPoint"",""coordinates"":[]}"
93_00000000000000000006,BA03050040,,,,,,,61.72,61,550.186910141,TASWIL5000020230907KABKOTA,Kota Singkawang,,0.0447029151336,1.23074798661,4326,5,,,Kota Singkawang,Kalimantan Barat,,0,Bengkayang,,2021-10,0.3770932248038824,10,0.3770932248038824,VIIRS DNB,nW/cm2/sr,2021,"{""type"":""MultiPoint"",""coordinates"":[]}"
93_00000000000000000001,BA03050040,,,,,,,,61,0.446818812946,TASWIL5000020230907KABKOTA,Kalimantan Barat,"Berdasarkan Kepmendagri 050-145 Tahun 2022, masuk ke Kalimantan Barat",3.63047728111E-5,0.0520740876463,4326,999,,,,Kalimantan Barat,,0,,,2021-10,0.0,10,0.0,VIIRS DNB,nW/cm2/sr,2021,"{""type"":""MultiPoint"",""coordinates"":[]}"
94_00000000000000000002,BA03050040,,,,,,,61.06,61,31318.2461503,TASWIL5000020230907KABKOTA,Kapuas Hulu,,2.54462852025,10.3235168378,4326,4,,,Kapuas Hulu,Kalimantan Barat,,0,,,2021-11,0.24110747653455578,11,0.24110747653455578,VIIRS DNB,nW/cm2/sr,2021,"{""type"":""MultiPoint"",""coordinates"":[]}"
94_00000000000000000004,BA03050040,,,,,,,61.04,61,30018.6763396,TASWIL5000020230907KABKOTA,Ketapang,,2.43989292708,13.6255621311,4326,4,,,Ketapang,Kalimantan Barat,,0,,,2021-11,0.2387261936255246,11,0.2387261936255246,VIIRS DNB,nW/cm2/sr,2021,"{""type"":""MultiPoint"",""coordinates"":[]}"
94_0000000000000000000a,BA03050040,,,,,,,61.02,61,1935.41897259,TASWIL5000020230907KABKOTA,Mempawah,,0.157238724723,3.1173764195,4326,4,,,Mempawah,Kalimantan Barat,,0,,,2021-11,0.404619002615908,11,0.404619002615908,VIIRS DNB,nW/cm2/sr,2021,"{""type"":""MultiPoint"",""coordinates"":[]}"
94_0000000000000000000b,BA03050040,,,,,,,61.01,61,5937.99495327,TASWIL5000020230907KABKOTA,Sambas,,0.482557384329,4.23082967505,4326,4,,,Sambas,Kalimantan Barat,,0,,,2021-11,0.29924089257831,11,0.29924089257831,VIIRS DNB,nW/cm2/sr,2021,"{""type"":""MultiPoint"",""coordinates"":[]}"
94_0000000000000000000c,BA03050040,,,,,,,61.03,61,12452.2241518,TASWIL5000020230907KABKOTA,Sanggau,,1.01166258397,7.65307697656,4326,4,,,Sanggau,Kalimantan Barat,,0,,,2021-11,0.2883680884316024,11,0.2883680884316024,VIIRS DNB,nW/cm2/sr,2021,"{""type"":""MultiPoint"",""coordinates"":[]}"
94_0000000000000000000e,BA03050040,,,,,,,61.05,61,22025.7880014,TASWIL5000020230907KABKOTA,Sintang,,1.78944370224,11.9811145851,4326,4,,,Sintang,Kalimantan Barat,,0,,,2021-11,0.1962787205842685,11,0.1962787205842685,VIIRS DNB,nW/cm2/sr,2021,"{""type"":""MultiPoint"",""coordinates"":[]}"
94_00000000000000000003,BA03050040,,,,,,,61.11,61,4110.12301412,TASWIL5000020230907KABKOTA,Kayong Utara,,0.333972050772,6.99327188474,4326,4,,,Kayong Utara,Kalimantan Barat,,0,Ketapang,,2021-11,0.26179308345001634,11,0.26179308345001634,VIIRS DNB,nW/cm2/sr,2021,"{""type"":""MultiPoint"",""coordinates"":[]}"
94_00000000000000000007,BA03050040,,,,,,,61.12,61,8549.29358265,TASWIL5000020230907KABKOTA,Kubu Raya,,0.694575912143,12.4289126619,4326,4,,,Kubu Raya,Kalimantan Barat,,0,Pontianak,,2021-11,0.45811119828516,11,0.45811119828516,VIIRS DNB,nW/cm2/sr,2021,"{""type"":""MultiPoint"",""coordinates"":[]}"
94_00000000000000000008,BA03050040,,,,,,,61.08,61,8430.71056018,TASWIL5000020230907KABKOTA,Landak,,0.684950096963,6.11846983154,4326,4,,,Landak,Kalimantan Barat,,0,Pontianak,,2021-11,0.2831598736904577,11,0.2831598736904577,VIIRS DNB,nW/cm2/sr,2021,"{""type"":""MultiPoint"",""coordinates"":[]}"
94_00000000000000000000,BA03050040,,,,,,,61.07,61,5488.60795319,TASWIL5000020230907KABKOTA,Bengkayang,,0.445970285372,6.02675176554,4326,4,,,Bengkayang,Kalimantan Barat,,0,Sambas,,2021-11,0.24793930023601507,11,0.24793930023601507,VIIRS DNB,nW/cm2/sr,2021,"{""type"":""MultiPoint"",""coordinates"":[]}"
94_0000000000000000000d,BA03050040,,,,,,,61.09,61,5979.04370295,TASWIL5000020230907KABKOTA,Sekadau,,0.485752312966,4.89358511498,4326,4,,,Sekadau,Kalimantan Barat,,0,Sanggau,,2021-11,0.2472578684857774,11,0.2472578684857774,VIIRS DNB,nW/cm2/sr,2021,"{""type"":""MultiPoint"",""coordinates"":[]}"
94_00000000000000000009,BA03050040,,,,,,,61.10,61,10122.5133896,TASWIL5000020230907KABKOTA,Melawi,,0.822418686577,6.18884194372,4326,4,,,Melawi,Kalimantan Barat,,0,Sintang,,2021-11,0.19078921594180798,11,0.19078921594180798,VIIRS DNB,nW/cm2/sr,2021,"{""type"":""MultiPoint"",""coordinates"":[]}"
94_00000000000000000005,BA03050040,,,,,,,61.71,61,118.208752498,TASWIL5000020230907KABKOTA,Kota Pontianak,,0.00960338694431,0.439734620886,4326,5,,,Kota Pontianak,Kalimantan Barat,,0,,,2021-11,13.225129888535745,11,13.225129888535745,VIIRS DNB,nW/cm2/sr,2021,"{""type"":""MultiPoint"",""coordinates"":[]}"
94_00000000000000000006,BA03050040,,,,,,,61.72,61,550.186910141,TASWIL5000020230907KABKOTA,Kota Singkawang,,0.0447029151336,1.23074798661,4326,5,,,Kota Singkawang,Kalimantan Barat,,0,Bengkayang,,2021-11,1.0483404069646352,11,1.0483404069646352,VIIRS DNB,nW/cm2/sr,2021,"{""type"":""MultiPoint"",""coordinates"":[]}"
94_00000000000000000001,BA03050040,,,,,,,,61,0.446818812946,TASWIL5000020230907KABKOTA,Kalimantan Barat,"Berdasarkan Kepmendagri 050-145 Tahun 2022, masuk ke Kalimantan Barat",3.63047728111E-5,0.0520740876463,4326,999,,,,Kalimantan Barat,,0,,,2021-11,0.21181015512406434,11,0.21181015512406434,VIIRS DNB,nW/cm2/sr,2021,"{""type"":""MultiPoint"",""coordinates"":[]}"
95_00000000000000000002,BA03050040,,,,,,,61.06,61,31318.2461503,TASWIL5000020230907KABKOTA,Kapuas Hulu,,2.54462852025,10.3235168378,4326,4,,,Kapuas Hulu,Kalimantan Barat,,0,,,2021-12,0.13528349808984536,12,0.13528349808984536,VIIRS DNB,nW/cm2/sr,2021,"{""type"":""MultiPoint"",""coordinates"":[]}"
95_00000000000000000004,BA03050040,,,,,,,61.04,61,30018.6763396,TASWIL5000020230907KABKOTA,Ketapang,,2.43989292708,13.6255621311,4326,4,,,Ketapang,Kalimantan Barat,,0,,,2021-12,0.013703510879447498,12,0.013703510879447498,VIIRS DNB,nW/cm2/sr,2021,"{""type"":""MultiPoint"",""coordinates"":[]}"
95_0000000000000000000a,BA03050040,,,,,,,61.02,61,1935.41897259,TASWIL5000020230907KABKOTA,Mempawah,,0.157238724723,3.1173764195,4326,4,,,Mempawah,Kalimantan Barat,,0,,,2021-12,0.3432480058328909,12,0.3432480058328909,VIIRS DNB,nW/cm2/sr,2021,"{""type"":""MultiPoint"",""coordinates"":[]}"
95_0000000000000000000b,BA03050040,,,,,,,61.01,61,5937.99495327,TASWIL5000020230907KABKOTA,Sambas,,0.482557384329,4.23082967505,4326,4,,,Sambas,Kalimantan Barat,,0,,,2021-12,0.14444728654038064,12,0.14444728654038064,VIIRS DNB,nW/cm2/sr,2021,"{""type"":""MultiPoint"",""coordinates"":[]}"
95_0000000000000000000c,BA03050040,,,,,,,61.03,61,12452.2241518,TASWIL5000020230907KABKOTA,Sanggau,,1.01166258397,7.65307697656,4326,4,,,Sanggau,Kalimantan Barat,,0,,,2021-12,0.13692891425403877,12,0.13692891425403877,VIIRS DNB,nW/cm2/sr,2021,"{""type"":""MultiPoint"",""coordinates"":[]}"
95_0000000000000000000e,BA03050040,,,,,,,61.05,61,22025.7880014,TASWIL5000020230907KABKOTA,Sintang,,1.78944370224,11.9811145851,4326,4,,,Sintang,Kalimantan Barat,,0,,,2021-12,0.12152009735235322,12,0.12152009735235322,VIIRS DNB,nW/cm2/sr,2021,"{""type"":""MultiPoint"",""coordinates"":[]}"
95_00000000000000000003,BA03050040,,,,,,,61.11,61,4110.12301412,TASWIL5000020230907KABKOTA,Kayong Utara,,0.333972050772,6.99327188474,4326,4,,,Kayong Utara,Kalimantan Barat,,0,Ketapang,,2021-12,1.8620731053737804E-4,12,1.8620731053737804E-4,VIIRS DNB,nW/cm2/sr,2021,"{""type"":""MultiPoint"",""coordinates"":[]}"
95_00000000000000000007,BA03050040,,,,,,,61.12,61,8549.29358265,TASWIL5000020230907KABKOTA,Kubu Raya,,0.694575912143,12.4289126619,4326,4,,,Kubu Raya,Kalimantan Barat,,0,Pontianak,,2021-12,0.17582714183475723,12,0.17582714183475723,VIIRS DNB,nW/cm2/sr,2021,"{""type"":""MultiPoint"",""coordinates"":[]}"
95_00000000000000000008,BA03050040,,,,,,,61.08,61,8430.71056018,TASWIL5000020230907KABKOTA,Landak,,0.684950096963,6.11846983154,4326,4,,,Landak,Kalimantan Barat,,0,Pontianak,,2021-12,0.10568950788619495,12,0.10568950788619495,VIIRS DNB,nW/cm2/sr,2021,"{""type"":""MultiPoint"",""coordinates"":[]}"
95_00000000000000000000,BA03050040,,,,,,,61.07,61,5488.60795319,TASWIL5000020230907KABKOTA,Bengkayang,,0.445970285372,6.02675176554,4326,4,,,Bengkayang,Kalimantan Barat,,0,Sambas,,2021-12,0.177756908217519,12,0.177756908217519,VIIRS DNB,nW/cm2/sr,2021,"{""type"":""MultiPoint"",""coordinates"":[]}"
95_0000000000000000000d,BA03050040,,,,,,,61.09,61,5979.04370295,TASWIL5000020230907KABKOTA,Sekadau,,0.485752312966,4.89358511498,4326,4,,,Sekadau,Kalimantan Barat,,0,Sanggau,,2021-12,0.06920633061261065,12,0.06920633061261065,VIIRS DNB,nW/cm2/sr,2021,"{""type"":""MultiPoint"",""coordinates"":[]}"
95_00000000000000000009,BA03050040,,,,,,,61.10,61,10122.5133896,TASWIL5000020230907KABKOTA,Melawi,,0.822418686577,6.18884194372,4326,4,,,Melawi,Kalimantan Barat,,0,Sintang,,2021-12,0.015580305501121569,12,0.015580305501121569,VIIRS DNB,nW/cm2/sr,2021,"{""type"":""MultiPoint"",""coordinates"":[]}"
95_00000000000000000005,BA03050040,,,,,,,61.71,61,118.208752498,TASWIL5000020230907KABKOTA,Kota Pontianak,,0.00960338694431,0.439734620886,4326,5,,,Kota Pontianak,Kalimantan Barat,,0,,,2021-12,4.269765547030224,12,4.269765547030224,VIIRS DNB,nW/cm2/sr,2021,"{""type"":""MultiPoint"",""coordinates"":[]}"
95_00000000000000000006,BA03050040,,,,,,,61.72,61,550.186910141,TASWIL5000020230907KABKOTA,Kota Singkawang,,0.0447029151336,1.23074798661,4326,5,,,Kota Singkawang,Kalimantan Barat,,0,Bengkayang,,2021-12,1.0889971909186158,12,1.0889971909186158,VIIRS DNB,nW/cm2/sr,2021,"{""type"":""MultiPoint"",""coordinates"":[]}"
95_00000000000000000001,BA03050040,,,,,,,,61,0.446818812946,TASWIL5000020230907KABKOTA,Kalimantan Barat,"Berdasarkan Kepmendagri 050-145 Tahun 2022, masuk ke Kalimantan Barat",3.63047728111E-5,0.0520740876463,4326,999,,,,Kalimantan Barat,,0,,,2021-12,0.0,12,0.0,VIIRS DNB,nW/cm2/sr,2021,"{""type"":""MultiPoint"",""coordinates"":[]}"
96_00000000000000000002,BA03050040,,,,,,,61.06,61,31318.2461503,TASWIL5000020230907KABKOTA,Kapuas Hulu,,2.54462852025,10.3235168378,4326,4,,,Kapuas Hulu,Kalimantan Barat,,0,,,2022-01,0.03494236414792837,1,0.03494236414792837,VIIRS DNB,nW/cm2/sr,2022,"{""type"":""MultiPoint"",""coordinates"":[]}"
96_00000000000000000004,BA03050040,,,,,,,61.04,61,30018.6763396,TASWIL5000020230907KABKOTA,Ketapang,,2.43989292708,13.6255621311,4326,4,,,Ketapang,Kalimantan Barat,,0,,,2022-01,0.05632023709972927,1,0.05632023709972927,VIIRS DNB,nW/cm2/sr,2022,"{""type"":""MultiPoint"",""coordinates"":[]}"
96_0000000000000000000a,BA03050040,,,,,,,61.02,61,1935.41897259,TASWIL5000020230907KABKOTA,Mempawah,,0.157238724723,3.1173764195,4326,4,,,Mempawah,Kalimantan Barat,,0,,,2022-01,0.059868597826248655,1,0.059868597826248655,VIIRS DNB,nW/cm2/sr,2022,"{""type"":""MultiPoint"",""coordinates"":[]}"
96_0000000000000000000b,BA03050040,,,,,,,61.01,61,5937.99495327,TASWIL5000020230907KABKOTA,Sambas,,0.482557384329,4.23082967505,4326,4,,,Sambas,Kalimantan Barat,,0,,,2022-01,0.0902598886216167,1,0.0902598886216167,VIIRS DNB,nW/cm2/sr,2022,"{""type"":""MultiPoint"",""coordinates"":[]}"
96_0000000000000000000c,BA03050040,,,,,,,61.03,61,12452.2241518,TASWIL5000020230907KABKOTA,Sanggau,,1.01166258397,7.65307697656,4326,4,,,Sanggau,Kalimantan Barat,,0,,,2022-01,0.04514788036950793,1,0.04514788036950793,VIIRS DNB,nW/cm2/sr,2022,"{""type"":""MultiPoint"",""coordinates"":[]}"
96_0000000000000000000e,BA03050040,,,,,,,61.05,61,22025.7880014,TASWIL5000020230907KABKOTA,Sintang,,1.78944370224,11.9811145851,4326,4,,,Sintang,Kalimantan Barat,,0,,,2022-01,0.005274879986692567,1,0.005274879986692567,VIIRS DNB,nW/cm2/sr,2022,"{""type"":""MultiPoint"",""coordinates"":[]}"
96_00000000000000000003,BA03050040,,,,,,,61.11,61,4110.12301412,TASWIL5000020230907KABKOTA,Kayong Utara,,0.333972050772,6.99327188474,4326,4,,,Kayong Utara,Kalimantan Barat,,0,Ketapang,,2022-01,0.06605633234850249,1,0.06605633234850249,VIIRS DNB,nW/cm2/sr,2022,"{""type"":""MultiPoint"",""coordinates"":[]}"
96_00000000000000000007,BA03050040,,,,,,,61.12,61,8549.29358265,TASWIL5000020230907KABKOTA,Kubu Raya,,0.694575912143,12.4289126619,4326,4,,,Kubu Raya,Kalimantan Barat,,0,Pontianak,,2022-01,0.03982337516367392,1,0.03982337516367392,VIIRS DNB,nW/cm2/sr,2022,"{""type"":""MultiPoint"",""coordinates"":[]}"
96_00000000000000000008,BA03050040,,,,,,,61.08,61,8430.71056018,TASWIL5000020230907KABKOTA,Landak,,0.684950096963,6.11846983154,4326,4,,,Landak,Kalimantan Barat,,0,Pontianak,,2022-01,0.001359638155573998,1,0.001359638155573998,VIIRS DNB,nW/cm2/sr,2022,"{""type"":""MultiPoint"",""coordinates"":[]}"
96_00000000000000000000,BA03050040,,,,,,,61.07,61,5488.60795319,TASWIL5000020230907KABKOTA,Bengkayang,,0.445970285372,6.02675176554,4326,4,,,Bengkayang,Kalimantan Barat,,0,Sambas,,2022-01,0.014510879361415771,1,0.014510879361415771,VIIRS DNB,nW/cm2/sr,2022,"{""type"":""MultiPoint"",""coordinates"":[]}"
96_0000000000000000000d,BA03050040,,,,,,,61.09,61,5979.04370295,TASWIL5000020230907KABKOTA,Sekadau,,0.485752312966,4.89358511498,4326,4,,,Sekadau,Kalimantan Barat,,0,Sanggau,,2022-01,0.05992894421248294,1,0.05992894421248294,VIIRS DNB,nW/cm2/sr,2022,"{""type"":""MultiPoint"",""coordinates"":[]}"
96_00000000000000000009,BA03050040,,,,,,,61.10,61,10122.5133896,TASWIL5000020230907KABKOTA,Melawi,,0.822418686577,6.18884194372,4326,4,,,Melawi,Kalimantan Barat,,0,Sintang,,2022-01,0.005531737494295405,1,0.005531737494295405,VIIRS DNB,nW/cm2/sr,2022,"{""type"":""MultiPoint"",""coordinates"":[]}"
96_00000000000000000005,BA03050040,,,,,,,61.71,61,118.208752498,TASWIL5000020230907KABKOTA,Kota Pontianak,,0.00960338694431,0.439734620886,4326,5,,,Kota Pontianak,Kalimantan Barat,,0,,,2022-01,1.2318795014004966,1,1.2318795014004966,VIIRS DNB,nW/cm2/sr,2022,"{""type"":""MultiPoint"",""coordinates"":[]}"
96_00000000000000000006,BA03050040,,,,,,,61.72,61,550.186910141,TASWIL5000020230907KABKOTA,Kota Singkawang,,0.0447029151336,1.23074798661,4326,5,,,Kota Singkawang,Kalimantan Barat,,0,Bengkayang,,2022-01,0.0,1,0.0,VIIRS DNB,nW/cm2/sr,2022,"{""type"":""MultiPoint"",""coordinates"":[]}"
96_00000000000000000001,BA03050040,,,,,,,,61,0.446818812946,TASWIL5000020230907KABKOTA,Kalimantan Barat,"Berdasarkan Kepmendagri 050-145 Tahun 2022, masuk ke Kalimantan Barat",3.63047728111E-5,0.0520740876463,4326,999,,,,Kalimantan Barat,,0,,,2022-01,0.31653421603258347,1,0.31653421603258347,VIIRS DNB,nW/cm2/sr,2022,"{""type"":""MultiPoint"",""coordinates"":[]}"
97_00000000000000000002,BA03050040,,,,,,,61.06,61,31318.2461503,TASWIL5000020230907KABKOTA,Kapuas Hulu,,2.54462852025,10.3235168378,4326,4,,,Kapuas Hulu,Kalimantan Barat,,0,,,2022-02,0.0036439132621228615,2,0.0036439132621228615,VIIRS DNB,nW/cm2/sr,2022,"{""type"":""MultiPoint"",""coordinates"":[]}"
97_00000000000000000004,BA03050040,,,,,,,61.04,61,30018.6763396,TASWIL5000020230907KABKOTA,Ketapang,,2.43989292708,13.6255621311,4326,4,,,Ketapang,Kalimantan Barat,,0,,,2022-02,0.010045300330110491,2,0.010045300330110491,VIIRS DNB,nW/cm2/sr,2022,"{""type"":""MultiPoint"",""coordinates"":[]}"
97_0000000000000000000a,BA03050040,,,,,,,61.02,61,1935.41897259,TASWIL5000020230907KABKOTA,Mempawah,,0.157238724723,3.1173764195,4326,4,,,Mempawah,Kalimantan Barat,,0,,,2022-02,0.22837197641967275,2,0.22837197641967275,VIIRS DNB,nW/cm2/sr,2022,"{""type"":""MultiPoint"",""coordinates"":[]}"
97_0000000000000000000b,BA03050040,,,,,,,61.01,61,5937.99495327,TASWIL5000020230907KABKOTA,Sambas,,0.482557384329,4.23082967505,4326,4,,,Sambas,Kalimantan Barat,,0,,,2022-02,0.12452078443969564,2,0.12452078443969564,VIIRS DNB,nW/cm2/sr,2022,"{""type"":""MultiPoint"",""coordinates"":[]}"
97_0000000000000000000c,BA03050040,,,,,,,61.03,61,12452.2241518,TASWIL5000020230907KABKOTA,Sanggau,,1.01166258397,7.65307697656,4326,4,,,Sanggau,Kalimantan Barat,,0,,,2022-02,0.03316881208597028,2,0.03316881208597028,VIIRS DNB,nW/cm2/sr,2022,"{""type"":""MultiPoint"",""coordinates"":[]}"
97_0000000000000000000e,BA03050040,,,,,,,61.05,61,22025.7880014,TASWIL5000020230907KABKOTA,Sintang,,1.78944370224,11.9811145851,4326,4,,,Sintang,Kalimantan Barat,,0,,,2022-02,9.146079133753018E-4,2,9.146079133753018E-4,VIIRS DNB,nW/cm2/sr,2022,"{""type"":""MultiPoint"",""coordinates"":[]}"
97_00000000000000000003,BA03050040,,,,,,,61.11,61,4110.12301412,TASWIL5000020230907KABKOTA,Kayong Utara,,0.333972050772,6.99327188474,4326,4,,,Kayong Utara,Kalimantan Barat,,0,Ketapang,,2022-02,0.07955347349278272,2,0.07955347349278272,VIIRS DNB,nW/cm2/sr,2022,"{""type"":""MultiPoint"",""coordinates"":[]}"
97_00000000000000000007,BA03050040,,,,,,,61.12,61,8549.29358265,TASWIL5000020230907KABKOTA,Kubu Raya,,0.694575912143,12.4289126619,4326,4,,,Kubu Raya,Kalimantan Barat,,0,Pontianak,,2022-02,0.23149990068424978,2,0.23149990068424978,VIIRS DNB,nW/cm2/sr,2022,"{""type"":""MultiPoint"",""coordinates"":[]}"
97_00000000000000000008,BA03050040,,,,,,,61.08,61,8430.71056018,TASWIL5000020230907KABKOTA,Landak,,0.684950096963,6.11846983154,4326,4,,,Landak,Kalimantan Barat,,0,Pontianak,,2022-02,0.12972585307453277,2,0.12972585307453277,VIIRS DNB,nW/cm2/sr,2022,"{""type"":""MultiPoint"",""coordinates"":[]}"
97_00000000000000000000,BA03050040,,,,,,,61.07,61,5488.60795319,TASWIL5000020230907KABKOTA,Bengkayang,,0.445970285372,6.02675176554,4326,4,,,Bengkayang,Kalimantan Barat,,0,Sambas,,2022-02,0.12708672173060725,2,0.12708672173060725,VIIRS DNB,nW/cm2/sr,2022,"{""type"":""MultiPoint"",""coordinates"":[]}"
97_0000000000000000000d,BA03050040,,,,,,,61.09,61,5979.04370295,TASWIL5000020230907KABKOTA,Sekadau,,0.485752312966,4.89358511498,4326,4,,,Sekadau,Kalimantan Barat,,0,Sanggau,,2022-02,0.00407562548285246,2,0.00407562548285246,VIIRS DNB,nW/cm2/sr,2022,"{""type"":""MultiPoint"",""coordinates"":[]}"
97_00000000000000000009,BA03050040,,,,,,,61.10,61,10122.5133896,TASWIL5000020230907KABKOTA,Melawi,,0.822418686577,6.18884194372,4326,4,,,Melawi,Kalimantan Barat,,0,Sintang,,2022-02,0.006341865488495746,2,0.006341865488495746,VIIRS DNB,nW/cm2/sr,2022,"{""type"":""MultiPoint"",""coordinates"":[]}"
97_00000000000000000005,BA03050040,,,,,,,61.71,61,118.208752498,TASWIL5000020230907KABKOTA,Kota Pontianak,,0.00960338694431,0.439734620886,4326,5,,,Kota Pontianak,Kalimantan Barat,,0,,,2022-02,1.5377968139758897,2,1.5377968139758897,VIIRS DNB,nW/cm2/sr,2022,"{""type"":""MultiPoint"",""coordinates"":[]}"
97_00000000000000000006,BA03050040,,,,,,,61.72,61,550.186910141,TASWIL5000020230907KABKOTA,Kota Singkawang,,0.0447029151336,1.23074798661,4326,5,,,Kota Singkawang,Kalimantan Barat,,0,Bengkayang,,2022-02,1.0792767026596357,2,1.0792767026596357,VIIRS DNB,nW/cm2/sr,2022,"{""type"":""MultiPoint"",""coordinates"":[]}"
97_00000000000000000001,BA03050040,,,,,,,,61,0.446818812946,TASWIL5000020230907KABKOTA,Kalimantan Barat,"Berdasarkan Kepmendagri 050-145 Tahun 2022, masuk ke Kalimantan Barat",3.63047728111E-5,0.0520740876463,4326,999,,,,Kalimantan Barat,,0,,,2022-02,0.0,2,0.0,VIIRS DNB,nW/cm2/sr,2022,"{""type"":""MultiPoint"",""coordinates"":[]}"
98_00000000000000000002,BA03050040,,,,,,,61.06,61,31318.2461503,TASWIL5000020230907KABKOTA,Kapuas Hulu,,2.54462852025,10.3235168378,4326,4,,,Kapuas Hulu,Kalimantan Barat,,0,,,2022-03,0.2527213225139318,3,0.2527213225139318,VIIRS DNB,nW/cm2/sr,2022,"{""type"":""MultiPoint"",""coordinates"":[]}"
98_00000000000000000004,BA03050040,,,,,,,61.04,61,30018.6763396,TASWIL5000020230907KABKOTA,Ketapang,,2.43989292708,13.6255621311,4326,4,,,Ketapang,Kalimantan Barat,,0,,,2022-03,0.37590053730457296,3,0.37590053730457296,VIIRS DNB,nW/cm2/sr,2022,"{""type"":""MultiPoint"",""coordinates"":[]}"
98_0000000000000000000a,BA03050040,,,,,,,61.02,61,1935.41897259,TASWIL5000020230907KABKOTA,Mempawah,,0.157238724723,3.1173764195,4326,4,,,Mempawah,Kalimantan Barat,,0,,,2022-03,0.7269020497589109,3,0.7269020497589109,VIIRS DNB,nW/cm2/sr,2022,"{""type"":""MultiPoint"",""coordinates"":[]}"
98_0000000000000000000b,BA03050040,,,,,,,61.01,61,5937.99495327,TASWIL5000020230907KABKOTA,Sambas,,0.482557384329,4.23082967505,4326,4,,,Sambas,Kalimantan Barat,,0,,,2022-03,0.530969148332866,3,0.530969148332866,VIIRS DNB,nW/cm2/sr,2022,"{""type"":""MultiPoint"",""coordinates"":[]}"
98_0000000000000000000c,BA03050040,,,,,,,61.03,61,12452.2241518,TASWIL5000020230907KABKOTA,Sanggau,,1.01166258397,7.65307697656,4326,4,,,Sanggau,Kalimantan Barat,,0,,,2022-03,0.3396798922678301,3,0.3396798922678301,VIIRS DNB,nW/cm2/sr,2022,"{""type"":""MultiPoint"",""coordinates"":[]}"
98_0000000000000000000e,BA03050040,,,,,,,61.05,61,22025.7880014,TASWIL5000020230907KABKOTA,Sintang,,1.78944370224,11.9811145851,4326,4,,,Sintang,Kalimantan Barat,,0,,,2022-03,0.2904893284286342,3,0.2904893284286342,VIIRS DNB,nW/cm2/sr,2022,"{""type"":""MultiPoint"",""coordinates"":[]}"
98_00000000000000000003,BA03050040,,,,,,,61.11,61,4110.12301412,TASWIL5000020230907KABKOTA,Kayong Utara,,0.333972050772,6.99327188474,4326,4,,,Kayong Utara,Kalimantan Barat,,0,Ketapang,,2022-03,0.5155390255381516,3,0.5155390255381516,VIIRS DNB,nW/cm2/sr,2022,"{""type"":""MultiPoint"",""coordinates"":[]}"
98_00000000000000000007,BA03050040,,,,,,,61.12,61,8549.29358265,TASWIL5000020230907KABKOTA,Kubu Raya,,0.694575912143,12.4289126619,4326,4,,,Kubu Raya,Kalimantan Barat,,0,Pontianak,,2022-03,0.6025019065872704,3,0.6025019065872704,VIIRS DNB,nW/cm2/sr,2022,"{""type"":""MultiPoint"",""coordinates"":[]}"
98_00000000000000000008,BA03050040,,,,,,,61.08,61,8430.71056018,TASWIL5000020230907KABKOTA,Landak,,0.684950096963,6.11846983154,4326,4,,,Landak,Kalimantan Barat,,0,Pontianak,,2022-03,0.3458108065022027,3,0.3458108065022027,VIIRS DNB,nW/cm2/sr,2022,"{""type"":""MultiPoint"",""coordinates"":[]}"
98_00000000000000000000,BA03050040,,,,,,,61.07,61,5488.60795319,TASWIL5000020230907KABKOTA,Bengkayang,,0.445970285372,6.02675176554,4326,4,,,Bengkayang,Kalimantan Barat,,0,Sambas,,2022-03,0.3690697231158724,3,0.3690697231158724,VIIRS DNB,nW/cm2/sr,2022,"{""type"":""MultiPoint"",""coordinates"":[]}"
98_0000000000000000000d,BA03050040,,,,,,,61.09,61,5979.04370295,TASWIL5000020230907KABKOTA,Sekadau,,0.485752312966,4.89358511498,4326,4,,,Sekadau,Kalimantan Barat,,0,Sanggau,,2022-03,0.2613121746100971,3,0.2613121746100971,VIIRS DNB,nW/cm2/sr,2022,"{""type"":""MultiPoint"",""coordinates"":[]}"
98_00000000000000000009,BA03050040,,,,,,,61.10,61,10122.5133896,TASWIL5000020230907KABKOTA,Melawi,,0.822418686577,6.18884194372,4326,4,,,Melawi,Kalimantan Barat,,0,Sintang,,2022-03,0.3822277861067509,3,0.3822277861067509,VIIRS DNB,nW/cm2/sr,2022,"{""type"":""MultiPoint"",""coordinates"":[]}"
98_00000000000000000005,BA03050040,,,,,,,61.71,61,118.208752498,TASWIL5000020230907KABKOTA,Kota Pontianak,,0.00960338694431,0.439734620886,4326,5,,,Kota Pontianak,Kalimantan Barat,,0,,,2022-03,16.327001310364125,3,16.327001310364125,VIIRS DNB,nW/cm2/sr,2022,"{""type"":""MultiPoint"",""coordinates"":[]}"
98_00000000000000000006,BA03050040,,,,,,,61.72,61,550.186910141,TASWIL5000020230907KABKOTA,Kota Singkawang,,0.0447029151336,1.23074798661,4326,5,,,Kota Singkawang,Kalimantan Barat,,0,Bengkayang,,2022-03,1.378409467552088,3,1.378409467552088,VIIRS DNB,nW/cm2/sr,2022,"{""type"":""MultiPoint"",""coordinates"":[]}"
98_00000000000000000001,BA03050040,,,,,,,,61,0.446818812946,TASWIL5000020230907KABKOTA,Kalimantan Barat,"Berdasarkan Kepmendagri 050-145 Tahun 2022, masuk ke Kalimantan Barat",3.63047728111E-5,0.0520740876463,4326,999,,,,Kalimantan Barat,,0,,,2022-03,0.25907284014798687,3,0.25907284014798687,VIIRS DNB,nW/cm2/sr,2022,"{""type"":""MultiPoint"",""coordinates"":[]}"
99_00000000000000000002,BA03050040,,,,,,,61.06,61,31318.2461503,TASWIL5000020230907KABKOTA,Kapuas Hulu,,2.54462852025,10.3235168378,4326,4,,,Kapuas Hulu,Kalimantan Barat,,0,,,2022-04,0.2687844162926866,4,0.2687844162926866,VIIRS DNB,nW/cm2/sr,2022,"{""type"":""MultiPoint"",""coordinates"":[]}"
99_00000000000000000004,BA03050040,,,,,,,61.04,61,30018.6763396,TASWIL5000020230907KABKOTA,Ketapang,,2.43989292708,13.6255621311,4326,4,,,Ketapang,Kalimantan Barat,,0,,,2022-04,0.2072276105845284,4,0.2072276105845284,VIIRS DNB,nW/cm2/sr,2022,"{""type"":""MultiPoint"",""coordinates"":[]}"
99_0000000000000000000a,BA03050040,,,,,,,61.02,61,1935.41897259,TASWIL5000020230907KABKOTA,Mempawah,,0.157238724723,3.1173764195,4326,4,,,Mempawah,Kalimantan Barat,,0,,,2022-04,0.741547199008747,4,0.741547199008747,VIIRS DNB,nW/cm2/sr,2022,"{""type"":""MultiPoint"",""coordinates"":[]}"
99_0000000000000000000b,BA03050040,,,,,,,61.01,61,5937.99495327,TASWIL5000020230907KABKOTA,Sambas,,0.482557384329,4.23082967505,4326,4,,,Sambas,Kalimantan Barat,,0,,,2022-04,0.10829352134619497,4,0.10829352134619497,VIIRS DNB,nW/cm2/sr,2022,"{""type"":""MultiPoint"",""coordinates"":[]}"
99_0000000000000000000c,BA03050040,,,,,,,61.03,61,12452.2241518,TASWIL5000020230907KABKOTA,Sanggau,,1.01166258397,7.65307697656,4326,4,,,Sanggau,Kalimantan Barat,,0,,,2022-04,0.31158211241964195,4,0.31158211241964195,VIIRS DNB,nW/cm2/sr,2022,"{""type"":""MultiPoint"",""coordinates"":[]}"
99_0000000000000000000e,BA03050040,,,,,,,61.05,61,22025.7880014,TASWIL5000020230907KABKOTA,Sintang,,1.78944370224,11.9811145851,4326,4,,,Sintang,Kalimantan Barat,,0,,,2022-04,0.23392147542969424,4,0.23392147542969424,VIIRS DNB,nW/cm2/sr,2022,"{""type"":""MultiPoint"",""coordinates"":[]}"
99_00000000000000000003,BA03050040,,,,,,,61.11,61,4110.12301412,TASWIL5000020230907KABKOTA,Kayong Utara,,0.333972050772,6.99327188474,4326,4,,,Kayong Utara,Kalimantan Barat,,0,Ketapang,,2022-04,0.16468099113155288,4,0.16468099113155288,VIIRS DNB,nW/cm2/sr,2022,"{""type"":""MultiPoint"",""coordinates"":[]}"
99_00000000000000000007,BA03050040,,,,,,,61.12,61,8549.29358265,TASWIL5000020230907KABKOTA,Kubu Raya,,0.694575912143,12.4289126619,4326,4,,,Kubu Raya,Kalimantan Barat,,0,Pontianak,,2022-04,0.6224279386207945,4,0.6224279386207945,VIIRS DNB,nW/cm2/sr,2022,"{""type"":""MultiPoint"",""coordinates"":[]}"
99_00000000000000000008,BA03050040,,,,,,,61.08,61,8430.71056018,TASWIL5000020230907KABKOTA,Landak,,0.684950096963,6.11846983154,4326,4,,,Landak,Kalimantan Barat,,0,Pontianak,,2022-04,0.4331205676189966,4,0.4331205676189966,VIIRS DNB,nW/cm2/sr,2022,"{""type"":""MultiPoint"",""coordinates"":[]}"
99_00000000000000000000,BA03050040,,,,,,,61.07,61,5488.60795319,TASWIL5000020230907KABKOTA,Bengkayang,,0.445970285372,6.02675176554,4326,4,,,Bengkayang,Kalimantan Barat,,0,Sambas,,2022-04,0.3119863223737655,4,0.3119863223737655,VIIRS DNB,nW/cm2/sr,2022,"{""type"":""MultiPoint"",""coordinates"":[]}"
99_0000000000000000000d,BA03050040,,,,,,,61.09,61,5979.04370295,TASWIL5000020230907KABKOTA,Sekadau,,0.485752312966,4.89358511498,4326,4,,,Sekadau,Kalimantan Barat,,0,Sanggau,,2022-04,0.2829277206429689,4,0.2829277206429689,VIIRS DNB,nW/cm2/sr,2022,"{""type"":""MultiPoint"",""coordinates"":[]}"
99_00000000000000000009,BA03050040,,,,,,,61.10,61,10122.5133896,TASWIL5000020230907KABKOTA,Melawi,,0.822418686577,6.18884194372,4326,4,,,Melawi,Kalimantan Barat,,0,Sintang,,2022-04,0.21675201505094194,4,0.21675201505094194,VIIRS DNB,nW/cm2/sr,2022,"{""type"":""MultiPoint"",""coordinates"":[]}"
99_00000000000000000005,BA03050040,,,,,,,61.71,61,118.208752498,TASWIL5000020230907KABKOTA,Kota Pontianak,,0.00960338694431,0.439734620886,4326,5,,,Kota Pontianak,Kalimantan Barat,,0,,,2022-04,15.961088300915863,4,15.961088300915863,VIIRS DNB,nW/cm2/sr,2022,"{""type"":""MultiPoint"",""coordinates"":[]}"
99_00000000000000000006,BA03050040,,,,,,,61.72,61,550.186910141,TASWIL5000020230907KABKOTA,Kota Singkawang,,0.0447029151336,1.23074798661,4326,5,,,Kota Singkawang,Kalimantan Barat,,0,Bengkayang,,2022-04,0.9669901633138188,4,0.9669901633138188,VIIRS DNB,nW/cm2/sr,2022,"{""type"":""MultiPoint"",""coordinates"":[]}"
99_00000000000000000001,BA03050040,,,,,,,,61,0.446818812946,TASWIL5000020230907KABKOTA,Kalimantan Barat,"Berdasarkan Kepmendagri 050-145 Tahun 2022, masuk ke Kalimantan Barat",3.63047728111E-5,0.0520740876463,4326,999,,,,Kalimantan Barat,,0,,,2022-04,0.3901986787650759,4,0.3901986787650759,VIIRS DNB,nW/cm2/sr,2022,"{""type"":""MultiPoint"",""coordinates"":[]}"
100_00000000000000000002,BA03050040,,,,,,,61.06,61,31318.2461503,TASWIL5000020230907KABKOTA,Kapuas Hulu,,2.54462852025,10.3235168378,4326,4,,,Kapuas Hulu,Kalimantan Barat,,0,,,2022-05,0.37978782297352986,5,0.37978782297352986,VIIRS DNB,nW/cm2/sr,2022,"{""type"":""MultiPoint"",""coordinates"":[]}"
100_00000000000000000004,BA03050040,,,,,,,61.04,61,30018.6763396,TASWIL5000020230907KABKOTA,Ketapang,,2.43989292708,13.6255621311,4326,4,,,Ketapang,Kalimantan Barat,,0,,,2022-05,0.4165883864458236,5,0.4165883864458236,VIIRS DNB,nW/cm2/sr,2022,"{""type"":""MultiPoint"",""coordinates"":[]}"
100_0000000000000000000a,BA03050040,,,,,,,61.02,61,1935.41897259,TASWIL5000020230907KABKOTA,Mempawah,,0.157238724723,3.1173764195,4326,4,,,Mempawah,Kalimantan Barat,,0,,,2022-05,0.8142282784403144,5,0.8142282784403144,VIIRS DNB,nW/cm2/sr,2022,"{""type"":""MultiPoint"",""coordinates"":[]}"
100_0000000000000000000b,BA03050040,,,,,,,61.01,61,5937.99495327,TASWIL5000020230907KABKOTA,Sambas,,0.482557384329,4.23082967505,4326,4,,,Sambas,Kalimantan Barat,,0,,,2022-05,0.541585340983027,5,0.541585340983027,VIIRS DNB,nW/cm2/sr,2022,"{""type"":""MultiPoint"",""coordinates"":[]}"
100_0000000000000000000c,BA03050040,,,,,,,61.03,61,12452.2241518,TASWIL5000020230907KABKOTA,Sanggau,,1.01166258397,7.65307697656,4326,4,,,Sanggau,Kalimantan Barat,,0,,,2022-05,0.4385393482455394,5,0.4385393482455394,VIIRS DNB,nW/cm2/sr,2022,"{""type"":""MultiPoint"",""coordinates"":[]}"
100_0000000000000000000e,BA03050040,,,,,,,61.05,61,22025.7880014,TASWIL5000020230907KABKOTA,Sintang,,1.78944370224,11.9811145851,4326,4,,,Sintang,Kalimantan Barat,,0,,,2022-05,0.37896037061387094,5,0.37896037061387094,VIIRS DNB,nW/cm2/sr,2022,"{""type"":""MultiPoint"",""coordinates"":[]}"
100_00000000000000000003,BA03050040,,,,,,,61.11,61,4110.12301412,TASWIL5000020230907KABKOTA,Kayong Utara,,0.333972050772,6.99327188474,4326,4,,,Kayong Utara,Kalimantan Barat,,0,Ketapang,,2022-05,0.4343915695123845,5,0.4343915695123845,VIIRS DNB,nW/cm2/sr,2022,"{""type"":""MultiPoint"",""coordinates"":[]}"
100_00000000000000000007,BA03050040,,,,,,,61.12,61,8549.29358265,TASWIL5000020230907KABKOTA,Kubu Raya,,0.694575912143,12.4289126619,4326,4,,,Kubu Raya,Kalimantan Barat,,0,Pontianak,,2022-05,0.682395070069918,5,0.682395070069918,VIIRS DNB,nW/cm2/sr,2022,"{""type"":""MultiPoint"",""coordinates"":[]}"
100_00000000000000000008,BA03050040,,,,,,,61.08,61,8430.71056018,TASWIL5000020230907KABKOTA,Landak,,0.684950096963,6.11846983154,4326,4,,,Landak,Kalimantan Barat,,0,Pontianak,,2022-05,0.4374588025711946,5,0.4374588025711946,VIIRS DNB,nW/cm2/sr,2022,"{""type"":""MultiPoint"",""coordinates"":[]}"
100_00000000000000000000,BA03050040,,,,,,,61.07,61,5488.60795319,TASWIL5000020230907KABKOTA,Bengkayang,,0.445970285372,6.02675176554,4326,4,,,Bengkayang,Kalimantan Barat,,0,Sambas,,2022-05,0.43856109139113186,5,0.43856109139113186,VIIRS DNB,nW/cm2/sr,2022,"{""type"":""MultiPoint"",""coordinates"":[]}"
100_0000000000000000000d,BA03050040,,,,,,,61.09,61,5979.04370295,TASWIL5000020230907KABKOTA,Sekadau,,0.485752312966,4.89358511498,4326,4,,,Sekadau,Kalimantan Barat,,0,Sanggau,,2022-05,0.41320669731176346,5,0.41320669731176346,VIIRS DNB,nW/cm2/sr,2022,"{""type"":""MultiPoint"",""coordinates"":[]}"
100_00000000000000000009,BA03050040,,,,,,,61.10,61,10122.5133896,TASWIL5000020230907KABKOTA,Melawi,,0.822418686577,6.18884194372,4326,4,,,Melawi,Kalimantan Barat,,0,Sintang,,2022-05,0.37133111035316074,5,0.37133111035316074,VIIRS DNB,nW/cm2/sr,2022,"{""type"":""MultiPoint"",""coordinates"":[]}"
100_00000000000000000005,BA03050040,,,,,,,61.71,61,118.208752498,TASWIL5000020230907KABKOTA,Kota Pontianak,,0.00960338694431,0.439734620886,4326,5,,,Kota Pontianak,Kalimantan Barat,,0,,,2022-05,17.8323742024822,5,17.8323742024822,VIIRS DNB,nW/cm2/sr,2022,"{""type"":""MultiPoint"",""coordinates"":[]}"
100_00000000000000000006,BA03050040,,,,,,,61.72,61,550.186910141,TASWIL5000020230907KABKOTA,Kota Singkawang,,0.0447029151336,1.23074798661,4326,5,,,Kota Singkawang,Kalimantan Barat,,0,Bengkayang,,2022-05,1.259449125447511,5,1.259449125447511,VIIRS DNB,nW/cm2/sr,2022,"{""type"":""MultiPoint"",""coordinates"":[]}"
100_00000000000000000001,BA03050040,,,,,,,,61,0.446818812946,TASWIL5000020230907KABKOTA,Kalimantan Barat,"Berdasarkan Kepmendagri 050-145 Tahun 2022, masuk ke Kalimantan Barat",3.63047728111E-5,0.0520740876463,4326,999,,,,Kalimantan Barat,,0,,,2022-05,0.4738852048157067,5,0.4738852048157067,VIIRS DNB,nW/cm2/sr,2022,"{""type"":""MultiPoint"",""coordinates"":[]}"
101_00000000000000000002,BA03050040,,,,,,,61.06,61,31318.2461503,TASWIL5000020230907KABKOTA,Kapuas Hulu,,2.54462852025,10.3235168378,4326,4,,,Kapuas Hulu,Kalimantan Barat,,0,,,2022-06,0.2554605383452875,6,0.2554605383452875,VIIRS DNB,nW/cm2/sr,2022,"{""type"":""MultiPoint"",""coordinates"":[]}"
101_00000000000000000004,BA03050040,,,,,,,61.04,61,30018.6763396,TASWIL5000020230907KABKOTA,Ketapang,,2.43989292708,13.6255621311,4326,4,,,Ketapang,Kalimantan Barat,,0,,,2022-06,0.4104348337911504,6,0.4104348337911504,VIIRS DNB,nW/cm2/sr,2022,"{""type"":""MultiPoint"",""coordinates"":[]}"
101_0000000000000000000a,BA03050040,,,,,,,61.02,61,1935.41897259,TASWIL5000020230907KABKOTA,Mempawah,,0.157238724723,3.1173764195,4326,4,,,Mempawah,Kalimantan Barat,,0,,,2022-06,0.7268479579658246,6,0.7268479579658246,VIIRS DNB,nW/cm2/sr,2022,"{""type"":""MultiPoint"",""coordinates"":[]}"
101_0000000000000000000b,BA03050040,,,,,,,61.01,61,5937.99495327,TASWIL5000020230907KABKOTA,Sambas,,0.482557384329,4.23082967505,4326,4,,,Sambas,Kalimantan Barat,,0,,,2022-06,0.5035508229674824,6,0.5035508229674824,VIIRS DNB,nW/cm2/sr,2022,"{""type"":""MultiPoint"",""coordinates"":[]}"
101_0000000000000000000c,BA03050040,,,,,,,61.03,61,12452.2241518,TASWIL5000020230907KABKOTA,Sanggau,,1.01166258397,7.65307697656,4326,4,,,Sanggau,Kalimantan Barat,,0,,,2022-06,0.29218087273263055,6,0.29218087273263055,VIIRS DNB,nW/cm2/sr,2022,"{""type"":""MultiPoint"",""coordinates"":[]}"
101_0000000000000000000e,BA03050040,,,,,,,61.05,61,22025.7880014,TASWIL5000020230907KABKOTA,Sintang,,1.78944370224,11.9811145851,4326,4,,,Sintang,Kalimantan Barat,,0,,,2022-06,0.31184978682119524,6,0.31184978682119524,VIIRS DNB,nW/cm2/sr,2022,"{""type"":""MultiPoint"",""coordinates"":[]}"
101_00000000000000000003,BA03050040,,,,,,,61.11,61,4110.12301412,TASWIL5000020230907KABKOTA,Kayong Utara,,0.333972050772,6.99327188474,4326,4,,,Kayong Utara,Kalimantan Barat,,0,Ketapang,,2022-06,0.4192644591521385,6,0.4192644591521385,VIIRS DNB,nW/cm2/sr,2022,"{""type"":""MultiPoint"",""coordinates"":[]}"
101_00000000000000000007,BA03050040,,,,,,,61.12,61,8549.29358265,TASWIL5000020230907KABKOTA,Kubu Raya,,0.694575912143,12.4289126619,4326,4,,,Kubu Raya,Kalimantan Barat,,0,Pontianak,,2022-06,0.6446511154740671,6,0.6446511154740671,VIIRS DNB,nW/cm2/sr,2022,"{""type"":""MultiPoint"",""coordinates"":[]}"
101_00000000000000000008,BA03050040,,,,,,,61.08,61,8430.71056018,TASWIL5000020230907KABKOTA,Landak,,0.684950096963,6.11846983154,4326,4,,,Landak,Kalimantan Barat,,0,Pontianak,,2022-06,0.3447451150261379,6,0.3447451150261379,VIIRS DNB,nW/cm2/sr,2022,"{""type"":""MultiPoint"",""coordinates"":[]}"
101_00000000000000000000,BA03050040,,,,,,,61.07,61,5488.60795319,TASWIL5000020230907KABKOTA,Bengkayang,,0.445970285372,6.02675176554,4326,4,,,Bengkayang,Kalimantan Barat,,0,Sambas,,2022-06,0.40646663021820356,6,0.40646663021820356,VIIRS DNB,nW/cm2/sr,2022,"{""type"":""MultiPoint"",""coordinates"":[]}"
101_0000000000000000000d,BA03050040,,,,,,,61.09,61,5979.04370295,TASWIL5000020230907KABKOTA,Sekadau,,0.485752312966,4.89358511498,4326,4,,,Sekadau,Kalimantan Barat,,0,Sanggau,,2022-06,0.3219189562902128,6,0.3219189562902128,VIIRS DNB,nW/cm2/sr,2022,"{""type"":""MultiPoint"",""coordinates"":[]}"
101_00000000000000000009,BA03050040,,,,,,,61.10,61,10122.5133896,TASWIL5000020230907KABKOTA,Melawi,,0.822418686577,6.18884194372,4326,4,,,Melawi,Kalimantan Barat,,0,Sintang,,2022-06,0.33453748183092763,6,0.33453748183092763,VIIRS DNB,nW/cm2/sr,2022,"{""type"":""MultiPoint"",""coordinates"":[]}"
101_00000000000000000005,BA03050040,,,,,,,61.71,61,118.208752498,TASWIL5000020230907KABKOTA,Kota Pontianak,,0.00960338694431,0.439734620886,4326,5,,,Kota Pontianak,Kalimantan Barat,,0,,,2022-06,14.785580866125681,6,14.785580866125681,VIIRS DNB,nW/cm2/sr,2022,"{""type"":""MultiPoint"",""coordinates"":[]}"
101_00000000000000000006,BA03050040,,,,,,,61.72,61,550.186910141,TASWIL5000020230907KABKOTA,Kota Singkawang,,0.0447029151336,1.23074798661,4326,5,,,Kota Singkawang,Kalimantan Barat,,0,Bengkayang,,2022-06,1.3925083259175344,6,1.3925083259175344,VIIRS DNB,nW/cm2/sr,2022,"{""type"":""MultiPoint"",""coordinates"":[]}"
101_00000000000000000001,BA03050040,,,,,,,,61,0.446818812946,TASWIL5000020230907KABKOTA,Kalimantan Barat,"Berdasarkan Kepmendagri 050-145 Tahun 2022, masuk ke Kalimantan Barat",3.63047728111E-5,0.0520740876463,4326,999,,,,Kalimantan Barat,,0,,,2022-06,0.49613686071638907,6,0.49613686071638907,VIIRS DNB,nW/cm2/sr,2022,"{""type"":""MultiPoint"",""coordinates"":[]}"
102_00000000000000000002,BA03050040,,,,,,,61.06,61,31318.2461503,TASWIL5000020230907KABKOTA,Kapuas Hulu,,2.54462852025,10.3235168378,4326,4,,,Kapuas Hulu,Kalimantan Barat,,0,,,2022-07,1.0264882513112912E-4,7,1.0264882513112912E-4,VIIRS DNB,nW/cm2/sr,2022,"{""type"":""MultiPoint"",""coordinates"":[]}"
102_00000000000000000004,BA03050040,,,,,,,61.04,61,30018.6763396,TASWIL5000020230907KABKOTA,Ketapang,,2.43989292708,13.6255621311,4326,4,,,Ketapang,Kalimantan Barat,,0,,,2022-07,0.033034972796351106,7,0.033034972796351106,VIIRS DNB,nW/cm2/sr,2022,"{""type"":""MultiPoint"",""coordinates"":[]}"
102_0000000000000000000a,BA03050040,,,,,,,61.02,61,1935.41897259,TASWIL5000020230907KABKOTA,Mempawah,,0.157238724723,3.1173764195,4326,4,,,Mempawah,Kalimantan Barat,,0,,,2022-07,0.0885825453924987,7,0.0885825453924987,VIIRS DNB,nW/cm2/sr,2022,"{""type"":""MultiPoint"",""coordinates"":[]}"
102_0000000000000000000b,BA03050040,,,,,,,61.01,61,5937.99495327,TASWIL5000020230907KABKOTA,Sambas,,0.482557384329,4.23082967505,4326,4,,,Sambas,Kalimantan Barat,,0,,,2022-07,0.16795612471961183,7,0.16795612471961183,VIIRS DNB,nW/cm2/sr,2022,"{""type"":""MultiPoint"",""coordinates"":[]}"
102_0000000000000000000c,BA03050040,,,,,,,61.03,61,12452.2241518,TASWIL5000020230907KABKOTA,Sanggau,,1.01166258397,7.65307697656,4326,4,,,Sanggau,Kalimantan Barat,,0,,,2022-07,1.6751624009093024E-5,7,1.6751624009093024E-5,VIIRS DNB,nW/cm2/sr,2022,"{""type"":""MultiPoint"",""coordinates"":[]}"
102_0000000000000000000e,BA03050040,,,,,,,61.05,61,22025.7880014,TASWIL5000020230907KABKOTA,Sintang,,1.78944370224,11.9811145851,4326,4,,,Sintang,Kalimantan Barat,,0,,,2022-07,3.3356200073773965E-4,7,3.3356200073773965E-4,VIIRS DNB,nW/cm2/sr,2022,"{""type"":""MultiPoint"",""coordinates"":[]}"
102_00000000000000000003,BA03050040,,,,,,,61.11,61,4110.12301412,TASWIL5000020230907KABKOTA,Kayong Utara,,0.333972050772,6.99327188474,4326,4,,,Kayong Utara,Kalimantan Barat,,0,Ketapang,,2022-07,0.11178392679377594,7,0.11178392679377594,VIIRS DNB,nW/cm2/sr,2022,"{""type"":""MultiPoint"",""coordinates"":[]}"
102_00000000000000000007,BA03050040,,,,,,,61.12,61,8549.29358265,TASWIL5000020230907KABKOTA,Kubu Raya,,0.694575912143,12.4289126619,4326,4,,,Kubu Raya,Kalimantan Barat,,0,Pontianak,,2022-07,0.06005866072394006,7,0.06005866072394006,VIIRS DNB,nW/cm2/sr,2022,"{""type"":""MultiPoint"",""coordinates"":[]}"
102_00000000000000000008,BA03050040,,,,,,,61.08,61,8430.71056018,TASWIL5000020230907KABKOTA,Landak,,0.684950096963,6.11846983154,4326,4,,,Landak,Kalimantan Barat,,0,Pontianak,,2022-07,0.0021659611583482795,7,0.0021659611583482795,VIIRS DNB,nW/cm2/sr,2022,"{""type"":""MultiPoint"",""coordinates"":[]}"
102_00000000000000000000,BA03050040,,,,,,,61.07,61,5488.60795319,TASWIL5000020230907KABKOTA,Bengkayang,,0.445970285372,6.02675176554,4326,4,,,Bengkayang,Kalimantan Barat,,0,Sambas,,2022-07,0.007032339537089978,7,0.007032339537089978,VIIRS DNB,nW/cm2/sr,2022,"{""type"":""MultiPoint"",""coordinates"":[]}"
102_0000000000000000000d,BA03050040,,,,,,,61.09,61,5979.04370295,TASWIL5000020230907KABKOTA,Sekadau,,0.485752312966,4.89358511498,4326,4,,,Sekadau,Kalimantan Barat,,0,Sanggau,,2022-07,0.0,7,0.0,VIIRS DNB,nW/cm2/sr,2022,"{""type"":""MultiPoint"",""coordinates"":[]}"
102_00000000000000000009,BA03050040,,,,,,,61.10,61,10122.5133896,TASWIL5000020230907KABKOTA,Melawi,,0.822418686577,6.18884194372,4326,4,,,Melawi,Kalimantan Barat,,0,Sintang,,2022-07,0.06065727728656203,7,0.06065727728656203,VIIRS DNB,nW/cm2/sr,2022,"{""type"":""MultiPoint"",""coordinates"":[]}"
102_00000000000000000005,BA03050040,,,,,,,61.71,61,118.208752498,TASWIL5000020230907KABKOTA,Kota Pontianak,,0.00960338694431,0.439734620886,4326,5,,,Kota Pontianak,Kalimantan Barat,,0,,,2022-07,0.7243283449532234,7,0.7243283449532234,VIIRS DNB,nW/cm2/sr,2022,"{""type"":""MultiPoint"",""coordinates"":[]}"
102_00000000000000000006,BA03050040,,,,,,,61.72,61,550.186910141,TASWIL5000020230907KABKOTA,Kota Singkawang,,0.0447029151336,1.23074798661,4326,5,,,Kota Singkawang,Kalimantan Barat,,0,Bengkayang,,2022-07,0.0017761781949861266,7,0.0017761781949861266,VIIRS DNB,nW/cm2/sr,2022,"{""type"":""MultiPoint"",""coordinates"":[]}"
102_00000000000000000001,BA03050040,,,,,,,,61,0.446818812946,TASWIL5000020230907KABKOTA,Kalimantan Barat,"Berdasarkan Kepmendagri 050-145 Tahun 2022, masuk ke Kalimantan Barat",3.63047728111E-5,0.0520740876463,4326,999,,,,Kalimantan Barat,,0,,,2022-07,0.143951437257181,7,0.143951437257181,VIIRS DNB,nW/cm2/sr,2022,"{""type"":""MultiPoint"",""coordinates"":[]}"
103_00000000000000000002,BA03050040,,,,,,,61.06,61,31318.2461503,TASWIL5000020230907KABKOTA,Kapuas Hulu,,2.54462852025,10.3235168378,4326,4,,,Kapuas Hulu,Kalimantan Barat,,0,,,2022-08,0.169726504201059,8,0.169726504201059,VIIRS DNB,nW/cm2/sr,2022,"{""type"":""MultiPoint"",""coordinates"":[]}"
103_00000000000000000004,BA03050040,,,,,,,61.04,61,30018.6763396,TASWIL5000020230907KABKOTA,Ketapang,,2.43989292708,13.6255621311,4326,4,,,Ketapang,Kalimantan Barat,,0,,,2022-08,0.3198923909064618,8,0.3198923909064618,VIIRS DNB,nW/cm2/sr,2022,"{""type"":""MultiPoint"",""coordinates"":[]}"
103_0000000000000000000a,BA03050040,,,,,,,61.02,61,1935.41897259,TASWIL5000020230907KABKOTA,Mempawah,,0.157238724723,3.1173764195,4326,4,,,Mempawah,Kalimantan Barat,,0,,,2022-08,0.3867088707546487,8,0.3867088707546487,VIIRS DNB,nW/cm2/sr,2022,"{""type"":""MultiPoint"",""coordinates"":[]}"
103_0000000000000000000b,BA03050040,,,,,,,61.01,61,5937.99495327,TASWIL5000020230907KABKOTA,Sambas,,0.482557384329,4.23082967505,4326,4,,,Sambas,Kalimantan Barat,,0,,,2022-08,0.3448013006559032,8,0.3448013006559032,VIIRS DNB,nW/cm2/sr,2022,"{""type"":""MultiPoint"",""coordinates"":[]}"
103_0000000000000000000c,BA03050040,,,,,,,61.03,61,12452.2241518,TASWIL5000020230907KABKOTA,Sanggau,,1.01166258397,7.65307697656,4326,4,,,Sanggau,Kalimantan Barat,,0,,,2022-08,0.3111399388087252,8,0.3111399388087252,VIIRS DNB,nW/cm2/sr,2022,"{""type"":""MultiPoint"",""coordinates"":[]}"
103_0000000000000000000e,BA03050040,,,,,,,61.05,61,22025.7880014,TASWIL5000020230907KABKOTA,Sintang,,1.78944370224,11.9811145851,4326,4,,,Sintang,Kalimantan Barat,,0,,,2022-08,0.2725397080330712,8,0.2725397080330712,VIIRS DNB,nW/cm2/sr,2022,"{""type"":""MultiPoint"",""coordinates"":[]}"
103_00000000000000000003,BA03050040,,,,,,,61.11,61,4110.12301412,TASWIL5000020230907KABKOTA,Kayong Utara,,0.333972050772,6.99327188474,4326,4,,,Kayong Utara,Kalimantan Barat,,0,Ketapang,,2022-08,0.3318573733425053,8,0.3318573733425053,VIIRS DNB,nW/cm2/sr,2022,"{""type"":""MultiPoint"",""coordinates"":[]}"
103_00000000000000000007,BA03050040,,,,,,,61.12,61,8549.29358265,TASWIL5000020230907KABKOTA,Kubu Raya,,0.694575912143,12.4289126619,4326,4,,,Kubu Raya,Kalimantan Barat,,0,Pontianak,,2022-08,0.5314511540618068,8,0.5314511540618068,VIIRS DNB,nW/cm2/sr,2022,"{""type"":""MultiPoint"",""coordinates"":[]}"
103_00000000000000000008,BA03050040,,,,,,,61.08,61,8430.71056018,TASWIL5000020230907KABKOTA,Landak,,0.684950096963,6.11846983154,4326,4,,,Landak,Kalimantan Barat,,0,Pontianak,,2022-08,0.19298687647826687,8,0.19298687647826687,VIIRS DNB,nW/cm2/sr,2022,"{""type"":""MultiPoint"",""coordinates"":[]}"
103_00000000000000000000,BA03050040,,,,,,,61.07,61,5488.60795319,TASWIL5000020230907KABKOTA,Bengkayang,,0.445970285372,6.02675176554,4326,4,,,Bengkayang,Kalimantan Barat,,0,Sambas,,2022-08,0.18805223002285926,8,0.18805223002285926,VIIRS DNB,nW/cm2/sr,2022,"{""type"":""MultiPoint"",""coordinates"":[]}"
103_0000000000000000000d,BA03050040,,,,,,,61.09,61,5979.04370295,TASWIL5000020230907KABKOTA,Sekadau,,0.485752312966,4.89358511498,4326,4,,,Sekadau,Kalimantan Barat,,0,Sanggau,,2022-08,0.1326521636049204,8,0.1326521636049204,VIIRS DNB,nW/cm2/sr,2022,"{""type"":""MultiPoint"",""coordinates"":[]}"
103_00000000000000000009,BA03050040,,,,,,,61.10,61,10122.5133896,TASWIL5000020230907KABKOTA,Melawi,,0.822418686577,6.18884194372,4326,4,,,Melawi,Kalimantan Barat,,0,Sintang,,2022-08,0.30717925826497106,8,0.30717925826497106,VIIRS DNB,nW/cm2/sr,2022,"{""type"":""MultiPoint"",""coordinates"":[]}"
103_00000000000000000005,BA03050040,,,,,,,61.71,61,118.208752498,TASWIL5000020230907KABKOTA,Kota Pontianak,,0.00960338694431,0.439734620886,4326,5,,,Kota Pontianak,Kalimantan Barat,,0,,,2022-08,4.167725534160336,8,4.167725534160336,VIIRS DNB,nW/cm2/sr,2022,"{""type"":""MultiPoint"",""coordinates"":[]}"
103_00000000000000000006,BA03050040,,,,,,,61.72,61,550.186910141,TASWIL5000020230907KABKOTA,Kota Singkawang,,0.0447029151336,1.23074798661,4326,5,,,Kota Singkawang,Kalimantan Barat,,0,Bengkayang,,2022-08,0.5233445271055829,8,0.5233445271055829,VIIRS DNB,nW/cm2/sr,2022,"{""type"":""MultiPoint"",""coordinates"":[]}"
103_00000000000000000001,BA03050040,,,,,,,,61,0.446818812946,TASWIL5000020230907KABKOTA,Kalimantan Barat,"Berdasarkan Kepmendagri 050-145 Tahun 2022, masuk ke Kalimantan Barat",3.63047728111E-5,0.0520740876463,4326,999,,,,Kalimantan Barat,,0,,,2022-08,0.3595143462516877,8,0.3595143462516877,VIIRS DNB,nW/cm2/sr,2022,"{""type"":""MultiPoint"",""coordinates"":[]}"
104_00000000000000000002,BA03050040,,,,,,,61.06,61,31318.2461503,TASWIL5000020230907KABKOTA,Kapuas Hulu,,2.54462852025,10.3235168378,4326,4,,,Kapuas Hulu,Kalimantan Barat,,0,,,2022-09,0.02560558998197511,9,0.02560558998197511,VIIRS DNB,nW/cm2/sr,2022,"{""type"":""MultiPoint"",""coordinates"":[]}"
104_00000000000000000004,BA03050040,,,,,,,61.04,61,30018.6763396,TASWIL5000020230907KABKOTA,Ketapang,,2.43989292708,13.6255621311,4326,4,,,Ketapang,Kalimantan Barat,,0,,,2022-09,0.05886518945802814,9,0.05886518945802814,VIIRS DNB,nW/cm2/sr,2022,"{""type"":""MultiPoint"",""coordinates"":[]}"
104_0000000000000000000a,BA03050040,,,,,,,61.02,61,1935.41897259,TASWIL5000020230907KABKOTA,Mempawah,,0.157238724723,3.1173764195,4326,4,,,Mempawah,Kalimantan Barat,,0,,,2022-09,0.16715469915398823,9,0.16715469915398823,VIIRS DNB,nW/cm2/sr,2022,"{""type"":""MultiPoint"",""coordinates"":[]}"
104_0000000000000000000b,BA03050040,,,,,,,61.01,61,5937.99495327,TASWIL5000020230907KABKOTA,Sambas,,0.482557384329,4.23082967505,4326,4,,,Sambas,Kalimantan Barat,,0,,,2022-09,0.25236603240825833,9,0.25236603240825833,VIIRS DNB,nW/cm2/sr,2022,"{""type"":""MultiPoint"",""coordinates"":[]}"
104_0000000000000000000c,BA03050040,,,,,,,61.03,61,12452.2241518,TASWIL5000020230907KABKOTA,Sanggau,,1.01166258397,7.65307697656,4326,4,,,Sanggau,Kalimantan Barat,,0,,,2022-09,0.07777520593708682,9,0.07777520593708682,VIIRS DNB,nW/cm2/sr,2022,"{""type"":""MultiPoint"",""coordinates"":[]}"
104_0000000000000000000e,BA03050040,,,,,,,61.05,61,22025.7880014,TASWIL5000020230907KABKOTA,Sintang,,1.78944370224,11.9811145851,4326,4,,,Sintang,Kalimantan Barat,,0,,,2022-09,0.035028344446303775,9,0.035028344446303775,VIIRS DNB,nW/cm2/sr,2022,"{""type"":""MultiPoint"",""coordinates"":[]}"
104_00000000000000000003,BA03050040,,,,,,,61.11,61,4110.12301412,TASWIL5000020230907KABKOTA,Kayong Utara,,0.333972050772,6.99327188474,4326,4,,,Kayong Utara,Kalimantan Barat,,0,Ketapang,,2022-09,0.019531197004741135,9,0.019531197004741135,VIIRS DNB,nW/cm2/sr,2022,"{""type"":""MultiPoint"",""coordinates"":[]}"
104_00000000000000000007,BA03050040,,,,,,,61.12,61,8549.29358265,TASWIL5000020230907KABKOTA,Kubu Raya,,0.694575912143,12.4289126619,4326,4,,,Kubu Raya,Kalimantan Barat,,0,Pontianak,,2022-09,0.032143231256256344,9,0.032143231256256344,VIIRS DNB,nW/cm2/sr,2022,"{""type"":""MultiPoint"",""coordinates"":[]}"
104_00000000000000000008,BA03050040,,,,,,,61.08,61,8430.71056018,TASWIL5000020230907KABKOTA,Landak,,0.684950096963,6.11846983154,4326,4,,,Landak,Kalimantan Barat,,0,Pontianak,,2022-09,0.10200366401708237,9,0.10200366401708237,VIIRS DNB,nW/cm2/sr,2022,"{""type"":""MultiPoint"",""coordinates"":[]}"
104_00000000000000000000,BA03050040,,,,,,,61.07,61,5488.60795319,TASWIL5000020230907KABKOTA,Bengkayang,,0.445970285372,6.02675176554,4326,4,,,Bengkayang,Kalimantan Barat,,0,Sambas,,2022-09,0.19742484070915034,9,0.19742484070915034,VIIRS DNB,nW/cm2/sr,2022,"{""type"":""MultiPoint"",""coordinates"":[]}"
104_0000000000000000000d,BA03050040,,,,,,,61.09,61,5979.04370295,TASWIL5000020230907KABKOTA,Sekadau,,0.485752312966,4.89358511498,4326,4,,,Sekadau,Kalimantan Barat,,0,Sanggau,,2022-09,0.1169222983332068,9,0.1169222983332068,VIIRS DNB,nW/cm2/sr,2022,"{""type"":""MultiPoint"",""coordinates"":[]}"
104_00000000000000000009,BA03050040,,,,,,,61.10,61,10122.5133896,TASWIL5000020230907KABKOTA,Melawi,,0.822418686577,6.18884194372,4326,4,,,Melawi,Kalimantan Barat,,0,Sintang,,2022-09,0.059419667245157175,9,0.059419667245157175,VIIRS DNB,nW/cm2/sr,2022,"{""type"":""MultiPoint"",""coordinates"":[]}"
104_00000000000000000005,BA03050040,,,,,,,61.71,61,118.208752498,TASWIL5000020230907KABKOTA,Kota Pontianak,,0.00960338694431,0.439734620886,4326,5,,,Kota Pontianak,Kalimantan Barat,,0,,,2022-09,0.0,9,0.0,VIIRS DNB,nW/cm2/sr,2022,"{""type"":""MultiPoint"",""coordinates"":[]}"
104_00000000000000000006,BA03050040,,,,,,,61.72,61,550.186910141,TASWIL5000020230907KABKOTA,Kota Singkawang,,0.0447029151336,1.23074798661,4326,5,,,Kota Singkawang,Kalimantan Barat,,0,Bengkayang,,2022-09,0.24609595830644393,9,0.24609595830644393,VIIRS DNB,nW/cm2/sr,2022,"{""type"":""MultiPoint"",""coordinates"":[]}"
104_00000000000000000001,BA03050040,,,,,,,,61,0.446818812946,TASWIL5000020230907KABKOTA,Kalimantan Barat,"Berdasarkan Kepmendagri 050-145 Tahun 2022, masuk ke Kalimantan Barat",3.63047728111E-5,0.0520740876463,4326,999,,,,Kalimantan Barat,,0,,,2022-09,0.0,9,0.0,VIIRS DNB,nW/cm2/sr,2022,"{""type"":""MultiPoint"",""coordinates"":[]}"
105_00000000000000000002,BA03050040,,,,,,,61.06,61,31318.2461503,TASWIL5000020230907KABKOTA,Kapuas Hulu,,2.54462852025,10.3235168378,4326,4,,,Kapuas Hulu,Kalimantan Barat,,0,,,2022-10,0.023685616360199446,10,0.023685616360199446,VIIRS DNB,nW/cm2/sr,2022,"{""type"":""MultiPoint"",""coordinates"":[]}"
105_00000000000000000004,BA03050040,,,,,,,61.04,61,30018.6763396,TASWIL5000020230907KABKOTA,Ketapang,,2.43989292708,13.6255621311,4326,4,,,Ketapang,Kalimantan Barat,,0,,,2022-10,0.060633603903489,10,0.060633603903489,VIIRS DNB,nW/cm2/sr,2022,"{""type"":""MultiPoint"",""coordinates"":[]}"
105_0000000000000000000a,BA03050040,,,,,,,61.02,61,1935.41897259,TASWIL5000020230907KABKOTA,Mempawah,,0.157238724723,3.1173764195,4326,4,,,Mempawah,Kalimantan Barat,,0,,,2022-10,0.06828576874860276,10,0.06828576874860276,VIIRS DNB,nW/cm2/sr,2022,"{""type"":""MultiPoint"",""coordinates"":[]}"
105_0000000000000000000b,BA03050040,,,,,,,61.01,61,5937.99495327,TASWIL5000020230907KABKOTA,Sambas,,0.482557384329,4.23082967505,4326,4,,,Sambas,Kalimantan Barat,,0,,,2022-10,0.34139969660878816,10,0.34139969660878816,VIIRS DNB,nW/cm2/sr,2022,"{""type"":""MultiPoint"",""coordinates"":[]}"
105_0000000000000000000c,BA03050040,,,,,,,61.03,61,12452.2241518,TASWIL5000020230907KABKOTA,Sanggau,,1.01166258397,7.65307697656,4326,4,,,Sanggau,Kalimantan Barat,,0,,,2022-10,0.10387958376198145,10,0.10387958376198145,VIIRS DNB,nW/cm2/sr,2022,"{""type"":""MultiPoint"",""coordinates"":[]}"
105_0000000000000000000e,BA03050040,,,,,,,61.05,61,22025.7880014,TASWIL5000020230907KABKOTA,Sintang,,1.78944370224,11.9811145851,4326,4,,,Sintang,Kalimantan Barat,,0,,,2022-10,0.09533165190855235,10,0.09533165190855235,VIIRS DNB,nW/cm2/sr,2022,"{""type"":""MultiPoint"",""coordinates"":[]}"
105_00000000000000000003,BA03050040,,,,,,,61.11,61,4110.12301412,TASWIL5000020230907KABKOTA,Kayong Utara,,0.333972050772,6.99327188474,4326,4,,,Kayong Utara,Kalimantan Barat,,0,Ketapang,,2022-10,0.12089635311277158,10,0.12089635311277158,VIIRS DNB,nW/cm2/sr,2022,"{""type"":""MultiPoint"",""coordinates"":[]}"
105_00000000000000000007,BA03050040,,,,,,,61.12,61,8549.29358265,TASWIL5000020230907KABKOTA,Kubu Raya,,0.694575912143,12.4289126619,4326,4,,,Kubu Raya,Kalimantan Barat,,0,Pontianak,,2022-10,0.012535157475277633,10,0.012535157475277633,VIIRS DNB,nW/cm2/sr,2022,"{""type"":""MultiPoint"",""coordinates"":[]}"
105_00000000000000000008,BA03050040,,,,,,,61.08,61,8430.71056018,TASWIL5000020230907KABKOTA,Landak,,0.684950096963,6.11846983154,4326,4,,,Landak,Kalimantan Barat,,0,Pontianak,,2022-10,0.16215056262470187,10,0.16215056262470187,VIIRS DNB,nW/cm2/sr,2022,"{""type"":""MultiPoint"",""coordinates"":[]}"
105_00000000000000000000,BA03050040,,,,,,,61.07,61,5488.60795319,TASWIL5000020230907KABKOTA,Bengkayang,,0.445970285372,6.02675176554,4326,4,,,Bengkayang,Kalimantan Barat,,0,Sambas,,2022-10,0.2719154790784134,10,0.2719154790784134,VIIRS DNB,nW/cm2/sr,2022,"{""type"":""MultiPoint"",""coordinates"":[]}"
105_0000000000000000000d,BA03050040,,,,,,,61.09,61,5979.04370295,TASWIL5000020230907KABKOTA,Sekadau,,0.485752312966,4.89358511498,4326,4,,,Sekadau,Kalimantan Barat,,0,Sanggau,,2022-10,0.02272529444748646,10,0.02272529444748646,VIIRS DNB,nW/cm2/sr,2022,"{""type"":""MultiPoint"",""coordinates"":[]}"
105_00000000000000000009,BA03050040,,,,,,,61.10,61,10122.5133896,TASWIL5000020230907KABKOTA,Melawi,,0.822418686577,6.18884194372,4326,4,,,Melawi,Kalimantan Barat,,0,Sintang,,2022-10,0.08956460721634665,10,0.08956460721634665,VIIRS DNB,nW/cm2/sr,2022,"{""type"":""MultiPoint"",""coordinates"":[]}"
105_00000000000000000005,BA03050040,,,,,,,61.71,61,118.208752498,TASWIL5000020230907KABKOTA,Kota Pontianak,,0.00960338694431,0.439734620886,4326,5,,,Kota Pontianak,Kalimantan Barat,,0,,,2022-10,0.0,10,0.0,VIIRS DNB,nW/cm2/sr,2022,"{""type"":""MultiPoint"",""coordinates"":[]}"
105_00000000000000000006,BA03050040,,,,,,,61.72,61,550.186910141,TASWIL5000020230907KABKOTA,Kota Singkawang,,0.0447029151336,1.23074798661,4326,5,,,Kota Singkawang,Kalimantan Barat,,0,Bengkayang,,2022-10,1.200352301579164,10,1.200352301579164,VIIRS DNB,nW/cm2/sr,2022,"{""type"":""MultiPoint"",""coordinates"":[]}"
105_00000000000000000001,BA03050040,,,,,,,,61,0.446818812946,TASWIL5000020230907KABKOTA,Kalimantan Barat,"Berdasarkan Kepmendagri 050-145 Tahun 2022, masuk ke Kalimantan Barat",3.63047728111E-5,0.0520740876463,4326,999,,,,Kalimantan Barat,,0,,,2022-10,0.0,10,0.0,VIIRS DNB,nW/cm2/sr,2022,"{""type"":""MultiPoint"",""coordinates"":[]}"
106_00000000000000000002,BA03050040,,,,,,,61.06,61,31318.2461503,TASWIL5000020230907KABKOTA,Kapuas Hulu,,2.54462852025,10.3235168378,4326,4,,,Kapuas Hulu,Kalimantan Barat,,0,,,2022-11,0.10950685636194336,11,0.10950685636194336,VIIRS DNB,nW/cm2/sr,2022,"{""type"":""MultiPoint"",""coordinates"":[]}"
106_00000000000000000004,BA03050040,,,,,,,61.04,61,30018.6763396,TASWIL5000020230907KABKOTA,Ketapang,,2.43989292708,13.6255621311,4326,4,,,Ketapang,Kalimantan Barat,,0,,,2022-11,0.06642382401770991,11,0.06642382401770991,VIIRS DNB,nW/cm2/sr,2022,"{""type"":""MultiPoint"",""coordinates"":[]}"
106_0000000000000000000a,BA03050040,,,,,,,61.02,61,1935.41897259,TASWIL5000020230907KABKOTA,Mempawah,,0.157238724723,3.1173764195,4326,4,,,Mempawah,Kalimantan Barat,,0,,,2022-11,0.17239503486448704,11,0.17239503486448704,VIIRS DNB,nW/cm2/sr,2022,"{""type"":""MultiPoint"",""coordinates"":[]}"
106_0000000000000000000b,BA03050040,,,,,,,61.01,61,5937.99495327,TASWIL5000020230907KABKOTA,Sambas,,0.482557384329,4.23082967505,4326,4,,,Sambas,Kalimantan Barat,,0,,,2022-11,0.16791764594398753,11,0.16791764594398753,VIIRS DNB,nW/cm2/sr,2022,"{""type"":""MultiPoint"",""coordinates"":[]}"
106_0000000000000000000c,BA03050040,,,,,,,61.03,61,12452.2241518,TASWIL5000020230907KABKOTA,Sanggau,,1.01166258397,7.65307697656,4326,4,,,Sanggau,Kalimantan Barat,,0,,,2022-11,0.14398211437898487,11,0.14398211437898487,VIIRS DNB,nW/cm2/sr,2022,"{""type"":""MultiPoint"",""coordinates"":[]}"
106_0000000000000000000e,BA03050040,,,,,,,61.05,61,22025.7880014,TASWIL5000020230907KABKOTA,Sintang,,1.78944370224,11.9811145851,4326,4,,,Sintang,Kalimantan Barat,,0,,,2022-11,0.12565982762647865,11,0.12565982762647865,VIIRS DNB,nW/cm2/sr,2022,"{""type"":""MultiPoint"",""coordinates"":[]}"
106_00000000000000000003,BA03050040,,,,,,,61.11,61,4110.12301412,TASWIL5000020230907KABKOTA,Kayong Utara,,0.333972050772,6.99327188474,4326,4,,,Kayong Utara,Kalimantan Barat,,0,Ketapang,,2022-11,0.051771214205989555,11,0.051771214205989555,VIIRS DNB,nW/cm2/sr,2022,"{""type"":""MultiPoint"",""coordinates"":[]}"
106_00000000000000000007,BA03050040,,,,,,,61.12,61,8549.29358265,TASWIL5000020230907KABKOTA,Kubu Raya,,0.694575912143,12.4289126619,4326,4,,,Kubu Raya,Kalimantan Barat,,0,Pontianak,,2022-11,0.38736123350659035,11,0.38736123350659035,VIIRS DNB,nW/cm2/sr,2022,"{""type"":""MultiPoint"",""coordinates"":[]}"
106_00000000000000000008,BA03050040,,,,,,,61.08,61,8430.71056018,TASWIL5000020230907KABKOTA,Landak,,0.684950096963,6.11846983154,4326,4,,,Landak,Kalimantan Barat,,0,Pontianak,,2022-11,0.12770531763692552,11,0.12770531763692552,VIIRS DNB,nW/cm2/sr,2022,"{""type"":""MultiPoint"",""coordinates"":[]}"
106_00000000000000000000,BA03050040,,,,,,,61.07,61,5488.60795319,TASWIL5000020230907KABKOTA,Bengkayang,,0.445970285372,6.02675176554,4326,4,,,Bengkayang,Kalimantan Barat,,0,Sambas,,2022-11,0.10838921371414631,11,0.10838921371414631,VIIRS DNB,nW/cm2/sr,2022,"{""type"":""MultiPoint"",""coordinates"":[]}"
106_0000000000000000000d,BA03050040,,,,,,,61.09,61,5979.04370295,TASWIL5000020230907KABKOTA,Sekadau,,0.485752312966,4.89358511498,4326,4,,,Sekadau,Kalimantan Barat,,0,Sanggau,,2022-11,0.1438501136678581,11,0.1438501136678581,VIIRS DNB,nW/cm2/sr,2022,"{""type"":""MultiPoint"",""coordinates"":[]}"
106_00000000000000000009,BA03050040,,,,,,,61.10,61,10122.5133896,TASWIL5000020230907KABKOTA,Melawi,,0.822418686577,6.18884194372,4326,4,,,Melawi,Kalimantan Barat,,0,Sintang,,2022-11,0.023258998898611667,11,0.023258998898611667,VIIRS DNB,nW/cm2/sr,2022,"{""type"":""MultiPoint"",""coordinates"":[]}"
106_00000000000000000005,BA03050040,,,,,,,61.71,61,118.208752498,TASWIL5000020230907KABKOTA,Kota Pontianak,,0.00960338694431,0.439734620886,4326,5,,,Kota Pontianak,Kalimantan Barat,,0,,,2022-11,17.150584945082347,11,17.150584945082347,VIIRS DNB,nW/cm2/sr,2022,"{""type"":""MultiPoint"",""coordinates"":[]}"
106_00000000000000000006,BA03050040,,,,,,,61.72,61,550.186910141,TASWIL5000020230907KABKOTA,Kota Singkawang,,0.0447029151336,1.23074798661,4326,5,,,Kota Singkawang,Kalimantan Barat,,0,Bengkayang,,2022-11,1.0643082911959976,11,1.0643082911959976,VIIRS DNB,nW/cm2/sr,2022,"{""type"":""MultiPoint"",""coordinates"":[]}"
106_00000000000000000001,BA03050040,,,,,,,,61,0.446818812946,TASWIL5000020230907KABKOTA,Kalimantan Barat,"Berdasarkan Kepmendagri 050-145 Tahun 2022, masuk ke Kalimantan Barat",3.63047728111E-5,0.0520740876463,4326,999,,,,Kalimantan Barat,,0,,,2022-11,0.16538631508155635,11,0.16538631508155635,VIIRS DNB,nW/cm2/sr,2022,"{""type"":""MultiPoint"",""coordinates"":[]}"
107_00000000000000000002,BA03050040,,,,,,,61.06,61,31318.2461503,TASWIL5000020230907KABKOTA,Kapuas Hulu,,2.54462852025,10.3235168378,4326,4,,,Kapuas Hulu,Kalimantan Barat,,0,,,2022-12,0.012409008876180475,12,0.012409008876180475,VIIRS DNB,nW/cm2/sr,2022,"{""type"":""MultiPoint"",""coordinates"":[]}"
107_00000000000000000004,BA03050040,,,,,,,61.04,61,30018.6763396,TASWIL5000020230907KABKOTA,Ketapang,,2.43989292708,13.6255621311,4326,4,,,Ketapang,Kalimantan Barat,,0,,,2022-12,0.012159662635168442,12,0.012159662635168442,VIIRS DNB,nW/cm2/sr,2022,"{""type"":""MultiPoint"",""coordinates"":[]}"
107_0000000000000000000a,BA03050040,,,,,,,61.02,61,1935.41897259,TASWIL5000020230907KABKOTA,Mempawah,,0.157238724723,3.1173764195,4326,4,,,Mempawah,Kalimantan Barat,,0,,,2022-12,0.0021589316084165006,12,0.0021589316084165006,VIIRS DNB,nW/cm2/sr,2022,"{""type"":""MultiPoint"",""coordinates"":[]}"
107_0000000000000000000b,BA03050040,,,,,,,61.01,61,5937.99495327,TASWIL5000020230907KABKOTA,Sambas,,0.482557384329,4.23082967505,4326,4,,,Sambas,Kalimantan Barat,,0,,,2022-12,0.07819897335899743,12,0.07819897335899743,VIIRS DNB,nW/cm2/sr,2022,"{""type"":""MultiPoint"",""coordinates"":[]}"
107_0000000000000000000c,BA03050040,,,,,,,61.03,61,12452.2241518,TASWIL5000020230907KABKOTA,Sanggau,,1.01166258397,7.65307697656,4326,4,,,Sanggau,Kalimantan Barat,,0,,,2022-12,0.010893204094887816,12,0.010893204094887816,VIIRS DNB,nW/cm2/sr,2022,"{""type"":""MultiPoint"",""coordinates"":[]}"
107_0000000000000000000e,BA03050040,,,,,,,61.05,61,22025.7880014,TASWIL5000020230907KABKOTA,Sintang,,1.78944370224,11.9811145851,4326,4,,,Sintang,Kalimantan Barat,,0,,,2022-12,0.0016246034048377383,12,0.0016246034048377383,VIIRS DNB,nW/cm2/sr,2022,"{""type"":""MultiPoint"",""coordinates"":[]}"
107_00000000000000000003,BA03050040,,,,,,,61.11,61,4110.12301412,TASWIL5000020230907KABKOTA,Kayong Utara,,0.333972050772,6.99327188474,4326,4,,,Kayong Utara,Kalimantan Barat,,0,Ketapang,,2022-12,8.801960963373317E-4,12,8.801960963373317E-4,VIIRS DNB,nW/cm2/sr,2022,"{""type"":""MultiPoint"",""coordinates"":[]}"
107_00000000000000000007,BA03050040,,,,,,,61.12,61,8549.29358265,TASWIL5000020230907KABKOTA,Kubu Raya,,0.694575912143,12.4289126619,4326,4,,,Kubu Raya,Kalimantan Barat,,0,Pontianak,,2022-12,0.03444814811218682,12,0.03444814811218682,VIIRS DNB,nW/cm2/sr,2022,"{""type"":""MultiPoint"",""coordinates"":[]}"
107_00000000000000000008,BA03050040,,,,,,,61.08,61,8430.71056018,TASWIL5000020230907KABKOTA,Landak,,0.684950096963,6.11846983154,4326,4,,,Landak,Kalimantan Barat,,0,Pontianak,,2022-12,0.01811435628111516,12,0.01811435628111516,VIIRS DNB,nW/cm2/sr,2022,"{""type"":""MultiPoint"",""coordinates"":[]}"
107_00000000000000000000,BA03050040,,,,,,,61.07,61,5488.60795319,TASWIL5000020230907KABKOTA,Bengkayang,,0.445970285372,6.02675176554,4326,4,,,Bengkayang,Kalimantan Barat,,0,Sambas,,2022-12,0.05631270297634381,12,0.05631270297634381,VIIRS DNB,nW/cm2/sr,2022,"{""type"":""MultiPoint"",""coordinates"":[]}"
107_0000000000000000000d,BA03050040,,,,,,,61.09,61,5979.04370295,TASWIL5000020230907KABKOTA,Sekadau,,0.485752312966,4.89358511498,4326,4,,,Sekadau,Kalimantan Barat,,0,Sanggau,,2022-12,4.2785410813182064E-4,12,4.2785410813182064E-4,VIIRS DNB,nW/cm2/sr,2022,"{""type"":""MultiPoint"",""coordinates"":[]}"
107_00000000000000000009,BA03050040,,,,,,,61.10,61,10122.5133896,TASWIL5000020230907KABKOTA,Melawi,,0.822418686577,6.18884194372,4326,4,,,Melawi,Kalimantan Barat,,0,Sintang,,2022-12,4.3174964243871574E-5,12,4.3174964243871574E-5,VIIRS DNB,nW/cm2/sr,2022,"{""type"":""MultiPoint"",""coordinates"":[]}"
107_00000000000000000005,BA03050040,,,,,,,61.71,61,118.208752498,TASWIL5000020230907KABKOTA,Kota Pontianak,,0.00960338694431,0.439734620886,4326,5,,,Kota Pontianak,Kalimantan Barat,,0,,,2022-12,0.17083476846002446,12,0.17083476846002446,VIIRS DNB,nW/cm2/sr,2022,"{""type"":""MultiPoint"",""coordinates"":[]}"
107_00000000000000000006,BA03050040,,,,,,,61.72,61,550.186910141,TASWIL5000020230907KABKOTA,Kota Singkawang,,0.0447029151336,1.23074798661,4326,5,,,Kota Singkawang,Kalimantan Barat,,0,Bengkayang,,2022-12,0.21148067139531365,12,0.21148067139531365,VIIRS DNB,nW/cm2/sr,2022,"{""type"":""MultiPoint"",""coordinates"":[]}"
107_00000000000000000001,BA03050040,,,,,,,,61,0.446818812946,TASWIL5000020230907KABKOTA,Kalimantan Barat,"Berdasarkan Kepmendagri 050-145 Tahun 2022, masuk ke Kalimantan Barat",3.63047728111E-5,0.0520740876463,4326,999,,,,Kalimantan Barat,,0,,,2022-12,0.0,12,0.0,VIIRS DNB,nW/cm2/sr,2022,"{""type"":""MultiPoint"",""coordinates"":[]}"
108_00000000000000000002,BA03050040,,,,,,,61.06,61,31318.2461503,TASWIL5000020230907KABKOTA,Kapuas Hulu,,2.54462852025,10.3235168378,4326,4,,,Kapuas Hulu,Kalimantan Barat,,0,,,2023-01,0.011174465141973362,1,0.011174465141973362,VIIRS DNB,nW/cm2/sr,2023,"{""type"":""MultiPoint"",""coordinates"":[]}"
108_00000000000000000004,BA03050040,,,,,,,61.04,61,30018.6763396,TASWIL5000020230907KABKOTA,Ketapang,,2.43989292708,13.6255621311,4326,4,,,Ketapang,Kalimantan Barat,,0,,,2023-01,0.06847528397496282,1,0.06847528397496282,VIIRS DNB,nW/cm2/sr,2023,"{""type"":""MultiPoint"",""coordinates"":[]}"
108_0000000000000000000a,BA03050040,,,,,,,61.02,61,1935.41897259,TASWIL5000020230907KABKOTA,Mempawah,,0.157238724723,3.1173764195,4326,4,,,Mempawah,Kalimantan Barat,,0,,,2023-01,0.3146140763028382,1,0.3146140763028382,VIIRS DNB,nW/cm2/sr,2023,"{""type"":""MultiPoint"",""coordinates"":[]}"
108_0000000000000000000b,BA03050040,,,,,,,61.01,61,5937.99495327,TASWIL5000020230907KABKOTA,Sambas,,0.482557384329,4.23082967505,4326,4,,,Sambas,Kalimantan Barat,,0,,,2023-01,0.010333873406600125,1,0.010333873406600125,VIIRS DNB,nW/cm2/sr,2023,"{""type"":""MultiPoint"",""coordinates"":[]}"
108_0000000000000000000c,BA03050040,,,,,,,61.03,61,12452.2241518,TASWIL5000020230907KABKOTA,Sanggau,,1.01166258397,7.65307697656,4326,4,,,Sanggau,Kalimantan Barat,,0,,,2023-01,0.044043006716584295,1,0.044043006716584295,VIIRS DNB,nW/cm2/sr,2023,"{""type"":""MultiPoint"",""coordinates"":[]}"
108_0000000000000000000e,BA03050040,,,,,,,61.05,61,22025.7880014,TASWIL5000020230907KABKOTA,Sintang,,1.78944370224,11.9811145851,4326,4,,,Sintang,Kalimantan Barat,,0,,,2023-01,0.018047446107874572,1,0.018047446107874572,VIIRS DNB,nW/cm2/sr,2023,"{""type"":""MultiPoint"",""coordinates"":[]}"
108_00000000000000000003,BA03050040,,,,,,,61.11,61,4110.12301412,TASWIL5000020230907KABKOTA,Kayong Utara,,0.333972050772,6.99327188474,4326,4,,,Kayong Utara,Kalimantan Barat,,0,Ketapang,,2023-01,0.0011188216808740424,1,0.0011188216808740424,VIIRS DNB,nW/cm2/sr,2023,"{""type"":""MultiPoint"",""coordinates"":[]}"
108_00000000000000000007,BA03050040,,,,,,,61.12,61,8549.29358265,TASWIL5000020230907KABKOTA,Kubu Raya,,0.694575912143,12.4289126619,4326,4,,,Kubu Raya,Kalimantan Barat,,0,Pontianak,,2023-01,0.4427439346161251,1,0.4427439346161251,VIIRS DNB,nW/cm2/sr,2023,"{""type"":""MultiPoint"",""coordinates"":[]}"
108_00000000000000000008,BA03050040,,,,,,,61.08,61,8430.71056018,TASWIL5000020230907KABKOTA,Landak,,0.684950096963,6.11846983154,4326,4,,,Landak,Kalimantan Barat,,0,Pontianak,,2023-01,0.056720950451636006,1,0.056720950451636006,VIIRS DNB,nW/cm2/sr,2023,"{""type"":""MultiPoint"",""coordinates"":[]}"
108_00000000000000000000,BA03050040,,,,,,,61.07,61,5488.60795319,TASWIL5000020230907KABKOTA,Bengkayang,,0.445970285372,6.02675176554,4326,4,,,Bengkayang,Kalimantan Barat,,0,Sambas,,2023-01,0.09986254109604557,1,0.09986254109604557,VIIRS DNB,nW/cm2/sr,2023,"{""type"":""MultiPoint"",""coordinates"":[]}"
108_0000000000000000000d,BA03050040,,,,,,,61.09,61,5979.04370295,TASWIL5000020230907KABKOTA,Sekadau,,0.485752312966,4.89358511498,4326,4,,,Sekadau,Kalimantan Barat,,0,Sanggau,,2023-01,0.0364403295531897,1,0.0364403295531897,VIIRS DNB,nW/cm2/sr,2023,"{""type"":""MultiPoint"",""coordinates"":[]}"
108_00000000000000000009,BA03050040,,,,,,,61.10,61,10122.5133896,TASWIL5000020230907KABKOTA,Melawi,,0.822418686577,6.18884194372,4326,4,,,Melawi,Kalimantan Barat,,0,Sintang,,2023-01,0.01690436756318133,1,0.01690436756318133,VIIRS DNB,nW/cm2/sr,2023,"{""type"":""MultiPoint"",""coordinates"":[]}"
108_00000000000000000005,BA03050040,,,,,,,61.71,61,118.208752498,TASWIL5000020230907KABKOTA,Kota Pontianak,,0.00960338694431,0.439734620886,4326,5,,,Kota Pontianak,Kalimantan Barat,,0,,,2023-01,25.50227613483567,1,25.50227613483567,VIIRS DNB,nW/cm2/sr,2023,"{""type"":""MultiPoint"",""coordinates"":[]}"
108_00000000000000000006,BA03050040,,,,,,,61.72,61,550.186910141,TASWIL5000020230907KABKOTA,Kota Singkawang,,0.0447029151336,1.23074798661,4326,5,,,Kota Singkawang,Kalimantan Barat,,0,Bengkayang,,2023-01,0.0,1,0.0,VIIRS DNB,nW/cm2/sr,2023,"{""type"":""MultiPoint"",""coordinates"":[]}"
108_00000000000000000001,BA03050040,,,,,,,,61,0.446818812946,TASWIL5000020230907KABKOTA,Kalimantan Barat,"Berdasarkan Kepmendagri 050-145 Tahun 2022, masuk ke Kalimantan Barat",3.63047728111E-5,0.0520740876463,4326,999,,,,Kalimantan Barat,,0,,,2023-01,0.0,1,0.0,VIIRS DNB,nW/cm2/sr,2023,"{""type"":""MultiPoint"",""coordinates"":[]}"
109_00000000000000000002,BA03050040,,,,,,,61.06,61,31318.2461503,TASWIL5000020230907KABKOTA,Kapuas Hulu,,2.54462852025,10.3235168378,4326,4,,,Kapuas Hulu,Kalimantan Barat,,0,,,2023-02,0.09719878939455429,2,0.09719878939455429,VIIRS DNB,nW/cm2/sr,2023,"{""type"":""MultiPoint"",""coordinates"":[]}"
109_00000000000000000004,BA03050040,,,,,,,61.04,61,30018.6763396,TASWIL5000020230907KABKOTA,Ketapang,,2.43989292708,13.6255621311,4326,4,,,Ketapang,Kalimantan Barat,,0,,,2023-02,0.22030184672367673,2,0.22030184672367673,VIIRS DNB,nW/cm2/sr,2023,"{""type"":""MultiPoint"",""coordinates"":[]}"
109_0000000000000000000a,BA03050040,,,,,,,61.02,61,1935.41897259,TASWIL5000020230907KABKOTA,Mempawah,,0.157238724723,3.1173764195,4326,4,,,Mempawah,Kalimantan Barat,,0,,,2023-02,0.3494531148298135,2,0.3494531148298135,VIIRS DNB,nW/cm2/sr,2023,"{""type"":""MultiPoint"",""coordinates"":[]}"
109_0000000000000000000b,BA03050040,,,,,,,61.01,61,5937.99495327,TASWIL5000020230907KABKOTA,Sambas,,0.482557384329,4.23082967505,4326,4,,,Sambas,Kalimantan Barat,,0,,,2023-02,0.36234059468288504,2,0.36234059468288504,VIIRS DNB,nW/cm2/sr,2023,"{""type"":""MultiPoint"",""coordinates"":[]}"
109_0000000000000000000c,BA03050040,,,,,,,61.03,61,12452.2241518,TASWIL5000020230907KABKOTA,Sanggau,,1.01166258397,7.65307697656,4326,4,,,Sanggau,Kalimantan Barat,,0,,,2023-02,0.16223663665196428,2,0.16223663665196428,VIIRS DNB,nW/cm2/sr,2023,"{""type"":""MultiPoint"",""coordinates"":[]}"
109_0000000000000000000e,BA03050040,,,,,,,61.05,61,22025.7880014,TASWIL5000020230907KABKOTA,Sintang,,1.78944370224,11.9811145851,4326,4,,,Sintang,Kalimantan Barat,,0,,,2023-02,0.10674337561628436,2,0.10674337561628436,VIIRS DNB,nW/cm2/sr,2023,"{""type"":""MultiPoint"",""coordinates"":[]}"
109_00000000000000000003,BA03050040,,,,,,,61.11,61,4110.12301412,TASWIL5000020230907KABKOTA,Kayong Utara,,0.333972050772,6.99327188474,4326,4,,,Kayong Utara,Kalimantan Barat,,0,Ketapang,,2023-02,0.22844244137263667,2,0.22844244137263667,VIIRS DNB,nW/cm2/sr,2023,"{""type"":""MultiPoint"",""coordinates"":[]}"
109_00000000000000000007,BA03050040,,,,,,,61.12,61,8549.29358265,TASWIL5000020230907KABKOTA,Kubu Raya,,0.694575912143,12.4289126619,4326,4,,,Kubu Raya,Kalimantan Barat,,0,Pontianak,,2023-02,0.2462812803503975,2,0.2462812803503975,VIIRS DNB,nW/cm2/sr,2023,"{""type"":""MultiPoint"",""coordinates"":[]}"
109_00000000000000000008,BA03050040,,,,,,,61.08,61,8430.71056018,TASWIL5000020230907KABKOTA,Landak,,0.684950096963,6.11846983154,4326,4,,,Landak,Kalimantan Barat,,0,Pontianak,,2023-02,0.17177000622307112,2,0.17177000622307112,VIIRS DNB,nW/cm2/sr,2023,"{""type"":""MultiPoint"",""coordinates"":[]}"
109_00000000000000000000,BA03050040,,,,,,,61.07,61,5488.60795319,TASWIL5000020230907KABKOTA,Bengkayang,,0.445970285372,6.02675176554,4326,4,,,Bengkayang,Kalimantan Barat,,0,Sambas,,2023-02,0.2363618302069317,2,0.2363618302069317,VIIRS DNB,nW/cm2/sr,2023,"{""type"":""MultiPoint"",""coordinates"":[]}"
109_0000000000000000000d,BA03050040,,,,,,,61.09,61,5979.04370295,TASWIL5000020230907KABKOTA,Sekadau,,0.485752312966,4.89358511498,4326,4,,,Sekadau,Kalimantan Barat,,0,Sanggau,,2023-02,0.11669618880856468,2,0.11669618880856468,VIIRS DNB,nW/cm2/sr,2023,"{""type"":""MultiPoint"",""coordinates"":[]}"
109_00000000000000000009,BA03050040,,,,,,,61.10,61,10122.5133896,TASWIL5000020230907KABKOTA,Melawi,,0.822418686577,6.18884194372,4326,4,,,Melawi,Kalimantan Barat,,0,Sintang,,2023-02,0.09148440490393474,2,0.09148440490393474,VIIRS DNB,nW/cm2/sr,2023,"{""type"":""MultiPoint"",""coordinates"":[]}"
109_00000000000000000005,BA03050040,,,,,,,61.71,61,118.208752498,TASWIL5000020230907KABKOTA,Kota Pontianak,,0.00960338694431,0.439734620886,4326,5,,,Kota Pontianak,Kalimantan Barat,,0,,,2023-02,4.829858348841737,2,4.829858348841737,VIIRS DNB,nW/cm2/sr,2023,"{""type"":""MultiPoint"",""coordinates"":[]}"
109_00000000000000000006,BA03050040,,,,,,,61.72,61,550.186910141,TASWIL5000020230907KABKOTA,Kota Singkawang,,0.0447029151336,1.23074798661,4326,5,,,Kota Singkawang,Kalimantan Barat,,0,Bengkayang,,2023-02,0.6478165083696976,2,0.6478165083696976,VIIRS DNB,nW/cm2/sr,2023,"{""type"":""MultiPoint"",""coordinates"":[]}"
109_00000000000000000001,BA03050040,,,,,,,,61,0.446818812946,TASWIL5000020230907KABKOTA,Kalimantan Barat,"Berdasarkan Kepmendagri 050-145 Tahun 2022, masuk ke Kalimantan Barat",3.63047728111E-5,0.0520740876463,4326,999,,,,Kalimantan Barat,,0,,,2023-02,0.19350993259918875,2,0.19350993259918875,VIIRS DNB,nW/cm2/sr,2023,"{""type"":""MultiPoint"",""coordinates"":[]}"
110_00000000000000000002,BA03050040,,,,,,,61.06,61,31318.2461503,TASWIL5000020230907KABKOTA,Kapuas Hulu,,2.54462852025,10.3235168378,4326,4,,,Kapuas Hulu,Kalimantan Barat,,0,,,2023-03,0.02057754762096923,3,0.02057754762096923,VIIRS DNB,nW/cm2/sr,2023,"{""type"":""MultiPoint"",""coordinates"":[]}"
110_00000000000000000004,BA03050040,,,,,,,61.04,61,30018.6763396,TASWIL5000020230907KABKOTA,Ketapang,,2.43989292708,13.6255621311,4326,4,,,Ketapang,Kalimantan Barat,,0,,,2023-03,0.295850387208271,3,0.295850387208271,VIIRS DNB,nW/cm2/sr,2023,"{""type"":""MultiPoint"",""coordinates"":[]}"
110_0000000000000000000a,BA03050040,,,,,,,61.02,61,1935.41897259,TASWIL5000020230907KABKOTA,Mempawah,,0.157238724723,3.1173764195,4326,4,,,Mempawah,Kalimantan Barat,,0,,,2023-03,0.48353538204472835,3,0.48353538204472835,VIIRS DNB,nW/cm2/sr,2023,"{""type"":""MultiPoint"",""coordinates"":[]}"
110_0000000000000000000b,BA03050040,,,,,,,61.01,61,5937.99495327,TASWIL5000020230907KABKOTA,Sambas,,0.482557384329,4.23082967505,4326,4,,,Sambas,Kalimantan Barat,,0,,,2023-03,0.3077225194631471,3,0.3077225194631471,VIIRS DNB,nW/cm2/sr,2023,"{""type"":""MultiPoint"",""coordinates"":[]}"
110_0000000000000000000c,BA03050040,,,,,,,61.03,61,12452.2241518,TASWIL5000020230907KABKOTA,Sanggau,,1.01166258397,7.65307697656,4326,4,,,Sanggau,Kalimantan Barat,,0,,,2023-03,0.26749009481575914,3,0.26749009481575914,VIIRS DNB,nW/cm2/sr,2023,"{""type"":""MultiPoint"",""coordinates"":[]}"
110_0000000000000000000e,BA03050040,,,,,,,61.05,61,22025.7880014,TASWIL5000020230907KABKOTA,Sintang,,1.78944370224,11.9811145851,4326,4,,,Sintang,Kalimantan Barat,,0,,,2023-03,0.062497466294042285,3,0.062497466294042285,VIIRS DNB,nW/cm2/sr,2023,"{""type"":""MultiPoint"",""coordinates"":[]}"
110_00000000000000000003,BA03050040,,,,,,,61.11,61,4110.12301412,TASWIL5000020230907KABKOTA,Kayong Utara,,0.333972050772,6.99327188474,4326,4,,,Kayong Utara,Kalimantan Barat,,0,Ketapang,,2023-03,0.13888731170928934,3,0.13888731170928934,VIIRS DNB,nW/cm2/sr,2023,"{""type"":""MultiPoint"",""coordinates"":[]}"
110_00000000000000000007,BA03050040,,,,,,,61.12,61,8549.29358265,TASWIL5000020230907KABKOTA,Kubu Raya,,0.694575912143,12.4289126619,4326,4,,,Kubu Raya,Kalimantan Barat,,0,Pontianak,,2023-03,0.30932925941168177,3,0.30932925941168177,VIIRS DNB,nW/cm2/sr,2023,"{""type"":""MultiPoint"",""coordinates"":[]}"
110_00000000000000000008,BA03050040,,,,,,,61.08,61,8430.71056018,TASWIL5000020230907KABKOTA,Landak,,0.684950096963,6.11846983154,4326,4,,,Landak,Kalimantan Barat,,0,Pontianak,,2023-03,0.2610084976959208,3,0.2610084976959208,VIIRS DNB,nW/cm2/sr,2023,"{""type"":""MultiPoint"",""coordinates"":[]}"
110_00000000000000000000,BA03050040,,,,,,,61.07,61,5488.60795319,TASWIL5000020230907KABKOTA,Bengkayang,,0.445970285372,6.02675176554,4326,4,,,Bengkayang,Kalimantan Barat,,0,Sambas,,2023-03,0.3331496782034377,3,0.3331496782034377,VIIRS DNB,nW/cm2/sr,2023,"{""type"":""MultiPoint"",""coordinates"":[]}"
110_0000000000000000000d,BA03050040,,,,,,,61.09,61,5979.04370295,TASWIL5000020230907KABKOTA,Sekadau,,0.485752312966,4.89358511498,4326,4,,,Sekadau,Kalimantan Barat,,0,Sanggau,,2023-03,0.15999397811657998,3,0.15999397811657998,VIIRS DNB,nW/cm2/sr,2023,"{""type"":""MultiPoint"",""coordinates"":[]}"
110_00000000000000000009,BA03050040,,,,,,,61.10,61,10122.5133896,TASWIL5000020230907KABKOTA,Melawi,,0.822418686577,6.18884194372,4326,4,,,Melawi,Kalimantan Barat,,0,Sintang,,2023-03,0.1553520204567578,3,0.1553520204567578,VIIRS DNB,nW/cm2/sr,2023,"{""type"":""MultiPoint"",""coordinates"":[]}"
110_00000000000000000005,BA03050040,,,,,,,61.71,61,118.208752498,TASWIL5000020230907KABKOTA,Kota Pontianak,,0.00960338694431,0.439734620886,4326,5,,,Kota Pontianak,Kalimantan Barat,,0,,,2023-03,11.991942840438208,3,11.991942840438208,VIIRS DNB,nW/cm2/sr,2023,"{""type"":""MultiPoint"",""coordinates"":[]}"
110_00000000000000000006,BA03050040,,,,,,,61.72,61,550.186910141,TASWIL5000020230907KABKOTA,Kota Singkawang,,0.0447029151336,1.23074798661,4326,5,,,Kota Singkawang,Kalimantan Barat,,0,Bengkayang,,2023-03,0.2200027083638761,3,0.2200027083638761,VIIRS DNB,nW/cm2/sr,2023,"{""type"":""MultiPoint"",""coordinates"":[]}"
110_00000000000000000001,BA03050040,,,,,,,,61,0.446818812946,TASWIL5000020230907KABKOTA,Kalimantan Barat,"Berdasarkan Kepmendagri 050-145 Tahun 2022, masuk ke Kalimantan Barat",3.63047728111E-5,0.0520740876463,4326,999,,,,Kalimantan Barat,,0,,,2023-03,0.0,3,0.0,VIIRS DNB,nW/cm2/sr,2023,"{""type"":""MultiPoint"",""coordinates"":[]}"
111_00000000000000000002,BA03050040,,,,,,,61.06,61,31318.2461503,TASWIL5000020230907KABKOTA,Kapuas Hulu,,2.54462852025,10.3235168378,4326,4,,,Kapuas Hulu,Kalimantan Barat,,0,,,2023-04,0.4025245449853836,4,0.4025245449853836,VIIRS DNB,nW/cm2/sr,2023,"{""type"":""MultiPoint"",""coordinates"":[]}"
111_00000000000000000004,BA03050040,,,,,,,61.04,61,30018.6763396,TASWIL5000020230907KABKOTA,Ketapang,,2.43989292708,13.6255621311,4326,4,,,Ketapang,Kalimantan Barat,,0,,,2023-04,0.3873682981014462,4,0.3873682981014462,VIIRS DNB,nW/cm2/sr,2023,"{""type"":""MultiPoint"",""coordinates"":[]}"
111_0000000000000000000a,BA03050040,,,,,,,61.02,61,1935.41897259,TASWIL5000020230907KABKOTA,Mempawah,,0.157238724723,3.1173764195,4326,4,,,Mempawah,Kalimantan Barat,,0,,,2023-04,0.8698762503874953,4,0.8698762503874953,VIIRS DNB,nW/cm2/sr,2023,"{""type"":""MultiPoint"",""coordinates"":[]}"
111_0000000000000000000b,BA03050040,,,,,,,61.01,61,5937.99495327,TASWIL5000020230907KABKOTA,Sambas,,0.482557384329,4.23082967505,4326,4,,,Sambas,Kalimantan Barat,,0,,,2023-04,0.5941831427364851,4,0.5941831427364851,VIIRS DNB,nW/cm2/sr,2023,"{""type"":""MultiPoint"",""coordinates"":[]}"
111_0000000000000000000c,BA03050040,,,,,,,61.03,61,12452.2241518,TASWIL5000020230907KABKOTA,Sanggau,,1.01166258397,7.65307697656,4326,4,,,Sanggau,Kalimantan Barat,,0,,,2023-04,0.3352307453806877,4,0.3352307453806877,VIIRS DNB,nW/cm2/sr,2023,"{""type"":""MultiPoint"",""coordinates"":[]}"
111_0000000000000000000e,BA03050040,,,,,,,61.05,61,22025.7880014,TASWIL5000020230907KABKOTA,Sintang,,1.78944370224,11.9811145851,4326,4,,,Sintang,Kalimantan Barat,,0,,,2023-04,0.364598471563193,4,0.364598471563193,VIIRS DNB,nW/cm2/sr,2023,"{""type"":""MultiPoint"",""coordinates"":[]}"
111_00000000000000000003,BA03050040,,,,,,,61.11,61,4110.12301412,TASWIL5000020230907KABKOTA,Kayong Utara,,0.333972050772,6.99327188474,4326,4,,,Kayong Utara,Kalimantan Barat,,0,Ketapang,,2023-04,0.41930262704258503,4,0.41930262704258503,VIIRS DNB,nW/cm2/sr,2023,"{""type"":""MultiPoint"",""coordinates"":[]}"
111_00000000000000000007,BA03050040,,,,,,,61.12,61,8549.29358265,TASWIL5000020230907KABKOTA,Kubu Raya,,0.694575912143,12.4289126619,4326,4,,,Kubu Raya,Kalimantan Barat,,0,Pontianak,,2023-04,0.7223338328306613,4,0.7223338328306613,VIIRS DNB,nW/cm2/sr,2023,"{""type"":""MultiPoint"",""coordinates"":[]}"
111_00000000000000000008,BA03050040,,,,,,,61.08,61,8430.71056018,TASWIL5000020230907KABKOTA,Landak,,0.684950096963,6.11846983154,4326,4,,,Landak,Kalimantan Barat,,0,Pontianak,,2023-04,0.44568320055085453,4,0.44568320055085453,VIIRS DNB,nW/cm2/sr,2023,"{""type"":""MultiPoint"",""coordinates"":[]}"
111_00000000000000000000,BA03050040,,,,,,,61.07,61,5488.60795319,TASWIL5000020230907KABKOTA,Bengkayang,,0.445970285372,6.02675176554,4326,4,,,Bengkayang,Kalimantan Barat,,0,Sambas,,2023-04,0.5179689454823483,4,0.5179689454823483,VIIRS DNB,nW/cm2/sr,2023,"{""type"":""MultiPoint"",""coordinates"":[]}"
111_0000000000000000000d,BA03050040,,,,,,,61.09,61,5979.04370295,TASWIL5000020230907KABKOTA,Sekadau,,0.485752312966,4.89358511498,4326,4,,,Sekadau,Kalimantan Barat,,0,Sanggau,,2023-04,0.36604966534025646,4,0.36604966534025646,VIIRS DNB,nW/cm2/sr,2023,"{""type"":""MultiPoint"",""coordinates"":[]}"
111_00000000000000000009,BA03050040,,,,,,,61.10,61,10122.5133896,TASWIL5000020230907KABKOTA,Melawi,,0.822418686577,6.18884194372,4326,4,,,Melawi,Kalimantan Barat,,0,Sintang,,2023-04,0.3846774443805568,4,0.3846774443805568,VIIRS DNB,nW/cm2/sr,2023,"{""type"":""MultiPoint"",""coordinates"":[]}"
111_00000000000000000005,BA03050040,,,,,,,61.71,61,118.208752498,TASWIL5000020230907KABKOTA,Kota Pontianak,,0.00960338694431,0.439734620886,4326,5,,,Kota Pontianak,Kalimantan Barat,,0,,,2023-04,15.975777237904786,4,15.975777237904786,VIIRS DNB,nW/cm2/sr,2023,"{""type"":""MultiPoint"",""coordinates"":[]}"
111_00000000000000000006,BA03050040,,,,,,,61.72,61,550.186910141,TASWIL5000020230907KABKOTA,Kota Singkawang,,0.0447029151336,1.23074798661,4326,5,,,Kota Singkawang,Kalimantan Barat,,0,Bengkayang,,2023-04,1.4456737602790004,4,1.4456737602790004,VIIRS DNB,nW/cm2/sr,2023,"{""type"":""MultiPoint"",""coordinates"":[]}"
111_00000000000000000001,BA03050040,,,,,,,,61,0.446818812946,TASWIL5000020230907KABKOTA,Kalimantan Barat,"Berdasarkan Kepmendagri 050-145 Tahun 2022, masuk ke Kalimantan Barat",3.63047728111E-5,0.0520740876463,4326,999,,,,Kalimantan Barat,,0,,,2023-04,0.47415009969907096,4,0.47415009969907096,VIIRS DNB,nW/cm2/sr,2023,"{""type"":""MultiPoint"",""coordinates"":[]}"
112_00000000000000000002,BA03050040,,,,,,,61.06,61,31318.2461503,TASWIL5000020230907KABKOTA,Kapuas Hulu,,2.54462852025,10.3235168378,4326,4,,,Kapuas Hulu,Kalimantan Barat,,0,,,2023-05,0.28519143222150223,5,0.28519143222150223,VIIRS DNB,nW/cm2/sr,2023,"{""type"":""MultiPoint"",""coordinates"":[]}"
112_00000000000000000004,BA03050040,,,,,,,61.04,61,30018.6763396,TASWIL5000020230907KABKOTA,Ketapang,,2.43989292708,13.6255621311,4326,4,,,Ketapang,Kalimantan Barat,,0,,,2023-05,0.3475040376315315,5,0.3475040376315315,VIIRS DNB,nW/cm2/sr,2023,"{""type"":""MultiPoint"",""coordinates"":[]}"
112_0000000000000000000a,BA03050040,,,,,,,61.02,61,1935.41897259,TASWIL5000020230907KABKOTA,Mempawah,,0.157238724723,3.1173764195,4326,4,,,Mempawah,Kalimantan Barat,,0,,,2023-05,0.700507940292157,5,0.700507940292157,VIIRS DNB,nW/cm2/sr,2023,"{""type"":""MultiPoint"",""coordinates"":[]}"
112_0000000000000000000b,BA03050040,,,,,,,61.01,61,5937.99495327,TASWIL5000020230907KABKOTA,Sambas,,0.482557384329,4.23082967505,4326,4,,,Sambas,Kalimantan Barat,,0,,,2023-05,0.40616792602154883,5,0.40616792602154883,VIIRS DNB,nW/cm2/sr,2023,"{""type"":""MultiPoint"",""coordinates"":[]}"
112_0000000000000000000c,BA03050040,,,,,,,61.03,61,12452.2241518,TASWIL5000020230907KABKOTA,Sanggau,,1.01166258397,7.65307697656,4326,4,,,Sanggau,Kalimantan Barat,,0,,,2023-05,0.34569255162911744,5,0.34569255162911744,VIIRS DNB,nW/cm2/sr,2023,"{""type"":""MultiPoint"",""coordinates"":[]}"
112_0000000000000000000e,BA03050040,,,,,,,61.05,61,22025.7880014,TASWIL5000020230907KABKOTA,Sintang,,1.78944370224,11.9811145851,4326,4,,,Sintang,Kalimantan Barat,,0,,,2023-05,0.30762251666462903,5,0.30762251666462903,VIIRS DNB,nW/cm2/sr,2023,"{""type"":""MultiPoint"",""coordinates"":[]}"
112_00000000000000000003,BA03050040,,,,,,,61.11,61,4110.12301412,TASWIL5000020230907KABKOTA,Kayong Utara,,0.333972050772,6.99327188474,4326,4,,,Kayong Utara,Kalimantan Barat,,0,Ketapang,,2023-05,0.3209142878555608,5,0.3209142878555608,VIIRS DNB,nW/cm2/sr,2023,"{""type"":""MultiPoint"",""coordinates"":[]}"
112_00000000000000000007,BA03050040,,,,,,,61.12,61,8549.29358265,TASWIL5000020230907KABKOTA,Kubu Raya,,0.694575912143,12.4289126619,4326,4,,,Kubu Raya,Kalimantan Barat,,0,Pontianak,,2023-05,0.5609824968954733,5,0.5609824968954733,VIIRS DNB,nW/cm2/sr,2023,"{""type"":""MultiPoint"",""coordinates"":[]}"
112_00000000000000000008,BA03050040,,,,,,,61.08,61,8430.71056018,TASWIL5000020230907KABKOTA,Landak,,0.684950096963,6.11846983154,4326,4,,,Landak,Kalimantan Barat,,0,Pontianak,,2023-05,0.3499070010848073,5,0.3499070010848073,VIIRS DNB,nW/cm2/sr,2023,"{""type"":""MultiPoint"",""coordinates"":[]}"
112_00000000000000000000,BA03050040,,,,,,,61.07,61,5488.60795319,TASWIL5000020230907KABKOTA,Bengkayang,,0.445970285372,6.02675176554,4326,4,,,Bengkayang,Kalimantan Barat,,0,Sambas,,2023-05,0.3516769951642523,5,0.3516769951642523,VIIRS DNB,nW/cm2/sr,2023,"{""type"":""MultiPoint"",""coordinates"":[]}"
112_0000000000000000000d,BA03050040,,,,,,,61.09,61,5979.04370295,TASWIL5000020230907KABKOTA,Sekadau,,0.485752312966,4.89358511498,4326,4,,,Sekadau,Kalimantan Barat,,0,Sanggau,,2023-05,0.334497842567219,5,0.334497842567219,VIIRS DNB,nW/cm2/sr,2023,"{""type"":""MultiPoint"",""coordinates"":[]}"
112_00000000000000000009,BA03050040,,,,,,,61.10,61,10122.5133896,TASWIL5000020230907KABKOTA,Melawi,,0.822418686577,6.18884194372,4326,4,,,Melawi,Kalimantan Barat,,0,Sintang,,2023-05,0.30661718268143817,5,0.30661718268143817,VIIRS DNB,nW/cm2/sr,2023,"{""type"":""MultiPoint"",""coordinates"":[]}"
112_00000000000000000005,BA03050040,,,,,,,61.71,61,118.208752498,TASWIL5000020230907KABKOTA,Kota Pontianak,,0.00960338694431,0.439734620886,4326,5,,,Kota Pontianak,Kalimantan Barat,,0,,,2023-05,15.688476249537675,5,15.688476249537675,VIIRS DNB,nW/cm2/sr,2023,"{""type"":""MultiPoint"",""coordinates"":[]}"
112_00000000000000000006,BA03050040,,,,,,,61.72,61,550.186910141,TASWIL5000020230907KABKOTA,Kota Singkawang,,0.0447029151336,1.23074798661,4326,5,,,Kota Singkawang,Kalimantan Barat,,0,Bengkayang,,2023-05,1.1710434097975901,5,1.1710434097975901,VIIRS DNB,nW/cm2/sr,2023,"{""type"":""MultiPoint"",""coordinates"":[]}"
112_00000000000000000001,BA03050040,,,,,,,,61,0.446818812946,TASWIL5000020230907KABKOTA,Kalimantan Barat,"Berdasarkan Kepmendagri 050-145 Tahun 2022, masuk ke Kalimantan Barat",3.63047728111E-5,0.0520740876463,4326,999,,,,Kalimantan Barat,,0,,,2023-05,0.25125827845885007,5,0.25125827845885007,VIIRS DNB,nW/cm2/sr,2023,"{""type"":""MultiPoint"",""coordinates"":[]}"
113_00000000000000000002,BA03050040,,,,,,,61.06,61,31318.2461503,TASWIL5000020230907KABKOTA,Kapuas Hulu,,2.54462852025,10.3235168378,4326,4,,,Kapuas Hulu,Kalimantan Barat,,0,,,2023-06,0.2830811791098758,6,0.2830811791098758,VIIRS DNB,nW/cm2/sr,2023,"{""type"":""MultiPoint"",""coordinates"":[]}"
113_00000000000000000004,BA03050040,,,,,,,61.04,61,30018.6763396,TASWIL5000020230907KABKOTA,Ketapang,,2.43989292708,13.6255621311,4326,4,,,Ketapang,Kalimantan Barat,,0,,,2023-06,0.30167906086712104,6,0.30167906086712104,VIIRS DNB,nW/cm2/sr,2023,"{""type"":""MultiPoint"",""coordinates"":[]}"
113_0000000000000000000a,BA03050040,,,,,,,61.02,61,1935.41897259,TASWIL5000020230907KABKOTA,Mempawah,,0.157238724723,3.1173764195,4326,4,,,Mempawah,Kalimantan Barat,,0,,,2023-06,0.6909795127307964,6,0.6909795127307964,VIIRS DNB,nW/cm2/sr,2023,"{""type"":""MultiPoint"",""coordinates"":[]}"
113_0000000000000000000b,BA03050040,,,,,,,61.01,61,5937.99495327,TASWIL5000020230907KABKOTA,Sambas,,0.482557384329,4.23082967505,4326,4,,,Sambas,Kalimantan Barat,,0,,,2023-06,0.43936154026028984,6,0.43936154026028984,VIIRS DNB,nW/cm2/sr,2023,"{""type"":""MultiPoint"",""coordinates"":[]}"
113_0000000000000000000c,BA03050040,,,,,,,61.03,61,12452.2241518,TASWIL5000020230907KABKOTA,Sanggau,,1.01166258397,7.65307697656,4326,4,,,Sanggau,Kalimantan Barat,,0,,,2023-06,0.3396121230764946,6,0.3396121230764946,VIIRS DNB,nW/cm2/sr,2023,"{""type"":""MultiPoint"",""coordinates"":[]}"
113_0000000000000000000e,BA03050040,,,,,,,61.05,61,22025.7880014,TASWIL5000020230907KABKOTA,Sintang,,1.78944370224,11.9811145851,4326,4,,,Sintang,Kalimantan Barat,,0,,,2023-06,0.29495965308412947,6,0.29495965308412947,VIIRS DNB,nW/cm2/sr,2023,"{""type"":""MultiPoint"",""coordinates"":[]}"
113_00000000000000000003,BA03050040,,,,,,,61.11,61,4110.12301412,TASWIL5000020230907KABKOTA,Kayong Utara,,0.333972050772,6.99327188474,4326,4,,,Kayong Utara,Kalimantan Barat,,0,Ketapang,,2023-06,0.3128200940353328,6,0.3128200940353328,VIIRS DNB,nW/cm2/sr,2023,"{""type"":""MultiPoint"",""coordinates"":[]}"
113_00000000000000000007,BA03050040,,,,,,,61.12,61,8549.29358265,TASWIL5000020230907KABKOTA,Kubu Raya,,0.694575912143,12.4289126619,4326,4,,,Kubu Raya,Kalimantan Barat,,0,Pontianak,,2023-06,0.5160105088124023,6,0.5160105088124023,VIIRS DNB,nW/cm2/sr,2023,"{""type"":""MultiPoint"",""coordinates"":[]}"
113_00000000000000000008,BA03050040,,,,,,,61.08,61,8430.71056018,TASWIL5000020230907KABKOTA,Landak,,0.684950096963,6.11846983154,4326,4,,,Landak,Kalimantan Barat,,0,Pontianak,,2023-06,0.32837594842510953,6,0.32837594842510953,VIIRS DNB,nW/cm2/sr,2023,"{""type"":""MultiPoint"",""coordinates"":[]}"
113_00000000000000000000,BA03050040,,,,,,,61.07,61,5488.60795319,TASWIL5000020230907KABKOTA,Bengkayang,,0.445970285372,6.02675176554,4326,4,,,Bengkayang,Kalimantan Barat,,0,Sambas,,2023-06,0.3562493263664041,6,0.3562493263664041,VIIRS DNB,nW/cm2/sr,2023,"{""type"":""MultiPoint"",""coordinates"":[]}"
113_0000000000000000000d,BA03050040,,,,,,,61.09,61,5979.04370295,TASWIL5000020230907KABKOTA,Sekadau,,0.485752312966,4.89358511498,4326,4,,,Sekadau,Kalimantan Barat,,0,Sanggau,,2023-06,0.30320291987803216,6,0.30320291987803216,VIIRS DNB,nW/cm2/sr,2023,"{""type"":""MultiPoint"",""coordinates"":[]}"
113_00000000000000000009,BA03050040,,,,,,,61.10,61,10122.5133896,TASWIL5000020230907KABKOTA,Melawi,,0.822418686577,6.18884194372,4326,4,,,Melawi,Kalimantan Barat,,0,Sintang,,2023-06,0.2974810444900094,6,0.2974810444900094,VIIRS DNB,nW/cm2/sr,2023,"{""type"":""MultiPoint"",""coordinates"":[]}"
113_00000000000000000005,BA03050040,,,,,,,61.71,61,118.208752498,TASWIL5000020230907KABKOTA,Kota Pontianak,,0.00960338694431,0.439734620886,4326,5,,,Kota Pontianak,Kalimantan Barat,,0,,,2023-06,15.870191393598516,6,15.870191393598516,VIIRS DNB,nW/cm2/sr,2023,"{""type"":""MultiPoint"",""coordinates"":[]}"
113_00000000000000000006,BA03050040,,,,,,,61.72,61,550.186910141,TASWIL5000020230907KABKOTA,Kota Singkawang,,0.0447029151336,1.23074798661,4326,5,,,Kota Singkawang,Kalimantan Barat,,0,Bengkayang,,2023-06,1.3810986656878683,6,1.3810986656878683,VIIRS DNB,nW/cm2/sr,2023,"{""type"":""MultiPoint"",""coordinates"":[]}"
113_00000000000000000001,BA03050040,,,,,,,,61,0.446818812946,TASWIL5000020230907KABKOTA,Kalimantan Barat,"Berdasarkan Kepmendagri 050-145 Tahun 2022, masuk ke Kalimantan Barat",3.63047728111E-5,0.0520740876463,4326,999,,,,Kalimantan Barat,,0,,,2023-06,0.2645253869016176,6,0.2645253869016176,VIIRS DNB,nW/cm2/sr,2023,"{""type"":""MultiPoint"",""coordinates"":[]}"
114_00000000000000000002,BA03050040,,,,,,,61.06,61,31318.2461503,TASWIL5000020230907KABKOTA,Kapuas Hulu,,2.54462852025,10.3235168378,4326,4,,,Kapuas Hulu,Kalimantan Barat,,0,,,2023-07,0.21131654189993906,7,0.21131654189993906,VIIRS DNB,nW/cm2/sr,2023,"{""type"":""MultiPoint"",""coordinates"":[]}"
114_00000000000000000004,BA03050040,,,,,,,61.04,61,30018.6763396,TASWIL5000020230907KABKOTA,Ketapang,,2.43989292708,13.6255621311,4326,4,,,Ketapang,Kalimantan Barat,,0,,,2023-07,0.2831194852548572,7,0.2831194852548572,VIIRS DNB,nW/cm2/sr,2023,"{""type"":""MultiPoint"",""coordinates"":[]}"
114_0000000000000000000a,BA03050040,,,,,,,61.02,61,1935.41897259,TASWIL5000020230907KABKOTA,Mempawah,,0.157238724723,3.1173764195,4326,4,,,Mempawah,Kalimantan Barat,,0,,,2023-07,0.7753347433695024,7,0.7753347433695024,VIIRS DNB,nW/cm2/sr,2023,"{""type"":""MultiPoint"",""coordinates"":[]}"
114_0000000000000000000b,BA03050040,,,,,,,61.01,61,5937.99495327,TASWIL5000020230907KABKOTA,Sambas,,0.482557384329,4.23082967505,4326,4,,,Sambas,Kalimantan Barat,,0,,,2023-07,0.3046822242130775,7,0.3046822242130775,VIIRS DNB,nW/cm2/sr,2023,"{""type"":""MultiPoint"",""coordinates"":[]}"
114_0000000000000000000c,BA03050040,,,,,,,61.03,61,12452.2241518,TASWIL5000020230907KABKOTA,Sanggau,,1.01166258397,7.65307697656,4326,4,,,Sanggau,Kalimantan Barat,,0,,,2023-07,0.30140003151345396,7,0.30140003151345396,VIIRS DNB,nW/cm2/sr,2023,"{""type"":""MultiPoint"",""coordinates"":[]}"
114_0000000000000000000e,BA03050040,,,,,,,61.05,61,22025.7880014,TASWIL5000020230907KABKOTA,Sintang,,1.78944370224,11.9811145851,4326,4,,,Sintang,Kalimantan Barat,,0,,,2023-07,0.2697758605531658,7,0.2697758605531658,VIIRS DNB,nW/cm2/sr,2023,"{""type"":""MultiPoint"",""coordinates"":[]}"
114_00000000000000000003,BA03050040,,,,,,,61.11,61,4110.12301412,TASWIL5000020230907KABKOTA,Kayong Utara,,0.333972050772,6.99327188474,4326,4,,,Kayong Utara,Kalimantan Barat,,0,Ketapang,,2023-07,0.2901346303865189,7,0.2901346303865189,VIIRS DNB,nW/cm2/sr,2023,"{""type"":""MultiPoint"",""coordinates"":[]}"
114_00000000000000000007,BA03050040,,,,,,,61.12,61,8549.29358265,TASWIL5000020230907KABKOTA,Kubu Raya,,0.694575912143,12.4289126619,4326,4,,,Kubu Raya,Kalimantan Barat,,0,Pontianak,,2023-07,0.6112053123594275,7,0.6112053123594275,VIIRS DNB,nW/cm2/sr,2023,"{""type"":""MultiPoint"",""coordinates"":[]}"
114_00000000000000000008,BA03050040,,,,,,,61.08,61,8430.71056018,TASWIL5000020230907KABKOTA,Landak,,0.684950096963,6.11846983154,4326,4,,,Landak,Kalimantan Barat,,0,Pontianak,,2023-07,0.3098606140296334,7,0.3098606140296334,VIIRS DNB,nW/cm2/sr,2023,"{""type"":""MultiPoint"",""coordinates"":[]}"
114_00000000000000000000,BA03050040,,,,,,,61.07,61,5488.60795319,TASWIL5000020230907KABKOTA,Bengkayang,,0.445970285372,6.02675176554,4326,4,,,Bengkayang,Kalimantan Barat,,0,Sambas,,2023-07,0.30756695499744835,7,0.30756695499744835,VIIRS DNB,nW/cm2/sr,2023,"{""type"":""MultiPoint"",""coordinates"":[]}"
114_0000000000000000000d,BA03050040,,,,,,,61.09,61,5979.04370295,TASWIL5000020230907KABKOTA,Sekadau,,0.485752312966,4.89358511498,4326,4,,,Sekadau,Kalimantan Barat,,0,Sanggau,,2023-07,0.27805471945572846,7,0.27805471945572846,VIIRS DNB,nW/cm2/sr,2023,"{""type"":""MultiPoint"",""coordinates"":[]}"
114_00000000000000000009,BA03050040,,,,,,,61.10,61,10122.5133896,TASWIL5000020230907KABKOTA,Melawi,,0.822418686577,6.18884194372,4326,4,,,Melawi,Kalimantan Barat,,0,Sintang,,2023-07,0.2698893133048785,7,0.2698893133048785,VIIRS DNB,nW/cm2/sr,2023,"{""type"":""MultiPoint"",""coordinates"":[]}"
114_00000000000000000005,BA03050040,,,,,,,61.71,61,118.208752498,TASWIL5000020230907KABKOTA,Kota Pontianak,,0.00960338694431,0.439734620886,4326,5,,,Kota Pontianak,Kalimantan Barat,,0,,,2023-07,20.17946107236005,7,20.17946107236005,VIIRS DNB,nW/cm2/sr,2023,"{""type"":""MultiPoint"",""coordinates"":[]}"
114_00000000000000000006,BA03050040,,,,,,,61.72,61,550.186910141,TASWIL5000020230907KABKOTA,Kota Singkawang,,0.0447029151336,1.23074798661,4326,5,,,Kota Singkawang,Kalimantan Barat,,0,Bengkayang,,2023-07,1.3356977599178734,7,1.3356977599178734,VIIRS DNB,nW/cm2/sr,2023,"{""type"":""MultiPoint"",""coordinates"":[]}"
114_00000000000000000001,BA03050040,,,,,,,,61,0.446818812946,TASWIL5000020230907KABKOTA,Kalimantan Barat,"Berdasarkan Kepmendagri 050-145 Tahun 2022, masuk ke Kalimantan Barat",3.63047728111E-5,0.0520740876463,4326,999,,,,Kalimantan Barat,,0,,,2023-07,0.3060264951214359,7,0.3060264951214359,VIIRS DNB,nW/cm2/sr,2023,"{""type"":""MultiPoint"",""coordinates"":[]}"
115_00000000000000000002,BA03050040,,,,,,,61.06,61,31318.2461503,TASWIL5000020230907KABKOTA,Kapuas Hulu,,2.54462852025,10.3235168378,4326,4,,,Kapuas Hulu,Kalimantan Barat,,0,,,2023-08,0.09729166170338467,8,0.09729166170338467,VIIRS DNB,nW/cm2/sr,2023,"{""type"":""MultiPoint"",""coordinates"":[]}"
115_00000000000000000004,BA03050040,,,,,,,61.04,61,30018.6763396,TASWIL5000020230907KABKOTA,Ketapang,,2.43989292708,13.6255621311,4326,4,,,Ketapang,Kalimantan Barat,,0,,,2023-08,0.28054977645286333,8,0.28054977645286333,VIIRS DNB,nW/cm2/sr,2023,"{""type"":""MultiPoint"",""coordinates"":[]}"
115_0000000000000000000a,BA03050040,,,,,,,61.02,61,1935.41897259,TASWIL5000020230907KABKOTA,Mempawah,,0.157238724723,3.1173764195,4326,4,,,Mempawah,Kalimantan Barat,,0,,,2023-08,0.4571325263172007,8,0.4571325263172007,VIIRS DNB,nW/cm2/sr,2023,"{""type"":""MultiPoint"",""coordinates"":[]}"
115_0000000000000000000b,BA03050040,,,,,,,61.01,61,5937.99495327,TASWIL5000020230907KABKOTA,Sambas,,0.482557384329,4.23082967505,4326,4,,,Sambas,Kalimantan Barat,,0,,,2023-08,0.15949500478784673,8,0.15949500478784673,VIIRS DNB,nW/cm2/sr,2023,"{""type"":""MultiPoint"",""coordinates"":[]}"
115_0000000000000000000c,BA03050040,,,,,,,61.03,61,12452.2241518,TASWIL5000020230907KABKOTA,Sanggau,,1.01166258397,7.65307697656,4326,4,,,Sanggau,Kalimantan Barat,,0,,,2023-08,0.11061269103494892,8,0.11061269103494892,VIIRS DNB,nW/cm2/sr,2023,"{""type"":""MultiPoint"",""coordinates"":[]}"
115_0000000000000000000e,BA03050040,,,,,,,61.05,61,22025.7880014,TASWIL5000020230907KABKOTA,Sintang,,1.78944370224,11.9811145851,4326,4,,,Sintang,Kalimantan Barat,,0,,,2023-08,0.10896369967343432,8,0.10896369967343432,VIIRS DNB,nW/cm2/sr,2023,"{""type"":""MultiPoint"",""coordinates"":[]}"
115_00000000000000000003,BA03050040,,,,,,,61.11,61,4110.12301412,TASWIL5000020230907KABKOTA,Kayong Utara,,0.333972050772,6.99327188474,4326,4,,,Kayong Utara,Kalimantan Barat,,0,Ketapang,,2023-08,0.2684686435038892,8,0.2684686435038892,VIIRS DNB,nW/cm2/sr,2023,"{""type"":""MultiPoint"",""coordinates"":[]}"
115_00000000000000000007,BA03050040,,,,,,,61.12,61,8549.29358265,TASWIL5000020230907KABKOTA,Kubu Raya,,0.694575912143,12.4289126619,4326,4,,,Kubu Raya,Kalimantan Barat,,0,Pontianak,,2023-08,0.4170259419150412,8,0.4170259419150412,VIIRS DNB,nW/cm2/sr,2023,"{""type"":""MultiPoint"",""coordinates"":[]}"
115_00000000000000000008,BA03050040,,,,,,,61.08,61,8430.71056018,TASWIL5000020230907KABKOTA,Landak,,0.684950096963,6.11846983154,4326,4,,,Landak,Kalimantan Barat,,0,Pontianak,,2023-08,0.22863669790572236,8,0.22863669790572236,VIIRS DNB,nW/cm2/sr,2023,"{""type"":""MultiPoint"",""coordinates"":[]}"
115_00000000000000000000,BA03050040,,,,,,,61.07,61,5488.60795319,TASWIL5000020230907KABKOTA,Bengkayang,,0.445970285372,6.02675176554,4326,4,,,Bengkayang,Kalimantan Barat,,0,Sambas,,2023-08,0.21797353540365114,8,0.21797353540365114,VIIRS DNB,nW/cm2/sr,2023,"{""type"":""MultiPoint"",""coordinates"":[]}"
115_0000000000000000000d,BA03050040,,,,,,,61.09,61,5979.04370295,TASWIL5000020230907KABKOTA,Sekadau,,0.485752312966,4.89358511498,4326,4,,,Sekadau,Kalimantan Barat,,0,Sanggau,,2023-08,0.10044039258419367,8,0.10044039258419367,VIIRS DNB,nW/cm2/sr,2023,"{""type"":""MultiPoint"",""coordinates"":[]}"
115_00000000000000000009,BA03050040,,,,,,,61.10,61,10122.5133896,TASWIL5000020230907KABKOTA,Melawi,,0.822418686577,6.18884194372,4326,4,,,Melawi,Kalimantan Barat,,0,Sintang,,2023-08,0.2046940808507323,8,0.2046940808507323,VIIRS DNB,nW/cm2/sr,2023,"{""type"":""MultiPoint"",""coordinates"":[]}"
115_00000000000000000005,BA03050040,,,,,,,61.71,61,118.208752498,TASWIL5000020230907KABKOTA,Kota Pontianak,,0.00960338694431,0.439734620886,4326,5,,,Kota Pontianak,Kalimantan Barat,,0,,,2023-08,14.331351590393702,8,14.331351590393702,VIIRS DNB,nW/cm2/sr,2023,"{""type"":""MultiPoint"",""coordinates"":[]}"
115_00000000000000000006,BA03050040,,,,,,,61.72,61,550.186910141,TASWIL5000020230907KABKOTA,Kota Singkawang,,0.0447029151336,1.23074798661,4326,5,,,Kota Singkawang,Kalimantan Barat,,0,Bengkayang,,2023-08,0.6762351980344019,8,0.6762351980344019,VIIRS DNB,nW/cm2/sr,2023,"{""type"":""MultiPoint"",""coordinates"":[]}"
115_00000000000000000001,BA03050040,,,,,,,,61,0.446818812946,TASWIL5000020230907KABKOTA,Kalimantan Barat,"Berdasarkan Kepmendagri 050-145 Tahun 2022, masuk ke Kalimantan Barat",3.63047728111E-5,0.0520740876463,4326,999,,,,Kalimantan Barat,,0,,,2023-08,0.23569537044624095,8,0.23569537044624095,VIIRS DNB,nW/cm2/sr,2023,"{""type"":""MultiPoint"",""coordinates"":[]}"
116_00000000000000000002,BA03050040,,,,,,,61.06,61,31318.2461503,TASWIL5000020230907KABKOTA,Kapuas Hulu,,2.54462852025,10.3235168378,4326,4,,,Kapuas Hulu,Kalimantan Barat,,0,,,2023-09,0.32857732210888146,9,0.32857732210888146,VIIRS DNB,nW/cm2/sr,2023,"{""type"":""MultiPoint"",""coordinates"":[]}"
116_00000000000000000004,BA03050040,,,,,,,61.04,61,30018.6763396,TASWIL5000020230907KABKOTA,Ketapang,,2.43989292708,13.6255621311,4326,4,,,Ketapang,Kalimantan Barat,,0,,,2023-09,0.5296073508852511,9,0.5296073508852511,VIIRS DNB,nW/cm2/sr,2023,"{""type"":""MultiPoint"",""coordinates"":[]}"
116_0000000000000000000a,BA03050040,,,,,,,61.02,61,1935.41897259,TASWIL5000020230907KABKOTA,Mempawah,,0.157238724723,3.1173764195,4326,4,,,Mempawah,Kalimantan Barat,,0,,,2023-09,0.6698666047650556,9,0.6698666047650556,VIIRS DNB,nW/cm2/sr,2023,"{""type"":""MultiPoint"",""coordinates"":[]}"
116_0000000000000000000b,BA03050040,,,,,,,61.01,61,5937.99495327,TASWIL5000020230907KABKOTA,Sambas,,0.482557384329,4.23082967505,4326,4,,,Sambas,Kalimantan Barat,,0,,,2023-09,0.3892018024295828,9,0.3892018024295828,VIIRS DNB,nW/cm2/sr,2023,"{""type"":""MultiPoint"",""coordinates"":[]}"
116_0000000000000000000c,BA03050040,,,,,,,61.03,61,12452.2241518,TASWIL5000020230907KABKOTA,Sanggau,,1.01166258397,7.65307697656,4326,4,,,Sanggau,Kalimantan Barat,,0,,,2023-09,0.37543873467486155,9,0.37543873467486155,VIIRS DNB,nW/cm2/sr,2023,"{""type"":""MultiPoint"",""coordinates"":[]}"
116_0000000000000000000e,BA03050040,,,,,,,61.05,61,22025.7880014,TASWIL5000020230907KABKOTA,Sintang,,1.78944370224,11.9811145851,4326,4,,,Sintang,Kalimantan Barat,,0,,,2023-09,0.5858371023228836,9,0.5858371023228836,VIIRS DNB,nW/cm2/sr,2023,"{""type"":""MultiPoint"",""coordinates"":[]}"
116_00000000000000000003,BA03050040,,,,,,,61.11,61,4110.12301412,TASWIL5000020230907KABKOTA,Kayong Utara,,0.333972050772,6.99327188474,4326,4,,,Kayong Utara,Kalimantan Barat,,0,Ketapang,,2023-09,0.3343339718535644,9,0.3343339718535644,VIIRS DNB,nW/cm2/sr,2023,"{""type"":""MultiPoint"",""coordinates"":[]}"
116_00000000000000000007,BA03050040,,,,,,,61.12,61,8549.29358265,TASWIL5000020230907KABKOTA,Kubu Raya,,0.694575912143,12.4289126619,4326,4,,,Kubu Raya,Kalimantan Barat,,0,Pontianak,,2023-09,0.5697136794327947,9,0.5697136794327947,VIIRS DNB,nW/cm2/sr,2023,"{""type"":""MultiPoint"",""coordinates"":[]}"
116_00000000000000000008,BA03050040,,,,,,,61.08,61,8430.71056018,TASWIL5000020230907KABKOTA,Landak,,0.684950096963,6.11846983154,4326,4,,,Landak,Kalimantan Barat,,0,Pontianak,,2023-09,0.33758871232616794,9,0.33758871232616794,VIIRS DNB,nW/cm2/sr,2023,"{""type"":""MultiPoint"",""coordinates"":[]}"
116_00000000000000000000,BA03050040,,,,,,,61.07,61,5488.60795319,TASWIL5000020230907KABKOTA,Bengkayang,,0.445970285372,6.02675176554,4326,4,,,Bengkayang,Kalimantan Barat,,0,Sambas,,2023-09,0.3604625983674261,9,0.3604625983674261,VIIRS DNB,nW/cm2/sr,2023,"{""type"":""MultiPoint"",""coordinates"":[]}"
116_0000000000000000000d,BA03050040,,,,,,,61.09,61,5979.04370295,TASWIL5000020230907KABKOTA,Sekadau,,0.485752312966,4.89358511498,4326,4,,,Sekadau,Kalimantan Barat,,0,Sanggau,,2023-09,0.522461653649679,9,0.522461653649679,VIIRS DNB,nW/cm2/sr,2023,"{""type"":""MultiPoint"",""coordinates"":[]}"
116_00000000000000000009,BA03050040,,,,,,,61.10,61,10122.5133896,TASWIL5000020230907KABKOTA,Melawi,,0.822418686577,6.18884194372,4326,4,,,Melawi,Kalimantan Barat,,0,Sintang,,2023-09,0.583402599643542,9,0.583402599643542,VIIRS DNB,nW/cm2/sr,2023,"{""type"":""MultiPoint"",""coordinates"":[]}"
116_00000000000000000005,BA03050040,,,,,,,61.71,61,118.208752498,TASWIL5000020230907KABKOTA,Kota Pontianak,,0.00960338694431,0.439734620886,4326,5,,,Kota Pontianak,Kalimantan Barat,,0,,,2023-09,15.206755686894333,9,15.206755686894333,VIIRS DNB,nW/cm2/sr,2023,"{""type"":""MultiPoint"",""coordinates"":[]}"
116_00000000000000000006,BA03050040,,,,,,,61.72,61,550.186910141,TASWIL5000020230907KABKOTA,Kota Singkawang,,0.0447029151336,1.23074798661,4326,5,,,Kota Singkawang,Kalimantan Barat,,0,Bengkayang,,2023-09,0.9233318592655948,9,0.9233318592655948,VIIRS DNB,nW/cm2/sr,2023,"{""type"":""MultiPoint"",""coordinates"":[]}"
116_00000000000000000001,BA03050040,,,,,,,,61,0.446818812946,TASWIL5000020230907KABKOTA,Kalimantan Barat,"Berdasarkan Kepmendagri 050-145 Tahun 2022, masuk ke Kalimantan Barat",3.63047728111E-5,0.0520740876463,4326,999,,,,Kalimantan Barat,,0,,,2023-09,0.2632450351849297,9,0.2632450351849297,VIIRS DNB,nW/cm2/sr,2023,"{""type"":""MultiPoint"",""coordinates"":[]}"
117_00000000000000000002,BA03050040,,,,,,,61.06,61,31318.2461503,TASWIL5000020230907KABKOTA,Kapuas Hulu,,2.54462852025,10.3235168378,4326,4,,,Kapuas Hulu,Kalimantan Barat,,0,,,2023-10,0.2453422770422514,10,0.2453422770422514,VIIRS DNB,nW/cm2/sr,2023,"{""type"":""MultiPoint"",""coordinates"":[]}"
117_00000000000000000004,BA03050040,,,,,,,61.04,61,30018.6763396,TASWIL5000020230907KABKOTA,Ketapang,,2.43989292708,13.6255621311,4326,4,,,Ketapang,Kalimantan Barat,,0,,,2023-10,0.28629701570593086,10,0.28629701570593086,VIIRS DNB,nW/cm2/sr,2023,"{""type"":""MultiPoint"",""coordinates"":[]}"
117_0000000000000000000a,BA03050040,,,,,,,61.02,61,1935.41897259,TASWIL5000020230907KABKOTA,Mempawah,,0.157238724723,3.1173764195,4326,4,,,Mempawah,Kalimantan Barat,,0,,,2023-10,0.15751121417371813,10,0.15751121417371813,VIIRS DNB,nW/cm2/sr,2023,"{""type"":""MultiPoint"",""coordinates"":[]}"
117_0000000000000000000b,BA03050040,,,,,,,61.01,61,5937.99495327,TASWIL5000020230907KABKOTA,Sambas,,0.482557384329,4.23082967505,4326,4,,,Sambas,Kalimantan Barat,,0,,,2023-10,0.316395353172403,10,0.316395353172403,VIIRS DNB,nW/cm2/sr,2023,"{""type"":""MultiPoint"",""coordinates"":[]}"
117_0000000000000000000c,BA03050040,,,,,,,61.03,61,12452.2241518,TASWIL5000020230907KABKOTA,Sanggau,,1.01166258397,7.65307697656,4326,4,,,Sanggau,Kalimantan Barat,,0,,,2023-10,0.14220146684700233,10,0.14220146684700233,VIIRS DNB,nW/cm2/sr,2023,"{""type"":""MultiPoint"",""coordinates"":[]}"
117_0000000000000000000e,BA03050040,,,,,,,61.05,61,22025.7880014,TASWIL5000020230907KABKOTA,Sintang,,1.78944370224,11.9811145851,4326,4,,,Sintang,Kalimantan Barat,,0,,,2023-10,0.260197533851588,10,0.260197533851588,VIIRS DNB,nW/cm2/sr,2023,"{""type"":""MultiPoint"",""coordinates"":[]}"
117_00000000000000000003,BA03050040,,,,,,,61.11,61,4110.12301412,TASWIL5000020230907KABKOTA,Kayong Utara,,0.333972050772,6.99327188474,4326,4,,,Kayong Utara,Kalimantan Barat,,0,Ketapang,,2023-10,0.10821456194027795,10,0.10821456194027795,VIIRS DNB,nW/cm2/sr,2023,"{""type"":""MultiPoint"",""coordinates"":[]}"
117_00000000000000000007,BA03050040,,,,,,,61.12,61,8549.29358265,TASWIL5000020230907KABKOTA,Kubu Raya,,0.694575912143,12.4289126619,4326,4,,,Kubu Raya,Kalimantan Barat,,0,Pontianak,,2023-10,0.12709882048581903,10,0.12709882048581903,VIIRS DNB,nW/cm2/sr,2023,"{""type"":""MultiPoint"",""coordinates"":[]}"
117_00000000000000000008,BA03050040,,,,,,,61.08,61,8430.71056018,TASWIL5000020230907KABKOTA,Landak,,0.684950096963,6.11846983154,4326,4,,,Landak,Kalimantan Barat,,0,Pontianak,,2023-10,0.2692082079283335,10,0.2692082079283335,VIIRS DNB,nW/cm2/sr,2023,"{""type"":""MultiPoint"",""coordinates"":[]}"
117_00000000000000000000,BA03050040,,,,,,,61.07,61,5488.60795319,TASWIL5000020230907KABKOTA,Bengkayang,,0.445970285372,6.02675176554,4326,4,,,Bengkayang,Kalimantan Barat,,0,Sambas,,2023-10,0.3126976677196876,10,0.3126976677196876,VIIRS DNB,nW/cm2/sr,2023,"{""type"":""MultiPoint"",""coordinates"":[]}"
117_0000000000000000000d,BA03050040,,,,,,,61.09,61,5979.04370295,TASWIL5000020230907KABKOTA,Sekadau,,0.485752312966,4.89358511498,4326,4,,,Sekadau,Kalimantan Barat,,0,Sanggau,,2023-10,0.19782728919353593,10,0.19782728919353593,VIIRS DNB,nW/cm2/sr,2023,"{""type"":""MultiPoint"",""coordinates"":[]}"
117_00000000000000000009,BA03050040,,,,,,,61.10,61,10122.5133896,TASWIL5000020230907KABKOTA,Melawi,,0.822418686577,6.18884194372,4326,4,,,Melawi,Kalimantan Barat,,0,Sintang,,2023-10,0.2119011648332123,10,0.2119011648332123,VIIRS DNB,nW/cm2/sr,2023,"{""type"":""MultiPoint"",""coordinates"":[]}"
117_00000000000000000005,BA03050040,,,,,,,61.71,61,118.208752498,TASWIL5000020230907KABKOTA,Kota Pontianak,,0.00960338694431,0.439734620886,4326,5,,,Kota Pontianak,Kalimantan Barat,,0,,,2023-10,3.0012046979323035,10,3.0012046979323035,VIIRS DNB,nW/cm2/sr,2023,"{""type"":""MultiPoint"",""coordinates"":[]}"
117_00000000000000000006,BA03050040,,,,,,,61.72,61,550.186910141,TASWIL5000020230907KABKOTA,Kota Singkawang,,0.0447029151336,1.23074798661,4326,5,,,Kota Singkawang,Kalimantan Barat,,0,Bengkayang,,2023-10,1.0615694491147531,10,1.0615694491147531,VIIRS DNB,nW/cm2/sr,2023,"{""type"":""MultiPoint"",""coordinates"":[]}"
117_00000000000000000001,BA03050040,,,,,,,,61,0.446818812946,TASWIL5000020230907KABKOTA,Kalimantan Barat,"Berdasarkan Kepmendagri 050-145 Tahun 2022, masuk ke Kalimantan Barat",3.63047728111E-5,0.0520740876463,4326,999,,,,Kalimantan Barat,,0,,,2023-10,0.0,10,0.0,VIIRS DNB,nW/cm2/sr,2023,"{""type"":""MultiPoint"",""coordinates"":[]}"
118_00000000000000000002,BA03050040,,,,,,,61.06,61,31318.2461503,TASWIL5000020230907KABKOTA,Kapuas Hulu,,2.54462852025,10.3235168378,4326,4,,,Kapuas Hulu,Kalimantan Barat,,0,,,2023-11,0.2650699507804237,11,0.2650699507804237,VIIRS DNB,nW/cm2/sr,2023,"{""type"":""MultiPoint"",""coordinates"":[]}"
118_00000000000000000004,BA03050040,,,,,,,61.04,61,30018.6763396,TASWIL5000020230907KABKOTA,Ketapang,,2.43989292708,13.6255621311,4326,4,,,Ketapang,Kalimantan Barat,,0,,,2023-11,0.33599075853627414,11,0.33599075853627414,VIIRS DNB,nW/cm2/sr,2023,"{""type"":""MultiPoint"",""coordinates"":[]}"
118_0000000000000000000a,BA03050040,,,,,,,61.02,61,1935.41897259,TASWIL5000020230907KABKOTA,Mempawah,,0.157238724723,3.1173764195,4326,4,,,Mempawah,Kalimantan Barat,,0,,,2023-11,0.7821737949629026,11,0.7821737949629026,VIIRS DNB,nW/cm2/sr,2023,"{""type"":""MultiPoint"",""coordinates"":[]}"
118_0000000000000000000b,BA03050040,,,,,,,61.01,61,5937.99495327,TASWIL5000020230907KABKOTA,Sambas,,0.482557384329,4.23082967505,4326,4,,,Sambas,Kalimantan Barat,,0,,,2023-11,0.4595531592488527,11,0.4595531592488527,VIIRS DNB,nW/cm2/sr,2023,"{""type"":""MultiPoint"",""coordinates"":[]}"
118_0000000000000000000c,BA03050040,,,,,,,61.03,61,12452.2241518,TASWIL5000020230907KABKOTA,Sanggau,,1.01166258397,7.65307697656,4326,4,,,Sanggau,Kalimantan Barat,,0,,,2023-11,0.36504061809088806,11,0.36504061809088806,VIIRS DNB,nW/cm2/sr,2023,"{""type"":""MultiPoint"",""coordinates"":[]}"
118_0000000000000000000e,BA03050040,,,,,,,61.05,61,22025.7880014,TASWIL5000020230907KABKOTA,Sintang,,1.78944370224,11.9811145851,4326,4,,,Sintang,Kalimantan Barat,,0,,,2023-11,0.30879459106196094,11,0.30879459106196094,VIIRS DNB,nW/cm2/sr,2023,"{""type"":""MultiPoint"",""coordinates"":[]}"
118_00000000000000000003,BA03050040,,,,,,,61.11,61,4110.12301412,TASWIL5000020230907KABKOTA,Kayong Utara,,0.333972050772,6.99327188474,4326,4,,,Kayong Utara,Kalimantan Barat,,0,Ketapang,,2023-11,0.3554352144511231,11,0.3554352144511231,VIIRS DNB,nW/cm2/sr,2023,"{""type"":""MultiPoint"",""coordinates"":[]}"
118_00000000000000000007,BA03050040,,,,,,,61.12,61,8549.29358265,TASWIL5000020230907KABKOTA,Kubu Raya,,0.694575912143,12.4289126619,4326,4,,,Kubu Raya,Kalimantan Barat,,0,Pontianak,,2023-11,0.5446401369160992,11,0.5446401369160992,VIIRS DNB,nW/cm2/sr,2023,"{""type"":""MultiPoint"",""coordinates"":[]}"
118_00000000000000000008,BA03050040,,,,,,,61.08,61,8430.71056018,TASWIL5000020230907KABKOTA,Landak,,0.684950096963,6.11846983154,4326,4,,,Landak,Kalimantan Barat,,0,Pontianak,,2023-11,0.3883292066754956,11,0.3883292066754956,VIIRS DNB,nW/cm2/sr,2023,"{""type"":""MultiPoint"",""coordinates"":[]}"
118_00000000000000000000,BA03050040,,,,,,,61.07,61,5488.60795319,TASWIL5000020230907KABKOTA,Bengkayang,,0.445970285372,6.02675176554,4326,4,,,Bengkayang,Kalimantan Barat,,0,Sambas,,2023-11,0.4997679687631856,11,0.4997679687631856,VIIRS DNB,nW/cm2/sr,2023,"{""type"":""MultiPoint"",""coordinates"":[]}"
118_0000000000000000000d,BA03050040,,,,,,,61.09,61,5979.04370295,TASWIL5000020230907KABKOTA,Sekadau,,0.485752312966,4.89358511498,4326,4,,,Sekadau,Kalimantan Barat,,0,Sanggau,,2023-11,0.3364548441934829,11,0.3364548441934829,VIIRS DNB,nW/cm2/sr,2023,"{""type"":""MultiPoint"",""coordinates"":[]}"
118_00000000000000000009,BA03050040,,,,,,,61.10,61,10122.5133896,TASWIL5000020230907KABKOTA,Melawi,,0.822418686577,6.18884194372,4326,4,,,Melawi,Kalimantan Barat,,0,Sintang,,2023-11,0.28914860204603615,11,0.28914860204603615,VIIRS DNB,nW/cm2/sr,2023,"{""type"":""MultiPoint"",""coordinates"":[]}"
118_00000000000000000005,BA03050040,,,,,,,61.71,61,118.208752498,TASWIL5000020230907KABKOTA,Kota Pontianak,,0.00960338694431,0.439734620886,4326,5,,,Kota Pontianak,Kalimantan Barat,,0,,,2023-11,14.371526590449232,11,14.371526590449232,VIIRS DNB,nW/cm2/sr,2023,"{""type"":""MultiPoint"",""coordinates"":[]}"
118_00000000000000000006,BA03050040,,,,,,,61.72,61,550.186910141,TASWIL5000020230907KABKOTA,Kota Singkawang,,0.0447029151336,1.23074798661,4326,5,,,Kota Singkawang,Kalimantan Barat,,0,Bengkayang,,2023-11,1.0692692490259295,11,1.0692692490259295,VIIRS DNB,nW/cm2/sr,2023,"{""type"":""MultiPoint"",""coordinates"":[]}"
118_00000000000000000001,BA03050040,,,,,,,,61,0.446818812946,TASWIL5000020230907KABKOTA,Kalimantan Barat,"Berdasarkan Kepmendagri 050-145 Tahun 2022, masuk ke Kalimantan Barat",3.63047728111E-5,0.0520740876463,4326,999,,,,Kalimantan Barat,,0,,,2023-11,0.3550993375167678,11,0.3550993375167678,VIIRS DNB,nW/cm2/sr,2023,"{""type"":""MultiPoint"",""coordinates"":[]}"
119_00000000000000000002,BA03050040,,,,,,,61.06,61,31318.2461503,TASWIL5000020230907KABKOTA,Kapuas Hulu,,2.54462852025,10.3235168378,4326,4,,,Kapuas Hulu,Kalimantan Barat,,0,,,2023-12,0.07821671309213057,12,0.07821671309213057,VIIRS DNB,nW/cm2/sr,2023,"{""type"":""MultiPoint"",""coordinates"":[]}"
119_00000000000000000004,BA03050040,,,,,,,61.04,61,30018.6763396,TASWIL5000020230907KABKOTA,Ketapang,,2.43989292708,13.6255621311,4326,4,,,Ketapang,Kalimantan Barat,,0,,,2023-12,0.17328454158358486,12,0.17328454158358486,VIIRS DNB,nW/cm2/sr,2023,"{""type"":""MultiPoint"",""coordinates"":[]}"
119_0000000000000000000a,BA03050040,,,,,,,61.02,61,1935.41897259,TASWIL5000020230907KABKOTA,Mempawah,,0.157238724723,3.1173764195,4326,4,,,Mempawah,Kalimantan Barat,,0,,,2023-12,0.42116732172404625,12,0.42116732172404625,VIIRS DNB,nW/cm2/sr,2023,"{""type"":""MultiPoint"",""coordinates"":[]}"
119_0000000000000000000b,BA03050040,,,,,,,61.01,61,5937.99495327,TASWIL5000020230907KABKOTA,Sambas,,0.482557384329,4.23082967505,4326,4,,,Sambas,Kalimantan Barat,,0,,,2023-12,0.268245677810672,12,0.268245677810672,VIIRS DNB,nW/cm2/sr,2023,"{""type"":""MultiPoint"",""coordinates"":[]}"
119_0000000000000000000c,BA03050040,,,,,,,61.03,61,12452.2241518,TASWIL5000020230907KABKOTA,Sanggau,,1.01166258397,7.65307697656,4326,4,,,Sanggau,Kalimantan Barat,,0,,,2023-12,0.12388781340393504,12,0.12388781340393504,VIIRS DNB,nW/cm2/sr,2023,"{""type"":""MultiPoint"",""coordinates"":[]}"
119_0000000000000000000e,BA03050040,,,,,,,61.05,61,22025.7880014,TASWIL5000020230907KABKOTA,Sintang,,1.78944370224,11.9811145851,4326,4,,,Sintang,Kalimantan Barat,,0,,,2023-12,0.10226053616571952,12,0.10226053616571952,VIIRS DNB,nW/cm2/sr,2023,"{""type"":""MultiPoint"",""coordinates"":[]}"
119_00000000000000000003,BA03050040,,,,,,,61.11,61,4110.12301412,TASWIL5000020230907KABKOTA,Kayong Utara,,0.333972050772,6.99327188474,4326,4,,,Kayong Utara,Kalimantan Barat,,0,Ketapang,,2023-12,0.1533037838474571,12,0.1533037838474571,VIIRS DNB,nW/cm2/sr,2023,"{""type"":""MultiPoint"",""coordinates"":[]}"
119_00000000000000000007,BA03050040,,,,,,,61.12,61,8549.29358265,TASWIL5000020230907KABKOTA,Kubu Raya,,0.694575912143,12.4289126619,4326,4,,,Kubu Raya,Kalimantan Barat,,0,Pontianak,,2023-12,0.32944383531564014,12,0.32944383531564014,VIIRS DNB,nW/cm2/sr,2023,"{""type"":""MultiPoint"",""coordinates"":[]}"
119_00000000000000000008,BA03050040,,,,,,,61.08,61,8430.71056018,TASWIL5000020230907KABKOTA,Landak,,0.684950096963,6.11846983154,4326,4,,,Landak,Kalimantan Barat,,0,Pontianak,,2023-12,0.17614087335691148,12,0.17614087335691148,VIIRS DNB,nW/cm2/sr,2023,"{""type"":""MultiPoint"",""coordinates"":[]}"
119_00000000000000000000,BA03050040,,,,,,,61.07,61,5488.60795319,TASWIL5000020230907KABKOTA,Bengkayang,,0.445970285372,6.02675176554,4326,4,,,Bengkayang,Kalimantan Barat,,0,Sambas,,2023-12,0.1772112437773589,12,0.1772112437773589,VIIRS DNB,nW/cm2/sr,2023,"{""type"":""MultiPoint"",""coordinates"":[]}"
119_0000000000000000000d,BA03050040,,,,,,,61.09,61,5979.04370295,TASWIL5000020230907KABKOTA,Sekadau,,0.485752312966,4.89358511498,4326,4,,,Sekadau,Kalimantan Barat,,0,Sanggau,,2023-12,0.12572570184089085,12,0.12572570184089085,VIIRS DNB,nW/cm2/sr,2023,"{""type"":""MultiPoint"",""coordinates"":[]}"
119_00000000000000000009,BA03050040,,,,,,,61.10,61,10122.5133896,TASWIL5000020230907KABKOTA,Melawi,,0.822418686577,6.18884194372,4326,4,,,Melawi,Kalimantan Barat,,0,Sintang,,2023-12,0.05915447976924364,12,0.05915447976924364,VIIRS DNB,nW/cm2/sr,2023,"{""type"":""MultiPoint"",""coordinates"":[]}"
119_00000000000000000005,BA03050040,,,,,,,61.71,61,118.208752498,TASWIL5000020230907KABKOTA,Kota Pontianak,,0.00960338694431,0.439734620886,4326,5,,,Kota Pontianak,Kalimantan Barat,,0,,,2023-12,13.492429766435635,12,13.492429766435635,VIIRS DNB,nW/cm2/sr,2023,"{""type"":""MultiPoint"",""coordinates"":[]}"
119_00000000000000000006,BA03050040,,,,,,,61.72,61,550.186910141,TASWIL5000020230907KABKOTA,Kota Singkawang,,0.0447029151336,1.23074798661,4326,5,,,Kota Singkawang,Kalimantan Barat,,0,Bengkayang,,2023-12,0.0482888843878787,12,0.0482888843878787,VIIRS DNB,nW/cm2/sr,2023,"{""type"":""MultiPoint"",""coordinates"":[]}"
119_00000000000000000001,BA03050040,,,,,,,,61,0.446818812946,TASWIL5000020230907KABKOTA,Kalimantan Barat,"Berdasarkan Kepmendagri 050-145 Tahun 2022, masuk ke Kalimantan Barat",3.63047728111E-5,0.0520740876463,4326,999,,,,Kalimantan Barat,,0,,,2023-12,0.15988962529083223,12,0.15988962529083223,VIIRS DNB,nW/cm2/sr,2023,"{""type"":""MultiPoint"",""coordinates"":[]}"
120_00000000000000000002,BA03050040,,,,,,,61.06,61,31318.2461503,TASWIL5000020230907KABKOTA,Kapuas Hulu,,2.54462852025,10.3235168378,4326,4,,,Kapuas Hulu,Kalimantan Barat,,0,,,2024-01,0.004017786934376735,1,0.004017786934376735,VIIRS DNB,nW/cm2/sr,2024,"{""type"":""MultiPoint"",""coordinates"":[]}"
120_00000000000000000004,BA03050040,,,,,,,61.04,61,30018.6763396,TASWIL5000020230907KABKOTA,Ketapang,,2.43989292708,13.6255621311,4326,4,,,Ketapang,Kalimantan Barat,,0,,,2024-01,0.00484100537246383,1,0.00484100537246383,VIIRS DNB,nW/cm2/sr,2024,"{""type"":""MultiPoint"",""coordinates"":[]}"
120_0000000000000000000a,BA03050040,,,,,,,61.02,61,1935.41897259,TASWIL5000020230907KABKOTA,Mempawah,,0.157238724723,3.1173764195,4326,4,,,Mempawah,Kalimantan Barat,,0,,,2024-01,0.017552171910783912,1,0.017552171910783912,VIIRS DNB,nW/cm2/sr,2024,"{""type"":""MultiPoint"",""coordinates"":[]}"
120_0000000000000000000b,BA03050040,,,,,,,61.01,61,5937.99495327,TASWIL5000020230907KABKOTA,Sambas,,0.482557384329,4.23082967505,4326,4,,,Sambas,Kalimantan Barat,,0,,,2024-01,0.08200883469370317,1,0.08200883469370317,VIIRS DNB,nW/cm2/sr,2024,"{""type"":""MultiPoint"",""coordinates"":[]}"
120_0000000000000000000c,BA03050040,,,,,,,61.03,61,12452.2241518,TASWIL5000020230907KABKOTA,Sanggau,,1.01166258397,7.65307697656,4326,4,,,Sanggau,Kalimantan Barat,,0,,,2024-01,0.011231634633946158,1,0.011231634633946158,VIIRS DNB,nW/cm2/sr,2024,"{""type"":""MultiPoint"",""coordinates"":[]}"
120_0000000000000000000e,BA03050040,,,,,,,61.05,61,22025.7880014,TASWIL5000020230907KABKOTA,Sintang,,1.78944370224,11.9811145851,4326,4,,,Sintang,Kalimantan Barat,,0,,,2024-01,0.013797331802066937,1,0.013797331802066937,VIIRS DNB,nW/cm2/sr,2024,"{""type"":""MultiPoint"",""coordinates"":[]}"
120_00000000000000000003,BA03050040,,,,,,,61.11,61,4110.12301412,TASWIL5000020230907KABKOTA,Kayong Utara,,0.333972050772,6.99327188474,4326,4,,,Kayong Utara,Kalimantan Barat,,0,Ketapang,,2024-01,0.010661790636137711,1,0.010661790636137711,VIIRS DNB,nW/cm2/sr,2024,"{""type"":""MultiPoint"",""coordinates"":[]}"
120_00000000000000000007,BA03050040,,,,,,,61.12,61,8549.29358265,TASWIL5000020230907KABKOTA,Kubu Raya,,0.694575912143,12.4289126619,4326,4,,,Kubu Raya,Kalimantan Barat,,0,Pontianak,,2024-01,0.0,1,0.0,VIIRS DNB,nW/cm2/sr,2024,"{""type"":""MultiPoint"",""coordinates"":[]}"
120_00000000000000000008,BA03050040,,,,,,,61.08,61,8430.71056018,TASWIL5000020230907KABKOTA,Landak,,0.684950096963,6.11846983154,4326,4,,,Landak,Kalimantan Barat,,0,Pontianak,,2024-01,0.005234702728415784,1,0.005234702728415784,VIIRS DNB,nW/cm2/sr,2024,"{""type"":""MultiPoint"",""coordinates"":[]}"
120_00000000000000000000,BA03050040,,,,,,,61.07,61,5488.60795319,TASWIL5000020230907KABKOTA,Bengkayang,,0.445970285372,6.02675176554,4326,4,,,Bengkayang,Kalimantan Barat,,0,Sambas,,2024-01,0.018538938880932877,1,0.018538938880932877,VIIRS DNB,nW/cm2/sr,2024,"{""type"":""MultiPoint"",""coordinates"":[]}"
120_0000000000000000000d,BA03050040,,,,,,,61.09,61,5979.04370295,TASWIL5000020230907KABKOTA,Sekadau,,0.485752312966,4.89358511498,4326,4,,,Sekadau,Kalimantan Barat,,0,Sanggau,,2024-01,0.022841407219797733,1,0.022841407219797733,VIIRS DNB,nW/cm2/sr,2024,"{""type"":""MultiPoint"",""coordinates"":[]}"
120_00000000000000000009,BA03050040,,,,,,,61.10,61,10122.5133896,TASWIL5000020230907KABKOTA,Melawi,,0.822418686577,6.18884194372,4326,4,,,Melawi,Kalimantan Barat,,0,Sintang,,2024-01,0.0,1,0.0,VIIRS DNB,nW/cm2/sr,2024,"{""type"":""MultiPoint"",""coordinates"":[]}"
120_00000000000000000005,BA03050040,,,,,,,61.71,61,118.208752498,TASWIL5000020230907KABKOTA,Kota Pontianak,,0.00960338694431,0.439734620886,4326,5,,,Kota Pontianak,Kalimantan Barat,,0,,,2024-01,0.0,1,0.0,VIIRS DNB,nW/cm2/sr,2024,"{""type"":""MultiPoint"",""coordinates"":[]}"
120_00000000000000000006,BA03050040,,,,,,,61.72,61,550.186910141,TASWIL5000020230907KABKOTA,Kota Singkawang,,0.0447029151336,1.23074798661,4326,5,,,Kota Singkawang,Kalimantan Barat,,0,Bengkayang,,2024-01,0.0,1,0.0,VIIRS DNB,nW/cm2/sr,2024,"{""type"":""MultiPoint"",""coordinates"":[]}"
120_00000000000000000001,BA03050040,,,,,,,,61,0.446818812946,TASWIL5000020230907KABKOTA,Kalimantan Barat,"Berdasarkan Kepmendagri 050-145 Tahun 2022, masuk ke Kalimantan Barat",3.63047728111E-5,0.0520740876463,4326,999,,,,Kalimantan Barat,,0,,,2024-01,0.0,1,0.0,VIIRS DNB,nW/cm2/sr,2024,"{""type"":""MultiPoint"",""coordinates"":[]}"
121_00000000000000000002,BA03050040,,,,,,,61.06,61,31318.2461503,TASWIL5000020230907KABKOTA,Kapuas Hulu,,2.54462852025,10.3235168378,4326,4,,,Kapuas Hulu,Kalimantan Barat,,0,,,2024-02,0.09783553728829146,2,0.09783553728829146,VIIRS DNB,nW/cm2/sr,2024,"{""type"":""MultiPoint"",""coordinates"":[]}"
121_00000000000000000004,BA03050040,,,,,,,61.04,61,30018.6763396,TASWIL5000020230907KABKOTA,Ketapang,,2.43989292708,13.6255621311,4326,4,,,Ketapang,Kalimantan Barat,,0,,,2024-02,0.1701331121292201,2,0.1701331121292201,VIIRS DNB,nW/cm2/sr,2024,"{""type"":""MultiPoint"",""coordinates"":[]}"
121_0000000000000000000a,BA03050040,,,,,,,61.02,61,1935.41897259,TASWIL5000020230907KABKOTA,Mempawah,,0.157238724723,3.1173764195,4326,4,,,Mempawah,Kalimantan Barat,,0,,,2024-02,0.48856550129233267,2,0.48856550129233267,VIIRS DNB,nW/cm2/sr,2024,"{""type"":""MultiPoint"",""coordinates"":[]}"
121_0000000000000000000b,BA03050040,,,,,,,61.01,61,5937.99495327,TASWIL5000020230907KABKOTA,Sambas,,0.482557384329,4.23082967505,4326,4,,,Sambas,Kalimantan Barat,,0,,,2024-02,0.3155699682761546,2,0.3155699682761546,VIIRS DNB,nW/cm2/sr,2024,"{""type"":""MultiPoint"",""coordinates"":[]}"
121_0000000000000000000c,BA03050040,,,,,,,61.03,61,12452.2241518,TASWIL5000020230907KABKOTA,Sanggau,,1.01166258397,7.65307697656,4326,4,,,Sanggau,Kalimantan Barat,,0,,,2024-02,0.06823866605088807,2,0.06823866605088807,VIIRS DNB,nW/cm2/sr,2024,"{""type"":""MultiPoint"",""coordinates"":[]}"
121_0000000000000000000e,BA03050040,,,,,,,61.05,61,22025.7880014,TASWIL5000020230907KABKOTA,Sintang,,1.78944370224,11.9811145851,4326,4,,,Sintang,Kalimantan Barat,,0,,,2024-02,0.11360267740007644,2,0.11360267740007644,VIIRS DNB,nW/cm2/sr,2024,"{""type"":""MultiPoint"",""coordinates"":[]}"
121_00000000000000000003,BA03050040,,,,,,,61.11,61,4110.12301412,TASWIL5000020230907KABKOTA,Kayong Utara,,0.333972050772,6.99327188474,4326,4,,,Kayong Utara,Kalimantan Barat,,0,Ketapang,,2024-02,0.027850524272911993,2,0.027850524272911993,VIIRS DNB,nW/cm2/sr,2024,"{""type"":""MultiPoint"",""coordinates"":[]}"
121_00000000000000000007,BA03050040,,,,,,,61.12,61,8549.29358265,TASWIL5000020230907KABKOTA,Kubu Raya,,0.694575912143,12.4289126619,4326,4,,,Kubu Raya,Kalimantan Barat,,0,Pontianak,,2024-02,0.3369541112176503,2,0.3369541112176503,VIIRS DNB,nW/cm2/sr,2024,"{""type"":""MultiPoint"",""coordinates"":[]}"
121_00000000000000000008,BA03050040,,,,,,,61.08,61,8430.71056018,TASWIL5000020230907KABKOTA,Landak,,0.684950096963,6.11846983154,4326,4,,,Landak,Kalimantan Barat,,0,Pontianak,,2024-02,0.20027529035650396,2,0.20027529035650396,VIIRS DNB,nW/cm2/sr,2024,"{""type"":""MultiPoint"",""coordinates"":[]}"
121_00000000000000000000,BA03050040,,,,,,,61.07,61,5488.60795319,TASWIL5000020230907KABKOTA,Bengkayang,,0.445970285372,6.02675176554,4326,4,,,Bengkayang,Kalimantan Barat,,0,Sambas,,2024-02,0.2649762209897825,2,0.2649762209897825,VIIRS DNB,nW/cm2/sr,2024,"{""type"":""MultiPoint"",""coordinates"":[]}"
121_0000000000000000000d,BA03050040,,,,,,,61.09,61,5979.04370295,TASWIL5000020230907KABKOTA,Sekadau,,0.485752312966,4.89358511498,4326,4,,,Sekadau,Kalimantan Barat,,0,Sanggau,,2024-02,0.07098908936903396,2,0.07098908936903396,VIIRS DNB,nW/cm2/sr,2024,"{""type"":""MultiPoint"",""coordinates"":[]}"
121_00000000000000000009,BA03050040,,,,,,,61.10,61,10122.5133896,TASWIL5000020230907KABKOTA,Melawi,,0.822418686577,6.18884194372,4326,4,,,Melawi,Kalimantan Barat,,0,Sintang,,2024-02,0.14009130721877838,2,0.14009130721877838,VIIRS DNB,nW/cm2/sr,2024,"{""type"":""MultiPoint"",""coordinates"":[]}"
121_00000000000000000005,BA03050040,,,,,,,61.71,61,118.208752498,TASWIL5000020230907KABKOTA,Kota Pontianak,,0.00960338694431,0.439734620886,4326,5,,,Kota Pontianak,Kalimantan Barat,,0,,,2024-02,10.77543475166764,2,10.77543475166764,VIIRS DNB,nW/cm2/sr,2024,"{""type"":""MultiPoint"",""coordinates"":[]}"
121_00000000000000000006,BA03050040,,,,,,,61.72,61,550.186910141,TASWIL5000020230907KABKOTA,Kota Singkawang,,0.0447029151336,1.23074798661,4326,5,,,Kota Singkawang,Kalimantan Barat,,0,Bengkayang,,2024-02,1.2140557772321667,2,1.2140557772321667,VIIRS DNB,nW/cm2/sr,2024,"{""type"":""MultiPoint"",""coordinates"":[]}"
121_00000000000000000001,BA03050040,,,,,,,,61,0.446818812946,TASWIL5000020230907KABKOTA,Kalimantan Barat,"Berdasarkan Kepmendagri 050-145 Tahun 2022, masuk ke Kalimantan Barat",3.63047728111E-5,0.0520740876463,4326,999,,,,Kalimantan Barat,,0,,,2024-02,0.0,2,0.0,VIIRS DNB,nW/cm2/sr,2024,"{""type"":""MultiPoint"",""coordinates"":[]}"
122_00000000000000000002,BA03050040,,,,,,,61.06,61,31318.2461503,TASWIL5000020230907KABKOTA,Kapuas Hulu,,2.54462852025,10.3235168378,4326,4,,,Kapuas Hulu,Kalimantan Barat,,0,,,2024-03,0.20459673877798676,3,0.20459673877798676,VIIRS DNB,nW/cm2/sr,2024,"{""type"":""MultiPoint"",""coordinates"":[]}"
122_00000000000000000004,BA03050040,,,,,,,61.04,61,30018.6763396,TASWIL5000020230907KABKOTA,Ketapang,,2.43989292708,13.6255621311,4326,4,,,Ketapang,Kalimantan Barat,,0,,,2024-03,0.12253931716915314,3,0.12253931716915314,VIIRS DNB,nW/cm2/sr,2024,"{""type"":""MultiPoint"",""coordinates"":[]}"
122_0000000000000000000a,BA03050040,,,,,,,61.02,61,1935.41897259,TASWIL5000020230907KABKOTA,Mempawah,,0.157238724723,3.1173764195,4326,4,,,Mempawah,Kalimantan Barat,,0,,,2024-03,0.6714918963280613,3,0.6714918963280613,VIIRS DNB,nW/cm2/sr,2024,"{""type"":""MultiPoint"",""coordinates"":[]}"
122_0000000000000000000b,BA03050040,,,,,,,61.01,61,5937.99495327,TASWIL5000020230907KABKOTA,Sambas,,0.482557384329,4.23082967505,4326,4,,,Sambas,Kalimantan Barat,,0,,,2024-03,0.47748157850394335,3,0.47748157850394335,VIIRS DNB,nW/cm2/sr,2024,"{""type"":""MultiPoint"",""coordinates"":[]}"
122_0000000000000000000c,BA03050040,,,,,,,61.03,61,12452.2241518,TASWIL5000020230907KABKOTA,Sanggau,,1.01166258397,7.65307697656,4326,4,,,Sanggau,Kalimantan Barat,,0,,,2024-03,0.20740894184942646,3,0.20740894184942646,VIIRS DNB,nW/cm2/sr,2024,"{""type"":""MultiPoint"",""coordinates"":[]}"
122_0000000000000000000e,BA03050040,,,,,,,61.05,61,22025.7880014,TASWIL5000020230907KABKOTA,Sintang,,1.78944370224,11.9811145851,4326,4,,,Sintang,Kalimantan Barat,,0,,,2024-03,0.11471329171979323,3,0.11471329171979323,VIIRS DNB,nW/cm2/sr,2024,"{""type"":""MultiPoint"",""coordinates"":[]}"
122_00000000000000000003,BA03050040,,,,,,,61.11,61,4110.12301412,TASWIL5000020230907KABKOTA,Kayong Utara,,0.333972050772,6.99327188474,4326,4,,,Kayong Utara,Kalimantan Barat,,0,Ketapang,,2024-03,0.24943877193136282,3,0.24943877193136282,VIIRS DNB,nW/cm2/sr,2024,"{""type"":""MultiPoint"",""coordinates"":[]}"
122_00000000000000000007,BA03050040,,,,,,,61.12,61,8549.29358265,TASWIL5000020230907KABKOTA,Kubu Raya,,0.694575912143,12.4289126619,4326,4,,,Kubu Raya,Kalimantan Barat,,0,Pontianak,,2024-03,0.4051958552589638,3,0.4051958552589638,VIIRS DNB,nW/cm2/sr,2024,"{""type"":""MultiPoint"",""coordinates"":[]}"
122_00000000000000000008,BA03050040,,,,,,,61.08,61,8430.71056018,TASWIL5000020230907KABKOTA,Landak,,0.684950096963,6.11846983154,4326,4,,,Landak,Kalimantan Barat,,0,Pontianak,,2024-03,0.3763779141389569,3,0.3763779141389569,VIIRS DNB,nW/cm2/sr,2024,"{""type"":""MultiPoint"",""coordinates"":[]}"
122_00000000000000000000,BA03050040,,,,,,,61.07,61,5488.60795319,TASWIL5000020230907KABKOTA,Bengkayang,,0.445970285372,6.02675176554,4326,4,,,Bengkayang,Kalimantan Barat,,0,Sambas,,2024-03,0.3693498125954554,3,0.3693498125954554,VIIRS DNB,nW/cm2/sr,2024,"{""type"":""MultiPoint"",""coordinates"":[]}"
122_0000000000000000000d,BA03050040,,,,,,,61.09,61,5979.04370295,TASWIL5000020230907KABKOTA,Sekadau,,0.485752312966,4.89358511498,4326,4,,,Sekadau,Kalimantan Barat,,0,Sanggau,,2024-03,0.1449262290699324,3,0.1449262290699324,VIIRS DNB,nW/cm2/sr,2024,"{""type"":""MultiPoint"",""coordinates"":[]}"
122_00000000000000000009,BA03050040,,,,,,,61.10,61,10122.5133896,TASWIL5000020230907KABKOTA,Melawi,,0.822418686577,6.18884194372,4326,4,,,Melawi,Kalimantan Barat,,0,Sintang,,2024-03,0.07582347539012063,3,0.07582347539012063,VIIRS DNB,nW/cm2/sr,2024,"{""type"":""MultiPoint"",""coordinates"":[]}"
122_00000000000000000005,BA03050040,,,,,,,61.71,61,118.208752498,TASWIL5000020230907KABKOTA,Kota Pontianak,,0.00960338694431,0.439734620886,4326,5,,,Kota Pontianak,Kalimantan Barat,,0,,,2024-03,15.892097252080175,3,15.892097252080175,VIIRS DNB,nW/cm2/sr,2024,"{""type"":""MultiPoint"",""coordinates"":[]}"
122_00000000000000000006,BA03050040,,,,,,,61.72,61,550.186910141,TASWIL5000020230907KABKOTA,Kota Singkawang,,0.0447029151336,1.23074798661,4326,5,,,Kota Singkawang,Kalimantan Barat,,0,Bengkayang,,2024-03,1.517604681778796,3,1.517604681778796,VIIRS DNB,nW/cm2/sr,2024,"{""type"":""MultiPoint"",""coordinates"":[]}"
122_00000000000000000001,BA03050040,,,,,,,,61,0.446818812946,TASWIL5000020230907KABKOTA,Kalimantan Barat,"Berdasarkan Kepmendagri 050-145 Tahun 2022, masuk ke Kalimantan Barat",3.63047728111E-5,0.0520740876463,4326,999,,,,Kalimantan Barat,,0,,,2024-03,0.2599116991753084,3,0.2599116991753084,VIIRS DNB,nW/cm2/sr,2024,"{""type"":""MultiPoint"",""coordinates"":[]}"
123_00000000000000000002,BA03050040,,,,,,,61.06,61,31318.2461503,TASWIL5000020230907KABKOTA,Kapuas Hulu,,2.54462852025,10.3235168378,4326,4,,,Kapuas Hulu,Kalimantan Barat,,0,,,2024-04,0.3567003600066083,4,0.3567003600066083,VIIRS DNB,nW/cm2/sr,2024,"{""type"":""MultiPoint"",""coordinates"":[]}"
123_00000000000000000004,BA03050040,,,,,,,61.04,61,30018.6763396,TASWIL5000020230907KABKOTA,Ketapang,,2.43989292708,13.6255621311,4326,4,,,Ketapang,Kalimantan Barat,,0,,,2024-04,0.2611917518125531,4,0.2611917518125531,VIIRS DNB,nW/cm2/sr,2024,"{""type"":""MultiPoint"",""coordinates"":[]}"
123_0000000000000000000a,BA03050040,,,,,,,61.02,61,1935.41897259,TASWIL5000020230907KABKOTA,Mempawah,,0.157238724723,3.1173764195,4326,4,,,Mempawah,Kalimantan Barat,,0,,,2024-04,0.40483583266876205,4,0.40483583266876205,VIIRS DNB,nW/cm2/sr,2024,"{""type"":""MultiPoint"",""coordinates"":[]}"
123_0000000000000000000b,BA03050040,,,,,,,61.01,61,5937.99495327,TASWIL5000020230907KABKOTA,Sambas,,0.482557384329,4.23082967505,4326,4,,,Sambas,Kalimantan Barat,,0,,,2024-04,0.396784577339191,4,0.396784577339191,VIIRS DNB,nW/cm2/sr,2024,"{""type"":""MultiPoint"",""coordinates"":[]}"
123_0000000000000000000c,BA03050040,,,,,,,61.03,61,12452.2241518,TASWIL5000020230907KABKOTA,Sanggau,,1.01166258397,7.65307697656,4326,4,,,Sanggau,Kalimantan Barat,,0,,,2024-04,0.09404804619881202,4,0.09404804619881202,VIIRS DNB,nW/cm2/sr,2024,"{""type"":""MultiPoint"",""coordinates"":[]}"
123_0000000000000000000e,BA03050040,,,,,,,61.05,61,22025.7880014,TASWIL5000020230907KABKOTA,Sintang,,1.78944370224,11.9811145851,4326,4,,,Sintang,Kalimantan Barat,,0,,,2024-04,0.31912707245357563,4,0.31912707245357563,VIIRS DNB,nW/cm2/sr,2024,"{""type"":""MultiPoint"",""coordinates"":[]}"
123_00000000000000000003,BA03050040,,,,,,,61.11,61,4110.12301412,TASWIL5000020230907KABKOTA,Kayong Utara,,0.333972050772,6.99327188474,4326,4,,,Kayong Utara,Kalimantan Barat,,0,Ketapang,,2024-04,0.04813816132963875,4,0.04813816132963875,VIIRS DNB,nW/cm2/sr,2024,"{""type"":""MultiPoint"",""coordinates"":[]}"
123_00000000000000000007,BA03050040,,,,,,,61.12,61,8549.29358265,TASWIL5000020230907KABKOTA,Kubu Raya,,0.694575912143,12.4289126619,4326,4,,,Kubu Raya,Kalimantan Barat,,0,Pontianak,,2024-04,0.3165521417032552,4,0.3165521417032552,VIIRS DNB,nW/cm2/sr,2024,"{""type"":""MultiPoint"",""coordinates"":[]}"
123_00000000000000000008,BA03050040,,,,,,,61.08,61,8430.71056018,TASWIL5000020230907KABKOTA,Landak,,0.684950096963,6.11846983154,4326,4,,,Landak,Kalimantan Barat,,0,Pontianak,,2024-04,0.21866079849754444,4,0.21866079849754444,VIIRS DNB,nW/cm2/sr,2024,"{""type"":""MultiPoint"",""coordinates"":[]}"
123_00000000000000000000,BA03050040,,,,,,,61.07,61,5488.60795319,TASWIL5000020230907KABKOTA,Bengkayang,,0.445970285372,6.02675176554,4326,4,,,Bengkayang,Kalimantan Barat,,0,Sambas,,2024-04,0.34381171394490273,4,0.34381171394490273,VIIRS DNB,nW/cm2/sr,2024,"{""type"":""MultiPoint"",""coordinates"":[]}"
123_0000000000000000000d,BA03050040,,,,,,,61.09,61,5979.04370295,TASWIL5000020230907KABKOTA,Sekadau,,0.485752312966,4.89358511498,4326,4,,,Sekadau,Kalimantan Barat,,0,Sanggau,,2024-04,0.09742347865253868,4,0.09742347865253868,VIIRS DNB,nW/cm2/sr,2024,"{""type"":""MultiPoint"",""coordinates"":[]}"
123_00000000000000000009,BA03050040,,,,,,,61.10,61,10122.5133896,TASWIL5000020230907KABKOTA,Melawi,,0.822418686577,6.18884194372,4326,4,,,Melawi,Kalimantan Barat,,0,Sintang,,2024-04,0.3000839498363565,4,0.3000839498363565,VIIRS DNB,nW/cm2/sr,2024,"{""type"":""MultiPoint"",""coordinates"":[]}"
123_00000000000000000005,BA03050040,,,,,,,61.71,61,118.208752498,TASWIL5000020230907KABKOTA,Kota Pontianak,,0.00960338694431,0.439734620886,4326,5,,,Kota Pontianak,Kalimantan Barat,,0,,,2024-04,3.0147684876172662,4,3.0147684876172662,VIIRS DNB,nW/cm2/sr,2024,"{""type"":""MultiPoint"",""coordinates"":[]}"
123_00000000000000000006,BA03050040,,,,,,,61.72,61,550.186910141,TASWIL5000020230907KABKOTA,Kota Singkawang,,0.0447029151336,1.23074798661,4326,5,,,Kota Singkawang,Kalimantan Barat,,0,Bengkayang,,2024-04,1.4262426163372632,4,1.4262426163372632,VIIRS DNB,nW/cm2/sr,2024,"{""type"":""MultiPoint"",""coordinates"":[]}"
123_00000000000000000001,BA03050040,,,,,,,,61,0.446818812946,TASWIL5000020230907KABKOTA,Kalimantan Barat,"Berdasarkan Kepmendagri 050-145 Tahun 2022, masuk ke Kalimantan Barat",3.63047728111E-5,0.0520740876463,4326,999,,,,Kalimantan Barat,,0,,,2024-04,0.0,4,0.0,VIIRS DNB,nW/cm2/sr,2024,"{""type"":""MultiPoint"",""coordinates"":[]}"
124_00000000000000000002,BA03050040,,,,,,,61.06,61,31318.2461503,TASWIL5000020230907KABKOTA,Kapuas Hulu,,2.54462852025,10.3235168378,4326,4,,,Kapuas Hulu,Kalimantan Barat,,0,,,2024-05,0.28311142995058897,5,0.28311142995058897,VIIRS DNB,nW/cm2/sr,2024,"{""type"":""MultiPoint"",""coordinates"":[]}"
124_00000000000000000004,BA03050040,,,,,,,61.04,61,30018.6763396,TASWIL5000020230907KABKOTA,Ketapang,,2.43989292708,13.6255621311,4326,4,,,Ketapang,Kalimantan Barat,,0,,,2024-05,0.3406493551298466,5,0.3406493551298466,VIIRS DNB,nW/cm2/sr,2024,"{""type"":""MultiPoint"",""coordinates"":[]}"
124_0000000000000000000a,BA03050040,,,,,,,61.02,61,1935.41897259,TASWIL5000020230907KABKOTA,Mempawah,,0.157238724723,3.1173764195,4326,4,,,Mempawah,Kalimantan Barat,,0,,,2024-05,0.6569361024265918,5,0.6569361024265918,VIIRS DNB,nW/cm2/sr,2024,"{""type"":""MultiPoint"",""coordinates"":[]}"
124_0000000000000000000b,BA03050040,,,,,,,61.01,61,5937.99495327,TASWIL5000020230907KABKOTA,Sambas,,0.482557384329,4.23082967505,4326,4,,,Sambas,Kalimantan Barat,,0,,,2024-05,0.4649962359349463,5,0.4649962359349463,VIIRS DNB,nW/cm2/sr,2024,"{""type"":""MultiPoint"",""coordinates"":[]}"
124_0000000000000000000c,BA03050040,,,,,,,61.03,61,12452.2241518,TASWIL5000020230907KABKOTA,Sanggau,,1.01166258397,7.65307697656,4326,4,,,Sanggau,Kalimantan Barat,,0,,,2024-05,0.3915089220135795,5,0.3915089220135795,VIIRS DNB,nW/cm2/sr,2024,"{""type"":""MultiPoint"",""coordinates"":[]}"
124_0000000000000000000e,BA03050040,,,,,,,61.05,61,22025.7880014,TASWIL5000020230907KABKOTA,Sintang,,1.78944370224,11.9811145851,4326,4,,,Sintang,Kalimantan Barat,,0,,,2024-05,0.28625033649796733,5,0.28625033649796733,VIIRS DNB,nW/cm2/sr,2024,"{""type"":""MultiPoint"",""coordinates"":[]}"
124_00000000000000000003,BA03050040,,,,,,,61.11,61,4110.12301412,TASWIL5000020230907KABKOTA,Kayong Utara,,0.333972050772,6.99327188474,4326,4,,,Kayong Utara,Kalimantan Barat,,0,Ketapang,,2024-05,0.3411264783885127,5,0.3411264783885127,VIIRS DNB,nW/cm2/sr,2024,"{""type"":""MultiPoint"",""coordinates"":[]}"
124_00000000000000000007,BA03050040,,,,,,,61.12,61,8549.29358265,TASWIL5000020230907KABKOTA,Kubu Raya,,0.694575912143,12.4289126619,4326,4,,,Kubu Raya,Kalimantan Barat,,0,Pontianak,,2024-05,0.6304421585956517,5,0.6304421585956517,VIIRS DNB,nW/cm2/sr,2024,"{""type"":""MultiPoint"",""coordinates"":[]}"
124_00000000000000000008,BA03050040,,,,,,,61.08,61,8430.71056018,TASWIL5000020230907KABKOTA,Landak,,0.684950096963,6.11846983154,4326,4,,,Landak,Kalimantan Barat,,0,Pontianak,,2024-05,0.3775550430533363,5,0.3775550430533363,VIIRS DNB,nW/cm2/sr,2024,"{""type"":""MultiPoint"",""coordinates"":[]}"
124_00000000000000000000,BA03050040,,,,,,,61.07,61,5488.60795319,TASWIL5000020230907KABKOTA,Bengkayang,,0.445970285372,6.02675176554,4326,4,,,Bengkayang,Kalimantan Barat,,0,Sambas,,2024-05,0.39349846284299833,5,0.39349846284299833,VIIRS DNB,nW/cm2/sr,2024,"{""type"":""MultiPoint"",""coordinates"":[]}"
124_0000000000000000000d,BA03050040,,,,,,,61.09,61,5979.04370295,TASWIL5000020230907KABKOTA,Sekadau,,0.485752312966,4.89358511498,4326,4,,,Sekadau,Kalimantan Barat,,0,Sanggau,,2024-05,0.3404587129496293,5,0.3404587129496293,VIIRS DNB,nW/cm2/sr,2024,"{""type"":""MultiPoint"",""coordinates"":[]}"
124_00000000000000000009,BA03050040,,,,,,,61.10,61,10122.5133896,TASWIL5000020230907KABKOTA,Melawi,,0.822418686577,6.18884194372,4326,4,,,Melawi,Kalimantan Barat,,0,Sintang,,2024-05,0.302583903542882,5,0.302583903542882,VIIRS DNB,nW/cm2/sr,2024,"{""type"":""MultiPoint"",""coordinates"":[]}"
124_00000000000000000005,BA03050040,,,,,,,61.71,61,118.208752498,TASWIL5000020230907KABKOTA,Kota Pontianak,,0.00960338694431,0.439734620886,4326,5,,,Kota Pontianak,Kalimantan Barat,,0,,,2024-05,18.46125689377031,5,18.46125689377031,VIIRS DNB,nW/cm2/sr,2024,"{""type"":""MultiPoint"",""coordinates"":[]}"
124_00000000000000000006,BA03050040,,,,,,,61.72,61,550.186910141,TASWIL5000020230907KABKOTA,Kota Singkawang,,0.0447029151336,1.23074798661,4326,5,,,Kota Singkawang,Kalimantan Barat,,0,Bengkayang,,2024-05,1.2806616351088727,5,1.2806616351088727,VIIRS DNB,nW/cm2/sr,2024,"{""type"":""MultiPoint"",""coordinates"":[]}"
124_00000000000000000001,BA03050040,,,,,,,,61,0.446818812946,TASWIL5000020230907KABKOTA,Kalimantan Barat,"Berdasarkan Kepmendagri 050-145 Tahun 2022, masuk ke Kalimantan Barat",3.63047728111E-5,0.0520740876463,4326,999,,,,Kalimantan Barat,,0,,,2024-05,0.31105960336478866,5,0.31105960336478866,VIIRS DNB,nW/cm2/sr,2024,"{""type"":""MultiPoint"",""coordinates"":[]}"
125_00000000000000000002,BA03050040,,,,,,,61.06,61,31318.2461503,TASWIL5000020230907KABKOTA,Kapuas Hulu,,2.54462852025,10.3235168378,4326,4,,,Kapuas Hulu,Kalimantan Barat,,0,,,2024-06,0.3103713614891146,6,0.3103713614891146,VIIRS DNB,nW/cm2/sr,2024,"{""type"":""MultiPoint"",""coordinates"":[]}"
125_00000000000000000004,BA03050040,,,,,,,61.04,61,30018.6763396,TASWIL5000020230907KABKOTA,Ketapang,,2.43989292708,13.6255621311,4326,4,,,Ketapang,Kalimantan Barat,,0,,,2024-06,0.3231237109672046,6,0.3231237109672046,VIIRS DNB,nW/cm2/sr,2024,"{""type"":""MultiPoint"",""coordinates"":[]}"
125_0000000000000000000a,BA03050040,,,,,,,61.02,61,1935.41897259,TASWIL5000020230907KABKOTA,Mempawah,,0.157238724723,3.1173764195,4326,4,,,Mempawah,Kalimantan Barat,,0,,,2024-06,0.6310278114344414,6,0.6310278114344414,VIIRS DNB,nW/cm2/sr,2024,"{""type"":""MultiPoint"",""coordinates"":[]}"
125_0000000000000000000b,BA03050040,,,,,,,61.01,61,5937.99495327,TASWIL5000020230907KABKOTA,Sambas,,0.482557384329,4.23082967505,4326,4,,,Sambas,Kalimantan Barat,,0,,,2024-06,0.3934906259242947,6,0.3934906259242947,VIIRS DNB,nW/cm2/sr,2024,"{""type"":""MultiPoint"",""coordinates"":[]}"
125_0000000000000000000c,BA03050040,,,,,,,61.03,61,12452.2241518,TASWIL5000020230907KABKOTA,Sanggau,,1.01166258397,7.65307697656,4326,4,,,Sanggau,Kalimantan Barat,,0,,,2024-06,0.34547026415052157,6,0.34547026415052157,VIIRS DNB,nW/cm2/sr,2024,"{""type"":""MultiPoint"",""coordinates"":[]}"
125_0000000000000000000e,BA03050040,,,,,,,61.05,61,22025.7880014,TASWIL5000020230907KABKOTA,Sintang,,1.78944370224,11.9811145851,4326,4,,,Sintang,Kalimantan Barat,,0,,,2024-06,0.29699802342227455,6,0.29699802342227455,VIIRS DNB,nW/cm2/sr,2024,"{""type"":""MultiPoint"",""coordinates"":[]}"
125_00000000000000000003,BA03050040,,,,,,,61.11,61,4110.12301412,TASWIL5000020230907KABKOTA,Kayong Utara,,0.333972050772,6.99327188474,4326,4,,,Kayong Utara,Kalimantan Barat,,0,Ketapang,,2024-06,0.3304649561741205,6,0.3304649561741205,VIIRS DNB,nW/cm2/sr,2024,"{""type"":""MultiPoint"",""coordinates"":[]}"
125_00000000000000000007,BA03050040,,,,,,,61.12,61,8549.29358265,TASWIL5000020230907KABKOTA,Kubu Raya,,0.694575912143,12.4289126619,4326,4,,,Kubu Raya,Kalimantan Barat,,0,Pontianak,,2024-06,0.504603721431809,6,0.504603721431809,VIIRS DNB,nW/cm2/sr,2024,"{""type"":""MultiPoint"",""coordinates"":[]}"
125_00000000000000000008,BA03050040,,,,,,,61.08,61,8430.71056018,TASWIL5000020230907KABKOTA,Landak,,0.684950096963,6.11846983154,4326,4,,,Landak,Kalimantan Barat,,0,Pontianak,,2024-06,0.25365146266578414,6,0.25365146266578414,VIIRS DNB,nW/cm2/sr,2024,"{""type"":""MultiPoint"",""coordinates"":[]}"
125_00000000000000000000,BA03050040,,,,,,,61.07,61,5488.60795319,TASWIL5000020230907KABKOTA,Bengkayang,,0.445970285372,6.02675176554,4326,4,,,Bengkayang,Kalimantan Barat,,0,Sambas,,2024-06,0.36363559565124676,6,0.36363559565124676,VIIRS DNB,nW/cm2/sr,2024,"{""type"":""MultiPoint"",""coordinates"":[]}"
125_0000000000000000000d,BA03050040,,,,,,,61.09,61,5979.04370295,TASWIL5000020230907KABKOTA,Sekadau,,0.485752312966,4.89358511498,4326,4,,,Sekadau,Kalimantan Barat,,0,Sanggau,,2024-06,0.3390712541207315,6,0.3390712541207315,VIIRS DNB,nW/cm2/sr,2024,"{""type"":""MultiPoint"",""coordinates"":[]}"
125_00000000000000000009,BA03050040,,,,,,,61.10,61,10122.5133896,TASWIL5000020230907KABKOTA,Melawi,,0.822418686577,6.18884194372,4326,4,,,Melawi,Kalimantan Barat,,0,Sintang,,2024-06,0.29441721409874294,6,0.29441721409874294,VIIRS DNB,nW/cm2/sr,2024,"{""type"":""MultiPoint"",""coordinates"":[]}"
125_00000000000000000005,BA03050040,,,,,,,61.71,61,118.208752498,TASWIL5000020230907KABKOTA,Kota Pontianak,,0.00960338694431,0.439734620886,4326,5,,,Kota Pontianak,Kalimantan Barat,,0,,,2024-06,13.603598697556002,6,13.603598697556002,VIIRS DNB,nW/cm2/sr,2024,"{""type"":""MultiPoint"",""coordinates"":[]}"
125_00000000000000000006,BA03050040,,,,,,,61.72,61,550.186910141,TASWIL5000020230907KABKOTA,Kota Singkawang,,0.0447029151336,1.23074798661,4326,5,,,Kota Singkawang,Kalimantan Barat,,0,Bengkayang,,2024-06,1.2292620280398354,6,1.2292620280398354,VIIRS DNB,nW/cm2/sr,2024,"{""type"":""MultiPoint"",""coordinates"":[]}"
125_00000000000000000001,BA03050040,,,,,,,,61,0.446818812946,TASWIL5000020230907KABKOTA,Kalimantan Barat,"Berdasarkan Kepmendagri 050-145 Tahun 2022, masuk ke Kalimantan Barat",3.63047728111E-5,0.0520740876463,4326,999,,,,Kalimantan Barat,,0,,,2024-06,0.28240618129439704,6,0.28240618129439704,VIIRS DNB,nW/cm2/sr,2024,"{""type"":""MultiPoint"",""coordinates"":[]}"
126_00000000000000000002,BA03050040,,,,,,,61.06,61,31318.2461503,TASWIL5000020230907KABKOTA,Kapuas Hulu,,2.54462852025,10.3235168378,4326,4,,,Kapuas Hulu,Kalimantan Barat,,0,,,2024-07,0.30217157307871234,7,0.30217157307871234,VIIRS DNB,nW/cm2/sr,2024,"{""type"":""MultiPoint"",""coordinates"":[]}"
126_00000000000000000004,BA03050040,,,,,,,61.04,61,30018.6763396,TASWIL5000020230907KABKOTA,Ketapang,,2.43989292708,13.6255621311,4326,4,,,Ketapang,Kalimantan Barat,,0,,,2024-07,0.422803791683138,7,0.422803791683138,VIIRS DNB,nW/cm2/sr,2024,"{""type"":""MultiPoint"",""coordinates"":[]}"
126_0000000000000000000a,BA03050040,,,,,,,61.02,61,1935.41897259,TASWIL5000020230907KABKOTA,Mempawah,,0.157238724723,3.1173764195,4326,4,,,Mempawah,Kalimantan Barat,,0,,,2024-07,0.6937983533692218,7,0.6937983533692218,VIIRS DNB,nW/cm2/sr,2024,"{""type"":""MultiPoint"",""coordinates"":[]}"
126_0000000000000000000b,BA03050040,,,,,,,61.01,61,5937.99495327,TASWIL5000020230907KABKOTA,Sambas,,0.482557384329,4.23082967505,4326,4,,,Sambas,Kalimantan Barat,,0,,,2024-07,0.43177218335471323,7,0.43177218335471323,VIIRS DNB,nW/cm2/sr,2024,"{""type"":""MultiPoint"",""coordinates"":[]}"
126_0000000000000000000c,BA03050040,,,,,,,61.03,61,12452.2241518,TASWIL5000020230907KABKOTA,Sanggau,,1.01166258397,7.65307697656,4326,4,,,Sanggau,Kalimantan Barat,,0,,,2024-07,0.39673681394511656,7,0.39673681394511656,VIIRS DNB,nW/cm2/sr,2024,"{""type"":""MultiPoint"",""coordinates"":[]}"
126_0000000000000000000e,BA03050040,,,,,,,61.05,61,22025.7880014,TASWIL5000020230907KABKOTA,Sintang,,1.78944370224,11.9811145851,4326,4,,,Sintang,Kalimantan Barat,,0,,,2024-07,0.328506444706407,7,0.328506444706407,VIIRS DNB,nW/cm2/sr,2024,"{""type"":""MultiPoint"",""coordinates"":[]}"
126_00000000000000000003,BA03050040,,,,,,,61.11,61,4110.12301412,TASWIL5000020230907KABKOTA,Kayong Utara,,0.333972050772,6.99327188474,4326,4,,,Kayong Utara,Kalimantan Barat,,0,Ketapang,,2024-07,0.39346188633366375,7,0.39346188633366375,VIIRS DNB,nW/cm2/sr,2024,"{""type"":""MultiPoint"",""coordinates"":[]}"
126_00000000000000000007,BA03050040,,,,,,,61.12,61,8549.29358265,TASWIL5000020230907KABKOTA,Kubu Raya,,0.694575912143,12.4289126619,4326,4,,,Kubu Raya,Kalimantan Barat,,0,Pontianak,,2024-07,0.6603490842574721,7,0.6603490842574721,VIIRS DNB,nW/cm2/sr,2024,"{""type"":""MultiPoint"",""coordinates"":[]}"
126_00000000000000000008,BA03050040,,,,,,,61.08,61,8430.71056018,TASWIL5000020230907KABKOTA,Landak,,0.684950096963,6.11846983154,4326,4,,,Landak,Kalimantan Barat,,0,Pontianak,,2024-07,0.34258310959765537,7,0.34258310959765537,VIIRS DNB,nW/cm2/sr,2024,"{""type"":""MultiPoint"",""coordinates"":[]}"
126_00000000000000000000,BA03050040,,,,,,,61.07,61,5488.60795319,TASWIL5000020230907KABKOTA,Bengkayang,,0.445970285372,6.02675176554,4326,4,,,Bengkayang,Kalimantan Barat,,0,Sambas,,2024-07,0.3548322862332745,7,0.3548322862332745,VIIRS DNB,nW/cm2/sr,2024,"{""type"":""MultiPoint"",""coordinates"":[]}"
126_0000000000000000000d,BA03050040,,,,,,,61.09,61,5979.04370295,TASWIL5000020230907KABKOTA,Sekadau,,0.485752312966,4.89358511498,4326,4,,,Sekadau,Kalimantan Barat,,0,Sanggau,,2024-07,0.41668805107887447,7,0.41668805107887447,VIIRS DNB,nW/cm2/sr,2024,"{""type"":""MultiPoint"",""coordinates"":[]}"
126_00000000000000000009,BA03050040,,,,,,,61.10,61,10122.5133896,TASWIL5000020230907KABKOTA,Melawi,,0.822418686577,6.18884194372,4326,4,,,Melawi,Kalimantan Barat,,0,Sintang,,2024-07,0.36642019082001803,7,0.36642019082001803,VIIRS DNB,nW/cm2/sr,2024,"{""type"":""MultiPoint"",""coordinates"":[]}"
126_00000000000000000005,BA03050040,,,,,,,61.71,61,118.208752498,TASWIL5000020230907KABKOTA,Kota Pontianak,,0.00960338694431,0.439734620886,4326,5,,,Kota Pontianak,Kalimantan Barat,,0,,,2024-07,17.583925920469323,7,17.583925920469323,VIIRS DNB,nW/cm2/sr,2024,"{""type"":""MultiPoint"",""coordinates"":[]}"
126_00000000000000000006,BA03050040,,,,,,,61.72,61,550.186910141,TASWIL5000020230907KABKOTA,Kota Singkawang,,0.0447029151336,1.23074798661,4326,5,,,Kota Singkawang,Kalimantan Barat,,0,Bengkayang,,2024-07,0.746900284645139,7,0.746900284645139,VIIRS DNB,nW/cm2/sr,2024,"{""type"":""MultiPoint"",""coordinates"":[]}"
126_00000000000000000001,BA03050040,,,,,,,,61,0.446818812946,TASWIL5000020230907KABKOTA,Kalimantan Barat,"Berdasarkan Kepmendagri 050-145 Tahun 2022, masuk ke Kalimantan Barat",3.63047728111E-5,0.0520740876463,4326,999,,,,Kalimantan Barat,,0,,,2024-07,0.2962472460522558,7,0.2962472460522558,VIIRS DNB,nW/cm2/sr,2024,"{""type"":""MultiPoint"",""coordinates"":[]}"
127_00000000000000000002,BA03050040,,,,,,,61.06,61,31318.2461503,TASWIL5000020230907KABKOTA,Kapuas Hulu,,2.54462852025,10.3235168378,4326,4,,,Kapuas Hulu,Kalimantan Barat,,0,,,2024-08,0.28814154245386175,8,0.28814154245386175,VIIRS DNB,nW/cm2/sr,2024,"{""type"":""MultiPoint"",""coordinates"":[]}"
127_00000000000000000004,BA03050040,,,,,,,61.04,61,30018.6763396,TASWIL5000020230907KABKOTA,Ketapang,,2.43989292708,13.6255621311,4326,4,,,Ketapang,Kalimantan Barat,,0,,,2024-08,0.3541255186984568,8,0.3541255186984568,VIIRS DNB,nW/cm2/sr,2024,"{""type"":""MultiPoint"",""coordinates"":[]}"
127_0000000000000000000a,BA03050040,,,,,,,61.02,61,1935.41897259,TASWIL5000020230907KABKOTA,Mempawah,,0.157238724723,3.1173764195,4326,4,,,Mempawah,Kalimantan Barat,,0,,,2024-08,0.6163512752518747,8,0.6163512752518747,VIIRS DNB,nW/cm2/sr,2024,"{""type"":""MultiPoint"",""coordinates"":[]}"
127_0000000000000000000b,BA03050040,,,,,,,61.01,61,5937.99495327,TASWIL5000020230907KABKOTA,Sambas,,0.482557384329,4.23082967505,4326,4,,,Sambas,Kalimantan Barat,,0,,,2024-08,0.45952081912570314,8,0.45952081912570314,VIIRS DNB,nW/cm2/sr,2024,"{""type"":""MultiPoint"",""coordinates"":[]}"
127_0000000000000000000c,BA03050040,,,,,,,61.03,61,12452.2241518,TASWIL5000020230907KABKOTA,Sanggau,,1.01166258397,7.65307697656,4326,4,,,Sanggau,Kalimantan Barat,,0,,,2024-08,0.32894797127544034,8,0.32894797127544034,VIIRS DNB,nW/cm2/sr,2024,"{""type"":""MultiPoint"",""coordinates"":[]}"
127_0000000000000000000e,BA03050040,,,,,,,61.05,61,22025.7880014,TASWIL5000020230907KABKOTA,Sintang,,1.78944370224,11.9811145851,4326,4,,,Sintang,Kalimantan Barat,,0,,,2024-08,0.33646267968139276,8,0.33646267968139276,VIIRS DNB,nW/cm2/sr,2024,"{""type"":""MultiPoint"",""coordinates"":[]}"
127_00000000000000000003,BA03050040,,,,,,,61.11,61,4110.12301412,TASWIL5000020230907KABKOTA,Kayong Utara,,0.333972050772,6.99327188474,4326,4,,,Kayong Utara,Kalimantan Barat,,0,Ketapang,,2024-08,0.4356601484809613,8,0.4356601484809613,VIIRS DNB,nW/cm2/sr,2024,"{""type"":""MultiPoint"",""coordinates"":[]}"
127_00000000000000000007,BA03050040,,,,,,,61.12,61,8549.29358265,TASWIL5000020230907KABKOTA,Kubu Raya,,0.694575912143,12.4289126619,4326,4,,,Kubu Raya,Kalimantan Barat,,0,Pontianak,,2024-08,0.6433586539981428,8,0.6433586539981428,VIIRS DNB,nW/cm2/sr,2024,"{""type"":""MultiPoint"",""coordinates"":[]}"
127_00000000000000000008,BA03050040,,,,,,,61.08,61,8430.71056018,TASWIL5000020230907KABKOTA,Landak,,0.684950096963,6.11846983154,4326,4,,,Landak,Kalimantan Barat,,0,Pontianak,,2024-08,0.35410839660625343,8,0.35410839660625343,VIIRS DNB,nW/cm2/sr,2024,"{""type"":""MultiPoint"",""coordinates"":[]}"
127_00000000000000000000,BA03050040,,,,,,,61.07,61,5488.60795319,TASWIL5000020230907KABKOTA,Bengkayang,,0.445970285372,6.02675176554,4326,4,,,Bengkayang,Kalimantan Barat,,0,Sambas,,2024-08,0.36902722595651,8,0.36902722595651,VIIRS DNB,nW/cm2/sr,2024,"{""type"":""MultiPoint"",""coordinates"":[]}"
127_0000000000000000000d,BA03050040,,,,,,,61.09,61,5979.04370295,TASWIL5000020230907KABKOTA,Sekadau,,0.485752312966,4.89358511498,4326,4,,,Sekadau,Kalimantan Barat,,0,Sanggau,,2024-08,0.21064671725748274,8,0.21064671725748274,VIIRS DNB,nW/cm2/sr,2024,"{""type"":""MultiPoint"",""coordinates"":[]}"
127_00000000000000000009,BA03050040,,,,,,,61.10,61,10122.5133896,TASWIL5000020230907KABKOTA,Melawi,,0.822418686577,6.18884194372,4326,4,,,Melawi,Kalimantan Barat,,0,Sintang,,2024-08,0.3133191950283127,8,0.3133191950283127,VIIRS DNB,nW/cm2/sr,2024,"{""type"":""MultiPoint"",""coordinates"":[]}"
127_00000000000000000005,BA03050040,,,,,,,61.71,61,118.208752498,TASWIL5000020230907KABKOTA,Kota Pontianak,,0.00960338694431,0.439734620886,4326,5,,,Kota Pontianak,Kalimantan Barat,,0,,,2024-08,19.06694527715856,8,19.06694527715856,VIIRS DNB,nW/cm2/sr,2024,"{""type"":""MultiPoint"",""coordinates"":[]}"
127_00000000000000000006,BA03050040,,,,,,,61.72,61,550.186910141,TASWIL5000020230907KABKOTA,Kota Singkawang,,0.0447029151336,1.23074798661,4326,5,,,Kota Singkawang,Kalimantan Barat,,0,Bengkayang,,2024-08,0.7146863682683327,8,0.7146863682683327,VIIRS DNB,nW/cm2/sr,2024,"{""type"":""MultiPoint"",""coordinates"":[]}"
127_00000000000000000001,BA03050040,,,,,,,,61,0.446818812946,TASWIL5000020230907KABKOTA,Kalimantan Barat,"Berdasarkan Kepmendagri 050-145 Tahun 2022, masuk ke Kalimantan Barat",3.63047728111E-5,0.0520740876463,4326,999,,,,Kalimantan Barat,,0,,,2024-08,0.24814569635962283,8,0.24814569635962283,VIIRS DNB,nW/cm2/sr,2024,"{""type"":""MultiPoint"",""coordinates"":[]}"
128_00000000000000000002,BA03050040,,,,,,,61.06,61,31318.2461503,TASWIL5000020230907KABKOTA,Kapuas Hulu,,2.54462852025,10.3235168378,4326,4,,,Kapuas Hulu,Kalimantan Barat,,0,,,2024-09,0.28059920086425044,9,0.28059920086425044,VIIRS DNB,nW/cm2/sr,2024,"{""type"":""MultiPoint"",""coordinates"":[]}"
128_00000000000000000004,BA03050040,,,,,,,61.04,61,30018.6763396,TASWIL5000020230907KABKOTA,Ketapang,,2.43989292708,13.6255621311,4326,4,,,Ketapang,Kalimantan Barat,,0,,,2024-09,0.3118789664199413,9,0.3118789664199413,VIIRS DNB,nW/cm2/sr,2024,"{""type"":""MultiPoint"",""coordinates"":[]}"
128_0000000000000000000a,BA03050040,,,,,,,61.02,61,1935.41897259,TASWIL5000020230907KABKOTA,Mempawah,,0.157238724723,3.1173764195,4326,4,,,Mempawah,Kalimantan Barat,,0,,,2024-09,0.7009359626871835,9,0.7009359626871835,VIIRS DNB,nW/cm2/sr,2024,"{""type"":""MultiPoint"",""coordinates"":[]}"
128_0000000000000000000b,BA03050040,,,,,,,61.01,61,5937.99495327,TASWIL5000020230907KABKOTA,Sambas,,0.482557384329,4.23082967505,4326,4,,,Sambas,Kalimantan Barat,,0,,,2024-09,0.3776159309367081,9,0.3776159309367081,VIIRS DNB,nW/cm2/sr,2024,"{""type"":""MultiPoint"",""coordinates"":[]}"
128_0000000000000000000c,BA03050040,,,,,,,61.03,61,12452.2241518,TASWIL5000020230907KABKOTA,Sanggau,,1.01166258397,7.65307697656,4326,4,,,Sanggau,Kalimantan Barat,,0,,,2024-09,0.33042545642916343,9,0.33042545642916343,VIIRS DNB,nW/cm2/sr,2024,"{""type"":""MultiPoint"",""coordinates"":[]}"
128_0000000000000000000e,BA03050040,,,,,,,61.05,61,22025.7880014,TASWIL5000020230907KABKOTA,Sintang,,1.78944370224,11.9811145851,4326,4,,,Sintang,Kalimantan Barat,,0,,,2024-09,0.29075708506236725,9,0.29075708506236725,VIIRS DNB,nW/cm2/sr,2024,"{""type"":""MultiPoint"",""coordinates"":[]}"
128_00000000000000000003,BA03050040,,,,,,,61.11,61,4110.12301412,TASWIL5000020230907KABKOTA,Kayong Utara,,0.333972050772,6.99327188474,4326,4,,,Kayong Utara,Kalimantan Barat,,0,Ketapang,,2024-09,0.29028308861542734,9,0.29028308861542734,VIIRS DNB,nW/cm2/sr,2024,"{""type"":""MultiPoint"",""coordinates"":[]}"
128_00000000000000000007,BA03050040,,,,,,,61.12,61,8549.29358265,TASWIL5000020230907KABKOTA,Kubu Raya,,0.694575912143,12.4289126619,4326,4,,,Kubu Raya,Kalimantan Barat,,0,Pontianak,,2024-09,0.4973759285141831,9,0.4973759285141831,VIIRS DNB,nW/cm2/sr,2024,"{""type"":""MultiPoint"",""coordinates"":[]}"
128_00000000000000000008,BA03050040,,,,,,,61.08,61,8430.71056018,TASWIL5000020230907KABKOTA,Landak,,0.684950096963,6.11846983154,4326,4,,,Landak,Kalimantan Barat,,0,Pontianak,,2024-09,0.31070954355477326,9,0.31070954355477326,VIIRS DNB,nW/cm2/sr,2024,"{""type"":""MultiPoint"",""coordinates"":[]}"
128_00000000000000000000,BA03050040,,,,,,,61.07,61,5488.60795319,TASWIL5000020230907KABKOTA,Bengkayang,,0.445970285372,6.02675176554,4326,4,,,Bengkayang,Kalimantan Barat,,0,Sambas,,2024-09,0.28527968004084864,9,0.28527968004084864,VIIRS DNB,nW/cm2/sr,2024,"{""type"":""MultiPoint"",""coordinates"":[]}"
128_0000000000000000000d,BA03050040,,,,,,,61.09,61,5979.04370295,TASWIL5000020230907KABKOTA,Sekadau,,0.485752312966,4.89358511498,4326,4,,,Sekadau,Kalimantan Barat,,0,Sanggau,,2024-09,0.3117138600106938,9,0.3117138600106938,VIIRS DNB,nW/cm2/sr,2024,"{""type"":""MultiPoint"",""coordinates"":[]}"
128_00000000000000000009,BA03050040,,,,,,,61.10,61,10122.5133896,TASWIL5000020230907KABKOTA,Melawi,,0.822418686577,6.18884194372,4326,4,,,Melawi,Kalimantan Barat,,0,Sintang,,2024-09,0.27075868480021714,9,0.27075868480021714,VIIRS DNB,nW/cm2/sr,2024,"{""type"":""MultiPoint"",""coordinates"":[]}"
128_00000000000000000005,BA03050040,,,,,,,61.71,61,118.208752498,TASWIL5000020230907KABKOTA,Kota Pontianak,,0.00960338694431,0.439734620886,4326,5,,,Kota Pontianak,Kalimantan Barat,,0,,,2024-09,15.945763671865564,9,15.945763671865564,VIIRS DNB,nW/cm2/sr,2024,"{""type"":""MultiPoint"",""coordinates"":[]}"
128_00000000000000000006,BA03050040,,,,,,,61.72,61,550.186910141,TASWIL5000020230907KABKOTA,Kota Singkawang,,0.0447029151336,1.23074798661,4326,5,,,Kota Singkawang,Kalimantan Barat,,0,Bengkayang,,2024-09,0.857705426514239,9,0.857705426514239,VIIRS DNB,nW/cm2/sr,2024,"{""type"":""MultiPoint"",""coordinates"":[]}"
128_00000000000000000001,BA03050040,,,,,,,,61,0.446818812946,TASWIL5000020230907KABKOTA,Kalimantan Barat,"Berdasarkan Kepmendagri 050-145 Tahun 2022, masuk ke Kalimantan Barat",3.63047728111E-5,0.0520740876463,4326,999,,,,Kalimantan Barat,,0,,,2024-09,0.2235540825273291,9,0.2235540825273291,VIIRS DNB,nW/cm2/sr,2024,"{""type"":""MultiPoint"",""coordinates"":[]}"
129_00000000000000000002,BA03050040,,,,,,,61.06,61,31318.2461503,TASWIL5000020230907KABKOTA,Kapuas Hulu,,2.54462852025,10.3235168378,4326,4,,,Kapuas Hulu,Kalimantan Barat,,0,,,2024-10,0.25812443521423195,10,0.25812443521423195,VIIRS DNB,nW/cm2/sr,2024,"{""type"":""MultiPoint"",""coordinates"":[]}"
129_00000000000000000004,BA03050040,,,,,,,61.04,61,30018.6763396,TASWIL5000020230907KABKOTA,Ketapang,,2.43989292708,13.6255621311,4326,4,,,Ketapang,Kalimantan Barat,,0,,,2024-10,0.32809013719313435,10,0.32809013719313435,VIIRS DNB,nW/cm2/sr,2024,"{""type"":""MultiPoint"",""coordinates"":[]}"
129_0000000000000000000a,BA03050040,,,,,,,61.02,61,1935.41897259,TASWIL5000020230907KABKOTA,Mempawah,,0.157238724723,3.1173764195,4326,4,,,Mempawah,Kalimantan Barat,,0,,,2024-10,0.7788328295389658,10,0.7788328295389658,VIIRS DNB,nW/cm2/sr,2024,"{""type"":""MultiPoint"",""coordinates"":[]}"
129_0000000000000000000b,BA03050040,,,,,,,61.01,61,5937.99495327,TASWIL5000020230907KABKOTA,Sambas,,0.482557384329,4.23082967505,4326,4,,,Sambas,Kalimantan Barat,,0,,,2024-10,0.4432665701476373,10,0.4432665701476373,VIIRS DNB,nW/cm2/sr,2024,"{""type"":""MultiPoint"",""coordinates"":[]}"
129_0000000000000000000c,BA03050040,,,,,,,61.03,61,12452.2241518,TASWIL5000020230907KABKOTA,Sanggau,,1.01166258397,7.65307697656,4326,4,,,Sanggau,Kalimantan Barat,,0,,,2024-10,0.32551620930001496,10,0.32551620930001496,VIIRS DNB,nW/cm2/sr,2024,"{""type"":""MultiPoint"",""coordinates"":[]}"
129_0000000000000000000e,BA03050040,,,,,,,61.05,61,22025.7880014,TASWIL5000020230907KABKOTA,Sintang,,1.78944370224,11.9811145851,4326,4,,,Sintang,Kalimantan Barat,,0,,,2024-10,0.2870765821463714,10,0.2870765821463714,VIIRS DNB,nW/cm2/sr,2024,"{""type"":""MultiPoint"",""coordinates"":[]}"
129_00000000000000000003,BA03050040,,,,,,,61.11,61,4110.12301412,TASWIL5000020230907KABKOTA,Kayong Utara,,0.333972050772,6.99327188474,4326,4,,,Kayong Utara,Kalimantan Barat,,0,Ketapang,,2024-10,0.3361955823291429,10,0.3361955823291429,VIIRS DNB,nW/cm2/sr,2024,"{""type"":""MultiPoint"",""coordinates"":[]}"
129_00000000000000000007,BA03050040,,,,,,,61.12,61,8549.29358265,TASWIL5000020230907KABKOTA,Kubu Raya,,0.694575912143,12.4289126619,4326,4,,,Kubu Raya,Kalimantan Barat,,0,Pontianak,,2024-10,0.5415105874048308,10,0.5415105874048308,VIIRS DNB,nW/cm2/sr,2024,"{""type"":""MultiPoint"",""coordinates"":[]}"
129_00000000000000000008,BA03050040,,,,,,,61.08,61,8430.71056018,TASWIL5000020230907KABKOTA,Landak,,0.684950096963,6.11846983154,4326,4,,,Landak,Kalimantan Barat,,0,Pontianak,,2024-10,0.332739416839476,10,0.332739416839476,VIIRS DNB,nW/cm2/sr,2024,"{""type"":""MultiPoint"",""coordinates"":[]}"
129_00000000000000000000,BA03050040,,,,,,,61.07,61,5488.60795319,TASWIL5000020230907KABKOTA,Bengkayang,,0.445970285372,6.02675176554,4326,4,,,Bengkayang,Kalimantan Barat,,0,Sambas,,2024-10,0.3424778490507634,10,0.3424778490507634,VIIRS DNB,nW/cm2/sr,2024,"{""type"":""MultiPoint"",""coordinates"":[]}"
129_0000000000000000000d,BA03050040,,,,,,,61.09,61,5979.04370295,TASWIL5000020230907KABKOTA,Sekadau,,0.485752312966,4.89358511498,4326,4,,,Sekadau,Kalimantan Barat,,0,Sanggau,,2024-10,0.3036671231803707,10,0.3036671231803707,VIIRS DNB,nW/cm2/sr,2024,"{""type"":""MultiPoint"",""coordinates"":[]}"
129_00000000000000000009,BA03050040,,,,,,,61.10,61,10122.5133896,TASWIL5000020230907KABKOTA,Melawi,,0.822418686577,6.18884194372,4326,4,,,Melawi,Kalimantan Barat,,0,Sintang,,2024-10,0.2827893504801503,10,0.2827893504801503,VIIRS DNB,nW/cm2/sr,2024,"{""type"":""MultiPoint"",""coordinates"":[]}"
129_00000000000000000005,BA03050040,,,,,,,61.71,61,118.208752498,TASWIL5000020230907KABKOTA,Kota Pontianak,,0.00960338694431,0.439734620886,4326,5,,,Kota Pontianak,Kalimantan Barat,,0,,,2024-10,16.507829204471967,10,16.507829204471967,VIIRS DNB,nW/cm2/sr,2024,"{""type"":""MultiPoint"",""coordinates"":[]}"
129_00000000000000000006,BA03050040,,,,,,,61.72,61,550.186910141,TASWIL5000020230907KABKOTA,Kota Singkawang,,0.0447029151336,1.23074798661,4326,5,,,Kota Singkawang,Kalimantan Barat,,0,Bengkayang,,2024-10,1.3742543803549394,10,1.3742543803549394,VIIRS DNB,nW/cm2/sr,2024,"{""type"":""MultiPoint"",""coordinates"":[]}"
129_00000000000000000001,BA03050040,,,,,,,,61,0.446818812946,TASWIL5000020230907KABKOTA,Kalimantan Barat,"Berdasarkan Kepmendagri 050-145 Tahun 2022, masuk ke Kalimantan Barat",3.63047728111E-5,0.0520740876463,4326,999,,,,Kalimantan Barat,,0,,,2024-10,0.33256070641492375,10,0.33256070641492375,VIIRS DNB,nW/cm2/sr,2024,"{""type"":""MultiPoint"",""coordinates"":[]}"
130_00000000000000000002,BA03050040,,,,,,,61.06,61,31318.2461503,TASWIL5000020230907KABKOTA,Kapuas Hulu,,2.54462852025,10.3235168378,4326,4,,,Kapuas Hulu,Kalimantan Barat,,0,,,2024-11,0.033801352581515585,11,0.033801352581515585,VIIRS DNB,nW/cm2/sr,2024,"{""type"":""MultiPoint"",""coordinates"":[]}"
130_00000000000000000004,BA03050040,,,,,,,61.04,61,30018.6763396,TASWIL5000020230907KABKOTA,Ketapang,,2.43989292708,13.6255621311,4326,4,,,Ketapang,Kalimantan Barat,,0,,,2024-11,0.16466507705503644,11,0.16466507705503644,VIIRS DNB,nW/cm2/sr,2024,"{""type"":""MultiPoint"",""coordinates"":[]}"
130_0000000000000000000a,BA03050040,,,,,,,61.02,61,1935.41897259,TASWIL5000020230907KABKOTA,Mempawah,,0.157238724723,3.1173764195,4326,4,,,Mempawah,Kalimantan Barat,,0,,,2024-11,0.14280159525074515,11,0.14280159525074515,VIIRS DNB,nW/cm2/sr,2024,"{""type"":""MultiPoint"",""coordinates"":[]}"
130_0000000000000000000b,BA03050040,,,,,,,61.01,61,5937.99495327,TASWIL5000020230907KABKOTA,Sambas,,0.482557384329,4.23082967505,4326,4,,,Sambas,Kalimantan Barat,,0,,,2024-11,0.15091421911035,11,0.15091421911035,VIIRS DNB,nW/cm2/sr,2024,"{""type"":""MultiPoint"",""coordinates"":[]}"
130_0000000000000000000c,BA03050040,,,,,,,61.03,61,12452.2241518,TASWIL5000020230907KABKOTA,Sanggau,,1.01166258397,7.65307697656,4326,4,,,Sanggau,Kalimantan Barat,,0,,,2024-11,0.23100095731756287,11,0.23100095731756287,VIIRS DNB,nW/cm2/sr,2024,"{""type"":""MultiPoint"",""coordinates"":[]}"
130_0000000000000000000e,BA03050040,,,,,,,61.05,61,22025.7880014,TASWIL5000020230907KABKOTA,Sintang,,1.78944370224,11.9811145851,4326,4,,,Sintang,Kalimantan Barat,,0,,,2024-11,0.11380238615004402,11,0.11380238615004402,VIIRS DNB,nW/cm2/sr,2024,"{""type"":""MultiPoint"",""coordinates"":[]}"
130_00000000000000000003,BA03050040,,,,,,,61.11,61,4110.12301412,TASWIL5000020230907KABKOTA,Kayong Utara,,0.333972050772,6.99327188474,4326,4,,,Kayong Utara,Kalimantan Barat,,0,Ketapang,,2024-11,0.07462360765761047,11,0.07462360765761047,VIIRS DNB,nW/cm2/sr,2024,"{""type"":""MultiPoint"",""coordinates"":[]}"
130_00000000000000000007,BA03050040,,,,,,,61.12,61,8549.29358265,TASWIL5000020230907KABKOTA,Kubu Raya,,0.694575912143,12.4289126619,4326,4,,,Kubu Raya,Kalimantan Barat,,0,Pontianak,,2024-11,0.08175834338444822,11,0.08175834338444822,VIIRS DNB,nW/cm2/sr,2024,"{""type"":""MultiPoint"",""coordinates"":[]}"
130_00000000000000000008,BA03050040,,,,,,,61.08,61,8430.71056018,TASWIL5000020230907KABKOTA,Landak,,0.684950096963,6.11846983154,4326,4,,,Landak,Kalimantan Barat,,0,Pontianak,,2024-11,0.11957220747184166,11,0.11957220747184166,VIIRS DNB,nW/cm2/sr,2024,"{""type"":""MultiPoint"",""coordinates"":[]}"
130_00000000000000000000,BA03050040,,,,,,,61.07,61,5488.60795319,TASWIL5000020230907KABKOTA,Bengkayang,,0.445970285372,6.02675176554,4326,4,,,Bengkayang,Kalimantan Barat,,0,Sambas,,2024-11,0.20765101272407172,11,0.20765101272407172,VIIRS DNB,nW/cm2/sr,2024,"{""type"":""MultiPoint"",""coordinates"":[]}"
130_0000000000000000000d,BA03050040,,,,,,,61.09,61,5979.04370295,TASWIL5000020230907KABKOTA,Sekadau,,0.485752312966,4.89358511498,4326,4,,,Sekadau,Kalimantan Barat,,0,Sanggau,,2024-11,0.20578165874923365,11,0.20578165874923365,VIIRS DNB,nW/cm2/sr,2024,"{""type"":""MultiPoint"",""coordinates"":[]}"
130_00000000000000000009,BA03050040,,,,,,,61.10,61,10122.5133896,TASWIL5000020230907KABKOTA,Melawi,,0.822418686577,6.18884194372,4326,4,,,Melawi,Kalimantan Barat,,0,Sintang,,2024-11,0.05814965162015522,11,0.05814965162015522,VIIRS DNB,nW/cm2/sr,2024,"{""type"":""MultiPoint"",""coordinates"":[]}"
130_00000000000000000005,BA03050040,,,,,,,61.71,61,118.208752498,TASWIL5000020230907KABKOTA,Kota Pontianak,,0.00960338694431,0.439734620886,4326,5,,,Kota Pontianak,Kalimantan Barat,,0,,,2024-11,0.42256174138626335,11,0.42256174138626335,VIIRS DNB,nW/cm2/sr,2024,"{""type"":""MultiPoint"",""coordinates"":[]}"
130_00000000000000000006,BA03050040,,,,,,,61.72,61,550.186910141,TASWIL5000020230907KABKOTA,Kota Singkawang,,0.0447029151336,1.23074798661,4326,5,,,Kota Singkawang,Kalimantan Barat,,0,Bengkayang,,2024-11,0.0,11,0.0,VIIRS DNB,nW/cm2/sr,2024,"{""type"":""MultiPoint"",""coordinates"":[]}"
130_00000000000000000001,BA03050040,,,,,,,,61,0.446818812946,TASWIL5000020230907KABKOTA,Kalimantan Barat,"Berdasarkan Kepmendagri 050-145 Tahun 2022, masuk ke Kalimantan Barat",3.63047728111E-5,0.0520740876463,4326,999,,,,Kalimantan Barat,,0,,,2024-11,0.0,11,0.0,VIIRS DNB,nW/cm2/sr,2024,"{""type"":""MultiPoint"",""coordinates"":[]}"
131_00000000000000000002,BA03050040,,,,,,,61.06,61,31318.2461503,TASWIL5000020230907KABKOTA,Kapuas Hulu,,2.54462852025,10.3235168378,4326,4,,,Kapuas Hulu,Kalimantan Barat,,0,,,2024-12,0.04411032266684781,12,0.04411032266684781,VIIRS DNB,nW/cm2/sr,2024,"{""type"":""MultiPoint"",""coordinates"":[]}"
131_00000000000000000004,BA03050040,,,,,,,61.04,61,30018.6763396,TASWIL5000020230907KABKOTA,Ketapang,,2.43989292708,13.6255621311,4326,4,,,Ketapang,Kalimantan Barat,,0,,,2024-12,0.022655374845720087,12,0.022655374845720087,VIIRS DNB,nW/cm2/sr,2024,"{""type"":""MultiPoint"",""coordinates"":[]}"
131_0000000000000000000a,BA03050040,,,,,,,61.02,61,1935.41897259,TASWIL5000020230907KABKOTA,Mempawah,,0.157238724723,3.1173764195,4326,4,,,Mempawah,Kalimantan Barat,,0,,,2024-12,0.12792815661115012,12,0.12792815661115012,VIIRS DNB,nW/cm2/sr,2024,"{""type"":""MultiPoint"",""coordinates"":[]}"
131_0000000000000000000b,BA03050040,,,,,,,61.01,61,5937.99495327,TASWIL5000020230907KABKOTA,Sambas,,0.482557384329,4.23082967505,4326,4,,,Sambas,Kalimantan Barat,,0,,,2024-12,0.06704491580980232,12,0.06704491580980232,VIIRS DNB,nW/cm2/sr,2024,"{""type"":""MultiPoint"",""coordinates"":[]}"
131_0000000000000000000c,BA03050040,,,,,,,61.03,61,12452.2241518,TASWIL5000020230907KABKOTA,Sanggau,,1.01166258397,7.65307697656,4326,4,,,Sanggau,Kalimantan Barat,,0,,,2024-12,0.0750447321251367,12,0.0750447321251367,VIIRS DNB,nW/cm2/sr,2024,"{""type"":""MultiPoint"",""coordinates"":[]}"
131_0000000000000000000e,BA03050040,,,,,,,61.05,61,22025.7880014,TASWIL5000020230907KABKOTA,Sintang,,1.78944370224,11.9811145851,4326,4,,,Sintang,Kalimantan Barat,,0,,,2024-12,0.016261523995138055,12,0.016261523995138055,VIIRS DNB,nW/cm2/sr,2024,"{""type"":""MultiPoint"",""coordinates"":[]}"
131_00000000000000000003,BA03050040,,,,,,,61.11,61,4110.12301412,TASWIL5000020230907KABKOTA,Kayong Utara,,0.333972050772,6.99327188474,4326,4,,,Kayong Utara,Kalimantan Barat,,0,Ketapang,,2024-12,0.0,12,0.0,VIIRS DNB,nW/cm2/sr,2024,"{""type"":""MultiPoint"",""coordinates"":[]}"
131_00000000000000000007,BA03050040,,,,,,,61.12,61,8549.29358265,TASWIL5000020230907KABKOTA,Kubu Raya,,0.694575912143,12.4289126619,4326,4,,,Kubu Raya,Kalimantan Barat,,0,Pontianak,,2024-12,0.010689591408985647,12,0.010689591408985647,VIIRS DNB,nW/cm2/sr,2024,"{""type"":""MultiPoint"",""coordinates"":[]}"
131_00000000000000000008,BA03050040,,,,,,,61.08,61,8430.71056018,TASWIL5000020230907KABKOTA,Landak,,0.684950096963,6.11846983154,4326,4,,,Landak,Kalimantan Barat,,0,Pontianak,,2024-12,0.14006150002445886,12,0.14006150002445886,VIIRS DNB,nW/cm2/sr,2024,"{""type"":""MultiPoint"",""coordinates"":[]}"
131_00000000000000000000,BA03050040,,,,,,,61.07,61,5488.60795319,TASWIL5000020230907KABKOTA,Bengkayang,,0.445970285372,6.02675176554,4326,4,,,Bengkayang,Kalimantan Barat,,0,Sambas,,2024-12,0.05821622106026875,12,0.05821622106026875,VIIRS DNB,nW/cm2/sr,2024,"{""type"":""MultiPoint"",""coordinates"":[]}"
131_0000000000000000000d,BA03050040,,,,,,,61.09,61,5979.04370295,TASWIL5000020230907KABKOTA,Sekadau,,0.485752312966,4.89358511498,4326,4,,,Sekadau,Kalimantan Barat,,0,Sanggau,,2024-12,0.0047402804749425015,12,0.0047402804749425015,VIIRS DNB,nW/cm2/sr,2024,"{""type"":""MultiPoint"",""coordinates"":[]}"
131_00000000000000000009,BA03050040,,,,,,,61.10,61,10122.5133896,TASWIL5000020230907KABKOTA,Melawi,,0.822418686577,6.18884194372,4326,4,,,Melawi,Kalimantan Barat,,0,Sintang,,2024-12,0.012364283383205171,12,0.012364283383205171,VIIRS DNB,nW/cm2/sr,2024,"{""type"":""MultiPoint"",""coordinates"":[]}"
131_00000000000000000005,BA03050040,,,,,,,61.71,61,118.208752498,TASWIL5000020230907KABKOTA,Kota Pontianak,,0.00960338694431,0.439734620886,4326,5,,,Kota Pontianak,Kalimantan Barat,,0,,,2024-12,0.9636034378383527,12,0.9636034378383527,VIIRS DNB,nW/cm2/sr,2024,"{""type"":""MultiPoint"",""coordinates"":[]}"
131_00000000000000000006,BA03050040,,,,,,,61.72,61,550.186910141,TASWIL5000020230907KABKOTA,Kota Singkawang,,0.0447029151336,1.23074798661,4326,5,,,Kota Singkawang,Kalimantan Barat,,0,Bengkayang,,2024-12,0.0,12,0.0,VIIRS DNB,nW/cm2/sr,2024,"{""type"":""MultiPoint"",""coordinates"":[]}"
131_00000000000000000001,BA03050040,,,,,,,,61,0.446818812946,TASWIL5000020230907KABKOTA,Kalimantan Barat,"Berdasarkan Kepmendagri 050-145 Tahun 2022, masuk ke Kalimantan Barat",3.63047728111E-5,0.0520740876463,4326,999,,,,Kalimantan Barat,,0,,,2024-12,0.0,12,0.0,VIIRS DNB,nW/cm2/sr,2024,"{""type"":""MultiPoint"",""coordinates"":[]}"
132_00000000000000000002,BA03050040,,,,,,,61.06,61,31318.2461503,TASWIL5000020230907KABKOTA,Kapuas Hulu,,2.54462852025,10.3235168378,4326,4,,,Kapuas Hulu,Kalimantan Barat,,0,,,2025-01,0.027120819082688277,1,0.027120819082688277,VIIRS DNB,nW/cm2/sr,2025,"{""type"":""MultiPoint"",""coordinates"":[]}"
132_00000000000000000004,BA03050040,,,,,,,61.04,61,30018.6763396,TASWIL5000020230907KABKOTA,Ketapang,,2.43989292708,13.6255621311,4326,4,,,Ketapang,Kalimantan Barat,,0,,,2025-01,0.04746157445386716,1,0.04746157445386716,VIIRS DNB,nW/cm2/sr,2025,"{""type"":""MultiPoint"",""coordinates"":[]}"
132_0000000000000000000a,BA03050040,,,,,,,61.02,61,1935.41897259,TASWIL5000020230907KABKOTA,Mempawah,,0.157238724723,3.1173764195,4326,4,,,Mempawah,Kalimantan Barat,,0,,,2025-01,0.04179429956629255,1,0.04179429956629255,VIIRS DNB,nW/cm2/sr,2025,"{""type"":""MultiPoint"",""coordinates"":[]}"
132_0000000000000000000b,BA03050040,,,,,,,61.01,61,5937.99495327,TASWIL5000020230907KABKOTA,Sambas,,0.482557384329,4.23082967505,4326,4,,,Sambas,Kalimantan Barat,,0,,,2025-01,0.0061294472095804195,1,0.0061294472095804195,VIIRS DNB,nW/cm2/sr,2025,"{""type"":""MultiPoint"",""coordinates"":[]}"
132_0000000000000000000c,BA03050040,,,,,,,61.03,61,12452.2241518,TASWIL5000020230907KABKOTA,Sanggau,,1.01166258397,7.65307697656,4326,4,,,Sanggau,Kalimantan Barat,,0,,,2025-01,0.051550637367537455,1,0.051550637367537455,VIIRS DNB,nW/cm2/sr,2025,"{""type"":""MultiPoint"",""coordinates"":[]}"
132_0000000000000000000e,BA03050040,,,,,,,61.05,61,22025.7880014,TASWIL5000020230907KABKOTA,Sintang,,1.78944370224,11.9811145851,4326,4,,,Sintang,Kalimantan Barat,,0,,,2025-01,0.009152014746973162,1,0.009152014746973162,VIIRS DNB,nW/cm2/sr,2025,"{""type"":""MultiPoint"",""coordinates"":[]}"
132_00000000000000000003,BA03050040,,,,,,,61.11,61,4110.12301412,TASWIL5000020230907KABKOTA,Kayong Utara,,0.333972050772,6.99327188474,4326,4,,,Kayong Utara,Kalimantan Barat,,0,Ketapang,,2025-01,0.01742093908439628,1,0.01742093908439628,VIIRS DNB,nW/cm2/sr,2025,"{""type"":""MultiPoint"",""coordinates"":[]}"
132_00000000000000000007,BA03050040,,,,,,,61.12,61,8549.29358265,TASWIL5000020230907KABKOTA,Kubu Raya,,0.694575912143,12.4289126619,4326,4,,,Kubu Raya,Kalimantan Barat,,0,Pontianak,,2025-01,0.10114851013563976,1,0.10114851013563976,VIIRS DNB,nW/cm2/sr,2025,"{""type"":""MultiPoint"",""coordinates"":[]}"
132_00000000000000000008,BA03050040,,,,,,,61.08,61,8430.71056018,TASWIL5000020230907KABKOTA,Landak,,0.684950096963,6.11846983154,4326,4,,,Landak,Kalimantan Barat,,0,Pontianak,,2025-01,0.009348921097756391,1,0.009348921097756391,VIIRS DNB,nW/cm2/sr,2025,"{""type"":""MultiPoint"",""coordinates"":[]}"
132_00000000000000000000,BA03050040,,,,,,,61.07,61,5488.60795319,TASWIL5000020230907KABKOTA,Bengkayang,,0.445970285372,6.02675176554,4326,4,,,Bengkayang,Kalimantan Barat,,0,Sambas,,2025-01,0.011553881390740563,1,0.011553881390740563,VIIRS DNB,nW/cm2/sr,2025,"{""type"":""MultiPoint"",""coordinates"":[]}"
132_0000000000000000000d,BA03050040,,,,,,,61.09,61,5979.04370295,TASWIL5000020230907KABKOTA,Sekadau,,0.485752312966,4.89358511498,4326,4,,,Sekadau,Kalimantan Barat,,0,Sanggau,,2025-01,0.08756617036030202,1,0.08756617036030202,VIIRS DNB,nW/cm2/sr,2025,"{""type"":""MultiPoint"",""coordinates"":[]}"
132_00000000000000000009,BA03050040,,,,,,,61.10,61,10122.5133896,TASWIL5000020230907KABKOTA,Melawi,,0.822418686577,6.18884194372,4326,4,,,Melawi,Kalimantan Barat,,0,Sintang,,2025-01,0.00213569753734809,1,0.00213569753734809,VIIRS DNB,nW/cm2/sr,2025,"{""type"":""MultiPoint"",""coordinates"":[]}"
132_00000000000000000005,BA03050040,,,,,,,61.71,61,118.208752498,TASWIL5000020230907KABKOTA,Kota Pontianak,,0.00960338694431,0.439734620886,4326,5,,,Kota Pontianak,Kalimantan Barat,,0,,,2025-01,0.0,1,0.0,VIIRS DNB,nW/cm2/sr,2025,"{""type"":""MultiPoint"",""coordinates"":[]}"
132_00000000000000000006,BA03050040,,,,,,,61.72,61,550.186910141,TASWIL5000020230907KABKOTA,Kota Singkawang,,0.0447029151336,1.23074798661,4326,5,,,Kota Singkawang,Kalimantan Barat,,0,Bengkayang,,2025-01,0.006788602957910032,1,0.006788602957910032,VIIRS DNB,nW/cm2/sr,2025,"{""type"":""MultiPoint"",""coordinates"":[]}"
132_00000000000000000001,BA03050040,,,,,,,,61,0.446818812946,TASWIL5000020230907KABKOTA,Kalimantan Barat,"Berdasarkan Kepmendagri 050-145 Tahun 2022, masuk ke Kalimantan Barat",3.63047728111E-5,0.0520740876463,4326,999,,,,Kalimantan Barat,,0,,,2025-01,0.0,1,0.0,VIIRS DNB,nW/cm2/sr,2025,"{""type"":""MultiPoint"",""coordinates"":[]}"
133_00000000000000000002,BA03050040,,,,,,,61.06,61,31318.2461503,TASWIL5000020230907KABKOTA,Kapuas Hulu,,2.54462852025,10.3235168378,4326,4,,,Kapuas Hulu,Kalimantan Barat,,0,,,2025-02,0.007205806658360642,2,0.007205806658360642,VIIRS DNB,nW/cm2/sr,2025,"{""type"":""MultiPoint"",""coordinates"":[]}"
133_00000000000000000004,BA03050040,,,,,,,61.04,61,30018.6763396,TASWIL5000020230907KABKOTA,Ketapang,,2.43989292708,13.6255621311,4326,4,,,Ketapang,Kalimantan Barat,,0,,,2025-02,0.10261205861491231,2,0.10261205861491231,VIIRS DNB,nW/cm2/sr,2025,"{""type"":""MultiPoint"",""coordinates"":[]}"
133_0000000000000000000a,BA03050040,,,,,,,61.02,61,1935.41897259,TASWIL5000020230907KABKOTA,Mempawah,,0.157238724723,3.1173764195,4326,4,,,Mempawah,Kalimantan Barat,,0,,,2025-02,0.0053277152877560605,2,0.0053277152877560605,VIIRS DNB,nW/cm2/sr,2025,"{""type"":""MultiPoint"",""coordinates"":[]}"
133_0000000000000000000b,BA03050040,,,,,,,61.01,61,5937.99495327,TASWIL5000020230907KABKOTA,Sambas,,0.482557384329,4.23082967505,4326,4,,,Sambas,Kalimantan Barat,,0,,,2025-02,0.004722278734106358,2,0.004722278734106358,VIIRS DNB,nW/cm2/sr,2025,"{""type"":""MultiPoint"",""coordinates"":[]}"
133_0000000000000000000c,BA03050040,,,,,,,61.03,61,12452.2241518,TASWIL5000020230907KABKOTA,Sanggau,,1.01166258397,7.65307697656,4326,4,,,Sanggau,Kalimantan Barat,,0,,,2025-02,0.0012785454025217378,2,0.0012785454025217378,VIIRS DNB,nW/cm2/sr,2025,"{""type"":""MultiPoint"",""coordinates"":[]}"
133_0000000000000000000e,BA03050040,,,,,,,61.05,61,22025.7880014,TASWIL5000020230907KABKOTA,Sintang,,1.78944370224,11.9811145851,4326,4,,,Sintang,Kalimantan Barat,,0,,,2025-02,0.029808987067836218,2,0.029808987067836218,VIIRS DNB,nW/cm2/sr,2025,"{""type"":""MultiPoint"",""coordinates"":[]}"
133_00000000000000000003,BA03050040,,,,,,,61.11,61,4110.12301412,TASWIL5000020230907KABKOTA,Kayong Utara,,0.333972050772,6.99327188474,4326,4,,,Kayong Utara,Kalimantan Barat,,0,Ketapang,,2025-02,0.009779862749152681,2,0.009779862749152681,VIIRS DNB,nW/cm2/sr,2025,"{""type"":""MultiPoint"",""coordinates"":[]}"
133_00000000000000000007,BA03050040,,,,,,,61.12,61,8549.29358265,TASWIL5000020230907KABKOTA,Kubu Raya,,0.694575912143,12.4289126619,4326,4,,,Kubu Raya,Kalimantan Barat,,0,Pontianak,,2025-02,0.04318067874169306,2,0.04318067874169306,VIIRS DNB,nW/cm2/sr,2025,"{""type"":""MultiPoint"",""coordinates"":[]}"
133_00000000000000000008,BA03050040,,,,,,,61.08,61,8430.71056018,TASWIL5000020230907KABKOTA,Landak,,0.684950096963,6.11846983154,4326,4,,,Landak,Kalimantan Barat,,0,Pontianak,,2025-02,5.135433834180521E-4,2,5.135433834180521E-4,VIIRS DNB,nW/cm2/sr,2025,"{""type"":""MultiPoint"",""coordinates"":[]}"
133_00000000000000000000,BA03050040,,,,,,,61.07,61,5488.60795319,TASWIL5000020230907KABKOTA,Bengkayang,,0.445970285372,6.02675176554,4326,4,,,Bengkayang,Kalimantan Barat,,0,Sambas,,2025-02,2.975910133647636E-5,2,2.975910133647636E-5,VIIRS DNB,nW/cm2/sr,2025,"{""type"":""MultiPoint"",""coordinates"":[]}"
133_0000000000000000000d,BA03050040,,,,,,,61.09,61,5979.04370295,TASWIL5000020230907KABKOTA,Sekadau,,0.485752312966,4.89358511498,4326,4,,,Sekadau,Kalimantan Barat,,0,Sanggau,,2025-02,0.008110878234513811,2,0.008110878234513811,VIIRS DNB,nW/cm2/sr,2025,"{""type"":""MultiPoint"",""coordinates"":[]}"
133_00000000000000000009,BA03050040,,,,,,,61.10,61,10122.5133896,TASWIL5000020230907KABKOTA,Melawi,,0.822418686577,6.18884194372,4326,4,,,Melawi,Kalimantan Barat,,0,Sintang,,2025-02,0.009828657546497636,2,0.009828657546497636,VIIRS DNB,nW/cm2/sr,2025,"{""type"":""MultiPoint"",""coordinates"":[]}"
133_00000000000000000005,BA03050040,,,,,,,61.71,61,118.208752498,TASWIL5000020230907KABKOTA,Kota Pontianak,,0.00960338694431,0.439734620886,4326,5,,,Kota Pontianak,Kalimantan Barat,,0,,,2025-02,0.0,2,0.0,VIIRS DNB,nW/cm2/sr,2025,"{""type"":""MultiPoint"",""coordinates"":[]}"
133_00000000000000000006,BA03050040,,,,,,,61.72,61,550.186910141,TASWIL5000020230907KABKOTA,Kota Singkawang,,0.0447029151336,1.23074798661,4326,5,,,Kota Singkawang,Kalimantan Barat,,0,Bengkayang,,2025-02,0.0,2,0.0,VIIRS DNB,nW/cm2/sr,2025,"{""type"":""MultiPoint"",""coordinates"":[]}"
133_00000000000000000001,BA03050040,,,,,,,,61,0.446818812946,TASWIL5000020230907KABKOTA,Kalimantan Barat,"Berdasarkan Kepmendagri 050-145 Tahun 2022, masuk ke Kalimantan Barat",3.63047728111E-5,0.0520740876463,4326,999,,,,Kalimantan Barat,,0,,,2025-02,0.0,2,0.0,VIIRS DNB,nW/cm2/sr,2025,"{""type"":""MultiPoint"",""coordinates"":[]}"
134_00000000000000000002,BA03050040,,,,,,,61.06,61,31318.2461503,TASWIL5000020230907KABKOTA,Kapuas Hulu,,2.54462852025,10.3235168378,4326,4,,,Kapuas Hulu,Kalimantan Barat,,0,,,2025-03,0.22477676984906433,3,0.22477676984906433,VIIRS DNB,nW/cm2/sr,2025,"{""type"":""MultiPoint"",""coordinates"":[]}"
134_00000000000000000004,BA03050040,,,,,,,61.04,61,30018.6763396,TASWIL5000020230907KABKOTA,Ketapang,,2.43989292708,13.6255621311,4326,4,,,Ketapang,Kalimantan Barat,,0,,,2025-03,0.3248032644502605,3,0.3248032644502605,VIIRS DNB,nW/cm2/sr,2025,"{""type"":""MultiPoint"",""coordinates"":[]}"
134_0000000000000000000a,BA03050040,,,,,,,61.02,61,1935.41897259,TASWIL5000020230907KABKOTA,Mempawah,,0.157238724723,3.1173764195,4326,4,,,Mempawah,Kalimantan Barat,,0,,,2025-03,0.21472685908807604,3,0.21472685908807604,VIIRS DNB,nW/cm2/sr,2025,"{""type"":""MultiPoint"",""coordinates"":[]}"
134_0000000000000000000b,BA03050040,,,,,,,61.01,61,5937.99495327,TASWIL5000020230907KABKOTA,Sambas,,0.482557384329,4.23082967505,4326,4,,,Sambas,Kalimantan Barat,,0,,,2025-03,0.08987363796214666,3,0.08987363796214666,VIIRS DNB,nW/cm2/sr,2025,"{""type"":""MultiPoint"",""coordinates"":[]}"
134_0000000000000000000c,BA03050040,,,,,,,61.03,61,12452.2241518,TASWIL5000020230907KABKOTA,Sanggau,,1.01166258397,7.65307697656,4326,4,,,Sanggau,Kalimantan Barat,,0,,,2025-03,0.2682962936410638,3,0.2682962936410638,VIIRS DNB,nW/cm2/sr,2025,"{""type"":""MultiPoint"",""coordinates"":[]}"
134_0000000000000000000e,BA03050040,,,,,,,61.05,61,22025.7880014,TASWIL5000020230907KABKOTA,Sintang,,1.78944370224,11.9811145851,4326,4,,,Sintang,Kalimantan Barat,,0,,,2025-03,0.2984003096297516,3,0.2984003096297516,VIIRS DNB,nW/cm2/sr,2025,"{""type"":""MultiPoint"",""coordinates"":[]}"
134_00000000000000000003,BA03050040,,,,,,,61.11,61,4110.12301412,TASWIL5000020230907KABKOTA,Kayong Utara,,0.333972050772,6.99327188474,4326,4,,,Kayong Utara,Kalimantan Barat,,0,Ketapang,,2025-03,0.24563603647836718,3,0.24563603647836718,VIIRS DNB,nW/cm2/sr,2025,"{""type"":""MultiPoint"",""coordinates"":[]}"
134_00000000000000000007,BA03050040,,,,,,,61.12,61,8549.29358265,TASWIL5000020230907KABKOTA,Kubu Raya,,0.694575912143,12.4289126619,4326,4,,,Kubu Raya,Kalimantan Barat,,0,Pontianak,,2025-03,0.37151695775983057,3,0.37151695775983057,VIIRS DNB,nW/cm2/sr,2025,"{""type"":""MultiPoint"",""coordinates"":[]}"
134_00000000000000000008,BA03050040,,,,,,,61.08,61,8430.71056018,TASWIL5000020230907KABKOTA,Landak,,0.684950096963,6.11846983154,4326,4,,,Landak,Kalimantan Barat,,0,Pontianak,,2025-03,0.11926434118503086,3,0.11926434118503086,VIIRS DNB,nW/cm2/sr,2025,"{""type"":""MultiPoint"",""coordinates"":[]}"
134_00000000000000000000,BA03050040,,,,,,,61.07,61,5488.60795319,TASWIL5000020230907KABKOTA,Bengkayang,,0.445970285372,6.02675176554,4326,4,,,Bengkayang,Kalimantan Barat,,0,Sambas,,2025-03,0.06919630895354555,3,0.06919630895354555,VIIRS DNB,nW/cm2/sr,2025,"{""type"":""MultiPoint"",""coordinates"":[]}"
134_0000000000000000000d,BA03050040,,,,,,,61.09,61,5979.04370295,TASWIL5000020230907KABKOTA,Sekadau,,0.485752312966,4.89358511498,4326,4,,,Sekadau,Kalimantan Barat,,0,Sanggau,,2025-03,0.28941693740301366,3,0.28941693740301366,VIIRS DNB,nW/cm2/sr,2025,"{""type"":""MultiPoint"",""coordinates"":[]}"
134_00000000000000000009,BA03050040,,,,,,,61.10,61,10122.5133896,TASWIL5000020230907KABKOTA,Melawi,,0.822418686577,6.18884194372,4326,4,,,Melawi,Kalimantan Barat,,0,Sintang,,2025-03,0.3207190903815832,3,0.3207190903815832,VIIRS DNB,nW/cm2/sr,2025,"{""type"":""MultiPoint"",""coordinates"":[]}"
134_00000000000000000005,BA03050040,,,,,,,61.71,61,118.208752498,TASWIL5000020230907KABKOTA,Kota Pontianak,,0.00960338694431,0.439734620886,4326,5,,,Kota Pontianak,Kalimantan Barat,,0,,,2025-03,17.530512265336892,3,17.530512265336892,VIIRS DNB,nW/cm2/sr,2025,"{""type"":""MultiPoint"",""coordinates"":[]}"
134_00000000000000000006,BA03050040,,,,,,,61.72,61,550.186910141,TASWIL5000020230907KABKOTA,Kota Singkawang,,0.0447029151336,1.23074798661,4326,5,,,Kota Singkawang,Kalimantan Barat,,0,Bengkayang,,2025-03,0.004313727180356052,3,0.004313727180356052,VIIRS DNB,nW/cm2/sr,2025,"{""type"":""MultiPoint"",""coordinates"":[]}"
134_00000000000000000001,BA03050040,,,,,,,,61,0.446818812946,TASWIL5000020230907KABKOTA,Kalimantan Barat,"Berdasarkan Kepmendagri 050-145 Tahun 2022, masuk ke Kalimantan Barat",3.63047728111E-5,0.0520740876463,4326,999,,,,Kalimantan Barat,,0,,,2025-03,0.0,3,0.0,VIIRS DNB,nW/cm2/sr,2025,"{""type"":""MultiPoint"",""coordinates"":[]}"
135_00000000000000000002,BA03050040,,,,,,,61.06,61,31318.2461503,TASWIL5000020230907KABKOTA,Kapuas Hulu,,2.54462852025,10.3235168378,4326,4,,,Kapuas Hulu,Kalimantan Barat,,0,,,2025-04,0.2218711005219943,4,0.2218711005219943,VIIRS DNB,nW/cm2/sr,2025,"{""type"":""MultiPoint"",""coordinates"":[]}"
135_00000000000000000004,BA03050040,,,,,,,61.04,61,30018.6763396,TASWIL5000020230907KABKOTA,Ketapang,,2.43989292708,13.6255621311,4326,4,,,Ketapang,Kalimantan Barat,,0,,,2025-04,0.4858583960777619,4,0.4858583960777619,VIIRS DNB,nW/cm2/sr,2025,"{""type"":""MultiPoint"",""coordinates"":[]}"
135_0000000000000000000a,BA03050040,,,,,,,61.02,61,1935.41897259,TASWIL5000020230907KABKOTA,Mempawah,,0.157238724723,3.1173764195,4326,4,,,Mempawah,Kalimantan Barat,,0,,,2025-04,0.7766122270609068,4,0.7766122270609068,VIIRS DNB,nW/cm2/sr,2025,"{""type"":""MultiPoint"",""coordinates"":[]}"
135_0000000000000000000b,BA03050040,,,,,,,61.01,61,5937.99495327,TASWIL5000020230907KABKOTA,Sambas,,0.482557384329,4.23082967505,4326,4,,,Sambas,Kalimantan Barat,,0,,,2025-04,0.5761622877247744,4,0.5761622877247744,VIIRS DNB,nW/cm2/sr,2025,"{""type"":""MultiPoint"",""coordinates"":[]}"
135_0000000000000000000c,BA03050040,,,,,,,61.03,61,12452.2241518,TASWIL5000020230907KABKOTA,Sanggau,,1.01166258397,7.65307697656,4326,4,,,Sanggau,Kalimantan Barat,,0,,,2025-04,0.3117967275464787,4,0.3117967275464787,VIIRS DNB,nW/cm2/sr,2025,"{""type"":""MultiPoint"",""coordinates"":[]}"
135_0000000000000000000e,BA03050040,,,,,,,61.05,61,22025.7880014,TASWIL5000020230907KABKOTA,Sintang,,1.78944370224,11.9811145851,4326,4,,,Sintang,Kalimantan Barat,,0,,,2025-04,0.21597877388840217,4,0.21597877388840217,VIIRS DNB,nW/cm2/sr,2025,"{""type"":""MultiPoint"",""coordinates"":[]}"
135_00000000000000000003,BA03050040,,,,,,,61.11,61,4110.12301412,TASWIL5000020230907KABKOTA,Kayong Utara,,0.333972050772,6.99327188474,4326,4,,,Kayong Utara,Kalimantan Barat,,0,Ketapang,,2025-04,0.4710196264794524,4,0.4710196264794524,VIIRS DNB,nW/cm2/sr,2025,"{""type"":""MultiPoint"",""coordinates"":[]}"
135_00000000000000000007,BA03050040,,,,,,,61.12,61,8549.29358265,TASWIL5000020230907KABKOTA,Kubu Raya,,0.694575912143,12.4289126619,4326,4,,,Kubu Raya,Kalimantan Barat,,0,Pontianak,,2025-04,0.6464823701839474,4,0.6464823701839474,VIIRS DNB,nW/cm2/sr,2025,"{""type"":""MultiPoint"",""coordinates"":[]}"
135_00000000000000000008,BA03050040,,,,,,,61.08,61,8430.71056018,TASWIL5000020230907KABKOTA,Landak,,0.684950096963,6.11846983154,4326,4,,,Landak,Kalimantan Barat,,0,Pontianak,,2025-04,0.3716327619802054,4,0.3716327619802054,VIIRS DNB,nW/cm2/sr,2025,"{""type"":""MultiPoint"",""coordinates"":[]}"
135_00000000000000000000,BA03050040,,,,,,,61.07,61,5488.60795319,TASWIL5000020230907KABKOTA,Bengkayang,,0.445970285372,6.02675176554,4326,4,,,Bengkayang,Kalimantan Barat,,0,Sambas,,2025-04,0.5834579463460285,4,0.5834579463460285,VIIRS DNB,nW/cm2/sr,2025,"{""type"":""MultiPoint"",""coordinates"":[]}"
135_0000000000000000000d,BA03050040,,,,,,,61.09,61,5979.04370295,TASWIL5000020230907KABKOTA,Sekadau,,0.485752312966,4.89358511498,4326,4,,,Sekadau,Kalimantan Barat,,0,Sanggau,,2025-04,0.1927325175550565,4,0.1927325175550565,VIIRS DNB,nW/cm2/sr,2025,"{""type"":""MultiPoint"",""coordinates"":[]}"
135_00000000000000000009,BA03050040,,,,,,,61.10,61,10122.5133896,TASWIL5000020230907KABKOTA,Melawi,,0.822418686577,6.18884194372,4326,4,,,Melawi,Kalimantan Barat,,0,Sintang,,2025-04,0.3272270649164319,4,0.3272270649164319,VIIRS DNB,nW/cm2/sr,2025,"{""type"":""MultiPoint"",""coordinates"":[]}"
135_00000000000000000005,BA03050040,,,,,,,61.71,61,118.208752498,TASWIL5000020230907KABKOTA,Kota Pontianak,,0.00960338694431,0.439734620886,4326,5,,,Kota Pontianak,Kalimantan Barat,,0,,,2025-04,15.053145849824887,4,15.053145849824887,VIIRS DNB,nW/cm2/sr,2025,"{""type"":""MultiPoint"",""coordinates"":[]}"
135_00000000000000000006,BA03050040,,,,,,,61.72,61,550.186910141,TASWIL5000020230907KABKOTA,Kota Singkawang,,0.0447029151336,1.23074798661,4326,5,,,Kota Singkawang,Kalimantan Barat,,0,Bengkayang,,2025-04,1.6975821693453008,4,1.6975821693453008,VIIRS DNB,nW/cm2/sr,2025,"{""type"":""MultiPoint"",""coordinates"":[]}"
135_00000000000000000001,BA03050040,,,,,,,,61,0.446818812946,TASWIL5000020230907KABKOTA,Kalimantan Barat,"Berdasarkan Kepmendagri 050-145 Tahun 2022, masuk ke Kalimantan Barat",3.63047728111E-5,0.0520740876463,4326,999,,,,Kalimantan Barat,,0,,,2025-04,0.46158940198668846,4,0.46158940198668846,VIIRS DNB,nW/cm2/sr,2025,"{""type"":""MultiPoint"",""coordinates"":[]}"
136_00000000000000000002,BA03050040,,,,,,,61.06,61,31318.2461503,TASWIL5000020230907KABKOTA,Kapuas Hulu,,2.54462852025,10.3235168378,4326,4,,,Kapuas Hulu,Kalimantan Barat,,0,,,2025-05,0.22290547482427409,5,0.22290547482427409,VIIRS DNB,nW/cm2/sr,2025,"{""type"":""MultiPoint"",""coordinates"":[]}"
136_00000000000000000004,BA03050040,,,,,,,61.04,61,30018.6763396,TASWIL5000020230907KABKOTA,Ketapang,,2.43989292708,13.6255621311,4326,4,,,Ketapang,Kalimantan Barat,,0,,,2025-05,0.4354699252473224,5,0.4354699252473224,VIIRS DNB,nW/cm2/sr,2025,"{""type"":""MultiPoint"",""coordinates"":[]}"
136_0000000000000000000a,BA03050040,,,,,,,61.02,61,1935.41897259,TASWIL5000020230907KABKOTA,Mempawah,,0.157238724723,3.1173764195,4326,4,,,Mempawah,Kalimantan Barat,,0,,,2025-05,0.9878048691585172,5,0.9878048691585172,VIIRS DNB,nW/cm2/sr,2025,"{""type"":""MultiPoint"",""coordinates"":[]}"
136_0000000000000000000b,BA03050040,,,,,,,61.01,61,5937.99495327,TASWIL5000020230907KABKOTA,Sambas,,0.482557384329,4.23082967505,4326,4,,,Sambas,Kalimantan Barat,,0,,,2025-05,0.4504456492492025,5,0.4504456492492025,VIIRS DNB,nW/cm2/sr,2025,"{""type"":""MultiPoint"",""coordinates"":[]}"
136_0000000000000000000c,BA03050040,,,,,,,61.03,61,12452.2241518,TASWIL5000020230907KABKOTA,Sanggau,,1.01166258397,7.65307697656,4326,4,,,Sanggau,Kalimantan Barat,,0,,,2025-05,0.5689038734835562,5,0.5689038734835562,VIIRS DNB,nW/cm2/sr,2025,"{""type"":""MultiPoint"",""coordinates"":[]}"
136_0000000000000000000e,BA03050040,,,,,,,61.05,61,22025.7880014,TASWIL5000020230907KABKOTA,Sintang,,1.78944370224,11.9811145851,4326,4,,,Sintang,Kalimantan Barat,,0,,,2025-05,0.4458852928508745,5,0.4458852928508745,VIIRS DNB,nW/cm2/sr,2025,"{""type"":""MultiPoint"",""coordinates"":[]}"
136_00000000000000000003,BA03050040,,,,,,,61.11,61,4110.12301412,TASWIL5000020230907KABKOTA,Kayong Utara,,0.333972050772,6.99327188474,4326,4,,,Kayong Utara,Kalimantan Barat,,0,Ketapang,,2025-05,0.4642577655262495,5,0.4642577655262495,VIIRS DNB,nW/cm2/sr,2025,"{""type"":""MultiPoint"",""coordinates"":[]}"
136_00000000000000000007,BA03050040,,,,,,,61.12,61,8549.29358265,TASWIL5000020230907KABKOTA,Kubu Raya,,0.694575912143,12.4289126619,4326,4,,,Kubu Raya,Kalimantan Barat,,0,Pontianak,,2025-05,0.7646556893790603,5,0.7646556893790603,VIIRS DNB,nW/cm2/sr,2025,"{""type"":""MultiPoint"",""coordinates"":[]}"
136_00000000000000000008,BA03050040,,,,,,,61.08,61,8430.71056018,TASWIL5000020230907KABKOTA,Landak,,0.684950096963,6.11846983154,4326,4,,,Landak,Kalimantan Barat,,0,Pontianak,,2025-05,0.5767106405222547,5,0.5767106405222547,VIIRS DNB,nW/cm2/sr,2025,"{""type"":""MultiPoint"",""coordinates"":[]}"
136_00000000000000000000,BA03050040,,,,,,,61.07,61,5488.60795319,TASWIL5000020230907KABKOTA,Bengkayang,,0.445970285372,6.02675176554,4326,4,,,Bengkayang,Kalimantan Barat,,0,Sambas,,2025-05,0.38017013726083093,5,0.38017013726083093,VIIRS DNB,nW/cm2/sr,2025,"{""type"":""MultiPoint"",""coordinates"":[]}"
136_0000000000000000000d,BA03050040,,,,,,,61.09,61,5979.04370295,TASWIL5000020230907KABKOTA,Sekadau,,0.485752312966,4.89358511498,4326,4,,,Sekadau,Kalimantan Barat,,0,Sanggau,,2025-05,0.45722979704762046,5,0.45722979704762046,VIIRS DNB,nW/cm2/sr,2025,"{""type"":""MultiPoint"",""coordinates"":[]}"
136_00000000000000000009,BA03050040,,,,,,,61.10,61,10122.5133896,TASWIL5000020230907KABKOTA,Melawi,,0.822418686577,6.18884194372,4326,4,,,Melawi,Kalimantan Barat,,0,Sintang,,2025-05,0.35700804805212377,5,0.35700804805212377,VIIRS DNB,nW/cm2/sr,2025,"{""type"":""MultiPoint"",""coordinates"":[]}"
136_00000000000000000005,BA03050040,,,,,,,61.71,61,118.208752498,TASWIL5000020230907KABKOTA,Kota Pontianak,,0.00960338694431,0.439734620886,4326,5,,,Kota Pontianak,Kalimantan Barat,,0,,,2025-05,17.88417609430838,5,17.88417609430838,VIIRS DNB,nW/cm2/sr,2025,"{""type"":""MultiPoint"",""coordinates"":[]}"
136_00000000000000000006,BA03050040,,,,,,,61.72,61,550.186910141,TASWIL5000020230907KABKOTA,Kota Singkawang,,0.0447029151336,1.23074798661,4326,5,,,Kota Singkawang,Kalimantan Barat,,0,Bengkayang,,2025-05,1.1656144531316683,5,1.1656144531316683,VIIRS DNB,nW/cm2/sr,2025,"{""type"":""MultiPoint"",""coordinates"":[]}"
136_00000000000000000001,BA03050040,,,,,,,,61,0.446818812946,TASWIL5000020230907KABKOTA,Kalimantan Barat,"Berdasarkan Kepmendagri 050-145 Tahun 2022, masuk ke Kalimantan Barat",3.63047728111E-5,0.0520740876463,4326,999,,,,Kalimantan Barat,,0,,,2025-05,0.34520971413216583,5,0.34520971413216583,VIIRS DNB,nW/cm2/sr,2025,"{""type"":""MultiPoint"",""coordinates"":[]}"
137_00000000000000000002,BA03050040,,,,,,,61.06,61,31318.2461503,TASWIL5000020230907KABKOTA,Kapuas Hulu,,2.54462852025,10.3235168378,4326,4,,,Kapuas Hulu,Kalimantan Barat,,0,,,2025-06,0.16746545878195568,6,0.16746545878195568,VIIRS DNB,nW/cm2/sr,2025,"{""type"":""MultiPoint"",""coordinates"":[]}"
137_00000000000000000004,BA03050040,,,,,,,61.04,61,30018.6763396,TASWIL5000020230907KABKOTA,Ketapang,,2.43989292708,13.6255621311,4326,4,,,Ketapang,Kalimantan Barat,,0,,,2025-06,0.2881133147472203,6,0.2881133147472203,VIIRS DNB,nW/cm2/sr,2025,"{""type"":""MultiPoint"",""coordinates"":[]}"
137_0000000000000000000a,BA03050040,,,,,,,61.02,61,1935.41897259,TASWIL5000020230907KABKOTA,Mempawah,,0.157238724723,3.1173764195,4326,4,,,Mempawah,Kalimantan Barat,,0,,,2025-06,1.0217091230133526,6,1.0217091230133526,VIIRS DNB,nW/cm2/sr,2025,"{""type"":""MultiPoint"",""coordinates"":[]}"
137_0000000000000000000b,BA03050040,,,,,,,61.01,61,5937.99495327,TASWIL5000020230907KABKOTA,Sambas,,0.482557384329,4.23082967505,4326,4,,,Sambas,Kalimantan Barat,,0,,,2025-06,0.366892978311006,6,0.366892978311006,VIIRS DNB,nW/cm2/sr,2025,"{""type"":""MultiPoint"",""coordinates"":[]}"
137_0000000000000000000c,BA03050040,,,,,,,61.03,61,12452.2241518,TASWIL5000020230907KABKOTA,Sanggau,,1.01166258397,7.65307697656,4326,4,,,Sanggau,Kalimantan Barat,,0,,,2025-06,0.335711828966132,6,0.335711828966132,VIIRS DNB,nW/cm2/sr,2025,"{""type"":""MultiPoint"",""coordinates"":[]}"
137_0000000000000000000e,BA03050040,,,,,,,61.05,61,22025.7880014,TASWIL5000020230907KABKOTA,Sintang,,1.78944370224,11.9811145851,4326,4,,,Sintang,Kalimantan Barat,,0,,,2025-06,0.2633862613232998,6,0.2633862613232998,VIIRS DNB,nW/cm2/sr,2025,"{""type"":""MultiPoint"",""coordinates"":[]}"
137_00000000000000000003,BA03050040,,,,,,,61.11,61,4110.12301412,TASWIL5000020230907KABKOTA,Kayong Utara,,0.333972050772,6.99327188474,4326,4,,,Kayong Utara,Kalimantan Barat,,0,Ketapang,,2025-06,0.2619156069935581,6,0.2619156069935581,VIIRS DNB,nW/cm2/sr,2025,"{""type"":""MultiPoint"",""coordinates"":[]}"
137_00000000000000000007,BA03050040,,,,,,,61.12,61,8549.29358265,TASWIL5000020230907KABKOTA,Kubu Raya,,0.694575912143,12.4289126619,4326,4,,,Kubu Raya,Kalimantan Barat,,0,Pontianak,,2025-06,0.7392407786981049,6,0.7392407786981049,VIIRS DNB,nW/cm2/sr,2025,"{""type"":""MultiPoint"",""coordinates"":[]}"
137_00000000000000000008,BA03050040,,,,,,,61.08,61,8430.71056018,TASWIL5000020230907KABKOTA,Landak,,0.684950096963,6.11846983154,4326,4,,,Landak,Kalimantan Barat,,0,Pontianak,,2025-06,0.33042509321529495,6,0.33042509321529495,VIIRS DNB,nW/cm2/sr,2025,"{""type"":""MultiPoint"",""coordinates"":[]}"
137_00000000000000000000,BA03050040,,,,,,,61.07,61,5488.60795319,TASWIL5000020230907KABKOTA,Bengkayang,,0.445970285372,6.02675176554,4326,4,,,Bengkayang,Kalimantan Barat,,0,Sambas,,2025-06,0.33210345449712647,6,0.33210345449712647,VIIRS DNB,nW/cm2/sr,2025,"{""type"":""MultiPoint"",""coordinates"":[]}"
137_0000000000000000000d,BA03050040,,,,,,,61.09,61,5979.04370295,TASWIL5000020230907KABKOTA,Sekadau,,0.485752312966,4.89358511498,4326,4,,,Sekadau,Kalimantan Barat,,0,Sanggau,,2025-06,0.33127648479497673,6,0.33127648479497673,VIIRS DNB,nW/cm2/sr,2025,"{""type"":""MultiPoint"",""coordinates"":[]}"
137_00000000000000000009,BA03050040,,,,,,,61.10,61,10122.5133896,TASWIL5000020230907KABKOTA,Melawi,,0.822418686577,6.18884194372,4326,4,,,Melawi,Kalimantan Barat,,0,Sintang,,2025-06,0.23104285212134837,6,0.23104285212134837,VIIRS DNB,nW/cm2/sr,2025,"{""type"":""MultiPoint"",""coordinates"":[]}"
137_00000000000000000005,BA03050040,,,,,,,61.71,61,118.208752498,TASWIL5000020230907KABKOTA,Kota Pontianak,,0.00960338694431,0.439734620886,4326,5,,,Kota Pontianak,Kalimantan Barat,,0,,,2025-06,17.746491732214217,6,17.746491732214217,VIIRS DNB,nW/cm2/sr,2025,"{""type"":""MultiPoint"",""coordinates"":[]}"
137_00000000000000000006,BA03050040,,,,,,,61.72,61,550.186910141,TASWIL5000020230907KABKOTA,Kota Singkawang,,0.0447029151336,1.23074798661,4326,5,,,Kota Singkawang,Kalimantan Barat,,0,Bengkayang,,2025-06,1.1684482822366422,6,1.1684482822366422,VIIRS DNB,nW/cm2/sr,2025,"{""type"":""MultiPoint"",""coordinates"":[]}"
137_00000000000000000001,BA03050040,,,,,,,,61,0.446818812946,TASWIL5000020230907KABKOTA,Kalimantan Barat,"Berdasarkan Kepmendagri 050-145 Tahun 2022, masuk ke Kalimantan Barat",3.63047728111E-5,0.0520740876463,4326,999,,,,Kalimantan Barat,,0,,,2025-06,0.31218542763860546,6,0.31218542763860546,VIIRS DNB,nW/cm2/sr,2025,"{""type"":""MultiPoint"",""coordinates"":[]}"
138_00000000000000000002,BA03050040,,,,,,,61.06,61,31318.2461503,TASWIL5000020230907KABKOTA,Kapuas Hulu,,2.54462852025,10.3235168378,4326,4,,,Kapuas Hulu,Kalimantan Barat,,0,,,2025-07,0.24085008676402467,7,0.24085008676402467,VIIRS DNB,nW/cm2/sr,2025,"{""type"":""MultiPoint"",""coordinates"":[]}"
138_00000000000000000004,BA03050040,,,,,,,61.04,61,30018.6763396,TASWIL5000020230907KABKOTA,Ketapang,,2.43989292708,13.6255621311,4326,4,,,Ketapang,Kalimantan Barat,,0,,,2025-07,0.28241066385736824,7,0.28241066385736824,VIIRS DNB,nW/cm2/sr,2025,"{""type"":""MultiPoint"",""coordinates"":[]}"
138_0000000000000000000a,BA03050040,,,,,,,61.02,61,1935.41897259,TASWIL5000020230907KABKOTA,Mempawah,,0.157238724723,3.1173764195,4326,4,,,Mempawah,Kalimantan Barat,,0,,,2025-07,0.8509069519976104,7,0.8509069519976104,VIIRS DNB,nW/cm2/sr,2025,"{""type"":""MultiPoint"",""coordinates"":[]}"
138_0000000000000000000b,BA03050040,,,,,,,61.01,61,5937.99495327,TASWIL5000020230907KABKOTA,Sambas,,0.482557384329,4.23082967505,4326,4,,,Sambas,Kalimantan Barat,,0,,,2025-07,0.3875092826901153,7,0.3875092826901153,VIIRS DNB,nW/cm2/sr,2025,"{""type"":""MultiPoint"",""coordinates"":[]}"
138_0000000000000000000c,BA03050040,,,,,,,61.03,61,12452.2241518,TASWIL5000020230907KABKOTA,Sanggau,,1.01166258397,7.65307697656,4326,4,,,Sanggau,Kalimantan Barat,,0,,,2025-07,0.3091355742065659,7,0.3091355742065659,VIIRS DNB,nW/cm2/sr,2025,"{""type"":""MultiPoint"",""coordinates"":[]}"
138_0000000000000000000e,BA03050040,,,,,,,61.05,61,22025.7880014,TASWIL5000020230907KABKOTA,Sintang,,1.78944370224,11.9811145851,4326,4,,,Sintang,Kalimantan Barat,,0,,,2025-07,0.2658518822214397,7,0.2658518822214397,VIIRS DNB,nW/cm2/sr,2025,"{""type"":""MultiPoint"",""coordinates"":[]}"
138_00000000000000000003,BA03050040,,,,,,,61.11,61,4110.12301412,TASWIL5000020230907KABKOTA,Kayong Utara,,0.333972050772,6.99327188474,4326,4,,,Kayong Utara,Kalimantan Barat,,0,Ketapang,,2025-07,0.2969373197756342,7,0.2969373197756342,VIIRS DNB,nW/cm2/sr,2025,"{""type"":""MultiPoint"",""coordinates"":[]}"
138_00000000000000000007,BA03050040,,,,,,,61.12,61,8549.29358265,TASWIL5000020230907KABKOTA,Kubu Raya,,0.694575912143,12.4289126619,4326,4,,,Kubu Raya,Kalimantan Barat,,0,Pontianak,,2025-07,0.5607150622563808,7,0.5607150622563808,VIIRS DNB,nW/cm2/sr,2025,"{""type"":""MultiPoint"",""coordinates"":[]}"
138_00000000000000000008,BA03050040,,,,,,,61.08,61,8430.71056018,TASWIL5000020230907KABKOTA,Landak,,0.684950096963,6.11846983154,4326,4,,,Landak,Kalimantan Barat,,0,Pontianak,,2025-07,0.3067872629094108,7,0.3067872629094108,VIIRS DNB,nW/cm2/sr,2025,"{""type"":""MultiPoint"",""coordinates"":[]}"
138_00000000000000000000,BA03050040,,,,,,,61.07,61,5488.60795319,TASWIL5000020230907KABKOTA,Bengkayang,,0.445970285372,6.02675176554,4326,4,,,Bengkayang,Kalimantan Barat,,0,Sambas,,2025-07,0.31237556735618965,7,0.31237556735618965,VIIRS DNB,nW/cm2/sr,2025,"{""type"":""MultiPoint"",""coordinates"":[]}"
138_0000000000000000000d,BA03050040,,,,,,,61.09,61,5979.04370295,TASWIL5000020230907KABKOTA,Sekadau,,0.485752312966,4.89358511498,4326,4,,,Sekadau,Kalimantan Barat,,0,Sanggau,,2025-07,0.2787552436646568,7,0.2787552436646568,VIIRS DNB,nW/cm2/sr,2025,"{""type"":""MultiPoint"",""coordinates"":[]}"
138_00000000000000000009,BA03050040,,,,,,,61.10,61,10122.5133896,TASWIL5000020230907KABKOTA,Melawi,,0.822418686577,6.18884194372,4326,4,,,Melawi,Kalimantan Barat,,0,Sintang,,2025-07,0.2589194876686084,7,0.2589194876686084,VIIRS DNB,nW/cm2/sr,2025,"{""type"":""MultiPoint"",""coordinates"":[]}"
138_00000000000000000005,BA03050040,,,,,,,61.71,61,118.208752498,TASWIL5000020230907KABKOTA,Kota Pontianak,,0.00960338694431,0.439734620886,4326,5,,,Kota Pontianak,Kalimantan Barat,,0,,,2025-07,18.104263126533322,7,18.104263126533322,VIIRS DNB,nW/cm2/sr,2025,"{""type"":""MultiPoint"",""coordinates"":[]}"
138_00000000000000000006,BA03050040,,,,,,,61.72,61,550.186910141,TASWIL5000020230907KABKOTA,Kota Singkawang,,0.0447029151336,1.23074798661,4326,5,,,Kota Singkawang,Kalimantan Barat,,0,Bengkayang,,2025-07,1.5450856810661295,7,1.5450856810661295,VIIRS DNB,nW/cm2/sr,2025,"{""type"":""MultiPoint"",""coordinates"":[]}"
138_00000000000000000001,BA03050040,,,,,,,,61,0.446818812946,TASWIL5000020230907KABKOTA,Kalimantan Barat,"Berdasarkan Kepmendagri 050-145 Tahun 2022, masuk ke Kalimantan Barat",3.63047728111E-5,0.0520740876463,4326,999,,,,Kalimantan Barat,,0,,,2025-07,0.2438410654104835,7,0.2438410654104835,VIIRS DNB,nW/cm2/sr,2025,"{""type"":""MultiPoint"",""coordinates"":[]}"
139_00000000000000000002,BA03050040,,,,,,,61.06,61,31318.2461503,TASWIL5000020230907KABKOTA,Kapuas Hulu,,2.54462852025,10.3235168378,4326,4,,,Kapuas Hulu,Kalimantan Barat,,0,,,2025-08,0.030679976713102856,8,0.030679976713102856,VIIRS DNB,nW/cm2/sr,2025,"{""type"":""MultiPoint"",""coordinates"":[]}"
139_00000000000000000004,BA03050040,,,,,,,61.04,61,30018.6763396,TASWIL5000020230907KABKOTA,Ketapang,,2.43989292708,13.6255621311,4326,4,,,Ketapang,Kalimantan Barat,,0,,,2025-08,0.23696257639504067,8,0.23696257639504067,VIIRS DNB,nW/cm2/sr,2025,"{""type"":""MultiPoint"",""coordinates"":[]}"
139_0000000000000000000a,BA03050040,,,,,,,61.02,61,1935.41897259,TASWIL5000020230907KABKOTA,Mempawah,,0.157238724723,3.1173764195,4326,4,,,Mempawah,Kalimantan Barat,,0,,,2025-08,0.318134156615702,8,0.318134156615702,VIIRS DNB,nW/cm2/sr,2025,"{""type"":""MultiPoint"",""coordinates"":[]}"
139_0000000000000000000b,BA03050040,,,,,,,61.01,61,5937.99495327,TASWIL5000020230907KABKOTA,Sambas,,0.482557384329,4.23082967505,4326,4,,,Sambas,Kalimantan Barat,,0,,,2025-08,0.015585548780774557,8,0.015585548780774557,VIIRS DNB,nW/cm2/sr,2025,"{""type"":""MultiPoint"",""coordinates"":[]}"
139_0000000000000000000c,BA03050040,,,,,,,61.03,61,12452.2241518,TASWIL5000020230907KABKOTA,Sanggau,,1.01166258397,7.65307697656,4326,4,,,Sanggau,Kalimantan Barat,,0,,,2025-08,0.19759197133029613,8,0.19759197133029613,VIIRS DNB,nW/cm2/sr,2025,"{""type"":""MultiPoint"",""coordinates"":[]}"
139_0000000000000000000e,BA03050040,,,,,,,61.05,61,22025.7880014,TASWIL5000020230907KABKOTA,Sintang,,1.78944370224,11.9811145851,4326,4,,,Sintang,Kalimantan Barat,,0,,,2025-08,0.13032232307027242,8,0.13032232307027242,VIIRS DNB,nW/cm2/sr,2025,"{""type"":""MultiPoint"",""coordinates"":[]}"
139_00000000000000000003,BA03050040,,,,,,,61.11,61,4110.12301412,TASWIL5000020230907KABKOTA,Kayong Utara,,0.333972050772,6.99327188474,4326,4,,,Kayong Utara,Kalimantan Barat,,0,Ketapang,,2025-08,0.23456009749363804,8,0.23456009749363804,VIIRS DNB,nW/cm2/sr,2025,"{""type"":""MultiPoint"",""coordinates"":[]}"
139_00000000000000000007,BA03050040,,,,,,,61.12,61,8549.29358265,TASWIL5000020230907KABKOTA,Kubu Raya,,0.694575912143,12.4289126619,4326,4,,,Kubu Raya,Kalimantan Barat,,0,Pontianak,,2025-08,0.3168513287022649,8,0.3168513287022649,VIIRS DNB,nW/cm2/sr,2025,"{""type"":""MultiPoint"",""coordinates"":[]}"
139_00000000000000000008,BA03050040,,,,,,,61.08,61,8430.71056018,TASWIL5000020230907KABKOTA,Landak,,0.684950096963,6.11846983154,4326,4,,,Landak,Kalimantan Barat,,0,Pontianak,,2025-08,0.1604044368034683,8,0.1604044368034683,VIIRS DNB,nW/cm2/sr,2025,"{""type"":""MultiPoint"",""coordinates"":[]}"
139_00000000000000000000,BA03050040,,,,,,,61.07,61,5488.60795319,TASWIL5000020230907KABKOTA,Bengkayang,,0.445970285372,6.02675176554,4326,4,,,Bengkayang,Kalimantan Barat,,0,Sambas,,2025-08,0.07718993833609974,8,0.07718993833609974,VIIRS DNB,nW/cm2/sr,2025,"{""type"":""MultiPoint"",""coordinates"":[]}"
139_0000000000000000000d,BA03050040,,,,,,,61.09,61,5979.04370295,TASWIL5000020230907KABKOTA,Sekadau,,0.485752312966,4.89358511498,4326,4,,,Sekadau,Kalimantan Barat,,0,Sanggau,,2025-08,0.22065484332440266,8,0.22065484332440266,VIIRS DNB,nW/cm2/sr,2025,"{""type"":""MultiPoint"",""coordinates"":[]}"
139_00000000000000000009,BA03050040,,,,,,,61.10,61,10122.5133896,TASWIL5000020230907KABKOTA,Melawi,,0.822418686577,6.18884194372,4326,4,,,Melawi,Kalimantan Barat,,0,Sintang,,2025-08,0.047317703377401925,8,0.047317703377401925,VIIRS DNB,nW/cm2/sr,2025,"{""type"":""MultiPoint"",""coordinates"":[]}"
139_00000000000000000005,BA03050040,,,,,,,61.71,61,118.208752498,TASWIL5000020230907KABKOTA,Kota Pontianak,,0.00960338694431,0.439734620886,4326,5,,,Kota Pontianak,Kalimantan Barat,,0,,,2025-08,12.57998839926433,8,12.57998839926433,VIIRS DNB,nW/cm2/sr,2025,"{""type"":""MultiPoint"",""coordinates"":[]}"
139_00000000000000000006,BA03050040,,,,,,,61.72,61,550.186910141,TASWIL5000020230907KABKOTA,Kota Singkawang,,0.0447029151336,1.23074798661,4326,5,,,Kota Singkawang,Kalimantan Barat,,0,Bengkayang,,2025-08,0.019320505895576785,8,0.019320505895576785,VIIRS DNB,nW/cm2/sr,2025,"{""type"":""MultiPoint"",""coordinates"":[]}"
139_00000000000000000001,BA03050040,,,,,,,,61,0.446818812946,TASWIL5000020230907KABKOTA,Kalimantan Barat,"Berdasarkan Kepmendagri 050-145 Tahun 2022, masuk ke Kalimantan Barat",3.63047728111E-5,0.0520740876463,4326,999,,,,Kalimantan Barat,,0,,,2025-08,0.17187637823816823,8,0.17187637823816823,VIIRS DNB,nW/cm2/sr,2025,"{""type"":""MultiPoint"",""coordinates"":[]}"
140_00000000000000000002,BA03050040,,,,,,,61.06,61,31318.2461503,TASWIL5000020230907KABKOTA,Kapuas Hulu,,2.54462852025,10.3235168378,4326,4,,,Kapuas Hulu,Kalimantan Barat,,0,,,2025-09,0.14179715224887288,9,0.14179715224887288,VIIRS DNB,nW/cm2/sr,2025,"{""type"":""MultiPoint"",""coordinates"":[]}"
140_00000000000000000004,BA03050040,,,,,,,61.04,61,30018.6763396,TASWIL5000020230907KABKOTA,Ketapang,,2.43989292708,13.6255621311,4326,4,,,Ketapang,Kalimantan Barat,,0,,,2025-09,0.25369315879164955,9,0.25369315879164955,VIIRS DNB,nW/cm2/sr,2025,"{""type"":""MultiPoint"",""coordinates"":[]}"
140_0000000000000000000a,BA03050040,,,,,,,61.02,61,1935.41897259,TASWIL5000020230907KABKOTA,Mempawah,,0.157238724723,3.1173764195,4326,4,,,Mempawah,Kalimantan Barat,,0,,,2025-09,0.4929870830937288,9,0.4929870830937288,VIIRS DNB,nW/cm2/sr,2025,"{""type"":""MultiPoint"",""coordinates"":[]}"
140_0000000000000000000b,BA03050040,,,,,,,61.01,61,5937.99495327,TASWIL5000020230907KABKOTA,Sambas,,0.482557384329,4.23082967505,4326,4,,,Sambas,Kalimantan Barat,,0,,,2025-09,0.37586407872405875,9,0.37586407872405875,VIIRS DNB,nW/cm2/sr,2025,"{""type"":""MultiPoint"",""coordinates"":[]}"
140_0000000000000000000c,BA03050040,,,,,,,61.03,61,12452.2241518,TASWIL5000020230907KABKOTA,Sanggau,,1.01166258397,7.65307697656,4326,4,,,Sanggau,Kalimantan Barat,,0,,,2025-09,0.2909710457474715,9,0.2909710457474715,VIIRS DNB,nW/cm2/sr,2025,"{""type"":""MultiPoint"",""coordinates"":[]}"
140_0000000000000000000e,BA03050040,,,,,,,61.05,61,22025.7880014,TASWIL5000020230907KABKOTA,Sintang,,1.78944370224,11.9811145851,4326,4,,,Sintang,Kalimantan Barat,,0,,,2025-09,0.22736509177342978,9,0.22736509177342978,VIIRS DNB,nW/cm2/sr,2025,"{""type"":""MultiPoint"",""coordinates"":[]}"
140_00000000000000000003,BA03050040,,,,,,,61.11,61,4110.12301412,TASWIL5000020230907KABKOTA,Kayong Utara,,0.333972050772,6.99327188474,4326,4,,,Kayong Utara,Kalimantan Barat,,0,Ketapang,,2025-09,0.29258105338181956,9,0.29258105338181956,VIIRS DNB,nW/cm2/sr,2025,"{""type"":""MultiPoint"",""coordinates"":[]}"
140_00000000000000000007,BA03050040,,,,,,,61.12,61,8549.29358265,TASWIL5000020230907KABKOTA,Kubu Raya,,0.694575912143,12.4289126619,4326,4,,,Kubu Raya,Kalimantan Barat,,0,Pontianak,,2025-09,0.388688207415628,9,0.388688207415628,VIIRS DNB,nW/cm2/sr,2025,"{""type"":""MultiPoint"",""coordinates"":[]}"
140_00000000000000000008,BA03050040,,,,,,,61.08,61,8430.71056018,TASWIL5000020230907KABKOTA,Landak,,0.684950096963,6.11846983154,4326,4,,,Landak,Kalimantan Barat,,0,Pontianak,,2025-09,0.16262642265118268,9,0.16262642265118268,VIIRS DNB,nW/cm2/sr,2025,"{""type"":""MultiPoint"",""coordinates"":[]}"
140_00000000000000000000,BA03050040,,,,,,,61.07,61,5488.60795319,TASWIL5000020230907KABKOTA,Bengkayang,,0.445970285372,6.02675176554,4326,4,,,Bengkayang,Kalimantan Barat,,0,Sambas,,2025-09,0.1662389510036918,9,0.1662389510036918,VIIRS DNB,nW/cm2/sr,2025,"{""type"":""MultiPoint"",""coordinates"":[]}"
140_0000000000000000000d,BA03050040,,,,,,,61.09,61,5979.04370295,TASWIL5000020230907KABKOTA,Sekadau,,0.485752312966,4.89358511498,4326,4,,,Sekadau,Kalimantan Barat,,0,Sanggau,,2025-09,0.15324888029525238,9,0.15324888029525238,VIIRS DNB,nW/cm2/sr,2025,"{""type"":""MultiPoint"",""coordinates"":[]}"
140_00000000000000000009,BA03050040,,,,,,,61.10,61,10122.5133896,TASWIL5000020230907KABKOTA,Melawi,,0.822418686577,6.18884194372,4326,4,,,Melawi,Kalimantan Barat,,0,Sintang,,2025-09,0.23758446563070804,9,0.23758446563070804,VIIRS DNB,nW/cm2/sr,2025,"{""type"":""MultiPoint"",""coordinates"":[]}"
140_00000000000000000005,BA03050040,,,,,,,61.71,61,118.208752498,TASWIL5000020230907KABKOTA,Kota Pontianak,,0.00960338694431,0.439734620886,4326,5,,,Kota Pontianak,Kalimantan Barat,,0,,,2025-09,11.75404867398111,9,11.75404867398111,VIIRS DNB,nW/cm2/sr,2025,"{""type"":""MultiPoint"",""coordinates"":[]}"
140_00000000000000000006,BA03050040,,,,,,,61.72,61,550.186910141,TASWIL5000020230907KABKOTA,Kota Singkawang,,0.0447029151336,1.23074798661,4326,5,,,Kota Singkawang,Kalimantan Barat,,0,Bengkayang,,2025-09,1.2855836892943269,9,1.2855836892943269,VIIRS DNB,nW/cm2/sr,2025,"{""type"":""MultiPoint"",""coordinates"":[]}"
140_00000000000000000001,BA03050040,,,,,,,,61,0.446818812946,TASWIL5000020230907KABKOTA,Kalimantan Barat,"Berdasarkan Kepmendagri 050-145 Tahun 2022, masuk ke Kalimantan Barat",3.63047728111E-5,0.0520740876463,4326,999,,,,Kalimantan Barat,,0,,,2025-09,0.15150110035411044,9,0.15150110035411044,VIIRS DNB,nW/cm2/sr,2025,"{""type"":""MultiPoint"",""coordinates"":[]}"
141_00000000000000000002,BA03050040,,,,,,,61.06,61,31318.2461503,TASWIL5000020230907KABKOTA,Kapuas Hulu,,2.54462852025,10.3235168378,4326,4,,,Kapuas Hulu,Kalimantan Barat,,0,,,2025-10,0.22581178415908815,10,0.22581178415908815,VIIRS DNB,nW/cm2/sr,2025,"{""type"":""MultiPoint"",""coordinates"":[]}"
141_00000000000000000004,BA03050040,,,,,,,61.04,61,30018.6763396,TASWIL5000020230907KABKOTA,Ketapang,,2.43989292708,13.6255621311,4326,4,,,Ketapang,Kalimantan Barat,,0,,,2025-10,0.32201019028291283,10,0.32201019028291283,VIIRS DNB,nW/cm2/sr,2025,"{""type"":""MultiPoint"",""coordinates"":[]}"
141_0000000000000000000a,BA03050040,,,,,,,61.02,61,1935.41897259,TASWIL5000020230907KABKOTA,Mempawah,,0.157238724723,3.1173764195,4326,4,,,Mempawah,Kalimantan Barat,,0,,,2025-10,0.2468604282519805,10,0.2468604282519805,VIIRS DNB,nW/cm2/sr,2025,"{""type"":""MultiPoint"",""coordinates"":[]}"
141_0000000000000000000b,BA03050040,,,,,,,61.01,61,5937.99495327,TASWIL5000020230907KABKOTA,Sambas,,0.482557384329,4.23082967505,4326,4,,,Sambas,Kalimantan Barat,,0,,,2025-10,0.2959266265325591,10,0.2959266265325591,VIIRS DNB,nW/cm2/sr,2025,"{""type"":""MultiPoint"",""coordinates"":[]}"
141_0000000000000000000c,BA03050040,,,,,,,61.03,61,12452.2241518,TASWIL5000020230907KABKOTA,Sanggau,,1.01166258397,7.65307697656,4326,4,,,Sanggau,Kalimantan Barat,,0,,,2025-10,0.3243419952790739,10,0.3243419952790739,VIIRS DNB,nW/cm2/sr,2025,"{""type"":""MultiPoint"",""coordinates"":[]}"
141_0000000000000000000e,BA03050040,,,,,,,61.05,61,22025.7880014,TASWIL5000020230907KABKOTA,Sintang,,1.78944370224,11.9811145851,4326,4,,,Sintang,Kalimantan Barat,,0,,,2025-10,0.2809435867474583,10,0.2809435867474583,VIIRS DNB,nW/cm2/sr,2025,"{""type"":""MultiPoint"",""coordinates"":[]}"
141_00000000000000000003,BA03050040,,,,,,,61.11,61,4110.12301412,TASWIL5000020230907KABKOTA,Kayong Utara,,0.333972050772,6.99327188474,4326,4,,,Kayong Utara,Kalimantan Barat,,0,Ketapang,,2025-10,0.3630801379421136,10,0.3630801379421136,VIIRS DNB,nW/cm2/sr,2025,"{""type"":""MultiPoint"",""coordinates"":[]}"
141_00000000000000000007,BA03050040,,,,,,,61.12,61,8549.29358265,TASWIL5000020230907KABKOTA,Kubu Raya,,0.694575912143,12.4289126619,4326,4,,,Kubu Raya,Kalimantan Barat,,0,Pontianak,,2025-10,0.5333956525286486,10,0.5333956525286486,VIIRS DNB,nW/cm2/sr,2025,"{""type"":""MultiPoint"",""coordinates"":[]}"
141_00000000000000000008,BA03050040,,,,,,,61.08,61,8430.71056018,TASWIL5000020230907KABKOTA,Landak,,0.684950096963,6.11846983154,4326,4,,,Landak,Kalimantan Barat,,0,Pontianak,,2025-10,0.29942266187167405,10,0.29942266187167405,VIIRS DNB,nW/cm2/sr,2025,"{""type"":""MultiPoint"",""coordinates"":[]}"
141_00000000000000000000,BA03050040,,,,,,,61.07,61,5488.60795319,TASWIL5000020230907KABKOTA,Bengkayang,,0.445970285372,6.02675176554,4326,4,,,Bengkayang,Kalimantan Barat,,0,Sambas,,2025-10,0.21729965015361433,10,0.21729965015361433,VIIRS DNB,nW/cm2/sr,2025,"{""type"":""MultiPoint"",""coordinates"":[]}"
141_0000000000000000000d,BA03050040,,,,,,,61.09,61,5979.04370295,TASWIL5000020230907KABKOTA,Sekadau,,0.485752312966,4.89358511498,4326,4,,,Sekadau,Kalimantan Barat,,0,Sanggau,,2025-10,0.3567810763328258,10,0.3567810763328258,VIIRS DNB,nW/cm2/sr,2025,"{""type"":""MultiPoint"",""coordinates"":[]}"
141_00000000000000000009,BA03050040,,,,,,,61.10,61,10122.5133896,TASWIL5000020230907KABKOTA,Melawi,,0.822418686577,6.18884194372,4326,4,,,Melawi,Kalimantan Barat,,0,Sintang,,2025-10,0.28474110348565496,10,0.28474110348565496,VIIRS DNB,nW/cm2/sr,2025,"{""type"":""MultiPoint"",""coordinates"":[]}"
141_00000000000000000005,BA03050040,,,,,,,61.71,61,118.208752498,TASWIL5000020230907KABKOTA,Kota Pontianak,,0.00960338694431,0.439734620886,4326,5,,,Kota Pontianak,Kalimantan Barat,,0,,,2025-10,15.579849705561154,10,15.579849705561154,VIIRS DNB,nW/cm2/sr,2025,"{""type"":""MultiPoint"",""coordinates"":[]}"
141_00000000000000000006,BA03050040,,,,,,,61.72,61,550.186910141,TASWIL5000020230907KABKOTA,Kota Singkawang,,0.0447029151336,1.23074798661,4326,5,,,Kota Singkawang,Kalimantan Barat,,0,Bengkayang,,2025-10,0.22272146349169936,10,0.22272146349169936,VIIRS DNB,nW/cm2/sr,2025,"{""type"":""MultiPoint"",""coordinates"":[]}"
141_00000000000000000001,BA03050040,,,,,,,,61,0.446818812946,TASWIL5000020230907KABKOTA,Kalimantan Barat,"Berdasarkan Kepmendagri 050-145 Tahun 2022, masuk ke Kalimantan Barat",3.63047728111E-5,0.0520740876463,4326,999,,,,Kalimantan Barat,,0,,,2025-10,0.31684326790026485,10,0.31684326790026485,VIIRS DNB,nW/cm2/sr,2025,"{""type"":""MultiPoint"",""coordinates"":[]}"
