system:index,FCODE,KDBBPS,KDCBPS,KDCPUM,KDEBPS,KDEPUM,KDPBPS,KDPKAB,KDPPUM,LUASWH,METADATA,NAMOBJ,REMARK,SHAPE_Area,SHAPE_Leng,SRS_ID,TIPADM,WADMKC,WADMKD,WADMKK,WADMPR,WIADKC,WIADKD,WIADKK,WIADPR,date,mean,month,ntl_mean,source,unit,year,.geo
0_00000000000000000000,BA03050040,,,,,,,53.05,53,2928.55881854,TASWIL5000020230907KABKOTA,Alor,,0.24037265184,5.67288749982,4326,4,,,Alor,Nusa Tenggara Timur,,0,,,2014-01,-0.014062920895070859,1,-0.014062920895070859,VIIRS DNB,nW/cm2/sr,2014,"{""type"":""MultiPoint"",""coordinates"":[]}"
0_00000000000000000001,BA03050040,,,,,,,53.04,53,1127.25008655,TASWIL5000020230907KABKOTA,Belu,,0.0927289736817,2.29261763369,4326,4,,,Belu,Nusa Tenggara Timur,,0,,,2014-01,0.11131607517924619,1,0.11131607517924619,VIIRS DNB,nW/cm2/sr,2014,"{""type"":""MultiPoint"",""coordinates"":[]}"
0_00000000000000000002,BA03050040,,,,,,,53.06,53,1748.5165523,TASWIL5000020230907KABKOTA,Flores Timur,,0.143538260694,4.68012528849,4326,4,,,Flores Timur,Nusa Tenggara Timur,,0,,,2014-01,0.001906320816921028,1,0.001906320816921028,VIIRS DNB,nW/cm2/sr,2014,"{""type"":""MultiPoint"",""coordinates"":[]}"
0_00000000000000000004,BA03050040,,,,,,,53.01,53,5136.51008742,TASWIL5000020230907KABKOTA,Kupang,,0.423459507198,6.26740520892,4326,4,,,Kupang,Nusa Tenggara Timur,,0,,,2014-01,0.058081446905577955,1,0.058081446905577955,VIIRS DNB,nW/cm2/sr,2014,"{""type"":""MultiPoint"",""coordinates"":[]}"
0_00000000000000000007,BA03050040,,,,,,,53.10,53,1343.83414797,TASWIL5000020230907KABKOTA,Manggarai,,0.11037433796,2.62044875269,4326,4,,,Manggarai,Nusa Tenggara Timur,,0,,,2014-01,0.09895520094394335,1,0.09895520094394335,VIIRS DNB,nW/cm2/sr,2014,"{""type"":""MultiPoint"",""coordinates"":[]}"
0_0000000000000000000b,BA03050040,,,,,,,53.09,53,1735.63521769,TASWIL5000020230907KABKOTA,Ngada,,0.142589549676,2.86650785507,4326,4,,,Ngada,Nusa Tenggara Timur,,0,,,2014-01,0.06153411621084213,1,0.06153411621084213,VIIRS DNB,nW/cm2/sr,2014,"{""type"":""MultiPoint"",""coordinates"":[]}"
0_0000000000000000000e,BA03050040,,,,,,,53.07,53,1671.64902391,TASWIL5000020230907KABKOTA,Sikka,,0.137312979206,3.89925449996,4326,4,,,Sikka,Nusa Tenggara Timur,,0,,,2014-01,0.020017503349481627,1,0.020017503349481627,VIIRS DNB,nW/cm2/sr,2014,"{""type"":""MultiPoint"",""coordinates"":[]}"
0_0000000000000000000f,BA03050040,,,,,,,53.12,53,757.407641007,TASWIL5000020230907KABKOTA,Sumba Barat,,0.0623907023605,2.04212111278,4326,4,,,Sumba Barat,Nusa Tenggara Timur,,0,,,2014-01,0.176295935348599,1,0.176295935348599,VIIRS DNB,nW/cm2/sr,2014,"{""type"":""MultiPoint"",""coordinates"":[]}"
0_00000000000000000011,BA03050040,,,,,,,53.11,53,6984.01403441,TASWIL5000020230907KABKOTA,Sumba Timur,,0.575702142252,4.80415749282,4326,4,,,Sumba Timur,Nusa Tenggara Timur,,0,,,2014-01,0.15825193148794675,1,0.15825193148794675,VIIRS DNB,nW/cm2/sr,2014,"{""type"":""MultiPoint"",""coordinates"":[]}"
0_00000000000000000012,BA03050040,,,,,,,53.02,53,3933.15111495,TASWIL5000020230907KABKOTA,Timor Tengah Selatan,,0.324167140101,3.32375028444,4326,4,,,Timor Tengah Selatan,Nusa Tenggara Timur,,0,,,2014-01,0.05788695149715456,1,0.05788695149715456,VIIRS DNB,nW/cm2/sr,2014,"{""type"":""MultiPoint"",""coordinates"":[]}"
0_00000000000000000013,BA03050040,,,,,,,53.03,53,2623.19983128,TASWIL5000020230907KABKOTA,Timor Tengah Utara,,0.215921651765,3.4787254107,4326,4,,,Timor Tengah Utara,Nusa Tenggara Timur,,0,,,2014-01,0.033709932597881326,1,0.033709932597881326,VIIRS DNB,nW/cm2/sr,2014,"{""type"":""MultiPoint"",""coordinates"":[]}"
0_00000000000000000015,BA03050040,,,,,,,53.08,53,2085.24387061,TASWIL5000020230907KABKOTA,Ende,,0.171316232886,2.99297540949,4326,4,,,Ende,Nusa Tenggara Timur,,0,,,2014-01,0.03386343425042896,1,0.03386343425042896,VIIRS DNB,nW/cm2/sr,2014,"{""type"":""MultiPoint"",""coordinates"":[]}"
0_00000000000000000006,BA03050040,,,,,,,53.21,53,1109.16204574,TASWIL5000020230907KABKOTA,Malaka,,0.0913351434015,2.23370514726,4326,4,,,Malaka,Nusa Tenggara Timur,,0,Belu,,2014-01,0.07969667864637912,1,0.07969667864637912,VIIRS DNB,nW/cm2/sr,2014,"{""type"":""MultiPoint"",""coordinates"":[]}"
0_00000000000000000005,BA03050040,,,,,,,53.13,53,1268.10489804,TASWIL5000020230907KABKOTA,Lembata,,0.10410466891,3.45188597769,4326,4,,,Lembata,Nusa Tenggara Timur,,0,Flores Timur,,2014-01,0.02076846553026305,1,0.02076846553026305,VIIRS DNB,nW/cm2/sr,2014,"{""type"":""MultiPoint"",""coordinates"":[]}"
0_00000000000000000003,BA03050040,,,,,,,53.71,53,159.334041006,TASWIL5000020230907KABKOTA,Kota Kupang,,0.0131469663875,0.949087585397,4326,5,,,Kota Kupang,Nusa Tenggara Timur,,0,Kupang,,2014-01,1.503641053849956,1,1.503641053849956,VIIRS DNB,nW/cm2/sr,2014,"{""type"":""MultiPoint"",""coordinates"":[]}"
0_0000000000000000000c,BA03050040,,,,,,,53.14,53,1286.45281117,TASWIL5000020230907KABKOTA,Rote Ndao,,0.106321906477,4.76909476004,4326,4,,,Rote Ndao,Nusa Tenggara Timur,,0,Kupang,,2014-01,0.12431118398663701,1,0.12431118398663701,VIIRS DNB,nW/cm2/sr,2014,"{""type"":""MultiPoint"",""coordinates"":[]}"
0_0000000000000000000d,BA03050040,,,,,,,53.20,53,460.956594118,TASWIL5000020230907KABKOTA,Sabu Raijua,,0.0380736571077,1.23438979443,4326,4,,,Sabu Raijua,Nusa Tenggara Timur,,0,Kupang,,2014-01,0.23698875994110083,1,0.23698875994110083,VIIRS DNB,nW/cm2/sr,2014,"{""type"":""MultiPoint"",""coordinates"":[]}"
0_00000000000000000008,BA03050040,,,,,,,53.15,53,3128.99733567,TASWIL5000020230907KABKOTA,Manggarai Barat,,0.257018604578,10.7211601624,4326,4,,,Manggarai Barat,Nusa Tenggara Timur,,0,Manggarai,,2014-01,0.0690246679274657,1,0.0690246679274657,VIIRS DNB,nW/cm2/sr,2014,"{""type"":""MultiPoint"",""coordinates"":[]}"
0_00000000000000000009,BA03050040,,,,,,,53.19,53,2389.52959786,TASWIL5000020230907KABKOTA,Manggarai Timur,,0.196263276889,2.60910655519,4326,4,,,Manggarai Timur,Nusa Tenggara Timur,,0,Manggarai,,2014-01,0.04720912521564653,1,0.04720912521564653,VIIRS DNB,nW/cm2/sr,2014,"{""type"":""MultiPoint"",""coordinates"":[]}"
0_0000000000000000000a,BA03050040,,,,,,,53.16,53,1396.16423098,TASWIL5000020230907KABKOTA,Nagekeo,,0.114707914625,2.15252417923,4326,4,,,Nagekeo,Nusa Tenggara Timur,,0,Ngada,,2014-01,0.04794642120089024,1,0.04794642120089024,VIIRS DNB,nW/cm2/sr,2014,"{""type"":""MultiPoint"",""coordinates"":[]}"
0_00000000000000000010,BA03050040,,,,,,,53.17,53,1789.65872064,TASWIL5000020230907KABKOTA,Sumba Tengah,,0.147379835649,2.42469258111,4326,4,,,Sumba Tengah,Nusa Tenggara Timur,,0,Sumba Barat,,2014-01,0.12447165991832763,1,0.12447165991832763,VIIRS DNB,nW/cm2/sr,2014,"{""type"":""MultiPoint"",""coordinates"":[]}"
0_00000000000000000014,BA03050040,,,,,,,53.18,53,1383.31224571,TASWIL5000020230907KABKOTA,Sumba Barat Daya,,0.113913848979,1.59805558471,4326,4,,,Sumba Barat Daya,Nusa Tenggara Timur,,0,Sumba Barat,,2014-01,0.15918822501938756,1,0.15918822501938756,VIIRS DNB,nW/cm2/sr,2014,"{""type"":""MultiPoint"",""coordinates"":[]}"
1_00000000000000000000,BA03050040,,,,,,,53.05,53,2928.55881854,TASWIL5000020230907KABKOTA,Alor,,0.24037265184,5.67288749982,4326,4,,,Alor,Nusa Tenggara Timur,,0,,,2014-02,0.08916018310468914,2,0.08916018310468914,VIIRS DNB,nW/cm2/sr,2014,"{""type"":""MultiPoint"",""coordinates"":[]}"
1_00000000000000000001,BA03050040,,,,,,,53.04,53,1127.25008655,TASWIL5000020230907KABKOTA,Belu,,0.0927289736817,2.29261763369,4326,4,,,Belu,Nusa Tenggara Timur,,0,,,2014-02,0.16969538925666508,2,0.16969538925666508,VIIRS DNB,nW/cm2/sr,2014,"{""type"":""MultiPoint"",""coordinates"":[]}"
1_00000000000000000002,BA03050040,,,,,,,53.06,53,1748.5165523,TASWIL5000020230907KABKOTA,Flores Timur,,0.143538260694,4.68012528849,4326,4,,,Flores Timur,Nusa Tenggara Timur,,0,,,2014-02,0.15237344705625025,2,0.15237344705625025,VIIRS DNB,nW/cm2/sr,2014,"{""type"":""MultiPoint"",""coordinates"":[]}"
1_00000000000000000004,BA03050040,,,,,,,53.01,53,5136.51008742,TASWIL5000020230907KABKOTA,Kupang,,0.423459507198,6.26740520892,4326,4,,,Kupang,Nusa Tenggara Timur,,0,,,2014-02,0.1200517679858647,2,0.1200517679858647,VIIRS DNB,nW/cm2/sr,2014,"{""type"":""MultiPoint"",""coordinates"":[]}"
1_00000000000000000007,BA03050040,,,,,,,53.10,53,1343.83414797,TASWIL5000020230907KABKOTA,Manggarai,,0.11037433796,2.62044875269,4326,4,,,Manggarai,Nusa Tenggara Timur,,0,,,2014-02,0.16339948310617178,2,0.16339948310617178,VIIRS DNB,nW/cm2/sr,2014,"{""type"":""MultiPoint"",""coordinates"":[]}"
1_0000000000000000000b,BA03050040,,,,,,,53.09,53,1735.63521769,TASWIL5000020230907KABKOTA,Ngada,,0.142589549676,2.86650785507,4326,4,,,Ngada,Nusa Tenggara Timur,,0,,,2014-02,0.10945644729816995,2,0.10945644729816995,VIIRS DNB,nW/cm2/sr,2014,"{""type"":""MultiPoint"",""coordinates"":[]}"
1_0000000000000000000e,BA03050040,,,,,,,53.07,53,1671.64902391,TASWIL5000020230907KABKOTA,Sikka,,0.137312979206,3.89925449996,4326,4,,,Sikka,Nusa Tenggara Timur,,0,,,2014-02,0.16989882443169316,2,0.16989882443169316,VIIRS DNB,nW/cm2/sr,2014,"{""type"":""MultiPoint"",""coordinates"":[]}"
1_0000000000000000000f,BA03050040,,,,,,,53.12,53,757.407641007,TASWIL5000020230907KABKOTA,Sumba Barat,,0.0623907023605,2.04212111278,4326,4,,,Sumba Barat,Nusa Tenggara Timur,,0,,,2014-02,0.14126879506772022,2,0.14126879506772022,VIIRS DNB,nW/cm2/sr,2014,"{""type"":""MultiPoint"",""coordinates"":[]}"
1_00000000000000000011,BA03050040,,,,,,,53.11,53,6984.01403441,TASWIL5000020230907KABKOTA,Sumba Timur,,0.575702142252,4.80415749282,4326,4,,,Sumba Timur,Nusa Tenggara Timur,,0,,,2014-02,0.10187918572696085,2,0.10187918572696085,VIIRS DNB,nW/cm2/sr,2014,"{""type"":""MultiPoint"",""coordinates"":[]}"
1_00000000000000000012,BA03050040,,,,,,,53.02,53,3933.15111495,TASWIL5000020230907KABKOTA,Timor Tengah Selatan,,0.324167140101,3.32375028444,4326,4,,,Timor Tengah Selatan,Nusa Tenggara Timur,,0,,,2014-02,0.11846173734061648,2,0.11846173734061648,VIIRS DNB,nW/cm2/sr,2014,"{""type"":""MultiPoint"",""coordinates"":[]}"
1_00000000000000000013,BA03050040,,,,,,,53.03,53,2623.19983128,TASWIL5000020230907KABKOTA,Timor Tengah Utara,,0.215921651765,3.4787254107,4326,4,,,Timor Tengah Utara,Nusa Tenggara Timur,,0,,,2014-02,0.1323531108980675,2,0.1323531108980675,VIIRS DNB,nW/cm2/sr,2014,"{""type"":""MultiPoint"",""coordinates"":[]}"
1_00000000000000000015,BA03050040,,,,,,,53.08,53,2085.24387061,TASWIL5000020230907KABKOTA,Ende,,0.171316232886,2.99297540949,4326,4,,,Ende,Nusa Tenggara Timur,,0,,,2014-02,0.13943042983989895,2,0.13943042983989895,VIIRS DNB,nW/cm2/sr,2014,"{""type"":""MultiPoint"",""coordinates"":[]}"
1_00000000000000000006,BA03050040,,,,,,,53.21,53,1109.16204574,TASWIL5000020230907KABKOTA,Malaka,,0.0913351434015,2.23370514726,4326,4,,,Malaka,Nusa Tenggara Timur,,0,Belu,,2014-02,0.11807528113137408,2,0.11807528113137408,VIIRS DNB,nW/cm2/sr,2014,"{""type"":""MultiPoint"",""coordinates"":[]}"
1_00000000000000000005,BA03050040,,,,,,,53.13,53,1268.10489804,TASWIL5000020230907KABKOTA,Lembata,,0.10410466891,3.45188597769,4326,4,,,Lembata,Nusa Tenggara Timur,,0,Flores Timur,,2014-02,0.1271073084537822,2,0.1271073084537822,VIIRS DNB,nW/cm2/sr,2014,"{""type"":""MultiPoint"",""coordinates"":[]}"
1_00000000000000000003,BA03050040,,,,,,,53.71,53,159.334041006,TASWIL5000020230907KABKOTA,Kota Kupang,,0.0131469663875,0.949087585397,4326,5,,,Kota Kupang,Nusa Tenggara Timur,,0,Kupang,,2014-02,1.658941024880114,2,1.658941024880114,VIIRS DNB,nW/cm2/sr,2014,"{""type"":""MultiPoint"",""coordinates"":[]}"
1_0000000000000000000c,BA03050040,,,,,,,53.14,53,1286.45281117,TASWIL5000020230907KABKOTA,Rote Ndao,,0.106321906477,4.76909476004,4326,4,,,Rote Ndao,Nusa Tenggara Timur,,0,Kupang,,2014-02,0.1388656924859367,2,0.1388656924859367,VIIRS DNB,nW/cm2/sr,2014,"{""type"":""MultiPoint"",""coordinates"":[]}"
1_0000000000000000000d,BA03050040,,,,,,,53.20,53,460.956594118,TASWIL5000020230907KABKOTA,Sabu Raijua,,0.0380736571077,1.23438979443,4326,4,,,Sabu Raijua,Nusa Tenggara Timur,,0,Kupang,,2014-02,0.1313608471334129,2,0.1313608471334129,VIIRS DNB,nW/cm2/sr,2014,"{""type"":""MultiPoint"",""coordinates"":[]}"
1_00000000000000000008,BA03050040,,,,,,,53.15,53,3128.99733567,TASWIL5000020230907KABKOTA,Manggarai Barat,,0.257018604578,10.7211601624,4326,4,,,Manggarai Barat,Nusa Tenggara Timur,,0,Manggarai,,2014-02,0.11065921040034517,2,0.11065921040034517,VIIRS DNB,nW/cm2/sr,2014,"{""type"":""MultiPoint"",""coordinates"":[]}"
1_00000000000000000009,BA03050040,,,,,,,53.19,53,2389.52959786,TASWIL5000020230907KABKOTA,Manggarai Timur,,0.196263276889,2.60910655519,4326,4,,,Manggarai Timur,Nusa Tenggara Timur,,0,Manggarai,,2014-02,0.11254919494660122,2,0.11254919494660122,VIIRS DNB,nW/cm2/sr,2014,"{""type"":""MultiPoint"",""coordinates"":[]}"
1_0000000000000000000a,BA03050040,,,,,,,53.16,53,1396.16423098,TASWIL5000020230907KABKOTA,Nagekeo,,0.114707914625,2.15252417923,4326,4,,,Nagekeo,Nusa Tenggara Timur,,0,Ngada,,2014-02,0.12076204003594147,2,0.12076204003594147,VIIRS DNB,nW/cm2/sr,2014,"{""type"":""MultiPoint"",""coordinates"":[]}"
1_00000000000000000010,BA03050040,,,,,,,53.17,53,1789.65872064,TASWIL5000020230907KABKOTA,Sumba Tengah,,0.147379835649,2.42469258111,4326,4,,,Sumba Tengah,Nusa Tenggara Timur,,0,Sumba Barat,,2014-02,0.10590454181366635,2,0.10590454181366635,VIIRS DNB,nW/cm2/sr,2014,"{""type"":""MultiPoint"",""coordinates"":[]}"
1_00000000000000000014,BA03050040,,,,,,,53.18,53,1383.31224571,TASWIL5000020230907KABKOTA,Sumba Barat Daya,,0.113913848979,1.59805558471,4326,4,,,Sumba Barat Daya,Nusa Tenggara Timur,,0,Sumba Barat,,2014-02,0.13585227781875395,2,0.13585227781875395,VIIRS DNB,nW/cm2/sr,2014,"{""type"":""MultiPoint"",""coordinates"":[]}"
2_00000000000000000000,BA03050040,,,,,,,53.05,53,2928.55881854,TASWIL5000020230907KABKOTA,Alor,,0.24037265184,5.67288749982,4326,4,,,Alor,Nusa Tenggara Timur,,0,,,2014-03,0.08530402259198834,3,0.08530402259198834,VIIRS DNB,nW/cm2/sr,2014,"{""type"":""MultiPoint"",""coordinates"":[]}"
2_00000000000000000001,BA03050040,,,,,,,53.04,53,1127.25008655,TASWIL5000020230907KABKOTA,Belu,,0.0927289736817,2.29261763369,4326,4,,,Belu,Nusa Tenggara Timur,,0,,,2014-03,0.13281021892970357,3,0.13281021892970357,VIIRS DNB,nW/cm2/sr,2014,"{""type"":""MultiPoint"",""coordinates"":[]}"
2_00000000000000000002,BA03050040,,,,,,,53.06,53,1748.5165523,TASWIL5000020230907KABKOTA,Flores Timur,,0.143538260694,4.68012528849,4326,4,,,Flores Timur,Nusa Tenggara Timur,,0,,,2014-03,0.10552390725016511,3,0.10552390725016511,VIIRS DNB,nW/cm2/sr,2014,"{""type"":""MultiPoint"",""coordinates"":[]}"
2_00000000000000000004,BA03050040,,,,,,,53.01,53,5136.51008742,TASWIL5000020230907KABKOTA,Kupang,,0.423459507198,6.26740520892,4326,4,,,Kupang,Nusa Tenggara Timur,,0,,,2014-03,0.07925228768063354,3,0.07925228768063354,VIIRS DNB,nW/cm2/sr,2014,"{""type"":""MultiPoint"",""coordinates"":[]}"
2_00000000000000000007,BA03050040,,,,,,,53.10,53,1343.83414797,TASWIL5000020230907KABKOTA,Manggarai,,0.11037433796,2.62044875269,4326,4,,,Manggarai,Nusa Tenggara Timur,,0,,,2014-03,0.17181498072364473,3,0.17181498072364473,VIIRS DNB,nW/cm2/sr,2014,"{""type"":""MultiPoint"",""coordinates"":[]}"
2_0000000000000000000b,BA03050040,,,,,,,53.09,53,1735.63521769,TASWIL5000020230907KABKOTA,Ngada,,0.142589549676,2.86650785507,4326,4,,,Ngada,Nusa Tenggara Timur,,0,,,2014-03,0.12720533258625702,3,0.12720533258625702,VIIRS DNB,nW/cm2/sr,2014,"{""type"":""MultiPoint"",""coordinates"":[]}"
2_0000000000000000000e,BA03050040,,,,,,,53.07,53,1671.64902391,TASWIL5000020230907KABKOTA,Sikka,,0.137312979206,3.89925449996,4326,4,,,Sikka,Nusa Tenggara Timur,,0,,,2014-03,0.12889745877783818,3,0.12889745877783818,VIIRS DNB,nW/cm2/sr,2014,"{""type"":""MultiPoint"",""coordinates"":[]}"
2_0000000000000000000f,BA03050040,,,,,,,53.12,53,757.407641007,TASWIL5000020230907KABKOTA,Sumba Barat,,0.0623907023605,2.04212111278,4326,4,,,Sumba Barat,Nusa Tenggara Timur,,0,,,2014-03,0.12321576278171029,3,0.12321576278171029,VIIRS DNB,nW/cm2/sr,2014,"{""type"":""MultiPoint"",""coordinates"":[]}"
2_00000000000000000011,BA03050040,,,,,,,53.11,53,6984.01403441,TASWIL5000020230907KABKOTA,Sumba Timur,,0.575702142252,4.80415749282,4326,4,,,Sumba Timur,Nusa Tenggara Timur,,0,,,2014-03,0.08695654435776981,3,0.08695654435776981,VIIRS DNB,nW/cm2/sr,2014,"{""type"":""MultiPoint"",""coordinates"":[]}"
2_00000000000000000012,BA03050040,,,,,,,53.02,53,3933.15111495,TASWIL5000020230907KABKOTA,Timor Tengah Selatan,,0.324167140101,3.32375028444,4326,4,,,Timor Tengah Selatan,Nusa Tenggara Timur,,0,,,2014-03,0.0745589166972215,3,0.0745589166972215,VIIRS DNB,nW/cm2/sr,2014,"{""type"":""MultiPoint"",""coordinates"":[]}"
2_00000000000000000013,BA03050040,,,,,,,53.03,53,2623.19983128,TASWIL5000020230907KABKOTA,Timor Tengah Utara,,0.215921651765,3.4787254107,4326,4,,,Timor Tengah Utara,Nusa Tenggara Timur,,0,,,2014-03,0.07828683726413838,3,0.07828683726413838,VIIRS DNB,nW/cm2/sr,2014,"{""type"":""MultiPoint"",""coordinates"":[]}"
2_00000000000000000015,BA03050040,,,,,,,53.08,53,2085.24387061,TASWIL5000020230907KABKOTA,Ende,,0.171316232886,2.99297540949,4326,4,,,Ende,Nusa Tenggara Timur,,0,,,2014-03,0.13327108676400112,3,0.13327108676400112,VIIRS DNB,nW/cm2/sr,2014,"{""type"":""MultiPoint"",""coordinates"":[]}"
2_00000000000000000006,BA03050040,,,,,,,53.21,53,1109.16204574,TASWIL5000020230907KABKOTA,Malaka,,0.0913351434015,2.23370514726,4326,4,,,Malaka,Nusa Tenggara Timur,,0,Belu,,2014-03,0.1131019033346671,3,0.1131019033346671,VIIRS DNB,nW/cm2/sr,2014,"{""type"":""MultiPoint"",""coordinates"":[]}"
2_00000000000000000005,BA03050040,,,,,,,53.13,53,1268.10489804,TASWIL5000020230907KABKOTA,Lembata,,0.10410466891,3.45188597769,4326,4,,,Lembata,Nusa Tenggara Timur,,0,Flores Timur,,2014-03,0.10275807505379306,3,0.10275807505379306,VIIRS DNB,nW/cm2/sr,2014,"{""type"":""MultiPoint"",""coordinates"":[]}"
2_00000000000000000003,BA03050040,,,,,,,53.71,53,159.334041006,TASWIL5000020230907KABKOTA,Kota Kupang,,0.0131469663875,0.949087585397,4326,5,,,Kota Kupang,Nusa Tenggara Timur,,0,Kupang,,2014-03,1.935601328484732,3,1.935601328484732,VIIRS DNB,nW/cm2/sr,2014,"{""type"":""MultiPoint"",""coordinates"":[]}"
2_0000000000000000000c,BA03050040,,,,,,,53.14,53,1286.45281117,TASWIL5000020230907KABKOTA,Rote Ndao,,0.106321906477,4.76909476004,4326,4,,,Rote Ndao,Nusa Tenggara Timur,,0,Kupang,,2014-03,0.07515598503848098,3,0.07515598503848098,VIIRS DNB,nW/cm2/sr,2014,"{""type"":""MultiPoint"",""coordinates"":[]}"
2_0000000000000000000d,BA03050040,,,,,,,53.20,53,460.956594118,TASWIL5000020230907KABKOTA,Sabu Raijua,,0.0380736571077,1.23438979443,4326,4,,,Sabu Raijua,Nusa Tenggara Timur,,0,Kupang,,2014-03,0.10510658733154743,3,0.10510658733154743,VIIRS DNB,nW/cm2/sr,2014,"{""type"":""MultiPoint"",""coordinates"":[]}"
2_00000000000000000008,BA03050040,,,,,,,53.15,53,3128.99733567,TASWIL5000020230907KABKOTA,Manggarai Barat,,0.257018604578,10.7211601624,4326,4,,,Manggarai Barat,Nusa Tenggara Timur,,0,Manggarai,,2014-03,0.12380794020898567,3,0.12380794020898567,VIIRS DNB,nW/cm2/sr,2014,"{""type"":""MultiPoint"",""coordinates"":[]}"
2_00000000000000000009,BA03050040,,,,,,,53.19,53,2389.52959786,TASWIL5000020230907KABKOTA,Manggarai Timur,,0.196263276889,2.60910655519,4326,4,,,Manggarai Timur,Nusa Tenggara Timur,,0,Manggarai,,2014-03,0.1131761458272801,3,0.1131761458272801,VIIRS DNB,nW/cm2/sr,2014,"{""type"":""MultiPoint"",""coordinates"":[]}"
2_0000000000000000000a,BA03050040,,,,,,,53.16,53,1396.16423098,TASWIL5000020230907KABKOTA,Nagekeo,,0.114707914625,2.15252417923,4326,4,,,Nagekeo,Nusa Tenggara Timur,,0,Ngada,,2014-03,0.12153986736204997,3,0.12153986736204997,VIIRS DNB,nW/cm2/sr,2014,"{""type"":""MultiPoint"",""coordinates"":[]}"
2_00000000000000000010,BA03050040,,,,,,,53.17,53,1789.65872064,TASWIL5000020230907KABKOTA,Sumba Tengah,,0.147379835649,2.42469258111,4326,4,,,Sumba Tengah,Nusa Tenggara Timur,,0,Sumba Barat,,2014-03,0.10034203515081751,3,0.10034203515081751,VIIRS DNB,nW/cm2/sr,2014,"{""type"":""MultiPoint"",""coordinates"":[]}"
2_00000000000000000014,BA03050040,,,,,,,53.18,53,1383.31224571,TASWIL5000020230907KABKOTA,Sumba Barat Daya,,0.113913848979,1.59805558471,4326,4,,,Sumba Barat Daya,Nusa Tenggara Timur,,0,Sumba Barat,,2014-03,0.0976474876087233,3,0.0976474876087233,VIIRS DNB,nW/cm2/sr,2014,"{""type"":""MultiPoint"",""coordinates"":[]}"
3_00000000000000000000,BA03050040,,,,,,,53.05,53,2928.55881854,TASWIL5000020230907KABKOTA,Alor,,0.24037265184,5.67288749982,4326,4,,,Alor,Nusa Tenggara Timur,,0,,,2014-04,0.13791062956088201,4,0.13791062956088201,VIIRS DNB,nW/cm2/sr,2014,"{""type"":""MultiPoint"",""coordinates"":[]}"
3_00000000000000000001,BA03050040,,,,,,,53.04,53,1127.25008655,TASWIL5000020230907KABKOTA,Belu,,0.0927289736817,2.29261763369,4326,4,,,Belu,Nusa Tenggara Timur,,0,,,2014-04,0.1803619365052894,4,0.1803619365052894,VIIRS DNB,nW/cm2/sr,2014,"{""type"":""MultiPoint"",""coordinates"":[]}"
3_00000000000000000002,BA03050040,,,,,,,53.06,53,1748.5165523,TASWIL5000020230907KABKOTA,Flores Timur,,0.143538260694,4.68012528849,4326,4,,,Flores Timur,Nusa Tenggara Timur,,0,,,2014-04,0.16775641071131042,4,0.16775641071131042,VIIRS DNB,nW/cm2/sr,2014,"{""type"":""MultiPoint"",""coordinates"":[]}"
3_00000000000000000004,BA03050040,,,,,,,53.01,53,5136.51008742,TASWIL5000020230907KABKOTA,Kupang,,0.423459507198,6.26740520892,4326,4,,,Kupang,Nusa Tenggara Timur,,0,,,2014-04,0.13612362763899258,4,0.13612362763899258,VIIRS DNB,nW/cm2/sr,2014,"{""type"":""MultiPoint"",""coordinates"":[]}"
3_00000000000000000007,BA03050040,,,,,,,53.10,53,1343.83414797,TASWIL5000020230907KABKOTA,Manggarai,,0.11037433796,2.62044875269,4326,4,,,Manggarai,Nusa Tenggara Timur,,0,,,2014-04,0.16647043459618405,4,0.16647043459618405,VIIRS DNB,nW/cm2/sr,2014,"{""type"":""MultiPoint"",""coordinates"":[]}"
3_0000000000000000000b,BA03050040,,,,,,,53.09,53,1735.63521769,TASWIL5000020230907KABKOTA,Ngada,,0.142589549676,2.86650785507,4326,4,,,Ngada,Nusa Tenggara Timur,,0,,,2014-04,0.12626349977255502,4,0.12626349977255502,VIIRS DNB,nW/cm2/sr,2014,"{""type"":""MultiPoint"",""coordinates"":[]}"
3_0000000000000000000e,BA03050040,,,,,,,53.07,53,1671.64902391,TASWIL5000020230907KABKOTA,Sikka,,0.137312979206,3.89925449996,4326,4,,,Sikka,Nusa Tenggara Timur,,0,,,2014-04,0.13443828329696336,4,0.13443828329696336,VIIRS DNB,nW/cm2/sr,2014,"{""type"":""MultiPoint"",""coordinates"":[]}"
3_0000000000000000000f,BA03050040,,,,,,,53.12,53,757.407641007,TASWIL5000020230907KABKOTA,Sumba Barat,,0.0623907023605,2.04212111278,4326,4,,,Sumba Barat,Nusa Tenggara Timur,,0,,,2014-04,0.11506416634522279,4,0.11506416634522279,VIIRS DNB,nW/cm2/sr,2014,"{""type"":""MultiPoint"",""coordinates"":[]}"
3_00000000000000000011,BA03050040,,,,,,,53.11,53,6984.01403441,TASWIL5000020230907KABKOTA,Sumba Timur,,0.575702142252,4.80415749282,4326,4,,,Sumba Timur,Nusa Tenggara Timur,,0,,,2014-04,0.08475191674704784,4,0.08475191674704784,VIIRS DNB,nW/cm2/sr,2014,"{""type"":""MultiPoint"",""coordinates"":[]}"
3_00000000000000000012,BA03050040,,,,,,,53.02,53,3933.15111495,TASWIL5000020230907KABKOTA,Timor Tengah Selatan,,0.324167140101,3.32375028444,4326,4,,,Timor Tengah Selatan,Nusa Tenggara Timur,,0,,,2014-04,0.1398715191859798,4,0.1398715191859798,VIIRS DNB,nW/cm2/sr,2014,"{""type"":""MultiPoint"",""coordinates"":[]}"
3_00000000000000000013,BA03050040,,,,,,,53.03,53,2623.19983128,TASWIL5000020230907KABKOTA,Timor Tengah Utara,,0.215921651765,3.4787254107,4326,4,,,Timor Tengah Utara,Nusa Tenggara Timur,,0,,,2014-04,0.1590431891338823,4,0.1590431891338823,VIIRS DNB,nW/cm2/sr,2014,"{""type"":""MultiPoint"",""coordinates"":[]}"
3_00000000000000000015,BA03050040,,,,,,,53.08,53,2085.24387061,TASWIL5000020230907KABKOTA,Ende,,0.171316232886,2.99297540949,4326,4,,,Ende,Nusa Tenggara Timur,,0,,,2014-04,0.13283139689935247,4,0.13283139689935247,VIIRS DNB,nW/cm2/sr,2014,"{""type"":""MultiPoint"",""coordinates"":[]}"
3_00000000000000000006,BA03050040,,,,,,,53.21,53,1109.16204574,TASWIL5000020230907KABKOTA,Malaka,,0.0913351434015,2.23370514726,4326,4,,,Malaka,Nusa Tenggara Timur,,0,Belu,,2014-04,0.1634938456359009,4,0.1634938456359009,VIIRS DNB,nW/cm2/sr,2014,"{""type"":""MultiPoint"",""coordinates"":[]}"
3_00000000000000000005,BA03050040,,,,,,,53.13,53,1268.10489804,TASWIL5000020230907KABKOTA,Lembata,,0.10410466891,3.45188597769,4326,4,,,Lembata,Nusa Tenggara Timur,,0,Flores Timur,,2014-04,0.17245607411443994,4,0.17245607411443994,VIIRS DNB,nW/cm2/sr,2014,"{""type"":""MultiPoint"",""coordinates"":[]}"
3_00000000000000000003,BA03050040,,,,,,,53.71,53,159.334041006,TASWIL5000020230907KABKOTA,Kota Kupang,,0.0131469663875,0.949087585397,4326,5,,,Kota Kupang,Nusa Tenggara Timur,,0,Kupang,,2014-04,1.9355035355066899,4,1.9355035355066899,VIIRS DNB,nW/cm2/sr,2014,"{""type"":""MultiPoint"",""coordinates"":[]}"
3_0000000000000000000c,BA03050040,,,,,,,53.14,53,1286.45281117,TASWIL5000020230907KABKOTA,Rote Ndao,,0.106321906477,4.76909476004,4326,4,,,Rote Ndao,Nusa Tenggara Timur,,0,Kupang,,2014-04,0.12413167885206516,4,0.12413167885206516,VIIRS DNB,nW/cm2/sr,2014,"{""type"":""MultiPoint"",""coordinates"":[]}"
3_0000000000000000000d,BA03050040,,,,,,,53.20,53,460.956594118,TASWIL5000020230907KABKOTA,Sabu Raijua,,0.0380736571077,1.23438979443,4326,4,,,Sabu Raijua,Nusa Tenggara Timur,,0,Kupang,,2014-04,0.09893064066084756,4,0.09893064066084756,VIIRS DNB,nW/cm2/sr,2014,"{""type"":""MultiPoint"",""coordinates"":[]}"
3_00000000000000000008,BA03050040,,,,,,,53.15,53,3128.99733567,TASWIL5000020230907KABKOTA,Manggarai Barat,,0.257018604578,10.7211601624,4326,4,,,Manggarai Barat,Nusa Tenggara Timur,,0,Manggarai,,2014-04,0.13115504117861151,4,0.13115504117861151,VIIRS DNB,nW/cm2/sr,2014,"{""type"":""MultiPoint"",""coordinates"":[]}"
3_00000000000000000009,BA03050040,,,,,,,53.19,53,2389.52959786,TASWIL5000020230907KABKOTA,Manggarai Timur,,0.196263276889,2.60910655519,4326,4,,,Manggarai Timur,Nusa Tenggara Timur,,0,Manggarai,,2014-04,0.1168129904399513,4,0.1168129904399513,VIIRS DNB,nW/cm2/sr,2014,"{""type"":""MultiPoint"",""coordinates"":[]}"
3_0000000000000000000a,BA03050040,,,,,,,53.16,53,1396.16423098,TASWIL5000020230907KABKOTA,Nagekeo,,0.114707914625,2.15252417923,4326,4,,,Nagekeo,Nusa Tenggara Timur,,0,Ngada,,2014-04,0.14001687281957623,4,0.14001687281957623,VIIRS DNB,nW/cm2/sr,2014,"{""type"":""MultiPoint"",""coordinates"":[]}"
3_00000000000000000010,BA03050040,,,,,,,53.17,53,1789.65872064,TASWIL5000020230907KABKOTA,Sumba Tengah,,0.147379835649,2.42469258111,4326,4,,,Sumba Tengah,Nusa Tenggara Timur,,0,Sumba Barat,,2014-04,0.09804294334594152,4,0.09804294334594152,VIIRS DNB,nW/cm2/sr,2014,"{""type"":""MultiPoint"",""coordinates"":[]}"
3_00000000000000000014,BA03050040,,,,,,,53.18,53,1383.31224571,TASWIL5000020230907KABKOTA,Sumba Barat Daya,,0.113913848979,1.59805558471,4326,4,,,Sumba Barat Daya,Nusa Tenggara Timur,,0,Sumba Barat,,2014-04,0.11030428546442836,4,0.11030428546442836,VIIRS DNB,nW/cm2/sr,2014,"{""type"":""MultiPoint"",""coordinates"":[]}"
4_00000000000000000000,BA03050040,,,,,,,53.05,53,2928.55881854,TASWIL5000020230907KABKOTA,Alor,,0.24037265184,5.67288749982,4326,4,,,Alor,Nusa Tenggara Timur,,0,,,2014-05,-0.029009734223160468,5,-0.029009734223160468,VIIRS DNB,nW/cm2/sr,2014,"{""type"":""MultiPoint"",""coordinates"":[]}"
4_00000000000000000001,BA03050040,,,,,,,53.04,53,1127.25008655,TASWIL5000020230907KABKOTA,Belu,,0.0927289736817,2.29261763369,4326,4,,,Belu,Nusa Tenggara Timur,,0,,,2014-05,0.009808330582055299,5,0.009808330582055299,VIIRS DNB,nW/cm2/sr,2014,"{""type"":""MultiPoint"",""coordinates"":[]}"
4_00000000000000000002,BA03050040,,,,,,,53.06,53,1748.5165523,TASWIL5000020230907KABKOTA,Flores Timur,,0.143538260694,4.68012528849,4326,4,,,Flores Timur,Nusa Tenggara Timur,,0,,,2014-05,-0.012356191045526788,5,-0.012356191045526788,VIIRS DNB,nW/cm2/sr,2014,"{""type"":""MultiPoint"",""coordinates"":[]}"
4_00000000000000000004,BA03050040,,,,,,,53.01,53,5136.51008742,TASWIL5000020230907KABKOTA,Kupang,,0.423459507198,6.26740520892,4326,4,,,Kupang,Nusa Tenggara Timur,,0,,,2014-05,-0.023184020283302995,5,-0.023184020283302995,VIIRS DNB,nW/cm2/sr,2014,"{""type"":""MultiPoint"",""coordinates"":[]}"
4_00000000000000000007,BA03050040,,,,,,,53.10,53,1343.83414797,TASWIL5000020230907KABKOTA,Manggarai,,0.11037433796,2.62044875269,4326,4,,,Manggarai,Nusa Tenggara Timur,,0,,,2014-05,0.02480799893829538,5,0.02480799893829538,VIIRS DNB,nW/cm2/sr,2014,"{""type"":""MultiPoint"",""coordinates"":[]}"
4_0000000000000000000b,BA03050040,,,,,,,53.09,53,1735.63521769,TASWIL5000020230907KABKOTA,Ngada,,0.142589549676,2.86650785507,4326,4,,,Ngada,Nusa Tenggara Timur,,0,,,2014-05,-0.032200580405245496,5,-0.032200580405245496,VIIRS DNB,nW/cm2/sr,2014,"{""type"":""MultiPoint"",""coordinates"":[]}"
4_0000000000000000000e,BA03050040,,,,,,,53.07,53,1671.64902391,TASWIL5000020230907KABKOTA,Sikka,,0.137312979206,3.89925449996,4326,4,,,Sikka,Nusa Tenggara Timur,,0,,,2014-05,0.017027000020488292,5,0.017027000020488292,VIIRS DNB,nW/cm2/sr,2014,"{""type"":""MultiPoint"",""coordinates"":[]}"
4_0000000000000000000f,BA03050040,,,,,,,53.12,53,757.407641007,TASWIL5000020230907KABKOTA,Sumba Barat,,0.0623907023605,2.04212111278,4326,4,,,Sumba Barat,Nusa Tenggara Timur,,0,,,2014-05,-0.01202373758462762,5,-0.01202373758462762,VIIRS DNB,nW/cm2/sr,2014,"{""type"":""MultiPoint"",""coordinates"":[]}"
4_00000000000000000011,BA03050040,,,,,,,53.11,53,6984.01403441,TASWIL5000020230907KABKOTA,Sumba Timur,,0.575702142252,4.80415749282,4326,4,,,Sumba Timur,Nusa Tenggara Timur,,0,,,2014-05,-0.03805972798894757,5,-0.03805972798894757,VIIRS DNB,nW/cm2/sr,2014,"{""type"":""MultiPoint"",""coordinates"":[]}"
4_00000000000000000012,BA03050040,,,,,,,53.02,53,3933.15111495,TASWIL5000020230907KABKOTA,Timor Tengah Selatan,,0.324167140101,3.32375028444,4326,4,,,Timor Tengah Selatan,Nusa Tenggara Timur,,0,,,2014-05,-0.016028292069953518,5,-0.016028292069953518,VIIRS DNB,nW/cm2/sr,2014,"{""type"":""MultiPoint"",""coordinates"":[]}"
4_00000000000000000013,BA03050040,,,,,,,53.03,53,2623.19983128,TASWIL5000020230907KABKOTA,Timor Tengah Utara,,0.215921651765,3.4787254107,4326,4,,,Timor Tengah Utara,Nusa Tenggara Timur,,0,,,2014-05,-0.022285354170752,5,-0.022285354170752,VIIRS DNB,nW/cm2/sr,2014,"{""type"":""MultiPoint"",""coordinates"":[]}"
4_00000000000000000015,BA03050040,,,,,,,53.08,53,2085.24387061,TASWIL5000020230907KABKOTA,Ende,,0.171316232886,2.99297540949,4326,4,,,Ende,Nusa Tenggara Timur,,0,,,2014-05,6.670117778391137E-4,5,6.670117778391137E-4,VIIRS DNB,nW/cm2/sr,2014,"{""type"":""MultiPoint"",""coordinates"":[]}"
4_00000000000000000006,BA03050040,,,,,,,53.21,53,1109.16204574,TASWIL5000020230907KABKOTA,Malaka,,0.0913351434015,2.23370514726,4326,4,,,Malaka,Nusa Tenggara Timur,,0,Belu,,2014-05,-0.008315224794518995,5,-0.008315224794518995,VIIRS DNB,nW/cm2/sr,2014,"{""type"":""MultiPoint"",""coordinates"":[]}"
4_00000000000000000005,BA03050040,,,,,,,53.13,53,1268.10489804,TASWIL5000020230907KABKOTA,Lembata,,0.10410466891,3.45188597769,4326,4,,,Lembata,Nusa Tenggara Timur,,0,Flores Timur,,2014-05,-0.02928746294459631,5,-0.02928746294459631,VIIRS DNB,nW/cm2/sr,2014,"{""type"":""MultiPoint"",""coordinates"":[]}"
4_00000000000000000003,BA03050040,,,,,,,53.71,53,159.334041006,TASWIL5000020230907KABKOTA,Kota Kupang,,0.0131469663875,0.949087585397,4326,5,,,Kota Kupang,Nusa Tenggara Timur,,0,Kupang,,2014-05,2.0948207206897984,5,2.0948207206897984,VIIRS DNB,nW/cm2/sr,2014,"{""type"":""MultiPoint"",""coordinates"":[]}"
4_0000000000000000000c,BA03050040,,,,,,,53.14,53,1286.45281117,TASWIL5000020230907KABKOTA,Rote Ndao,,0.106321906477,4.76909476004,4326,4,,,Rote Ndao,Nusa Tenggara Timur,,0,Kupang,,2014-05,-0.018569807086434305,5,-0.018569807086434305,VIIRS DNB,nW/cm2/sr,2014,"{""type"":""MultiPoint"",""coordinates"":[]}"
4_0000000000000000000d,BA03050040,,,,,,,53.20,53,460.956594118,TASWIL5000020230907KABKOTA,Sabu Raijua,,0.0380736571077,1.23438979443,4326,4,,,Sabu Raijua,Nusa Tenggara Timur,,0,Kupang,,2014-05,-0.013862700969518612,5,-0.013862700969518612,VIIRS DNB,nW/cm2/sr,2014,"{""type"":""MultiPoint"",""coordinates"":[]}"
4_00000000000000000008,BA03050040,,,,,,,53.15,53,3128.99733567,TASWIL5000020230907KABKOTA,Manggarai Barat,,0.257018604578,10.7211601624,4326,4,,,Manggarai Barat,Nusa Tenggara Timur,,0,Manggarai,,2014-05,-0.020258840858743608,5,-0.020258840858743608,VIIRS DNB,nW/cm2/sr,2014,"{""type"":""MultiPoint"",""coordinates"":[]}"
4_00000000000000000009,BA03050040,,,,,,,53.19,53,2389.52959786,TASWIL5000020230907KABKOTA,Manggarai Timur,,0.196263276889,2.60910655519,4326,4,,,Manggarai Timur,Nusa Tenggara Timur,,0,Manggarai,,2014-05,-0.031833206074985444,5,-0.031833206074985444,VIIRS DNB,nW/cm2/sr,2014,"{""type"":""MultiPoint"",""coordinates"":[]}"
4_0000000000000000000a,BA03050040,,,,,,,53.16,53,1396.16423098,TASWIL5000020230907KABKOTA,Nagekeo,,0.114707914625,2.15252417923,4326,4,,,Nagekeo,Nusa Tenggara Timur,,0,Ngada,,2014-05,-0.028908337517140108,5,-0.028908337517140108,VIIRS DNB,nW/cm2/sr,2014,"{""type"":""MultiPoint"",""coordinates"":[]}"
4_00000000000000000010,BA03050040,,,,,,,53.17,53,1789.65872064,TASWIL5000020230907KABKOTA,Sumba Tengah,,0.147379835649,2.42469258111,4326,4,,,Sumba Tengah,Nusa Tenggara Timur,,0,Sumba Barat,,2014-05,-0.041023332087338785,5,-0.041023332087338785,VIIRS DNB,nW/cm2/sr,2014,"{""type"":""MultiPoint"",""coordinates"":[]}"
4_00000000000000000014,BA03050040,,,,,,,53.18,53,1383.31224571,TASWIL5000020230907KABKOTA,Sumba Barat Daya,,0.113913848979,1.59805558471,4326,4,,,Sumba Barat Daya,Nusa Tenggara Timur,,0,Sumba Barat,,2014-05,-0.019960638225739118,5,-0.019960638225739118,VIIRS DNB,nW/cm2/sr,2014,"{""type"":""MultiPoint"",""coordinates"":[]}"
5_00000000000000000000,BA03050040,,,,,,,53.05,53,2928.55881854,TASWIL5000020230907KABKOTA,Alor,,0.24037265184,5.67288749982,4326,4,,,Alor,Nusa Tenggara Timur,,0,,,2014-06,-0.1033443355502467,6,-0.1033443355502467,VIIRS DNB,nW/cm2/sr,2014,"{""type"":""MultiPoint"",""coordinates"":[]}"
5_00000000000000000001,BA03050040,,,,,,,53.04,53,1127.25008655,TASWIL5000020230907KABKOTA,Belu,,0.0927289736817,2.29261763369,4326,4,,,Belu,Nusa Tenggara Timur,,0,,,2014-06,-0.036106470670935295,6,-0.036106470670935295,VIIRS DNB,nW/cm2/sr,2014,"{""type"":""MultiPoint"",""coordinates"":[]}"
5_00000000000000000002,BA03050040,,,,,,,53.06,53,1748.5165523,TASWIL5000020230907KABKOTA,Flores Timur,,0.143538260694,4.68012528849,4326,4,,,Flores Timur,Nusa Tenggara Timur,,0,,,2014-06,-0.09199669201425466,6,-0.09199669201425466,VIIRS DNB,nW/cm2/sr,2014,"{""type"":""MultiPoint"",""coordinates"":[]}"
5_00000000000000000004,BA03050040,,,,,,,53.01,53,5136.51008742,TASWIL5000020230907KABKOTA,Kupang,,0.423459507198,6.26740520892,4326,4,,,Kupang,Nusa Tenggara Timur,,0,,,2014-06,-0.08913487675462357,6,-0.08913487675462357,VIIRS DNB,nW/cm2/sr,2014,"{""type"":""MultiPoint"",""coordinates"":[]}"
5_00000000000000000007,BA03050040,,,,,,,53.10,53,1343.83414797,TASWIL5000020230907KABKOTA,Manggarai,,0.11037433796,2.62044875269,4326,4,,,Manggarai,Nusa Tenggara Timur,,0,,,2014-06,-0.06114376797880952,6,-0.06114376797880952,VIIRS DNB,nW/cm2/sr,2014,"{""type"":""MultiPoint"",""coordinates"":[]}"
5_0000000000000000000b,BA03050040,,,,,,,53.09,53,1735.63521769,TASWIL5000020230907KABKOTA,Ngada,,0.142589549676,2.86650785507,4326,4,,,Ngada,Nusa Tenggara Timur,,0,,,2014-06,-0.08781004719993314,6,-0.08781004719993314,VIIRS DNB,nW/cm2/sr,2014,"{""type"":""MultiPoint"",""coordinates"":[]}"
5_0000000000000000000e,BA03050040,,,,,,,53.07,53,1671.64902391,TASWIL5000020230907KABKOTA,Sikka,,0.137312979206,3.89925449996,4326,4,,,Sikka,Nusa Tenggara Timur,,0,,,2014-06,-0.08229415317899834,6,-0.08229415317899834,VIIRS DNB,nW/cm2/sr,2014,"{""type"":""MultiPoint"",""coordinates"":[]}"
5_0000000000000000000f,BA03050040,,,,,,,53.12,53,757.407641007,TASWIL5000020230907KABKOTA,Sumba Barat,,0.0623907023605,2.04212111278,4326,4,,,Sumba Barat,Nusa Tenggara Timur,,0,,,2014-06,-0.08625120122861944,6,-0.08625120122861944,VIIRS DNB,nW/cm2/sr,2014,"{""type"":""MultiPoint"",""coordinates"":[]}"
5_00000000000000000011,BA03050040,,,,,,,53.11,53,6984.01403441,TASWIL5000020230907KABKOTA,Sumba Timur,,0.575702142252,4.80415749282,4326,4,,,Sumba Timur,Nusa Tenggara Timur,,0,,,2014-06,-0.09473612597888978,6,-0.09473612597888978,VIIRS DNB,nW/cm2/sr,2014,"{""type"":""MultiPoint"",""coordinates"":[]}"
5_00000000000000000012,BA03050040,,,,,,,53.02,53,3933.15111495,TASWIL5000020230907KABKOTA,Timor Tengah Selatan,,0.324167140101,3.32375028444,4326,4,,,Timor Tengah Selatan,Nusa Tenggara Timur,,0,,,2014-06,-0.0853142777780313,6,-0.0853142777780313,VIIRS DNB,nW/cm2/sr,2014,"{""type"":""MultiPoint"",""coordinates"":[]}"
5_00000000000000000013,BA03050040,,,,,,,53.03,53,2623.19983128,TASWIL5000020230907KABKOTA,Timor Tengah Utara,,0.215921651765,3.4787254107,4326,4,,,Timor Tengah Utara,Nusa Tenggara Timur,,0,,,2014-06,-0.07693584703483533,6,-0.07693584703483533,VIIRS DNB,nW/cm2/sr,2014,"{""type"":""MultiPoint"",""coordinates"":[]}"
5_00000000000000000015,BA03050040,,,,,,,53.08,53,2085.24387061,TASWIL5000020230907KABKOTA,Ende,,0.171316232886,2.99297540949,4326,4,,,Ende,Nusa Tenggara Timur,,0,,,2014-06,-0.0721722431764602,6,-0.0721722431764602,VIIRS DNB,nW/cm2/sr,2014,"{""type"":""MultiPoint"",""coordinates"":[]}"
5_00000000000000000006,BA03050040,,,,,,,53.21,53,1109.16204574,TASWIL5000020230907KABKOTA,Malaka,,0.0913351434015,2.23370514726,4326,4,,,Malaka,Nusa Tenggara Timur,,0,Belu,,2014-06,-0.06685821273126467,6,-0.06685821273126467,VIIRS DNB,nW/cm2/sr,2014,"{""type"":""MultiPoint"",""coordinates"":[]}"
5_00000000000000000005,BA03050040,,,,,,,53.13,53,1268.10489804,TASWIL5000020230907KABKOTA,Lembata,,0.10410466891,3.45188597769,4326,4,,,Lembata,Nusa Tenggara Timur,,0,Flores Timur,,2014-06,-0.08390340986858834,6,-0.08390340986858834,VIIRS DNB,nW/cm2/sr,2014,"{""type"":""MultiPoint"",""coordinates"":[]}"
5_00000000000000000003,BA03050040,,,,,,,53.71,53,159.334041006,TASWIL5000020230907KABKOTA,Kota Kupang,,0.0131469663875,0.949087585397,4326,5,,,Kota Kupang,Nusa Tenggara Timur,,0,Kupang,,2014-06,2.2308347754598503,6,2.2308347754598503,VIIRS DNB,nW/cm2/sr,2014,"{""type"":""MultiPoint"",""coordinates"":[]}"
5_0000000000000000000c,BA03050040,,,,,,,53.14,53,1286.45281117,TASWIL5000020230907KABKOTA,Rote Ndao,,0.106321906477,4.76909476004,4326,4,,,Rote Ndao,Nusa Tenggara Timur,,0,Kupang,,2014-06,-0.08500958048224051,6,-0.08500958048224051,VIIRS DNB,nW/cm2/sr,2014,"{""type"":""MultiPoint"",""coordinates"":[]}"
5_0000000000000000000d,BA03050040,,,,,,,53.20,53,460.956594118,TASWIL5000020230907KABKOTA,Sabu Raijua,,0.0380736571077,1.23438979443,4326,4,,,Sabu Raijua,Nusa Tenggara Timur,,0,Kupang,,2014-06,-0.10426208405367572,6,-0.10426208405367572,VIIRS DNB,nW/cm2/sr,2014,"{""type"":""MultiPoint"",""coordinates"":[]}"
5_00000000000000000008,BA03050040,,,,,,,53.15,53,3128.99733567,TASWIL5000020230907KABKOTA,Manggarai Barat,,0.257018604578,10.7211601624,4326,4,,,Manggarai Barat,Nusa Tenggara Timur,,0,Manggarai,,2014-06,-0.09782351245374588,6,-0.09782351245374588,VIIRS DNB,nW/cm2/sr,2014,"{""type"":""MultiPoint"",""coordinates"":[]}"
5_00000000000000000009,BA03050040,,,,,,,53.19,53,2389.52959786,TASWIL5000020230907KABKOTA,Manggarai Timur,,0.196263276889,2.60910655519,4326,4,,,Manggarai Timur,Nusa Tenggara Timur,,0,Manggarai,,2014-06,-0.11134033038027105,6,-0.11134033038027105,VIIRS DNB,nW/cm2/sr,2014,"{""type"":""MultiPoint"",""coordinates"":[]}"
5_0000000000000000000a,BA03050040,,,,,,,53.16,53,1396.16423098,TASWIL5000020230907KABKOTA,Nagekeo,,0.114707914625,2.15252417923,4326,4,,,Nagekeo,Nusa Tenggara Timur,,0,Ngada,,2014-06,-0.08457199931950259,6,-0.08457199931950259,VIIRS DNB,nW/cm2/sr,2014,"{""type"":""MultiPoint"",""coordinates"":[]}"
5_00000000000000000010,BA03050040,,,,,,,53.17,53,1789.65872064,TASWIL5000020230907KABKOTA,Sumba Tengah,,0.147379835649,2.42469258111,4326,4,,,Sumba Tengah,Nusa Tenggara Timur,,0,Sumba Barat,,2014-06,-0.11299718568824076,6,-0.11299718568824076,VIIRS DNB,nW/cm2/sr,2014,"{""type"":""MultiPoint"",""coordinates"":[]}"
5_00000000000000000014,BA03050040,,,,,,,53.18,53,1383.31224571,TASWIL5000020230907KABKOTA,Sumba Barat Daya,,0.113913848979,1.59805558471,4326,4,,,Sumba Barat Daya,Nusa Tenggara Timur,,0,Sumba Barat,,2014-06,-0.11005986995224859,6,-0.11005986995224859,VIIRS DNB,nW/cm2/sr,2014,"{""type"":""MultiPoint"",""coordinates"":[]}"
6_00000000000000000000,BA03050040,,,,,,,53.05,53,2928.55881854,TASWIL5000020230907KABKOTA,Alor,,0.24037265184,5.67288749982,4326,4,,,Alor,Nusa Tenggara Timur,,0,,,2014-07,-0.05084842323933094,7,-0.05084842323933094,VIIRS DNB,nW/cm2/sr,2014,"{""type"":""MultiPoint"",""coordinates"":[]}"
6_00000000000000000001,BA03050040,,,,,,,53.04,53,1127.25008655,TASWIL5000020230907KABKOTA,Belu,,0.0927289736817,2.29261763369,4326,4,,,Belu,Nusa Tenggara Timur,,0,,,2014-07,-0.00836168002781604,7,-0.00836168002781604,VIIRS DNB,nW/cm2/sr,2014,"{""type"":""MultiPoint"",""coordinates"":[]}"
6_00000000000000000002,BA03050040,,,,,,,53.06,53,1748.5165523,TASWIL5000020230907KABKOTA,Flores Timur,,0.143538260694,4.68012528849,4326,4,,,Flores Timur,Nusa Tenggara Timur,,0,,,2014-07,-0.02883414720591135,7,-0.02883414720591135,VIIRS DNB,nW/cm2/sr,2014,"{""type"":""MultiPoint"",""coordinates"":[]}"
6_00000000000000000004,BA03050040,,,,,,,53.01,53,5136.51008742,TASWIL5000020230907KABKOTA,Kupang,,0.423459507198,6.26740520892,4326,4,,,Kupang,Nusa Tenggara Timur,,0,,,2014-07,-0.0364328383208377,7,-0.0364328383208377,VIIRS DNB,nW/cm2/sr,2014,"{""type"":""MultiPoint"",""coordinates"":[]}"
6_00000000000000000007,BA03050040,,,,,,,53.10,53,1343.83414797,TASWIL5000020230907KABKOTA,Manggarai,,0.11037433796,2.62044875269,4326,4,,,Manggarai,Nusa Tenggara Timur,,0,,,2014-07,-0.009315387999851323,7,-0.009315387999851323,VIIRS DNB,nW/cm2/sr,2014,"{""type"":""MultiPoint"",""coordinates"":[]}"
6_0000000000000000000b,BA03050040,,,,,,,53.09,53,1735.63521769,TASWIL5000020230907KABKOTA,Ngada,,0.142589549676,2.86650785507,4326,4,,,Ngada,Nusa Tenggara Timur,,0,,,2014-07,-0.0435482867176118,7,-0.0435482867176118,VIIRS DNB,nW/cm2/sr,2014,"{""type"":""MultiPoint"",""coordinates"":[]}"
6_0000000000000000000e,BA03050040,,,,,,,53.07,53,1671.64902391,TASWIL5000020230907KABKOTA,Sikka,,0.137312979206,3.89925449996,4326,4,,,Sikka,Nusa Tenggara Timur,,0,,,2014-07,4.695988657416734E-4,7,4.695988657416734E-4,VIIRS DNB,nW/cm2/sr,2014,"{""type"":""MultiPoint"",""coordinates"":[]}"
6_0000000000000000000f,BA03050040,,,,,,,53.12,53,757.407641007,TASWIL5000020230907KABKOTA,Sumba Barat,,0.0623907023605,2.04212111278,4326,4,,,Sumba Barat,Nusa Tenggara Timur,,0,,,2014-07,-0.05612929936698561,7,-0.05612929936698561,VIIRS DNB,nW/cm2/sr,2014,"{""type"":""MultiPoint"",""coordinates"":[]}"
6_00000000000000000011,BA03050040,,,,,,,53.11,53,6984.01403441,TASWIL5000020230907KABKOTA,Sumba Timur,,0.575702142252,4.80415749282,4326,4,,,Sumba Timur,Nusa Tenggara Timur,,0,,,2014-07,-0.06869141387012503,7,-0.06869141387012503,VIIRS DNB,nW/cm2/sr,2014,"{""type"":""MultiPoint"",""coordinates"":[]}"
6_00000000000000000012,BA03050040,,,,,,,53.02,53,3933.15111495,TASWIL5000020230907KABKOTA,Timor Tengah Selatan,,0.324167140101,3.32375028444,4326,4,,,Timor Tengah Selatan,Nusa Tenggara Timur,,0,,,2014-07,-0.0546253442793574,7,-0.0546253442793574,VIIRS DNB,nW/cm2/sr,2014,"{""type"":""MultiPoint"",""coordinates"":[]}"
6_00000000000000000013,BA03050040,,,,,,,53.03,53,2623.19983128,TASWIL5000020230907KABKOTA,Timor Tengah Utara,,0.215921651765,3.4787254107,4326,4,,,Timor Tengah Utara,Nusa Tenggara Timur,,0,,,2014-07,-0.04616446013290267,7,-0.04616446013290267,VIIRS DNB,nW/cm2/sr,2014,"{""type"":""MultiPoint"",""coordinates"":[]}"
6_00000000000000000015,BA03050040,,,,,,,53.08,53,2085.24387061,TASWIL5000020230907KABKOTA,Ende,,0.171316232886,2.99297540949,4326,4,,,Ende,Nusa Tenggara Timur,,0,,,2014-07,-0.012645871779763602,7,-0.012645871779763602,VIIRS DNB,nW/cm2/sr,2014,"{""type"":""MultiPoint"",""coordinates"":[]}"
6_00000000000000000006,BA03050040,,,,,,,53.21,53,1109.16204574,TASWIL5000020230907KABKOTA,Malaka,,0.0913351434015,2.23370514726,4326,4,,,Malaka,Nusa Tenggara Timur,,0,Belu,,2014-07,-0.0484974146749231,7,-0.0484974146749231,VIIRS DNB,nW/cm2/sr,2014,"{""type"":""MultiPoint"",""coordinates"":[]}"
6_00000000000000000005,BA03050040,,,,,,,53.13,53,1268.10489804,TASWIL5000020230907KABKOTA,Lembata,,0.10410466891,3.45188597769,4326,4,,,Lembata,Nusa Tenggara Timur,,0,Flores Timur,,2014-07,-0.0351849922491644,7,-0.0351849922491644,VIIRS DNB,nW/cm2/sr,2014,"{""type"":""MultiPoint"",""coordinates"":[]}"
6_00000000000000000003,BA03050040,,,,,,,53.71,53,159.334041006,TASWIL5000020230907KABKOTA,Kota Kupang,,0.0131469663875,0.949087585397,4326,5,,,Kota Kupang,Nusa Tenggara Timur,,0,Kupang,,2014-07,2.156601802314126,7,2.156601802314126,VIIRS DNB,nW/cm2/sr,2014,"{""type"":""MultiPoint"",""coordinates"":[]}"
6_0000000000000000000c,BA03050040,,,,,,,53.14,53,1286.45281117,TASWIL5000020230907KABKOTA,Rote Ndao,,0.106321906477,4.76909476004,4326,4,,,Rote Ndao,Nusa Tenggara Timur,,0,Kupang,,2014-07,-0.04703298534712298,7,-0.04703298534712298,VIIRS DNB,nW/cm2/sr,2014,"{""type"":""MultiPoint"",""coordinates"":[]}"
6_0000000000000000000d,BA03050040,,,,,,,53.20,53,460.956594118,TASWIL5000020230907KABKOTA,Sabu Raijua,,0.0380736571077,1.23438979443,4326,4,,,Sabu Raijua,Nusa Tenggara Timur,,0,Kupang,,2014-07,-0.04088273164010368,7,-0.04088273164010368,VIIRS DNB,nW/cm2/sr,2014,"{""type"":""MultiPoint"",""coordinates"":[]}"
6_00000000000000000008,BA03050040,,,,,,,53.15,53,3128.99733567,TASWIL5000020230907KABKOTA,Manggarai Barat,,0.257018604578,10.7211601624,4326,4,,,Manggarai Barat,Nusa Tenggara Timur,,0,Manggarai,,2014-07,-0.04927485725690289,7,-0.04927485725690289,VIIRS DNB,nW/cm2/sr,2014,"{""type"":""MultiPoint"",""coordinates"":[]}"
6_00000000000000000009,BA03050040,,,,,,,53.19,53,2389.52959786,TASWIL5000020230907KABKOTA,Manggarai Timur,,0.196263276889,2.60910655519,4326,4,,,Manggarai Timur,Nusa Tenggara Timur,,0,Manggarai,,2014-07,-0.06119542296399175,7,-0.06119542296399175,VIIRS DNB,nW/cm2/sr,2014,"{""type"":""MultiPoint"",""coordinates"":[]}"
6_0000000000000000000a,BA03050040,,,,,,,53.16,53,1396.16423098,TASWIL5000020230907KABKOTA,Nagekeo,,0.114707914625,2.15252417923,4326,4,,,Nagekeo,Nusa Tenggara Timur,,0,Ngada,,2014-07,-0.027173480070733,7,-0.027173480070733,VIIRS DNB,nW/cm2/sr,2014,"{""type"":""MultiPoint"",""coordinates"":[]}"
6_00000000000000000010,BA03050040,,,,,,,53.17,53,1789.65872064,TASWIL5000020230907KABKOTA,Sumba Tengah,,0.147379835649,2.42469258111,4326,4,,,Sumba Tengah,Nusa Tenggara Timur,,0,Sumba Barat,,2014-07,-0.08056853457138036,7,-0.08056853457138036,VIIRS DNB,nW/cm2/sr,2014,"{""type"":""MultiPoint"",""coordinates"":[]}"
6_00000000000000000014,BA03050040,,,,,,,53.18,53,1383.31224571,TASWIL5000020230907KABKOTA,Sumba Barat Daya,,0.113913848979,1.59805558471,4326,4,,,Sumba Barat Daya,Nusa Tenggara Timur,,0,Sumba Barat,,2014-07,-0.07366063114651833,7,-0.07366063114651833,VIIRS DNB,nW/cm2/sr,2014,"{""type"":""MultiPoint"",""coordinates"":[]}"
7_00000000000000000000,BA03050040,,,,,,,53.05,53,2928.55881854,TASWIL5000020230907KABKOTA,Alor,,0.24037265184,5.67288749982,4326,4,,,Alor,Nusa Tenggara Timur,,0,,,2014-08,0.07184509417118613,8,0.07184509417118613,VIIRS DNB,nW/cm2/sr,2014,"{""type"":""MultiPoint"",""coordinates"":[]}"
7_00000000000000000001,BA03050040,,,,,,,53.04,53,1127.25008655,TASWIL5000020230907KABKOTA,Belu,,0.0927289736817,2.29261763369,4326,4,,,Belu,Nusa Tenggara Timur,,0,,,2014-08,0.09347188790524397,8,0.09347188790524397,VIIRS DNB,nW/cm2/sr,2014,"{""type"":""MultiPoint"",""coordinates"":[]}"
7_00000000000000000002,BA03050040,,,,,,,53.06,53,1748.5165523,TASWIL5000020230907KABKOTA,Flores Timur,,0.143538260694,4.68012528849,4326,4,,,Flores Timur,Nusa Tenggara Timur,,0,,,2014-08,0.039870921643636155,8,0.039870921643636155,VIIRS DNB,nW/cm2/sr,2014,"{""type"":""MultiPoint"",""coordinates"":[]}"
7_00000000000000000004,BA03050040,,,,,,,53.01,53,5136.51008742,TASWIL5000020230907KABKOTA,Kupang,,0.423459507198,6.26740520892,4326,4,,,Kupang,Nusa Tenggara Timur,,0,,,2014-08,0.08667627984804922,8,0.08667627984804922,VIIRS DNB,nW/cm2/sr,2014,"{""type"":""MultiPoint"",""coordinates"":[]}"
7_00000000000000000007,BA03050040,,,,,,,53.10,53,1343.83414797,TASWIL5000020230907KABKOTA,Manggarai,,0.11037433796,2.62044875269,4326,4,,,Manggarai,Nusa Tenggara Timur,,0,,,2014-08,0.058085173609695506,8,0.058085173609695506,VIIRS DNB,nW/cm2/sr,2014,"{""type"":""MultiPoint"",""coordinates"":[]}"
7_0000000000000000000b,BA03050040,,,,,,,53.09,53,1735.63521769,TASWIL5000020230907KABKOTA,Ngada,,0.142589549676,2.86650785507,4326,4,,,Ngada,Nusa Tenggara Timur,,0,,,2014-08,0.03644710263099981,8,0.03644710263099981,VIIRS DNB,nW/cm2/sr,2014,"{""type"":""MultiPoint"",""coordinates"":[]}"
7_0000000000000000000e,BA03050040,,,,,,,53.07,53,1671.64902391,TASWIL5000020230907KABKOTA,Sikka,,0.137312979206,3.89925449996,4326,4,,,Sikka,Nusa Tenggara Timur,,0,,,2014-08,0.09352555862670776,8,0.09352555862670776,VIIRS DNB,nW/cm2/sr,2014,"{""type"":""MultiPoint"",""coordinates"":[]}"
7_0000000000000000000f,BA03050040,,,,,,,53.12,53,757.407641007,TASWIL5000020230907KABKOTA,Sumba Barat,,0.0623907023605,2.04212111278,4326,4,,,Sumba Barat,Nusa Tenggara Timur,,0,,,2014-08,0.02690830674206339,8,0.02690830674206339,VIIRS DNB,nW/cm2/sr,2014,"{""type"":""MultiPoint"",""coordinates"":[]}"
7_00000000000000000011,BA03050040,,,,,,,53.11,53,6984.01403441,TASWIL5000020230907KABKOTA,Sumba Timur,,0.575702142252,4.80415749282,4326,4,,,Sumba Timur,Nusa Tenggara Timur,,0,,,2014-08,0.010979372213959998,8,0.010979372213959998,VIIRS DNB,nW/cm2/sr,2014,"{""type"":""MultiPoint"",""coordinates"":[]}"
7_00000000000000000012,BA03050040,,,,,,,53.02,53,3933.15111495,TASWIL5000020230907KABKOTA,Timor Tengah Selatan,,0.324167140101,3.32375028444,4326,4,,,Timor Tengah Selatan,Nusa Tenggara Timur,,0,,,2014-08,0.033071811056458594,8,0.033071811056458594,VIIRS DNB,nW/cm2/sr,2014,"{""type"":""MultiPoint"",""coordinates"":[]}"
7_00000000000000000013,BA03050040,,,,,,,53.03,53,2623.19983128,TASWIL5000020230907KABKOTA,Timor Tengah Utara,,0.215921651765,3.4787254107,4326,4,,,Timor Tengah Utara,Nusa Tenggara Timur,,0,,,2014-08,0.035491336712602246,8,0.035491336712602246,VIIRS DNB,nW/cm2/sr,2014,"{""type"":""MultiPoint"",""coordinates"":[]}"
7_00000000000000000015,BA03050040,,,,,,,53.08,53,2085.24387061,TASWIL5000020230907KABKOTA,Ende,,0.171316232886,2.99297540949,4326,4,,,Ende,Nusa Tenggara Timur,,0,,,2014-08,0.05875795459498444,8,0.05875795459498444,VIIRS DNB,nW/cm2/sr,2014,"{""type"":""MultiPoint"",""coordinates"":[]}"
7_00000000000000000006,BA03050040,,,,,,,53.21,53,1109.16204574,TASWIL5000020230907KABKOTA,Malaka,,0.0913351434015,2.23370514726,4326,4,,,Malaka,Nusa Tenggara Timur,,0,Belu,,2014-08,0.027484355356121357,8,0.027484355356121357,VIIRS DNB,nW/cm2/sr,2014,"{""type"":""MultiPoint"",""coordinates"":[]}"
7_00000000000000000005,BA03050040,,,,,,,53.13,53,1268.10489804,TASWIL5000020230907KABKOTA,Lembata,,0.10410466891,3.45188597769,4326,4,,,Lembata,Nusa Tenggara Timur,,0,Flores Timur,,2014-08,0.11498504346843814,8,0.11498504346843814,VIIRS DNB,nW/cm2/sr,2014,"{""type"":""MultiPoint"",""coordinates"":[]}"
7_00000000000000000003,BA03050040,,,,,,,53.71,53,159.334041006,TASWIL5000020230907KABKOTA,Kota Kupang,,0.0131469663875,0.949087585397,4326,5,,,Kota Kupang,Nusa Tenggara Timur,,0,Kupang,,2014-08,2.5186731393161415,8,2.5186731393161415,VIIRS DNB,nW/cm2/sr,2014,"{""type"":""MultiPoint"",""coordinates"":[]}"
7_0000000000000000000c,BA03050040,,,,,,,53.14,53,1286.45281117,TASWIL5000020230907KABKOTA,Rote Ndao,,0.106321906477,4.76909476004,4326,4,,,Rote Ndao,Nusa Tenggara Timur,,0,Kupang,,2014-08,0.032687909177760426,8,0.032687909177760426,VIIRS DNB,nW/cm2/sr,2014,"{""type"":""MultiPoint"",""coordinates"":[]}"
7_0000000000000000000d,BA03050040,,,,,,,53.20,53,460.956594118,TASWIL5000020230907KABKOTA,Sabu Raijua,,0.0380736571077,1.23438979443,4326,4,,,Sabu Raijua,Nusa Tenggara Timur,,0,Kupang,,2014-08,0.025896753090147065,8,0.025896753090147065,VIIRS DNB,nW/cm2/sr,2014,"{""type"":""MultiPoint"",""coordinates"":[]}"
7_00000000000000000008,BA03050040,,,,,,,53.15,53,3128.99733567,TASWIL5000020230907KABKOTA,Manggarai Barat,,0.257018604578,10.7211601624,4326,4,,,Manggarai Barat,Nusa Tenggara Timur,,0,Manggarai,,2014-08,0.016976661217096584,8,0.016976661217096584,VIIRS DNB,nW/cm2/sr,2014,"{""type"":""MultiPoint"",""coordinates"":[]}"
7_00000000000000000009,BA03050040,,,,,,,53.19,53,2389.52959786,TASWIL5000020230907KABKOTA,Manggarai Timur,,0.196263276889,2.60910655519,4326,4,,,Manggarai Timur,Nusa Tenggara Timur,,0,Manggarai,,2014-08,0.007626872993947694,8,0.007626872993947694,VIIRS DNB,nW/cm2/sr,2014,"{""type"":""MultiPoint"",""coordinates"":[]}"
7_0000000000000000000a,BA03050040,,,,,,,53.16,53,1396.16423098,TASWIL5000020230907KABKOTA,Nagekeo,,0.114707914625,2.15252417923,4326,4,,,Nagekeo,Nusa Tenggara Timur,,0,Ngada,,2014-08,0.04035066470757323,8,0.04035066470757323,VIIRS DNB,nW/cm2/sr,2014,"{""type"":""MultiPoint"",""coordinates"":[]}"
7_00000000000000000010,BA03050040,,,,,,,53.17,53,1789.65872064,TASWIL5000020230907KABKOTA,Sumba Tengah,,0.147379835649,2.42469258111,4326,4,,,Sumba Tengah,Nusa Tenggara Timur,,0,Sumba Barat,,2014-08,0.008628346081417047,8,0.008628346081417047,VIIRS DNB,nW/cm2/sr,2014,"{""type"":""MultiPoint"",""coordinates"":[]}"
7_00000000000000000014,BA03050040,,,,,,,53.18,53,1383.31224571,TASWIL5000020230907KABKOTA,Sumba Barat Daya,,0.113913848979,1.59805558471,4326,4,,,Sumba Barat Daya,Nusa Tenggara Timur,,0,Sumba Barat,,2014-08,0.01941027031762981,8,0.01941027031762981,VIIRS DNB,nW/cm2/sr,2014,"{""type"":""MultiPoint"",""coordinates"":[]}"
8_00000000000000000000,BA03050040,,,,,,,53.05,53,2928.55881854,TASWIL5000020230907KABKOTA,Alor,,0.24037265184,5.67288749982,4326,4,,,Alor,Nusa Tenggara Timur,,0,,,2014-09,0.08204735141783244,9,0.08204735141783244,VIIRS DNB,nW/cm2/sr,2014,"{""type"":""MultiPoint"",""coordinates"":[]}"
8_00000000000000000001,BA03050040,,,,,,,53.04,53,1127.25008655,TASWIL5000020230907KABKOTA,Belu,,0.0927289736817,2.29261763369,4326,4,,,Belu,Nusa Tenggara Timur,,0,,,2014-09,0.10813752481378129,9,0.10813752481378129,VIIRS DNB,nW/cm2/sr,2014,"{""type"":""MultiPoint"",""coordinates"":[]}"
8_00000000000000000002,BA03050040,,,,,,,53.06,53,1748.5165523,TASWIL5000020230907KABKOTA,Flores Timur,,0.143538260694,4.68012528849,4326,4,,,Flores Timur,Nusa Tenggara Timur,,0,,,2014-09,0.043159223680446286,9,0.043159223680446286,VIIRS DNB,nW/cm2/sr,2014,"{""type"":""MultiPoint"",""coordinates"":[]}"
8_00000000000000000004,BA03050040,,,,,,,53.01,53,5136.51008742,TASWIL5000020230907KABKOTA,Kupang,,0.423459507198,6.26740520892,4326,4,,,Kupang,Nusa Tenggara Timur,,0,,,2014-09,0.11268277386559242,9,0.11268277386559242,VIIRS DNB,nW/cm2/sr,2014,"{""type"":""MultiPoint"",""coordinates"":[]}"
8_00000000000000000007,BA03050040,,,,,,,53.10,53,1343.83414797,TASWIL5000020230907KABKOTA,Manggarai,,0.11037433796,2.62044875269,4326,4,,,Manggarai,Nusa Tenggara Timur,,0,,,2014-09,0.0653541258481087,9,0.0653541258481087,VIIRS DNB,nW/cm2/sr,2014,"{""type"":""MultiPoint"",""coordinates"":[]}"
8_0000000000000000000b,BA03050040,,,,,,,53.09,53,1735.63521769,TASWIL5000020230907KABKOTA,Ngada,,0.142589549676,2.86650785507,4326,4,,,Ngada,Nusa Tenggara Timur,,0,,,2014-09,0.06276009107837853,9,0.06276009107837853,VIIRS DNB,nW/cm2/sr,2014,"{""type"":""MultiPoint"",""coordinates"":[]}"
8_0000000000000000000e,BA03050040,,,,,,,53.07,53,1671.64902391,TASWIL5000020230907KABKOTA,Sikka,,0.137312979206,3.89925449996,4326,4,,,Sikka,Nusa Tenggara Timur,,0,,,2014-09,0.06667837443256897,9,0.06667837443256897,VIIRS DNB,nW/cm2/sr,2014,"{""type"":""MultiPoint"",""coordinates"":[]}"
8_0000000000000000000f,BA03050040,,,,,,,53.12,53,757.407641007,TASWIL5000020230907KABKOTA,Sumba Barat,,0.0623907023605,2.04212111278,4326,4,,,Sumba Barat,Nusa Tenggara Timur,,0,,,2014-09,0.027865956640500355,9,0.027865956640500355,VIIRS DNB,nW/cm2/sr,2014,"{""type"":""MultiPoint"",""coordinates"":[]}"
8_00000000000000000011,BA03050040,,,,,,,53.11,53,6984.01403441,TASWIL5000020230907KABKOTA,Sumba Timur,,0.575702142252,4.80415749282,4326,4,,,Sumba Timur,Nusa Tenggara Timur,,0,,,2014-09,0.033269828175408196,9,0.033269828175408196,VIIRS DNB,nW/cm2/sr,2014,"{""type"":""MultiPoint"",""coordinates"":[]}"
8_00000000000000000012,BA03050040,,,,,,,53.02,53,3933.15111495,TASWIL5000020230907KABKOTA,Timor Tengah Selatan,,0.324167140101,3.32375028444,4326,4,,,Timor Tengah Selatan,Nusa Tenggara Timur,,0,,,2014-09,0.05083331211259362,9,0.05083331211259362,VIIRS DNB,nW/cm2/sr,2014,"{""type"":""MultiPoint"",""coordinates"":[]}"
8_00000000000000000013,BA03050040,,,,,,,53.03,53,2623.19983128,TASWIL5000020230907KABKOTA,Timor Tengah Utara,,0.215921651765,3.4787254107,4326,4,,,Timor Tengah Utara,Nusa Tenggara Timur,,0,,,2014-09,0.08103106716021798,9,0.08103106716021798,VIIRS DNB,nW/cm2/sr,2014,"{""type"":""MultiPoint"",""coordinates"":[]}"
8_00000000000000000015,BA03050040,,,,,,,53.08,53,2085.24387061,TASWIL5000020230907KABKOTA,Ende,,0.171316232886,2.99297540949,4326,4,,,Ende,Nusa Tenggara Timur,,0,,,2014-09,0.06135129134983714,9,0.06135129134983714,VIIRS DNB,nW/cm2/sr,2014,"{""type"":""MultiPoint"",""coordinates"":[]}"
8_00000000000000000006,BA03050040,,,,,,,53.21,53,1109.16204574,TASWIL5000020230907KABKOTA,Malaka,,0.0913351434015,2.23370514726,4326,4,,,Malaka,Nusa Tenggara Timur,,0,Belu,,2014-09,0.04223549386895489,9,0.04223549386895489,VIIRS DNB,nW/cm2/sr,2014,"{""type"":""MultiPoint"",""coordinates"":[]}"
8_00000000000000000005,BA03050040,,,,,,,53.13,53,1268.10489804,TASWIL5000020230907KABKOTA,Lembata,,0.10410466891,3.45188597769,4326,4,,,Lembata,Nusa Tenggara Timur,,0,Flores Timur,,2014-09,0.17227636698950524,9,0.17227636698950524,VIIRS DNB,nW/cm2/sr,2014,"{""type"":""MultiPoint"",""coordinates"":[]}"
8_00000000000000000003,BA03050040,,,,,,,53.71,53,159.334041006,TASWIL5000020230907KABKOTA,Kota Kupang,,0.0131469663875,0.949087585397,4326,5,,,Kota Kupang,Nusa Tenggara Timur,,0,Kupang,,2014-09,2.7893219732160555,9,2.7893219732160555,VIIRS DNB,nW/cm2/sr,2014,"{""type"":""MultiPoint"",""coordinates"":[]}"
8_0000000000000000000c,BA03050040,,,,,,,53.14,53,1286.45281117,TASWIL5000020230907KABKOTA,Rote Ndao,,0.106321906477,4.76909476004,4326,4,,,Rote Ndao,Nusa Tenggara Timur,,0,Kupang,,2014-09,0.01934538216019638,9,0.01934538216019638,VIIRS DNB,nW/cm2/sr,2014,"{""type"":""MultiPoint"",""coordinates"":[]}"
8_0000000000000000000d,BA03050040,,,,,,,53.20,53,460.956594118,TASWIL5000020230907KABKOTA,Sabu Raijua,,0.0380736571077,1.23438979443,4326,4,,,Sabu Raijua,Nusa Tenggara Timur,,0,Kupang,,2014-09,0.007902671817174991,9,0.007902671817174991,VIIRS DNB,nW/cm2/sr,2014,"{""type"":""MultiPoint"",""coordinates"":[]}"
8_00000000000000000008,BA03050040,,,,,,,53.15,53,3128.99733567,TASWIL5000020230907KABKOTA,Manggarai Barat,,0.257018604578,10.7211601624,4326,4,,,Manggarai Barat,Nusa Tenggara Timur,,0,Manggarai,,2014-09,0.012309249452133752,9,0.012309249452133752,VIIRS DNB,nW/cm2/sr,2014,"{""type"":""MultiPoint"",""coordinates"":[]}"
8_00000000000000000009,BA03050040,,,,,,,53.19,53,2389.52959786,TASWIL5000020230907KABKOTA,Manggarai Timur,,0.196263276889,2.60910655519,4326,4,,,Manggarai Timur,Nusa Tenggara Timur,,0,Manggarai,,2014-09,0.011447551628326176,9,0.011447551628326176,VIIRS DNB,nW/cm2/sr,2014,"{""type"":""MultiPoint"",""coordinates"":[]}"
8_0000000000000000000a,BA03050040,,,,,,,53.16,53,1396.16423098,TASWIL5000020230907KABKOTA,Nagekeo,,0.114707914625,2.15252417923,4326,4,,,Nagekeo,Nusa Tenggara Timur,,0,Ngada,,2014-09,0.07399823756442969,9,0.07399823756442969,VIIRS DNB,nW/cm2/sr,2014,"{""type"":""MultiPoint"",""coordinates"":[]}"
8_00000000000000000010,BA03050040,,,,,,,53.17,53,1789.65872064,TASWIL5000020230907KABKOTA,Sumba Tengah,,0.147379835649,2.42469258111,4326,4,,,Sumba Tengah,Nusa Tenggara Timur,,0,Sumba Barat,,2014-09,-0.005979672778287623,9,-0.005979672778287623,VIIRS DNB,nW/cm2/sr,2014,"{""type"":""MultiPoint"",""coordinates"":[]}"
8_00000000000000000014,BA03050040,,,,,,,53.18,53,1383.31224571,TASWIL5000020230907KABKOTA,Sumba Barat Daya,,0.113913848979,1.59805558471,4326,4,,,Sumba Barat Daya,Nusa Tenggara Timur,,0,Sumba Barat,,2014-09,0.02259703342065715,9,0.02259703342065715,VIIRS DNB,nW/cm2/sr,2014,"{""type"":""MultiPoint"",""coordinates"":[]}"
9_00000000000000000000,BA03050040,,,,,,,53.05,53,2928.55881854,TASWIL5000020230907KABKOTA,Alor,,0.24037265184,5.67288749982,4326,4,,,Alor,Nusa Tenggara Timur,,0,,,2014-10,0.10549819424817888,10,0.10549819424817888,VIIRS DNB,nW/cm2/sr,2014,"{""type"":""MultiPoint"",""coordinates"":[]}"
9_00000000000000000001,BA03050040,,,,,,,53.04,53,1127.25008655,TASWIL5000020230907KABKOTA,Belu,,0.0927289736817,2.29261763369,4326,4,,,Belu,Nusa Tenggara Timur,,0,,,2014-10,0.058477098030813086,10,0.058477098030813086,VIIRS DNB,nW/cm2/sr,2014,"{""type"":""MultiPoint"",""coordinates"":[]}"
9_00000000000000000002,BA03050040,,,,,,,53.06,53,1748.5165523,TASWIL5000020230907KABKOTA,Flores Timur,,0.143538260694,4.68012528849,4326,4,,,Flores Timur,Nusa Tenggara Timur,,0,,,2014-10,0.005985277191781735,10,0.005985277191781735,VIIRS DNB,nW/cm2/sr,2014,"{""type"":""MultiPoint"",""coordinates"":[]}"
9_00000000000000000004,BA03050040,,,,,,,53.01,53,5136.51008742,TASWIL5000020230907KABKOTA,Kupang,,0.423459507198,6.26740520892,4326,4,,,Kupang,Nusa Tenggara Timur,,0,,,2014-10,0.0604039514529352,10,0.0604039514529352,VIIRS DNB,nW/cm2/sr,2014,"{""type"":""MultiPoint"",""coordinates"":[]}"
9_00000000000000000007,BA03050040,,,,,,,53.10,53,1343.83414797,TASWIL5000020230907KABKOTA,Manggarai,,0.11037433796,2.62044875269,4326,4,,,Manggarai,Nusa Tenggara Timur,,0,,,2014-10,0.021629790628864252,10,0.021629790628864252,VIIRS DNB,nW/cm2/sr,2014,"{""type"":""MultiPoint"",""coordinates"":[]}"
9_0000000000000000000b,BA03050040,,,,,,,53.09,53,1735.63521769,TASWIL5000020230907KABKOTA,Ngada,,0.142589549676,2.86650785507,4326,4,,,Ngada,Nusa Tenggara Timur,,0,,,2014-10,0.01781917849344651,10,0.01781917849344651,VIIRS DNB,nW/cm2/sr,2014,"{""type"":""MultiPoint"",""coordinates"":[]}"
9_0000000000000000000e,BA03050040,,,,,,,53.07,53,1671.64902391,TASWIL5000020230907KABKOTA,Sikka,,0.137312979206,3.89925449996,4326,4,,,Sikka,Nusa Tenggara Timur,,0,,,2014-10,0.021353613756446618,10,0.021353613756446618,VIIRS DNB,nW/cm2/sr,2014,"{""type"":""MultiPoint"",""coordinates"":[]}"
9_0000000000000000000f,BA03050040,,,,,,,53.12,53,757.407641007,TASWIL5000020230907KABKOTA,Sumba Barat,,0.0623907023605,2.04212111278,4326,4,,,Sumba Barat,Nusa Tenggara Timur,,0,,,2014-10,0.010597995092753958,10,0.010597995092753958,VIIRS DNB,nW/cm2/sr,2014,"{""type"":""MultiPoint"",""coordinates"":[]}"
9_00000000000000000011,BA03050040,,,,,,,53.11,53,6984.01403441,TASWIL5000020230907KABKOTA,Sumba Timur,,0.575702142252,4.80415749282,4326,4,,,Sumba Timur,Nusa Tenggara Timur,,0,,,2014-10,-0.00806028817248696,10,-0.00806028817248696,VIIRS DNB,nW/cm2/sr,2014,"{""type"":""MultiPoint"",""coordinates"":[]}"
9_00000000000000000012,BA03050040,,,,,,,53.02,53,3933.15111495,TASWIL5000020230907KABKOTA,Timor Tengah Selatan,,0.324167140101,3.32375028444,4326,4,,,Timor Tengah Selatan,Nusa Tenggara Timur,,0,,,2014-10,0.04218988477858945,10,0.04218988477858945,VIIRS DNB,nW/cm2/sr,2014,"{""type"":""MultiPoint"",""coordinates"":[]}"
9_00000000000000000013,BA03050040,,,,,,,53.03,53,2623.19983128,TASWIL5000020230907KABKOTA,Timor Tengah Utara,,0.215921651765,3.4787254107,4326,4,,,Timor Tengah Utara,Nusa Tenggara Timur,,0,,,2014-10,0.032839404064960824,10,0.032839404064960824,VIIRS DNB,nW/cm2/sr,2014,"{""type"":""MultiPoint"",""coordinates"":[]}"
9_00000000000000000015,BA03050040,,,,,,,53.08,53,2085.24387061,TASWIL5000020230907KABKOTA,Ende,,0.171316232886,2.99297540949,4326,4,,,Ende,Nusa Tenggara Timur,,0,,,2014-10,0.030174152135678468,10,0.030174152135678468,VIIRS DNB,nW/cm2/sr,2014,"{""type"":""MultiPoint"",""coordinates"":[]}"
9_00000000000000000006,BA03050040,,,,,,,53.21,53,1109.16204574,TASWIL5000020230907KABKOTA,Malaka,,0.0913351434015,2.23370514726,4326,4,,,Malaka,Nusa Tenggara Timur,,0,Belu,,2014-10,0.017500565536653183,10,0.017500565536653183,VIIRS DNB,nW/cm2/sr,2014,"{""type"":""MultiPoint"",""coordinates"":[]}"
9_00000000000000000005,BA03050040,,,,,,,53.13,53,1268.10489804,TASWIL5000020230907KABKOTA,Lembata,,0.10410466891,3.45188597769,4326,4,,,Lembata,Nusa Tenggara Timur,,0,Flores Timur,,2014-10,0.038341505862221396,10,0.038341505862221396,VIIRS DNB,nW/cm2/sr,2014,"{""type"":""MultiPoint"",""coordinates"":[]}"
9_00000000000000000003,BA03050040,,,,,,,53.71,53,159.334041006,TASWIL5000020230907KABKOTA,Kota Kupang,,0.0131469663875,0.949087585397,4326,5,,,Kota Kupang,Nusa Tenggara Timur,,0,Kupang,,2014-10,2.34044081578038,10,2.34044081578038,VIIRS DNB,nW/cm2/sr,2014,"{""type"":""MultiPoint"",""coordinates"":[]}"
9_0000000000000000000c,BA03050040,,,,,,,53.14,53,1286.45281117,TASWIL5000020230907KABKOTA,Rote Ndao,,0.106321906477,4.76909476004,4326,4,,,Rote Ndao,Nusa Tenggara Timur,,0,Kupang,,2014-10,0.013318520445792306,10,0.013318520445792306,VIIRS DNB,nW/cm2/sr,2014,"{""type"":""MultiPoint"",""coordinates"":[]}"
9_0000000000000000000d,BA03050040,,,,,,,53.20,53,460.956594118,TASWIL5000020230907KABKOTA,Sabu Raijua,,0.0380736571077,1.23438979443,4326,4,,,Sabu Raijua,Nusa Tenggara Timur,,0,Kupang,,2014-10,0.004369005568682616,10,0.004369005568682616,VIIRS DNB,nW/cm2/sr,2014,"{""type"":""MultiPoint"",""coordinates"":[]}"
9_00000000000000000008,BA03050040,,,,,,,53.15,53,3128.99733567,TASWIL5000020230907KABKOTA,Manggarai Barat,,0.257018604578,10.7211601624,4326,4,,,Manggarai Barat,Nusa Tenggara Timur,,0,Manggarai,,2014-10,-0.024975452370900368,10,-0.024975452370900368,VIIRS DNB,nW/cm2/sr,2014,"{""type"":""MultiPoint"",""coordinates"":[]}"
9_00000000000000000009,BA03050040,,,,,,,53.19,53,2389.52959786,TASWIL5000020230907KABKOTA,Manggarai Timur,,0.196263276889,2.60910655519,4326,4,,,Manggarai Timur,Nusa Tenggara Timur,,0,Manggarai,,2014-10,-0.011949664829584285,10,-0.011949664829584285,VIIRS DNB,nW/cm2/sr,2014,"{""type"":""MultiPoint"",""coordinates"":[]}"
9_0000000000000000000a,BA03050040,,,,,,,53.16,53,1396.16423098,TASWIL5000020230907KABKOTA,Nagekeo,,0.114707914625,2.15252417923,4326,4,,,Nagekeo,Nusa Tenggara Timur,,0,Ngada,,2014-10,-0.002434481105636188,10,-0.002434481105636188,VIIRS DNB,nW/cm2/sr,2014,"{""type"":""MultiPoint"",""coordinates"":[]}"
9_00000000000000000010,BA03050040,,,,,,,53.17,53,1789.65872064,TASWIL5000020230907KABKOTA,Sumba Tengah,,0.147379835649,2.42469258111,4326,4,,,Sumba Tengah,Nusa Tenggara Timur,,0,Sumba Barat,,2014-10,-0.01981392831155508,10,-0.01981392831155508,VIIRS DNB,nW/cm2/sr,2014,"{""type"":""MultiPoint"",""coordinates"":[]}"
9_00000000000000000014,BA03050040,,,,,,,53.18,53,1383.31224571,TASWIL5000020230907KABKOTA,Sumba Barat Daya,,0.113913848979,1.59805558471,4326,4,,,Sumba Barat Daya,Nusa Tenggara Timur,,0,Sumba Barat,,2014-10,-0.006687176446998872,10,-0.006687176446998872,VIIRS DNB,nW/cm2/sr,2014,"{""type"":""MultiPoint"",""coordinates"":[]}"
10_00000000000000000000,BA03050040,,,,,,,53.05,53,2928.55881854,TASWIL5000020230907KABKOTA,Alor,,0.24037265184,5.67288749982,4326,4,,,Alor,Nusa Tenggara Timur,,0,,,2014-11,-0.16227608280973546,11,-0.16227608280973546,VIIRS DNB,nW/cm2/sr,2014,"{""type"":""MultiPoint"",""coordinates"":[]}"
10_00000000000000000001,BA03050040,,,,,,,53.04,53,1127.25008655,TASWIL5000020230907KABKOTA,Belu,,0.0927289736817,2.29261763369,4326,4,,,Belu,Nusa Tenggara Timur,,0,,,2014-11,-0.10577507571790332,11,-0.10577507571790332,VIIRS DNB,nW/cm2/sr,2014,"{""type"":""MultiPoint"",""coordinates"":[]}"
10_00000000000000000002,BA03050040,,,,,,,53.06,53,1748.5165523,TASWIL5000020230907KABKOTA,Flores Timur,,0.143538260694,4.68012528849,4326,4,,,Flores Timur,Nusa Tenggara Timur,,0,,,2014-11,-0.15253879308907878,11,-0.15253879308907878,VIIRS DNB,nW/cm2/sr,2014,"{""type"":""MultiPoint"",""coordinates"":[]}"
10_00000000000000000004,BA03050040,,,,,,,53.01,53,5136.51008742,TASWIL5000020230907KABKOTA,Kupang,,0.423459507198,6.26740520892,4326,4,,,Kupang,Nusa Tenggara Timur,,0,,,2014-11,-0.1402203901438555,11,-0.1402203901438555,VIIRS DNB,nW/cm2/sr,2014,"{""type"":""MultiPoint"",""coordinates"":[]}"
10_00000000000000000007,BA03050040,,,,,,,53.10,53,1343.83414797,TASWIL5000020230907KABKOTA,Manggarai,,0.11037433796,2.62044875269,4326,4,,,Manggarai,Nusa Tenggara Timur,,0,,,2014-11,-0.12662220936705154,11,-0.12662220936705154,VIIRS DNB,nW/cm2/sr,2014,"{""type"":""MultiPoint"",""coordinates"":[]}"
10_0000000000000000000b,BA03050040,,,,,,,53.09,53,1735.63521769,TASWIL5000020230907KABKOTA,Ngada,,0.142589549676,2.86650785507,4326,4,,,Ngada,Nusa Tenggara Timur,,0,,,2014-11,-0.1477928847675118,11,-0.1477928847675118,VIIRS DNB,nW/cm2/sr,2014,"{""type"":""MultiPoint"",""coordinates"":[]}"
10_0000000000000000000e,BA03050040,,,,,,,53.07,53,1671.64902391,TASWIL5000020230907KABKOTA,Sikka,,0.137312979206,3.89925449996,4326,4,,,Sikka,Nusa Tenggara Timur,,0,,,2014-11,-0.1196814919550664,11,-0.1196814919550664,VIIRS DNB,nW/cm2/sr,2014,"{""type"":""MultiPoint"",""coordinates"":[]}"
10_0000000000000000000f,BA03050040,,,,,,,53.12,53,757.407641007,TASWIL5000020230907KABKOTA,Sumba Barat,,0.0623907023605,2.04212111278,4326,4,,,Sumba Barat,Nusa Tenggara Timur,,0,,,2014-11,-0.13402438210912446,11,-0.13402438210912446,VIIRS DNB,nW/cm2/sr,2014,"{""type"":""MultiPoint"",""coordinates"":[]}"
10_00000000000000000011,BA03050040,,,,,,,53.11,53,6984.01403441,TASWIL5000020230907KABKOTA,Sumba Timur,,0.575702142252,4.80415749282,4326,4,,,Sumba Timur,Nusa Tenggara Timur,,0,,,2014-11,-0.15086854040174147,11,-0.15086854040174147,VIIRS DNB,nW/cm2/sr,2014,"{""type"":""MultiPoint"",""coordinates"":[]}"
10_00000000000000000012,BA03050040,,,,,,,53.02,53,3933.15111495,TASWIL5000020230907KABKOTA,Timor Tengah Selatan,,0.324167140101,3.32375028444,4326,4,,,Timor Tengah Selatan,Nusa Tenggara Timur,,0,,,2014-11,-0.13046750893818998,11,-0.13046750893818998,VIIRS DNB,nW/cm2/sr,2014,"{""type"":""MultiPoint"",""coordinates"":[]}"
10_00000000000000000013,BA03050040,,,,,,,53.03,53,2623.19983128,TASWIL5000020230907KABKOTA,Timor Tengah Utara,,0.215921651765,3.4787254107,4326,4,,,Timor Tengah Utara,Nusa Tenggara Timur,,0,,,2014-11,-0.13692430032425448,11,-0.13692430032425448,VIIRS DNB,nW/cm2/sr,2014,"{""type"":""MultiPoint"",""coordinates"":[]}"
10_00000000000000000015,BA03050040,,,,,,,53.08,53,2085.24387061,TASWIL5000020230907KABKOTA,Ende,,0.171316232886,2.99297540949,4326,4,,,Ende,Nusa Tenggara Timur,,0,,,2014-11,-0.1207144520444353,11,-0.1207144520444353,VIIRS DNB,nW/cm2/sr,2014,"{""type"":""MultiPoint"",""coordinates"":[]}"
10_00000000000000000006,BA03050040,,,,,,,53.21,53,1109.16204574,TASWIL5000020230907KABKOTA,Malaka,,0.0913351434015,2.23370514726,4326,4,,,Malaka,Nusa Tenggara Timur,,0,Belu,,2014-11,-0.11945172297104625,11,-0.11945172297104625,VIIRS DNB,nW/cm2/sr,2014,"{""type"":""MultiPoint"",""coordinates"":[]}"
10_00000000000000000005,BA03050040,,,,,,,53.13,53,1268.10489804,TASWIL5000020230907KABKOTA,Lembata,,0.10410466891,3.45188597769,4326,4,,,Lembata,Nusa Tenggara Timur,,0,Flores Timur,,2014-11,-0.17267471478856133,11,-0.17267471478856133,VIIRS DNB,nW/cm2/sr,2014,"{""type"":""MultiPoint"",""coordinates"":[]}"
10_00000000000000000003,BA03050040,,,,,,,53.71,53,159.334041006,TASWIL5000020230907KABKOTA,Kota Kupang,,0.0131469663875,0.949087585397,4326,5,,,Kota Kupang,Nusa Tenggara Timur,,0,Kupang,,2014-11,2.144206007899458,11,2.144206007899458,VIIRS DNB,nW/cm2/sr,2014,"{""type"":""MultiPoint"",""coordinates"":[]}"
10_0000000000000000000c,BA03050040,,,,,,,53.14,53,1286.45281117,TASWIL5000020230907KABKOTA,Rote Ndao,,0.106321906477,4.76909476004,4326,4,,,Rote Ndao,Nusa Tenggara Timur,,0,Kupang,,2014-11,-0.14572564424886145,11,-0.14572564424886145,VIIRS DNB,nW/cm2/sr,2014,"{""type"":""MultiPoint"",""coordinates"":[]}"
10_0000000000000000000d,BA03050040,,,,,,,53.20,53,460.956594118,TASWIL5000020230907KABKOTA,Sabu Raijua,,0.0380736571077,1.23438979443,4326,4,,,Sabu Raijua,Nusa Tenggara Timur,,0,Kupang,,2014-11,-0.14572324640966194,11,-0.14572324640966194,VIIRS DNB,nW/cm2/sr,2014,"{""type"":""MultiPoint"",""coordinates"":[]}"
10_00000000000000000008,BA03050040,,,,,,,53.15,53,3128.99733567,TASWIL5000020230907KABKOTA,Manggarai Barat,,0.257018604578,10.7211601624,4326,4,,,Manggarai Barat,Nusa Tenggara Timur,,0,Manggarai,,2014-11,-0.14657534601733177,11,-0.14657534601733177,VIIRS DNB,nW/cm2/sr,2014,"{""type"":""MultiPoint"",""coordinates"":[]}"
10_00000000000000000009,BA03050040,,,,,,,53.19,53,2389.52959786,TASWIL5000020230907KABKOTA,Manggarai Timur,,0.196263276889,2.60910655519,4326,4,,,Manggarai Timur,Nusa Tenggara Timur,,0,Manggarai,,2014-11,-0.1694760590068368,11,-0.1694760590068368,VIIRS DNB,nW/cm2/sr,2014,"{""type"":""MultiPoint"",""coordinates"":[]}"
10_0000000000000000000a,BA03050040,,,,,,,53.16,53,1396.16423098,TASWIL5000020230907KABKOTA,Nagekeo,,0.114707914625,2.15252417923,4326,4,,,Nagekeo,Nusa Tenggara Timur,,0,Ngada,,2014-11,-0.1413371499216708,11,-0.1413371499216708,VIIRS DNB,nW/cm2/sr,2014,"{""type"":""MultiPoint"",""coordinates"":[]}"
10_00000000000000000010,BA03050040,,,,,,,53.17,53,1789.65872064,TASWIL5000020230907KABKOTA,Sumba Tengah,,0.147379835649,2.42469258111,4326,4,,,Sumba Tengah,Nusa Tenggara Timur,,0,Sumba Barat,,2014-11,-0.15120264614651943,11,-0.15120264614651943,VIIRS DNB,nW/cm2/sr,2014,"{""type"":""MultiPoint"",""coordinates"":[]}"
10_00000000000000000014,BA03050040,,,,,,,53.18,53,1383.31224571,TASWIL5000020230907KABKOTA,Sumba Barat Daya,,0.113913848979,1.59805558471,4326,4,,,Sumba Barat Daya,Nusa Tenggara Timur,,0,Sumba Barat,,2014-11,-0.13294760836957786,11,-0.13294760836957786,VIIRS DNB,nW/cm2/sr,2014,"{""type"":""MultiPoint"",""coordinates"":[]}"
11_00000000000000000000,BA03050040,,,,,,,53.05,53,2928.55881854,TASWIL5000020230907KABKOTA,Alor,,0.24037265184,5.67288749982,4326,4,,,Alor,Nusa Tenggara Timur,,0,,,2014-12,0.07046039565488967,12,0.07046039565488967,VIIRS DNB,nW/cm2/sr,2014,"{""type"":""MultiPoint"",""coordinates"":[]}"
11_00000000000000000001,BA03050040,,,,,,,53.04,53,1127.25008655,TASWIL5000020230907KABKOTA,Belu,,0.0927289736817,2.29261763369,4326,4,,,Belu,Nusa Tenggara Timur,,0,,,2014-12,0.10829574388229224,12,0.10829574388229224,VIIRS DNB,nW/cm2/sr,2014,"{""type"":""MultiPoint"",""coordinates"":[]}"
11_00000000000000000002,BA03050040,,,,,,,53.06,53,1748.5165523,TASWIL5000020230907KABKOTA,Flores Timur,,0.143538260694,4.68012528849,4326,4,,,Flores Timur,Nusa Tenggara Timur,,0,,,2014-12,0.06208144337479597,12,0.06208144337479597,VIIRS DNB,nW/cm2/sr,2014,"{""type"":""MultiPoint"",""coordinates"":[]}"
11_00000000000000000004,BA03050040,,,,,,,53.01,53,5136.51008742,TASWIL5000020230907KABKOTA,Kupang,,0.423459507198,6.26740520892,4326,4,,,Kupang,Nusa Tenggara Timur,,0,,,2014-12,0.11564644527935972,12,0.11564644527935972,VIIRS DNB,nW/cm2/sr,2014,"{""type"":""MultiPoint"",""coordinates"":[]}"
11_00000000000000000007,BA03050040,,,,,,,53.10,53,1343.83414797,TASWIL5000020230907KABKOTA,Manggarai,,0.11037433796,2.62044875269,4326,4,,,Manggarai,Nusa Tenggara Timur,,0,,,2014-12,0.16097862362680004,12,0.16097862362680004,VIIRS DNB,nW/cm2/sr,2014,"{""type"":""MultiPoint"",""coordinates"":[]}"
11_0000000000000000000b,BA03050040,,,,,,,53.09,53,1735.63521769,TASWIL5000020230907KABKOTA,Ngada,,0.142589549676,2.86650785507,4326,4,,,Ngada,Nusa Tenggara Timur,,0,,,2014-12,0.09029322061690934,12,0.09029322061690934,VIIRS DNB,nW/cm2/sr,2014,"{""type"":""MultiPoint"",""coordinates"":[]}"
11_0000000000000000000e,BA03050040,,,,,,,53.07,53,1671.64902391,TASWIL5000020230907KABKOTA,Sikka,,0.137312979206,3.89925449996,4326,4,,,Sikka,Nusa Tenggara Timur,,0,,,2014-12,0.09760664776418845,12,0.09760664776418845,VIIRS DNB,nW/cm2/sr,2014,"{""type"":""MultiPoint"",""coordinates"":[]}"
11_0000000000000000000f,BA03050040,,,,,,,53.12,53,757.407641007,TASWIL5000020230907KABKOTA,Sumba Barat,,0.0623907023605,2.04212111278,4326,4,,,Sumba Barat,Nusa Tenggara Timur,,0,,,2014-12,0.12352875389391815,12,0.12352875389391815,VIIRS DNB,nW/cm2/sr,2014,"{""type"":""MultiPoint"",""coordinates"":[]}"
11_00000000000000000011,BA03050040,,,,,,,53.11,53,6984.01403441,TASWIL5000020230907KABKOTA,Sumba Timur,,0.575702142252,4.80415749282,4326,4,,,Sumba Timur,Nusa Tenggara Timur,,0,,,2014-12,0.13293713935605142,12,0.13293713935605142,VIIRS DNB,nW/cm2/sr,2014,"{""type"":""MultiPoint"",""coordinates"":[]}"
11_00000000000000000012,BA03050040,,,,,,,53.02,53,3933.15111495,TASWIL5000020230907KABKOTA,Timor Tengah Selatan,,0.324167140101,3.32375028444,4326,4,,,Timor Tengah Selatan,Nusa Tenggara Timur,,0,,,2014-12,0.07768681509961976,12,0.07768681509961976,VIIRS DNB,nW/cm2/sr,2014,"{""type"":""MultiPoint"",""coordinates"":[]}"
11_00000000000000000013,BA03050040,,,,,,,53.03,53,2623.19983128,TASWIL5000020230907KABKOTA,Timor Tengah Utara,,0.215921651765,3.4787254107,4326,4,,,Timor Tengah Utara,Nusa Tenggara Timur,,0,,,2014-12,0.08723206740155727,12,0.08723206740155727,VIIRS DNB,nW/cm2/sr,2014,"{""type"":""MultiPoint"",""coordinates"":[]}"
11_00000000000000000015,BA03050040,,,,,,,53.08,53,2085.24387061,TASWIL5000020230907KABKOTA,Ende,,0.171316232886,2.99297540949,4326,4,,,Ende,Nusa Tenggara Timur,,0,,,2014-12,0.10988928443723511,12,0.10988928443723511,VIIRS DNB,nW/cm2/sr,2014,"{""type"":""MultiPoint"",""coordinates"":[]}"
11_00000000000000000006,BA03050040,,,,,,,53.21,53,1109.16204574,TASWIL5000020230907KABKOTA,Malaka,,0.0913351434015,2.23370514726,4326,4,,,Malaka,Nusa Tenggara Timur,,0,Belu,,2014-12,0.09577956450140752,12,0.09577956450140752,VIIRS DNB,nW/cm2/sr,2014,"{""type"":""MultiPoint"",""coordinates"":[]}"
11_00000000000000000005,BA03050040,,,,,,,53.13,53,1268.10489804,TASWIL5000020230907KABKOTA,Lembata,,0.10410466891,3.45188597769,4326,4,,,Lembata,Nusa Tenggara Timur,,0,Flores Timur,,2014-12,0.06707503894587816,12,0.06707503894587816,VIIRS DNB,nW/cm2/sr,2014,"{""type"":""MultiPoint"",""coordinates"":[]}"
11_00000000000000000003,BA03050040,,,,,,,53.71,53,159.334041006,TASWIL5000020230907KABKOTA,Kota Kupang,,0.0131469663875,0.949087585397,4326,5,,,Kota Kupang,Nusa Tenggara Timur,,0,Kupang,,2014-12,2.448610785688772,12,2.448610785688772,VIIRS DNB,nW/cm2/sr,2014,"{""type"":""MultiPoint"",""coordinates"":[]}"
11_0000000000000000000c,BA03050040,,,,,,,53.14,53,1286.45281117,TASWIL5000020230907KABKOTA,Rote Ndao,,0.106321906477,4.76909476004,4326,4,,,Rote Ndao,Nusa Tenggara Timur,,0,Kupang,,2014-12,0.12376599972512477,12,0.12376599972512477,VIIRS DNB,nW/cm2/sr,2014,"{""type"":""MultiPoint"",""coordinates"":[]}"
11_0000000000000000000d,BA03050040,,,,,,,53.20,53,460.956594118,TASWIL5000020230907KABKOTA,Sabu Raijua,,0.0380736571077,1.23438979443,4326,4,,,Sabu Raijua,Nusa Tenggara Timur,,0,Kupang,,2014-12,0.16566358884629204,12,0.16566358884629204,VIIRS DNB,nW/cm2/sr,2014,"{""type"":""MultiPoint"",""coordinates"":[]}"
11_00000000000000000008,BA03050040,,,,,,,53.15,53,3128.99733567,TASWIL5000020230907KABKOTA,Manggarai Barat,,0.257018604578,10.7211601624,4326,4,,,Manggarai Barat,Nusa Tenggara Timur,,0,Manggarai,,2014-12,0.11910231697877226,12,0.11910231697877226,VIIRS DNB,nW/cm2/sr,2014,"{""type"":""MultiPoint"",""coordinates"":[]}"
11_00000000000000000009,BA03050040,,,,,,,53.19,53,2389.52959786,TASWIL5000020230907KABKOTA,Manggarai Timur,,0.196263276889,2.60910655519,4326,4,,,Manggarai Timur,Nusa Tenggara Timur,,0,Manggarai,,2014-12,0.09214868016721049,12,0.09214868016721049,VIIRS DNB,nW/cm2/sr,2014,"{""type"":""MultiPoint"",""coordinates"":[]}"
11_0000000000000000000a,BA03050040,,,,,,,53.16,53,1396.16423098,TASWIL5000020230907KABKOTA,Nagekeo,,0.114707914625,2.15252417923,4326,4,,,Nagekeo,Nusa Tenggara Timur,,0,Ngada,,2014-12,0.09058304600615819,12,0.09058304600615819,VIIRS DNB,nW/cm2/sr,2014,"{""type"":""MultiPoint"",""coordinates"":[]}"
11_00000000000000000010,BA03050040,,,,,,,53.17,53,1789.65872064,TASWIL5000020230907KABKOTA,Sumba Tengah,,0.147379835649,2.42469258111,4326,4,,,Sumba Tengah,Nusa Tenggara Timur,,0,Sumba Barat,,2014-12,0.11579607075833545,12,0.11579607075833545,VIIRS DNB,nW/cm2/sr,2014,"{""type"":""MultiPoint"",""coordinates"":[]}"
11_00000000000000000014,BA03050040,,,,,,,53.18,53,1383.31224571,TASWIL5000020230907KABKOTA,Sumba Barat Daya,,0.113913848979,1.59805558471,4326,4,,,Sumba Barat Daya,Nusa Tenggara Timur,,0,Sumba Barat,,2014-12,0.1334194573413285,12,0.1334194573413285,VIIRS DNB,nW/cm2/sr,2014,"{""type"":""MultiPoint"",""coordinates"":[]}"
12_00000000000000000000,BA03050040,,,,,,,53.05,53,2928.55881854,TASWIL5000020230907KABKOTA,Alor,,0.24037265184,5.67288749982,4326,4,,,Alor,Nusa Tenggara Timur,,0,,,2015-01,0.17546355803431357,1,0.17546355803431357,VIIRS DNB,nW/cm2/sr,2015,"{""type"":""MultiPoint"",""coordinates"":[]}"
12_00000000000000000001,BA03050040,,,,,,,53.04,53,1127.25008655,TASWIL5000020230907KABKOTA,Belu,,0.0927289736817,2.29261763369,4326,4,,,Belu,Nusa Tenggara Timur,,0,,,2015-01,0.18183943167252378,1,0.18183943167252378,VIIRS DNB,nW/cm2/sr,2015,"{""type"":""MultiPoint"",""coordinates"":[]}"
12_00000000000000000002,BA03050040,,,,,,,53.06,53,1748.5165523,TASWIL5000020230907KABKOTA,Flores Timur,,0.143538260694,4.68012528849,4326,4,,,Flores Timur,Nusa Tenggara Timur,,0,,,2015-01,0.12893693665972816,1,0.12893693665972816,VIIRS DNB,nW/cm2/sr,2015,"{""type"":""MultiPoint"",""coordinates"":[]}"
12_00000000000000000004,BA03050040,,,,,,,53.01,53,5136.51008742,TASWIL5000020230907KABKOTA,Kupang,,0.423459507198,6.26740520892,4326,4,,,Kupang,Nusa Tenggara Timur,,0,,,2015-01,0.17440310805101636,1,0.17440310805101636,VIIRS DNB,nW/cm2/sr,2015,"{""type"":""MultiPoint"",""coordinates"":[]}"
12_00000000000000000007,BA03050040,,,,,,,53.10,53,1343.83414797,TASWIL5000020230907KABKOTA,Manggarai,,0.11037433796,2.62044875269,4326,4,,,Manggarai,Nusa Tenggara Timur,,0,,,2015-01,0.18464544282455317,1,0.18464544282455317,VIIRS DNB,nW/cm2/sr,2015,"{""type"":""MultiPoint"",""coordinates"":[]}"
12_0000000000000000000b,BA03050040,,,,,,,53.09,53,1735.63521769,TASWIL5000020230907KABKOTA,Ngada,,0.142589549676,2.86650785507,4326,4,,,Ngada,Nusa Tenggara Timur,,0,,,2015-01,0.13679947945443777,1,0.13679947945443777,VIIRS DNB,nW/cm2/sr,2015,"{""type"":""MultiPoint"",""coordinates"":[]}"
12_0000000000000000000e,BA03050040,,,,,,,53.07,53,1671.64902391,TASWIL5000020230907KABKOTA,Sikka,,0.137312979206,3.89925449996,4326,4,,,Sikka,Nusa Tenggara Timur,,0,,,2015-01,0.15442023553183074,1,0.15442023553183074,VIIRS DNB,nW/cm2/sr,2015,"{""type"":""MultiPoint"",""coordinates"":[]}"
12_0000000000000000000f,BA03050040,,,,,,,53.12,53,757.407641007,TASWIL5000020230907KABKOTA,Sumba Barat,,0.0623907023605,2.04212111278,4326,4,,,Sumba Barat,Nusa Tenggara Timur,,0,,,2015-01,0.19459509227463923,1,0.19459509227463923,VIIRS DNB,nW/cm2/sr,2015,"{""type"":""MultiPoint"",""coordinates"":[]}"
12_00000000000000000011,BA03050040,,,,,,,53.11,53,6984.01403441,TASWIL5000020230907KABKOTA,Sumba Timur,,0.575702142252,4.80415749282,4326,4,,,Sumba Timur,Nusa Tenggara Timur,,0,,,2015-01,0.20955851457290733,1,0.20955851457290733,VIIRS DNB,nW/cm2/sr,2015,"{""type"":""MultiPoint"",""coordinates"":[]}"
12_00000000000000000012,BA03050040,,,,,,,53.02,53,3933.15111495,TASWIL5000020230907KABKOTA,Timor Tengah Selatan,,0.324167140101,3.32375028444,4326,4,,,Timor Tengah Selatan,Nusa Tenggara Timur,,0,,,2015-01,0.16218252977063072,1,0.16218252977063072,VIIRS DNB,nW/cm2/sr,2015,"{""type"":""MultiPoint"",""coordinates"":[]}"
12_00000000000000000013,BA03050040,,,,,,,53.03,53,2623.19983128,TASWIL5000020230907KABKOTA,Timor Tengah Utara,,0.215921651765,3.4787254107,4326,4,,,Timor Tengah Utara,Nusa Tenggara Timur,,0,,,2015-01,0.14518227340131806,1,0.14518227340131806,VIIRS DNB,nW/cm2/sr,2015,"{""type"":""MultiPoint"",""coordinates"":[]}"
12_00000000000000000015,BA03050040,,,,,,,53.08,53,2085.24387061,TASWIL5000020230907KABKOTA,Ende,,0.171316232886,2.99297540949,4326,4,,,Ende,Nusa Tenggara Timur,,0,,,2015-01,0.1638856754065337,1,0.1638856754065337,VIIRS DNB,nW/cm2/sr,2015,"{""type"":""MultiPoint"",""coordinates"":[]}"
12_00000000000000000006,BA03050040,,,,,,,53.21,53,1109.16204574,TASWIL5000020230907KABKOTA,Malaka,,0.0913351434015,2.23370514726,4326,4,,,Malaka,Nusa Tenggara Timur,,0,Belu,,2015-01,0.15371528970290244,1,0.15371528970290244,VIIRS DNB,nW/cm2/sr,2015,"{""type"":""MultiPoint"",""coordinates"":[]}"
12_00000000000000000005,BA03050040,,,,,,,53.13,53,1268.10489804,TASWIL5000020230907KABKOTA,Lembata,,0.10410466891,3.45188597769,4326,4,,,Lembata,Nusa Tenggara Timur,,0,Flores Timur,,2015-01,0.16579466051644923,1,0.16579466051644923,VIIRS DNB,nW/cm2/sr,2015,"{""type"":""MultiPoint"",""coordinates"":[]}"
12_00000000000000000003,BA03050040,,,,,,,53.71,53,159.334041006,TASWIL5000020230907KABKOTA,Kota Kupang,,0.0131469663875,0.949087585397,4326,5,,,Kota Kupang,Nusa Tenggara Timur,,0,Kupang,,2015-01,2.1934591753422596,1,2.1934591753422596,VIIRS DNB,nW/cm2/sr,2015,"{""type"":""MultiPoint"",""coordinates"":[]}"
12_0000000000000000000c,BA03050040,,,,,,,53.14,53,1286.45281117,TASWIL5000020230907KABKOTA,Rote Ndao,,0.106321906477,4.76909476004,4326,4,,,Rote Ndao,Nusa Tenggara Timur,,0,Kupang,,2015-01,0.14793800513539015,1,0.14793800513539015,VIIRS DNB,nW/cm2/sr,2015,"{""type"":""MultiPoint"",""coordinates"":[]}"
12_0000000000000000000d,BA03050040,,,,,,,53.20,53,460.956594118,TASWIL5000020230907KABKOTA,Sabu Raijua,,0.0380736571077,1.23438979443,4326,4,,,Sabu Raijua,Nusa Tenggara Timur,,0,Kupang,,2015-01,0.1672562468043201,1,0.1672562468043201,VIIRS DNB,nW/cm2/sr,2015,"{""type"":""MultiPoint"",""coordinates"":[]}"
12_00000000000000000008,BA03050040,,,,,,,53.15,53,3128.99733567,TASWIL5000020230907KABKOTA,Manggarai Barat,,0.257018604578,10.7211601624,4326,4,,,Manggarai Barat,Nusa Tenggara Timur,,0,Manggarai,,2015-01,0.15214446785460317,1,0.15214446785460317,VIIRS DNB,nW/cm2/sr,2015,"{""type"":""MultiPoint"",""coordinates"":[]}"
12_00000000000000000009,BA03050040,,,,,,,53.19,53,2389.52959786,TASWIL5000020230907KABKOTA,Manggarai Timur,,0.196263276889,2.60910655519,4326,4,,,Manggarai Timur,Nusa Tenggara Timur,,0,Manggarai,,2015-01,0.11997458265806353,1,0.11997458265806353,VIIRS DNB,nW/cm2/sr,2015,"{""type"":""MultiPoint"",""coordinates"":[]}"
12_0000000000000000000a,BA03050040,,,,,,,53.16,53,1396.16423098,TASWIL5000020230907KABKOTA,Nagekeo,,0.114707914625,2.15252417923,4326,4,,,Nagekeo,Nusa Tenggara Timur,,0,Ngada,,2015-01,0.1467393348691196,1,0.1467393348691196,VIIRS DNB,nW/cm2/sr,2015,"{""type"":""MultiPoint"",""coordinates"":[]}"
12_00000000000000000010,BA03050040,,,,,,,53.17,53,1789.65872064,TASWIL5000020230907KABKOTA,Sumba Tengah,,0.147379835649,2.42469258111,4326,4,,,Sumba Tengah,Nusa Tenggara Timur,,0,Sumba Barat,,2015-01,0.16600290695307102,1,0.16600290695307102,VIIRS DNB,nW/cm2/sr,2015,"{""type"":""MultiPoint"",""coordinates"":[]}"
12_00000000000000000014,BA03050040,,,,,,,53.18,53,1383.31224571,TASWIL5000020230907KABKOTA,Sumba Barat Daya,,0.113913848979,1.59805558471,4326,4,,,Sumba Barat Daya,Nusa Tenggara Timur,,0,Sumba Barat,,2015-01,0.1759555480824263,1,0.1759555480824263,VIIRS DNB,nW/cm2/sr,2015,"{""type"":""MultiPoint"",""coordinates"":[]}"
13_00000000000000000000,BA03050040,,,,,,,53.05,53,2928.55881854,TASWIL5000020230907KABKOTA,Alor,,0.24037265184,5.67288749982,4326,4,,,Alor,Nusa Tenggara Timur,,0,,,2015-02,0.14754720339691374,2,0.14754720339691374,VIIRS DNB,nW/cm2/sr,2015,"{""type"":""MultiPoint"",""coordinates"":[]}"
13_00000000000000000001,BA03050040,,,,,,,53.04,53,1127.25008655,TASWIL5000020230907KABKOTA,Belu,,0.0927289736817,2.29261763369,4326,4,,,Belu,Nusa Tenggara Timur,,0,,,2015-02,0.2423596502209639,2,0.2423596502209639,VIIRS DNB,nW/cm2/sr,2015,"{""type"":""MultiPoint"",""coordinates"":[]}"
13_00000000000000000002,BA03050040,,,,,,,53.06,53,1748.5165523,TASWIL5000020230907KABKOTA,Flores Timur,,0.143538260694,4.68012528849,4326,4,,,Flores Timur,Nusa Tenggara Timur,,0,,,2015-02,0.21764682039088062,2,0.21764682039088062,VIIRS DNB,nW/cm2/sr,2015,"{""type"":""MultiPoint"",""coordinates"":[]}"
13_00000000000000000004,BA03050040,,,,,,,53.01,53,5136.51008742,TASWIL5000020230907KABKOTA,Kupang,,0.423459507198,6.26740520892,4326,4,,,Kupang,Nusa Tenggara Timur,,0,,,2015-02,0.20747686358900658,2,0.20747686358900658,VIIRS DNB,nW/cm2/sr,2015,"{""type"":""MultiPoint"",""coordinates"":[]}"
13_00000000000000000007,BA03050040,,,,,,,53.10,53,1343.83414797,TASWIL5000020230907KABKOTA,Manggarai,,0.11037433796,2.62044875269,4326,4,,,Manggarai,Nusa Tenggara Timur,,0,,,2015-02,0.24092561918577263,2,0.24092561918577263,VIIRS DNB,nW/cm2/sr,2015,"{""type"":""MultiPoint"",""coordinates"":[]}"
13_0000000000000000000b,BA03050040,,,,,,,53.09,53,1735.63521769,TASWIL5000020230907KABKOTA,Ngada,,0.142589549676,2.86650785507,4326,4,,,Ngada,Nusa Tenggara Timur,,0,,,2015-02,0.21972757036610036,2,0.21972757036610036,VIIRS DNB,nW/cm2/sr,2015,"{""type"":""MultiPoint"",""coordinates"":[]}"
13_0000000000000000000e,BA03050040,,,,,,,53.07,53,1671.64902391,TASWIL5000020230907KABKOTA,Sikka,,0.137312979206,3.89925449996,4326,4,,,Sikka,Nusa Tenggara Timur,,0,,,2015-02,0.24402260995213973,2,0.24402260995213973,VIIRS DNB,nW/cm2/sr,2015,"{""type"":""MultiPoint"",""coordinates"":[]}"
13_0000000000000000000f,BA03050040,,,,,,,53.12,53,757.407641007,TASWIL5000020230907KABKOTA,Sumba Barat,,0.0623907023605,2.04212111278,4326,4,,,Sumba Barat,Nusa Tenggara Timur,,0,,,2015-02,0.23731260850261074,2,0.23731260850261074,VIIRS DNB,nW/cm2/sr,2015,"{""type"":""MultiPoint"",""coordinates"":[]}"
13_00000000000000000011,BA03050040,,,,,,,53.11,53,6984.01403441,TASWIL5000020230907KABKOTA,Sumba Timur,,0.575702142252,4.80415749282,4326,4,,,Sumba Timur,Nusa Tenggara Timur,,0,,,2015-02,0.21121344689413482,2,0.21121344689413482,VIIRS DNB,nW/cm2/sr,2015,"{""type"":""MultiPoint"",""coordinates"":[]}"
13_00000000000000000012,BA03050040,,,,,,,53.02,53,3933.15111495,TASWIL5000020230907KABKOTA,Timor Tengah Selatan,,0.324167140101,3.32375028444,4326,4,,,Timor Tengah Selatan,Nusa Tenggara Timur,,0,,,2015-02,0.20067683377346388,2,0.20067683377346388,VIIRS DNB,nW/cm2/sr,2015,"{""type"":""MultiPoint"",""coordinates"":[]}"
13_00000000000000000013,BA03050040,,,,,,,53.03,53,2623.19983128,TASWIL5000020230907KABKOTA,Timor Tengah Utara,,0.215921651765,3.4787254107,4326,4,,,Timor Tengah Utara,Nusa Tenggara Timur,,0,,,2015-02,0.22379604146059537,2,0.22379604146059537,VIIRS DNB,nW/cm2/sr,2015,"{""type"":""MultiPoint"",""coordinates"":[]}"
13_00000000000000000015,BA03050040,,,,,,,53.08,53,2085.24387061,TASWIL5000020230907KABKOTA,Ende,,0.171316232886,2.99297540949,4326,4,,,Ende,Nusa Tenggara Timur,,0,,,2015-02,0.2028424189726914,2,0.2028424189726914,VIIRS DNB,nW/cm2/sr,2015,"{""type"":""MultiPoint"",""coordinates"":[]}"
13_00000000000000000006,BA03050040,,,,,,,53.21,53,1109.16204574,TASWIL5000020230907KABKOTA,Malaka,,0.0913351434015,2.23370514726,4326,4,,,Malaka,Nusa Tenggara Timur,,0,Belu,,2015-02,0.1985052118879242,2,0.1985052118879242,VIIRS DNB,nW/cm2/sr,2015,"{""type"":""MultiPoint"",""coordinates"":[]}"
13_00000000000000000005,BA03050040,,,,,,,53.13,53,1268.10489804,TASWIL5000020230907KABKOTA,Lembata,,0.10410466891,3.45188597769,4326,4,,,Lembata,Nusa Tenggara Timur,,0,Flores Timur,,2015-02,0.20394542289643622,2,0.20394542289643622,VIIRS DNB,nW/cm2/sr,2015,"{""type"":""MultiPoint"",""coordinates"":[]}"
13_00000000000000000003,BA03050040,,,,,,,53.71,53,159.334041006,TASWIL5000020230907KABKOTA,Kota Kupang,,0.0131469663875,0.949087585397,4326,5,,,Kota Kupang,Nusa Tenggara Timur,,0,Kupang,,2015-02,2.115621433940703,2,2.115621433940703,VIIRS DNB,nW/cm2/sr,2015,"{""type"":""MultiPoint"",""coordinates"":[]}"
13_0000000000000000000c,BA03050040,,,,,,,53.14,53,1286.45281117,TASWIL5000020230907KABKOTA,Rote Ndao,,0.106321906477,4.76909476004,4326,4,,,Rote Ndao,Nusa Tenggara Timur,,0,Kupang,,2015-02,0.22534398830468708,2,0.22534398830468708,VIIRS DNB,nW/cm2/sr,2015,"{""type"":""MultiPoint"",""coordinates"":[]}"
13_0000000000000000000d,BA03050040,,,,,,,53.20,53,460.956594118,TASWIL5000020230907KABKOTA,Sabu Raijua,,0.0380736571077,1.23438979443,4326,4,,,Sabu Raijua,Nusa Tenggara Timur,,0,Kupang,,2015-02,0.21953959381859836,2,0.21953959381859836,VIIRS DNB,nW/cm2/sr,2015,"{""type"":""MultiPoint"",""coordinates"":[]}"
13_00000000000000000008,BA03050040,,,,,,,53.15,53,3128.99733567,TASWIL5000020230907KABKOTA,Manggarai Barat,,0.257018604578,10.7211601624,4326,4,,,Manggarai Barat,Nusa Tenggara Timur,,0,Manggarai,,2015-02,0.18736112308057182,2,0.18736112308057182,VIIRS DNB,nW/cm2/sr,2015,"{""type"":""MultiPoint"",""coordinates"":[]}"
13_00000000000000000009,BA03050040,,,,,,,53.19,53,2389.52959786,TASWIL5000020230907KABKOTA,Manggarai Timur,,0.196263276889,2.60910655519,4326,4,,,Manggarai Timur,Nusa Tenggara Timur,,0,Manggarai,,2015-02,0.1975226135497751,2,0.1975226135497751,VIIRS DNB,nW/cm2/sr,2015,"{""type"":""MultiPoint"",""coordinates"":[]}"
13_0000000000000000000a,BA03050040,,,,,,,53.16,53,1396.16423098,TASWIL5000020230907KABKOTA,Nagekeo,,0.114707914625,2.15252417923,4326,4,,,Nagekeo,Nusa Tenggara Timur,,0,Ngada,,2015-02,0.19966174117171934,2,0.19966174117171934,VIIRS DNB,nW/cm2/sr,2015,"{""type"":""MultiPoint"",""coordinates"":[]}"
13_00000000000000000010,BA03050040,,,,,,,53.17,53,1789.65872064,TASWIL5000020230907KABKOTA,Sumba Tengah,,0.147379835649,2.42469258111,4326,4,,,Sumba Tengah,Nusa Tenggara Timur,,0,Sumba Barat,,2015-02,0.20187936540900378,2,0.20187936540900378,VIIRS DNB,nW/cm2/sr,2015,"{""type"":""MultiPoint"",""coordinates"":[]}"
13_00000000000000000014,BA03050040,,,,,,,53.18,53,1383.31224571,TASWIL5000020230907KABKOTA,Sumba Barat Daya,,0.113913848979,1.59805558471,4326,4,,,Sumba Barat Daya,Nusa Tenggara Timur,,0,Sumba Barat,,2015-02,0.21786833209706888,2,0.21786833209706888,VIIRS DNB,nW/cm2/sr,2015,"{""type"":""MultiPoint"",""coordinates"":[]}"
14_00000000000000000000,BA03050040,,,,,,,53.05,53,2928.55881854,TASWIL5000020230907KABKOTA,Alor,,0.24037265184,5.67288749982,4326,4,,,Alor,Nusa Tenggara Timur,,0,,,2015-03,0.14571023778295547,3,0.14571023778295547,VIIRS DNB,nW/cm2/sr,2015,"{""type"":""MultiPoint"",""coordinates"":[]}"
14_00000000000000000001,BA03050040,,,,,,,53.04,53,1127.25008655,TASWIL5000020230907KABKOTA,Belu,,0.0927289736817,2.29261763369,4326,4,,,Belu,Nusa Tenggara Timur,,0,,,2015-03,0.2062468380881193,3,0.2062468380881193,VIIRS DNB,nW/cm2/sr,2015,"{""type"":""MultiPoint"",""coordinates"":[]}"
14_00000000000000000002,BA03050040,,,,,,,53.06,53,1748.5165523,TASWIL5000020230907KABKOTA,Flores Timur,,0.143538260694,4.68012528849,4326,4,,,Flores Timur,Nusa Tenggara Timur,,0,,,2015-03,0.17286265801509768,3,0.17286265801509768,VIIRS DNB,nW/cm2/sr,2015,"{""type"":""MultiPoint"",""coordinates"":[]}"
14_00000000000000000004,BA03050040,,,,,,,53.01,53,5136.51008742,TASWIL5000020230907KABKOTA,Kupang,,0.423459507198,6.26740520892,4326,4,,,Kupang,Nusa Tenggara Timur,,0,,,2015-03,0.16563661284610198,3,0.16563661284610198,VIIRS DNB,nW/cm2/sr,2015,"{""type"":""MultiPoint"",""coordinates"":[]}"
14_00000000000000000007,BA03050040,,,,,,,53.10,53,1343.83414797,TASWIL5000020230907KABKOTA,Manggarai,,0.11037433796,2.62044875269,4326,4,,,Manggarai,Nusa Tenggara Timur,,0,,,2015-03,0.16270009787394374,3,0.16270009787394374,VIIRS DNB,nW/cm2/sr,2015,"{""type"":""MultiPoint"",""coordinates"":[]}"
14_0000000000000000000b,BA03050040,,,,,,,53.09,53,1735.63521769,TASWIL5000020230907KABKOTA,Ngada,,0.142589549676,2.86650785507,4326,4,,,Ngada,Nusa Tenggara Timur,,0,,,2015-03,0.14687209199730042,3,0.14687209199730042,VIIRS DNB,nW/cm2/sr,2015,"{""type"":""MultiPoint"",""coordinates"":[]}"
14_0000000000000000000e,BA03050040,,,,,,,53.07,53,1671.64902391,TASWIL5000020230907KABKOTA,Sikka,,0.137312979206,3.89925449996,4326,4,,,Sikka,Nusa Tenggara Timur,,0,,,2015-03,0.18549583808554776,3,0.18549583808554776,VIIRS DNB,nW/cm2/sr,2015,"{""type"":""MultiPoint"",""coordinates"":[]}"
14_0000000000000000000f,BA03050040,,,,,,,53.12,53,757.407641007,TASWIL5000020230907KABKOTA,Sumba Barat,,0.0623907023605,2.04212111278,4326,4,,,Sumba Barat,Nusa Tenggara Timur,,0,,,2015-03,0.1261585909150831,3,0.1261585909150831,VIIRS DNB,nW/cm2/sr,2015,"{""type"":""MultiPoint"",""coordinates"":[]}"
14_00000000000000000011,BA03050040,,,,,,,53.11,53,6984.01403441,TASWIL5000020230907KABKOTA,Sumba Timur,,0.575702142252,4.80415749282,4326,4,,,Sumba Timur,Nusa Tenggara Timur,,0,,,2015-03,0.1071007572822275,3,0.1071007572822275,VIIRS DNB,nW/cm2/sr,2015,"{""type"":""MultiPoint"",""coordinates"":[]}"
14_00000000000000000012,BA03050040,,,,,,,53.02,53,3933.15111495,TASWIL5000020230907KABKOTA,Timor Tengah Selatan,,0.324167140101,3.32375028444,4326,4,,,Timor Tengah Selatan,Nusa Tenggara Timur,,0,,,2015-03,0.17061834107056537,3,0.17061834107056537,VIIRS DNB,nW/cm2/sr,2015,"{""type"":""MultiPoint"",""coordinates"":[]}"
14_00000000000000000013,BA03050040,,,,,,,53.03,53,2623.19983128,TASWIL5000020230907KABKOTA,Timor Tengah Utara,,0.215921651765,3.4787254107,4326,4,,,Timor Tengah Utara,Nusa Tenggara Timur,,0,,,2015-03,0.16656024045730763,3,0.16656024045730763,VIIRS DNB,nW/cm2/sr,2015,"{""type"":""MultiPoint"",""coordinates"":[]}"
14_00000000000000000015,BA03050040,,,,,,,53.08,53,2085.24387061,TASWIL5000020230907KABKOTA,Ende,,0.171316232886,2.99297540949,4326,4,,,Ende,Nusa Tenggara Timur,,0,,,2015-03,0.1735954967924737,3,0.1735954967924737,VIIRS DNB,nW/cm2/sr,2015,"{""type"":""MultiPoint"",""coordinates"":[]}"
14_00000000000000000006,BA03050040,,,,,,,53.21,53,1109.16204574,TASWIL5000020230907KABKOTA,Malaka,,0.0913351434015,2.23370514726,4326,4,,,Malaka,Nusa Tenggara Timur,,0,Belu,,2015-03,0.18948205742249058,3,0.18948205742249058,VIIRS DNB,nW/cm2/sr,2015,"{""type"":""MultiPoint"",""coordinates"":[]}"
14_00000000000000000005,BA03050040,,,,,,,53.13,53,1268.10489804,TASWIL5000020230907KABKOTA,Lembata,,0.10410466891,3.45188597769,4326,4,,,Lembata,Nusa Tenggara Timur,,0,Flores Timur,,2015-03,0.16135329821171257,3,0.16135329821171257,VIIRS DNB,nW/cm2/sr,2015,"{""type"":""MultiPoint"",""coordinates"":[]}"
14_00000000000000000003,BA03050040,,,,,,,53.71,53,159.334041006,TASWIL5000020230907KABKOTA,Kota Kupang,,0.0131469663875,0.949087585397,4326,5,,,Kota Kupang,Nusa Tenggara Timur,,0,Kupang,,2015-03,2.225916202730972,3,2.225916202730972,VIIRS DNB,nW/cm2/sr,2015,"{""type"":""MultiPoint"",""coordinates"":[]}"
14_0000000000000000000c,BA03050040,,,,,,,53.14,53,1286.45281117,TASWIL5000020230907KABKOTA,Rote Ndao,,0.106321906477,4.76909476004,4326,4,,,Rote Ndao,Nusa Tenggara Timur,,0,Kupang,,2015-03,0.14910586431796033,3,0.14910586431796033,VIIRS DNB,nW/cm2/sr,2015,"{""type"":""MultiPoint"",""coordinates"":[]}"
14_0000000000000000000d,BA03050040,,,,,,,53.20,53,460.956594118,TASWIL5000020230907KABKOTA,Sabu Raijua,,0.0380736571077,1.23438979443,4326,4,,,Sabu Raijua,Nusa Tenggara Timur,,0,Kupang,,2015-03,0.16704458123910243,3,0.16704458123910243,VIIRS DNB,nW/cm2/sr,2015,"{""type"":""MultiPoint"",""coordinates"":[]}"
14_00000000000000000008,BA03050040,,,,,,,53.15,53,3128.99733567,TASWIL5000020230907KABKOTA,Manggarai Barat,,0.257018604578,10.7211601624,4326,4,,,Manggarai Barat,Nusa Tenggara Timur,,0,Manggarai,,2015-03,0.13336740703141672,3,0.13336740703141672,VIIRS DNB,nW/cm2/sr,2015,"{""type"":""MultiPoint"",""coordinates"":[]}"
14_00000000000000000009,BA03050040,,,,,,,53.19,53,2389.52959786,TASWIL5000020230907KABKOTA,Manggarai Timur,,0.196263276889,2.60910655519,4326,4,,,Manggarai Timur,Nusa Tenggara Timur,,0,Manggarai,,2015-03,0.11712784468377001,3,0.11712784468377001,VIIRS DNB,nW/cm2/sr,2015,"{""type"":""MultiPoint"",""coordinates"":[]}"
14_0000000000000000000a,BA03050040,,,,,,,53.16,53,1396.16423098,TASWIL5000020230907KABKOTA,Nagekeo,,0.114707914625,2.15252417923,4326,4,,,Nagekeo,Nusa Tenggara Timur,,0,Ngada,,2015-03,0.15177545611261484,3,0.15177545611261484,VIIRS DNB,nW/cm2/sr,2015,"{""type"":""MultiPoint"",""coordinates"":[]}"
14_00000000000000000010,BA03050040,,,,,,,53.17,53,1789.65872064,TASWIL5000020230907KABKOTA,Sumba Tengah,,0.147379835649,2.42469258111,4326,4,,,Sumba Tengah,Nusa Tenggara Timur,,0,Sumba Barat,,2015-03,0.0827779848769114,3,0.0827779848769114,VIIRS DNB,nW/cm2/sr,2015,"{""type"":""MultiPoint"",""coordinates"":[]}"
14_00000000000000000014,BA03050040,,,,,,,53.18,53,1383.31224571,TASWIL5000020230907KABKOTA,Sumba Barat Daya,,0.113913848979,1.59805558471,4326,4,,,Sumba Barat Daya,Nusa Tenggara Timur,,0,Sumba Barat,,2015-03,0.13379210909792816,3,0.13379210909792816,VIIRS DNB,nW/cm2/sr,2015,"{""type"":""MultiPoint"",""coordinates"":[]}"
15_00000000000000000000,BA03050040,,,,,,,53.05,53,2928.55881854,TASWIL5000020230907KABKOTA,Alor,,0.24037265184,5.67288749982,4326,4,,,Alor,Nusa Tenggara Timur,,0,,,2015-04,0.02398856158286013,4,0.02398856158286013,VIIRS DNB,nW/cm2/sr,2015,"{""type"":""MultiPoint"",""coordinates"":[]}"
15_00000000000000000001,BA03050040,,,,,,,53.04,53,1127.25008655,TASWIL5000020230907KABKOTA,Belu,,0.0927289736817,2.29261763369,4326,4,,,Belu,Nusa Tenggara Timur,,0,,,2015-04,0.06497489043433441,4,0.06497489043433441,VIIRS DNB,nW/cm2/sr,2015,"{""type"":""MultiPoint"",""coordinates"":[]}"
15_00000000000000000002,BA03050040,,,,,,,53.06,53,1748.5165523,TASWIL5000020230907KABKOTA,Flores Timur,,0.143538260694,4.68012528849,4326,4,,,Flores Timur,Nusa Tenggara Timur,,0,,,2015-04,0.01841788898336408,4,0.01841788898336408,VIIRS DNB,nW/cm2/sr,2015,"{""type"":""MultiPoint"",""coordinates"":[]}"
15_00000000000000000004,BA03050040,,,,,,,53.01,53,5136.51008742,TASWIL5000020230907KABKOTA,Kupang,,0.423459507198,6.26740520892,4326,4,,,Kupang,Nusa Tenggara Timur,,0,,,2015-04,0.03809446737215027,4,0.03809446737215027,VIIRS DNB,nW/cm2/sr,2015,"{""type"":""MultiPoint"",""coordinates"":[]}"
15_00000000000000000007,BA03050040,,,,,,,53.10,53,1343.83414797,TASWIL5000020230907KABKOTA,Manggarai,,0.11037433796,2.62044875269,4326,4,,,Manggarai,Nusa Tenggara Timur,,0,,,2015-04,0.026900699806574856,4,0.026900699806574856,VIIRS DNB,nW/cm2/sr,2015,"{""type"":""MultiPoint"",""coordinates"":[]}"
15_0000000000000000000b,BA03050040,,,,,,,53.09,53,1735.63521769,TASWIL5000020230907KABKOTA,Ngada,,0.142589549676,2.86650785507,4326,4,,,Ngada,Nusa Tenggara Timur,,0,,,2015-04,0.004118157564795822,4,0.004118157564795822,VIIRS DNB,nW/cm2/sr,2015,"{""type"":""MultiPoint"",""coordinates"":[]}"
15_0000000000000000000e,BA03050040,,,,,,,53.07,53,1671.64902391,TASWIL5000020230907KABKOTA,Sikka,,0.137312979206,3.89925449996,4326,4,,,Sikka,Nusa Tenggara Timur,,0,,,2015-04,0.03891437834277997,4,0.03891437834277997,VIIRS DNB,nW/cm2/sr,2015,"{""type"":""MultiPoint"",""coordinates"":[]}"
15_0000000000000000000f,BA03050040,,,,,,,53.12,53,757.407641007,TASWIL5000020230907KABKOTA,Sumba Barat,,0.0623907023605,2.04212111278,4326,4,,,Sumba Barat,Nusa Tenggara Timur,,0,,,2015-04,-0.067945893642332,4,-0.067945893642332,VIIRS DNB,nW/cm2/sr,2015,"{""type"":""MultiPoint"",""coordinates"":[]}"
15_00000000000000000011,BA03050040,,,,,,,53.11,53,6984.01403441,TASWIL5000020230907KABKOTA,Sumba Timur,,0.575702142252,4.80415749282,4326,4,,,Sumba Timur,Nusa Tenggara Timur,,0,,,2015-04,-0.014301401428984293,4,-0.014301401428984293,VIIRS DNB,nW/cm2/sr,2015,"{""type"":""MultiPoint"",""coordinates"":[]}"
15_00000000000000000012,BA03050040,,,,,,,53.02,53,3933.15111495,TASWIL5000020230907KABKOTA,Timor Tengah Selatan,,0.324167140101,3.32375028444,4326,4,,,Timor Tengah Selatan,Nusa Tenggara Timur,,0,,,2015-04,-0.007014209978919284,4,-0.007014209978919284,VIIRS DNB,nW/cm2/sr,2015,"{""type"":""MultiPoint"",""coordinates"":[]}"
15_00000000000000000013,BA03050040,,,,,,,53.03,53,2623.19983128,TASWIL5000020230907KABKOTA,Timor Tengah Utara,,0.215921651765,3.4787254107,4326,4,,,Timor Tengah Utara,Nusa Tenggara Timur,,0,,,2015-04,0.01164757598237105,4,0.01164757598237105,VIIRS DNB,nW/cm2/sr,2015,"{""type"":""MultiPoint"",""coordinates"":[]}"
15_00000000000000000015,BA03050040,,,,,,,53.08,53,2085.24387061,TASWIL5000020230907KABKOTA,Ende,,0.171316232886,2.99297540949,4326,4,,,Ende,Nusa Tenggara Timur,,0,,,2015-04,0.05665758462330893,4,0.05665758462330893,VIIRS DNB,nW/cm2/sr,2015,"{""type"":""MultiPoint"",""coordinates"":[]}"
15_00000000000000000006,BA03050040,,,,,,,53.21,53,1109.16204574,TASWIL5000020230907KABKOTA,Malaka,,0.0913351434015,2.23370514726,4326,4,,,Malaka,Nusa Tenggara Timur,,0,Belu,,2015-04,0.03367466087645293,4,0.03367466087645293,VIIRS DNB,nW/cm2/sr,2015,"{""type"":""MultiPoint"",""coordinates"":[]}"
15_00000000000000000005,BA03050040,,,,,,,53.13,53,1268.10489804,TASWIL5000020230907KABKOTA,Lembata,,0.10410466891,3.45188597769,4326,4,,,Lembata,Nusa Tenggara Timur,,0,Flores Timur,,2015-04,0.02611374459250345,4,0.02611374459250345,VIIRS DNB,nW/cm2/sr,2015,"{""type"":""MultiPoint"",""coordinates"":[]}"
15_00000000000000000003,BA03050040,,,,,,,53.71,53,159.334041006,TASWIL5000020230907KABKOTA,Kota Kupang,,0.0131469663875,0.949087585397,4326,5,,,Kota Kupang,Nusa Tenggara Timur,,0,Kupang,,2015-04,2.169083802160096,4,2.169083802160096,VIIRS DNB,nW/cm2/sr,2015,"{""type"":""MultiPoint"",""coordinates"":[]}"
15_0000000000000000000c,BA03050040,,,,,,,53.14,53,1286.45281117,TASWIL5000020230907KABKOTA,Rote Ndao,,0.106321906477,4.76909476004,4326,4,,,Rote Ndao,Nusa Tenggara Timur,,0,Kupang,,2015-04,0.01804016015363492,4,0.01804016015363492,VIIRS DNB,nW/cm2/sr,2015,"{""type"":""MultiPoint"",""coordinates"":[]}"
15_0000000000000000000d,BA03050040,,,,,,,53.20,53,460.956594118,TASWIL5000020230907KABKOTA,Sabu Raijua,,0.0380736571077,1.23438979443,4326,4,,,Sabu Raijua,Nusa Tenggara Timur,,0,Kupang,,2015-04,-0.010398212324289962,4,-0.010398212324289962,VIIRS DNB,nW/cm2/sr,2015,"{""type"":""MultiPoint"",""coordinates"":[]}"
15_00000000000000000008,BA03050040,,,,,,,53.15,53,3128.99733567,TASWIL5000020230907KABKOTA,Manggarai Barat,,0.257018604578,10.7211601624,4326,4,,,Manggarai Barat,Nusa Tenggara Timur,,0,Manggarai,,2015-04,-0.017739607495492107,4,-0.017739607495492107,VIIRS DNB,nW/cm2/sr,2015,"{""type"":""MultiPoint"",""coordinates"":[]}"
15_00000000000000000009,BA03050040,,,,,,,53.19,53,2389.52959786,TASWIL5000020230907KABKOTA,Manggarai Timur,,0.196263276889,2.60910655519,4326,4,,,Manggarai Timur,Nusa Tenggara Timur,,0,Manggarai,,2015-04,-0.021675149080946338,4,-0.021675149080946338,VIIRS DNB,nW/cm2/sr,2015,"{""type"":""MultiPoint"",""coordinates"":[]}"
15_0000000000000000000a,BA03050040,,,,,,,53.16,53,1396.16423098,TASWIL5000020230907KABKOTA,Nagekeo,,0.114707914625,2.15252417923,4326,4,,,Nagekeo,Nusa Tenggara Timur,,0,Ngada,,2015-04,0.021611895127343492,4,0.021611895127343492,VIIRS DNB,nW/cm2/sr,2015,"{""type"":""MultiPoint"",""coordinates"":[]}"
15_00000000000000000010,BA03050040,,,,,,,53.17,53,1789.65872064,TASWIL5000020230907KABKOTA,Sumba Tengah,,0.147379835649,2.42469258111,4326,4,,,Sumba Tengah,Nusa Tenggara Timur,,0,Sumba Barat,,2015-04,-0.046869324141408916,4,-0.046869324141408916,VIIRS DNB,nW/cm2/sr,2015,"{""type"":""MultiPoint"",""coordinates"":[]}"
15_00000000000000000014,BA03050040,,,,,,,53.18,53,1383.31224571,TASWIL5000020230907KABKOTA,Sumba Barat Daya,,0.113913848979,1.59805558471,4326,4,,,Sumba Barat Daya,Nusa Tenggara Timur,,0,Sumba Barat,,2015-04,-0.04061552486482801,4,-0.04061552486482801,VIIRS DNB,nW/cm2/sr,2015,"{""type"":""MultiPoint"",""coordinates"":[]}"
16_00000000000000000000,BA03050040,,,,,,,53.05,53,2928.55881854,TASWIL5000020230907KABKOTA,Alor,,0.24037265184,5.67288749982,4326,4,,,Alor,Nusa Tenggara Timur,,0,,,2015-05,-0.0023833054387496504,5,-0.0023833054387496504,VIIRS DNB,nW/cm2/sr,2015,"{""type"":""MultiPoint"",""coordinates"":[]}"
16_00000000000000000001,BA03050040,,,,,,,53.04,53,1127.25008655,TASWIL5000020230907KABKOTA,Belu,,0.0927289736817,2.29261763369,4326,4,,,Belu,Nusa Tenggara Timur,,0,,,2015-05,0.044207225574381795,5,0.044207225574381795,VIIRS DNB,nW/cm2/sr,2015,"{""type"":""MultiPoint"",""coordinates"":[]}"
16_00000000000000000002,BA03050040,,,,,,,53.06,53,1748.5165523,TASWIL5000020230907KABKOTA,Flores Timur,,0.143538260694,4.68012528849,4326,4,,,Flores Timur,Nusa Tenggara Timur,,0,,,2015-05,0.012745412392425647,5,0.012745412392425647,VIIRS DNB,nW/cm2/sr,2015,"{""type"":""MultiPoint"",""coordinates"":[]}"
16_00000000000000000004,BA03050040,,,,,,,53.01,53,5136.51008742,TASWIL5000020230907KABKOTA,Kupang,,0.423459507198,6.26740520892,4326,4,,,Kupang,Nusa Tenggara Timur,,0,,,2015-05,-0.007340311008562152,5,-0.007340311008562152,VIIRS DNB,nW/cm2/sr,2015,"{""type"":""MultiPoint"",""coordinates"":[]}"
16_00000000000000000007,BA03050040,,,,,,,53.10,53,1343.83414797,TASWIL5000020230907KABKOTA,Manggarai,,0.11037433796,2.62044875269,4326,4,,,Manggarai,Nusa Tenggara Timur,,0,,,2015-05,0.05066372765539684,5,0.05066372765539684,VIIRS DNB,nW/cm2/sr,2015,"{""type"":""MultiPoint"",""coordinates"":[]}"
16_0000000000000000000b,BA03050040,,,,,,,53.09,53,1735.63521769,TASWIL5000020230907KABKOTA,Ngada,,0.142589549676,2.86650785507,4326,4,,,Ngada,Nusa Tenggara Timur,,0,,,2015-05,-0.002409406562297846,5,-0.002409406562297846,VIIRS DNB,nW/cm2/sr,2015,"{""type"":""MultiPoint"",""coordinates"":[]}"
16_0000000000000000000e,BA03050040,,,,,,,53.07,53,1671.64902391,TASWIL5000020230907KABKOTA,Sikka,,0.137312979206,3.89925449996,4326,4,,,Sikka,Nusa Tenggara Timur,,0,,,2015-05,0.039249920318933616,5,0.039249920318933616,VIIRS DNB,nW/cm2/sr,2015,"{""type"":""MultiPoint"",""coordinates"":[]}"
16_0000000000000000000f,BA03050040,,,,,,,53.12,53,757.407641007,TASWIL5000020230907KABKOTA,Sumba Barat,,0.0623907023605,2.04212111278,4326,4,,,Sumba Barat,Nusa Tenggara Timur,,0,,,2015-05,-0.006341532976542432,5,-0.006341532976542432,VIIRS DNB,nW/cm2/sr,2015,"{""type"":""MultiPoint"",""coordinates"":[]}"
16_00000000000000000011,BA03050040,,,,,,,53.11,53,6984.01403441,TASWIL5000020230907KABKOTA,Sumba Timur,,0.575702142252,4.80415749282,4326,4,,,Sumba Timur,Nusa Tenggara Timur,,0,,,2015-05,-0.023055135163434323,5,-0.023055135163434323,VIIRS DNB,nW/cm2/sr,2015,"{""type"":""MultiPoint"",""coordinates"":[]}"
16_00000000000000000012,BA03050040,,,,,,,53.02,53,3933.15111495,TASWIL5000020230907KABKOTA,Timor Tengah Selatan,,0.324167140101,3.32375028444,4326,4,,,Timor Tengah Selatan,Nusa Tenggara Timur,,0,,,2015-05,2.568348350781219E-4,5,2.568348350781219E-4,VIIRS DNB,nW/cm2/sr,2015,"{""type"":""MultiPoint"",""coordinates"":[]}"
16_00000000000000000013,BA03050040,,,,,,,53.03,53,2623.19983128,TASWIL5000020230907KABKOTA,Timor Tengah Utara,,0.215921651765,3.4787254107,4326,4,,,Timor Tengah Utara,Nusa Tenggara Timur,,0,,,2015-05,0.01067814914874464,5,0.01067814914874464,VIIRS DNB,nW/cm2/sr,2015,"{""type"":""MultiPoint"",""coordinates"":[]}"
16_00000000000000000015,BA03050040,,,,,,,53.08,53,2085.24387061,TASWIL5000020230907KABKOTA,Ende,,0.171316232886,2.99297540949,4326,4,,,Ende,Nusa Tenggara Timur,,0,,,2015-05,0.03048592946348876,5,0.03048592946348876,VIIRS DNB,nW/cm2/sr,2015,"{""type"":""MultiPoint"",""coordinates"":[]}"
16_00000000000000000006,BA03050040,,,,,,,53.21,53,1109.16204574,TASWIL5000020230907KABKOTA,Malaka,,0.0913351434015,2.23370514726,4326,4,,,Malaka,Nusa Tenggara Timur,,0,Belu,,2015-05,0.008766093870087992,5,0.008766093870087992,VIIRS DNB,nW/cm2/sr,2015,"{""type"":""MultiPoint"",""coordinates"":[]}"
16_00000000000000000005,BA03050040,,,,,,,53.13,53,1268.10489804,TASWIL5000020230907KABKOTA,Lembata,,0.10410466891,3.45188597769,4326,4,,,Lembata,Nusa Tenggara Timur,,0,Flores Timur,,2015-05,0.02368215211092828,5,0.02368215211092828,VIIRS DNB,nW/cm2/sr,2015,"{""type"":""MultiPoint"",""coordinates"":[]}"
16_00000000000000000003,BA03050040,,,,,,,53.71,53,159.334041006,TASWIL5000020230907KABKOTA,Kota Kupang,,0.0131469663875,0.949087585397,4326,5,,,Kota Kupang,Nusa Tenggara Timur,,0,Kupang,,2015-05,2.1489827495384977,5,2.1489827495384977,VIIRS DNB,nW/cm2/sr,2015,"{""type"":""MultiPoint"",""coordinates"":[]}"
16_0000000000000000000c,BA03050040,,,,,,,53.14,53,1286.45281117,TASWIL5000020230907KABKOTA,Rote Ndao,,0.106321906477,4.76909476004,4326,4,,,Rote Ndao,Nusa Tenggara Timur,,0,Kupang,,2015-05,-0.020421929122109068,5,-0.020421929122109068,VIIRS DNB,nW/cm2/sr,2015,"{""type"":""MultiPoint"",""coordinates"":[]}"
16_0000000000000000000d,BA03050040,,,,,,,53.20,53,460.956594118,TASWIL5000020230907KABKOTA,Sabu Raijua,,0.0380736571077,1.23438979443,4326,4,,,Sabu Raijua,Nusa Tenggara Timur,,0,Kupang,,2015-05,-0.014315532450052858,5,-0.014315532450052858,VIIRS DNB,nW/cm2/sr,2015,"{""type"":""MultiPoint"",""coordinates"":[]}"
16_00000000000000000008,BA03050040,,,,,,,53.15,53,3128.99733567,TASWIL5000020230907KABKOTA,Manggarai Barat,,0.257018604578,10.7211601624,4326,4,,,Manggarai Barat,Nusa Tenggara Timur,,0,Manggarai,,2015-05,-2.7112749167474575E-5,5,-2.7112749167474575E-5,VIIRS DNB,nW/cm2/sr,2015,"{""type"":""MultiPoint"",""coordinates"":[]}"
16_00000000000000000009,BA03050040,,,,,,,53.19,53,2389.52959786,TASWIL5000020230907KABKOTA,Manggarai Timur,,0.196263276889,2.60910655519,4326,4,,,Manggarai Timur,Nusa Tenggara Timur,,0,Manggarai,,2015-05,-0.012971980568596842,5,-0.012971980568596842,VIIRS DNB,nW/cm2/sr,2015,"{""type"":""MultiPoint"",""coordinates"":[]}"
16_0000000000000000000a,BA03050040,,,,,,,53.16,53,1396.16423098,TASWIL5000020230907KABKOTA,Nagekeo,,0.114707914625,2.15252417923,4326,4,,,Nagekeo,Nusa Tenggara Timur,,0,Ngada,,2015-05,0.01012542856597868,5,0.01012542856597868,VIIRS DNB,nW/cm2/sr,2015,"{""type"":""MultiPoint"",""coordinates"":[]}"
16_00000000000000000010,BA03050040,,,,,,,53.17,53,1789.65872064,TASWIL5000020230907KABKOTA,Sumba Tengah,,0.147379835649,2.42469258111,4326,4,,,Sumba Tengah,Nusa Tenggara Timur,,0,Sumba Barat,,2015-05,-0.028245086008543578,5,-0.028245086008543578,VIIRS DNB,nW/cm2/sr,2015,"{""type"":""MultiPoint"",""coordinates"":[]}"
16_00000000000000000014,BA03050040,,,,,,,53.18,53,1383.31224571,TASWIL5000020230907KABKOTA,Sumba Barat Daya,,0.113913848979,1.59805558471,4326,4,,,Sumba Barat Daya,Nusa Tenggara Timur,,0,Sumba Barat,,2015-05,-0.01521362483502956,5,-0.01521362483502956,VIIRS DNB,nW/cm2/sr,2015,"{""type"":""MultiPoint"",""coordinates"":[]}"
17_00000000000000000000,BA03050040,,,,,,,53.05,53,2928.55881854,TASWIL5000020230907KABKOTA,Alor,,0.24037265184,5.67288749982,4326,4,,,Alor,Nusa Tenggara Timur,,0,,,2015-06,-0.07780090422469832,6,-0.07780090422469832,VIIRS DNB,nW/cm2/sr,2015,"{""type"":""MultiPoint"",""coordinates"":[]}"
17_00000000000000000001,BA03050040,,,,,,,53.04,53,1127.25008655,TASWIL5000020230907KABKOTA,Belu,,0.0927289736817,2.29261763369,4326,4,,,Belu,Nusa Tenggara Timur,,0,,,2015-06,-0.01083137491659863,6,-0.01083137491659863,VIIRS DNB,nW/cm2/sr,2015,"{""type"":""MultiPoint"",""coordinates"":[]}"
17_00000000000000000002,BA03050040,,,,,,,53.06,53,1748.5165523,TASWIL5000020230907KABKOTA,Flores Timur,,0.143538260694,4.68012528849,4326,4,,,Flores Timur,Nusa Tenggara Timur,,0,,,2015-06,-0.04017150936635427,6,-0.04017150936635427,VIIRS DNB,nW/cm2/sr,2015,"{""type"":""MultiPoint"",""coordinates"":[]}"
17_00000000000000000004,BA03050040,,,,,,,53.01,53,5136.51008742,TASWIL5000020230907KABKOTA,Kupang,,0.423459507198,6.26740520892,4326,4,,,Kupang,Nusa Tenggara Timur,,0,,,2015-06,-0.05252767999426166,6,-0.05252767999426166,VIIRS DNB,nW/cm2/sr,2015,"{""type"":""MultiPoint"",""coordinates"":[]}"
17_00000000000000000007,BA03050040,,,,,,,53.10,53,1343.83414797,TASWIL5000020230907KABKOTA,Manggarai,,0.11037433796,2.62044875269,4326,4,,,Manggarai,Nusa Tenggara Timur,,0,,,2015-06,-0.00787408091456274,6,-0.00787408091456274,VIIRS DNB,nW/cm2/sr,2015,"{""type"":""MultiPoint"",""coordinates"":[]}"
17_0000000000000000000b,BA03050040,,,,,,,53.09,53,1735.63521769,TASWIL5000020230907KABKOTA,Ngada,,0.142589549676,2.86650785507,4326,4,,,Ngada,Nusa Tenggara Timur,,0,,,2015-06,-0.0348990246167154,6,-0.0348990246167154,VIIRS DNB,nW/cm2/sr,2015,"{""type"":""MultiPoint"",""coordinates"":[]}"
17_0000000000000000000e,BA03050040,,,,,,,53.07,53,1671.64902391,TASWIL5000020230907KABKOTA,Sikka,,0.137312979206,3.89925449996,4326,4,,,Sikka,Nusa Tenggara Timur,,0,,,2015-06,-0.005245430137107789,6,-0.005245430137107789,VIIRS DNB,nW/cm2/sr,2015,"{""type"":""MultiPoint"",""coordinates"":[]}"
17_0000000000000000000f,BA03050040,,,,,,,53.12,53,757.407641007,TASWIL5000020230907KABKOTA,Sumba Barat,,0.0623907023605,2.04212111278,4326,4,,,Sumba Barat,Nusa Tenggara Timur,,0,,,2015-06,-0.031024364048004942,6,-0.031024364048004942,VIIRS DNB,nW/cm2/sr,2015,"{""type"":""MultiPoint"",""coordinates"":[]}"
17_00000000000000000011,BA03050040,,,,,,,53.11,53,6984.01403441,TASWIL5000020230907KABKOTA,Sumba Timur,,0.575702142252,4.80415749282,4326,4,,,Sumba Timur,Nusa Tenggara Timur,,0,,,2015-06,-0.07022375739938043,6,-0.07022375739938043,VIIRS DNB,nW/cm2/sr,2015,"{""type"":""MultiPoint"",""coordinates"":[]}"
17_00000000000000000012,BA03050040,,,,,,,53.02,53,3933.15111495,TASWIL5000020230907KABKOTA,Timor Tengah Selatan,,0.324167140101,3.32375028444,4326,4,,,Timor Tengah Selatan,Nusa Tenggara Timur,,0,,,2015-06,-0.0702825758906711,6,-0.0702825758906711,VIIRS DNB,nW/cm2/sr,2015,"{""type"":""MultiPoint"",""coordinates"":[]}"
17_00000000000000000013,BA03050040,,,,,,,53.03,53,2623.19983128,TASWIL5000020230907KABKOTA,Timor Tengah Utara,,0.215921651765,3.4787254107,4326,4,,,Timor Tengah Utara,Nusa Tenggara Timur,,0,,,2015-06,-0.06452094516826026,6,-0.06452094516826026,VIIRS DNB,nW/cm2/sr,2015,"{""type"":""MultiPoint"",""coordinates"":[]}"
17_00000000000000000015,BA03050040,,,,,,,53.08,53,2085.24387061,TASWIL5000020230907KABKOTA,Ende,,0.171316232886,2.99297540949,4326,4,,,Ende,Nusa Tenggara Timur,,0,,,2015-06,-0.034112661874594434,6,-0.034112661874594434,VIIRS DNB,nW/cm2/sr,2015,"{""type"":""MultiPoint"",""coordinates"":[]}"
17_00000000000000000006,BA03050040,,,,,,,53.21,53,1109.16204574,TASWIL5000020230907KABKOTA,Malaka,,0.0913351434015,2.23370514726,4326,4,,,Malaka,Nusa Tenggara Timur,,0,Belu,,2015-06,-0.05467323653591492,6,-0.05467323653591492,VIIRS DNB,nW/cm2/sr,2015,"{""type"":""MultiPoint"",""coordinates"":[]}"
17_00000000000000000005,BA03050040,,,,,,,53.13,53,1268.10489804,TASWIL5000020230907KABKOTA,Lembata,,0.10410466891,3.45188597769,4326,4,,,Lembata,Nusa Tenggara Timur,,0,Flores Timur,,2015-06,-0.055751259389361034,6,-0.055751259389361034,VIIRS DNB,nW/cm2/sr,2015,"{""type"":""MultiPoint"",""coordinates"":[]}"
17_00000000000000000003,BA03050040,,,,,,,53.71,53,159.334041006,TASWIL5000020230907KABKOTA,Kota Kupang,,0.0131469663875,0.949087585397,4326,5,,,Kota Kupang,Nusa Tenggara Timur,,0,Kupang,,2015-06,2.3740899078058177,6,2.3740899078058177,VIIRS DNB,nW/cm2/sr,2015,"{""type"":""MultiPoint"",""coordinates"":[]}"
17_0000000000000000000c,BA03050040,,,,,,,53.14,53,1286.45281117,TASWIL5000020230907KABKOTA,Rote Ndao,,0.106321906477,4.76909476004,4326,4,,,Rote Ndao,Nusa Tenggara Timur,,0,Kupang,,2015-06,-0.07111036331843462,6,-0.07111036331843462,VIIRS DNB,nW/cm2/sr,2015,"{""type"":""MultiPoint"",""coordinates"":[]}"
17_0000000000000000000d,BA03050040,,,,,,,53.20,53,460.956594118,TASWIL5000020230907KABKOTA,Sabu Raijua,,0.0380736571077,1.23438979443,4326,4,,,Sabu Raijua,Nusa Tenggara Timur,,0,Kupang,,2015-06,-0.06538094727124298,6,-0.06538094727124298,VIIRS DNB,nW/cm2/sr,2015,"{""type"":""MultiPoint"",""coordinates"":[]}"
17_00000000000000000008,BA03050040,,,,,,,53.15,53,3128.99733567,TASWIL5000020230907KABKOTA,Manggarai Barat,,0.257018604578,10.7211601624,4326,4,,,Manggarai Barat,Nusa Tenggara Timur,,0,Manggarai,,2015-06,-0.05217372358578979,6,-0.05217372358578979,VIIRS DNB,nW/cm2/sr,2015,"{""type"":""MultiPoint"",""coordinates"":[]}"
17_00000000000000000009,BA03050040,,,,,,,53.19,53,2389.52959786,TASWIL5000020230907KABKOTA,Manggarai Timur,,0.196263276889,2.60910655519,4326,4,,,Manggarai Timur,Nusa Tenggara Timur,,0,Manggarai,,2015-06,-0.05833352458710997,6,-0.05833352458710997,VIIRS DNB,nW/cm2/sr,2015,"{""type"":""MultiPoint"",""coordinates"":[]}"
17_0000000000000000000a,BA03050040,,,,,,,53.16,53,1396.16423098,TASWIL5000020230907KABKOTA,Nagekeo,,0.114707914625,2.15252417923,4326,4,,,Nagekeo,Nusa Tenggara Timur,,0,Ngada,,2015-06,-0.03411252880050593,6,-0.03411252880050593,VIIRS DNB,nW/cm2/sr,2015,"{""type"":""MultiPoint"",""coordinates"":[]}"
17_00000000000000000010,BA03050040,,,,,,,53.17,53,1789.65872064,TASWIL5000020230907KABKOTA,Sumba Tengah,,0.147379835649,2.42469258111,4326,4,,,Sumba Tengah,Nusa Tenggara Timur,,0,Sumba Barat,,2015-06,-0.07049732261967258,6,-0.07049732261967258,VIIRS DNB,nW/cm2/sr,2015,"{""type"":""MultiPoint"",""coordinates"":[]}"
17_00000000000000000014,BA03050040,,,,,,,53.18,53,1383.31224571,TASWIL5000020230907KABKOTA,Sumba Barat Daya,,0.113913848979,1.59805558471,4326,4,,,Sumba Barat Daya,Nusa Tenggara Timur,,0,Sumba Barat,,2015-06,-0.048034043961517885,6,-0.048034043961517885,VIIRS DNB,nW/cm2/sr,2015,"{""type"":""MultiPoint"",""coordinates"":[]}"
18_00000000000000000000,BA03050040,,,,,,,53.05,53,2928.55881854,TASWIL5000020230907KABKOTA,Alor,,0.24037265184,5.67288749982,4326,4,,,Alor,Nusa Tenggara Timur,,0,,,2015-07,-0.03796325079177687,7,-0.03796325079177687,VIIRS DNB,nW/cm2/sr,2015,"{""type"":""MultiPoint"",""coordinates"":[]}"
18_00000000000000000001,BA03050040,,,,,,,53.04,53,1127.25008655,TASWIL5000020230907KABKOTA,Belu,,0.0927289736817,2.29261763369,4326,4,,,Belu,Nusa Tenggara Timur,,0,,,2015-07,0.017531186303006742,7,0.017531186303006742,VIIRS DNB,nW/cm2/sr,2015,"{""type"":""MultiPoint"",""coordinates"":[]}"
18_00000000000000000002,BA03050040,,,,,,,53.06,53,1748.5165523,TASWIL5000020230907KABKOTA,Flores Timur,,0.143538260694,4.68012528849,4326,4,,,Flores Timur,Nusa Tenggara Timur,,0,,,2015-07,-0.006042358990290297,7,-0.006042358990290297,VIIRS DNB,nW/cm2/sr,2015,"{""type"":""MultiPoint"",""coordinates"":[]}"
18_00000000000000000004,BA03050040,,,,,,,53.01,53,5136.51008742,TASWIL5000020230907KABKOTA,Kupang,,0.423459507198,6.26740520892,4326,4,,,Kupang,Nusa Tenggara Timur,,0,,,2015-07,-0.03688945546824139,7,-0.03688945546824139,VIIRS DNB,nW/cm2/sr,2015,"{""type"":""MultiPoint"",""coordinates"":[]}"
18_00000000000000000007,BA03050040,,,,,,,53.10,53,1343.83414797,TASWIL5000020230907KABKOTA,Manggarai,,0.11037433796,2.62044875269,4326,4,,,Manggarai,Nusa Tenggara Timur,,0,,,2015-07,0.0046596772071461345,7,0.0046596772071461345,VIIRS DNB,nW/cm2/sr,2015,"{""type"":""MultiPoint"",""coordinates"":[]}"
18_0000000000000000000b,BA03050040,,,,,,,53.09,53,1735.63521769,TASWIL5000020230907KABKOTA,Ngada,,0.142589549676,2.86650785507,4326,4,,,Ngada,Nusa Tenggara Timur,,0,,,2015-07,-0.025658064723445145,7,-0.025658064723445145,VIIRS DNB,nW/cm2/sr,2015,"{""type"":""MultiPoint"",""coordinates"":[]}"
18_0000000000000000000e,BA03050040,,,,,,,53.07,53,1671.64902391,TASWIL5000020230907KABKOTA,Sikka,,0.137312979206,3.89925449996,4326,4,,,Sikka,Nusa Tenggara Timur,,0,,,2015-07,0.022804123471208654,7,0.022804123471208654,VIIRS DNB,nW/cm2/sr,2015,"{""type"":""MultiPoint"",""coordinates"":[]}"
18_0000000000000000000f,BA03050040,,,,,,,53.12,53,757.407641007,TASWIL5000020230907KABKOTA,Sumba Barat,,0.0623907023605,2.04212111278,4326,4,,,Sumba Barat,Nusa Tenggara Timur,,0,,,2015-07,-0.025258920471341085,7,-0.025258920471341085,VIIRS DNB,nW/cm2/sr,2015,"{""type"":""MultiPoint"",""coordinates"":[]}"
18_00000000000000000011,BA03050040,,,,,,,53.11,53,6984.01403441,TASWIL5000020230907KABKOTA,Sumba Timur,,0.575702142252,4.80415749282,4326,4,,,Sumba Timur,Nusa Tenggara Timur,,0,,,2015-07,-0.05416194026288166,7,-0.05416194026288166,VIIRS DNB,nW/cm2/sr,2015,"{""type"":""MultiPoint"",""coordinates"":[]}"
18_00000000000000000012,BA03050040,,,,,,,53.02,53,3933.15111495,TASWIL5000020230907KABKOTA,Timor Tengah Selatan,,0.324167140101,3.32375028444,4326,4,,,Timor Tengah Selatan,Nusa Tenggara Timur,,0,,,2015-07,-0.059007482961872755,7,-0.059007482961872755,VIIRS DNB,nW/cm2/sr,2015,"{""type"":""MultiPoint"",""coordinates"":[]}"
18_00000000000000000013,BA03050040,,,,,,,53.03,53,2623.19983128,TASWIL5000020230907KABKOTA,Timor Tengah Utara,,0.215921651765,3.4787254107,4326,4,,,Timor Tengah Utara,Nusa Tenggara Timur,,0,,,2015-07,-0.04622874343927824,7,-0.04622874343927824,VIIRS DNB,nW/cm2/sr,2015,"{""type"":""MultiPoint"",""coordinates"":[]}"
18_00000000000000000015,BA03050040,,,,,,,53.08,53,2085.24387061,TASWIL5000020230907KABKOTA,Ende,,0.171316232886,2.99297540949,4326,4,,,Ende,Nusa Tenggara Timur,,0,,,2015-07,-0.011048184899183258,7,-0.011048184899183258,VIIRS DNB,nW/cm2/sr,2015,"{""type"":""MultiPoint"",""coordinates"":[]}"
18_00000000000000000006,BA03050040,,,,,,,53.21,53,1109.16204574,TASWIL5000020230907KABKOTA,Malaka,,0.0913351434015,2.23370514726,4326,4,,,Malaka,Nusa Tenggara Timur,,0,Belu,,2015-07,-0.017131408778500935,7,-0.017131408778500935,VIIRS DNB,nW/cm2/sr,2015,"{""type"":""MultiPoint"",""coordinates"":[]}"
18_00000000000000000005,BA03050040,,,,,,,53.13,53,1268.10489804,TASWIL5000020230907KABKOTA,Lembata,,0.10410466891,3.45188597769,4326,4,,,Lembata,Nusa Tenggara Timur,,0,Flores Timur,,2015-07,-0.02275926490496293,7,-0.02275926490496293,VIIRS DNB,nW/cm2/sr,2015,"{""type"":""MultiPoint"",""coordinates"":[]}"
18_00000000000000000003,BA03050040,,,,,,,53.71,53,159.334041006,TASWIL5000020230907KABKOTA,Kota Kupang,,0.0131469663875,0.949087585397,4326,5,,,Kota Kupang,Nusa Tenggara Timur,,0,Kupang,,2015-07,2.434503965664166,7,2.434503965664166,VIIRS DNB,nW/cm2/sr,2015,"{""type"":""MultiPoint"",""coordinates"":[]}"
18_0000000000000000000c,BA03050040,,,,,,,53.14,53,1286.45281117,TASWIL5000020230907KABKOTA,Rote Ndao,,0.106321906477,4.76909476004,4326,4,,,Rote Ndao,Nusa Tenggara Timur,,0,Kupang,,2015-07,-0.02008620552604101,7,-0.02008620552604101,VIIRS DNB,nW/cm2/sr,2015,"{""type"":""MultiPoint"",""coordinates"":[]}"
18_0000000000000000000d,BA03050040,,,,,,,53.20,53,460.956594118,TASWIL5000020230907KABKOTA,Sabu Raijua,,0.0380736571077,1.23438979443,4326,4,,,Sabu Raijua,Nusa Tenggara Timur,,0,Kupang,,2015-07,-0.040528227102326675,7,-0.040528227102326675,VIIRS DNB,nW/cm2/sr,2015,"{""type"":""MultiPoint"",""coordinates"":[]}"
18_00000000000000000008,BA03050040,,,,,,,53.15,53,3128.99733567,TASWIL5000020230907KABKOTA,Manggarai Barat,,0.257018604578,10.7211601624,4326,4,,,Manggarai Barat,Nusa Tenggara Timur,,0,Manggarai,,2015-07,-0.046130399950376794,7,-0.046130399950376794,VIIRS DNB,nW/cm2/sr,2015,"{""type"":""MultiPoint"",""coordinates"":[]}"
18_00000000000000000009,BA03050040,,,,,,,53.19,53,2389.52959786,TASWIL5000020230907KABKOTA,Manggarai Timur,,0.196263276889,2.60910655519,4326,4,,,Manggarai Timur,Nusa Tenggara Timur,,0,Manggarai,,2015-07,-0.04124318489213814,7,-0.04124318489213814,VIIRS DNB,nW/cm2/sr,2015,"{""type"":""MultiPoint"",""coordinates"":[]}"
18_0000000000000000000a,BA03050040,,,,,,,53.16,53,1396.16423098,TASWIL5000020230907KABKOTA,Nagekeo,,0.114707914625,2.15252417923,4326,4,,,Nagekeo,Nusa Tenggara Timur,,0,Ngada,,2015-07,-0.015348366213061368,7,-0.015348366213061368,VIIRS DNB,nW/cm2/sr,2015,"{""type"":""MultiPoint"",""coordinates"":[]}"
18_00000000000000000010,BA03050040,,,,,,,53.17,53,1789.65872064,TASWIL5000020230907KABKOTA,Sumba Tengah,,0.147379835649,2.42469258111,4326,4,,,Sumba Tengah,Nusa Tenggara Timur,,0,Sumba Barat,,2015-07,-0.07403736510818579,7,-0.07403736510818579,VIIRS DNB,nW/cm2/sr,2015,"{""type"":""MultiPoint"",""coordinates"":[]}"
18_00000000000000000014,BA03050040,,,,,,,53.18,53,1383.31224571,TASWIL5000020230907KABKOTA,Sumba Barat Daya,,0.113913848979,1.59805558471,4326,4,,,Sumba Barat Daya,Nusa Tenggara Timur,,0,Sumba Barat,,2015-07,-0.03211291463797336,7,-0.03211291463797336,VIIRS DNB,nW/cm2/sr,2015,"{""type"":""MultiPoint"",""coordinates"":[]}"
19_00000000000000000000,BA03050040,,,,,,,53.05,53,2928.55881854,TASWIL5000020230907KABKOTA,Alor,,0.24037265184,5.67288749982,4326,4,,,Alor,Nusa Tenggara Timur,,0,,,2015-08,0.02896635105753722,8,0.02896635105753722,VIIRS DNB,nW/cm2/sr,2015,"{""type"":""MultiPoint"",""coordinates"":[]}"
19_00000000000000000001,BA03050040,,,,,,,53.04,53,1127.25008655,TASWIL5000020230907KABKOTA,Belu,,0.0927289736817,2.29261763369,4326,4,,,Belu,Nusa Tenggara Timur,,0,,,2015-08,0.08675683391463454,8,0.08675683391463454,VIIRS DNB,nW/cm2/sr,2015,"{""type"":""MultiPoint"",""coordinates"":[]}"
19_00000000000000000002,BA03050040,,,,,,,53.06,53,1748.5165523,TASWIL5000020230907KABKOTA,Flores Timur,,0.143538260694,4.68012528849,4326,4,,,Flores Timur,Nusa Tenggara Timur,,0,,,2015-08,0.04224147752662802,8,0.04224147752662802,VIIRS DNB,nW/cm2/sr,2015,"{""type"":""MultiPoint"",""coordinates"":[]}"
19_00000000000000000004,BA03050040,,,,,,,53.01,53,5136.51008742,TASWIL5000020230907KABKOTA,Kupang,,0.423459507198,6.26740520892,4326,4,,,Kupang,Nusa Tenggara Timur,,0,,,2015-08,0.04673742522800375,8,0.04673742522800375,VIIRS DNB,nW/cm2/sr,2015,"{""type"":""MultiPoint"",""coordinates"":[]}"
19_00000000000000000007,BA03050040,,,,,,,53.10,53,1343.83414797,TASWIL5000020230907KABKOTA,Manggarai,,0.11037433796,2.62044875269,4326,4,,,Manggarai,Nusa Tenggara Timur,,0,,,2015-08,0.06628786977777272,8,0.06628786977777272,VIIRS DNB,nW/cm2/sr,2015,"{""type"":""MultiPoint"",""coordinates"":[]}"
19_0000000000000000000b,BA03050040,,,,,,,53.09,53,1735.63521769,TASWIL5000020230907KABKOTA,Ngada,,0.142589549676,2.86650785507,4326,4,,,Ngada,Nusa Tenggara Timur,,0,,,2015-08,0.03307725918210719,8,0.03307725918210719,VIIRS DNB,nW/cm2/sr,2015,"{""type"":""MultiPoint"",""coordinates"":[]}"
19_0000000000000000000e,BA03050040,,,,,,,53.07,53,1671.64902391,TASWIL5000020230907KABKOTA,Sikka,,0.137312979206,3.89925449996,4326,4,,,Sikka,Nusa Tenggara Timur,,0,,,2015-08,0.0807965730513875,8,0.0807965730513875,VIIRS DNB,nW/cm2/sr,2015,"{""type"":""MultiPoint"",""coordinates"":[]}"
19_0000000000000000000f,BA03050040,,,,,,,53.12,53,757.407641007,TASWIL5000020230907KABKOTA,Sumba Barat,,0.0623907023605,2.04212111278,4326,4,,,Sumba Barat,Nusa Tenggara Timur,,0,,,2015-08,0.0271974883863434,8,0.0271974883863434,VIIRS DNB,nW/cm2/sr,2015,"{""type"":""MultiPoint"",""coordinates"":[]}"
19_00000000000000000011,BA03050040,,,,,,,53.11,53,6984.01403441,TASWIL5000020230907KABKOTA,Sumba Timur,,0.575702142252,4.80415749282,4326,4,,,Sumba Timur,Nusa Tenggara Timur,,0,,,2015-08,-0.006716268360030679,8,-0.006716268360030679,VIIRS DNB,nW/cm2/sr,2015,"{""type"":""MultiPoint"",""coordinates"":[]}"
19_00000000000000000012,BA03050040,,,,,,,53.02,53,3933.15111495,TASWIL5000020230907KABKOTA,Timor Tengah Selatan,,0.324167140101,3.32375028444,4326,4,,,Timor Tengah Selatan,Nusa Tenggara Timur,,0,,,2015-08,0.01260356004596818,8,0.01260356004596818,VIIRS DNB,nW/cm2/sr,2015,"{""type"":""MultiPoint"",""coordinates"":[]}"
19_00000000000000000013,BA03050040,,,,,,,53.03,53,2623.19983128,TASWIL5000020230907KABKOTA,Timor Tengah Utara,,0.215921651765,3.4787254107,4326,4,,,Timor Tengah Utara,Nusa Tenggara Timur,,0,,,2015-08,0.033615721843633206,8,0.033615721843633206,VIIRS DNB,nW/cm2/sr,2015,"{""type"":""MultiPoint"",""coordinates"":[]}"
19_00000000000000000015,BA03050040,,,,,,,53.08,53,2085.24387061,TASWIL5000020230907KABKOTA,Ende,,0.171316232886,2.99297540949,4326,4,,,Ende,Nusa Tenggara Timur,,0,,,2015-08,0.05134622154140876,8,0.05134622154140876,VIIRS DNB,nW/cm2/sr,2015,"{""type"":""MultiPoint"",""coordinates"":[]}"
19_00000000000000000006,BA03050040,,,,,,,53.21,53,1109.16204574,TASWIL5000020230907KABKOTA,Malaka,,0.0913351434015,2.23370514726,4326,4,,,Malaka,Nusa Tenggara Timur,,0,Belu,,2015-08,0.03501101037072119,8,0.03501101037072119,VIIRS DNB,nW/cm2/sr,2015,"{""type"":""MultiPoint"",""coordinates"":[]}"
19_00000000000000000005,BA03050040,,,,,,,53.13,53,1268.10489804,TASWIL5000020230907KABKOTA,Lembata,,0.10410466891,3.45188597769,4326,4,,,Lembata,Nusa Tenggara Timur,,0,Flores Timur,,2015-08,0.05492048805743885,8,0.05492048805743885,VIIRS DNB,nW/cm2/sr,2015,"{""type"":""MultiPoint"",""coordinates"":[]}"
19_00000000000000000003,BA03050040,,,,,,,53.71,53,159.334041006,TASWIL5000020230907KABKOTA,Kota Kupang,,0.0131469663875,0.949087585397,4326,5,,,Kota Kupang,Nusa Tenggara Timur,,0,Kupang,,2015-08,2.534747613970251,8,2.534747613970251,VIIRS DNB,nW/cm2/sr,2015,"{""type"":""MultiPoint"",""coordinates"":[]}"
19_0000000000000000000c,BA03050040,,,,,,,53.14,53,1286.45281117,TASWIL5000020230907KABKOTA,Rote Ndao,,0.106321906477,4.76909476004,4326,4,,,Rote Ndao,Nusa Tenggara Timur,,0,Kupang,,2015-08,0.0013110433781919984,8,0.0013110433781919984,VIIRS DNB,nW/cm2/sr,2015,"{""type"":""MultiPoint"",""coordinates"":[]}"
19_0000000000000000000d,BA03050040,,,,,,,53.20,53,460.956594118,TASWIL5000020230907KABKOTA,Sabu Raijua,,0.0380736571077,1.23438979443,4326,4,,,Sabu Raijua,Nusa Tenggara Timur,,0,Kupang,,2015-08,-0.006313416197616237,8,-0.006313416197616237,VIIRS DNB,nW/cm2/sr,2015,"{""type"":""MultiPoint"",""coordinates"":[]}"
19_00000000000000000008,BA03050040,,,,,,,53.15,53,3128.99733567,TASWIL5000020230907KABKOTA,Manggarai Barat,,0.257018604578,10.7211601624,4326,4,,,Manggarai Barat,Nusa Tenggara Timur,,0,Manggarai,,2015-08,0.02843831567794593,8,0.02843831567794593,VIIRS DNB,nW/cm2/sr,2015,"{""type"":""MultiPoint"",""coordinates"":[]}"
19_00000000000000000009,BA03050040,,,,,,,53.19,53,2389.52959786,TASWIL5000020230907KABKOTA,Manggarai Timur,,0.196263276889,2.60910655519,4326,4,,,Manggarai Timur,Nusa Tenggara Timur,,0,Manggarai,,2015-08,0.014322217248265053,8,0.014322217248265053,VIIRS DNB,nW/cm2/sr,2015,"{""type"":""MultiPoint"",""coordinates"":[]}"
19_0000000000000000000a,BA03050040,,,,,,,53.16,53,1396.16423098,TASWIL5000020230907KABKOTA,Nagekeo,,0.114707914625,2.15252417923,4326,4,,,Nagekeo,Nusa Tenggara Timur,,0,Ngada,,2015-08,0.03163501914429957,8,0.03163501914429957,VIIRS DNB,nW/cm2/sr,2015,"{""type"":""MultiPoint"",""coordinates"":[]}"
19_00000000000000000010,BA03050040,,,,,,,53.17,53,1789.65872064,TASWIL5000020230907KABKOTA,Sumba Tengah,,0.147379835649,2.42469258111,4326,4,,,Sumba Tengah,Nusa Tenggara Timur,,0,Sumba Barat,,2015-08,-0.0021157925753549282,8,-0.0021157925753549282,VIIRS DNB,nW/cm2/sr,2015,"{""type"":""MultiPoint"",""coordinates"":[]}"
19_00000000000000000014,BA03050040,,,,,,,53.18,53,1383.31224571,TASWIL5000020230907KABKOTA,Sumba Barat Daya,,0.113913848979,1.59805558471,4326,4,,,Sumba Barat Daya,Nusa Tenggara Timur,,0,Sumba Barat,,2015-08,0.022791160133901568,8,0.022791160133901568,VIIRS DNB,nW/cm2/sr,2015,"{""type"":""MultiPoint"",""coordinates"":[]}"
20_00000000000000000000,BA03050040,,,,,,,53.05,53,2928.55881854,TASWIL5000020230907KABKOTA,Alor,,0.24037265184,5.67288749982,4326,4,,,Alor,Nusa Tenggara Timur,,0,,,2015-09,0.10116876620665158,9,0.10116876620665158,VIIRS DNB,nW/cm2/sr,2015,"{""type"":""MultiPoint"",""coordinates"":[]}"
20_00000000000000000001,BA03050040,,,,,,,53.04,53,1127.25008655,TASWIL5000020230907KABKOTA,Belu,,0.0927289736817,2.29261763369,4326,4,,,Belu,Nusa Tenggara Timur,,0,,,2015-09,0.16212795484673043,9,0.16212795484673043,VIIRS DNB,nW/cm2/sr,2015,"{""type"":""MultiPoint"",""coordinates"":[]}"
20_00000000000000000002,BA03050040,,,,,,,53.06,53,1748.5165523,TASWIL5000020230907KABKOTA,Flores Timur,,0.143538260694,4.68012528849,4326,4,,,Flores Timur,Nusa Tenggara Timur,,0,,,2015-09,0.07216885225051893,9,0.07216885225051893,VIIRS DNB,nW/cm2/sr,2015,"{""type"":""MultiPoint"",""coordinates"":[]}"
20_00000000000000000004,BA03050040,,,,,,,53.01,53,5136.51008742,TASWIL5000020230907KABKOTA,Kupang,,0.423459507198,6.26740520892,4326,4,,,Kupang,Nusa Tenggara Timur,,0,,,2015-09,0.12441137636007657,9,0.12441137636007657,VIIRS DNB,nW/cm2/sr,2015,"{""type"":""MultiPoint"",""coordinates"":[]}"
20_00000000000000000007,BA03050040,,,,,,,53.10,53,1343.83414797,TASWIL5000020230907KABKOTA,Manggarai,,0.11037433796,2.62044875269,4326,4,,,Manggarai,Nusa Tenggara Timur,,0,,,2015-09,0.07396137210190099,9,0.07396137210190099,VIIRS DNB,nW/cm2/sr,2015,"{""type"":""MultiPoint"",""coordinates"":[]}"
20_0000000000000000000b,BA03050040,,,,,,,53.09,53,1735.63521769,TASWIL5000020230907KABKOTA,Ngada,,0.142589549676,2.86650785507,4326,4,,,Ngada,Nusa Tenggara Timur,,0,,,2015-09,0.044105378676666154,9,0.044105378676666154,VIIRS DNB,nW/cm2/sr,2015,"{""type"":""MultiPoint"",""coordinates"":[]}"
20_0000000000000000000e,BA03050040,,,,,,,53.07,53,1671.64902391,TASWIL5000020230907KABKOTA,Sikka,,0.137312979206,3.89925449996,4326,4,,,Sikka,Nusa Tenggara Timur,,0,,,2015-09,0.1144794455532741,9,0.1144794455532741,VIIRS DNB,nW/cm2/sr,2015,"{""type"":""MultiPoint"",""coordinates"":[]}"
20_0000000000000000000f,BA03050040,,,,,,,53.12,53,757.407641007,TASWIL5000020230907KABKOTA,Sumba Barat,,0.0623907023605,2.04212111278,4326,4,,,Sumba Barat,Nusa Tenggara Timur,,0,,,2015-09,0.043703726852215984,9,0.043703726852215984,VIIRS DNB,nW/cm2/sr,2015,"{""type"":""MultiPoint"",""coordinates"":[]}"
20_00000000000000000011,BA03050040,,,,,,,53.11,53,6984.01403441,TASWIL5000020230907KABKOTA,Sumba Timur,,0.575702142252,4.80415749282,4326,4,,,Sumba Timur,Nusa Tenggara Timur,,0,,,2015-09,0.05277912652677617,9,0.05277912652677617,VIIRS DNB,nW/cm2/sr,2015,"{""type"":""MultiPoint"",""coordinates"":[]}"
20_00000000000000000012,BA03050040,,,,,,,53.02,53,3933.15111495,TASWIL5000020230907KABKOTA,Timor Tengah Selatan,,0.324167140101,3.32375028444,4326,4,,,Timor Tengah Selatan,Nusa Tenggara Timur,,0,,,2015-09,0.06415936573213238,9,0.06415936573213238,VIIRS DNB,nW/cm2/sr,2015,"{""type"":""MultiPoint"",""coordinates"":[]}"
20_00000000000000000013,BA03050040,,,,,,,53.03,53,2623.19983128,TASWIL5000020230907KABKOTA,Timor Tengah Utara,,0.215921651765,3.4787254107,4326,4,,,Timor Tengah Utara,Nusa Tenggara Timur,,0,,,2015-09,0.08130355294688181,9,0.08130355294688181,VIIRS DNB,nW/cm2/sr,2015,"{""type"":""MultiPoint"",""coordinates"":[]}"
20_00000000000000000015,BA03050040,,,,,,,53.08,53,2085.24387061,TASWIL5000020230907KABKOTA,Ende,,0.171316232886,2.99297540949,4326,4,,,Ende,Nusa Tenggara Timur,,0,,,2015-09,0.07893685649190141,9,0.07893685649190141,VIIRS DNB,nW/cm2/sr,2015,"{""type"":""MultiPoint"",""coordinates"":[]}"
20_00000000000000000006,BA03050040,,,,,,,53.21,53,1109.16204574,TASWIL5000020230907KABKOTA,Malaka,,0.0913351434015,2.23370514726,4326,4,,,Malaka,Nusa Tenggara Timur,,0,Belu,,2015-09,0.07389802758600665,9,0.07389802758600665,VIIRS DNB,nW/cm2/sr,2015,"{""type"":""MultiPoint"",""coordinates"":[]}"
20_00000000000000000005,BA03050040,,,,,,,53.13,53,1268.10489804,TASWIL5000020230907KABKOTA,Lembata,,0.10410466891,3.45188597769,4326,4,,,Lembata,Nusa Tenggara Timur,,0,Flores Timur,,2015-09,0.10150177194251606,9,0.10150177194251606,VIIRS DNB,nW/cm2/sr,2015,"{""type"":""MultiPoint"",""coordinates"":[]}"
20_00000000000000000003,BA03050040,,,,,,,53.71,53,159.334041006,TASWIL5000020230907KABKOTA,Kota Kupang,,0.0131469663875,0.949087585397,4326,5,,,Kota Kupang,Nusa Tenggara Timur,,0,Kupang,,2015-09,2.6133330131763004,9,2.6133330131763004,VIIRS DNB,nW/cm2/sr,2015,"{""type"":""MultiPoint"",""coordinates"":[]}"
20_0000000000000000000c,BA03050040,,,,,,,53.14,53,1286.45281117,TASWIL5000020230907KABKOTA,Rote Ndao,,0.106321906477,4.76909476004,4326,4,,,Rote Ndao,Nusa Tenggara Timur,,0,Kupang,,2015-09,0.052093865039804406,9,0.052093865039804406,VIIRS DNB,nW/cm2/sr,2015,"{""type"":""MultiPoint"",""coordinates"":[]}"
20_0000000000000000000d,BA03050040,,,,,,,53.20,53,460.956594118,TASWIL5000020230907KABKOTA,Sabu Raijua,,0.0380736571077,1.23438979443,4326,4,,,Sabu Raijua,Nusa Tenggara Timur,,0,Kupang,,2015-09,0.03353368527928793,9,0.03353368527928793,VIIRS DNB,nW/cm2/sr,2015,"{""type"":""MultiPoint"",""coordinates"":[]}"
20_00000000000000000008,BA03050040,,,,,,,53.15,53,3128.99733567,TASWIL5000020230907KABKOTA,Manggarai Barat,,0.257018604578,10.7211601624,4326,4,,,Manggarai Barat,Nusa Tenggara Timur,,0,Manggarai,,2015-09,0.034229623919945724,9,0.034229623919945724,VIIRS DNB,nW/cm2/sr,2015,"{""type"":""MultiPoint"",""coordinates"":[]}"
20_00000000000000000009,BA03050040,,,,,,,53.19,53,2389.52959786,TASWIL5000020230907KABKOTA,Manggarai Timur,,0.196263276889,2.60910655519,4326,4,,,Manggarai Timur,Nusa Tenggara Timur,,0,Manggarai,,2015-09,0.019170023517746188,9,0.019170023517746188,VIIRS DNB,nW/cm2/sr,2015,"{""type"":""MultiPoint"",""coordinates"":[]}"
20_0000000000000000000a,BA03050040,,,,,,,53.16,53,1396.16423098,TASWIL5000020230907KABKOTA,Nagekeo,,0.114707914625,2.15252417923,4326,4,,,Nagekeo,Nusa Tenggara Timur,,0,Ngada,,2015-09,0.041165050470814195,9,0.041165050470814195,VIIRS DNB,nW/cm2/sr,2015,"{""type"":""MultiPoint"",""coordinates"":[]}"
20_00000000000000000010,BA03050040,,,,,,,53.17,53,1789.65872064,TASWIL5000020230907KABKOTA,Sumba Tengah,,0.147379835649,2.42469258111,4326,4,,,Sumba Tengah,Nusa Tenggara Timur,,0,Sumba Barat,,2015-09,0.04191901130927243,9,0.04191901130927243,VIIRS DNB,nW/cm2/sr,2015,"{""type"":""MultiPoint"",""coordinates"":[]}"
20_00000000000000000014,BA03050040,,,,,,,53.18,53,1383.31224571,TASWIL5000020230907KABKOTA,Sumba Barat Daya,,0.113913848979,1.59805558471,4326,4,,,Sumba Barat Daya,Nusa Tenggara Timur,,0,Sumba Barat,,2015-09,0.024696746842588112,9,0.024696746842588112,VIIRS DNB,nW/cm2/sr,2015,"{""type"":""MultiPoint"",""coordinates"":[]}"
21_00000000000000000000,BA03050040,,,,,,,53.05,53,2928.55881854,TASWIL5000020230907KABKOTA,Alor,,0.24037265184,5.67288749982,4326,4,,,Alor,Nusa Tenggara Timur,,0,,,2015-10,0.10604516001027416,10,0.10604516001027416,VIIRS DNB,nW/cm2/sr,2015,"{""type"":""MultiPoint"",""coordinates"":[]}"
21_00000000000000000001,BA03050040,,,,,,,53.04,53,1127.25008655,TASWIL5000020230907KABKOTA,Belu,,0.0927289736817,2.29261763369,4326,4,,,Belu,Nusa Tenggara Timur,,0,,,2015-10,0.15081387418883796,10,0.15081387418883796,VIIRS DNB,nW/cm2/sr,2015,"{""type"":""MultiPoint"",""coordinates"":[]}"
21_00000000000000000002,BA03050040,,,,,,,53.06,53,1748.5165523,TASWIL5000020230907KABKOTA,Flores Timur,,0.143538260694,4.68012528849,4326,4,,,Flores Timur,Nusa Tenggara Timur,,0,,,2015-10,0.10378881403466932,10,0.10378881403466932,VIIRS DNB,nW/cm2/sr,2015,"{""type"":""MultiPoint"",""coordinates"":[]}"
21_00000000000000000004,BA03050040,,,,,,,53.01,53,5136.51008742,TASWIL5000020230907KABKOTA,Kupang,,0.423459507198,6.26740520892,4326,4,,,Kupang,Nusa Tenggara Timur,,0,,,2015-10,0.12499899227505706,10,0.12499899227505706,VIIRS DNB,nW/cm2/sr,2015,"{""type"":""MultiPoint"",""coordinates"":[]}"
21_00000000000000000007,BA03050040,,,,,,,53.10,53,1343.83414797,TASWIL5000020230907KABKOTA,Manggarai,,0.11037433796,2.62044875269,4326,4,,,Manggarai,Nusa Tenggara Timur,,0,,,2015-10,0.09480732858224036,10,0.09480732858224036,VIIRS DNB,nW/cm2/sr,2015,"{""type"":""MultiPoint"",""coordinates"":[]}"
21_0000000000000000000b,BA03050040,,,,,,,53.09,53,1735.63521769,TASWIL5000020230907KABKOTA,Ngada,,0.142589549676,2.86650785507,4326,4,,,Ngada,Nusa Tenggara Timur,,0,,,2015-10,0.08238375274283342,10,0.08238375274283342,VIIRS DNB,nW/cm2/sr,2015,"{""type"":""MultiPoint"",""coordinates"":[]}"
21_0000000000000000000e,BA03050040,,,,,,,53.07,53,1671.64902391,TASWIL5000020230907KABKOTA,Sikka,,0.137312979206,3.89925449996,4326,4,,,Sikka,Nusa Tenggara Timur,,0,,,2015-10,0.11074191367768309,10,0.11074191367768309,VIIRS DNB,nW/cm2/sr,2015,"{""type"":""MultiPoint"",""coordinates"":[]}"
21_0000000000000000000f,BA03050040,,,,,,,53.12,53,757.407641007,TASWIL5000020230907KABKOTA,Sumba Barat,,0.0623907023605,2.04212111278,4326,4,,,Sumba Barat,Nusa Tenggara Timur,,0,,,2015-10,0.06034495920179371,10,0.06034495920179371,VIIRS DNB,nW/cm2/sr,2015,"{""type"":""MultiPoint"",""coordinates"":[]}"
21_00000000000000000011,BA03050040,,,,,,,53.11,53,6984.01403441,TASWIL5000020230907KABKOTA,Sumba Timur,,0.575702142252,4.80415749282,4326,4,,,Sumba Timur,Nusa Tenggara Timur,,0,,,2015-10,0.06411899545756825,10,0.06411899545756825,VIIRS DNB,nW/cm2/sr,2015,"{""type"":""MultiPoint"",""coordinates"":[]}"
21_00000000000000000012,BA03050040,,,,,,,53.02,53,3933.15111495,TASWIL5000020230907KABKOTA,Timor Tengah Selatan,,0.324167140101,3.32375028444,4326,4,,,Timor Tengah Selatan,Nusa Tenggara Timur,,0,,,2015-10,0.10461331748393375,10,0.10461331748393375,VIIRS DNB,nW/cm2/sr,2015,"{""type"":""MultiPoint"",""coordinates"":[]}"
21_00000000000000000013,BA03050040,,,,,,,53.03,53,2623.19983128,TASWIL5000020230907KABKOTA,Timor Tengah Utara,,0.215921651765,3.4787254107,4326,4,,,Timor Tengah Utara,Nusa Tenggara Timur,,0,,,2015-10,0.09723937481369528,10,0.09723937481369528,VIIRS DNB,nW/cm2/sr,2015,"{""type"":""MultiPoint"",""coordinates"":[]}"
21_00000000000000000015,BA03050040,,,,,,,53.08,53,2085.24387061,TASWIL5000020230907KABKOTA,Ende,,0.171316232886,2.99297540949,4326,4,,,Ende,Nusa Tenggara Timur,,0,,,2015-10,0.0930399933462764,10,0.0930399933462764,VIIRS DNB,nW/cm2/sr,2015,"{""type"":""MultiPoint"",""coordinates"":[]}"
21_00000000000000000006,BA03050040,,,,,,,53.21,53,1109.16204574,TASWIL5000020230907KABKOTA,Malaka,,0.0913351434015,2.23370514726,4326,4,,,Malaka,Nusa Tenggara Timur,,0,Belu,,2015-10,0.09533102702601241,10,0.09533102702601241,VIIRS DNB,nW/cm2/sr,2015,"{""type"":""MultiPoint"",""coordinates"":[]}"
21_00000000000000000005,BA03050040,,,,,,,53.13,53,1268.10489804,TASWIL5000020230907KABKOTA,Lembata,,0.10410466891,3.45188597769,4326,4,,,Lembata,Nusa Tenggara Timur,,0,Flores Timur,,2015-10,0.1511806861809856,10,0.1511806861809856,VIIRS DNB,nW/cm2/sr,2015,"{""type"":""MultiPoint"",""coordinates"":[]}"
21_00000000000000000003,BA03050040,,,,,,,53.71,53,159.334041006,TASWIL5000020230907KABKOTA,Kota Kupang,,0.0131469663875,0.949087585397,4326,5,,,Kota Kupang,Nusa Tenggara Timur,,0,Kupang,,2015-10,2.807127076550327,10,2.807127076550327,VIIRS DNB,nW/cm2/sr,2015,"{""type"":""MultiPoint"",""coordinates"":[]}"
21_0000000000000000000c,BA03050040,,,,,,,53.14,53,1286.45281117,TASWIL5000020230907KABKOTA,Rote Ndao,,0.106321906477,4.76909476004,4326,4,,,Rote Ndao,Nusa Tenggara Timur,,0,Kupang,,2015-10,0.08575725605947487,10,0.08575725605947487,VIIRS DNB,nW/cm2/sr,2015,"{""type"":""MultiPoint"",""coordinates"":[]}"
21_0000000000000000000d,BA03050040,,,,,,,53.20,53,460.956594118,TASWIL5000020230907KABKOTA,Sabu Raijua,,0.0380736571077,1.23438979443,4326,4,,,Sabu Raijua,Nusa Tenggara Timur,,0,Kupang,,2015-10,0.07849752771812177,10,0.07849752771812177,VIIRS DNB,nW/cm2/sr,2015,"{""type"":""MultiPoint"",""coordinates"":[]}"
21_00000000000000000008,BA03050040,,,,,,,53.15,53,3128.99733567,TASWIL5000020230907KABKOTA,Manggarai Barat,,0.257018604578,10.7211601624,4326,4,,,Manggarai Barat,Nusa Tenggara Timur,,0,Manggarai,,2015-10,0.05661638787190968,10,0.05661638787190968,VIIRS DNB,nW/cm2/sr,2015,"{""type"":""MultiPoint"",""coordinates"":[]}"
21_00000000000000000009,BA03050040,,,,,,,53.19,53,2389.52959786,TASWIL5000020230907KABKOTA,Manggarai Timur,,0.196263276889,2.60910655519,4326,4,,,Manggarai Timur,Nusa Tenggara Timur,,0,Manggarai,,2015-10,0.05675388759846644,10,0.05675388759846644,VIIRS DNB,nW/cm2/sr,2015,"{""type"":""MultiPoint"",""coordinates"":[]}"
21_0000000000000000000a,BA03050040,,,,,,,53.16,53,1396.16423098,TASWIL5000020230907KABKOTA,Nagekeo,,0.114707914625,2.15252417923,4326,4,,,Nagekeo,Nusa Tenggara Timur,,0,Ngada,,2015-10,0.08209328787535616,10,0.08209328787535616,VIIRS DNB,nW/cm2/sr,2015,"{""type"":""MultiPoint"",""coordinates"":[]}"
21_00000000000000000010,BA03050040,,,,,,,53.17,53,1789.65872064,TASWIL5000020230907KABKOTA,Sumba Tengah,,0.147379835649,2.42469258111,4326,4,,,Sumba Tengah,Nusa Tenggara Timur,,0,Sumba Barat,,2015-10,0.03778952185118564,10,0.03778952185118564,VIIRS DNB,nW/cm2/sr,2015,"{""type"":""MultiPoint"",""coordinates"":[]}"
21_00000000000000000014,BA03050040,,,,,,,53.18,53,1383.31224571,TASWIL5000020230907KABKOTA,Sumba Barat Daya,,0.113913848979,1.59805558471,4326,4,,,Sumba Barat Daya,Nusa Tenggara Timur,,0,Sumba Barat,,2015-10,0.051633116260482205,10,0.051633116260482205,VIIRS DNB,nW/cm2/sr,2015,"{""type"":""MultiPoint"",""coordinates"":[]}"
22_00000000000000000000,BA03050040,,,,,,,53.05,53,2928.55881854,TASWIL5000020230907KABKOTA,Alor,,0.24037265184,5.67288749982,4326,4,,,Alor,Nusa Tenggara Timur,,0,,,2015-11,0.05825462788243214,11,0.05825462788243214,VIIRS DNB,nW/cm2/sr,2015,"{""type"":""MultiPoint"",""coordinates"":[]}"
22_00000000000000000001,BA03050040,,,,,,,53.04,53,1127.25008655,TASWIL5000020230907KABKOTA,Belu,,0.0927289736817,2.29261763369,4326,4,,,Belu,Nusa Tenggara Timur,,0,,,2015-11,0.0861062623433943,11,0.0861062623433943,VIIRS DNB,nW/cm2/sr,2015,"{""type"":""MultiPoint"",""coordinates"":[]}"
22_00000000000000000002,BA03050040,,,,,,,53.06,53,1748.5165523,TASWIL5000020230907KABKOTA,Flores Timur,,0.143538260694,4.68012528849,4326,4,,,Flores Timur,Nusa Tenggara Timur,,0,,,2015-11,0.042394976420028076,11,0.042394976420028076,VIIRS DNB,nW/cm2/sr,2015,"{""type"":""MultiPoint"",""coordinates"":[]}"
22_00000000000000000004,BA03050040,,,,,,,53.01,53,5136.51008742,TASWIL5000020230907KABKOTA,Kupang,,0.423459507198,6.26740520892,4326,4,,,Kupang,Nusa Tenggara Timur,,0,,,2015-11,0.05128509672338757,11,0.05128509672338757,VIIRS DNB,nW/cm2/sr,2015,"{""type"":""MultiPoint"",""coordinates"":[]}"
22_00000000000000000007,BA03050040,,,,,,,53.10,53,1343.83414797,TASWIL5000020230907KABKOTA,Manggarai,,0.11037433796,2.62044875269,4326,4,,,Manggarai,Nusa Tenggara Timur,,0,,,2015-11,0.06109071110217084,11,0.06109071110217084,VIIRS DNB,nW/cm2/sr,2015,"{""type"":""MultiPoint"",""coordinates"":[]}"
22_0000000000000000000b,BA03050040,,,,,,,53.09,53,1735.63521769,TASWIL5000020230907KABKOTA,Ngada,,0.142589549676,2.86650785507,4326,4,,,Ngada,Nusa Tenggara Timur,,0,,,2015-11,0.0401919193055045,11,0.0401919193055045,VIIRS DNB,nW/cm2/sr,2015,"{""type"":""MultiPoint"",""coordinates"":[]}"
22_0000000000000000000e,BA03050040,,,,,,,53.07,53,1671.64902391,TASWIL5000020230907KABKOTA,Sikka,,0.137312979206,3.89925449996,4326,4,,,Sikka,Nusa Tenggara Timur,,0,,,2015-11,0.08614546250099366,11,0.08614546250099366,VIIRS DNB,nW/cm2/sr,2015,"{""type"":""MultiPoint"",""coordinates"":[]}"
22_0000000000000000000f,BA03050040,,,,,,,53.12,53,757.407641007,TASWIL5000020230907KABKOTA,Sumba Barat,,0.0623907023605,2.04212111278,4326,4,,,Sumba Barat,Nusa Tenggara Timur,,0,,,2015-11,0.04987001530797017,11,0.04987001530797017,VIIRS DNB,nW/cm2/sr,2015,"{""type"":""MultiPoint"",""coordinates"":[]}"
22_00000000000000000011,BA03050040,,,,,,,53.11,53,6984.01403441,TASWIL5000020230907KABKOTA,Sumba Timur,,0.575702142252,4.80415749282,4326,4,,,Sumba Timur,Nusa Tenggara Timur,,0,,,2015-11,0.028699912243966896,11,0.028699912243966896,VIIRS DNB,nW/cm2/sr,2015,"{""type"":""MultiPoint"",""coordinates"":[]}"
22_00000000000000000012,BA03050040,,,,,,,53.02,53,3933.15111495,TASWIL5000020230907KABKOTA,Timor Tengah Selatan,,0.324167140101,3.32375028444,4326,4,,,Timor Tengah Selatan,Nusa Tenggara Timur,,0,,,2015-11,0.040219340681297386,11,0.040219340681297386,VIIRS DNB,nW/cm2/sr,2015,"{""type"":""MultiPoint"",""coordinates"":[]}"
22_00000000000000000013,BA03050040,,,,,,,53.03,53,2623.19983128,TASWIL5000020230907KABKOTA,Timor Tengah Utara,,0.215921651765,3.4787254107,4326,4,,,Timor Tengah Utara,Nusa Tenggara Timur,,0,,,2015-11,0.044535653318207254,11,0.044535653318207254,VIIRS DNB,nW/cm2/sr,2015,"{""type"":""MultiPoint"",""coordinates"":[]}"
22_00000000000000000015,BA03050040,,,,,,,53.08,53,2085.24387061,TASWIL5000020230907KABKOTA,Ende,,0.171316232886,2.99297540949,4326,4,,,Ende,Nusa Tenggara Timur,,0,,,2015-11,0.06183977957831889,11,0.06183977957831889,VIIRS DNB,nW/cm2/sr,2015,"{""type"":""MultiPoint"",""coordinates"":[]}"
22_00000000000000000006,BA03050040,,,,,,,53.21,53,1109.16204574,TASWIL5000020230907KABKOTA,Malaka,,0.0913351434015,2.23370514726,4326,4,,,Malaka,Nusa Tenggara Timur,,0,Belu,,2015-11,0.05474781426958215,11,0.05474781426958215,VIIRS DNB,nW/cm2/sr,2015,"{""type"":""MultiPoint"",""coordinates"":[]}"
22_00000000000000000005,BA03050040,,,,,,,53.13,53,1268.10489804,TASWIL5000020230907KABKOTA,Lembata,,0.10410466891,3.45188597769,4326,4,,,Lembata,Nusa Tenggara Timur,,0,Flores Timur,,2015-11,0.039872630344773334,11,0.039872630344773334,VIIRS DNB,nW/cm2/sr,2015,"{""type"":""MultiPoint"",""coordinates"":[]}"
22_00000000000000000003,BA03050040,,,,,,,53.71,53,159.334041006,TASWIL5000020230907KABKOTA,Kota Kupang,,0.0131469663875,0.949087585397,4326,5,,,Kota Kupang,Nusa Tenggara Timur,,0,Kupang,,2015-11,2.4752462434151123,11,2.4752462434151123,VIIRS DNB,nW/cm2/sr,2015,"{""type"":""MultiPoint"",""coordinates"":[]}"
22_0000000000000000000c,BA03050040,,,,,,,53.14,53,1286.45281117,TASWIL5000020230907KABKOTA,Rote Ndao,,0.106321906477,4.76909476004,4326,4,,,Rote Ndao,Nusa Tenggara Timur,,0,Kupang,,2015-11,0.046803550309255613,11,0.046803550309255613,VIIRS DNB,nW/cm2/sr,2015,"{""type"":""MultiPoint"",""coordinates"":[]}"
22_0000000000000000000d,BA03050040,,,,,,,53.20,53,460.956594118,TASWIL5000020230907KABKOTA,Sabu Raijua,,0.0380736571077,1.23438979443,4326,4,,,Sabu Raijua,Nusa Tenggara Timur,,0,Kupang,,2015-11,0.044934624669482566,11,0.044934624669482566,VIIRS DNB,nW/cm2/sr,2015,"{""type"":""MultiPoint"",""coordinates"":[]}"
22_00000000000000000008,BA03050040,,,,,,,53.15,53,3128.99733567,TASWIL5000020230907KABKOTA,Manggarai Barat,,0.257018604578,10.7211601624,4326,4,,,Manggarai Barat,Nusa Tenggara Timur,,0,Manggarai,,2015-11,0.029890745457078555,11,0.029890745457078555,VIIRS DNB,nW/cm2/sr,2015,"{""type"":""MultiPoint"",""coordinates"":[]}"
22_00000000000000000009,BA03050040,,,,,,,53.19,53,2389.52959786,TASWIL5000020230907KABKOTA,Manggarai Timur,,0.196263276889,2.60910655519,4326,4,,,Manggarai Timur,Nusa Tenggara Timur,,0,Manggarai,,2015-11,0.01801484347335018,11,0.01801484347335018,VIIRS DNB,nW/cm2/sr,2015,"{""type"":""MultiPoint"",""coordinates"":[]}"
22_0000000000000000000a,BA03050040,,,,,,,53.16,53,1396.16423098,TASWIL5000020230907KABKOTA,Nagekeo,,0.114707914625,2.15252417923,4326,4,,,Nagekeo,Nusa Tenggara Timur,,0,Ngada,,2015-11,0.05625007703103443,11,0.05625007703103443,VIIRS DNB,nW/cm2/sr,2015,"{""type"":""MultiPoint"",""coordinates"":[]}"
22_00000000000000000010,BA03050040,,,,,,,53.17,53,1789.65872064,TASWIL5000020230907KABKOTA,Sumba Tengah,,0.147379835649,2.42469258111,4326,4,,,Sumba Tengah,Nusa Tenggara Timur,,0,Sumba Barat,,2015-11,0.011836193398168804,11,0.011836193398168804,VIIRS DNB,nW/cm2/sr,2015,"{""type"":""MultiPoint"",""coordinates"":[]}"
22_00000000000000000014,BA03050040,,,,,,,53.18,53,1383.31224571,TASWIL5000020230907KABKOTA,Sumba Barat Daya,,0.113913848979,1.59805558471,4326,4,,,Sumba Barat Daya,Nusa Tenggara Timur,,0,Sumba Barat,,2015-11,0.04550967677514082,11,0.04550967677514082,VIIRS DNB,nW/cm2/sr,2015,"{""type"":""MultiPoint"",""coordinates"":[]}"
23_00000000000000000000,BA03050040,,,,,,,53.05,53,2928.55881854,TASWIL5000020230907KABKOTA,Alor,,0.24037265184,5.67288749982,4326,4,,,Alor,Nusa Tenggara Timur,,0,,,2015-12,0.014331375425734738,12,0.014331375425734738,VIIRS DNB,nW/cm2/sr,2015,"{""type"":""MultiPoint"",""coordinates"":[]}"
23_00000000000000000001,BA03050040,,,,,,,53.04,53,1127.25008655,TASWIL5000020230907KABKOTA,Belu,,0.0927289736817,2.29261763369,4326,4,,,Belu,Nusa Tenggara Timur,,0,,,2015-12,0.07648620001707171,12,0.07648620001707171,VIIRS DNB,nW/cm2/sr,2015,"{""type"":""MultiPoint"",""coordinates"":[]}"
23_00000000000000000002,BA03050040,,,,,,,53.06,53,1748.5165523,TASWIL5000020230907KABKOTA,Flores Timur,,0.143538260694,4.68012528849,4326,4,,,Flores Timur,Nusa Tenggara Timur,,0,,,2015-12,0.05438767419224742,12,0.05438767419224742,VIIRS DNB,nW/cm2/sr,2015,"{""type"":""MultiPoint"",""coordinates"":[]}"
23_00000000000000000004,BA03050040,,,,,,,53.01,53,5136.51008742,TASWIL5000020230907KABKOTA,Kupang,,0.423459507198,6.26740520892,4326,4,,,Kupang,Nusa Tenggara Timur,,0,,,2015-12,0.03289692945943921,12,0.03289692945943921,VIIRS DNB,nW/cm2/sr,2015,"{""type"":""MultiPoint"",""coordinates"":[]}"
23_00000000000000000007,BA03050040,,,,,,,53.10,53,1343.83414797,TASWIL5000020230907KABKOTA,Manggarai,,0.11037433796,2.62044875269,4326,4,,,Manggarai,Nusa Tenggara Timur,,0,,,2015-12,0.06692797077020006,12,0.06692797077020006,VIIRS DNB,nW/cm2/sr,2015,"{""type"":""MultiPoint"",""coordinates"":[]}"
23_0000000000000000000b,BA03050040,,,,,,,53.09,53,1735.63521769,TASWIL5000020230907KABKOTA,Ngada,,0.142589549676,2.86650785507,4326,4,,,Ngada,Nusa Tenggara Timur,,0,,,2015-12,0.018839031469939368,12,0.018839031469939368,VIIRS DNB,nW/cm2/sr,2015,"{""type"":""MultiPoint"",""coordinates"":[]}"
23_0000000000000000000e,BA03050040,,,,,,,53.07,53,1671.64902391,TASWIL5000020230907KABKOTA,Sikka,,0.137312979206,3.89925449996,4326,4,,,Sikka,Nusa Tenggara Timur,,0,,,2015-12,0.07459318477717389,12,0.07459318477717389,VIIRS DNB,nW/cm2/sr,2015,"{""type"":""MultiPoint"",""coordinates"":[]}"
23_0000000000000000000f,BA03050040,,,,,,,53.12,53,757.407641007,TASWIL5000020230907KABKOTA,Sumba Barat,,0.0623907023605,2.04212111278,4326,4,,,Sumba Barat,Nusa Tenggara Timur,,0,,,2015-12,0.01295976297661478,12,0.01295976297661478,VIIRS DNB,nW/cm2/sr,2015,"{""type"":""MultiPoint"",""coordinates"":[]}"
23_00000000000000000011,BA03050040,,,,,,,53.11,53,6984.01403441,TASWIL5000020230907KABKOTA,Sumba Timur,,0.575702142252,4.80415749282,4326,4,,,Sumba Timur,Nusa Tenggara Timur,,0,,,2015-12,0.0014948946235670778,12,0.0014948946235670778,VIIRS DNB,nW/cm2/sr,2015,"{""type"":""MultiPoint"",""coordinates"":[]}"
23_00000000000000000012,BA03050040,,,,,,,53.02,53,3933.15111495,TASWIL5000020230907KABKOTA,Timor Tengah Selatan,,0.324167140101,3.32375028444,4326,4,,,Timor Tengah Selatan,Nusa Tenggara Timur,,0,,,2015-12,0.02023216827230945,12,0.02023216827230945,VIIRS DNB,nW/cm2/sr,2015,"{""type"":""MultiPoint"",""coordinates"":[]}"
23_00000000000000000013,BA03050040,,,,,,,53.03,53,2623.19983128,TASWIL5000020230907KABKOTA,Timor Tengah Utara,,0.215921651765,3.4787254107,4326,4,,,Timor Tengah Utara,Nusa Tenggara Timur,,0,,,2015-12,0.0313950197121862,12,0.0313950197121862,VIIRS DNB,nW/cm2/sr,2015,"{""type"":""MultiPoint"",""coordinates"":[]}"
23_00000000000000000015,BA03050040,,,,,,,53.08,53,2085.24387061,TASWIL5000020230907KABKOTA,Ende,,0.171316232886,2.99297540949,4326,4,,,Ende,Nusa Tenggara Timur,,0,,,2015-12,0.06643517501455626,12,0.06643517501455626,VIIRS DNB,nW/cm2/sr,2015,"{""type"":""MultiPoint"",""coordinates"":[]}"
23_00000000000000000006,BA03050040,,,,,,,53.21,53,1109.16204574,TASWIL5000020230907KABKOTA,Malaka,,0.0913351434015,2.23370514726,4326,4,,,Malaka,Nusa Tenggara Timur,,0,Belu,,2015-12,0.053584617000414135,12,0.053584617000414135,VIIRS DNB,nW/cm2/sr,2015,"{""type"":""MultiPoint"",""coordinates"":[]}"
23_00000000000000000005,BA03050040,,,,,,,53.13,53,1268.10489804,TASWIL5000020230907KABKOTA,Lembata,,0.10410466891,3.45188597769,4326,4,,,Lembata,Nusa Tenggara Timur,,0,Flores Timur,,2015-12,0.05853173994463874,12,0.05853173994463874,VIIRS DNB,nW/cm2/sr,2015,"{""type"":""MultiPoint"",""coordinates"":[]}"
23_00000000000000000003,BA03050040,,,,,,,53.71,53,159.334041006,TASWIL5000020230907KABKOTA,Kota Kupang,,0.0131469663875,0.949087585397,4326,5,,,Kota Kupang,Nusa Tenggara Timur,,0,Kupang,,2015-12,2.192523843460476,12,2.192523843460476,VIIRS DNB,nW/cm2/sr,2015,"{""type"":""MultiPoint"",""coordinates"":[]}"
23_0000000000000000000c,BA03050040,,,,,,,53.14,53,1286.45281117,TASWIL5000020230907KABKOTA,Rote Ndao,,0.106321906477,4.76909476004,4326,4,,,Rote Ndao,Nusa Tenggara Timur,,0,Kupang,,2015-12,0.02541948096961725,12,0.02541948096961725,VIIRS DNB,nW/cm2/sr,2015,"{""type"":""MultiPoint"",""coordinates"":[]}"
23_0000000000000000000d,BA03050040,,,,,,,53.20,53,460.956594118,TASWIL5000020230907KABKOTA,Sabu Raijua,,0.0380736571077,1.23438979443,4326,4,,,Sabu Raijua,Nusa Tenggara Timur,,0,Kupang,,2015-12,0.048984557120821205,12,0.048984557120821205,VIIRS DNB,nW/cm2/sr,2015,"{""type"":""MultiPoint"",""coordinates"":[]}"
23_00000000000000000008,BA03050040,,,,,,,53.15,53,3128.99733567,TASWIL5000020230907KABKOTA,Manggarai Barat,,0.257018604578,10.7211601624,4326,4,,,Manggarai Barat,Nusa Tenggara Timur,,0,Manggarai,,2015-12,0.029192561144984006,12,0.029192561144984006,VIIRS DNB,nW/cm2/sr,2015,"{""type"":""MultiPoint"",""coordinates"":[]}"
23_00000000000000000009,BA03050040,,,,,,,53.19,53,2389.52959786,TASWIL5000020230907KABKOTA,Manggarai Timur,,0.196263276889,2.60910655519,4326,4,,,Manggarai Timur,Nusa Tenggara Timur,,0,Manggarai,,2015-12,0.013526371768336593,12,0.013526371768336593,VIIRS DNB,nW/cm2/sr,2015,"{""type"":""MultiPoint"",""coordinates"":[]}"
23_0000000000000000000a,BA03050040,,,,,,,53.16,53,1396.16423098,TASWIL5000020230907KABKOTA,Nagekeo,,0.114707914625,2.15252417923,4326,4,,,Nagekeo,Nusa Tenggara Timur,,0,Ngada,,2015-12,0.026220612337956965,12,0.026220612337956965,VIIRS DNB,nW/cm2/sr,2015,"{""type"":""MultiPoint"",""coordinates"":[]}"
23_00000000000000000010,BA03050040,,,,,,,53.17,53,1789.65872064,TASWIL5000020230907KABKOTA,Sumba Tengah,,0.147379835649,2.42469258111,4326,4,,,Sumba Tengah,Nusa Tenggara Timur,,0,Sumba Barat,,2015-12,-0.008978306856555124,12,-0.008978306856555124,VIIRS DNB,nW/cm2/sr,2015,"{""type"":""MultiPoint"",""coordinates"":[]}"
23_00000000000000000014,BA03050040,,,,,,,53.18,53,1383.31224571,TASWIL5000020230907KABKOTA,Sumba Barat Daya,,0.113913848979,1.59805558471,4326,4,,,Sumba Barat Daya,Nusa Tenggara Timur,,0,Sumba Barat,,2015-12,0.007697472731591298,12,0.007697472731591298,VIIRS DNB,nW/cm2/sr,2015,"{""type"":""MultiPoint"",""coordinates"":[]}"
24_00000000000000000000,BA03050040,,,,,,,53.05,53,2928.55881854,TASWIL5000020230907KABKOTA,Alor,,0.24037265184,5.67288749982,4326,4,,,Alor,Nusa Tenggara Timur,,0,,,2016-01,-0.03289076275588137,1,-0.03289076275588137,VIIRS DNB,nW/cm2/sr,2016,"{""type"":""MultiPoint"",""coordinates"":[]}"
24_00000000000000000001,BA03050040,,,,,,,53.04,53,1127.25008655,TASWIL5000020230907KABKOTA,Belu,,0.0927289736817,2.29261763369,4326,4,,,Belu,Nusa Tenggara Timur,,0,,,2016-01,0.04818455110012866,1,0.04818455110012866,VIIRS DNB,nW/cm2/sr,2016,"{""type"":""MultiPoint"",""coordinates"":[]}"
24_00000000000000000002,BA03050040,,,,,,,53.06,53,1748.5165523,TASWIL5000020230907KABKOTA,Flores Timur,,0.143538260694,4.68012528849,4326,4,,,Flores Timur,Nusa Tenggara Timur,,0,,,2016-01,-0.0052930470124348365,1,-0.0052930470124348365,VIIRS DNB,nW/cm2/sr,2016,"{""type"":""MultiPoint"",""coordinates"":[]}"
24_00000000000000000004,BA03050040,,,,,,,53.01,53,5136.51008742,TASWIL5000020230907KABKOTA,Kupang,,0.423459507198,6.26740520892,4326,4,,,Kupang,Nusa Tenggara Timur,,0,,,2016-01,0.0021138633683816604,1,0.0021138633683816604,VIIRS DNB,nW/cm2/sr,2016,"{""type"":""MultiPoint"",""coordinates"":[]}"
24_00000000000000000007,BA03050040,,,,,,,53.10,53,1343.83414797,TASWIL5000020230907KABKOTA,Manggarai,,0.11037433796,2.62044875269,4326,4,,,Manggarai,Nusa Tenggara Timur,,0,,,2016-01,0.00345109128637846,1,0.00345109128637846,VIIRS DNB,nW/cm2/sr,2016,"{""type"":""MultiPoint"",""coordinates"":[]}"
24_0000000000000000000b,BA03050040,,,,,,,53.09,53,1735.63521769,TASWIL5000020230907KABKOTA,Ngada,,0.142589549676,2.86650785507,4326,4,,,Ngada,Nusa Tenggara Timur,,0,,,2016-01,-0.03192914751202062,1,-0.03192914751202062,VIIRS DNB,nW/cm2/sr,2016,"{""type"":""MultiPoint"",""coordinates"":[]}"
24_0000000000000000000e,BA03050040,,,,,,,53.07,53,1671.64902391,TASWIL5000020230907KABKOTA,Sikka,,0.137312979206,3.89925449996,4326,4,,,Sikka,Nusa Tenggara Timur,,0,,,2016-01,0.01967563751488626,1,0.01967563751488626,VIIRS DNB,nW/cm2/sr,2016,"{""type"":""MultiPoint"",""coordinates"":[]}"
24_0000000000000000000f,BA03050040,,,,,,,53.12,53,757.407641007,TASWIL5000020230907KABKOTA,Sumba Barat,,0.0623907023605,2.04212111278,4326,4,,,Sumba Barat,Nusa Tenggara Timur,,0,,,2016-01,-0.01584873188616803,1,-0.01584873188616803,VIIRS DNB,nW/cm2/sr,2016,"{""type"":""MultiPoint"",""coordinates"":[]}"
24_00000000000000000011,BA03050040,,,,,,,53.11,53,6984.01403441,TASWIL5000020230907KABKOTA,Sumba Timur,,0.575702142252,4.80415749282,4326,4,,,Sumba Timur,Nusa Tenggara Timur,,0,,,2016-01,-0.04236089264857888,1,-0.04236089264857888,VIIRS DNB,nW/cm2/sr,2016,"{""type"":""MultiPoint"",""coordinates"":[]}"
24_00000000000000000012,BA03050040,,,,,,,53.02,53,3933.15111495,TASWIL5000020230907KABKOTA,Timor Tengah Selatan,,0.324167140101,3.32375028444,4326,4,,,Timor Tengah Selatan,Nusa Tenggara Timur,,0,,,2016-01,-0.012196547049332842,1,-0.012196547049332842,VIIRS DNB,nW/cm2/sr,2016,"{""type"":""MultiPoint"",""coordinates"":[]}"
24_00000000000000000013,BA03050040,,,,,,,53.03,53,2623.19983128,TASWIL5000020230907KABKOTA,Timor Tengah Utara,,0.215921651765,3.4787254107,4326,4,,,Timor Tengah Utara,Nusa Tenggara Timur,,0,,,2016-01,-0.01015542722319213,1,-0.01015542722319213,VIIRS DNB,nW/cm2/sr,2016,"{""type"":""MultiPoint"",""coordinates"":[]}"
24_00000000000000000015,BA03050040,,,,,,,53.08,53,2085.24387061,TASWIL5000020230907KABKOTA,Ende,,0.171316232886,2.99297540949,4326,4,,,Ende,Nusa Tenggara Timur,,0,,,2016-01,0.0038207494609180824,1,0.0038207494609180824,VIIRS DNB,nW/cm2/sr,2016,"{""type"":""MultiPoint"",""coordinates"":[]}"
24_00000000000000000006,BA03050040,,,,,,,53.21,53,1109.16204574,TASWIL5000020230907KABKOTA,Malaka,,0.0913351434015,2.23370514726,4326,4,,,Malaka,Nusa Tenggara Timur,,0,Belu,,2016-01,0.01016639951488162,1,0.01016639951488162,VIIRS DNB,nW/cm2/sr,2016,"{""type"":""MultiPoint"",""coordinates"":[]}"
24_00000000000000000005,BA03050040,,,,,,,53.13,53,1268.10489804,TASWIL5000020230907KABKOTA,Lembata,,0.10410466891,3.45188597769,4326,4,,,Lembata,Nusa Tenggara Timur,,0,Flores Timur,,2016-01,-0.02027173312338919,1,-0.02027173312338919,VIIRS DNB,nW/cm2/sr,2016,"{""type"":""MultiPoint"",""coordinates"":[]}"
24_00000000000000000003,BA03050040,,,,,,,53.71,53,159.334041006,TASWIL5000020230907KABKOTA,Kota Kupang,,0.0131469663875,0.949087585397,4326,5,,,Kota Kupang,Nusa Tenggara Timur,,0,Kupang,,2016-01,2.317669781107486,1,2.317669781107486,VIIRS DNB,nW/cm2/sr,2016,"{""type"":""MultiPoint"",""coordinates"":[]}"
24_0000000000000000000c,BA03050040,,,,,,,53.14,53,1286.45281117,TASWIL5000020230907KABKOTA,Rote Ndao,,0.106321906477,4.76909476004,4326,4,,,Rote Ndao,Nusa Tenggara Timur,,0,Kupang,,2016-01,-0.002223156086117458,1,-0.002223156086117458,VIIRS DNB,nW/cm2/sr,2016,"{""type"":""MultiPoint"",""coordinates"":[]}"
24_0000000000000000000d,BA03050040,,,,,,,53.20,53,460.956594118,TASWIL5000020230907KABKOTA,Sabu Raijua,,0.0380736571077,1.23438979443,4326,4,,,Sabu Raijua,Nusa Tenggara Timur,,0,Kupang,,2016-01,-0.026477374328975522,1,-0.026477374328975522,VIIRS DNB,nW/cm2/sr,2016,"{""type"":""MultiPoint"",""coordinates"":[]}"
24_00000000000000000008,BA03050040,,,,,,,53.15,53,3128.99733567,TASWIL5000020230907KABKOTA,Manggarai Barat,,0.257018604578,10.7211601624,4326,4,,,Manggarai Barat,Nusa Tenggara Timur,,0,Manggarai,,2016-01,-0.039785500201440484,1,-0.039785500201440484,VIIRS DNB,nW/cm2/sr,2016,"{""type"":""MultiPoint"",""coordinates"":[]}"
24_00000000000000000009,BA03050040,,,,,,,53.19,53,2389.52959786,TASWIL5000020230907KABKOTA,Manggarai Timur,,0.196263276889,2.60910655519,4326,4,,,Manggarai Timur,Nusa Tenggara Timur,,0,Manggarai,,2016-01,-0.041620746551644126,1,-0.041620746551644126,VIIRS DNB,nW/cm2/sr,2016,"{""type"":""MultiPoint"",""coordinates"":[]}"
24_0000000000000000000a,BA03050040,,,,,,,53.16,53,1396.16423098,TASWIL5000020230907KABKOTA,Nagekeo,,0.114707914625,2.15252417923,4326,4,,,Nagekeo,Nusa Tenggara Timur,,0,Ngada,,2016-01,-0.017571895987001554,1,-0.017571895987001554,VIIRS DNB,nW/cm2/sr,2016,"{""type"":""MultiPoint"",""coordinates"":[]}"
24_00000000000000000010,BA03050040,,,,,,,53.17,53,1789.65872064,TASWIL5000020230907KABKOTA,Sumba Tengah,,0.147379835649,2.42469258111,4326,4,,,Sumba Tengah,Nusa Tenggara Timur,,0,Sumba Barat,,2016-01,-0.04490108772145333,1,-0.04490108772145333,VIIRS DNB,nW/cm2/sr,2016,"{""type"":""MultiPoint"",""coordinates"":[]}"
24_00000000000000000014,BA03050040,,,,,,,53.18,53,1383.31224571,TASWIL5000020230907KABKOTA,Sumba Barat Daya,,0.113913848979,1.59805558471,4326,4,,,Sumba Barat Daya,Nusa Tenggara Timur,,0,Sumba Barat,,2016-01,-0.018737117090614458,1,-0.018737117090614458,VIIRS DNB,nW/cm2/sr,2016,"{""type"":""MultiPoint"",""coordinates"":[]}"
25_00000000000000000000,BA03050040,,,,,,,53.05,53,2928.55881854,TASWIL5000020230907KABKOTA,Alor,,0.24037265184,5.67288749982,4326,4,,,Alor,Nusa Tenggara Timur,,0,,,2016-02,-0.07868022833240766,2,-0.07868022833240766,VIIRS DNB,nW/cm2/sr,2016,"{""type"":""MultiPoint"",""coordinates"":[]}"
25_00000000000000000001,BA03050040,,,,,,,53.04,53,1127.25008655,TASWIL5000020230907KABKOTA,Belu,,0.0927289736817,2.29261763369,4326,4,,,Belu,Nusa Tenggara Timur,,0,,,2016-02,0.03772717907716146,2,0.03772717907716146,VIIRS DNB,nW/cm2/sr,2016,"{""type"":""MultiPoint"",""coordinates"":[]}"
25_00000000000000000002,BA03050040,,,,,,,53.06,53,1748.5165523,TASWIL5000020230907KABKOTA,Flores Timur,,0.143538260694,4.68012528849,4326,4,,,Flores Timur,Nusa Tenggara Timur,,0,,,2016-02,-0.010610739957182867,2,-0.010610739957182867,VIIRS DNB,nW/cm2/sr,2016,"{""type"":""MultiPoint"",""coordinates"":[]}"
25_00000000000000000004,BA03050040,,,,,,,53.01,53,5136.51008742,TASWIL5000020230907KABKOTA,Kupang,,0.423459507198,6.26740520892,4326,4,,,Kupang,Nusa Tenggara Timur,,0,,,2016-02,0.01795733852887791,2,0.01795733852887791,VIIRS DNB,nW/cm2/sr,2016,"{""type"":""MultiPoint"",""coordinates"":[]}"
25_00000000000000000007,BA03050040,,,,,,,53.10,53,1343.83414797,TASWIL5000020230907KABKOTA,Manggarai,,0.11037433796,2.62044875269,4326,4,,,Manggarai,Nusa Tenggara Timur,,0,,,2016-02,0.0027186253187012404,2,0.0027186253187012404,VIIRS DNB,nW/cm2/sr,2016,"{""type"":""MultiPoint"",""coordinates"":[]}"
25_0000000000000000000b,BA03050040,,,,,,,53.09,53,1735.63521769,TASWIL5000020230907KABKOTA,Ngada,,0.142589549676,2.86650785507,4326,4,,,Ngada,Nusa Tenggara Timur,,0,,,2016-02,-0.00931359331756251,2,-0.00931359331756251,VIIRS DNB,nW/cm2/sr,2016,"{""type"":""MultiPoint"",""coordinates"":[]}"
25_0000000000000000000e,BA03050040,,,,,,,53.07,53,1671.64902391,TASWIL5000020230907KABKOTA,Sikka,,0.137312979206,3.89925449996,4326,4,,,Sikka,Nusa Tenggara Timur,,0,,,2016-02,0.008865277264118185,2,0.008865277264118185,VIIRS DNB,nW/cm2/sr,2016,"{""type"":""MultiPoint"",""coordinates"":[]}"
25_0000000000000000000f,BA03050040,,,,,,,53.12,53,757.407641007,TASWIL5000020230907KABKOTA,Sumba Barat,,0.0623907023605,2.04212111278,4326,4,,,Sumba Barat,Nusa Tenggara Timur,,0,,,2016-02,0.030535315462351373,2,0.030535315462351373,VIIRS DNB,nW/cm2/sr,2016,"{""type"":""MultiPoint"",""coordinates"":[]}"
25_00000000000000000011,BA03050040,,,,,,,53.11,53,6984.01403441,TASWIL5000020230907KABKOTA,Sumba Timur,,0.575702142252,4.80415749282,4326,4,,,Sumba Timur,Nusa Tenggara Timur,,0,,,2016-02,-0.005167502521368227,2,-0.005167502521368227,VIIRS DNB,nW/cm2/sr,2016,"{""type"":""MultiPoint"",""coordinates"":[]}"
25_00000000000000000012,BA03050040,,,,,,,53.02,53,3933.15111495,TASWIL5000020230907KABKOTA,Timor Tengah Selatan,,0.324167140101,3.32375028444,4326,4,,,Timor Tengah Selatan,Nusa Tenggara Timur,,0,,,2016-02,-0.00851584723368345,2,-0.00851584723368345,VIIRS DNB,nW/cm2/sr,2016,"{""type"":""MultiPoint"",""coordinates"":[]}"
25_00000000000000000013,BA03050040,,,,,,,53.03,53,2623.19983128,TASWIL5000020230907KABKOTA,Timor Tengah Utara,,0.215921651765,3.4787254107,4326,4,,,Timor Tengah Utara,Nusa Tenggara Timur,,0,,,2016-02,0.0022433418622283124,2,0.0022433418622283124,VIIRS DNB,nW/cm2/sr,2016,"{""type"":""MultiPoint"",""coordinates"":[]}"
25_00000000000000000015,BA03050040,,,,,,,53.08,53,2085.24387061,TASWIL5000020230907KABKOTA,Ende,,0.171316232886,2.99297540949,4326,4,,,Ende,Nusa Tenggara Timur,,0,,,2016-02,-0.016167837993158875,2,-0.016167837993158875,VIIRS DNB,nW/cm2/sr,2016,"{""type"":""MultiPoint"",""coordinates"":[]}"
25_00000000000000000006,BA03050040,,,,,,,53.21,53,1109.16204574,TASWIL5000020230907KABKOTA,Malaka,,0.0913351434015,2.23370514726,4326,4,,,Malaka,Nusa Tenggara Timur,,0,Belu,,2016-02,-0.028374632293719487,2,-0.028374632293719487,VIIRS DNB,nW/cm2/sr,2016,"{""type"":""MultiPoint"",""coordinates"":[]}"
25_00000000000000000005,BA03050040,,,,,,,53.13,53,1268.10489804,TASWIL5000020230907KABKOTA,Lembata,,0.10410466891,3.45188597769,4326,4,,,Lembata,Nusa Tenggara Timur,,0,Flores Timur,,2016-02,-0.004560401259876683,2,-0.004560401259876683,VIIRS DNB,nW/cm2/sr,2016,"{""type"":""MultiPoint"",""coordinates"":[]}"
25_00000000000000000003,BA03050040,,,,,,,53.71,53,159.334041006,TASWIL5000020230907KABKOTA,Kota Kupang,,0.0131469663875,0.949087585397,4326,5,,,Kota Kupang,Nusa Tenggara Timur,,0,Kupang,,2016-02,2.0179878672045057,2,2.0179878672045057,VIIRS DNB,nW/cm2/sr,2016,"{""type"":""MultiPoint"",""coordinates"":[]}"
25_0000000000000000000c,BA03050040,,,,,,,53.14,53,1286.45281117,TASWIL5000020230907KABKOTA,Rote Ndao,,0.106321906477,4.76909476004,4326,4,,,Rote Ndao,Nusa Tenggara Timur,,0,Kupang,,2016-02,0.003189945391045661,2,0.003189945391045661,VIIRS DNB,nW/cm2/sr,2016,"{""type"":""MultiPoint"",""coordinates"":[]}"
25_0000000000000000000d,BA03050040,,,,,,,53.20,53,460.956594118,TASWIL5000020230907KABKOTA,Sabu Raijua,,0.0380736571077,1.23438979443,4326,4,,,Sabu Raijua,Nusa Tenggara Timur,,0,Kupang,,2016-02,0.003382444273593235,2,0.003382444273593235,VIIRS DNB,nW/cm2/sr,2016,"{""type"":""MultiPoint"",""coordinates"":[]}"
25_00000000000000000008,BA03050040,,,,,,,53.15,53,3128.99733567,TASWIL5000020230907KABKOTA,Manggarai Barat,,0.257018604578,10.7211601624,4326,4,,,Manggarai Barat,Nusa Tenggara Timur,,0,Manggarai,,2016-02,0.003274207107008604,2,0.003274207107008604,VIIRS DNB,nW/cm2/sr,2016,"{""type"":""MultiPoint"",""coordinates"":[]}"
25_00000000000000000009,BA03050040,,,,,,,53.19,53,2389.52959786,TASWIL5000020230907KABKOTA,Manggarai Timur,,0.196263276889,2.60910655519,4326,4,,,Manggarai Timur,Nusa Tenggara Timur,,0,Manggarai,,2016-02,-0.025824358840659426,2,-0.025824358840659426,VIIRS DNB,nW/cm2/sr,2016,"{""type"":""MultiPoint"",""coordinates"":[]}"
25_0000000000000000000a,BA03050040,,,,,,,53.16,53,1396.16423098,TASWIL5000020230907KABKOTA,Nagekeo,,0.114707914625,2.15252417923,4326,4,,,Nagekeo,Nusa Tenggara Timur,,0,Ngada,,2016-02,-0.011543099045598438,2,-0.011543099045598438,VIIRS DNB,nW/cm2/sr,2016,"{""type"":""MultiPoint"",""coordinates"":[]}"
25_00000000000000000010,BA03050040,,,,,,,53.17,53,1789.65872064,TASWIL5000020230907KABKOTA,Sumba Tengah,,0.147379835649,2.42469258111,4326,4,,,Sumba Tengah,Nusa Tenggara Timur,,0,Sumba Barat,,2016-02,0.005081685415571079,2,0.005081685415571079,VIIRS DNB,nW/cm2/sr,2016,"{""type"":""MultiPoint"",""coordinates"":[]}"
25_00000000000000000014,BA03050040,,,,,,,53.18,53,1383.31224571,TASWIL5000020230907KABKOTA,Sumba Barat Daya,,0.113913848979,1.59805558471,4326,4,,,Sumba Barat Daya,Nusa Tenggara Timur,,0,Sumba Barat,,2016-02,0.021012568601787622,2,0.021012568601787622,VIIRS DNB,nW/cm2/sr,2016,"{""type"":""MultiPoint"",""coordinates"":[]}"
26_00000000000000000000,BA03050040,,,,,,,53.05,53,2928.55881854,TASWIL5000020230907KABKOTA,Alor,,0.24037265184,5.67288749982,4326,4,,,Alor,Nusa Tenggara Timur,,0,,,2016-03,-0.07987243697830465,3,-0.07987243697830465,VIIRS DNB,nW/cm2/sr,2016,"{""type"":""MultiPoint"",""coordinates"":[]}"
26_00000000000000000001,BA03050040,,,,,,,53.04,53,1127.25008655,TASWIL5000020230907KABKOTA,Belu,,0.0927289736817,2.29261763369,4326,4,,,Belu,Nusa Tenggara Timur,,0,,,2016-03,-0.011161804559616203,3,-0.011161804559616203,VIIRS DNB,nW/cm2/sr,2016,"{""type"":""MultiPoint"",""coordinates"":[]}"
26_00000000000000000002,BA03050040,,,,,,,53.06,53,1748.5165523,TASWIL5000020230907KABKOTA,Flores Timur,,0.143538260694,4.68012528849,4326,4,,,Flores Timur,Nusa Tenggara Timur,,0,,,2016-03,-0.05520970311617218,3,-0.05520970311617218,VIIRS DNB,nW/cm2/sr,2016,"{""type"":""MultiPoint"",""coordinates"":[]}"
26_00000000000000000004,BA03050040,,,,,,,53.01,53,5136.51008742,TASWIL5000020230907KABKOTA,Kupang,,0.423459507198,6.26740520892,4326,4,,,Kupang,Nusa Tenggara Timur,,0,,,2016-03,-0.04467249831185836,3,-0.04467249831185836,VIIRS DNB,nW/cm2/sr,2016,"{""type"":""MultiPoint"",""coordinates"":[]}"
26_00000000000000000007,BA03050040,,,,,,,53.10,53,1343.83414797,TASWIL5000020230907KABKOTA,Manggarai,,0.11037433796,2.62044875269,4326,4,,,Manggarai,Nusa Tenggara Timur,,0,,,2016-03,-0.02140647932799928,3,-0.02140647932799928,VIIRS DNB,nW/cm2/sr,2016,"{""type"":""MultiPoint"",""coordinates"":[]}"
26_0000000000000000000b,BA03050040,,,,,,,53.09,53,1735.63521769,TASWIL5000020230907KABKOTA,Ngada,,0.142589549676,2.86650785507,4326,4,,,Ngada,Nusa Tenggara Timur,,0,,,2016-03,-0.07577232981874603,3,-0.07577232981874603,VIIRS DNB,nW/cm2/sr,2016,"{""type"":""MultiPoint"",""coordinates"":[]}"
26_0000000000000000000e,BA03050040,,,,,,,53.07,53,1671.64902391,TASWIL5000020230907KABKOTA,Sikka,,0.137312979206,3.89925449996,4326,4,,,Sikka,Nusa Tenggara Timur,,0,,,2016-03,-0.026190370107631516,3,-0.026190370107631516,VIIRS DNB,nW/cm2/sr,2016,"{""type"":""MultiPoint"",""coordinates"":[]}"
26_0000000000000000000f,BA03050040,,,,,,,53.12,53,757.407641007,TASWIL5000020230907KABKOTA,Sumba Barat,,0.0623907023605,2.04212111278,4326,4,,,Sumba Barat,Nusa Tenggara Timur,,0,,,2016-03,-0.032239638060795626,3,-0.032239638060795626,VIIRS DNB,nW/cm2/sr,2016,"{""type"":""MultiPoint"",""coordinates"":[]}"
26_00000000000000000011,BA03050040,,,,,,,53.11,53,6984.01403441,TASWIL5000020230907KABKOTA,Sumba Timur,,0.575702142252,4.80415749282,4326,4,,,Sumba Timur,Nusa Tenggara Timur,,0,,,2016-03,-0.0545053711411837,3,-0.0545053711411837,VIIRS DNB,nW/cm2/sr,2016,"{""type"":""MultiPoint"",""coordinates"":[]}"
26_00000000000000000012,BA03050040,,,,,,,53.02,53,3933.15111495,TASWIL5000020230907KABKOTA,Timor Tengah Selatan,,0.324167140101,3.32375028444,4326,4,,,Timor Tengah Selatan,Nusa Tenggara Timur,,0,,,2016-03,-0.06057403061868387,3,-0.06057403061868387,VIIRS DNB,nW/cm2/sr,2016,"{""type"":""MultiPoint"",""coordinates"":[]}"
26_00000000000000000013,BA03050040,,,,,,,53.03,53,2623.19983128,TASWIL5000020230907KABKOTA,Timor Tengah Utara,,0.215921651765,3.4787254107,4326,4,,,Timor Tengah Utara,Nusa Tenggara Timur,,0,,,2016-03,-0.06146015040661458,3,-0.06146015040661458,VIIRS DNB,nW/cm2/sr,2016,"{""type"":""MultiPoint"",""coordinates"":[]}"
26_00000000000000000015,BA03050040,,,,,,,53.08,53,2085.24387061,TASWIL5000020230907KABKOTA,Ende,,0.171316232886,2.99297540949,4326,4,,,Ende,Nusa Tenggara Timur,,0,,,2016-03,-0.04273493548430304,3,-0.04273493548430304,VIIRS DNB,nW/cm2/sr,2016,"{""type"":""MultiPoint"",""coordinates"":[]}"
26_00000000000000000006,BA03050040,,,,,,,53.21,53,1109.16204574,TASWIL5000020230907KABKOTA,Malaka,,0.0913351434015,2.23370514726,4326,4,,,Malaka,Nusa Tenggara Timur,,0,Belu,,2016-03,-0.047578940768680446,3,-0.047578940768680446,VIIRS DNB,nW/cm2/sr,2016,"{""type"":""MultiPoint"",""coordinates"":[]}"
26_00000000000000000005,BA03050040,,,,,,,53.13,53,1268.10489804,TASWIL5000020230907KABKOTA,Lembata,,0.10410466891,3.45188597769,4326,4,,,Lembata,Nusa Tenggara Timur,,0,Flores Timur,,2016-03,-0.06470531812166476,3,-0.06470531812166476,VIIRS DNB,nW/cm2/sr,2016,"{""type"":""MultiPoint"",""coordinates"":[]}"
26_00000000000000000003,BA03050040,,,,,,,53.71,53,159.334041006,TASWIL5000020230907KABKOTA,Kota Kupang,,0.0131469663875,0.949087585397,4326,5,,,Kota Kupang,Nusa Tenggara Timur,,0,Kupang,,2016-03,2.170397751758084,3,2.170397751758084,VIIRS DNB,nW/cm2/sr,2016,"{""type"":""MultiPoint"",""coordinates"":[]}"
26_0000000000000000000c,BA03050040,,,,,,,53.14,53,1286.45281117,TASWIL5000020230907KABKOTA,Rote Ndao,,0.106321906477,4.76909476004,4326,4,,,Rote Ndao,Nusa Tenggara Timur,,0,Kupang,,2016-03,-0.03136385661395832,3,-0.03136385661395832,VIIRS DNB,nW/cm2/sr,2016,"{""type"":""MultiPoint"",""coordinates"":[]}"
26_0000000000000000000d,BA03050040,,,,,,,53.20,53,460.956594118,TASWIL5000020230907KABKOTA,Sabu Raijua,,0.0380736571077,1.23438979443,4326,4,,,Sabu Raijua,Nusa Tenggara Timur,,0,Kupang,,2016-03,-0.06748337491850986,3,-0.06748337491850986,VIIRS DNB,nW/cm2/sr,2016,"{""type"":""MultiPoint"",""coordinates"":[]}"
26_00000000000000000008,BA03050040,,,,,,,53.15,53,3128.99733567,TASWIL5000020230907KABKOTA,Manggarai Barat,,0.257018604578,10.7211601624,4326,4,,,Manggarai Barat,Nusa Tenggara Timur,,0,Manggarai,,2016-03,-0.05385283764072326,3,-0.05385283764072326,VIIRS DNB,nW/cm2/sr,2016,"{""type"":""MultiPoint"",""coordinates"":[]}"
26_00000000000000000009,BA03050040,,,,,,,53.19,53,2389.52959786,TASWIL5000020230907KABKOTA,Manggarai Timur,,0.196263276889,2.60910655519,4326,4,,,Manggarai Timur,Nusa Tenggara Timur,,0,Manggarai,,2016-03,-0.08193004192694245,3,-0.08193004192694245,VIIRS DNB,nW/cm2/sr,2016,"{""type"":""MultiPoint"",""coordinates"":[]}"
26_0000000000000000000a,BA03050040,,,,,,,53.16,53,1396.16423098,TASWIL5000020230907KABKOTA,Nagekeo,,0.114707914625,2.15252417923,4326,4,,,Nagekeo,Nusa Tenggara Timur,,0,Ngada,,2016-03,-0.06260281484832006,3,-0.06260281484832006,VIIRS DNB,nW/cm2/sr,2016,"{""type"":""MultiPoint"",""coordinates"":[]}"
26_00000000000000000010,BA03050040,,,,,,,53.17,53,1789.65872064,TASWIL5000020230907KABKOTA,Sumba Tengah,,0.147379835649,2.42469258111,4326,4,,,Sumba Tengah,Nusa Tenggara Timur,,0,Sumba Barat,,2016-03,-0.058144435886018225,3,-0.058144435886018225,VIIRS DNB,nW/cm2/sr,2016,"{""type"":""MultiPoint"",""coordinates"":[]}"
26_00000000000000000014,BA03050040,,,,,,,53.18,53,1383.31224571,TASWIL5000020230907KABKOTA,Sumba Barat Daya,,0.113913848979,1.59805558471,4326,4,,,Sumba Barat Daya,Nusa Tenggara Timur,,0,Sumba Barat,,2016-03,-0.04515132957693543,3,-0.04515132957693543,VIIRS DNB,nW/cm2/sr,2016,"{""type"":""MultiPoint"",""coordinates"":[]}"
27_00000000000000000000,BA03050040,,,,,,,53.05,53,2928.55881854,TASWIL5000020230907KABKOTA,Alor,,0.24037265184,5.67288749982,4326,4,,,Alor,Nusa Tenggara Timur,,0,,,2016-04,0.12204022551173997,4,0.12204022551173997,VIIRS DNB,nW/cm2/sr,2016,"{""type"":""MultiPoint"",""coordinates"":[]}"
27_00000000000000000001,BA03050040,,,,,,,53.04,53,1127.25008655,TASWIL5000020230907KABKOTA,Belu,,0.0927289736817,2.29261763369,4326,4,,,Belu,Nusa Tenggara Timur,,0,,,2016-04,0.18384881376856985,4,0.18384881376856985,VIIRS DNB,nW/cm2/sr,2016,"{""type"":""MultiPoint"",""coordinates"":[]}"
27_00000000000000000002,BA03050040,,,,,,,53.06,53,1748.5165523,TASWIL5000020230907KABKOTA,Flores Timur,,0.143538260694,4.68012528849,4326,4,,,Flores Timur,Nusa Tenggara Timur,,0,,,2016-04,0.16082828345035552,4,0.16082828345035552,VIIRS DNB,nW/cm2/sr,2016,"{""type"":""MultiPoint"",""coordinates"":[]}"
27_00000000000000000004,BA03050040,,,,,,,53.01,53,5136.51008742,TASWIL5000020230907KABKOTA,Kupang,,0.423459507198,6.26740520892,4326,4,,,Kupang,Nusa Tenggara Timur,,0,,,2016-04,0.1202817932272522,4,0.1202817932272522,VIIRS DNB,nW/cm2/sr,2016,"{""type"":""MultiPoint"",""coordinates"":[]}"
27_00000000000000000007,BA03050040,,,,,,,53.10,53,1343.83414797,TASWIL5000020230907KABKOTA,Manggarai,,0.11037433796,2.62044875269,4326,4,,,Manggarai,Nusa Tenggara Timur,,0,,,2016-04,0.16028238167319248,4,0.16028238167319248,VIIRS DNB,nW/cm2/sr,2016,"{""type"":""MultiPoint"",""coordinates"":[]}"
27_0000000000000000000b,BA03050040,,,,,,,53.09,53,1735.63521769,TASWIL5000020230907KABKOTA,Ngada,,0.142589549676,2.86650785507,4326,4,,,Ngada,Nusa Tenggara Timur,,0,,,2016-04,0.13768546603441112,4,0.13768546603441112,VIIRS DNB,nW/cm2/sr,2016,"{""type"":""MultiPoint"",""coordinates"":[]}"
27_0000000000000000000e,BA03050040,,,,,,,53.07,53,1671.64902391,TASWIL5000020230907KABKOTA,Sikka,,0.137312979206,3.89925449996,4326,4,,,Sikka,Nusa Tenggara Timur,,0,,,2016-04,0.18773386697713731,4,0.18773386697713731,VIIRS DNB,nW/cm2/sr,2016,"{""type"":""MultiPoint"",""coordinates"":[]}"
27_0000000000000000000f,BA03050040,,,,,,,53.12,53,757.407641007,TASWIL5000020230907KABKOTA,Sumba Barat,,0.0623907023605,2.04212111278,4326,4,,,Sumba Barat,Nusa Tenggara Timur,,0,,,2016-04,0.09827574182603255,4,0.09827574182603255,VIIRS DNB,nW/cm2/sr,2016,"{""type"":""MultiPoint"",""coordinates"":[]}"
27_00000000000000000011,BA03050040,,,,,,,53.11,53,6984.01403441,TASWIL5000020230907KABKOTA,Sumba Timur,,0.575702142252,4.80415749282,4326,4,,,Sumba Timur,Nusa Tenggara Timur,,0,,,2016-04,0.09758886142460187,4,0.09758886142460187,VIIRS DNB,nW/cm2/sr,2016,"{""type"":""MultiPoint"",""coordinates"":[]}"
27_00000000000000000012,BA03050040,,,,,,,53.02,53,3933.15111495,TASWIL5000020230907KABKOTA,Timor Tengah Selatan,,0.324167140101,3.32375028444,4326,4,,,Timor Tengah Selatan,Nusa Tenggara Timur,,0,,,2016-04,0.09733598324539403,4,0.09733598324539403,VIIRS DNB,nW/cm2/sr,2016,"{""type"":""MultiPoint"",""coordinates"":[]}"
27_00000000000000000013,BA03050040,,,,,,,53.03,53,2623.19983128,TASWIL5000020230907KABKOTA,Timor Tengah Utara,,0.215921651765,3.4787254107,4326,4,,,Timor Tengah Utara,Nusa Tenggara Timur,,0,,,2016-04,0.12190431715150607,4,0.12190431715150607,VIIRS DNB,nW/cm2/sr,2016,"{""type"":""MultiPoint"",""coordinates"":[]}"
27_00000000000000000015,BA03050040,,,,,,,53.08,53,2085.24387061,TASWIL5000020230907KABKOTA,Ende,,0.171316232886,2.99297540949,4326,4,,,Ende,Nusa Tenggara Timur,,0,,,2016-04,0.18204809456649343,4,0.18204809456649343,VIIRS DNB,nW/cm2/sr,2016,"{""type"":""MultiPoint"",""coordinates"":[]}"
27_00000000000000000006,BA03050040,,,,,,,53.21,53,1109.16204574,TASWIL5000020230907KABKOTA,Malaka,,0.0913351434015,2.23370514726,4326,4,,,Malaka,Nusa Tenggara Timur,,0,Belu,,2016-04,0.12179287403987857,4,0.12179287403987857,VIIRS DNB,nW/cm2/sr,2016,"{""type"":""MultiPoint"",""coordinates"":[]}"
27_00000000000000000005,BA03050040,,,,,,,53.13,53,1268.10489804,TASWIL5000020230907KABKOTA,Lembata,,0.10410466891,3.45188597769,4326,4,,,Lembata,Nusa Tenggara Timur,,0,Flores Timur,,2016-04,0.1132735237795903,4,0.1132735237795903,VIIRS DNB,nW/cm2/sr,2016,"{""type"":""MultiPoint"",""coordinates"":[]}"
27_00000000000000000003,BA03050040,,,,,,,53.71,53,159.334041006,TASWIL5000020230907KABKOTA,Kota Kupang,,0.0131469663875,0.949087585397,4326,5,,,Kota Kupang,Nusa Tenggara Timur,,0,Kupang,,2016-04,2.129607348696519,4,2.129607348696519,VIIRS DNB,nW/cm2/sr,2016,"{""type"":""MultiPoint"",""coordinates"":[]}"
27_0000000000000000000c,BA03050040,,,,,,,53.14,53,1286.45281117,TASWIL5000020230907KABKOTA,Rote Ndao,,0.106321906477,4.76909476004,4326,4,,,Rote Ndao,Nusa Tenggara Timur,,0,Kupang,,2016-04,0.09555883482365458,4,0.09555883482365458,VIIRS DNB,nW/cm2/sr,2016,"{""type"":""MultiPoint"",""coordinates"":[]}"
27_0000000000000000000d,BA03050040,,,,,,,53.20,53,460.956594118,TASWIL5000020230907KABKOTA,Sabu Raijua,,0.0380736571077,1.23438979443,4326,4,,,Sabu Raijua,Nusa Tenggara Timur,,0,Kupang,,2016-04,0.1086145365700562,4,0.1086145365700562,VIIRS DNB,nW/cm2/sr,2016,"{""type"":""MultiPoint"",""coordinates"":[]}"
27_00000000000000000008,BA03050040,,,,,,,53.15,53,3128.99733567,TASWIL5000020230907KABKOTA,Manggarai Barat,,0.257018604578,10.7211601624,4326,4,,,Manggarai Barat,Nusa Tenggara Timur,,0,Manggarai,,2016-04,0.14091000224927228,4,0.14091000224927228,VIIRS DNB,nW/cm2/sr,2016,"{""type"":""MultiPoint"",""coordinates"":[]}"
27_00000000000000000009,BA03050040,,,,,,,53.19,53,2389.52959786,TASWIL5000020230907KABKOTA,Manggarai Timur,,0.196263276889,2.60910655519,4326,4,,,Manggarai Timur,Nusa Tenggara Timur,,0,Manggarai,,2016-04,0.11100076673744891,4,0.11100076673744891,VIIRS DNB,nW/cm2/sr,2016,"{""type"":""MultiPoint"",""coordinates"":[]}"
27_0000000000000000000a,BA03050040,,,,,,,53.16,53,1396.16423098,TASWIL5000020230907KABKOTA,Nagekeo,,0.114707914625,2.15252417923,4326,4,,,Nagekeo,Nusa Tenggara Timur,,0,Ngada,,2016-04,0.1457038983453046,4,0.1457038983453046,VIIRS DNB,nW/cm2/sr,2016,"{""type"":""MultiPoint"",""coordinates"":[]}"
27_00000000000000000010,BA03050040,,,,,,,53.17,53,1789.65872064,TASWIL5000020230907KABKOTA,Sumba Tengah,,0.147379835649,2.42469258111,4326,4,,,Sumba Tengah,Nusa Tenggara Timur,,0,Sumba Barat,,2016-04,0.08863655042884355,4,0.08863655042884355,VIIRS DNB,nW/cm2/sr,2016,"{""type"":""MultiPoint"",""coordinates"":[]}"
27_00000000000000000014,BA03050040,,,,,,,53.18,53,1383.31224571,TASWIL5000020230907KABKOTA,Sumba Barat Daya,,0.113913848979,1.59805558471,4326,4,,,Sumba Barat Daya,Nusa Tenggara Timur,,0,Sumba Barat,,2016-04,0.09595580844002813,4,0.09595580844002813,VIIRS DNB,nW/cm2/sr,2016,"{""type"":""MultiPoint"",""coordinates"":[]}"
28_00000000000000000000,BA03050040,,,,,,,53.05,53,2928.55881854,TASWIL5000020230907KABKOTA,Alor,,0.24037265184,5.67288749982,4326,4,,,Alor,Nusa Tenggara Timur,,0,,,2016-05,0.029913557300795705,5,0.029913557300795705,VIIRS DNB,nW/cm2/sr,2016,"{""type"":""MultiPoint"",""coordinates"":[]}"
28_00000000000000000001,BA03050040,,,,,,,53.04,53,1127.25008655,TASWIL5000020230907KABKOTA,Belu,,0.0927289736817,2.29261763369,4326,4,,,Belu,Nusa Tenggara Timur,,0,,,2016-05,0.0811231810795345,5,0.0811231810795345,VIIRS DNB,nW/cm2/sr,2016,"{""type"":""MultiPoint"",""coordinates"":[]}"
28_00000000000000000002,BA03050040,,,,,,,53.06,53,1748.5165523,TASWIL5000020230907KABKOTA,Flores Timur,,0.143538260694,4.68012528849,4326,4,,,Flores Timur,Nusa Tenggara Timur,,0,,,2016-05,0.06984018277096089,5,0.06984018277096089,VIIRS DNB,nW/cm2/sr,2016,"{""type"":""MultiPoint"",""coordinates"":[]}"
28_00000000000000000004,BA03050040,,,,,,,53.01,53,5136.51008742,TASWIL5000020230907KABKOTA,Kupang,,0.423459507198,6.26740520892,4326,4,,,Kupang,Nusa Tenggara Timur,,0,,,2016-05,0.02693397964846516,5,0.02693397964846516,VIIRS DNB,nW/cm2/sr,2016,"{""type"":""MultiPoint"",""coordinates"":[]}"
28_00000000000000000007,BA03050040,,,,,,,53.10,53,1343.83414797,TASWIL5000020230907KABKOTA,Manggarai,,0.11037433796,2.62044875269,4326,4,,,Manggarai,Nusa Tenggara Timur,,0,,,2016-05,0.10136753133409807,5,0.10136753133409807,VIIRS DNB,nW/cm2/sr,2016,"{""type"":""MultiPoint"",""coordinates"":[]}"
28_0000000000000000000b,BA03050040,,,,,,,53.09,53,1735.63521769,TASWIL5000020230907KABKOTA,Ngada,,0.142589549676,2.86650785507,4326,4,,,Ngada,Nusa Tenggara Timur,,0,,,2016-05,0.06508402436508713,5,0.06508402436508713,VIIRS DNB,nW/cm2/sr,2016,"{""type"":""MultiPoint"",""coordinates"":[]}"
28_0000000000000000000e,BA03050040,,,,,,,53.07,53,1671.64902391,TASWIL5000020230907KABKOTA,Sikka,,0.137312979206,3.89925449996,4326,4,,,Sikka,Nusa Tenggara Timur,,0,,,2016-05,0.1035273926651332,5,0.1035273926651332,VIIRS DNB,nW/cm2/sr,2016,"{""type"":""MultiPoint"",""coordinates"":[]}"
28_0000000000000000000f,BA03050040,,,,,,,53.12,53,757.407641007,TASWIL5000020230907KABKOTA,Sumba Barat,,0.0623907023605,2.04212111278,4326,4,,,Sumba Barat,Nusa Tenggara Timur,,0,,,2016-05,0.07248249254922755,5,0.07248249254922755,VIIRS DNB,nW/cm2/sr,2016,"{""type"":""MultiPoint"",""coordinates"":[]}"
28_00000000000000000011,BA03050040,,,,,,,53.11,53,6984.01403441,TASWIL5000020230907KABKOTA,Sumba Timur,,0.575702142252,4.80415749282,4326,4,,,Sumba Timur,Nusa Tenggara Timur,,0,,,2016-05,0.047451135587718817,5,0.047451135587718817,VIIRS DNB,nW/cm2/sr,2016,"{""type"":""MultiPoint"",""coordinates"":[]}"
28_00000000000000000012,BA03050040,,,,,,,53.02,53,3933.15111495,TASWIL5000020230907KABKOTA,Timor Tengah Selatan,,0.324167140101,3.32375028444,4326,4,,,Timor Tengah Selatan,Nusa Tenggara Timur,,0,,,2016-05,0.0343066193241493,5,0.0343066193241493,VIIRS DNB,nW/cm2/sr,2016,"{""type"":""MultiPoint"",""coordinates"":[]}"
28_00000000000000000013,BA03050040,,,,,,,53.03,53,2623.19983128,TASWIL5000020230907KABKOTA,Timor Tengah Utara,,0.215921651765,3.4787254107,4326,4,,,Timor Tengah Utara,Nusa Tenggara Timur,,0,,,2016-05,0.04371183278958762,5,0.04371183278958762,VIIRS DNB,nW/cm2/sr,2016,"{""type"":""MultiPoint"",""coordinates"":[]}"
28_00000000000000000015,BA03050040,,,,,,,53.08,53,2085.24387061,TASWIL5000020230907KABKOTA,Ende,,0.171316232886,2.99297540949,4326,4,,,Ende,Nusa Tenggara Timur,,0,,,2016-05,0.08696489027275132,5,0.08696489027275132,VIIRS DNB,nW/cm2/sr,2016,"{""type"":""MultiPoint"",""coordinates"":[]}"
28_00000000000000000006,BA03050040,,,,,,,53.21,53,1109.16204574,TASWIL5000020230907KABKOTA,Malaka,,0.0913351434015,2.23370514726,4326,4,,,Malaka,Nusa Tenggara Timur,,0,Belu,,2016-05,0.05043183931910935,5,0.05043183931910935,VIIRS DNB,nW/cm2/sr,2016,"{""type"":""MultiPoint"",""coordinates"":[]}"
28_00000000000000000005,BA03050040,,,,,,,53.13,53,1268.10489804,TASWIL5000020230907KABKOTA,Lembata,,0.10410466891,3.45188597769,4326,4,,,Lembata,Nusa Tenggara Timur,,0,Flores Timur,,2016-05,0.06566031074746155,5,0.06566031074746155,VIIRS DNB,nW/cm2/sr,2016,"{""type"":""MultiPoint"",""coordinates"":[]}"
28_00000000000000000003,BA03050040,,,,,,,53.71,53,159.334041006,TASWIL5000020230907KABKOTA,Kota Kupang,,0.0131469663875,0.949087585397,4326,5,,,Kota Kupang,Nusa Tenggara Timur,,0,Kupang,,2016-05,2.3596791432187985,5,2.3596791432187985,VIIRS DNB,nW/cm2/sr,2016,"{""type"":""MultiPoint"",""coordinates"":[]}"
28_0000000000000000000c,BA03050040,,,,,,,53.14,53,1286.45281117,TASWIL5000020230907KABKOTA,Rote Ndao,,0.106321906477,4.76909476004,4326,4,,,Rote Ndao,Nusa Tenggara Timur,,0,Kupang,,2016-05,0.025969903295833922,5,0.025969903295833922,VIIRS DNB,nW/cm2/sr,2016,"{""type"":""MultiPoint"",""coordinates"":[]}"
28_0000000000000000000d,BA03050040,,,,,,,53.20,53,460.956594118,TASWIL5000020230907KABKOTA,Sabu Raijua,,0.0380736571077,1.23438979443,4326,4,,,Sabu Raijua,Nusa Tenggara Timur,,0,Kupang,,2016-05,0.044820386629375666,5,0.044820386629375666,VIIRS DNB,nW/cm2/sr,2016,"{""type"":""MultiPoint"",""coordinates"":[]}"
28_00000000000000000008,BA03050040,,,,,,,53.15,53,3128.99733567,TASWIL5000020230907KABKOTA,Manggarai Barat,,0.257018604578,10.7211601624,4326,4,,,Manggarai Barat,Nusa Tenggara Timur,,0,Manggarai,,2016-05,0.06098514889619103,5,0.06098514889619103,VIIRS DNB,nW/cm2/sr,2016,"{""type"":""MultiPoint"",""coordinates"":[]}"
28_00000000000000000009,BA03050040,,,,,,,53.19,53,2389.52959786,TASWIL5000020230907KABKOTA,Manggarai Timur,,0.196263276889,2.60910655519,4326,4,,,Manggarai Timur,Nusa Tenggara Timur,,0,Manggarai,,2016-05,0.050021648206378284,5,0.050021648206378284,VIIRS DNB,nW/cm2/sr,2016,"{""type"":""MultiPoint"",""coordinates"":[]}"
28_0000000000000000000a,BA03050040,,,,,,,53.16,53,1396.16423098,TASWIL5000020230907KABKOTA,Nagekeo,,0.114707914625,2.15252417923,4326,4,,,Nagekeo,Nusa Tenggara Timur,,0,Ngada,,2016-05,0.07214829935500286,5,0.07214829935500286,VIIRS DNB,nW/cm2/sr,2016,"{""type"":""MultiPoint"",""coordinates"":[]}"
28_00000000000000000010,BA03050040,,,,,,,53.17,53,1789.65872064,TASWIL5000020230907KABKOTA,Sumba Tengah,,0.147379835649,2.42469258111,4326,4,,,Sumba Tengah,Nusa Tenggara Timur,,0,Sumba Barat,,2016-05,0.045020227886814694,5,0.045020227886814694,VIIRS DNB,nW/cm2/sr,2016,"{""type"":""MultiPoint"",""coordinates"":[]}"
28_00000000000000000014,BA03050040,,,,,,,53.18,53,1383.31224571,TASWIL5000020230907KABKOTA,Sumba Barat Daya,,0.113913848979,1.59805558471,4326,4,,,Sumba Barat Daya,Nusa Tenggara Timur,,0,Sumba Barat,,2016-05,0.06651039628248304,5,0.06651039628248304,VIIRS DNB,nW/cm2/sr,2016,"{""type"":""MultiPoint"",""coordinates"":[]}"
29_00000000000000000000,BA03050040,,,,,,,53.05,53,2928.55881854,TASWIL5000020230907KABKOTA,Alor,,0.24037265184,5.67288749982,4326,4,,,Alor,Nusa Tenggara Timur,,0,,,2016-06,-0.017351734202891933,6,-0.017351734202891933,VIIRS DNB,nW/cm2/sr,2016,"{""type"":""MultiPoint"",""coordinates"":[]}"
29_00000000000000000001,BA03050040,,,,,,,53.04,53,1127.25008655,TASWIL5000020230907KABKOTA,Belu,,0.0927289736817,2.29261763369,4326,4,,,Belu,Nusa Tenggara Timur,,0,,,2016-06,0.06150657980353596,6,0.06150657980353596,VIIRS DNB,nW/cm2/sr,2016,"{""type"":""MultiPoint"",""coordinates"":[]}"
29_00000000000000000002,BA03050040,,,,,,,53.06,53,1748.5165523,TASWIL5000020230907KABKOTA,Flores Timur,,0.143538260694,4.68012528849,4326,4,,,Flores Timur,Nusa Tenggara Timur,,0,,,2016-06,0.007361914211365605,6,0.007361914211365605,VIIRS DNB,nW/cm2/sr,2016,"{""type"":""MultiPoint"",""coordinates"":[]}"
29_00000000000000000004,BA03050040,,,,,,,53.01,53,5136.51008742,TASWIL5000020230907KABKOTA,Kupang,,0.423459507198,6.26740520892,4326,4,,,Kupang,Nusa Tenggara Timur,,0,,,2016-06,0.004179806782388732,6,0.004179806782388732,VIIRS DNB,nW/cm2/sr,2016,"{""type"":""MultiPoint"",""coordinates"":[]}"
29_00000000000000000007,BA03050040,,,,,,,53.10,53,1343.83414797,TASWIL5000020230907KABKOTA,Manggarai,,0.11037433796,2.62044875269,4326,4,,,Manggarai,Nusa Tenggara Timur,,0,,,2016-06,0.042698287321042104,6,0.042698287321042104,VIIRS DNB,nW/cm2/sr,2016,"{""type"":""MultiPoint"",""coordinates"":[]}"
29_0000000000000000000b,BA03050040,,,,,,,53.09,53,1735.63521769,TASWIL5000020230907KABKOTA,Ngada,,0.142589549676,2.86650785507,4326,4,,,Ngada,Nusa Tenggara Timur,,0,,,2016-06,9.823627526466992E-5,6,9.823627526466992E-5,VIIRS DNB,nW/cm2/sr,2016,"{""type"":""MultiPoint"",""coordinates"":[]}"
29_0000000000000000000e,BA03050040,,,,,,,53.07,53,1671.64902391,TASWIL5000020230907KABKOTA,Sikka,,0.137312979206,3.89925449996,4326,4,,,Sikka,Nusa Tenggara Timur,,0,,,2016-06,0.0387313971240251,6,0.0387313971240251,VIIRS DNB,nW/cm2/sr,2016,"{""type"":""MultiPoint"",""coordinates"":[]}"
29_0000000000000000000f,BA03050040,,,,,,,53.12,53,757.407641007,TASWIL5000020230907KABKOTA,Sumba Barat,,0.0623907023605,2.04212111278,4326,4,,,Sumba Barat,Nusa Tenggara Timur,,0,,,2016-06,0.0041022370611594255,6,0.0041022370611594255,VIIRS DNB,nW/cm2/sr,2016,"{""type"":""MultiPoint"",""coordinates"":[]}"
29_00000000000000000011,BA03050040,,,,,,,53.11,53,6984.01403441,TASWIL5000020230907KABKOTA,Sumba Timur,,0.575702142252,4.80415749282,4326,4,,,Sumba Timur,Nusa Tenggara Timur,,0,,,2016-06,-0.01697818779494248,6,-0.01697818779494248,VIIRS DNB,nW/cm2/sr,2016,"{""type"":""MultiPoint"",""coordinates"":[]}"
29_00000000000000000012,BA03050040,,,,,,,53.02,53,3933.15111495,TASWIL5000020230907KABKOTA,Timor Tengah Selatan,,0.324167140101,3.32375028444,4326,4,,,Timor Tengah Selatan,Nusa Tenggara Timur,,0,,,2016-06,-0.004721612412549734,6,-0.004721612412549734,VIIRS DNB,nW/cm2/sr,2016,"{""type"":""MultiPoint"",""coordinates"":[]}"
29_00000000000000000013,BA03050040,,,,,,,53.03,53,2623.19983128,TASWIL5000020230907KABKOTA,Timor Tengah Utara,,0.215921651765,3.4787254107,4326,4,,,Timor Tengah Utara,Nusa Tenggara Timur,,0,,,2016-06,0.0028597841023591,6,0.0028597841023591,VIIRS DNB,nW/cm2/sr,2016,"{""type"":""MultiPoint"",""coordinates"":[]}"
29_00000000000000000015,BA03050040,,,,,,,53.08,53,2085.24387061,TASWIL5000020230907KABKOTA,Ende,,0.171316232886,2.99297540949,4326,4,,,Ende,Nusa Tenggara Timur,,0,,,2016-06,0.02558204935285259,6,0.02558204935285259,VIIRS DNB,nW/cm2/sr,2016,"{""type"":""MultiPoint"",""coordinates"":[]}"
29_00000000000000000006,BA03050040,,,,,,,53.21,53,1109.16204574,TASWIL5000020230907KABKOTA,Malaka,,0.0913351434015,2.23370514726,4326,4,,,Malaka,Nusa Tenggara Timur,,0,Belu,,2016-06,0.012295852858515057,6,0.012295852858515057,VIIRS DNB,nW/cm2/sr,2016,"{""type"":""MultiPoint"",""coordinates"":[]}"
29_00000000000000000005,BA03050040,,,,,,,53.13,53,1268.10489804,TASWIL5000020230907KABKOTA,Lembata,,0.10410466891,3.45188597769,4326,4,,,Lembata,Nusa Tenggara Timur,,0,Flores Timur,,2016-06,-0.0078633591824196,6,-0.0078633591824196,VIIRS DNB,nW/cm2/sr,2016,"{""type"":""MultiPoint"",""coordinates"":[]}"
29_00000000000000000003,BA03050040,,,,,,,53.71,53,159.334041006,TASWIL5000020230907KABKOTA,Kota Kupang,,0.0131469663875,0.949087585397,4326,5,,,Kota Kupang,Nusa Tenggara Timur,,0,Kupang,,2016-06,2.6036983690695332,6,2.6036983690695332,VIIRS DNB,nW/cm2/sr,2016,"{""type"":""MultiPoint"",""coordinates"":[]}"
29_0000000000000000000c,BA03050040,,,,,,,53.14,53,1286.45281117,TASWIL5000020230907KABKOTA,Rote Ndao,,0.106321906477,4.76909476004,4326,4,,,Rote Ndao,Nusa Tenggara Timur,,0,Kupang,,2016-06,-0.002645499894684702,6,-0.002645499894684702,VIIRS DNB,nW/cm2/sr,2016,"{""type"":""MultiPoint"",""coordinates"":[]}"
29_0000000000000000000d,BA03050040,,,,,,,53.20,53,460.956594118,TASWIL5000020230907KABKOTA,Sabu Raijua,,0.0380736571077,1.23438979443,4326,4,,,Sabu Raijua,Nusa Tenggara Timur,,0,Kupang,,2016-06,0.006851954637195678,6,0.006851954637195678,VIIRS DNB,nW/cm2/sr,2016,"{""type"":""MultiPoint"",""coordinates"":[]}"
29_00000000000000000008,BA03050040,,,,,,,53.15,53,3128.99733567,TASWIL5000020230907KABKOTA,Manggarai Barat,,0.257018604578,10.7211601624,4326,4,,,Manggarai Barat,Nusa Tenggara Timur,,0,Manggarai,,2016-06,0.0025242933629966626,6,0.0025242933629966626,VIIRS DNB,nW/cm2/sr,2016,"{""type"":""MultiPoint"",""coordinates"":[]}"
29_00000000000000000009,BA03050040,,,,,,,53.19,53,2389.52959786,TASWIL5000020230907KABKOTA,Manggarai Timur,,0.196263276889,2.60910655519,4326,4,,,Manggarai Timur,Nusa Tenggara Timur,,0,Manggarai,,2016-06,-0.007242537392144903,6,-0.007242537392144903,VIIRS DNB,nW/cm2/sr,2016,"{""type"":""MultiPoint"",""coordinates"":[]}"
29_0000000000000000000a,BA03050040,,,,,,,53.16,53,1396.16423098,TASWIL5000020230907KABKOTA,Nagekeo,,0.114707914625,2.15252417923,4326,4,,,Nagekeo,Nusa Tenggara Timur,,0,Ngada,,2016-06,0.007080761770051341,6,0.007080761770051341,VIIRS DNB,nW/cm2/sr,2016,"{""type"":""MultiPoint"",""coordinates"":[]}"
29_00000000000000000010,BA03050040,,,,,,,53.17,53,1789.65872064,TASWIL5000020230907KABKOTA,Sumba Tengah,,0.147379835649,2.42469258111,4326,4,,,Sumba Tengah,Nusa Tenggara Timur,,0,Sumba Barat,,2016-06,-0.023796170518178592,6,-0.023796170518178592,VIIRS DNB,nW/cm2/sr,2016,"{""type"":""MultiPoint"",""coordinates"":[]}"
29_00000000000000000014,BA03050040,,,,,,,53.18,53,1383.31224571,TASWIL5000020230907KABKOTA,Sumba Barat Daya,,0.113913848979,1.59805558471,4326,4,,,Sumba Barat Daya,Nusa Tenggara Timur,,0,Sumba Barat,,2016-06,-0.005815884877284569,6,-0.005815884877284569,VIIRS DNB,nW/cm2/sr,2016,"{""type"":""MultiPoint"",""coordinates"":[]}"
30_00000000000000000000,BA03050040,,,,,,,53.05,53,2928.55881854,TASWIL5000020230907KABKOTA,Alor,,0.24037265184,5.67288749982,4326,4,,,Alor,Nusa Tenggara Timur,,0,,,2016-07,-0.019304212377881776,7,-0.019304212377881776,VIIRS DNB,nW/cm2/sr,2016,"{""type"":""MultiPoint"",""coordinates"":[]}"
30_00000000000000000001,BA03050040,,,,,,,53.04,53,1127.25008655,TASWIL5000020230907KABKOTA,Belu,,0.0927289736817,2.29261763369,4326,4,,,Belu,Nusa Tenggara Timur,,0,,,2016-07,0.04286422653269794,7,0.04286422653269794,VIIRS DNB,nW/cm2/sr,2016,"{""type"":""MultiPoint"",""coordinates"":[]}"
30_00000000000000000002,BA03050040,,,,,,,53.06,53,1748.5165523,TASWIL5000020230907KABKOTA,Flores Timur,,0.143538260694,4.68012528849,4326,4,,,Flores Timur,Nusa Tenggara Timur,,0,,,2016-07,0.009386827863848611,7,0.009386827863848611,VIIRS DNB,nW/cm2/sr,2016,"{""type"":""MultiPoint"",""coordinates"":[]}"
30_00000000000000000004,BA03050040,,,,,,,53.01,53,5136.51008742,TASWIL5000020230907KABKOTA,Kupang,,0.423459507198,6.26740520892,4326,4,,,Kupang,Nusa Tenggara Timur,,0,,,2016-07,-0.010904075937232895,7,-0.010904075937232895,VIIRS DNB,nW/cm2/sr,2016,"{""type"":""MultiPoint"",""coordinates"":[]}"
30_00000000000000000007,BA03050040,,,,,,,53.10,53,1343.83414797,TASWIL5000020230907KABKOTA,Manggarai,,0.11037433796,2.62044875269,4326,4,,,Manggarai,Nusa Tenggara Timur,,0,,,2016-07,0.051189770504384335,7,0.051189770504384335,VIIRS DNB,nW/cm2/sr,2016,"{""type"":""MultiPoint"",""coordinates"":[]}"
30_0000000000000000000b,BA03050040,,,,,,,53.09,53,1735.63521769,TASWIL5000020230907KABKOTA,Ngada,,0.142589549676,2.86650785507,4326,4,,,Ngada,Nusa Tenggara Timur,,0,,,2016-07,0.007865875570904119,7,0.007865875570904119,VIIRS DNB,nW/cm2/sr,2016,"{""type"":""MultiPoint"",""coordinates"":[]}"
30_0000000000000000000e,BA03050040,,,,,,,53.07,53,1671.64902391,TASWIL5000020230907KABKOTA,Sikka,,0.137312979206,3.89925449996,4326,4,,,Sikka,Nusa Tenggara Timur,,0,,,2016-07,0.026524763335499437,7,0.026524763335499437,VIIRS DNB,nW/cm2/sr,2016,"{""type"":""MultiPoint"",""coordinates"":[]}"
30_0000000000000000000f,BA03050040,,,,,,,53.12,53,757.407641007,TASWIL5000020230907KABKOTA,Sumba Barat,,0.0623907023605,2.04212111278,4326,4,,,Sumba Barat,Nusa Tenggara Timur,,0,,,2016-07,0.00137170686155263,7,0.00137170686155263,VIIRS DNB,nW/cm2/sr,2016,"{""type"":""MultiPoint"",""coordinates"":[]}"
30_00000000000000000011,BA03050040,,,,,,,53.11,53,6984.01403441,TASWIL5000020230907KABKOTA,Sumba Timur,,0.575702142252,4.80415749282,4326,4,,,Sumba Timur,Nusa Tenggara Timur,,0,,,2016-07,-0.01871227463814176,7,-0.01871227463814176,VIIRS DNB,nW/cm2/sr,2016,"{""type"":""MultiPoint"",""coordinates"":[]}"
30_00000000000000000012,BA03050040,,,,,,,53.02,53,3933.15111495,TASWIL5000020230907KABKOTA,Timor Tengah Selatan,,0.324167140101,3.32375028444,4326,4,,,Timor Tengah Selatan,Nusa Tenggara Timur,,0,,,2016-07,-0.03042946412538772,7,-0.03042946412538772,VIIRS DNB,nW/cm2/sr,2016,"{""type"":""MultiPoint"",""coordinates"":[]}"
30_00000000000000000013,BA03050040,,,,,,,53.03,53,2623.19983128,TASWIL5000020230907KABKOTA,Timor Tengah Utara,,0.215921651765,3.4787254107,4326,4,,,Timor Tengah Utara,Nusa Tenggara Timur,,0,,,2016-07,-0.018485912778193475,7,-0.018485912778193475,VIIRS DNB,nW/cm2/sr,2016,"{""type"":""MultiPoint"",""coordinates"":[]}"
30_00000000000000000015,BA03050040,,,,,,,53.08,53,2085.24387061,TASWIL5000020230907KABKOTA,Ende,,0.171316232886,2.99297540949,4326,4,,,Ende,Nusa Tenggara Timur,,0,,,2016-07,0.01481662685020106,7,0.01481662685020106,VIIRS DNB,nW/cm2/sr,2016,"{""type"":""MultiPoint"",""coordinates"":[]}"
30_00000000000000000006,BA03050040,,,,,,,53.21,53,1109.16204574,TASWIL5000020230907KABKOTA,Malaka,,0.0913351434015,2.23370514726,4326,4,,,Malaka,Nusa Tenggara Timur,,0,Belu,,2016-07,-0.014175424480914437,7,-0.014175424480914437,VIIRS DNB,nW/cm2/sr,2016,"{""type"":""MultiPoint"",""coordinates"":[]}"
30_00000000000000000005,BA03050040,,,,,,,53.13,53,1268.10489804,TASWIL5000020230907KABKOTA,Lembata,,0.10410466891,3.45188597769,4326,4,,,Lembata,Nusa Tenggara Timur,,0,Flores Timur,,2016-07,-0.0034942128208133106,7,-0.0034942128208133106,VIIRS DNB,nW/cm2/sr,2016,"{""type"":""MultiPoint"",""coordinates"":[]}"
30_00000000000000000003,BA03050040,,,,,,,53.71,53,159.334041006,TASWIL5000020230907KABKOTA,Kota Kupang,,0.0131469663875,0.949087585397,4326,5,,,Kota Kupang,Nusa Tenggara Timur,,0,Kupang,,2016-07,2.750785036260516,7,2.750785036260516,VIIRS DNB,nW/cm2/sr,2016,"{""type"":""MultiPoint"",""coordinates"":[]}"
30_0000000000000000000c,BA03050040,,,,,,,53.14,53,1286.45281117,TASWIL5000020230907KABKOTA,Rote Ndao,,0.106321906477,4.76909476004,4326,4,,,Rote Ndao,Nusa Tenggara Timur,,0,Kupang,,2016-07,-0.013767422792933701,7,-0.013767422792933701,VIIRS DNB,nW/cm2/sr,2016,"{""type"":""MultiPoint"",""coordinates"":[]}"
30_0000000000000000000d,BA03050040,,,,,,,53.20,53,460.956594118,TASWIL5000020230907KABKOTA,Sabu Raijua,,0.0380736571077,1.23438979443,4326,4,,,Sabu Raijua,Nusa Tenggara Timur,,0,Kupang,,2016-07,-0.00900946059353698,7,-0.00900946059353698,VIIRS DNB,nW/cm2/sr,2016,"{""type"":""MultiPoint"",""coordinates"":[]}"
30_00000000000000000008,BA03050040,,,,,,,53.15,53,3128.99733567,TASWIL5000020230907KABKOTA,Manggarai Barat,,0.257018604578,10.7211601624,4326,4,,,Manggarai Barat,Nusa Tenggara Timur,,0,Manggarai,,2016-07,-0.003280941040580035,7,-0.003280941040580035,VIIRS DNB,nW/cm2/sr,2016,"{""type"":""MultiPoint"",""coordinates"":[]}"
30_00000000000000000009,BA03050040,,,,,,,53.19,53,2389.52959786,TASWIL5000020230907KABKOTA,Manggarai Timur,,0.196263276889,2.60910655519,4326,4,,,Manggarai Timur,Nusa Tenggara Timur,,0,Manggarai,,2016-07,0.0013134010250211337,7,0.0013134010250211337,VIIRS DNB,nW/cm2/sr,2016,"{""type"":""MultiPoint"",""coordinates"":[]}"
30_0000000000000000000a,BA03050040,,,,,,,53.16,53,1396.16423098,TASWIL5000020230907KABKOTA,Nagekeo,,0.114707914625,2.15252417923,4326,4,,,Nagekeo,Nusa Tenggara Timur,,0,Ngada,,2016-07,0.0031092196182507816,7,0.0031092196182507816,VIIRS DNB,nW/cm2/sr,2016,"{""type"":""MultiPoint"",""coordinates"":[]}"
30_00000000000000000010,BA03050040,,,,,,,53.17,53,1789.65872064,TASWIL5000020230907KABKOTA,Sumba Tengah,,0.147379835649,2.42469258111,4326,4,,,Sumba Tengah,Nusa Tenggara Timur,,0,Sumba Barat,,2016-07,-0.03241651632493326,7,-0.03241651632493326,VIIRS DNB,nW/cm2/sr,2016,"{""type"":""MultiPoint"",""coordinates"":[]}"
30_00000000000000000014,BA03050040,,,,,,,53.18,53,1383.31224571,TASWIL5000020230907KABKOTA,Sumba Barat Daya,,0.113913848979,1.59805558471,4326,4,,,Sumba Barat Daya,Nusa Tenggara Timur,,0,Sumba Barat,,2016-07,-0.014732003060272971,7,-0.014732003060272971,VIIRS DNB,nW/cm2/sr,2016,"{""type"":""MultiPoint"",""coordinates"":[]}"
31_00000000000000000000,BA03050040,,,,,,,53.05,53,2928.55881854,TASWIL5000020230907KABKOTA,Alor,,0.24037265184,5.67288749982,4326,4,,,Alor,Nusa Tenggara Timur,,0,,,2016-08,0.02702660357213736,8,0.02702660357213736,VIIRS DNB,nW/cm2/sr,2016,"{""type"":""MultiPoint"",""coordinates"":[]}"
31_00000000000000000001,BA03050040,,,,,,,53.04,53,1127.25008655,TASWIL5000020230907KABKOTA,Belu,,0.0927289736817,2.29261763369,4326,4,,,Belu,Nusa Tenggara Timur,,0,,,2016-08,0.1123880468130545,8,0.1123880468130545,VIIRS DNB,nW/cm2/sr,2016,"{""type"":""MultiPoint"",""coordinates"":[]}"
31_00000000000000000002,BA03050040,,,,,,,53.06,53,1748.5165523,TASWIL5000020230907KABKOTA,Flores Timur,,0.143538260694,4.68012528849,4326,4,,,Flores Timur,Nusa Tenggara Timur,,0,,,2016-08,0.11115318164476813,8,0.11115318164476813,VIIRS DNB,nW/cm2/sr,2016,"{""type"":""MultiPoint"",""coordinates"":[]}"
31_00000000000000000004,BA03050040,,,,,,,53.01,53,5136.51008742,TASWIL5000020230907KABKOTA,Kupang,,0.423459507198,6.26740520892,4326,4,,,Kupang,Nusa Tenggara Timur,,0,,,2016-08,0.10714905749774148,8,0.10714905749774148,VIIRS DNB,nW/cm2/sr,2016,"{""type"":""MultiPoint"",""coordinates"":[]}"
31_00000000000000000007,BA03050040,,,,,,,53.10,53,1343.83414797,TASWIL5000020230907KABKOTA,Manggarai,,0.11037433796,2.62044875269,4326,4,,,Manggarai,Nusa Tenggara Timur,,0,,,2016-08,0.08847037430336846,8,0.08847037430336846,VIIRS DNB,nW/cm2/sr,2016,"{""type"":""MultiPoint"",""coordinates"":[]}"
31_0000000000000000000b,BA03050040,,,,,,,53.09,53,1735.63521769,TASWIL5000020230907KABKOTA,Ngada,,0.142589549676,2.86650785507,4326,4,,,Ngada,Nusa Tenggara Timur,,0,,,2016-08,0.042066759116643516,8,0.042066759116643516,VIIRS DNB,nW/cm2/sr,2016,"{""type"":""MultiPoint"",""coordinates"":[]}"
31_0000000000000000000e,BA03050040,,,,,,,53.07,53,1671.64902391,TASWIL5000020230907KABKOTA,Sikka,,0.137312979206,3.89925449996,4326,4,,,Sikka,Nusa Tenggara Timur,,0,,,2016-08,0.1139361945456717,8,0.1139361945456717,VIIRS DNB,nW/cm2/sr,2016,"{""type"":""MultiPoint"",""coordinates"":[]}"
31_0000000000000000000f,BA03050040,,,,,,,53.12,53,757.407641007,TASWIL5000020230907KABKOTA,Sumba Barat,,0.0623907023605,2.04212111278,4326,4,,,Sumba Barat,Nusa Tenggara Timur,,0,,,2016-08,0.04559519833902239,8,0.04559519833902239,VIIRS DNB,nW/cm2/sr,2016,"{""type"":""MultiPoint"",""coordinates"":[]}"
31_00000000000000000011,BA03050040,,,,,,,53.11,53,6984.01403441,TASWIL5000020230907KABKOTA,Sumba Timur,,0.575702142252,4.80415749282,4326,4,,,Sumba Timur,Nusa Tenggara Timur,,0,,,2016-08,0.0286250962065224,8,0.0286250962065224,VIIRS DNB,nW/cm2/sr,2016,"{""type"":""MultiPoint"",""coordinates"":[]}"
31_00000000000000000012,BA03050040,,,,,,,53.02,53,3933.15111495,TASWIL5000020230907KABKOTA,Timor Tengah Selatan,,0.324167140101,3.32375028444,4326,4,,,Timor Tengah Selatan,Nusa Tenggara Timur,,0,,,2016-08,0.06488447944154702,8,0.06488447944154702,VIIRS DNB,nW/cm2/sr,2016,"{""type"":""MultiPoint"",""coordinates"":[]}"
31_00000000000000000013,BA03050040,,,,,,,53.03,53,2623.19983128,TASWIL5000020230907KABKOTA,Timor Tengah Utara,,0.215921651765,3.4787254107,4326,4,,,Timor Tengah Utara,Nusa Tenggara Timur,,0,,,2016-08,0.053030749175517505,8,0.053030749175517505,VIIRS DNB,nW/cm2/sr,2016,"{""type"":""MultiPoint"",""coordinates"":[]}"
31_00000000000000000015,BA03050040,,,,,,,53.08,53,2085.24387061,TASWIL5000020230907KABKOTA,Ende,,0.171316232886,2.99297540949,4326,4,,,Ende,Nusa Tenggara Timur,,0,,,2016-08,0.08080279581080096,8,0.08080279581080096,VIIRS DNB,nW/cm2/sr,2016,"{""type"":""MultiPoint"",""coordinates"":[]}"
31_00000000000000000006,BA03050040,,,,,,,53.21,53,1109.16204574,TASWIL5000020230907KABKOTA,Malaka,,0.0913351434015,2.23370514726,4326,4,,,Malaka,Nusa Tenggara Timur,,0,Belu,,2016-08,0.06556293241024433,8,0.06556293241024433,VIIRS DNB,nW/cm2/sr,2016,"{""type"":""MultiPoint"",""coordinates"":[]}"
31_00000000000000000005,BA03050040,,,,,,,53.13,53,1268.10489804,TASWIL5000020230907KABKOTA,Lembata,,0.10410466891,3.45188597769,4326,4,,,Lembata,Nusa Tenggara Timur,,0,Flores Timur,,2016-08,0.10155530916069687,8,0.10155530916069687,VIIRS DNB,nW/cm2/sr,2016,"{""type"":""MultiPoint"",""coordinates"":[]}"
31_00000000000000000003,BA03050040,,,,,,,53.71,53,159.334041006,TASWIL5000020230907KABKOTA,Kota Kupang,,0.0131469663875,0.949087585397,4326,5,,,Kota Kupang,Nusa Tenggara Timur,,0,Kupang,,2016-08,3.1528197819112105,8,3.1528197819112105,VIIRS DNB,nW/cm2/sr,2016,"{""type"":""MultiPoint"",""coordinates"":[]}"
31_0000000000000000000c,BA03050040,,,,,,,53.14,53,1286.45281117,TASWIL5000020230907KABKOTA,Rote Ndao,,0.106321906477,4.76909476004,4326,4,,,Rote Ndao,Nusa Tenggara Timur,,0,Kupang,,2016-08,0.07572675508167248,8,0.07572675508167248,VIIRS DNB,nW/cm2/sr,2016,"{""type"":""MultiPoint"",""coordinates"":[]}"
31_0000000000000000000d,BA03050040,,,,,,,53.20,53,460.956594118,TASWIL5000020230907KABKOTA,Sabu Raijua,,0.0380736571077,1.23438979443,4326,4,,,Sabu Raijua,Nusa Tenggara Timur,,0,Kupang,,2016-08,0.05738218218983999,8,0.05738218218983999,VIIRS DNB,nW/cm2/sr,2016,"{""type"":""MultiPoint"",""coordinates"":[]}"
31_00000000000000000008,BA03050040,,,,,,,53.15,53,3128.99733567,TASWIL5000020230907KABKOTA,Manggarai Barat,,0.257018604578,10.7211601624,4326,4,,,Manggarai Barat,Nusa Tenggara Timur,,0,Manggarai,,2016-08,0.04433320750995492,8,0.04433320750995492,VIIRS DNB,nW/cm2/sr,2016,"{""type"":""MultiPoint"",""coordinates"":[]}"
31_00000000000000000009,BA03050040,,,,,,,53.19,53,2389.52959786,TASWIL5000020230907KABKOTA,Manggarai Timur,,0.196263276889,2.60910655519,4326,4,,,Manggarai Timur,Nusa Tenggara Timur,,0,Manggarai,,2016-08,0.03661587221423307,8,0.03661587221423307,VIIRS DNB,nW/cm2/sr,2016,"{""type"":""MultiPoint"",""coordinates"":[]}"
31_0000000000000000000a,BA03050040,,,,,,,53.16,53,1396.16423098,TASWIL5000020230907KABKOTA,Nagekeo,,0.114707914625,2.15252417923,4326,4,,,Nagekeo,Nusa Tenggara Timur,,0,Ngada,,2016-08,0.07555009017904117,8,0.07555009017904117,VIIRS DNB,nW/cm2/sr,2016,"{""type"":""MultiPoint"",""coordinates"":[]}"
31_00000000000000000010,BA03050040,,,,,,,53.17,53,1789.65872064,TASWIL5000020230907KABKOTA,Sumba Tengah,,0.147379835649,2.42469258111,4326,4,,,Sumba Tengah,Nusa Tenggara Timur,,0,Sumba Barat,,2016-08,0.0210937087544284,8,0.0210937087544284,VIIRS DNB,nW/cm2/sr,2016,"{""type"":""MultiPoint"",""coordinates"":[]}"
31_00000000000000000014,BA03050040,,,,,,,53.18,53,1383.31224571,TASWIL5000020230907KABKOTA,Sumba Barat Daya,,0.113913848979,1.59805558471,4326,4,,,Sumba Barat Daya,Nusa Tenggara Timur,,0,Sumba Barat,,2016-08,0.03367782943251208,8,0.03367782943251208,VIIRS DNB,nW/cm2/sr,2016,"{""type"":""MultiPoint"",""coordinates"":[]}"
32_00000000000000000000,BA03050040,,,,,,,53.05,53,2928.55881854,TASWIL5000020230907KABKOTA,Alor,,0.24037265184,5.67288749982,4326,4,,,Alor,Nusa Tenggara Timur,,0,,,2016-09,-0.007342208642742695,9,-0.007342208642742695,VIIRS DNB,nW/cm2/sr,2016,"{""type"":""MultiPoint"",""coordinates"":[]}"
32_00000000000000000001,BA03050040,,,,,,,53.04,53,1127.25008655,TASWIL5000020230907KABKOTA,Belu,,0.0927289736817,2.29261763369,4326,4,,,Belu,Nusa Tenggara Timur,,0,,,2016-09,0.05471746894480914,9,0.05471746894480914,VIIRS DNB,nW/cm2/sr,2016,"{""type"":""MultiPoint"",""coordinates"":[]}"
32_00000000000000000002,BA03050040,,,,,,,53.06,53,1748.5165523,TASWIL5000020230907KABKOTA,Flores Timur,,0.143538260694,4.68012528849,4326,4,,,Flores Timur,Nusa Tenggara Timur,,0,,,2016-09,0.010278878979077147,9,0.010278878979077147,VIIRS DNB,nW/cm2/sr,2016,"{""type"":""MultiPoint"",""coordinates"":[]}"
32_00000000000000000004,BA03050040,,,,,,,53.01,53,5136.51008742,TASWIL5000020230907KABKOTA,Kupang,,0.423459507198,6.26740520892,4326,4,,,Kupang,Nusa Tenggara Timur,,0,,,2016-09,0.013315160481485788,9,0.013315160481485788,VIIRS DNB,nW/cm2/sr,2016,"{""type"":""MultiPoint"",""coordinates"":[]}"
32_00000000000000000007,BA03050040,,,,,,,53.10,53,1343.83414797,TASWIL5000020230907KABKOTA,Manggarai,,0.11037433796,2.62044875269,4326,4,,,Manggarai,Nusa Tenggara Timur,,0,,,2016-09,0.031670191070354736,9,0.031670191070354736,VIIRS DNB,nW/cm2/sr,2016,"{""type"":""MultiPoint"",""coordinates"":[]}"
32_0000000000000000000b,BA03050040,,,,,,,53.09,53,1735.63521769,TASWIL5000020230907KABKOTA,Ngada,,0.142589549676,2.86650785507,4326,4,,,Ngada,Nusa Tenggara Timur,,0,,,2016-09,-0.00322317039066515,9,-0.00322317039066515,VIIRS DNB,nW/cm2/sr,2016,"{""type"":""MultiPoint"",""coordinates"":[]}"
32_0000000000000000000e,BA03050040,,,,,,,53.07,53,1671.64902391,TASWIL5000020230907KABKOTA,Sikka,,0.137312979206,3.89925449996,4326,4,,,Sikka,Nusa Tenggara Timur,,0,,,2016-09,0.039526024010245374,9,0.039526024010245374,VIIRS DNB,nW/cm2/sr,2016,"{""type"":""MultiPoint"",""coordinates"":[]}"
32_0000000000000000000f,BA03050040,,,,,,,53.12,53,757.407641007,TASWIL5000020230907KABKOTA,Sumba Barat,,0.0623907023605,2.04212111278,4326,4,,,Sumba Barat,Nusa Tenggara Timur,,0,,,2016-09,0.011374476246138503,9,0.011374476246138503,VIIRS DNB,nW/cm2/sr,2016,"{""type"":""MultiPoint"",""coordinates"":[]}"
32_00000000000000000011,BA03050040,,,,,,,53.11,53,6984.01403441,TASWIL5000020230907KABKOTA,Sumba Timur,,0.575702142252,4.80415749282,4326,4,,,Sumba Timur,Nusa Tenggara Timur,,0,,,2016-09,-0.02381437031803363,9,-0.02381437031803363,VIIRS DNB,nW/cm2/sr,2016,"{""type"":""MultiPoint"",""coordinates"":[]}"
32_00000000000000000012,BA03050040,,,,,,,53.02,53,3933.15111495,TASWIL5000020230907KABKOTA,Timor Tengah Selatan,,0.324167140101,3.32375028444,4326,4,,,Timor Tengah Selatan,Nusa Tenggara Timur,,0,,,2016-09,-0.012867544630745234,9,-0.012867544630745234,VIIRS DNB,nW/cm2/sr,2016,"{""type"":""MultiPoint"",""coordinates"":[]}"
32_00000000000000000013,BA03050040,,,,,,,53.03,53,2623.19983128,TASWIL5000020230907KABKOTA,Timor Tengah Utara,,0.215921651765,3.4787254107,4326,4,,,Timor Tengah Utara,Nusa Tenggara Timur,,0,,,2016-09,-0.010133291133870953,9,-0.010133291133870953,VIIRS DNB,nW/cm2/sr,2016,"{""type"":""MultiPoint"",""coordinates"":[]}"
32_00000000000000000015,BA03050040,,,,,,,53.08,53,2085.24387061,TASWIL5000020230907KABKOTA,Ende,,0.171316232886,2.99297540949,4326,4,,,Ende,Nusa Tenggara Timur,,0,,,2016-09,0.01823922376217398,9,0.01823922376217398,VIIRS DNB,nW/cm2/sr,2016,"{""type"":""MultiPoint"",""coordinates"":[]}"
32_00000000000000000006,BA03050040,,,,,,,53.21,53,1109.16204574,TASWIL5000020230907KABKOTA,Malaka,,0.0913351434015,2.23370514726,4326,4,,,Malaka,Nusa Tenggara Timur,,0,Belu,,2016-09,0.0035673461061352194,9,0.0035673461061352194,VIIRS DNB,nW/cm2/sr,2016,"{""type"":""MultiPoint"",""coordinates"":[]}"
32_00000000000000000005,BA03050040,,,,,,,53.13,53,1268.10489804,TASWIL5000020230907KABKOTA,Lembata,,0.10410466891,3.45188597769,4326,4,,,Lembata,Nusa Tenggara Timur,,0,Flores Timur,,2016-09,-0.004704500224879822,9,-0.004704500224879822,VIIRS DNB,nW/cm2/sr,2016,"{""type"":""MultiPoint"",""coordinates"":[]}"
32_00000000000000000003,BA03050040,,,,,,,53.71,53,159.334041006,TASWIL5000020230907KABKOTA,Kota Kupang,,0.0131469663875,0.949087585397,4326,5,,,Kota Kupang,Nusa Tenggara Timur,,0,Kupang,,2016-09,3.1518280581140337,9,3.1518280581140337,VIIRS DNB,nW/cm2/sr,2016,"{""type"":""MultiPoint"",""coordinates"":[]}"
32_0000000000000000000c,BA03050040,,,,,,,53.14,53,1286.45281117,TASWIL5000020230907KABKOTA,Rote Ndao,,0.106321906477,4.76909476004,4326,4,,,Rote Ndao,Nusa Tenggara Timur,,0,Kupang,,2016-09,0.015149262068319024,9,0.015149262068319024,VIIRS DNB,nW/cm2/sr,2016,"{""type"":""MultiPoint"",""coordinates"":[]}"
32_0000000000000000000d,BA03050040,,,,,,,53.20,53,460.956594118,TASWIL5000020230907KABKOTA,Sabu Raijua,,0.0380736571077,1.23438979443,4326,4,,,Sabu Raijua,Nusa Tenggara Timur,,0,Kupang,,2016-09,0.006675914414734239,9,0.006675914414734239,VIIRS DNB,nW/cm2/sr,2016,"{""type"":""MultiPoint"",""coordinates"":[]}"
32_00000000000000000008,BA03050040,,,,,,,53.15,53,3128.99733567,TASWIL5000020230907KABKOTA,Manggarai Barat,,0.257018604578,10.7211601624,4326,4,,,Manggarai Barat,Nusa Tenggara Timur,,0,Manggarai,,2016-09,-0.0076214903233727815,9,-0.0076214903233727815,VIIRS DNB,nW/cm2/sr,2016,"{""type"":""MultiPoint"",""coordinates"":[]}"
32_00000000000000000009,BA03050040,,,,,,,53.19,53,2389.52959786,TASWIL5000020230907KABKOTA,Manggarai Timur,,0.196263276889,2.60910655519,4326,4,,,Manggarai Timur,Nusa Tenggara Timur,,0,Manggarai,,2016-09,-0.022616294590443176,9,-0.022616294590443176,VIIRS DNB,nW/cm2/sr,2016,"{""type"":""MultiPoint"",""coordinates"":[]}"
32_0000000000000000000a,BA03050040,,,,,,,53.16,53,1396.16423098,TASWIL5000020230907KABKOTA,Nagekeo,,0.114707914625,2.15252417923,4326,4,,,Nagekeo,Nusa Tenggara Timur,,0,Ngada,,2016-09,0.003612178186403181,9,0.003612178186403181,VIIRS DNB,nW/cm2/sr,2016,"{""type"":""MultiPoint"",""coordinates"":[]}"
32_00000000000000000010,BA03050040,,,,,,,53.17,53,1789.65872064,TASWIL5000020230907KABKOTA,Sumba Tengah,,0.147379835649,2.42469258111,4326,4,,,Sumba Tengah,Nusa Tenggara Timur,,0,Sumba Barat,,2016-09,-0.021846677659062667,9,-0.021846677659062667,VIIRS DNB,nW/cm2/sr,2016,"{""type"":""MultiPoint"",""coordinates"":[]}"
32_00000000000000000014,BA03050040,,,,,,,53.18,53,1383.31224571,TASWIL5000020230907KABKOTA,Sumba Barat Daya,,0.113913848979,1.59805558471,4326,4,,,Sumba Barat Daya,Nusa Tenggara Timur,,0,Sumba Barat,,2016-09,0.002802999152642033,9,0.002802999152642033,VIIRS DNB,nW/cm2/sr,2016,"{""type"":""MultiPoint"",""coordinates"":[]}"
33_00000000000000000000,BA03050040,,,,,,,53.05,53,2928.55881854,TASWIL5000020230907KABKOTA,Alor,,0.24037265184,5.67288749982,4326,4,,,Alor,Nusa Tenggara Timur,,0,,,2016-10,0.049190420135425725,10,0.049190420135425725,VIIRS DNB,nW/cm2/sr,2016,"{""type"":""MultiPoint"",""coordinates"":[]}"
33_00000000000000000001,BA03050040,,,,,,,53.04,53,1127.25008655,TASWIL5000020230907KABKOTA,Belu,,0.0927289736817,2.29261763369,4326,4,,,Belu,Nusa Tenggara Timur,,0,,,2016-10,0.14697547518947984,10,0.14697547518947984,VIIRS DNB,nW/cm2/sr,2016,"{""type"":""MultiPoint"",""coordinates"":[]}"
33_00000000000000000002,BA03050040,,,,,,,53.06,53,1748.5165523,TASWIL5000020230907KABKOTA,Flores Timur,,0.143538260694,4.68012528849,4326,4,,,Flores Timur,Nusa Tenggara Timur,,0,,,2016-10,0.048307120663575245,10,0.048307120663575245,VIIRS DNB,nW/cm2/sr,2016,"{""type"":""MultiPoint"",""coordinates"":[]}"
33_00000000000000000004,BA03050040,,,,,,,53.01,53,5136.51008742,TASWIL5000020230907KABKOTA,Kupang,,0.423459507198,6.26740520892,4326,4,,,Kupang,Nusa Tenggara Timur,,0,,,2016-10,0.07848586556423759,10,0.07848586556423759,VIIRS DNB,nW/cm2/sr,2016,"{""type"":""MultiPoint"",""coordinates"":[]}"
33_00000000000000000007,BA03050040,,,,,,,53.10,53,1343.83414797,TASWIL5000020230907KABKOTA,Manggarai,,0.11037433796,2.62044875269,4326,4,,,Manggarai,Nusa Tenggara Timur,,0,,,2016-10,0.0951088185985008,10,0.0951088185985008,VIIRS DNB,nW/cm2/sr,2016,"{""type"":""MultiPoint"",""coordinates"":[]}"
33_0000000000000000000b,BA03050040,,,,,,,53.09,53,1735.63521769,TASWIL5000020230907KABKOTA,Ngada,,0.142589549676,2.86650785507,4326,4,,,Ngada,Nusa Tenggara Timur,,0,,,2016-10,0.02865431999612582,10,0.02865431999612582,VIIRS DNB,nW/cm2/sr,2016,"{""type"":""MultiPoint"",""coordinates"":[]}"
33_0000000000000000000e,BA03050040,,,,,,,53.07,53,1671.64902391,TASWIL5000020230907KABKOTA,Sikka,,0.137312979206,3.89925449996,4326,4,,,Sikka,Nusa Tenggara Timur,,0,,,2016-10,0.06793953789853305,10,0.06793953789853305,VIIRS DNB,nW/cm2/sr,2016,"{""type"":""MultiPoint"",""coordinates"":[]}"
33_0000000000000000000f,BA03050040,,,,,,,53.12,53,757.407641007,TASWIL5000020230907KABKOTA,Sumba Barat,,0.0623907023605,2.04212111278,4326,4,,,Sumba Barat,Nusa Tenggara Timur,,0,,,2016-10,0.05527985123488048,10,0.05527985123488048,VIIRS DNB,nW/cm2/sr,2016,"{""type"":""MultiPoint"",""coordinates"":[]}"
33_00000000000000000011,BA03050040,,,,,,,53.11,53,6984.01403441,TASWIL5000020230907KABKOTA,Sumba Timur,,0.575702142252,4.80415749282,4326,4,,,Sumba Timur,Nusa Tenggara Timur,,0,,,2016-10,0.04849895780955323,10,0.04849895780955323,VIIRS DNB,nW/cm2/sr,2016,"{""type"":""MultiPoint"",""coordinates"":[]}"
33_00000000000000000012,BA03050040,,,,,,,53.02,53,3933.15111495,TASWIL5000020230907KABKOTA,Timor Tengah Selatan,,0.324167140101,3.32375028444,4326,4,,,Timor Tengah Selatan,Nusa Tenggara Timur,,0,,,2016-10,0.05574921454776591,10,0.05574921454776591,VIIRS DNB,nW/cm2/sr,2016,"{""type"":""MultiPoint"",""coordinates"":[]}"
33_00000000000000000013,BA03050040,,,,,,,53.03,53,2623.19983128,TASWIL5000020230907KABKOTA,Timor Tengah Utara,,0.215921651765,3.4787254107,4326,4,,,Timor Tengah Utara,Nusa Tenggara Timur,,0,,,2016-10,0.0682608170896635,10,0.0682608170896635,VIIRS DNB,nW/cm2/sr,2016,"{""type"":""MultiPoint"",""coordinates"":[]}"
33_00000000000000000015,BA03050040,,,,,,,53.08,53,2085.24387061,TASWIL5000020230907KABKOTA,Ende,,0.171316232886,2.99297540949,4326,4,,,Ende,Nusa Tenggara Timur,,0,,,2016-10,0.0490578572852102,10,0.0490578572852102,VIIRS DNB,nW/cm2/sr,2016,"{""type"":""MultiPoint"",""coordinates"":[]}"
33_00000000000000000006,BA03050040,,,,,,,53.21,53,1109.16204574,TASWIL5000020230907KABKOTA,Malaka,,0.0913351434015,2.23370514726,4326,4,,,Malaka,Nusa Tenggara Timur,,0,Belu,,2016-10,0.08039347393971523,10,0.08039347393971523,VIIRS DNB,nW/cm2/sr,2016,"{""type"":""MultiPoint"",""coordinates"":[]}"
33_00000000000000000005,BA03050040,,,,,,,53.13,53,1268.10489804,TASWIL5000020230907KABKOTA,Lembata,,0.10410466891,3.45188597769,4326,4,,,Lembata,Nusa Tenggara Timur,,0,Flores Timur,,2016-10,0.05864306486846447,10,0.05864306486846447,VIIRS DNB,nW/cm2/sr,2016,"{""type"":""MultiPoint"",""coordinates"":[]}"
33_00000000000000000003,BA03050040,,,,,,,53.71,53,159.334041006,TASWIL5000020230907KABKOTA,Kota Kupang,,0.0131469663875,0.949087585397,4326,5,,,Kota Kupang,Nusa Tenggara Timur,,0,Kupang,,2016-10,3.0695294766341923,10,3.0695294766341923,VIIRS DNB,nW/cm2/sr,2016,"{""type"":""MultiPoint"",""coordinates"":[]}"
33_0000000000000000000c,BA03050040,,,,,,,53.14,53,1286.45281117,TASWIL5000020230907KABKOTA,Rote Ndao,,0.106321906477,4.76909476004,4326,4,,,Rote Ndao,Nusa Tenggara Timur,,0,Kupang,,2016-10,0.06930239153565136,10,0.06930239153565136,VIIRS DNB,nW/cm2/sr,2016,"{""type"":""MultiPoint"",""coordinates"":[]}"
33_0000000000000000000d,BA03050040,,,,,,,53.20,53,460.956594118,TASWIL5000020230907KABKOTA,Sabu Raijua,,0.0380736571077,1.23438979443,4326,4,,,Sabu Raijua,Nusa Tenggara Timur,,0,Kupang,,2016-10,0.07791202535065866,10,0.07791202535065866,VIIRS DNB,nW/cm2/sr,2016,"{""type"":""MultiPoint"",""coordinates"":[]}"
33_00000000000000000008,BA03050040,,,,,,,53.15,53,3128.99733567,TASWIL5000020230907KABKOTA,Manggarai Barat,,0.257018604578,10.7211601624,4326,4,,,Manggarai Barat,Nusa Tenggara Timur,,0,Manggarai,,2016-10,0.05314461811209669,10,0.05314461811209669,VIIRS DNB,nW/cm2/sr,2016,"{""type"":""MultiPoint"",""coordinates"":[]}"
33_00000000000000000009,BA03050040,,,,,,,53.19,53,2389.52959786,TASWIL5000020230907KABKOTA,Manggarai Timur,,0.196263276889,2.60910655519,4326,4,,,Manggarai Timur,Nusa Tenggara Timur,,0,Manggarai,,2016-10,0.022596458183948846,10,0.022596458183948846,VIIRS DNB,nW/cm2/sr,2016,"{""type"":""MultiPoint"",""coordinates"":[]}"
33_0000000000000000000a,BA03050040,,,,,,,53.16,53,1396.16423098,TASWIL5000020230907KABKOTA,Nagekeo,,0.114707914625,2.15252417923,4326,4,,,Nagekeo,Nusa Tenggara Timur,,0,Ngada,,2016-10,0.03847225868585437,10,0.03847225868585437,VIIRS DNB,nW/cm2/sr,2016,"{""type"":""MultiPoint"",""coordinates"":[]}"
33_00000000000000000010,BA03050040,,,,,,,53.17,53,1789.65872064,TASWIL5000020230907KABKOTA,Sumba Tengah,,0.147379835649,2.42469258111,4326,4,,,Sumba Tengah,Nusa Tenggara Timur,,0,Sumba Barat,,2016-10,0.03430035508833095,10,0.03430035508833095,VIIRS DNB,nW/cm2/sr,2016,"{""type"":""MultiPoint"",""coordinates"":[]}"
33_00000000000000000014,BA03050040,,,,,,,53.18,53,1383.31224571,TASWIL5000020230907KABKOTA,Sumba Barat Daya,,0.113913848979,1.59805558471,4326,4,,,Sumba Barat Daya,Nusa Tenggara Timur,,0,Sumba Barat,,2016-10,0.04909485270993184,10,0.04909485270993184,VIIRS DNB,nW/cm2/sr,2016,"{""type"":""MultiPoint"",""coordinates"":[]}"
34_00000000000000000000,BA03050040,,,,,,,53.05,53,2928.55881854,TASWIL5000020230907KABKOTA,Alor,,0.24037265184,5.67288749982,4326,4,,,Alor,Nusa Tenggara Timur,,0,,,2016-11,0.017340492595241414,11,0.017340492595241414,VIIRS DNB,nW/cm2/sr,2016,"{""type"":""MultiPoint"",""coordinates"":[]}"
34_00000000000000000001,BA03050040,,,,,,,53.04,53,1127.25008655,TASWIL5000020230907KABKOTA,Belu,,0.0927289736817,2.29261763369,4326,4,,,Belu,Nusa Tenggara Timur,,0,,,2016-11,0.1119764970975217,11,0.1119764970975217,VIIRS DNB,nW/cm2/sr,2016,"{""type"":""MultiPoint"",""coordinates"":[]}"
34_00000000000000000002,BA03050040,,,,,,,53.06,53,1748.5165523,TASWIL5000020230907KABKOTA,Flores Timur,,0.143538260694,4.68012528849,4326,4,,,Flores Timur,Nusa Tenggara Timur,,0,,,2016-11,-0.022965478943779146,11,-0.022965478943779146,VIIRS DNB,nW/cm2/sr,2016,"{""type"":""MultiPoint"",""coordinates"":[]}"
34_00000000000000000004,BA03050040,,,,,,,53.01,53,5136.51008742,TASWIL5000020230907KABKOTA,Kupang,,0.423459507198,6.26740520892,4326,4,,,Kupang,Nusa Tenggara Timur,,0,,,2016-11,0.0309894265537298,11,0.0309894265537298,VIIRS DNB,nW/cm2/sr,2016,"{""type"":""MultiPoint"",""coordinates"":[]}"
34_00000000000000000007,BA03050040,,,,,,,53.10,53,1343.83414797,TASWIL5000020230907KABKOTA,Manggarai,,0.11037433796,2.62044875269,4326,4,,,Manggarai,Nusa Tenggara Timur,,0,,,2016-11,0.015626277621001213,11,0.015626277621001213,VIIRS DNB,nW/cm2/sr,2016,"{""type"":""MultiPoint"",""coordinates"":[]}"
34_0000000000000000000b,BA03050040,,,,,,,53.09,53,1735.63521769,TASWIL5000020230907KABKOTA,Ngada,,0.142589549676,2.86650785507,4326,4,,,Ngada,Nusa Tenggara Timur,,0,,,2016-11,-0.022823405094367265,11,-0.022823405094367265,VIIRS DNB,nW/cm2/sr,2016,"{""type"":""MultiPoint"",""coordinates"":[]}"
34_0000000000000000000e,BA03050040,,,,,,,53.07,53,1671.64902391,TASWIL5000020230907KABKOTA,Sikka,,0.137312979206,3.89925449996,4326,4,,,Sikka,Nusa Tenggara Timur,,0,,,2016-11,-0.01067943067057316,11,-0.01067943067057316,VIIRS DNB,nW/cm2/sr,2016,"{""type"":""MultiPoint"",""coordinates"":[]}"
34_0000000000000000000f,BA03050040,,,,,,,53.12,53,757.407641007,TASWIL5000020230907KABKOTA,Sumba Barat,,0.0623907023605,2.04212111278,4326,4,,,Sumba Barat,Nusa Tenggara Timur,,0,,,2016-11,0.02235029227671864,11,0.02235029227671864,VIIRS DNB,nW/cm2/sr,2016,"{""type"":""MultiPoint"",""coordinates"":[]}"
34_00000000000000000011,BA03050040,,,,,,,53.11,53,6984.01403441,TASWIL5000020230907KABKOTA,Sumba Timur,,0.575702142252,4.80415749282,4326,4,,,Sumba Timur,Nusa Tenggara Timur,,0,,,2016-11,-0.013102242479220774,11,-0.013102242479220774,VIIRS DNB,nW/cm2/sr,2016,"{""type"":""MultiPoint"",""coordinates"":[]}"
34_00000000000000000012,BA03050040,,,,,,,53.02,53,3933.15111495,TASWIL5000020230907KABKOTA,Timor Tengah Selatan,,0.324167140101,3.32375028444,4326,4,,,Timor Tengah Selatan,Nusa Tenggara Timur,,0,,,2016-11,0.04405798807810914,11,0.04405798807810914,VIIRS DNB,nW/cm2/sr,2016,"{""type"":""MultiPoint"",""coordinates"":[]}"
34_00000000000000000013,BA03050040,,,,,,,53.03,53,2623.19983128,TASWIL5000020230907KABKOTA,Timor Tengah Utara,,0.215921651765,3.4787254107,4326,4,,,Timor Tengah Utara,Nusa Tenggara Timur,,0,,,2016-11,0.050137368613088464,11,0.050137368613088464,VIIRS DNB,nW/cm2/sr,2016,"{""type"":""MultiPoint"",""coordinates"":[]}"
34_00000000000000000015,BA03050040,,,,,,,53.08,53,2085.24387061,TASWIL5000020230907KABKOTA,Ende,,0.171316232886,2.99297540949,4326,4,,,Ende,Nusa Tenggara Timur,,0,,,2016-11,-0.01337190277326852,11,-0.01337190277326852,VIIRS DNB,nW/cm2/sr,2016,"{""type"":""MultiPoint"",""coordinates"":[]}"
34_00000000000000000006,BA03050040,,,,,,,53.21,53,1109.16204574,TASWIL5000020230907KABKOTA,Malaka,,0.0913351434015,2.23370514726,4326,4,,,Malaka,Nusa Tenggara Timur,,0,Belu,,2016-11,0.05461484354229737,11,0.05461484354229737,VIIRS DNB,nW/cm2/sr,2016,"{""type"":""MultiPoint"",""coordinates"":[]}"
34_00000000000000000005,BA03050040,,,,,,,53.13,53,1268.10489804,TASWIL5000020230907KABKOTA,Lembata,,0.10410466891,3.45188597769,4326,4,,,Lembata,Nusa Tenggara Timur,,0,Flores Timur,,2016-11,-0.016337000487135992,11,-0.016337000487135992,VIIRS DNB,nW/cm2/sr,2016,"{""type"":""MultiPoint"",""coordinates"":[]}"
34_00000000000000000003,BA03050040,,,,,,,53.71,53,159.334041006,TASWIL5000020230907KABKOTA,Kota Kupang,,0.0131469663875,0.949087585397,4326,5,,,Kota Kupang,Nusa Tenggara Timur,,0,Kupang,,2016-11,2.7062512502480707,11,2.7062512502480707,VIIRS DNB,nW/cm2/sr,2016,"{""type"":""MultiPoint"",""coordinates"":[]}"
34_0000000000000000000c,BA03050040,,,,,,,53.14,53,1286.45281117,TASWIL5000020230907KABKOTA,Rote Ndao,,0.106321906477,4.76909476004,4326,4,,,Rote Ndao,Nusa Tenggara Timur,,0,Kupang,,2016-11,0.013503267962329209,11,0.013503267962329209,VIIRS DNB,nW/cm2/sr,2016,"{""type"":""MultiPoint"",""coordinates"":[]}"
34_0000000000000000000d,BA03050040,,,,,,,53.20,53,460.956594118,TASWIL5000020230907KABKOTA,Sabu Raijua,,0.0380736571077,1.23438979443,4326,4,,,Sabu Raijua,Nusa Tenggara Timur,,0,Kupang,,2016-11,0.013300631841826215,11,0.013300631841826215,VIIRS DNB,nW/cm2/sr,2016,"{""type"":""MultiPoint"",""coordinates"":[]}"
34_00000000000000000008,BA03050040,,,,,,,53.15,53,3128.99733567,TASWIL5000020230907KABKOTA,Manggarai Barat,,0.257018604578,10.7211601624,4326,4,,,Manggarai Barat,Nusa Tenggara Timur,,0,Manggarai,,2016-11,-9.816783220401085E-4,11,-9.816783220401085E-4,VIIRS DNB,nW/cm2/sr,2016,"{""type"":""MultiPoint"",""coordinates"":[]}"
34_00000000000000000009,BA03050040,,,,,,,53.19,53,2389.52959786,TASWIL5000020230907KABKOTA,Manggarai Timur,,0.196263276889,2.60910655519,4326,4,,,Manggarai Timur,Nusa Tenggara Timur,,0,Manggarai,,2016-11,-0.034690775432519874,11,-0.034690775432519874,VIIRS DNB,nW/cm2/sr,2016,"{""type"":""MultiPoint"",""coordinates"":[]}"
34_0000000000000000000a,BA03050040,,,,,,,53.16,53,1396.16423098,TASWIL5000020230907KABKOTA,Nagekeo,,0.114707914625,2.15252417923,4326,4,,,Nagekeo,Nusa Tenggara Timur,,0,Ngada,,2016-11,-0.004935414180372425,11,-0.004935414180372425,VIIRS DNB,nW/cm2/sr,2016,"{""type"":""MultiPoint"",""coordinates"":[]}"
34_00000000000000000010,BA03050040,,,,,,,53.17,53,1789.65872064,TASWIL5000020230907KABKOTA,Sumba Tengah,,0.147379835649,2.42469258111,4326,4,,,Sumba Tengah,Nusa Tenggara Timur,,0,Sumba Barat,,2016-11,-0.013912434366788184,11,-0.013912434366788184,VIIRS DNB,nW/cm2/sr,2016,"{""type"":""MultiPoint"",""coordinates"":[]}"
34_00000000000000000014,BA03050040,,,,,,,53.18,53,1383.31224571,TASWIL5000020230907KABKOTA,Sumba Barat Daya,,0.113913848979,1.59805558471,4326,4,,,Sumba Barat Daya,Nusa Tenggara Timur,,0,Sumba Barat,,2016-11,1.3869953057117886E-4,11,1.3869953057117886E-4,VIIRS DNB,nW/cm2/sr,2016,"{""type"":""MultiPoint"",""coordinates"":[]}"
35_00000000000000000000,BA03050040,,,,,,,53.05,53,2928.55881854,TASWIL5000020230907KABKOTA,Alor,,0.24037265184,5.67288749982,4326,4,,,Alor,Nusa Tenggara Timur,,0,,,2016-12,-0.0301481115531387,12,-0.0301481115531387,VIIRS DNB,nW/cm2/sr,2016,"{""type"":""MultiPoint"",""coordinates"":[]}"
35_00000000000000000001,BA03050040,,,,,,,53.04,53,1127.25008655,TASWIL5000020230907KABKOTA,Belu,,0.0927289736817,2.29261763369,4326,4,,,Belu,Nusa Tenggara Timur,,0,,,2016-12,0.033875523587817674,12,0.033875523587817674,VIIRS DNB,nW/cm2/sr,2016,"{""type"":""MultiPoint"",""coordinates"":[]}"
35_00000000000000000002,BA03050040,,,,,,,53.06,53,1748.5165523,TASWIL5000020230907KABKOTA,Flores Timur,,0.143538260694,4.68012528849,4326,4,,,Flores Timur,Nusa Tenggara Timur,,0,,,2016-12,-0.00248176465986524,12,-0.00248176465986524,VIIRS DNB,nW/cm2/sr,2016,"{""type"":""MultiPoint"",""coordinates"":[]}"
35_00000000000000000004,BA03050040,,,,,,,53.01,53,5136.51008742,TASWIL5000020230907KABKOTA,Kupang,,0.423459507198,6.26740520892,4326,4,,,Kupang,Nusa Tenggara Timur,,0,,,2016-12,-9.45741497297296E-4,12,-9.45741497297296E-4,VIIRS DNB,nW/cm2/sr,2016,"{""type"":""MultiPoint"",""coordinates"":[]}"
35_00000000000000000007,BA03050040,,,,,,,53.10,53,1343.83414797,TASWIL5000020230907KABKOTA,Manggarai,,0.11037433796,2.62044875269,4326,4,,,Manggarai,Nusa Tenggara Timur,,0,,,2016-12,-0.0016853363618820284,12,-0.0016853363618820284,VIIRS DNB,nW/cm2/sr,2016,"{""type"":""MultiPoint"",""coordinates"":[]}"
35_0000000000000000000b,BA03050040,,,,,,,53.09,53,1735.63521769,TASWIL5000020230907KABKOTA,Ngada,,0.142589549676,2.86650785507,4326,4,,,Ngada,Nusa Tenggara Timur,,0,,,2016-12,-0.011170659996642624,12,-0.011170659996642624,VIIRS DNB,nW/cm2/sr,2016,"{""type"":""MultiPoint"",""coordinates"":[]}"
35_0000000000000000000e,BA03050040,,,,,,,53.07,53,1671.64902391,TASWIL5000020230907KABKOTA,Sikka,,0.137312979206,3.89925449996,4326,4,,,Sikka,Nusa Tenggara Timur,,0,,,2016-12,0.03616954566740255,12,0.03616954566740255,VIIRS DNB,nW/cm2/sr,2016,"{""type"":""MultiPoint"",""coordinates"":[]}"
35_0000000000000000000f,BA03050040,,,,,,,53.12,53,757.407641007,TASWIL5000020230907KABKOTA,Sumba Barat,,0.0623907023605,2.04212111278,4326,4,,,Sumba Barat,Nusa Tenggara Timur,,0,,,2016-12,0.005697895563465292,12,0.005697895563465292,VIIRS DNB,nW/cm2/sr,2016,"{""type"":""MultiPoint"",""coordinates"":[]}"
35_00000000000000000011,BA03050040,,,,,,,53.11,53,6984.01403441,TASWIL5000020230907KABKOTA,Sumba Timur,,0.575702142252,4.80415749282,4326,4,,,Sumba Timur,Nusa Tenggara Timur,,0,,,2016-12,-0.006413511665528545,12,-0.006413511665528545,VIIRS DNB,nW/cm2/sr,2016,"{""type"":""MultiPoint"",""coordinates"":[]}"
35_00000000000000000012,BA03050040,,,,,,,53.02,53,3933.15111495,TASWIL5000020230907KABKOTA,Timor Tengah Selatan,,0.324167140101,3.32375028444,4326,4,,,Timor Tengah Selatan,Nusa Tenggara Timur,,0,,,2016-12,-0.004427977747786021,12,-0.004427977747786021,VIIRS DNB,nW/cm2/sr,2016,"{""type"":""MultiPoint"",""coordinates"":[]}"
35_00000000000000000013,BA03050040,,,,,,,53.03,53,2623.19983128,TASWIL5000020230907KABKOTA,Timor Tengah Utara,,0.215921651765,3.4787254107,4326,4,,,Timor Tengah Utara,Nusa Tenggara Timur,,0,,,2016-12,-0.029750974680989077,12,-0.029750974680989077,VIIRS DNB,nW/cm2/sr,2016,"{""type"":""MultiPoint"",""coordinates"":[]}"
35_00000000000000000015,BA03050040,,,,,,,53.08,53,2085.24387061,TASWIL5000020230907KABKOTA,Ende,,0.171316232886,2.99297540949,4326,4,,,Ende,Nusa Tenggara Timur,,0,,,2016-12,0.007200989661066322,12,0.007200989661066322,VIIRS DNB,nW/cm2/sr,2016,"{""type"":""MultiPoint"",""coordinates"":[]}"
35_00000000000000000006,BA03050040,,,,,,,53.21,53,1109.16204574,TASWIL5000020230907KABKOTA,Malaka,,0.0913351434015,2.23370514726,4326,4,,,Malaka,Nusa Tenggara Timur,,0,Belu,,2016-12,0.003480738956468225,12,0.003480738956468225,VIIRS DNB,nW/cm2/sr,2016,"{""type"":""MultiPoint"",""coordinates"":[]}"
35_00000000000000000005,BA03050040,,,,,,,53.13,53,1268.10489804,TASWIL5000020230907KABKOTA,Lembata,,0.10410466891,3.45188597769,4326,4,,,Lembata,Nusa Tenggara Timur,,0,Flores Timur,,2016-12,-0.006547706415499045,12,-0.006547706415499045,VIIRS DNB,nW/cm2/sr,2016,"{""type"":""MultiPoint"",""coordinates"":[]}"
35_00000000000000000003,BA03050040,,,,,,,53.71,53,159.334041006,TASWIL5000020230907KABKOTA,Kota Kupang,,0.0131469663875,0.949087585397,4326,5,,,Kota Kupang,Nusa Tenggara Timur,,0,Kupang,,2016-12,1.1327380085983163,12,1.1327380085983163,VIIRS DNB,nW/cm2/sr,2016,"{""type"":""MultiPoint"",""coordinates"":[]}"
35_0000000000000000000c,BA03050040,,,,,,,53.14,53,1286.45281117,TASWIL5000020230907KABKOTA,Rote Ndao,,0.106321906477,4.76909476004,4326,4,,,Rote Ndao,Nusa Tenggara Timur,,0,Kupang,,2016-12,-0.0014799628001200232,12,-0.0014799628001200232,VIIRS DNB,nW/cm2/sr,2016,"{""type"":""MultiPoint"",""coordinates"":[]}"
35_0000000000000000000d,BA03050040,,,,,,,53.20,53,460.956594118,TASWIL5000020230907KABKOTA,Sabu Raijua,,0.0380736571077,1.23438979443,4326,4,,,Sabu Raijua,Nusa Tenggara Timur,,0,Kupang,,2016-12,0.0,12,0.0,VIIRS DNB,nW/cm2/sr,2016,"{""type"":""MultiPoint"",""coordinates"":[]}"
35_00000000000000000008,BA03050040,,,,,,,53.15,53,3128.99733567,TASWIL5000020230907KABKOTA,Manggarai Barat,,0.257018604578,10.7211601624,4326,4,,,Manggarai Barat,Nusa Tenggara Timur,,0,Manggarai,,2016-12,-0.037603195137326295,12,-0.037603195137326295,VIIRS DNB,nW/cm2/sr,2016,"{""type"":""MultiPoint"",""coordinates"":[]}"
35_00000000000000000009,BA03050040,,,,,,,53.19,53,2389.52959786,TASWIL5000020230907KABKOTA,Manggarai Timur,,0.196263276889,2.60910655519,4326,4,,,Manggarai Timur,Nusa Tenggara Timur,,0,Manggarai,,2016-12,-0.044644113335229337,12,-0.044644113335229337,VIIRS DNB,nW/cm2/sr,2016,"{""type"":""MultiPoint"",""coordinates"":[]}"
35_0000000000000000000a,BA03050040,,,,,,,53.16,53,1396.16423098,TASWIL5000020230907KABKOTA,Nagekeo,,0.114707914625,2.15252417923,4326,4,,,Nagekeo,Nusa Tenggara Timur,,0,Ngada,,2016-12,0.006646653744462827,12,0.006646653744462827,VIIRS DNB,nW/cm2/sr,2016,"{""type"":""MultiPoint"",""coordinates"":[]}"
35_00000000000000000010,BA03050040,,,,,,,53.17,53,1789.65872064,TASWIL5000020230907KABKOTA,Sumba Tengah,,0.147379835649,2.42469258111,4326,4,,,Sumba Tengah,Nusa Tenggara Timur,,0,Sumba Barat,,2016-12,-9.448495902563935E-6,12,-9.448495902563935E-6,VIIRS DNB,nW/cm2/sr,2016,"{""type"":""MultiPoint"",""coordinates"":[]}"
35_00000000000000000014,BA03050040,,,,,,,53.18,53,1383.31224571,TASWIL5000020230907KABKOTA,Sumba Barat Daya,,0.113913848979,1.59805558471,4326,4,,,Sumba Barat Daya,Nusa Tenggara Timur,,0,Sumba Barat,,2016-12,0.01060327894425461,12,0.01060327894425461,VIIRS DNB,nW/cm2/sr,2016,"{""type"":""MultiPoint"",""coordinates"":[]}"
36_00000000000000000000,BA03050040,,,,,,,53.05,53,2928.55881854,TASWIL5000020230907KABKOTA,Alor,,0.24037265184,5.67288749982,4326,4,,,Alor,Nusa Tenggara Timur,,0,,,2017-01,0.05371159131610954,1,0.05371159131610954,VIIRS DNB,nW/cm2/sr,2017,"{""type"":""MultiPoint"",""coordinates"":[]}"
36_00000000000000000001,BA03050040,,,,,,,53.04,53,1127.25008655,TASWIL5000020230907KABKOTA,Belu,,0.0927289736817,2.29261763369,4326,4,,,Belu,Nusa Tenggara Timur,,0,,,2017-01,0.12131991472446797,1,0.12131991472446797,VIIRS DNB,nW/cm2/sr,2017,"{""type"":""MultiPoint"",""coordinates"":[]}"
36_00000000000000000002,BA03050040,,,,,,,53.06,53,1748.5165523,TASWIL5000020230907KABKOTA,Flores Timur,,0.143538260694,4.68012528849,4326,4,,,Flores Timur,Nusa Tenggara Timur,,0,,,2017-01,0.11608849076560906,1,0.11608849076560906,VIIRS DNB,nW/cm2/sr,2017,"{""type"":""MultiPoint"",""coordinates"":[]}"
36_00000000000000000004,BA03050040,,,,,,,53.01,53,5136.51008742,TASWIL5000020230907KABKOTA,Kupang,,0.423459507198,6.26740520892,4326,4,,,Kupang,Nusa Tenggara Timur,,0,,,2017-01,0.08207585442387805,1,0.08207585442387805,VIIRS DNB,nW/cm2/sr,2017,"{""type"":""MultiPoint"",""coordinates"":[]}"
36_00000000000000000007,BA03050040,,,,,,,53.10,53,1343.83414797,TASWIL5000020230907KABKOTA,Manggarai,,0.11037433796,2.62044875269,4326,4,,,Manggarai,Nusa Tenggara Timur,,0,,,2017-01,0.09514616462279626,1,0.09514616462279626,VIIRS DNB,nW/cm2/sr,2017,"{""type"":""MultiPoint"",""coordinates"":[]}"
36_0000000000000000000b,BA03050040,,,,,,,53.09,53,1735.63521769,TASWIL5000020230907KABKOTA,Ngada,,0.142589549676,2.86650785507,4326,4,,,Ngada,Nusa Tenggara Timur,,0,,,2017-01,0.08461546850686229,1,0.08461546850686229,VIIRS DNB,nW/cm2/sr,2017,"{""type"":""MultiPoint"",""coordinates"":[]}"
36_0000000000000000000e,BA03050040,,,,,,,53.07,53,1671.64902391,TASWIL5000020230907KABKOTA,Sikka,,0.137312979206,3.89925449996,4326,4,,,Sikka,Nusa Tenggara Timur,,0,,,2017-01,0.10254217665459064,1,0.10254217665459064,VIIRS DNB,nW/cm2/sr,2017,"{""type"":""MultiPoint"",""coordinates"":[]}"
36_0000000000000000000f,BA03050040,,,,,,,53.12,53,757.407641007,TASWIL5000020230907KABKOTA,Sumba Barat,,0.0623907023605,2.04212111278,4326,4,,,Sumba Barat,Nusa Tenggara Timur,,0,,,2017-01,0.04789484401313124,1,0.04789484401313124,VIIRS DNB,nW/cm2/sr,2017,"{""type"":""MultiPoint"",""coordinates"":[]}"
36_00000000000000000011,BA03050040,,,,,,,53.11,53,6984.01403441,TASWIL5000020230907KABKOTA,Sumba Timur,,0.575702142252,4.80415749282,4326,4,,,Sumba Timur,Nusa Tenggara Timur,,0,,,2017-01,0.15785473612275464,1,0.15785473612275464,VIIRS DNB,nW/cm2/sr,2017,"{""type"":""MultiPoint"",""coordinates"":[]}"
36_00000000000000000012,BA03050040,,,,,,,53.02,53,3933.15111495,TASWIL5000020230907KABKOTA,Timor Tengah Selatan,,0.324167140101,3.32375028444,4326,4,,,Timor Tengah Selatan,Nusa Tenggara Timur,,0,,,2017-01,0.08152427227857974,1,0.08152427227857974,VIIRS DNB,nW/cm2/sr,2017,"{""type"":""MultiPoint"",""coordinates"":[]}"
36_00000000000000000013,BA03050040,,,,,,,53.03,53,2623.19983128,TASWIL5000020230907KABKOTA,Timor Tengah Utara,,0.215921651765,3.4787254107,4326,4,,,Timor Tengah Utara,Nusa Tenggara Timur,,0,,,2017-01,0.07127406329080352,1,0.07127406329080352,VIIRS DNB,nW/cm2/sr,2017,"{""type"":""MultiPoint"",""coordinates"":[]}"
36_00000000000000000015,BA03050040,,,,,,,53.08,53,2085.24387061,TASWIL5000020230907KABKOTA,Ende,,0.171316232886,2.99297540949,4326,4,,,Ende,Nusa Tenggara Timur,,0,,,2017-01,0.06844723088782222,1,0.06844723088782222,VIIRS DNB,nW/cm2/sr,2017,"{""type"":""MultiPoint"",""coordinates"":[]}"
36_00000000000000000006,BA03050040,,,,,,,53.21,53,1109.16204574,TASWIL5000020230907KABKOTA,Malaka,,0.0913351434015,2.23370514726,4326,4,,,Malaka,Nusa Tenggara Timur,,0,Belu,,2017-01,0.027528862544453768,1,0.027528862544453768,VIIRS DNB,nW/cm2/sr,2017,"{""type"":""MultiPoint"",""coordinates"":[]}"
36_00000000000000000005,BA03050040,,,,,,,53.13,53,1268.10489804,TASWIL5000020230907KABKOTA,Lembata,,0.10410466891,3.45188597769,4326,4,,,Lembata,Nusa Tenggara Timur,,0,Flores Timur,,2017-01,0.0797637877771792,1,0.0797637877771792,VIIRS DNB,nW/cm2/sr,2017,"{""type"":""MultiPoint"",""coordinates"":[]}"
36_00000000000000000003,BA03050040,,,,,,,53.71,53,159.334041006,TASWIL5000020230907KABKOTA,Kota Kupang,,0.0131469663875,0.949087585397,4326,5,,,Kota Kupang,Nusa Tenggara Timur,,0,Kupang,,2017-01,2.1588595525392016,1,2.1588595525392016,VIIRS DNB,nW/cm2/sr,2017,"{""type"":""MultiPoint"",""coordinates"":[]}"
36_0000000000000000000c,BA03050040,,,,,,,53.14,53,1286.45281117,TASWIL5000020230907KABKOTA,Rote Ndao,,0.106321906477,4.76909476004,4326,4,,,Rote Ndao,Nusa Tenggara Timur,,0,Kupang,,2017-01,4.942191963140391E-4,1,4.942191963140391E-4,VIIRS DNB,nW/cm2/sr,2017,"{""type"":""MultiPoint"",""coordinates"":[]}"
36_0000000000000000000d,BA03050040,,,,,,,53.20,53,460.956594118,TASWIL5000020230907KABKOTA,Sabu Raijua,,0.0380736571077,1.23438979443,4326,4,,,Sabu Raijua,Nusa Tenggara Timur,,0,Kupang,,2017-01,0.08784578943905598,1,0.08784578943905598,VIIRS DNB,nW/cm2/sr,2017,"{""type"":""MultiPoint"",""coordinates"":[]}"
36_00000000000000000008,BA03050040,,,,,,,53.15,53,3128.99733567,TASWIL5000020230907KABKOTA,Manggarai Barat,,0.257018604578,10.7211601624,4326,4,,,Manggarai Barat,Nusa Tenggara Timur,,0,Manggarai,,2017-01,0.10159666986027598,1,0.10159666986027598,VIIRS DNB,nW/cm2/sr,2017,"{""type"":""MultiPoint"",""coordinates"":[]}"
36_00000000000000000009,BA03050040,,,,,,,53.19,53,2389.52959786,TASWIL5000020230907KABKOTA,Manggarai Timur,,0.196263276889,2.60910655519,4326,4,,,Manggarai Timur,Nusa Tenggara Timur,,0,Manggarai,,2017-01,0.07287204067356241,1,0.07287204067356241,VIIRS DNB,nW/cm2/sr,2017,"{""type"":""MultiPoint"",""coordinates"":[]}"
36_0000000000000000000a,BA03050040,,,,,,,53.16,53,1396.16423098,TASWIL5000020230907KABKOTA,Nagekeo,,0.114707914625,2.15252417923,4326,4,,,Nagekeo,Nusa Tenggara Timur,,0,Ngada,,2017-01,0.08967914054092371,1,0.08967914054092371,VIIRS DNB,nW/cm2/sr,2017,"{""type"":""MultiPoint"",""coordinates"":[]}"
36_00000000000000000010,BA03050040,,,,,,,53.17,53,1789.65872064,TASWIL5000020230907KABKOTA,Sumba Tengah,,0.147379835649,2.42469258111,4326,4,,,Sumba Tengah,Nusa Tenggara Timur,,0,Sumba Barat,,2017-01,0.013617138837282015,1,0.013617138837282015,VIIRS DNB,nW/cm2/sr,2017,"{""type"":""MultiPoint"",""coordinates"":[]}"
36_00000000000000000014,BA03050040,,,,,,,53.18,53,1383.31224571,TASWIL5000020230907KABKOTA,Sumba Barat Daya,,0.113913848979,1.59805558471,4326,4,,,Sumba Barat Daya,Nusa Tenggara Timur,,0,Sumba Barat,,2017-01,0.05377414265211784,1,0.05377414265211784,VIIRS DNB,nW/cm2/sr,2017,"{""type"":""MultiPoint"",""coordinates"":[]}"
37_00000000000000000000,BA03050040,,,,,,,53.05,53,2928.55881854,TASWIL5000020230907KABKOTA,Alor,,0.24037265184,5.67288749982,4326,4,,,Alor,Nusa Tenggara Timur,,0,,,2017-02,0.16536226628975056,2,0.16536226628975056,VIIRS DNB,nW/cm2/sr,2017,"{""type"":""MultiPoint"",""coordinates"":[]}"
37_00000000000000000001,BA03050040,,,,,,,53.04,53,1127.25008655,TASWIL5000020230907KABKOTA,Belu,,0.0927289736817,2.29261763369,4326,4,,,Belu,Nusa Tenggara Timur,,0,,,2017-02,0.24986186573113148,2,0.24986186573113148,VIIRS DNB,nW/cm2/sr,2017,"{""type"":""MultiPoint"",""coordinates"":[]}"
37_00000000000000000002,BA03050040,,,,,,,53.06,53,1748.5165523,TASWIL5000020230907KABKOTA,Flores Timur,,0.143538260694,4.68012528849,4326,4,,,Flores Timur,Nusa Tenggara Timur,,0,,,2017-02,0.20847285167615798,2,0.20847285167615798,VIIRS DNB,nW/cm2/sr,2017,"{""type"":""MultiPoint"",""coordinates"":[]}"
37_00000000000000000004,BA03050040,,,,,,,53.01,53,5136.51008742,TASWIL5000020230907KABKOTA,Kupang,,0.423459507198,6.26740520892,4326,4,,,Kupang,Nusa Tenggara Timur,,0,,,2017-02,0.20688109547472644,2,0.20688109547472644,VIIRS DNB,nW/cm2/sr,2017,"{""type"":""MultiPoint"",""coordinates"":[]}"
37_00000000000000000007,BA03050040,,,,,,,53.10,53,1343.83414797,TASWIL5000020230907KABKOTA,Manggarai,,0.11037433796,2.62044875269,4326,4,,,Manggarai,Nusa Tenggara Timur,,0,,,2017-02,0.2550192521570747,2,0.2550192521570747,VIIRS DNB,nW/cm2/sr,2017,"{""type"":""MultiPoint"",""coordinates"":[]}"
37_0000000000000000000b,BA03050040,,,,,,,53.09,53,1735.63521769,TASWIL5000020230907KABKOTA,Ngada,,0.142589549676,2.86650785507,4326,4,,,Ngada,Nusa Tenggara Timur,,0,,,2017-02,0.20113939776625991,2,0.20113939776625991,VIIRS DNB,nW/cm2/sr,2017,"{""type"":""MultiPoint"",""coordinates"":[]}"
37_0000000000000000000e,BA03050040,,,,,,,53.07,53,1671.64902391,TASWIL5000020230907KABKOTA,Sikka,,0.137312979206,3.89925449996,4326,4,,,Sikka,Nusa Tenggara Timur,,0,,,2017-02,0.22298035917003287,2,0.22298035917003287,VIIRS DNB,nW/cm2/sr,2017,"{""type"":""MultiPoint"",""coordinates"":[]}"
37_0000000000000000000f,BA03050040,,,,,,,53.12,53,757.407641007,TASWIL5000020230907KABKOTA,Sumba Barat,,0.0623907023605,2.04212111278,4326,4,,,Sumba Barat,Nusa Tenggara Timur,,0,,,2017-02,0.2285904589559231,2,0.2285904589559231,VIIRS DNB,nW/cm2/sr,2017,"{""type"":""MultiPoint"",""coordinates"":[]}"
37_00000000000000000011,BA03050040,,,,,,,53.11,53,6984.01403441,TASWIL5000020230907KABKOTA,Sumba Timur,,0.575702142252,4.80415749282,4326,4,,,Sumba Timur,Nusa Tenggara Timur,,0,,,2017-02,0.1961794546293158,2,0.1961794546293158,VIIRS DNB,nW/cm2/sr,2017,"{""type"":""MultiPoint"",""coordinates"":[]}"
37_00000000000000000012,BA03050040,,,,,,,53.02,53,3933.15111495,TASWIL5000020230907KABKOTA,Timor Tengah Selatan,,0.324167140101,3.32375028444,4326,4,,,Timor Tengah Selatan,Nusa Tenggara Timur,,0,,,2017-02,0.19883817740495494,2,0.19883817740495494,VIIRS DNB,nW/cm2/sr,2017,"{""type"":""MultiPoint"",""coordinates"":[]}"
37_00000000000000000013,BA03050040,,,,,,,53.03,53,2623.19983128,TASWIL5000020230907KABKOTA,Timor Tengah Utara,,0.215921651765,3.4787254107,4326,4,,,Timor Tengah Utara,Nusa Tenggara Timur,,0,,,2017-02,0.20153577296085418,2,0.20153577296085418,VIIRS DNB,nW/cm2/sr,2017,"{""type"":""MultiPoint"",""coordinates"":[]}"
37_00000000000000000015,BA03050040,,,,,,,53.08,53,2085.24387061,TASWIL5000020230907KABKOTA,Ende,,0.171316232886,2.99297540949,4326,4,,,Ende,Nusa Tenggara Timur,,0,,,2017-02,0.22177589628744332,2,0.22177589628744332,VIIRS DNB,nW/cm2/sr,2017,"{""type"":""MultiPoint"",""coordinates"":[]}"
37_00000000000000000006,BA03050040,,,,,,,53.21,53,1109.16204574,TASWIL5000020230907KABKOTA,Malaka,,0.0913351434015,2.23370514726,4326,4,,,Malaka,Nusa Tenggara Timur,,0,Belu,,2017-02,0.21574857586645388,2,0.21574857586645388,VIIRS DNB,nW/cm2/sr,2017,"{""type"":""MultiPoint"",""coordinates"":[]}"
37_00000000000000000005,BA03050040,,,,,,,53.13,53,1268.10489804,TASWIL5000020230907KABKOTA,Lembata,,0.10410466891,3.45188597769,4326,4,,,Lembata,Nusa Tenggara Timur,,0,Flores Timur,,2017-02,0.18764621706584586,2,0.18764621706584586,VIIRS DNB,nW/cm2/sr,2017,"{""type"":""MultiPoint"",""coordinates"":[]}"
37_00000000000000000003,BA03050040,,,,,,,53.71,53,159.334041006,TASWIL5000020230907KABKOTA,Kota Kupang,,0.0131469663875,0.949087585397,4326,5,,,Kota Kupang,Nusa Tenggara Timur,,0,Kupang,,2017-02,2.7751803863694167,2,2.7751803863694167,VIIRS DNB,nW/cm2/sr,2017,"{""type"":""MultiPoint"",""coordinates"":[]}"
37_0000000000000000000c,BA03050040,,,,,,,53.14,53,1286.45281117,TASWIL5000020230907KABKOTA,Rote Ndao,,0.106321906477,4.76909476004,4326,4,,,Rote Ndao,Nusa Tenggara Timur,,0,Kupang,,2017-02,0.2089777942796662,2,0.2089777942796662,VIIRS DNB,nW/cm2/sr,2017,"{""type"":""MultiPoint"",""coordinates"":[]}"
37_0000000000000000000d,BA03050040,,,,,,,53.20,53,460.956594118,TASWIL5000020230907KABKOTA,Sabu Raijua,,0.0380736571077,1.23438979443,4326,4,,,Sabu Raijua,Nusa Tenggara Timur,,0,Kupang,,2017-02,0.20490711074849635,2,0.20490711074849635,VIIRS DNB,nW/cm2/sr,2017,"{""type"":""MultiPoint"",""coordinates"":[]}"
37_00000000000000000008,BA03050040,,,,,,,53.15,53,3128.99733567,TASWIL5000020230907KABKOTA,Manggarai Barat,,0.257018604578,10.7211601624,4326,4,,,Manggarai Barat,Nusa Tenggara Timur,,0,Manggarai,,2017-02,0.2111451416175542,2,0.2111451416175542,VIIRS DNB,nW/cm2/sr,2017,"{""type"":""MultiPoint"",""coordinates"":[]}"
37_00000000000000000009,BA03050040,,,,,,,53.19,53,2389.52959786,TASWIL5000020230907KABKOTA,Manggarai Timur,,0.196263276889,2.60910655519,4326,4,,,Manggarai Timur,Nusa Tenggara Timur,,0,Manggarai,,2017-02,0.19065251791847573,2,0.19065251791847573,VIIRS DNB,nW/cm2/sr,2017,"{""type"":""MultiPoint"",""coordinates"":[]}"
37_0000000000000000000a,BA03050040,,,,,,,53.16,53,1396.16423098,TASWIL5000020230907KABKOTA,Nagekeo,,0.114707914625,2.15252417923,4326,4,,,Nagekeo,Nusa Tenggara Timur,,0,Ngada,,2017-02,0.20534200575331865,2,0.20534200575331865,VIIRS DNB,nW/cm2/sr,2017,"{""type"":""MultiPoint"",""coordinates"":[]}"
37_00000000000000000010,BA03050040,,,,,,,53.17,53,1789.65872064,TASWIL5000020230907KABKOTA,Sumba Tengah,,0.147379835649,2.42469258111,4326,4,,,Sumba Tengah,Nusa Tenggara Timur,,0,Sumba Barat,,2017-02,0.18620850271751851,2,0.18620850271751851,VIIRS DNB,nW/cm2/sr,2017,"{""type"":""MultiPoint"",""coordinates"":[]}"
37_00000000000000000014,BA03050040,,,,,,,53.18,53,1383.31224571,TASWIL5000020230907KABKOTA,Sumba Barat Daya,,0.113913848979,1.59805558471,4326,4,,,Sumba Barat Daya,Nusa Tenggara Timur,,0,Sumba Barat,,2017-02,0.2198329772500611,2,0.2198329772500611,VIIRS DNB,nW/cm2/sr,2017,"{""type"":""MultiPoint"",""coordinates"":[]}"
38_00000000000000000000,BA03050040,,,,,,,53.05,53,2928.55881854,TASWIL5000020230907KABKOTA,Alor,,0.24037265184,5.67288749982,4326,4,,,Alor,Nusa Tenggara Timur,,0,,,2017-03,0.29096290239606637,3,0.29096290239606637,VIIRS DNB,nW/cm2/sr,2017,"{""type"":""MultiPoint"",""coordinates"":[]}"
38_00000000000000000001,BA03050040,,,,,,,53.04,53,1127.25008655,TASWIL5000020230907KABKOTA,Belu,,0.0927289736817,2.29261763369,4326,4,,,Belu,Nusa Tenggara Timur,,0,,,2017-03,0.26305792241429904,3,0.26305792241429904,VIIRS DNB,nW/cm2/sr,2017,"{""type"":""MultiPoint"",""coordinates"":[]}"
38_00000000000000000002,BA03050040,,,,,,,53.06,53,1748.5165523,TASWIL5000020230907KABKOTA,Flores Timur,,0.143538260694,4.68012528849,4326,4,,,Flores Timur,Nusa Tenggara Timur,,0,,,2017-03,0.3280773181562703,3,0.3280773181562703,VIIRS DNB,nW/cm2/sr,2017,"{""type"":""MultiPoint"",""coordinates"":[]}"
38_00000000000000000004,BA03050040,,,,,,,53.01,53,5136.51008742,TASWIL5000020230907KABKOTA,Kupang,,0.423459507198,6.26740520892,4326,4,,,Kupang,Nusa Tenggara Timur,,0,,,2017-03,0.2921854771502596,3,0.2921854771502596,VIIRS DNB,nW/cm2/sr,2017,"{""type"":""MultiPoint"",""coordinates"":[]}"
38_00000000000000000007,BA03050040,,,,,,,53.10,53,1343.83414797,TASWIL5000020230907KABKOTA,Manggarai,,0.11037433796,2.62044875269,4326,4,,,Manggarai,Nusa Tenggara Timur,,0,,,2017-03,0.3053139470218794,3,0.3053139470218794,VIIRS DNB,nW/cm2/sr,2017,"{""type"":""MultiPoint"",""coordinates"":[]}"
38_0000000000000000000b,BA03050040,,,,,,,53.09,53,1735.63521769,TASWIL5000020230907KABKOTA,Ngada,,0.142589549676,2.86650785507,4326,4,,,Ngada,Nusa Tenggara Timur,,0,,,2017-03,0.2934927747098843,3,0.2934927747098843,VIIRS DNB,nW/cm2/sr,2017,"{""type"":""MultiPoint"",""coordinates"":[]}"
38_0000000000000000000e,BA03050040,,,,,,,53.07,53,1671.64902391,TASWIL5000020230907KABKOTA,Sikka,,0.137312979206,3.89925449996,4326,4,,,Sikka,Nusa Tenggara Timur,,0,,,2017-03,0.3373120069408155,3,0.3373120069408155,VIIRS DNB,nW/cm2/sr,2017,"{""type"":""MultiPoint"",""coordinates"":[]}"
38_0000000000000000000f,BA03050040,,,,,,,53.12,53,757.407641007,TASWIL5000020230907KABKOTA,Sumba Barat,,0.0623907023605,2.04212111278,4326,4,,,Sumba Barat,Nusa Tenggara Timur,,0,,,2017-03,0.29572926677863837,3,0.29572926677863837,VIIRS DNB,nW/cm2/sr,2017,"{""type"":""MultiPoint"",""coordinates"":[]}"
38_00000000000000000011,BA03050040,,,,,,,53.11,53,6984.01403441,TASWIL5000020230907KABKOTA,Sumba Timur,,0.575702142252,4.80415749282,4326,4,,,Sumba Timur,Nusa Tenggara Timur,,0,,,2017-03,0.2858613061692883,3,0.2858613061692883,VIIRS DNB,nW/cm2/sr,2017,"{""type"":""MultiPoint"",""coordinates"":[]}"
38_00000000000000000012,BA03050040,,,,,,,53.02,53,3933.15111495,TASWIL5000020230907KABKOTA,Timor Tengah Selatan,,0.324167140101,3.32375028444,4326,4,,,Timor Tengah Selatan,Nusa Tenggara Timur,,0,,,2017-03,0.27537004286012823,3,0.27537004286012823,VIIRS DNB,nW/cm2/sr,2017,"{""type"":""MultiPoint"",""coordinates"":[]}"
38_00000000000000000013,BA03050040,,,,,,,53.03,53,2623.19983128,TASWIL5000020230907KABKOTA,Timor Tengah Utara,,0.215921651765,3.4787254107,4326,4,,,Timor Tengah Utara,Nusa Tenggara Timur,,0,,,2017-03,0.2747815602994357,3,0.2747815602994357,VIIRS DNB,nW/cm2/sr,2017,"{""type"":""MultiPoint"",""coordinates"":[]}"
38_00000000000000000015,BA03050040,,,,,,,53.08,53,2085.24387061,TASWIL5000020230907KABKOTA,Ende,,0.171316232886,2.99297540949,4326,4,,,Ende,Nusa Tenggara Timur,,0,,,2017-03,0.31215638174554183,3,0.31215638174554183,VIIRS DNB,nW/cm2/sr,2017,"{""type"":""MultiPoint"",""coordinates"":[]}"
38_00000000000000000006,BA03050040,,,,,,,53.21,53,1109.16204574,TASWIL5000020230907KABKOTA,Malaka,,0.0913351434015,2.23370514726,4326,4,,,Malaka,Nusa Tenggara Timur,,0,Belu,,2017-03,0.30125307687694697,3,0.30125307687694697,VIIRS DNB,nW/cm2/sr,2017,"{""type"":""MultiPoint"",""coordinates"":[]}"
38_00000000000000000005,BA03050040,,,,,,,53.13,53,1268.10489804,TASWIL5000020230907KABKOTA,Lembata,,0.10410466891,3.45188597769,4326,4,,,Lembata,Nusa Tenggara Timur,,0,Flores Timur,,2017-03,0.34549999939640735,3,0.34549999939640735,VIIRS DNB,nW/cm2/sr,2017,"{""type"":""MultiPoint"",""coordinates"":[]}"
38_00000000000000000003,BA03050040,,,,,,,53.71,53,159.334041006,TASWIL5000020230907KABKOTA,Kota Kupang,,0.0131469663875,0.949087585397,4326,5,,,Kota Kupang,Nusa Tenggara Timur,,0,Kupang,,2017-03,2.831514805814379,3,2.831514805814379,VIIRS DNB,nW/cm2/sr,2017,"{""type"":""MultiPoint"",""coordinates"":[]}"
38_0000000000000000000c,BA03050040,,,,,,,53.14,53,1286.45281117,TASWIL5000020230907KABKOTA,Rote Ndao,,0.106321906477,4.76909476004,4326,4,,,Rote Ndao,Nusa Tenggara Timur,,0,Kupang,,2017-03,0.2667470327741788,3,0.2667470327741788,VIIRS DNB,nW/cm2/sr,2017,"{""type"":""MultiPoint"",""coordinates"":[]}"
38_0000000000000000000d,BA03050040,,,,,,,53.20,53,460.956594118,TASWIL5000020230907KABKOTA,Sabu Raijua,,0.0380736571077,1.23438979443,4326,4,,,Sabu Raijua,Nusa Tenggara Timur,,0,Kupang,,2017-03,0.3335082602958859,3,0.3335082602958859,VIIRS DNB,nW/cm2/sr,2017,"{""type"":""MultiPoint"",""coordinates"":[]}"
38_00000000000000000008,BA03050040,,,,,,,53.15,53,3128.99733567,TASWIL5000020230907KABKOTA,Manggarai Barat,,0.257018604578,10.7211601624,4326,4,,,Manggarai Barat,Nusa Tenggara Timur,,0,Manggarai,,2017-03,0.3047117993777096,3,0.3047117993777096,VIIRS DNB,nW/cm2/sr,2017,"{""type"":""MultiPoint"",""coordinates"":[]}"
38_00000000000000000009,BA03050040,,,,,,,53.19,53,2389.52959786,TASWIL5000020230907KABKOTA,Manggarai Timur,,0.196263276889,2.60910655519,4326,4,,,Manggarai Timur,Nusa Tenggara Timur,,0,Manggarai,,2017-03,0.2723001621046247,3,0.2723001621046247,VIIRS DNB,nW/cm2/sr,2017,"{""type"":""MultiPoint"",""coordinates"":[]}"
38_0000000000000000000a,BA03050040,,,,,,,53.16,53,1396.16423098,TASWIL5000020230907KABKOTA,Nagekeo,,0.114707914625,2.15252417923,4326,4,,,Nagekeo,Nusa Tenggara Timur,,0,Ngada,,2017-03,0.31462635135662914,3,0.31462635135662914,VIIRS DNB,nW/cm2/sr,2017,"{""type"":""MultiPoint"",""coordinates"":[]}"
38_00000000000000000010,BA03050040,,,,,,,53.17,53,1789.65872064,TASWIL5000020230907KABKOTA,Sumba Tengah,,0.147379835649,2.42469258111,4326,4,,,Sumba Tengah,Nusa Tenggara Timur,,0,Sumba Barat,,2017-03,0.27726571881424883,3,0.27726571881424883,VIIRS DNB,nW/cm2/sr,2017,"{""type"":""MultiPoint"",""coordinates"":[]}"
38_00000000000000000014,BA03050040,,,,,,,53.18,53,1383.31224571,TASWIL5000020230907KABKOTA,Sumba Barat Daya,,0.113913848979,1.59805558471,4326,4,,,Sumba Barat Daya,Nusa Tenggara Timur,,0,Sumba Barat,,2017-03,0.2991472180953125,3,0.2991472180953125,VIIRS DNB,nW/cm2/sr,2017,"{""type"":""MultiPoint"",""coordinates"":[]}"
39_00000000000000000000,BA03050040,,,,,,,53.05,53,2928.55881854,TASWIL5000020230907KABKOTA,Alor,,0.24037265184,5.67288749982,4326,4,,,Alor,Nusa Tenggara Timur,,0,,,2017-04,0.24311088886802548,4,0.24311088886802548,VIIRS DNB,nW/cm2/sr,2017,"{""type"":""MultiPoint"",""coordinates"":[]}"
39_00000000000000000001,BA03050040,,,,,,,53.04,53,1127.25008655,TASWIL5000020230907KABKOTA,Belu,,0.0927289736817,2.29261763369,4326,4,,,Belu,Nusa Tenggara Timur,,0,,,2017-04,0.4229354235996571,4,0.4229354235996571,VIIRS DNB,nW/cm2/sr,2017,"{""type"":""MultiPoint"",""coordinates"":[]}"
39_00000000000000000002,BA03050040,,,,,,,53.06,53,1748.5165523,TASWIL5000020230907KABKOTA,Flores Timur,,0.143538260694,4.68012528849,4326,4,,,Flores Timur,Nusa Tenggara Timur,,0,,,2017-04,0.3371828336173376,4,0.3371828336173376,VIIRS DNB,nW/cm2/sr,2017,"{""type"":""MultiPoint"",""coordinates"":[]}"
39_00000000000000000004,BA03050040,,,,,,,53.01,53,5136.51008742,TASWIL5000020230907KABKOTA,Kupang,,0.423459507198,6.26740520892,4326,4,,,Kupang,Nusa Tenggara Timur,,0,,,2017-04,0.32173052939844005,4,0.32173052939844005,VIIRS DNB,nW/cm2/sr,2017,"{""type"":""MultiPoint"",""coordinates"":[]}"
39_00000000000000000007,BA03050040,,,,,,,53.10,53,1343.83414797,TASWIL5000020230907KABKOTA,Manggarai,,0.11037433796,2.62044875269,4326,4,,,Manggarai,Nusa Tenggara Timur,,0,,,2017-04,0.3416625119692352,4,0.3416625119692352,VIIRS DNB,nW/cm2/sr,2017,"{""type"":""MultiPoint"",""coordinates"":[]}"
39_0000000000000000000b,BA03050040,,,,,,,53.09,53,1735.63521769,TASWIL5000020230907KABKOTA,Ngada,,0.142589549676,2.86650785507,4326,4,,,Ngada,Nusa Tenggara Timur,,0,,,2017-04,0.2980209858951125,4,0.2980209858951125,VIIRS DNB,nW/cm2/sr,2017,"{""type"":""MultiPoint"",""coordinates"":[]}"
39_0000000000000000000e,BA03050040,,,,,,,53.07,53,1671.64902391,TASWIL5000020230907KABKOTA,Sikka,,0.137312979206,3.89925449996,4326,4,,,Sikka,Nusa Tenggara Timur,,0,,,2017-04,0.33384084840369876,4,0.33384084840369876,VIIRS DNB,nW/cm2/sr,2017,"{""type"":""MultiPoint"",""coordinates"":[]}"
39_0000000000000000000f,BA03050040,,,,,,,53.12,53,757.407641007,TASWIL5000020230907KABKOTA,Sumba Barat,,0.0623907023605,2.04212111278,4326,4,,,Sumba Barat,Nusa Tenggara Timur,,0,,,2017-04,0.27056951308050065,4,0.27056951308050065,VIIRS DNB,nW/cm2/sr,2017,"{""type"":""MultiPoint"",""coordinates"":[]}"
39_00000000000000000011,BA03050040,,,,,,,53.11,53,6984.01403441,TASWIL5000020230907KABKOTA,Sumba Timur,,0.575702142252,4.80415749282,4326,4,,,Sumba Timur,Nusa Tenggara Timur,,0,,,2017-04,0.2556798502964498,4,0.2556798502964498,VIIRS DNB,nW/cm2/sr,2017,"{""type"":""MultiPoint"",""coordinates"":[]}"
39_00000000000000000012,BA03050040,,,,,,,53.02,53,3933.15111495,TASWIL5000020230907KABKOTA,Timor Tengah Selatan,,0.324167140101,3.32375028444,4326,4,,,Timor Tengah Selatan,Nusa Tenggara Timur,,0,,,2017-04,0.2957144053933027,4,0.2957144053933027,VIIRS DNB,nW/cm2/sr,2017,"{""type"":""MultiPoint"",""coordinates"":[]}"
39_00000000000000000013,BA03050040,,,,,,,53.03,53,2623.19983128,TASWIL5000020230907KABKOTA,Timor Tengah Utara,,0.215921651765,3.4787254107,4326,4,,,Timor Tengah Utara,Nusa Tenggara Timur,,0,,,2017-04,0.3252649890250392,4,0.3252649890250392,VIIRS DNB,nW/cm2/sr,2017,"{""type"":""MultiPoint"",""coordinates"":[]}"
39_00000000000000000015,BA03050040,,,,,,,53.08,53,2085.24387061,TASWIL5000020230907KABKOTA,Ende,,0.171316232886,2.99297540949,4326,4,,,Ende,Nusa Tenggara Timur,,0,,,2017-04,0.32569306227715494,4,0.32569306227715494,VIIRS DNB,nW/cm2/sr,2017,"{""type"":""MultiPoint"",""coordinates"":[]}"
39_00000000000000000006,BA03050040,,,,,,,53.21,53,1109.16204574,TASWIL5000020230907KABKOTA,Malaka,,0.0913351434015,2.23370514726,4326,4,,,Malaka,Nusa Tenggara Timur,,0,Belu,,2017-04,0.33946876090708816,4,0.33946876090708816,VIIRS DNB,nW/cm2/sr,2017,"{""type"":""MultiPoint"",""coordinates"":[]}"
39_00000000000000000005,BA03050040,,,,,,,53.13,53,1268.10489804,TASWIL5000020230907KABKOTA,Lembata,,0.10410466891,3.45188597769,4326,4,,,Lembata,Nusa Tenggara Timur,,0,Flores Timur,,2017-04,0.2777073733377783,4,0.2777073733377783,VIIRS DNB,nW/cm2/sr,2017,"{""type"":""MultiPoint"",""coordinates"":[]}"
39_00000000000000000003,BA03050040,,,,,,,53.71,53,159.334041006,TASWIL5000020230907KABKOTA,Kota Kupang,,0.0131469663875,0.949087585397,4326,5,,,Kota Kupang,Nusa Tenggara Timur,,0,Kupang,,2017-04,3.1059249761544345,4,3.1059249761544345,VIIRS DNB,nW/cm2/sr,2017,"{""type"":""MultiPoint"",""coordinates"":[]}"
39_0000000000000000000c,BA03050040,,,,,,,53.14,53,1286.45281117,TASWIL5000020230907KABKOTA,Rote Ndao,,0.106321906477,4.76909476004,4326,4,,,Rote Ndao,Nusa Tenggara Timur,,0,Kupang,,2017-04,0.2621442823809133,4,0.2621442823809133,VIIRS DNB,nW/cm2/sr,2017,"{""type"":""MultiPoint"",""coordinates"":[]}"
39_0000000000000000000d,BA03050040,,,,,,,53.20,53,460.956594118,TASWIL5000020230907KABKOTA,Sabu Raijua,,0.0380736571077,1.23438979443,4326,4,,,Sabu Raijua,Nusa Tenggara Timur,,0,Kupang,,2017-04,0.2973804880096185,4,0.2973804880096185,VIIRS DNB,nW/cm2/sr,2017,"{""type"":""MultiPoint"",""coordinates"":[]}"
39_00000000000000000008,BA03050040,,,,,,,53.15,53,3128.99733567,TASWIL5000020230907KABKOTA,Manggarai Barat,,0.257018604578,10.7211601624,4326,4,,,Manggarai Barat,Nusa Tenggara Timur,,0,Manggarai,,2017-04,0.2955182294569692,4,0.2955182294569692,VIIRS DNB,nW/cm2/sr,2017,"{""type"":""MultiPoint"",""coordinates"":[]}"
39_00000000000000000009,BA03050040,,,,,,,53.19,53,2389.52959786,TASWIL5000020230907KABKOTA,Manggarai Timur,,0.196263276889,2.60910655519,4326,4,,,Manggarai Timur,Nusa Tenggara Timur,,0,Manggarai,,2017-04,0.2882971621152161,4,0.2882971621152161,VIIRS DNB,nW/cm2/sr,2017,"{""type"":""MultiPoint"",""coordinates"":[]}"
39_0000000000000000000a,BA03050040,,,,,,,53.16,53,1396.16423098,TASWIL5000020230907KABKOTA,Nagekeo,,0.114707914625,2.15252417923,4326,4,,,Nagekeo,Nusa Tenggara Timur,,0,Ngada,,2017-04,0.30934895677448604,4,0.30934895677448604,VIIRS DNB,nW/cm2/sr,2017,"{""type"":""MultiPoint"",""coordinates"":[]}"
39_00000000000000000010,BA03050040,,,,,,,53.17,53,1789.65872064,TASWIL5000020230907KABKOTA,Sumba Tengah,,0.147379835649,2.42469258111,4326,4,,,Sumba Tengah,Nusa Tenggara Timur,,0,Sumba Barat,,2017-04,0.24764738699219122,4,0.24764738699219122,VIIRS DNB,nW/cm2/sr,2017,"{""type"":""MultiPoint"",""coordinates"":[]}"
39_00000000000000000014,BA03050040,,,,,,,53.18,53,1383.31224571,TASWIL5000020230907KABKOTA,Sumba Barat Daya,,0.113913848979,1.59805558471,4326,4,,,Sumba Barat Daya,Nusa Tenggara Timur,,0,Sumba Barat,,2017-04,0.26247283282175826,4,0.26247283282175826,VIIRS DNB,nW/cm2/sr,2017,"{""type"":""MultiPoint"",""coordinates"":[]}"
40_00000000000000000000,BA03050040,,,,,,,53.05,53,2928.55881854,TASWIL5000020230907KABKOTA,Alor,,0.24037265184,5.67288749982,4326,4,,,Alor,Nusa Tenggara Timur,,0,,,2017-05,0.21372923609013245,5,0.21372923609013245,VIIRS DNB,nW/cm2/sr,2017,"{""type"":""MultiPoint"",""coordinates"":[]}"
40_00000000000000000001,BA03050040,,,,,,,53.04,53,1127.25008655,TASWIL5000020230907KABKOTA,Belu,,0.0927289736817,2.29261763369,4326,4,,,Belu,Nusa Tenggara Timur,,0,,,2017-05,0.2970643965722563,5,0.2970643965722563,VIIRS DNB,nW/cm2/sr,2017,"{""type"":""MultiPoint"",""coordinates"":[]}"
40_00000000000000000002,BA03050040,,,,,,,53.06,53,1748.5165523,TASWIL5000020230907KABKOTA,Flores Timur,,0.143538260694,4.68012528849,4326,4,,,Flores Timur,Nusa Tenggara Timur,,0,,,2017-05,0.2554542698236581,5,0.2554542698236581,VIIRS DNB,nW/cm2/sr,2017,"{""type"":""MultiPoint"",""coordinates"":[]}"
40_00000000000000000004,BA03050040,,,,,,,53.01,53,5136.51008742,TASWIL5000020230907KABKOTA,Kupang,,0.423459507198,6.26740520892,4326,4,,,Kupang,Nusa Tenggara Timur,,0,,,2017-05,0.23384671580335753,5,0.23384671580335753,VIIRS DNB,nW/cm2/sr,2017,"{""type"":""MultiPoint"",""coordinates"":[]}"
40_00000000000000000007,BA03050040,,,,,,,53.10,53,1343.83414797,TASWIL5000020230907KABKOTA,Manggarai,,0.11037433796,2.62044875269,4326,4,,,Manggarai,Nusa Tenggara Timur,,0,,,2017-05,0.271228205407181,5,0.271228205407181,VIIRS DNB,nW/cm2/sr,2017,"{""type"":""MultiPoint"",""coordinates"":[]}"
40_0000000000000000000b,BA03050040,,,,,,,53.09,53,1735.63521769,TASWIL5000020230907KABKOTA,Ngada,,0.142589549676,2.86650785507,4326,4,,,Ngada,Nusa Tenggara Timur,,0,,,2017-05,0.19890701958491344,5,0.19890701958491344,VIIRS DNB,nW/cm2/sr,2017,"{""type"":""MultiPoint"",""coordinates"":[]}"
40_0000000000000000000e,BA03050040,,,,,,,53.07,53,1671.64902391,TASWIL5000020230907KABKOTA,Sikka,,0.137312979206,3.89925449996,4326,4,,,Sikka,Nusa Tenggara Timur,,0,,,2017-05,0.2774662347464495,5,0.2774662347464495,VIIRS DNB,nW/cm2/sr,2017,"{""type"":""MultiPoint"",""coordinates"":[]}"
40_0000000000000000000f,BA03050040,,,,,,,53.12,53,757.407641007,TASWIL5000020230907KABKOTA,Sumba Barat,,0.0623907023605,2.04212111278,4326,4,,,Sumba Barat,Nusa Tenggara Timur,,0,,,2017-05,0.23077965194673053,5,0.23077965194673053,VIIRS DNB,nW/cm2/sr,2017,"{""type"":""MultiPoint"",""coordinates"":[]}"
40_00000000000000000011,BA03050040,,,,,,,53.11,53,6984.01403441,TASWIL5000020230907KABKOTA,Sumba Timur,,0.575702142252,4.80415749282,4326,4,,,Sumba Timur,Nusa Tenggara Timur,,0,,,2017-05,0.20166532056220415,5,0.20166532056220415,VIIRS DNB,nW/cm2/sr,2017,"{""type"":""MultiPoint"",""coordinates"":[]}"
40_00000000000000000012,BA03050040,,,,,,,53.02,53,3933.15111495,TASWIL5000020230907KABKOTA,Timor Tengah Selatan,,0.324167140101,3.32375028444,4326,4,,,Timor Tengah Selatan,Nusa Tenggara Timur,,0,,,2017-05,0.2212866925528714,5,0.2212866925528714,VIIRS DNB,nW/cm2/sr,2017,"{""type"":""MultiPoint"",""coordinates"":[]}"
40_00000000000000000013,BA03050040,,,,,,,53.03,53,2623.19983128,TASWIL5000020230907KABKOTA,Timor Tengah Utara,,0.215921651765,3.4787254107,4326,4,,,Timor Tengah Utara,Nusa Tenggara Timur,,0,,,2017-05,0.23272160347714685,5,0.23272160347714685,VIIRS DNB,nW/cm2/sr,2017,"{""type"":""MultiPoint"",""coordinates"":[]}"
40_00000000000000000015,BA03050040,,,,,,,53.08,53,2085.24387061,TASWIL5000020230907KABKOTA,Ende,,0.171316232886,2.99297540949,4326,4,,,Ende,Nusa Tenggara Timur,,0,,,2017-05,0.23739750406175955,5,0.23739750406175955,VIIRS DNB,nW/cm2/sr,2017,"{""type"":""MultiPoint"",""coordinates"":[]}"
40_00000000000000000006,BA03050040,,,,,,,53.21,53,1109.16204574,TASWIL5000020230907KABKOTA,Malaka,,0.0913351434015,2.23370514726,4326,4,,,Malaka,Nusa Tenggara Timur,,0,Belu,,2017-05,0.2544210206969208,5,0.2544210206969208,VIIRS DNB,nW/cm2/sr,2017,"{""type"":""MultiPoint"",""coordinates"":[]}"
40_00000000000000000005,BA03050040,,,,,,,53.13,53,1268.10489804,TASWIL5000020230907KABKOTA,Lembata,,0.10410466891,3.45188597769,4326,4,,,Lembata,Nusa Tenggara Timur,,0,Flores Timur,,2017-05,0.2522793948486739,5,0.2522793948486739,VIIRS DNB,nW/cm2/sr,2017,"{""type"":""MultiPoint"",""coordinates"":[]}"
40_00000000000000000003,BA03050040,,,,,,,53.71,53,159.334041006,TASWIL5000020230907KABKOTA,Kota Kupang,,0.0131469663875,0.949087585397,4326,5,,,Kota Kupang,Nusa Tenggara Timur,,0,Kupang,,2017-05,3.1780070965614238,5,3.1780070965614238,VIIRS DNB,nW/cm2/sr,2017,"{""type"":""MultiPoint"",""coordinates"":[]}"
40_0000000000000000000c,BA03050040,,,,,,,53.14,53,1286.45281117,TASWIL5000020230907KABKOTA,Rote Ndao,,0.106321906477,4.76909476004,4326,4,,,Rote Ndao,Nusa Tenggara Timur,,0,Kupang,,2017-05,0.20679810176043825,5,0.20679810176043825,VIIRS DNB,nW/cm2/sr,2017,"{""type"":""MultiPoint"",""coordinates"":[]}"
40_0000000000000000000d,BA03050040,,,,,,,53.20,53,460.956594118,TASWIL5000020230907KABKOTA,Sabu Raijua,,0.0380736571077,1.23438979443,4326,4,,,Sabu Raijua,Nusa Tenggara Timur,,0,Kupang,,2017-05,0.2048850750626118,5,0.2048850750626118,VIIRS DNB,nW/cm2/sr,2017,"{""type"":""MultiPoint"",""coordinates"":[]}"
40_00000000000000000008,BA03050040,,,,,,,53.15,53,3128.99733567,TASWIL5000020230907KABKOTA,Manggarai Barat,,0.257018604578,10.7211601624,4326,4,,,Manggarai Barat,Nusa Tenggara Timur,,0,Manggarai,,2017-05,0.2262912591160243,5,0.2262912591160243,VIIRS DNB,nW/cm2/sr,2017,"{""type"":""MultiPoint"",""coordinates"":[]}"
40_00000000000000000009,BA03050040,,,,,,,53.19,53,2389.52959786,TASWIL5000020230907KABKOTA,Manggarai Timur,,0.196263276889,2.60910655519,4326,4,,,Manggarai Timur,Nusa Tenggara Timur,,0,Manggarai,,2017-05,0.20631454306716215,5,0.20631454306716215,VIIRS DNB,nW/cm2/sr,2017,"{""type"":""MultiPoint"",""coordinates"":[]}"
40_0000000000000000000a,BA03050040,,,,,,,53.16,53,1396.16423098,TASWIL5000020230907KABKOTA,Nagekeo,,0.114707914625,2.15252417923,4326,4,,,Nagekeo,Nusa Tenggara Timur,,0,Ngada,,2017-05,0.23093967257043257,5,0.23093967257043257,VIIRS DNB,nW/cm2/sr,2017,"{""type"":""MultiPoint"",""coordinates"":[]}"
40_00000000000000000010,BA03050040,,,,,,,53.17,53,1789.65872064,TASWIL5000020230907KABKOTA,Sumba Tengah,,0.147379835649,2.42469258111,4326,4,,,Sumba Tengah,Nusa Tenggara Timur,,0,Sumba Barat,,2017-05,0.18967920353896922,5,0.18967920353896922,VIIRS DNB,nW/cm2/sr,2017,"{""type"":""MultiPoint"",""coordinates"":[]}"
40_00000000000000000014,BA03050040,,,,,,,53.18,53,1383.31224571,TASWIL5000020230907KABKOTA,Sumba Barat Daya,,0.113913848979,1.59805558471,4326,4,,,Sumba Barat Daya,Nusa Tenggara Timur,,0,Sumba Barat,,2017-05,0.22406517258984965,5,0.22406517258984965,VIIRS DNB,nW/cm2/sr,2017,"{""type"":""MultiPoint"",""coordinates"":[]}"
41_00000000000000000000,BA03050040,,,,,,,53.05,53,2928.55881854,TASWIL5000020230907KABKOTA,Alor,,0.24037265184,5.67288749982,4326,4,,,Alor,Nusa Tenggara Timur,,0,,,2017-06,0.1185397243574611,6,0.1185397243574611,VIIRS DNB,nW/cm2/sr,2017,"{""type"":""MultiPoint"",""coordinates"":[]}"
41_00000000000000000001,BA03050040,,,,,,,53.04,53,1127.25008655,TASWIL5000020230907KABKOTA,Belu,,0.0927289736817,2.29261763369,4326,4,,,Belu,Nusa Tenggara Timur,,0,,,2017-06,0.21434772664282395,6,0.21434772664282395,VIIRS DNB,nW/cm2/sr,2017,"{""type"":""MultiPoint"",""coordinates"":[]}"
41_00000000000000000002,BA03050040,,,,,,,53.06,53,1748.5165523,TASWIL5000020230907KABKOTA,Flores Timur,,0.143538260694,4.68012528849,4326,4,,,Flores Timur,Nusa Tenggara Timur,,0,,,2017-06,0.12121043070513392,6,0.12121043070513392,VIIRS DNB,nW/cm2/sr,2017,"{""type"":""MultiPoint"",""coordinates"":[]}"
41_00000000000000000004,BA03050040,,,,,,,53.01,53,5136.51008742,TASWIL5000020230907KABKOTA,Kupang,,0.423459507198,6.26740520892,4326,4,,,Kupang,Nusa Tenggara Timur,,0,,,2017-06,0.11566876295575654,6,0.11566876295575654,VIIRS DNB,nW/cm2/sr,2017,"{""type"":""MultiPoint"",""coordinates"":[]}"
41_00000000000000000007,BA03050040,,,,,,,53.10,53,1343.83414797,TASWIL5000020230907KABKOTA,Manggarai,,0.11037433796,2.62044875269,4326,4,,,Manggarai,Nusa Tenggara Timur,,0,,,2017-06,0.14749438506959983,6,0.14749438506959983,VIIRS DNB,nW/cm2/sr,2017,"{""type"":""MultiPoint"",""coordinates"":[]}"
41_0000000000000000000b,BA03050040,,,,,,,53.09,53,1735.63521769,TASWIL5000020230907KABKOTA,Ngada,,0.142589549676,2.86650785507,4326,4,,,Ngada,Nusa Tenggara Timur,,0,,,2017-06,0.1124374626819452,6,0.1124374626819452,VIIRS DNB,nW/cm2/sr,2017,"{""type"":""MultiPoint"",""coordinates"":[]}"
41_0000000000000000000e,BA03050040,,,,,,,53.07,53,1671.64902391,TASWIL5000020230907KABKOTA,Sikka,,0.137312979206,3.89925449996,4326,4,,,Sikka,Nusa Tenggara Timur,,0,,,2017-06,0.1490595983104872,6,0.1490595983104872,VIIRS DNB,nW/cm2/sr,2017,"{""type"":""MultiPoint"",""coordinates"":[]}"
41_0000000000000000000f,BA03050040,,,,,,,53.12,53,757.407641007,TASWIL5000020230907KABKOTA,Sumba Barat,,0.0623907023605,2.04212111278,4326,4,,,Sumba Barat,Nusa Tenggara Timur,,0,,,2017-06,0.11039814463555767,6,0.11039814463555767,VIIRS DNB,nW/cm2/sr,2017,"{""type"":""MultiPoint"",""coordinates"":[]}"
41_00000000000000000011,BA03050040,,,,,,,53.11,53,6984.01403441,TASWIL5000020230907KABKOTA,Sumba Timur,,0.575702142252,4.80415749282,4326,4,,,Sumba Timur,Nusa Tenggara Timur,,0,,,2017-06,0.07829843593996726,6,0.07829843593996726,VIIRS DNB,nW/cm2/sr,2017,"{""type"":""MultiPoint"",""coordinates"":[]}"
41_00000000000000000012,BA03050040,,,,,,,53.02,53,3933.15111495,TASWIL5000020230907KABKOTA,Timor Tengah Selatan,,0.324167140101,3.32375028444,4326,4,,,Timor Tengah Selatan,Nusa Tenggara Timur,,0,,,2017-06,0.10638288884443695,6,0.10638288884443695,VIIRS DNB,nW/cm2/sr,2017,"{""type"":""MultiPoint"",""coordinates"":[]}"
41_00000000000000000013,BA03050040,,,,,,,53.03,53,2623.19983128,TASWIL5000020230907KABKOTA,Timor Tengah Utara,,0.215921651765,3.4787254107,4326,4,,,Timor Tengah Utara,Nusa Tenggara Timur,,0,,,2017-06,0.1341424510426057,6,0.1341424510426057,VIIRS DNB,nW/cm2/sr,2017,"{""type"":""MultiPoint"",""coordinates"":[]}"
41_00000000000000000015,BA03050040,,,,,,,53.08,53,2085.24387061,TASWIL5000020230907KABKOTA,Ende,,0.171316232886,2.99297540949,4326,4,,,Ende,Nusa Tenggara Timur,,0,,,2017-06,0.124427204266846,6,0.124427204266846,VIIRS DNB,nW/cm2/sr,2017,"{""type"":""MultiPoint"",""coordinates"":[]}"
41_00000000000000000006,BA03050040,,,,,,,53.21,53,1109.16204574,TASWIL5000020230907KABKOTA,Malaka,,0.0913351434015,2.23370514726,4326,4,,,Malaka,Nusa Tenggara Timur,,0,Belu,,2017-06,0.14492549547399153,6,0.14492549547399153,VIIRS DNB,nW/cm2/sr,2017,"{""type"":""MultiPoint"",""coordinates"":[]}"
41_00000000000000000005,BA03050040,,,,,,,53.13,53,1268.10489804,TASWIL5000020230907KABKOTA,Lembata,,0.10410466891,3.45188597769,4326,4,,,Lembata,Nusa Tenggara Timur,,0,Flores Timur,,2017-06,0.12401477966930351,6,0.12401477966930351,VIIRS DNB,nW/cm2/sr,2017,"{""type"":""MultiPoint"",""coordinates"":[]}"
41_00000000000000000003,BA03050040,,,,,,,53.71,53,159.334041006,TASWIL5000020230907KABKOTA,Kota Kupang,,0.0131469663875,0.949087585397,4326,5,,,Kota Kupang,Nusa Tenggara Timur,,0,Kupang,,2017-06,3.1616952013095356,6,3.1616952013095356,VIIRS DNB,nW/cm2/sr,2017,"{""type"":""MultiPoint"",""coordinates"":[]}"
41_0000000000000000000c,BA03050040,,,,,,,53.14,53,1286.45281117,TASWIL5000020230907KABKOTA,Rote Ndao,,0.106321906477,4.76909476004,4326,4,,,Rote Ndao,Nusa Tenggara Timur,,0,Kupang,,2017-06,0.12080873723949903,6,0.12080873723949903,VIIRS DNB,nW/cm2/sr,2017,"{""type"":""MultiPoint"",""coordinates"":[]}"
41_0000000000000000000d,BA03050040,,,,,,,53.20,53,460.956594118,TASWIL5000020230907KABKOTA,Sabu Raijua,,0.0380736571077,1.23438979443,4326,4,,,Sabu Raijua,Nusa Tenggara Timur,,0,Kupang,,2017-06,0.12309717236269846,6,0.12309717236269846,VIIRS DNB,nW/cm2/sr,2017,"{""type"":""MultiPoint"",""coordinates"":[]}"
41_00000000000000000008,BA03050040,,,,,,,53.15,53,3128.99733567,TASWIL5000020230907KABKOTA,Manggarai Barat,,0.257018604578,10.7211601624,4326,4,,,Manggarai Barat,Nusa Tenggara Timur,,0,Manggarai,,2017-06,0.11517635382541191,6,0.11517635382541191,VIIRS DNB,nW/cm2/sr,2017,"{""type"":""MultiPoint"",""coordinates"":[]}"
41_00000000000000000009,BA03050040,,,,,,,53.19,53,2389.52959786,TASWIL5000020230907KABKOTA,Manggarai Timur,,0.196263276889,2.60910655519,4326,4,,,Manggarai Timur,Nusa Tenggara Timur,,0,Manggarai,,2017-06,0.0980813559416702,6,0.0980813559416702,VIIRS DNB,nW/cm2/sr,2017,"{""type"":""MultiPoint"",""coordinates"":[]}"
41_0000000000000000000a,BA03050040,,,,,,,53.16,53,1396.16423098,TASWIL5000020230907KABKOTA,Nagekeo,,0.114707914625,2.15252417923,4326,4,,,Nagekeo,Nusa Tenggara Timur,,0,Ngada,,2017-06,0.1138397084324949,6,0.1138397084324949,VIIRS DNB,nW/cm2/sr,2017,"{""type"":""MultiPoint"",""coordinates"":[]}"
41_00000000000000000010,BA03050040,,,,,,,53.17,53,1789.65872064,TASWIL5000020230907KABKOTA,Sumba Tengah,,0.147379835649,2.42469258111,4326,4,,,Sumba Tengah,Nusa Tenggara Timur,,0,Sumba Barat,,2017-06,0.07687850210064383,6,0.07687850210064383,VIIRS DNB,nW/cm2/sr,2017,"{""type"":""MultiPoint"",""coordinates"":[]}"
41_00000000000000000014,BA03050040,,,,,,,53.18,53,1383.31224571,TASWIL5000020230907KABKOTA,Sumba Barat Daya,,0.113913848979,1.59805558471,4326,4,,,Sumba Barat Daya,Nusa Tenggara Timur,,0,Sumba Barat,,2017-06,0.10447905481134855,6,0.10447905481134855,VIIRS DNB,nW/cm2/sr,2017,"{""type"":""MultiPoint"",""coordinates"":[]}"
42_00000000000000000000,BA03050040,,,,,,,53.05,53,2928.55881854,TASWIL5000020230907KABKOTA,Alor,,0.24037265184,5.67288749982,4326,4,,,Alor,Nusa Tenggara Timur,,0,,,2017-07,0.09984461450405739,7,0.09984461450405739,VIIRS DNB,nW/cm2/sr,2017,"{""type"":""MultiPoint"",""coordinates"":[]}"
42_00000000000000000001,BA03050040,,,,,,,53.04,53,1127.25008655,TASWIL5000020230907KABKOTA,Belu,,0.0927289736817,2.29261763369,4326,4,,,Belu,Nusa Tenggara Timur,,0,,,2017-07,0.20979971781905685,7,0.20979971781905685,VIIRS DNB,nW/cm2/sr,2017,"{""type"":""MultiPoint"",""coordinates"":[]}"
42_00000000000000000002,BA03050040,,,,,,,53.06,53,1748.5165523,TASWIL5000020230907KABKOTA,Flores Timur,,0.143538260694,4.68012528849,4326,4,,,Flores Timur,Nusa Tenggara Timur,,0,,,2017-07,0.17759511037914535,7,0.17759511037914535,VIIRS DNB,nW/cm2/sr,2017,"{""type"":""MultiPoint"",""coordinates"":[]}"
42_00000000000000000004,BA03050040,,,,,,,53.01,53,5136.51008742,TASWIL5000020230907KABKOTA,Kupang,,0.423459507198,6.26740520892,4326,4,,,Kupang,Nusa Tenggara Timur,,0,,,2017-07,0.17742639001877342,7,0.17742639001877342,VIIRS DNB,nW/cm2/sr,2017,"{""type"":""MultiPoint"",""coordinates"":[]}"
42_00000000000000000007,BA03050040,,,,,,,53.10,53,1343.83414797,TASWIL5000020230907KABKOTA,Manggarai,,0.11037433796,2.62044875269,4326,4,,,Manggarai,Nusa Tenggara Timur,,0,,,2017-07,0.20570830625628653,7,0.20570830625628653,VIIRS DNB,nW/cm2/sr,2017,"{""type"":""MultiPoint"",""coordinates"":[]}"
42_0000000000000000000b,BA03050040,,,,,,,53.09,53,1735.63521769,TASWIL5000020230907KABKOTA,Ngada,,0.142589549676,2.86650785507,4326,4,,,Ngada,Nusa Tenggara Timur,,0,,,2017-07,0.1639262077098592,7,0.1639262077098592,VIIRS DNB,nW/cm2/sr,2017,"{""type"":""MultiPoint"",""coordinates"":[]}"
42_0000000000000000000e,BA03050040,,,,,,,53.07,53,1671.64902391,TASWIL5000020230907KABKOTA,Sikka,,0.137312979206,3.89925449996,4326,4,,,Sikka,Nusa Tenggara Timur,,0,,,2017-07,0.22246982549146094,7,0.22246982549146094,VIIRS DNB,nW/cm2/sr,2017,"{""type"":""MultiPoint"",""coordinates"":[]}"
42_0000000000000000000f,BA03050040,,,,,,,53.12,53,757.407641007,TASWIL5000020230907KABKOTA,Sumba Barat,,0.0623907023605,2.04212111278,4326,4,,,Sumba Barat,Nusa Tenggara Timur,,0,,,2017-07,0.17521247504472914,7,0.17521247504472914,VIIRS DNB,nW/cm2/sr,2017,"{""type"":""MultiPoint"",""coordinates"":[]}"
42_00000000000000000011,BA03050040,,,,,,,53.11,53,6984.01403441,TASWIL5000020230907KABKOTA,Sumba Timur,,0.575702142252,4.80415749282,4326,4,,,Sumba Timur,Nusa Tenggara Timur,,0,,,2017-07,0.15887604422641782,7,0.15887604422641782,VIIRS DNB,nW/cm2/sr,2017,"{""type"":""MultiPoint"",""coordinates"":[]}"
42_00000000000000000012,BA03050040,,,,,,,53.02,53,3933.15111495,TASWIL5000020230907KABKOTA,Timor Tengah Selatan,,0.324167140101,3.32375028444,4326,4,,,Timor Tengah Selatan,Nusa Tenggara Timur,,0,,,2017-07,0.1623481682895741,7,0.1623481682895741,VIIRS DNB,nW/cm2/sr,2017,"{""type"":""MultiPoint"",""coordinates"":[]}"
42_00000000000000000013,BA03050040,,,,,,,53.03,53,2623.19983128,TASWIL5000020230907KABKOTA,Timor Tengah Utara,,0.215921651765,3.4787254107,4326,4,,,Timor Tengah Utara,Nusa Tenggara Timur,,0,,,2017-07,0.1662419338828419,7,0.1662419338828419,VIIRS DNB,nW/cm2/sr,2017,"{""type"":""MultiPoint"",""coordinates"":[]}"
42_00000000000000000015,BA03050040,,,,,,,53.08,53,2085.24387061,TASWIL5000020230907KABKOTA,Ende,,0.171316232886,2.99297540949,4326,4,,,Ende,Nusa Tenggara Timur,,0,,,2017-07,0.19318690068500272,7,0.19318690068500272,VIIRS DNB,nW/cm2/sr,2017,"{""type"":""MultiPoint"",""coordinates"":[]}"
42_00000000000000000006,BA03050040,,,,,,,53.21,53,1109.16204574,TASWIL5000020230907KABKOTA,Malaka,,0.0913351434015,2.23370514726,4326,4,,,Malaka,Nusa Tenggara Timur,,0,Belu,,2017-07,0.19698106267120072,7,0.19698106267120072,VIIRS DNB,nW/cm2/sr,2017,"{""type"":""MultiPoint"",""coordinates"":[]}"
42_00000000000000000005,BA03050040,,,,,,,53.13,53,1268.10489804,TASWIL5000020230907KABKOTA,Lembata,,0.10410466891,3.45188597769,4326,4,,,Lembata,Nusa Tenggara Timur,,0,Flores Timur,,2017-07,0.1468128506829558,7,0.1468128506829558,VIIRS DNB,nW/cm2/sr,2017,"{""type"":""MultiPoint"",""coordinates"":[]}"
42_00000000000000000003,BA03050040,,,,,,,53.71,53,159.334041006,TASWIL5000020230907KABKOTA,Kota Kupang,,0.0131469663875,0.949087585397,4326,5,,,Kota Kupang,Nusa Tenggara Timur,,0,Kupang,,2017-07,3.39974912015058,7,3.39974912015058,VIIRS DNB,nW/cm2/sr,2017,"{""type"":""MultiPoint"",""coordinates"":[]}"
42_0000000000000000000c,BA03050040,,,,,,,53.14,53,1286.45281117,TASWIL5000020230907KABKOTA,Rote Ndao,,0.106321906477,4.76909476004,4326,4,,,Rote Ndao,Nusa Tenggara Timur,,0,Kupang,,2017-07,0.14828512374903857,7,0.14828512374903857,VIIRS DNB,nW/cm2/sr,2017,"{""type"":""MultiPoint"",""coordinates"":[]}"
42_0000000000000000000d,BA03050040,,,,,,,53.20,53,460.956594118,TASWIL5000020230907KABKOTA,Sabu Raijua,,0.0380736571077,1.23438979443,4326,4,,,Sabu Raijua,Nusa Tenggara Timur,,0,Kupang,,2017-07,0.15051905279700298,7,0.15051905279700298,VIIRS DNB,nW/cm2/sr,2017,"{""type"":""MultiPoint"",""coordinates"":[]}"
42_00000000000000000008,BA03050040,,,,,,,53.15,53,3128.99733567,TASWIL5000020230907KABKOTA,Manggarai Barat,,0.257018604578,10.7211601624,4326,4,,,Manggarai Barat,Nusa Tenggara Timur,,0,Manggarai,,2017-07,0.15239828677694772,7,0.15239828677694772,VIIRS DNB,nW/cm2/sr,2017,"{""type"":""MultiPoint"",""coordinates"":[]}"
42_00000000000000000009,BA03050040,,,,,,,53.19,53,2389.52959786,TASWIL5000020230907KABKOTA,Manggarai Timur,,0.196263276889,2.60910655519,4326,4,,,Manggarai Timur,Nusa Tenggara Timur,,0,Manggarai,,2017-07,0.14785605825035927,7,0.14785605825035927,VIIRS DNB,nW/cm2/sr,2017,"{""type"":""MultiPoint"",""coordinates"":[]}"
42_0000000000000000000a,BA03050040,,,,,,,53.16,53,1396.16423098,TASWIL5000020230907KABKOTA,Nagekeo,,0.114707914625,2.15252417923,4326,4,,,Nagekeo,Nusa Tenggara Timur,,0,Ngada,,2017-07,0.22483565134303807,7,0.22483565134303807,VIIRS DNB,nW/cm2/sr,2017,"{""type"":""MultiPoint"",""coordinates"":[]}"
42_00000000000000000010,BA03050040,,,,,,,53.17,53,1789.65872064,TASWIL5000020230907KABKOTA,Sumba Tengah,,0.147379835649,2.42469258111,4326,4,,,Sumba Tengah,Nusa Tenggara Timur,,0,Sumba Barat,,2017-07,0.14040368728461267,7,0.14040368728461267,VIIRS DNB,nW/cm2/sr,2017,"{""type"":""MultiPoint"",""coordinates"":[]}"
42_00000000000000000014,BA03050040,,,,,,,53.18,53,1383.31224571,TASWIL5000020230907KABKOTA,Sumba Barat Daya,,0.113913848979,1.59805558471,4326,4,,,Sumba Barat Daya,Nusa Tenggara Timur,,0,Sumba Barat,,2017-07,0.17630708756285363,7,0.17630708756285363,VIIRS DNB,nW/cm2/sr,2017,"{""type"":""MultiPoint"",""coordinates"":[]}"
43_00000000000000000000,BA03050040,,,,,,,53.05,53,2928.55881854,TASWIL5000020230907KABKOTA,Alor,,0.24037265184,5.67288749982,4326,4,,,Alor,Nusa Tenggara Timur,,0,,,2017-08,0.14459066145000282,8,0.14459066145000282,VIIRS DNB,nW/cm2/sr,2017,"{""type"":""MultiPoint"",""coordinates"":[]}"
43_00000000000000000001,BA03050040,,,,,,,53.04,53,1127.25008655,TASWIL5000020230907KABKOTA,Belu,,0.0927289736817,2.29261763369,4326,4,,,Belu,Nusa Tenggara Timur,,0,,,2017-08,0.24312231037442852,8,0.24312231037442852,VIIRS DNB,nW/cm2/sr,2017,"{""type"":""MultiPoint"",""coordinates"":[]}"
43_00000000000000000002,BA03050040,,,,,,,53.06,53,1748.5165523,TASWIL5000020230907KABKOTA,Flores Timur,,0.143538260694,4.68012528849,4326,4,,,Flores Timur,Nusa Tenggara Timur,,0,,,2017-08,0.14578964464771313,8,0.14578964464771313,VIIRS DNB,nW/cm2/sr,2017,"{""type"":""MultiPoint"",""coordinates"":[]}"
43_00000000000000000004,BA03050040,,,,,,,53.01,53,5136.51008742,TASWIL5000020230907KABKOTA,Kupang,,0.423459507198,6.26740520892,4326,4,,,Kupang,Nusa Tenggara Timur,,0,,,2017-08,0.17954837594447567,8,0.17954837594447567,VIIRS DNB,nW/cm2/sr,2017,"{""type"":""MultiPoint"",""coordinates"":[]}"
43_00000000000000000007,BA03050040,,,,,,,53.10,53,1343.83414797,TASWIL5000020230907KABKOTA,Manggarai,,0.11037433796,2.62044875269,4326,4,,,Manggarai,Nusa Tenggara Timur,,0,,,2017-08,0.1569101791041044,8,0.1569101791041044,VIIRS DNB,nW/cm2/sr,2017,"{""type"":""MultiPoint"",""coordinates"":[]}"
43_0000000000000000000b,BA03050040,,,,,,,53.09,53,1735.63521769,TASWIL5000020230907KABKOTA,Ngada,,0.142589549676,2.86650785507,4326,4,,,Ngada,Nusa Tenggara Timur,,0,,,2017-08,0.12077343604156869,8,0.12077343604156869,VIIRS DNB,nW/cm2/sr,2017,"{""type"":""MultiPoint"",""coordinates"":[]}"
43_0000000000000000000e,BA03050040,,,,,,,53.07,53,1671.64902391,TASWIL5000020230907KABKOTA,Sikka,,0.137312979206,3.89925449996,4326,4,,,Sikka,Nusa Tenggara Timur,,0,,,2017-08,0.17886329667053555,8,0.17886329667053555,VIIRS DNB,nW/cm2/sr,2017,"{""type"":""MultiPoint"",""coordinates"":[]}"
43_0000000000000000000f,BA03050040,,,,,,,53.12,53,757.407641007,TASWIL5000020230907KABKOTA,Sumba Barat,,0.0623907023605,2.04212111278,4326,4,,,Sumba Barat,Nusa Tenggara Timur,,0,,,2017-08,0.11125877986786009,8,0.11125877986786009,VIIRS DNB,nW/cm2/sr,2017,"{""type"":""MultiPoint"",""coordinates"":[]}"
43_00000000000000000011,BA03050040,,,,,,,53.11,53,6984.01403441,TASWIL5000020230907KABKOTA,Sumba Timur,,0.575702142252,4.80415749282,4326,4,,,Sumba Timur,Nusa Tenggara Timur,,0,,,2017-08,0.1191812290465277,8,0.1191812290465277,VIIRS DNB,nW/cm2/sr,2017,"{""type"":""MultiPoint"",""coordinates"":[]}"
43_00000000000000000012,BA03050040,,,,,,,53.02,53,3933.15111495,TASWIL5000020230907KABKOTA,Timor Tengah Selatan,,0.324167140101,3.32375028444,4326,4,,,Timor Tengah Selatan,Nusa Tenggara Timur,,0,,,2017-08,0.10521957862174681,8,0.10521957862174681,VIIRS DNB,nW/cm2/sr,2017,"{""type"":""MultiPoint"",""coordinates"":[]}"
43_00000000000000000013,BA03050040,,,,,,,53.03,53,2623.19983128,TASWIL5000020230907KABKOTA,Timor Tengah Utara,,0.215921651765,3.4787254107,4326,4,,,Timor Tengah Utara,Nusa Tenggara Timur,,0,,,2017-08,0.12396316618808177,8,0.12396316618808177,VIIRS DNB,nW/cm2/sr,2017,"{""type"":""MultiPoint"",""coordinates"":[]}"
43_00000000000000000015,BA03050040,,,,,,,53.08,53,2085.24387061,TASWIL5000020230907KABKOTA,Ende,,0.171316232886,2.99297540949,4326,4,,,Ende,Nusa Tenggara Timur,,0,,,2017-08,0.13870156608953713,8,0.13870156608953713,VIIRS DNB,nW/cm2/sr,2017,"{""type"":""MultiPoint"",""coordinates"":[]}"
43_00000000000000000006,BA03050040,,,,,,,53.21,53,1109.16204574,TASWIL5000020230907KABKOTA,Malaka,,0.0913351434015,2.23370514726,4326,4,,,Malaka,Nusa Tenggara Timur,,0,Belu,,2017-08,0.13167853842628147,8,0.13167853842628147,VIIRS DNB,nW/cm2/sr,2017,"{""type"":""MultiPoint"",""coordinates"":[]}"
43_00000000000000000005,BA03050040,,,,,,,53.13,53,1268.10489804,TASWIL5000020230907KABKOTA,Lembata,,0.10410466891,3.45188597769,4326,4,,,Lembata,Nusa Tenggara Timur,,0,Flores Timur,,2017-08,0.1722516085164542,8,0.1722516085164542,VIIRS DNB,nW/cm2/sr,2017,"{""type"":""MultiPoint"",""coordinates"":[]}"
43_00000000000000000003,BA03050040,,,,,,,53.71,53,159.334041006,TASWIL5000020230907KABKOTA,Kota Kupang,,0.0131469663875,0.949087585397,4326,5,,,Kota Kupang,Nusa Tenggara Timur,,0,Kupang,,2017-08,3.614795619552879,8,3.614795619552879,VIIRS DNB,nW/cm2/sr,2017,"{""type"":""MultiPoint"",""coordinates"":[]}"
43_0000000000000000000c,BA03050040,,,,,,,53.14,53,1286.45281117,TASWIL5000020230907KABKOTA,Rote Ndao,,0.106321906477,4.76909476004,4326,4,,,Rote Ndao,Nusa Tenggara Timur,,0,Kupang,,2017-08,0.149051543934388,8,0.149051543934388,VIIRS DNB,nW/cm2/sr,2017,"{""type"":""MultiPoint"",""coordinates"":[]}"
43_0000000000000000000d,BA03050040,,,,,,,53.20,53,460.956594118,TASWIL5000020230907KABKOTA,Sabu Raijua,,0.0380736571077,1.23438979443,4326,4,,,Sabu Raijua,Nusa Tenggara Timur,,0,Kupang,,2017-08,0.13697130313402478,8,0.13697130313402478,VIIRS DNB,nW/cm2/sr,2017,"{""type"":""MultiPoint"",""coordinates"":[]}"
43_00000000000000000008,BA03050040,,,,,,,53.15,53,3128.99733567,TASWIL5000020230907KABKOTA,Manggarai Barat,,0.257018604578,10.7211601624,4326,4,,,Manggarai Barat,Nusa Tenggara Timur,,0,Manggarai,,2017-08,0.10358925982374088,8,0.10358925982374088,VIIRS DNB,nW/cm2/sr,2017,"{""type"":""MultiPoint"",""coordinates"":[]}"
43_00000000000000000009,BA03050040,,,,,,,53.19,53,2389.52959786,TASWIL5000020230907KABKOTA,Manggarai Timur,,0.196263276889,2.60910655519,4326,4,,,Manggarai Timur,Nusa Tenggara Timur,,0,Manggarai,,2017-08,0.09907958125909316,8,0.09907958125909316,VIIRS DNB,nW/cm2/sr,2017,"{""type"":""MultiPoint"",""coordinates"":[]}"
43_0000000000000000000a,BA03050040,,,,,,,53.16,53,1396.16423098,TASWIL5000020230907KABKOTA,Nagekeo,,0.114707914625,2.15252417923,4326,4,,,Nagekeo,Nusa Tenggara Timur,,0,Ngada,,2017-08,0.1273693767941424,8,0.1273693767941424,VIIRS DNB,nW/cm2/sr,2017,"{""type"":""MultiPoint"",""coordinates"":[]}"
43_00000000000000000010,BA03050040,,,,,,,53.17,53,1789.65872064,TASWIL5000020230907KABKOTA,Sumba Tengah,,0.147379835649,2.42469258111,4326,4,,,Sumba Tengah,Nusa Tenggara Timur,,0,Sumba Barat,,2017-08,0.08466532650589877,8,0.08466532650589877,VIIRS DNB,nW/cm2/sr,2017,"{""type"":""MultiPoint"",""coordinates"":[]}"
43_00000000000000000014,BA03050040,,,,,,,53.18,53,1383.31224571,TASWIL5000020230907KABKOTA,Sumba Barat Daya,,0.113913848979,1.59805558471,4326,4,,,Sumba Barat Daya,Nusa Tenggara Timur,,0,Sumba Barat,,2017-08,0.1141076764319236,8,0.1141076764319236,VIIRS DNB,nW/cm2/sr,2017,"{""type"":""MultiPoint"",""coordinates"":[]}"
44_00000000000000000000,BA03050040,,,,,,,53.05,53,2928.55881854,TASWIL5000020230907KABKOTA,Alor,,0.24037265184,5.67288749982,4326,4,,,Alor,Nusa Tenggara Timur,,0,,,2017-09,0.2687077337302491,9,0.2687077337302491,VIIRS DNB,nW/cm2/sr,2017,"{""type"":""MultiPoint"",""coordinates"":[]}"
44_00000000000000000001,BA03050040,,,,,,,53.04,53,1127.25008655,TASWIL5000020230907KABKOTA,Belu,,0.0927289736817,2.29261763369,4326,4,,,Belu,Nusa Tenggara Timur,,0,,,2017-09,0.36910634658625746,9,0.36910634658625746,VIIRS DNB,nW/cm2/sr,2017,"{""type"":""MultiPoint"",""coordinates"":[]}"
44_00000000000000000002,BA03050040,,,,,,,53.06,53,1748.5165523,TASWIL5000020230907KABKOTA,Flores Timur,,0.143538260694,4.68012528849,4326,4,,,Flores Timur,Nusa Tenggara Timur,,0,,,2017-09,0.26045859358715495,9,0.26045859358715495,VIIRS DNB,nW/cm2/sr,2017,"{""type"":""MultiPoint"",""coordinates"":[]}"
44_00000000000000000004,BA03050040,,,,,,,53.01,53,5136.51008742,TASWIL5000020230907KABKOTA,Kupang,,0.423459507198,6.26740520892,4326,4,,,Kupang,Nusa Tenggara Timur,,0,,,2017-09,0.3014703376877693,9,0.3014703376877693,VIIRS DNB,nW/cm2/sr,2017,"{""type"":""MultiPoint"",""coordinates"":[]}"
44_00000000000000000007,BA03050040,,,,,,,53.10,53,1343.83414797,TASWIL5000020230907KABKOTA,Manggarai,,0.11037433796,2.62044875269,4326,4,,,Manggarai,Nusa Tenggara Timur,,0,,,2017-09,0.25802445116060013,9,0.25802445116060013,VIIRS DNB,nW/cm2/sr,2017,"{""type"":""MultiPoint"",""coordinates"":[]}"
44_0000000000000000000b,BA03050040,,,,,,,53.09,53,1735.63521769,TASWIL5000020230907KABKOTA,Ngada,,0.142589549676,2.86650785507,4326,4,,,Ngada,Nusa Tenggara Timur,,0,,,2017-09,0.222521594490729,9,0.222521594490729,VIIRS DNB,nW/cm2/sr,2017,"{""type"":""MultiPoint"",""coordinates"":[]}"
44_0000000000000000000e,BA03050040,,,,,,,53.07,53,1671.64902391,TASWIL5000020230907KABKOTA,Sikka,,0.137312979206,3.89925449996,4326,4,,,Sikka,Nusa Tenggara Timur,,0,,,2017-09,0.2745919171616018,9,0.2745919171616018,VIIRS DNB,nW/cm2/sr,2017,"{""type"":""MultiPoint"",""coordinates"":[]}"
44_0000000000000000000f,BA03050040,,,,,,,53.12,53,757.407641007,TASWIL5000020230907KABKOTA,Sumba Barat,,0.0623907023605,2.04212111278,4326,4,,,Sumba Barat,Nusa Tenggara Timur,,0,,,2017-09,0.23701161748218522,9,0.23701161748218522,VIIRS DNB,nW/cm2/sr,2017,"{""type"":""MultiPoint"",""coordinates"":[]}"
44_00000000000000000011,BA03050040,,,,,,,53.11,53,6984.01403441,TASWIL5000020230907KABKOTA,Sumba Timur,,0.575702142252,4.80415749282,4326,4,,,Sumba Timur,Nusa Tenggara Timur,,0,,,2017-09,0.2394720079614471,9,0.2394720079614471,VIIRS DNB,nW/cm2/sr,2017,"{""type"":""MultiPoint"",""coordinates"":[]}"
44_00000000000000000012,BA03050040,,,,,,,53.02,53,3933.15111495,TASWIL5000020230907KABKOTA,Timor Tengah Selatan,,0.324167140101,3.32375028444,4326,4,,,Timor Tengah Selatan,Nusa Tenggara Timur,,0,,,2017-09,0.2519502622097705,9,0.2519502622097705,VIIRS DNB,nW/cm2/sr,2017,"{""type"":""MultiPoint"",""coordinates"":[]}"
44_00000000000000000013,BA03050040,,,,,,,53.03,53,2623.19983128,TASWIL5000020230907KABKOTA,Timor Tengah Utara,,0.215921651765,3.4787254107,4326,4,,,Timor Tengah Utara,Nusa Tenggara Timur,,0,,,2017-09,0.26720582471563603,9,0.26720582471563603,VIIRS DNB,nW/cm2/sr,2017,"{""type"":""MultiPoint"",""coordinates"":[]}"
44_00000000000000000015,BA03050040,,,,,,,53.08,53,2085.24387061,TASWIL5000020230907KABKOTA,Ende,,0.171316232886,2.99297540949,4326,4,,,Ende,Nusa Tenggara Timur,,0,,,2017-09,0.25792558075147837,9,0.25792558075147837,VIIRS DNB,nW/cm2/sr,2017,"{""type"":""MultiPoint"",""coordinates"":[]}"
44_00000000000000000006,BA03050040,,,,,,,53.21,53,1109.16204574,TASWIL5000020230907KABKOTA,Malaka,,0.0913351434015,2.23370514726,4326,4,,,Malaka,Nusa Tenggara Timur,,0,Belu,,2017-09,0.28821611289888155,9,0.28821611289888155,VIIRS DNB,nW/cm2/sr,2017,"{""type"":""MultiPoint"",""coordinates"":[]}"
44_00000000000000000005,BA03050040,,,,,,,53.13,53,1268.10489804,TASWIL5000020230907KABKOTA,Lembata,,0.10410466891,3.45188597769,4326,4,,,Lembata,Nusa Tenggara Timur,,0,Flores Timur,,2017-09,0.2744733861036033,9,0.2744733861036033,VIIRS DNB,nW/cm2/sr,2017,"{""type"":""MultiPoint"",""coordinates"":[]}"
44_00000000000000000003,BA03050040,,,,,,,53.71,53,159.334041006,TASWIL5000020230907KABKOTA,Kota Kupang,,0.0131469663875,0.949087585397,4326,5,,,Kota Kupang,Nusa Tenggara Timur,,0,Kupang,,2017-09,3.859648100165164,9,3.859648100165164,VIIRS DNB,nW/cm2/sr,2017,"{""type"":""MultiPoint"",""coordinates"":[]}"
44_0000000000000000000c,BA03050040,,,,,,,53.14,53,1286.45281117,TASWIL5000020230907KABKOTA,Rote Ndao,,0.106321906477,4.76909476004,4326,4,,,Rote Ndao,Nusa Tenggara Timur,,0,Kupang,,2017-09,0.2569583952898445,9,0.2569583952898445,VIIRS DNB,nW/cm2/sr,2017,"{""type"":""MultiPoint"",""coordinates"":[]}"
44_0000000000000000000d,BA03050040,,,,,,,53.20,53,460.956594118,TASWIL5000020230907KABKOTA,Sabu Raijua,,0.0380736571077,1.23438979443,4326,4,,,Sabu Raijua,Nusa Tenggara Timur,,0,Kupang,,2017-09,0.2485738854831299,9,0.2485738854831299,VIIRS DNB,nW/cm2/sr,2017,"{""type"":""MultiPoint"",""coordinates"":[]}"
44_00000000000000000008,BA03050040,,,,,,,53.15,53,3128.99733567,TASWIL5000020230907KABKOTA,Manggarai Barat,,0.257018604578,10.7211601624,4326,4,,,Manggarai Barat,Nusa Tenggara Timur,,0,Manggarai,,2017-09,0.21238076537115486,9,0.21238076537115486,VIIRS DNB,nW/cm2/sr,2017,"{""type"":""MultiPoint"",""coordinates"":[]}"
44_00000000000000000009,BA03050040,,,,,,,53.19,53,2389.52959786,TASWIL5000020230907KABKOTA,Manggarai Timur,,0.196263276889,2.60910655519,4326,4,,,Manggarai Timur,Nusa Tenggara Timur,,0,Manggarai,,2017-09,0.19963432813983129,9,0.19963432813983129,VIIRS DNB,nW/cm2/sr,2017,"{""type"":""MultiPoint"",""coordinates"":[]}"
44_0000000000000000000a,BA03050040,,,,,,,53.16,53,1396.16423098,TASWIL5000020230907KABKOTA,Nagekeo,,0.114707914625,2.15252417923,4326,4,,,Nagekeo,Nusa Tenggara Timur,,0,Ngada,,2017-09,0.24197648294608706,9,0.24197648294608706,VIIRS DNB,nW/cm2/sr,2017,"{""type"":""MultiPoint"",""coordinates"":[]}"
44_00000000000000000010,BA03050040,,,,,,,53.17,53,1789.65872064,TASWIL5000020230907KABKOTA,Sumba Tengah,,0.147379835649,2.42469258111,4326,4,,,Sumba Tengah,Nusa Tenggara Timur,,0,Sumba Barat,,2017-09,0.19426034212373036,9,0.19426034212373036,VIIRS DNB,nW/cm2/sr,2017,"{""type"":""MultiPoint"",""coordinates"":[]}"
44_00000000000000000014,BA03050040,,,,,,,53.18,53,1383.31224571,TASWIL5000020230907KABKOTA,Sumba Barat Daya,,0.113913848979,1.59805558471,4326,4,,,Sumba Barat Daya,Nusa Tenggara Timur,,0,Sumba Barat,,2017-09,0.25035302569887224,9,0.25035302569887224,VIIRS DNB,nW/cm2/sr,2017,"{""type"":""MultiPoint"",""coordinates"":[]}"
45_00000000000000000000,BA03050040,,,,,,,53.05,53,2928.55881854,TASWIL5000020230907KABKOTA,Alor,,0.24037265184,5.67288749982,4326,4,,,Alor,Nusa Tenggara Timur,,0,,,2017-10,0.30505969463875865,10,0.30505969463875865,VIIRS DNB,nW/cm2/sr,2017,"{""type"":""MultiPoint"",""coordinates"":[]}"
45_00000000000000000001,BA03050040,,,,,,,53.04,53,1127.25008655,TASWIL5000020230907KABKOTA,Belu,,0.0927289736817,2.29261763369,4326,4,,,Belu,Nusa Tenggara Timur,,0,,,2017-10,0.38700681948026205,10,0.38700681948026205,VIIRS DNB,nW/cm2/sr,2017,"{""type"":""MultiPoint"",""coordinates"":[]}"
45_00000000000000000002,BA03050040,,,,,,,53.06,53,1748.5165523,TASWIL5000020230907KABKOTA,Flores Timur,,0.143538260694,4.68012528849,4326,4,,,Flores Timur,Nusa Tenggara Timur,,0,,,2017-10,0.33324876027303413,10,0.33324876027303413,VIIRS DNB,nW/cm2/sr,2017,"{""type"":""MultiPoint"",""coordinates"":[]}"
45_00000000000000000004,BA03050040,,,,,,,53.01,53,5136.51008742,TASWIL5000020230907KABKOTA,Kupang,,0.423459507198,6.26740520892,4326,4,,,Kupang,Nusa Tenggara Timur,,0,,,2017-10,0.35073466078614507,10,0.35073466078614507,VIIRS DNB,nW/cm2/sr,2017,"{""type"":""MultiPoint"",""coordinates"":[]}"
45_00000000000000000007,BA03050040,,,,,,,53.10,53,1343.83414797,TASWIL5000020230907KABKOTA,Manggarai,,0.11037433796,2.62044875269,4326,4,,,Manggarai,Nusa Tenggara Timur,,0,,,2017-10,0.3064026283349794,10,0.3064026283349794,VIIRS DNB,nW/cm2/sr,2017,"{""type"":""MultiPoint"",""coordinates"":[]}"
45_0000000000000000000b,BA03050040,,,,,,,53.09,53,1735.63521769,TASWIL5000020230907KABKOTA,Ngada,,0.142589549676,2.86650785507,4326,4,,,Ngada,Nusa Tenggara Timur,,0,,,2017-10,0.2654854383492085,10,0.2654854383492085,VIIRS DNB,nW/cm2/sr,2017,"{""type"":""MultiPoint"",""coordinates"":[]}"
45_0000000000000000000e,BA03050040,,,,,,,53.07,53,1671.64902391,TASWIL5000020230907KABKOTA,Sikka,,0.137312979206,3.89925449996,4326,4,,,Sikka,Nusa Tenggara Timur,,0,,,2017-10,0.3481093748006264,10,0.3481093748006264,VIIRS DNB,nW/cm2/sr,2017,"{""type"":""MultiPoint"",""coordinates"":[]}"
45_0000000000000000000f,BA03050040,,,,,,,53.12,53,757.407641007,TASWIL5000020230907KABKOTA,Sumba Barat,,0.0623907023605,2.04212111278,4326,4,,,Sumba Barat,Nusa Tenggara Timur,,0,,,2017-10,0.2827736057538462,10,0.2827736057538462,VIIRS DNB,nW/cm2/sr,2017,"{""type"":""MultiPoint"",""coordinates"":[]}"
45_00000000000000000011,BA03050040,,,,,,,53.11,53,6984.01403441,TASWIL5000020230907KABKOTA,Sumba Timur,,0.575702142252,4.80415749282,4326,4,,,Sumba Timur,Nusa Tenggara Timur,,0,,,2017-10,0.2672137278925929,10,0.2672137278925929,VIIRS DNB,nW/cm2/sr,2017,"{""type"":""MultiPoint"",""coordinates"":[]}"
45_00000000000000000012,BA03050040,,,,,,,53.02,53,3933.15111495,TASWIL5000020230907KABKOTA,Timor Tengah Selatan,,0.324167140101,3.32375028444,4326,4,,,Timor Tengah Selatan,Nusa Tenggara Timur,,0,,,2017-10,0.3132176193087107,10,0.3132176193087107,VIIRS DNB,nW/cm2/sr,2017,"{""type"":""MultiPoint"",""coordinates"":[]}"
45_00000000000000000013,BA03050040,,,,,,,53.03,53,2623.19983128,TASWIL5000020230907KABKOTA,Timor Tengah Utara,,0.215921651765,3.4787254107,4326,4,,,Timor Tengah Utara,Nusa Tenggara Timur,,0,,,2017-10,0.31611830236753885,10,0.31611830236753885,VIIRS DNB,nW/cm2/sr,2017,"{""type"":""MultiPoint"",""coordinates"":[]}"
45_00000000000000000015,BA03050040,,,,,,,53.08,53,2085.24387061,TASWIL5000020230907KABKOTA,Ende,,0.171316232886,2.99297540949,4326,4,,,Ende,Nusa Tenggara Timur,,0,,,2017-10,0.3181075405843498,10,0.3181075405843498,VIIRS DNB,nW/cm2/sr,2017,"{""type"":""MultiPoint"",""coordinates"":[]}"
45_00000000000000000006,BA03050040,,,,,,,53.21,53,1109.16204574,TASWIL5000020230907KABKOTA,Malaka,,0.0913351434015,2.23370514726,4326,4,,,Malaka,Nusa Tenggara Timur,,0,Belu,,2017-10,0.3359609200206377,10,0.3359609200206377,VIIRS DNB,nW/cm2/sr,2017,"{""type"":""MultiPoint"",""coordinates"":[]}"
45_00000000000000000005,BA03050040,,,,,,,53.13,53,1268.10489804,TASWIL5000020230907KABKOTA,Lembata,,0.10410466891,3.45188597769,4326,4,,,Lembata,Nusa Tenggara Timur,,0,Flores Timur,,2017-10,0.3448826954066096,10,0.3448826954066096,VIIRS DNB,nW/cm2/sr,2017,"{""type"":""MultiPoint"",""coordinates"":[]}"
45_00000000000000000003,BA03050040,,,,,,,53.71,53,159.334041006,TASWIL5000020230907KABKOTA,Kota Kupang,,0.0131469663875,0.949087585397,4326,5,,,Kota Kupang,Nusa Tenggara Timur,,0,Kupang,,2017-10,3.7063897912263912,10,3.7063897912263912,VIIRS DNB,nW/cm2/sr,2017,"{""type"":""MultiPoint"",""coordinates"":[]}"
45_0000000000000000000c,BA03050040,,,,,,,53.14,53,1286.45281117,TASWIL5000020230907KABKOTA,Rote Ndao,,0.106321906477,4.76909476004,4326,4,,,Rote Ndao,Nusa Tenggara Timur,,0,Kupang,,2017-10,0.3479266778321788,10,0.3479266778321788,VIIRS DNB,nW/cm2/sr,2017,"{""type"":""MultiPoint"",""coordinates"":[]}"
45_0000000000000000000d,BA03050040,,,,,,,53.20,53,460.956594118,TASWIL5000020230907KABKOTA,Sabu Raijua,,0.0380736571077,1.23438979443,4326,4,,,Sabu Raijua,Nusa Tenggara Timur,,0,Kupang,,2017-10,0.3261028353311759,10,0.3261028353311759,VIIRS DNB,nW/cm2/sr,2017,"{""type"":""MultiPoint"",""coordinates"":[]}"
45_00000000000000000008,BA03050040,,,,,,,53.15,53,3128.99733567,TASWIL5000020230907KABKOTA,Manggarai Barat,,0.257018604578,10.7211601624,4326,4,,,Manggarai Barat,Nusa Tenggara Timur,,0,Manggarai,,2017-10,0.2653762597305443,10,0.2653762597305443,VIIRS DNB,nW/cm2/sr,2017,"{""type"":""MultiPoint"",""coordinates"":[]}"
45_00000000000000000009,BA03050040,,,,,,,53.19,53,2389.52959786,TASWIL5000020230907KABKOTA,Manggarai Timur,,0.196263276889,2.60910655519,4326,4,,,Manggarai Timur,Nusa Tenggara Timur,,0,Manggarai,,2017-10,0.2622609440609767,10,0.2622609440609767,VIIRS DNB,nW/cm2/sr,2017,"{""type"":""MultiPoint"",""coordinates"":[]}"
45_0000000000000000000a,BA03050040,,,,,,,53.16,53,1396.16423098,TASWIL5000020230907KABKOTA,Nagekeo,,0.114707914625,2.15252417923,4326,4,,,Nagekeo,Nusa Tenggara Timur,,0,Ngada,,2017-10,0.28679736841158787,10,0.28679736841158787,VIIRS DNB,nW/cm2/sr,2017,"{""type"":""MultiPoint"",""coordinates"":[]}"
45_00000000000000000010,BA03050040,,,,,,,53.17,53,1789.65872064,TASWIL5000020230907KABKOTA,Sumba Tengah,,0.147379835649,2.42469258111,4326,4,,,Sumba Tengah,Nusa Tenggara Timur,,0,Sumba Barat,,2017-10,0.2658369603200183,10,0.2658369603200183,VIIRS DNB,nW/cm2/sr,2017,"{""type"":""MultiPoint"",""coordinates"":[]}"
45_00000000000000000014,BA03050040,,,,,,,53.18,53,1383.31224571,TASWIL5000020230907KABKOTA,Sumba Barat Daya,,0.113913848979,1.59805558471,4326,4,,,Sumba Barat Daya,Nusa Tenggara Timur,,0,Sumba Barat,,2017-10,0.2667678916090093,10,0.2667678916090093,VIIRS DNB,nW/cm2/sr,2017,"{""type"":""MultiPoint"",""coordinates"":[]}"
46_00000000000000000000,BA03050040,,,,,,,53.05,53,2928.55881854,TASWIL5000020230907KABKOTA,Alor,,0.24037265184,5.67288749982,4326,4,,,Alor,Nusa Tenggara Timur,,0,,,2017-11,0.22864678196450017,11,0.22864678196450017,VIIRS DNB,nW/cm2/sr,2017,"{""type"":""MultiPoint"",""coordinates"":[]}"
46_00000000000000000001,BA03050040,,,,,,,53.04,53,1127.25008655,TASWIL5000020230907KABKOTA,Belu,,0.0927289736817,2.29261763369,4326,4,,,Belu,Nusa Tenggara Timur,,0,,,2017-11,0.1362053646621623,11,0.1362053646621623,VIIRS DNB,nW/cm2/sr,2017,"{""type"":""MultiPoint"",""coordinates"":[]}"
46_00000000000000000002,BA03050040,,,,,,,53.06,53,1748.5165523,TASWIL5000020230907KABKOTA,Flores Timur,,0.143538260694,4.68012528849,4326,4,,,Flores Timur,Nusa Tenggara Timur,,0,,,2017-11,0.12079962528167272,11,0.12079962528167272,VIIRS DNB,nW/cm2/sr,2017,"{""type"":""MultiPoint"",""coordinates"":[]}"
46_00000000000000000004,BA03050040,,,,,,,53.01,53,5136.51008742,TASWIL5000020230907KABKOTA,Kupang,,0.423459507198,6.26740520892,4326,4,,,Kupang,Nusa Tenggara Timur,,0,,,2017-11,0.26067058968425905,11,0.26067058968425905,VIIRS DNB,nW/cm2/sr,2017,"{""type"":""MultiPoint"",""coordinates"":[]}"
46_00000000000000000007,BA03050040,,,,,,,53.10,53,1343.83414797,TASWIL5000020230907KABKOTA,Manggarai,,0.11037433796,2.62044875269,4326,4,,,Manggarai,Nusa Tenggara Timur,,0,,,2017-11,0.22948077167344327,11,0.22948077167344327,VIIRS DNB,nW/cm2/sr,2017,"{""type"":""MultiPoint"",""coordinates"":[]}"
46_0000000000000000000b,BA03050040,,,,,,,53.09,53,1735.63521769,TASWIL5000020230907KABKOTA,Ngada,,0.142589549676,2.86650785507,4326,4,,,Ngada,Nusa Tenggara Timur,,0,,,2017-11,0.18872586182402823,11,0.18872586182402823,VIIRS DNB,nW/cm2/sr,2017,"{""type"":""MultiPoint"",""coordinates"":[]}"
46_0000000000000000000e,BA03050040,,,,,,,53.07,53,1671.64902391,TASWIL5000020230907KABKOTA,Sikka,,0.137312979206,3.89925449996,4326,4,,,Sikka,Nusa Tenggara Timur,,0,,,2017-11,0.06128104986913968,11,0.06128104986913968,VIIRS DNB,nW/cm2/sr,2017,"{""type"":""MultiPoint"",""coordinates"":[]}"
46_0000000000000000000f,BA03050040,,,,,,,53.12,53,757.407641007,TASWIL5000020230907KABKOTA,Sumba Barat,,0.0623907023605,2.04212111278,4326,4,,,Sumba Barat,Nusa Tenggara Timur,,0,,,2017-11,0.07979547158967173,11,0.07979547158967173,VIIRS DNB,nW/cm2/sr,2017,"{""type"":""MultiPoint"",""coordinates"":[]}"
46_00000000000000000011,BA03050040,,,,,,,53.11,53,6984.01403441,TASWIL5000020230907KABKOTA,Sumba Timur,,0.575702142252,4.80415749282,4326,4,,,Sumba Timur,Nusa Tenggara Timur,,0,,,2017-11,0.22720800406486263,11,0.22720800406486263,VIIRS DNB,nW/cm2/sr,2017,"{""type"":""MultiPoint"",""coordinates"":[]}"
46_00000000000000000012,BA03050040,,,,,,,53.02,53,3933.15111495,TASWIL5000020230907KABKOTA,Timor Tengah Selatan,,0.324167140101,3.32375028444,4326,4,,,Timor Tengah Selatan,Nusa Tenggara Timur,,0,,,2017-11,0.2385269364843274,11,0.2385269364843274,VIIRS DNB,nW/cm2/sr,2017,"{""type"":""MultiPoint"",""coordinates"":[]}"
46_00000000000000000013,BA03050040,,,,,,,53.03,53,2623.19983128,TASWIL5000020230907KABKOTA,Timor Tengah Utara,,0.215921651765,3.4787254107,4326,4,,,Timor Tengah Utara,Nusa Tenggara Timur,,0,,,2017-11,0.24114069138947097,11,0.24114069138947097,VIIRS DNB,nW/cm2/sr,2017,"{""type"":""MultiPoint"",""coordinates"":[]}"
46_00000000000000000015,BA03050040,,,,,,,53.08,53,2085.24387061,TASWIL5000020230907KABKOTA,Ende,,0.171316232886,2.99297540949,4326,4,,,Ende,Nusa Tenggara Timur,,0,,,2017-11,0.09388068923512848,11,0.09388068923512848,VIIRS DNB,nW/cm2/sr,2017,"{""type"":""MultiPoint"",""coordinates"":[]}"
46_00000000000000000006,BA03050040,,,,,,,53.21,53,1109.16204574,TASWIL5000020230907KABKOTA,Malaka,,0.0913351434015,2.23370514726,4326,4,,,Malaka,Nusa Tenggara Timur,,0,Belu,,2017-11,0.199974669775529,11,0.199974669775529,VIIRS DNB,nW/cm2/sr,2017,"{""type"":""MultiPoint"",""coordinates"":[]}"
46_00000000000000000005,BA03050040,,,,,,,53.13,53,1268.10489804,TASWIL5000020230907KABKOTA,Lembata,,0.10410466891,3.45188597769,4326,4,,,Lembata,Nusa Tenggara Timur,,0,Flores Timur,,2017-11,0.23567086969172496,11,0.23567086969172496,VIIRS DNB,nW/cm2/sr,2017,"{""type"":""MultiPoint"",""coordinates"":[]}"
46_00000000000000000003,BA03050040,,,,,,,53.71,53,159.334041006,TASWIL5000020230907KABKOTA,Kota Kupang,,0.0131469663875,0.949087585397,4326,5,,,Kota Kupang,Nusa Tenggara Timur,,0,Kupang,,2017-11,3.0315905556845184,11,3.0315905556845184,VIIRS DNB,nW/cm2/sr,2017,"{""type"":""MultiPoint"",""coordinates"":[]}"
46_0000000000000000000c,BA03050040,,,,,,,53.14,53,1286.45281117,TASWIL5000020230907KABKOTA,Rote Ndao,,0.106321906477,4.76909476004,4326,4,,,Rote Ndao,Nusa Tenggara Timur,,0,Kupang,,2017-11,0.3067241385914911,11,0.3067241385914911,VIIRS DNB,nW/cm2/sr,2017,"{""type"":""MultiPoint"",""coordinates"":[]}"
46_0000000000000000000d,BA03050040,,,,,,,53.20,53,460.956594118,TASWIL5000020230907KABKOTA,Sabu Raijua,,0.0380736571077,1.23438979443,4326,4,,,Sabu Raijua,Nusa Tenggara Timur,,0,Kupang,,2017-11,0.3586442972471663,11,0.3586442972471663,VIIRS DNB,nW/cm2/sr,2017,"{""type"":""MultiPoint"",""coordinates"":[]}"
46_00000000000000000008,BA03050040,,,,,,,53.15,53,3128.99733567,TASWIL5000020230907KABKOTA,Manggarai Barat,,0.257018604578,10.7211601624,4326,4,,,Manggarai Barat,Nusa Tenggara Timur,,0,Manggarai,,2017-11,0.18207662585472745,11,0.18207662585472745,VIIRS DNB,nW/cm2/sr,2017,"{""type"":""MultiPoint"",""coordinates"":[]}"
46_00000000000000000009,BA03050040,,,,,,,53.19,53,2389.52959786,TASWIL5000020230907KABKOTA,Manggarai Timur,,0.196263276889,2.60910655519,4326,4,,,Manggarai Timur,Nusa Tenggara Timur,,0,Manggarai,,2017-11,0.16886277174810346,11,0.16886277174810346,VIIRS DNB,nW/cm2/sr,2017,"{""type"":""MultiPoint"",""coordinates"":[]}"
46_0000000000000000000a,BA03050040,,,,,,,53.16,53,1396.16423098,TASWIL5000020230907KABKOTA,Nagekeo,,0.114707914625,2.15252417923,4326,4,,,Nagekeo,Nusa Tenggara Timur,,0,Ngada,,2017-11,0.14708342292495635,11,0.14708342292495635,VIIRS DNB,nW/cm2/sr,2017,"{""type"":""MultiPoint"",""coordinates"":[]}"
46_00000000000000000010,BA03050040,,,,,,,53.17,53,1789.65872064,TASWIL5000020230907KABKOTA,Sumba Tengah,,0.147379835649,2.42469258111,4326,4,,,Sumba Tengah,Nusa Tenggara Timur,,0,Sumba Barat,,2017-11,0.20129428896431087,11,0.20129428896431087,VIIRS DNB,nW/cm2/sr,2017,"{""type"":""MultiPoint"",""coordinates"":[]}"
46_00000000000000000014,BA03050040,,,,,,,53.18,53,1383.31224571,TASWIL5000020230907KABKOTA,Sumba Barat Daya,,0.113913848979,1.59805558471,4326,4,,,Sumba Barat Daya,Nusa Tenggara Timur,,0,Sumba Barat,,2017-11,0.12428722361585887,11,0.12428722361585887,VIIRS DNB,nW/cm2/sr,2017,"{""type"":""MultiPoint"",""coordinates"":[]}"
47_00000000000000000000,BA03050040,,,,,,,53.05,53,2928.55881854,TASWIL5000020230907KABKOTA,Alor,,0.24037265184,5.67288749982,4326,4,,,Alor,Nusa Tenggara Timur,,0,,,2017-12,0.25822147702446396,12,0.25822147702446396,VIIRS DNB,nW/cm2/sr,2017,"{""type"":""MultiPoint"",""coordinates"":[]}"
47_00000000000000000001,BA03050040,,,,,,,53.04,53,1127.25008655,TASWIL5000020230907KABKOTA,Belu,,0.0927289736817,2.29261763369,4326,4,,,Belu,Nusa Tenggara Timur,,0,,,2017-12,0.3077777959371728,12,0.3077777959371728,VIIRS DNB,nW/cm2/sr,2017,"{""type"":""MultiPoint"",""coordinates"":[]}"
47_00000000000000000002,BA03050040,,,,,,,53.06,53,1748.5165523,TASWIL5000020230907KABKOTA,Flores Timur,,0.143538260694,4.68012528849,4326,4,,,Flores Timur,Nusa Tenggara Timur,,0,,,2017-12,0.2806177179373087,12,0.2806177179373087,VIIRS DNB,nW/cm2/sr,2017,"{""type"":""MultiPoint"",""coordinates"":[]}"
47_00000000000000000004,BA03050040,,,,,,,53.01,53,5136.51008742,TASWIL5000020230907KABKOTA,Kupang,,0.423459507198,6.26740520892,4326,4,,,Kupang,Nusa Tenggara Timur,,0,,,2017-12,0.3244915856769397,12,0.3244915856769397,VIIRS DNB,nW/cm2/sr,2017,"{""type"":""MultiPoint"",""coordinates"":[]}"
47_00000000000000000007,BA03050040,,,,,,,53.10,53,1343.83414797,TASWIL5000020230907KABKOTA,Manggarai,,0.11037433796,2.62044875269,4326,4,,,Manggarai,Nusa Tenggara Timur,,0,,,2017-12,0.2816057790365495,12,0.2816057790365495,VIIRS DNB,nW/cm2/sr,2017,"{""type"":""MultiPoint"",""coordinates"":[]}"
47_0000000000000000000b,BA03050040,,,,,,,53.09,53,1735.63521769,TASWIL5000020230907KABKOTA,Ngada,,0.142589549676,2.86650785507,4326,4,,,Ngada,Nusa Tenggara Timur,,0,,,2017-12,0.24577836195126143,12,0.24577836195126143,VIIRS DNB,nW/cm2/sr,2017,"{""type"":""MultiPoint"",""coordinates"":[]}"
47_0000000000000000000e,BA03050040,,,,,,,53.07,53,1671.64902391,TASWIL5000020230907KABKOTA,Sikka,,0.137312979206,3.89925449996,4326,4,,,Sikka,Nusa Tenggara Timur,,0,,,2017-12,0.3190220869212304,12,0.3190220869212304,VIIRS DNB,nW/cm2/sr,2017,"{""type"":""MultiPoint"",""coordinates"":[]}"
47_0000000000000000000f,BA03050040,,,,,,,53.12,53,757.407641007,TASWIL5000020230907KABKOTA,Sumba Barat,,0.0623907023605,2.04212111278,4326,4,,,Sumba Barat,Nusa Tenggara Timur,,0,,,2017-12,0.2589496977344401,12,0.2589496977344401,VIIRS DNB,nW/cm2/sr,2017,"{""type"":""MultiPoint"",""coordinates"":[]}"
47_00000000000000000011,BA03050040,,,,,,,53.11,53,6984.01403441,TASWIL5000020230907KABKOTA,Sumba Timur,,0.575702142252,4.80415749282,4326,4,,,Sumba Timur,Nusa Tenggara Timur,,0,,,2017-12,0.25175529912494365,12,0.25175529912494365,VIIRS DNB,nW/cm2/sr,2017,"{""type"":""MultiPoint"",""coordinates"":[]}"
47_00000000000000000012,BA03050040,,,,,,,53.02,53,3933.15111495,TASWIL5000020230907KABKOTA,Timor Tengah Selatan,,0.324167140101,3.32375028444,4326,4,,,Timor Tengah Selatan,Nusa Tenggara Timur,,0,,,2017-12,0.2675978115668165,12,0.2675978115668165,VIIRS DNB,nW/cm2/sr,2017,"{""type"":""MultiPoint"",""coordinates"":[]}"
47_00000000000000000013,BA03050040,,,,,,,53.03,53,2623.19983128,TASWIL5000020230907KABKOTA,Timor Tengah Utara,,0.215921651765,3.4787254107,4326,4,,,Timor Tengah Utara,Nusa Tenggara Timur,,0,,,2017-12,0.27473680452909277,12,0.27473680452909277,VIIRS DNB,nW/cm2/sr,2017,"{""type"":""MultiPoint"",""coordinates"":[]}"
47_00000000000000000015,BA03050040,,,,,,,53.08,53,2085.24387061,TASWIL5000020230907KABKOTA,Ende,,0.171316232886,2.99297540949,4326,4,,,Ende,Nusa Tenggara Timur,,0,,,2017-12,0.2693019483531888,12,0.2693019483531888,VIIRS DNB,nW/cm2/sr,2017,"{""type"":""MultiPoint"",""coordinates"":[]}"
47_00000000000000000006,BA03050040,,,,,,,53.21,53,1109.16204574,TASWIL5000020230907KABKOTA,Malaka,,0.0913351434015,2.23370514726,4326,4,,,Malaka,Nusa Tenggara Timur,,0,Belu,,2017-12,0.30039508917113805,12,0.30039508917113805,VIIRS DNB,nW/cm2/sr,2017,"{""type"":""MultiPoint"",""coordinates"":[]}"
47_00000000000000000005,BA03050040,,,,,,,53.13,53,1268.10489804,TASWIL5000020230907KABKOTA,Lembata,,0.10410466891,3.45188597769,4326,4,,,Lembata,Nusa Tenggara Timur,,0,Flores Timur,,2017-12,0.29351807839477856,12,0.29351807839477856,VIIRS DNB,nW/cm2/sr,2017,"{""type"":""MultiPoint"",""coordinates"":[]}"
47_00000000000000000003,BA03050040,,,,,,,53.71,53,159.334041006,TASWIL5000020230907KABKOTA,Kota Kupang,,0.0131469663875,0.949087585397,4326,5,,,Kota Kupang,Nusa Tenggara Timur,,0,Kupang,,2017-12,3.064001618406905,12,3.064001618406905,VIIRS DNB,nW/cm2/sr,2017,"{""type"":""MultiPoint"",""coordinates"":[]}"
47_0000000000000000000c,BA03050040,,,,,,,53.14,53,1286.45281117,TASWIL5000020230907KABKOTA,Rote Ndao,,0.106321906477,4.76909476004,4326,4,,,Rote Ndao,Nusa Tenggara Timur,,0,Kupang,,2017-12,0.3112531954087498,12,0.3112531954087498,VIIRS DNB,nW/cm2/sr,2017,"{""type"":""MultiPoint"",""coordinates"":[]}"
47_0000000000000000000d,BA03050040,,,,,,,53.20,53,460.956594118,TASWIL5000020230907KABKOTA,Sabu Raijua,,0.0380736571077,1.23438979443,4326,4,,,Sabu Raijua,Nusa Tenggara Timur,,0,Kupang,,2017-12,0.30805447273638786,12,0.30805447273638786,VIIRS DNB,nW/cm2/sr,2017,"{""type"":""MultiPoint"",""coordinates"":[]}"
47_00000000000000000008,BA03050040,,,,,,,53.15,53,3128.99733567,TASWIL5000020230907KABKOTA,Manggarai Barat,,0.257018604578,10.7211601624,4326,4,,,Manggarai Barat,Nusa Tenggara Timur,,0,Manggarai,,2017-12,0.24538666378351717,12,0.24538666378351717,VIIRS DNB,nW/cm2/sr,2017,"{""type"":""MultiPoint"",""coordinates"":[]}"
47_00000000000000000009,BA03050040,,,,,,,53.19,53,2389.52959786,TASWIL5000020230907KABKOTA,Manggarai Timur,,0.196263276889,2.60910655519,4326,4,,,Manggarai Timur,Nusa Tenggara Timur,,0,Manggarai,,2017-12,0.24304992530874228,12,0.24304992530874228,VIIRS DNB,nW/cm2/sr,2017,"{""type"":""MultiPoint"",""coordinates"":[]}"
47_0000000000000000000a,BA03050040,,,,,,,53.16,53,1396.16423098,TASWIL5000020230907KABKOTA,Nagekeo,,0.114707914625,2.15252417923,4326,4,,,Nagekeo,Nusa Tenggara Timur,,0,Ngada,,2017-12,0.2539098851113531,12,0.2539098851113531,VIIRS DNB,nW/cm2/sr,2017,"{""type"":""MultiPoint"",""coordinates"":[]}"
47_00000000000000000010,BA03050040,,,,,,,53.17,53,1789.65872064,TASWIL5000020230907KABKOTA,Sumba Tengah,,0.147379835649,2.42469258111,4326,4,,,Sumba Tengah,Nusa Tenggara Timur,,0,Sumba Barat,,2017-12,0.22978502937329867,12,0.22978502937329867,VIIRS DNB,nW/cm2/sr,2017,"{""type"":""MultiPoint"",""coordinates"":[]}"
47_00000000000000000014,BA03050040,,,,,,,53.18,53,1383.31224571,TASWIL5000020230907KABKOTA,Sumba Barat Daya,,0.113913848979,1.59805558471,4326,4,,,Sumba Barat Daya,Nusa Tenggara Timur,,0,Sumba Barat,,2017-12,0.25164948655337943,12,0.25164948655337943,VIIRS DNB,nW/cm2/sr,2017,"{""type"":""MultiPoint"",""coordinates"":[]}"
48_00000000000000000000,BA03050040,,,,,,,53.05,53,2928.55881854,TASWIL5000020230907KABKOTA,Alor,,0.24037265184,5.67288749982,4326,4,,,Alor,Nusa Tenggara Timur,,0,,,2018-01,0.005045384897291789,1,0.005045384897291789,VIIRS DNB,nW/cm2/sr,2018,"{""type"":""MultiPoint"",""coordinates"":[]}"
48_00000000000000000001,BA03050040,,,,,,,53.04,53,1127.25008655,TASWIL5000020230907KABKOTA,Belu,,0.0927289736817,2.29261763369,4326,4,,,Belu,Nusa Tenggara Timur,,0,,,2018-01,0.007049208449717609,1,0.007049208449717609,VIIRS DNB,nW/cm2/sr,2018,"{""type"":""MultiPoint"",""coordinates"":[]}"
48_00000000000000000002,BA03050040,,,,,,,53.06,53,1748.5165523,TASWIL5000020230907KABKOTA,Flores Timur,,0.143538260694,4.68012528849,4326,4,,,Flores Timur,Nusa Tenggara Timur,,0,,,2018-01,0.026749145578418457,1,0.026749145578418457,VIIRS DNB,nW/cm2/sr,2018,"{""type"":""MultiPoint"",""coordinates"":[]}"
48_00000000000000000004,BA03050040,,,,,,,53.01,53,5136.51008742,TASWIL5000020230907KABKOTA,Kupang,,0.423459507198,6.26740520892,4326,4,,,Kupang,Nusa Tenggara Timur,,0,,,2018-01,0.034280137050122575,1,0.034280137050122575,VIIRS DNB,nW/cm2/sr,2018,"{""type"":""MultiPoint"",""coordinates"":[]}"
48_00000000000000000007,BA03050040,,,,,,,53.10,53,1343.83414797,TASWIL5000020230907KABKOTA,Manggarai,,0.11037433796,2.62044875269,4326,4,,,Manggarai,Nusa Tenggara Timur,,0,,,2018-01,0.06221242836836633,1,0.06221242836836633,VIIRS DNB,nW/cm2/sr,2018,"{""type"":""MultiPoint"",""coordinates"":[]}"
48_0000000000000000000b,BA03050040,,,,,,,53.09,53,1735.63521769,TASWIL5000020230907KABKOTA,Ngada,,0.142589549676,2.86650785507,4326,4,,,Ngada,Nusa Tenggara Timur,,0,,,2018-01,0.058674387906059215,1,0.058674387906059215,VIIRS DNB,nW/cm2/sr,2018,"{""type"":""MultiPoint"",""coordinates"":[]}"
48_0000000000000000000e,BA03050040,,,,,,,53.07,53,1671.64902391,TASWIL5000020230907KABKOTA,Sikka,,0.137312979206,3.89925449996,4326,4,,,Sikka,Nusa Tenggara Timur,,0,,,2018-01,0.11063114915622334,1,0.11063114915622334,VIIRS DNB,nW/cm2/sr,2018,"{""type"":""MultiPoint"",""coordinates"":[]}"
48_0000000000000000000f,BA03050040,,,,,,,53.12,53,757.407641007,TASWIL5000020230907KABKOTA,Sumba Barat,,0.0623907023605,2.04212111278,4326,4,,,Sumba Barat,Nusa Tenggara Timur,,0,,,2018-01,-0.007728932373506598,1,-0.007728932373506598,VIIRS DNB,nW/cm2/sr,2018,"{""type"":""MultiPoint"",""coordinates"":[]}"
48_00000000000000000011,BA03050040,,,,,,,53.11,53,6984.01403441,TASWIL5000020230907KABKOTA,Sumba Timur,,0.575702142252,4.80415749282,4326,4,,,Sumba Timur,Nusa Tenggara Timur,,0,,,2018-01,0.0250428527403817,1,0.0250428527403817,VIIRS DNB,nW/cm2/sr,2018,"{""type"":""MultiPoint"",""coordinates"":[]}"
48_00000000000000000012,BA03050040,,,,,,,53.02,53,3933.15111495,TASWIL5000020230907KABKOTA,Timor Tengah Selatan,,0.324167140101,3.32375028444,4326,4,,,Timor Tengah Selatan,Nusa Tenggara Timur,,0,,,2018-01,0.016144481004430906,1,0.016144481004430906,VIIRS DNB,nW/cm2/sr,2018,"{""type"":""MultiPoint"",""coordinates"":[]}"
48_00000000000000000013,BA03050040,,,,,,,53.03,53,2623.19983128,TASWIL5000020230907KABKOTA,Timor Tengah Utara,,0.215921651765,3.4787254107,4326,4,,,Timor Tengah Utara,Nusa Tenggara Timur,,0,,,2018-01,0.010662500551911232,1,0.010662500551911232,VIIRS DNB,nW/cm2/sr,2018,"{""type"":""MultiPoint"",""coordinates"":[]}"
48_00000000000000000015,BA03050040,,,,,,,53.08,53,2085.24387061,TASWIL5000020230907KABKOTA,Ende,,0.171316232886,2.99297540949,4326,4,,,Ende,Nusa Tenggara Timur,,0,,,2018-01,0.10856000229667329,1,0.10856000229667329,VIIRS DNB,nW/cm2/sr,2018,"{""type"":""MultiPoint"",""coordinates"":[]}"
48_00000000000000000006,BA03050040,,,,,,,53.21,53,1109.16204574,TASWIL5000020230907KABKOTA,Malaka,,0.0913351434015,2.23370514726,4326,4,,,Malaka,Nusa Tenggara Timur,,0,Belu,,2018-01,0.0,1,0.0,VIIRS DNB,nW/cm2/sr,2018,"{""type"":""MultiPoint"",""coordinates"":[]}"
48_00000000000000000005,BA03050040,,,,,,,53.13,53,1268.10489804,TASWIL5000020230907KABKOTA,Lembata,,0.10410466891,3.45188597769,4326,4,,,Lembata,Nusa Tenggara Timur,,0,Flores Timur,,2018-01,0.09939906817986742,1,0.09939906817986742,VIIRS DNB,nW/cm2/sr,2018,"{""type"":""MultiPoint"",""coordinates"":[]}"
48_00000000000000000003,BA03050040,,,,,,,53.71,53,159.334041006,TASWIL5000020230907KABKOTA,Kota Kupang,,0.0131469663875,0.949087585397,4326,5,,,Kota Kupang,Nusa Tenggara Timur,,0,Kupang,,2018-01,2.797172194622926,1,2.797172194622926,VIIRS DNB,nW/cm2/sr,2018,"{""type"":""MultiPoint"",""coordinates"":[]}"
48_0000000000000000000c,BA03050040,,,,,,,53.14,53,1286.45281117,TASWIL5000020230907KABKOTA,Rote Ndao,,0.106321906477,4.76909476004,4326,4,,,Rote Ndao,Nusa Tenggara Timur,,0,Kupang,,2018-01,0.055118786796543306,1,0.055118786796543306,VIIRS DNB,nW/cm2/sr,2018,"{""type"":""MultiPoint"",""coordinates"":[]}"
48_0000000000000000000d,BA03050040,,,,,,,53.20,53,460.956594118,TASWIL5000020230907KABKOTA,Sabu Raijua,,0.0380736571077,1.23438979443,4326,4,,,Sabu Raijua,Nusa Tenggara Timur,,0,Kupang,,2018-01,0.05897335618604602,1,0.05897335618604602,VIIRS DNB,nW/cm2/sr,2018,"{""type"":""MultiPoint"",""coordinates"":[]}"
48_00000000000000000008,BA03050040,,,,,,,53.15,53,3128.99733567,TASWIL5000020230907KABKOTA,Manggarai Barat,,0.257018604578,10.7211601624,4326,4,,,Manggarai Barat,Nusa Tenggara Timur,,0,Manggarai,,2018-01,0.020917225512513165,1,0.020917225512513165,VIIRS DNB,nW/cm2/sr,2018,"{""type"":""MultiPoint"",""coordinates"":[]}"
48_00000000000000000009,BA03050040,,,,,,,53.19,53,2389.52959786,TASWIL5000020230907KABKOTA,Manggarai Timur,,0.196263276889,2.60910655519,4326,4,,,Manggarai Timur,Nusa Tenggara Timur,,0,Manggarai,,2018-01,0.020982664661914268,1,0.020982664661914268,VIIRS DNB,nW/cm2/sr,2018,"{""type"":""MultiPoint"",""coordinates"":[]}"
48_0000000000000000000a,BA03050040,,,,,,,53.16,53,1396.16423098,TASWIL5000020230907KABKOTA,Nagekeo,,0.114707914625,2.15252417923,4326,4,,,Nagekeo,Nusa Tenggara Timur,,0,Ngada,,2018-01,0.05424824384387517,1,0.05424824384387517,VIIRS DNB,nW/cm2/sr,2018,"{""type"":""MultiPoint"",""coordinates"":[]}"
48_00000000000000000010,BA03050040,,,,,,,53.17,53,1789.65872064,TASWIL5000020230907KABKOTA,Sumba Tengah,,0.147379835649,2.42469258111,4326,4,,,Sumba Tengah,Nusa Tenggara Timur,,0,Sumba Barat,,2018-01,-0.00684353401634217,1,-0.00684353401634217,VIIRS DNB,nW/cm2/sr,2018,"{""type"":""MultiPoint"",""coordinates"":[]}"
48_00000000000000000014,BA03050040,,,,,,,53.18,53,1383.31224571,TASWIL5000020230907KABKOTA,Sumba Barat Daya,,0.113913848979,1.59805558471,4326,4,,,Sumba Barat Daya,Nusa Tenggara Timur,,0,Sumba Barat,,2018-01,0.006060029581482495,1,0.006060029581482495,VIIRS DNB,nW/cm2/sr,2018,"{""type"":""MultiPoint"",""coordinates"":[]}"
49_00000000000000000000,BA03050040,,,,,,,53.05,53,2928.55881854,TASWIL5000020230907KABKOTA,Alor,,0.24037265184,5.67288749982,4326,4,,,Alor,Nusa Tenggara Timur,,0,,,2018-02,0.14375272410748446,2,0.14375272410748446,VIIRS DNB,nW/cm2/sr,2018,"{""type"":""MultiPoint"",""coordinates"":[]}"
49_00000000000000000001,BA03050040,,,,,,,53.04,53,1127.25008655,TASWIL5000020230907KABKOTA,Belu,,0.0927289736817,2.29261763369,4326,4,,,Belu,Nusa Tenggara Timur,,0,,,2018-02,0.26132267741691756,2,0.26132267741691756,VIIRS DNB,nW/cm2/sr,2018,"{""type"":""MultiPoint"",""coordinates"":[]}"
49_00000000000000000002,BA03050040,,,,,,,53.06,53,1748.5165523,TASWIL5000020230907KABKOTA,Flores Timur,,0.143538260694,4.68012528849,4326,4,,,Flores Timur,Nusa Tenggara Timur,,0,,,2018-02,0.21406174206496903,2,0.21406174206496903,VIIRS DNB,nW/cm2/sr,2018,"{""type"":""MultiPoint"",""coordinates"":[]}"
49_00000000000000000004,BA03050040,,,,,,,53.01,53,5136.51008742,TASWIL5000020230907KABKOTA,Kupang,,0.423459507198,6.26740520892,4326,4,,,Kupang,Nusa Tenggara Timur,,0,,,2018-02,0.19323707448268349,2,0.19323707448268349,VIIRS DNB,nW/cm2/sr,2018,"{""type"":""MultiPoint"",""coordinates"":[]}"
49_00000000000000000007,BA03050040,,,,,,,53.10,53,1343.83414797,TASWIL5000020230907KABKOTA,Manggarai,,0.11037433796,2.62044875269,4326,4,,,Manggarai,Nusa Tenggara Timur,,0,,,2018-02,0.2530134827118001,2,0.2530134827118001,VIIRS DNB,nW/cm2/sr,2018,"{""type"":""MultiPoint"",""coordinates"":[]}"
49_0000000000000000000b,BA03050040,,,,,,,53.09,53,1735.63521769,TASWIL5000020230907KABKOTA,Ngada,,0.142589549676,2.86650785507,4326,4,,,Ngada,Nusa Tenggara Timur,,0,,,2018-02,0.21056493843946447,2,0.21056493843946447,VIIRS DNB,nW/cm2/sr,2018,"{""type"":""MultiPoint"",""coordinates"":[]}"
49_0000000000000000000e,BA03050040,,,,,,,53.07,53,1671.64902391,TASWIL5000020230907KABKOTA,Sikka,,0.137312979206,3.89925449996,4326,4,,,Sikka,Nusa Tenggara Timur,,0,,,2018-02,0.23610474107420995,2,0.23610474107420995,VIIRS DNB,nW/cm2/sr,2018,"{""type"":""MultiPoint"",""coordinates"":[]}"
49_0000000000000000000f,BA03050040,,,,,,,53.12,53,757.407641007,TASWIL5000020230907KABKOTA,Sumba Barat,,0.0623907023605,2.04212111278,4326,4,,,Sumba Barat,Nusa Tenggara Timur,,0,,,2018-02,0.3750305470915485,2,0.3750305470915485,VIIRS DNB,nW/cm2/sr,2018,"{""type"":""MultiPoint"",""coordinates"":[]}"
49_00000000000000000011,BA03050040,,,,,,,53.11,53,6984.01403441,TASWIL5000020230907KABKOTA,Sumba Timur,,0.575702142252,4.80415749282,4326,4,,,Sumba Timur,Nusa Tenggara Timur,,0,,,2018-02,0.1936763872406409,2,0.1936763872406409,VIIRS DNB,nW/cm2/sr,2018,"{""type"":""MultiPoint"",""coordinates"":[]}"
49_00000000000000000012,BA03050040,,,,,,,53.02,53,3933.15111495,TASWIL5000020230907KABKOTA,Timor Tengah Selatan,,0.324167140101,3.32375028444,4326,4,,,Timor Tengah Selatan,Nusa Tenggara Timur,,0,,,2018-02,0.17030681872010853,2,0.17030681872010853,VIIRS DNB,nW/cm2/sr,2018,"{""type"":""MultiPoint"",""coordinates"":[]}"
49_00000000000000000013,BA03050040,,,,,,,53.03,53,2623.19983128,TASWIL5000020230907KABKOTA,Timor Tengah Utara,,0.215921651765,3.4787254107,4326,4,,,Timor Tengah Utara,Nusa Tenggara Timur,,0,,,2018-02,0.2048627809623985,2,0.2048627809623985,VIIRS DNB,nW/cm2/sr,2018,"{""type"":""MultiPoint"",""coordinates"":[]}"
49_00000000000000000015,BA03050040,,,,,,,53.08,53,2085.24387061,TASWIL5000020230907KABKOTA,Ende,,0.171316232886,2.99297540949,4326,4,,,Ende,Nusa Tenggara Timur,,0,,,2018-02,0.23708256243870368,2,0.23708256243870368,VIIRS DNB,nW/cm2/sr,2018,"{""type"":""MultiPoint"",""coordinates"":[]}"
49_00000000000000000006,BA03050040,,,,,,,53.21,53,1109.16204574,TASWIL5000020230907KABKOTA,Malaka,,0.0913351434015,2.23370514726,4326,4,,,Malaka,Nusa Tenggara Timur,,0,Belu,,2018-02,0.2140612051504561,2,0.2140612051504561,VIIRS DNB,nW/cm2/sr,2018,"{""type"":""MultiPoint"",""coordinates"":[]}"
49_00000000000000000005,BA03050040,,,,,,,53.13,53,1268.10489804,TASWIL5000020230907KABKOTA,Lembata,,0.10410466891,3.45188597769,4326,4,,,Lembata,Nusa Tenggara Timur,,0,Flores Timur,,2018-02,0.20104025852721652,2,0.20104025852721652,VIIRS DNB,nW/cm2/sr,2018,"{""type"":""MultiPoint"",""coordinates"":[]}"
49_00000000000000000003,BA03050040,,,,,,,53.71,53,159.334041006,TASWIL5000020230907KABKOTA,Kota Kupang,,0.0131469663875,0.949087585397,4326,5,,,Kota Kupang,Nusa Tenggara Timur,,0,Kupang,,2018-02,2.9176587143552957,2,2.9176587143552957,VIIRS DNB,nW/cm2/sr,2018,"{""type"":""MultiPoint"",""coordinates"":[]}"
49_0000000000000000000c,BA03050040,,,,,,,53.14,53,1286.45281117,TASWIL5000020230907KABKOTA,Rote Ndao,,0.106321906477,4.76909476004,4326,4,,,Rote Ndao,Nusa Tenggara Timur,,0,Kupang,,2018-02,0.196660002039552,2,0.196660002039552,VIIRS DNB,nW/cm2/sr,2018,"{""type"":""MultiPoint"",""coordinates"":[]}"
49_0000000000000000000d,BA03050040,,,,,,,53.20,53,460.956594118,TASWIL5000020230907KABKOTA,Sabu Raijua,,0.0380736571077,1.23438979443,4326,4,,,Sabu Raijua,Nusa Tenggara Timur,,0,Kupang,,2018-02,0.22399912723227847,2,0.22399912723227847,VIIRS DNB,nW/cm2/sr,2018,"{""type"":""MultiPoint"",""coordinates"":[]}"
49_00000000000000000008,BA03050040,,,,,,,53.15,53,3128.99733567,TASWIL5000020230907KABKOTA,Manggarai Barat,,0.257018604578,10.7211601624,4326,4,,,Manggarai Barat,Nusa Tenggara Timur,,0,Manggarai,,2018-02,0.20363834048806007,2,0.20363834048806007,VIIRS DNB,nW/cm2/sr,2018,"{""type"":""MultiPoint"",""coordinates"":[]}"
49_00000000000000000009,BA03050040,,,,,,,53.19,53,2389.52959786,TASWIL5000020230907KABKOTA,Manggarai Timur,,0.196263276889,2.60910655519,4326,4,,,Manggarai Timur,Nusa Tenggara Timur,,0,Manggarai,,2018-02,0.19011809294843207,2,0.19011809294843207,VIIRS DNB,nW/cm2/sr,2018,"{""type"":""MultiPoint"",""coordinates"":[]}"
49_0000000000000000000a,BA03050040,,,,,,,53.16,53,1396.16423098,TASWIL5000020230907KABKOTA,Nagekeo,,0.114707914625,2.15252417923,4326,4,,,Nagekeo,Nusa Tenggara Timur,,0,Ngada,,2018-02,0.2202276394887346,2,0.2202276394887346,VIIRS DNB,nW/cm2/sr,2018,"{""type"":""MultiPoint"",""coordinates"":[]}"
49_00000000000000000010,BA03050040,,,,,,,53.17,53,1789.65872064,TASWIL5000020230907KABKOTA,Sumba Tengah,,0.147379835649,2.42469258111,4326,4,,,Sumba Tengah,Nusa Tenggara Timur,,0,Sumba Barat,,2018-02,0.20229913436818373,2,0.20229913436818373,VIIRS DNB,nW/cm2/sr,2018,"{""type"":""MultiPoint"",""coordinates"":[]}"
49_00000000000000000014,BA03050040,,,,,,,53.18,53,1383.31224571,TASWIL5000020230907KABKOTA,Sumba Barat Daya,,0.113913848979,1.59805558471,4326,4,,,Sumba Barat Daya,Nusa Tenggara Timur,,0,Sumba Barat,,2018-02,0.23497053332449247,2,0.23497053332449247,VIIRS DNB,nW/cm2/sr,2018,"{""type"":""MultiPoint"",""coordinates"":[]}"
50_00000000000000000000,BA03050040,,,,,,,53.05,53,2928.55881854,TASWIL5000020230907KABKOTA,Alor,,0.24037265184,5.67288749982,4326,4,,,Alor,Nusa Tenggara Timur,,0,,,2018-03,0.27096323811639333,3,0.27096323811639333,VIIRS DNB,nW/cm2/sr,2018,"{""type"":""MultiPoint"",""coordinates"":[]}"
50_00000000000000000001,BA03050040,,,,,,,53.04,53,1127.25008655,TASWIL5000020230907KABKOTA,Belu,,0.0927289736817,2.29261763369,4326,4,,,Belu,Nusa Tenggara Timur,,0,,,2018-03,0.3448708616083938,3,0.3448708616083938,VIIRS DNB,nW/cm2/sr,2018,"{""type"":""MultiPoint"",""coordinates"":[]}"
50_00000000000000000002,BA03050040,,,,,,,53.06,53,1748.5165523,TASWIL5000020230907KABKOTA,Flores Timur,,0.143538260694,4.68012528849,4326,4,,,Flores Timur,Nusa Tenggara Timur,,0,,,2018-03,0.3075959044807375,3,0.3075959044807375,VIIRS DNB,nW/cm2/sr,2018,"{""type"":""MultiPoint"",""coordinates"":[]}"
50_00000000000000000004,BA03050040,,,,,,,53.01,53,5136.51008742,TASWIL5000020230907KABKOTA,Kupang,,0.423459507198,6.26740520892,4326,4,,,Kupang,Nusa Tenggara Timur,,0,,,2018-03,0.30577243704481194,3,0.30577243704481194,VIIRS DNB,nW/cm2/sr,2018,"{""type"":""MultiPoint"",""coordinates"":[]}"
50_00000000000000000007,BA03050040,,,,,,,53.10,53,1343.83414797,TASWIL5000020230907KABKOTA,Manggarai,,0.11037433796,2.62044875269,4326,4,,,Manggarai,Nusa Tenggara Timur,,0,,,2018-03,0.31373210548257735,3,0.31373210548257735,VIIRS DNB,nW/cm2/sr,2018,"{""type"":""MultiPoint"",""coordinates"":[]}"
50_0000000000000000000b,BA03050040,,,,,,,53.09,53,1735.63521769,TASWIL5000020230907KABKOTA,Ngada,,0.142589549676,2.86650785507,4326,4,,,Ngada,Nusa Tenggara Timur,,0,,,2018-03,0.26838741279395867,3,0.26838741279395867,VIIRS DNB,nW/cm2/sr,2018,"{""type"":""MultiPoint"",""coordinates"":[]}"
50_0000000000000000000e,BA03050040,,,,,,,53.07,53,1671.64902391,TASWIL5000020230907KABKOTA,Sikka,,0.137312979206,3.89925449996,4326,4,,,Sikka,Nusa Tenggara Timur,,0,,,2018-03,0.31156848419529687,3,0.31156848419529687,VIIRS DNB,nW/cm2/sr,2018,"{""type"":""MultiPoint"",""coordinates"":[]}"
50_0000000000000000000f,BA03050040,,,,,,,53.12,53,757.407641007,TASWIL5000020230907KABKOTA,Sumba Barat,,0.0623907023605,2.04212111278,4326,4,,,Sumba Barat,Nusa Tenggara Timur,,0,,,2018-03,0.29074900767359946,3,0.29074900767359946,VIIRS DNB,nW/cm2/sr,2018,"{""type"":""MultiPoint"",""coordinates"":[]}"
50_00000000000000000011,BA03050040,,,,,,,53.11,53,6984.01403441,TASWIL5000020230907KABKOTA,Sumba Timur,,0.575702142252,4.80415749282,4326,4,,,Sumba Timur,Nusa Tenggara Timur,,0,,,2018-03,0.24425606973066405,3,0.24425606973066405,VIIRS DNB,nW/cm2/sr,2018,"{""type"":""MultiPoint"",""coordinates"":[]}"
50_00000000000000000012,BA03050040,,,,,,,53.02,53,3933.15111495,TASWIL5000020230907KABKOTA,Timor Tengah Selatan,,0.324167140101,3.32375028444,4326,4,,,Timor Tengah Selatan,Nusa Tenggara Timur,,0,,,2018-03,0.28171072256308866,3,0.28171072256308866,VIIRS DNB,nW/cm2/sr,2018,"{""type"":""MultiPoint"",""coordinates"":[]}"
50_00000000000000000013,BA03050040,,,,,,,53.03,53,2623.19983128,TASWIL5000020230907KABKOTA,Timor Tengah Utara,,0.215921651765,3.4787254107,4326,4,,,Timor Tengah Utara,Nusa Tenggara Timur,,0,,,2018-03,0.2839709031364684,3,0.2839709031364684,VIIRS DNB,nW/cm2/sr,2018,"{""type"":""MultiPoint"",""coordinates"":[]}"
50_00000000000000000015,BA03050040,,,,,,,53.08,53,2085.24387061,TASWIL5000020230907KABKOTA,Ende,,0.171316232886,2.99297540949,4326,4,,,Ende,Nusa Tenggara Timur,,0,,,2018-03,0.3174042053930354,3,0.3174042053930354,VIIRS DNB,nW/cm2/sr,2018,"{""type"":""MultiPoint"",""coordinates"":[]}"
50_00000000000000000006,BA03050040,,,,,,,53.21,53,1109.16204574,TASWIL5000020230907KABKOTA,Malaka,,0.0913351434015,2.23370514726,4326,4,,,Malaka,Nusa Tenggara Timur,,0,Belu,,2018-03,0.27636118955392863,3,0.27636118955392863,VIIRS DNB,nW/cm2/sr,2018,"{""type"":""MultiPoint"",""coordinates"":[]}"
50_00000000000000000005,BA03050040,,,,,,,53.13,53,1268.10489804,TASWIL5000020230907KABKOTA,Lembata,,0.10410466891,3.45188597769,4326,4,,,Lembata,Nusa Tenggara Timur,,0,Flores Timur,,2018-03,0.2761158510197676,3,0.2761158510197676,VIIRS DNB,nW/cm2/sr,2018,"{""type"":""MultiPoint"",""coordinates"":[]}"
50_00000000000000000003,BA03050040,,,,,,,53.71,53,159.334041006,TASWIL5000020230907KABKOTA,Kota Kupang,,0.0131469663875,0.949087585397,4326,5,,,Kota Kupang,Nusa Tenggara Timur,,0,Kupang,,2018-03,3.3608930128404553,3,3.3608930128404553,VIIRS DNB,nW/cm2/sr,2018,"{""type"":""MultiPoint"",""coordinates"":[]}"
50_0000000000000000000c,BA03050040,,,,,,,53.14,53,1286.45281117,TASWIL5000020230907KABKOTA,Rote Ndao,,0.106321906477,4.76909476004,4326,4,,,Rote Ndao,Nusa Tenggara Timur,,0,Kupang,,2018-03,0.272047351025948,3,0.272047351025948,VIIRS DNB,nW/cm2/sr,2018,"{""type"":""MultiPoint"",""coordinates"":[]}"
50_0000000000000000000d,BA03050040,,,,,,,53.20,53,460.956594118,TASWIL5000020230907KABKOTA,Sabu Raijua,,0.0380736571077,1.23438979443,4326,4,,,Sabu Raijua,Nusa Tenggara Timur,,0,Kupang,,2018-03,0.2806209371774935,3,0.2806209371774935,VIIRS DNB,nW/cm2/sr,2018,"{""type"":""MultiPoint"",""coordinates"":[]}"
50_00000000000000000008,BA03050040,,,,,,,53.15,53,3128.99733567,TASWIL5000020230907KABKOTA,Manggarai Barat,,0.257018604578,10.7211601624,4326,4,,,Manggarai Barat,Nusa Tenggara Timur,,0,Manggarai,,2018-03,0.2665607755908713,3,0.2665607755908713,VIIRS DNB,nW/cm2/sr,2018,"{""type"":""MultiPoint"",""coordinates"":[]}"
50_00000000000000000009,BA03050040,,,,,,,53.19,53,2389.52959786,TASWIL5000020230907KABKOTA,Manggarai Timur,,0.196263276889,2.60910655519,4326,4,,,Manggarai Timur,Nusa Tenggara Timur,,0,Manggarai,,2018-03,0.261956911946275,3,0.261956911946275,VIIRS DNB,nW/cm2/sr,2018,"{""type"":""MultiPoint"",""coordinates"":[]}"
50_0000000000000000000a,BA03050040,,,,,,,53.16,53,1396.16423098,TASWIL5000020230907KABKOTA,Nagekeo,,0.114707914625,2.15252417923,4326,4,,,Nagekeo,Nusa Tenggara Timur,,0,Ngada,,2018-03,0.30628846816510413,3,0.30628846816510413,VIIRS DNB,nW/cm2/sr,2018,"{""type"":""MultiPoint"",""coordinates"":[]}"
50_00000000000000000010,BA03050040,,,,,,,53.17,53,1789.65872064,TASWIL5000020230907KABKOTA,Sumba Tengah,,0.147379835649,2.42469258111,4326,4,,,Sumba Tengah,Nusa Tenggara Timur,,0,Sumba Barat,,2018-03,0.2317688111434177,3,0.2317688111434177,VIIRS DNB,nW/cm2/sr,2018,"{""type"":""MultiPoint"",""coordinates"":[]}"
50_00000000000000000014,BA03050040,,,,,,,53.18,53,1383.31224571,TASWIL5000020230907KABKOTA,Sumba Barat Daya,,0.113913848979,1.59805558471,4326,4,,,Sumba Barat Daya,Nusa Tenggara Timur,,0,Sumba Barat,,2018-03,0.28800091981924597,3,0.28800091981924597,VIIRS DNB,nW/cm2/sr,2018,"{""type"":""MultiPoint"",""coordinates"":[]}"
51_00000000000000000000,BA03050040,,,,,,,53.05,53,2928.55881854,TASWIL5000020230907KABKOTA,Alor,,0.24037265184,5.67288749982,4326,4,,,Alor,Nusa Tenggara Timur,,0,,,2018-04,0.3455927562787508,4,0.3455927562787508,VIIRS DNB,nW/cm2/sr,2018,"{""type"":""MultiPoint"",""coordinates"":[]}"
51_00000000000000000001,BA03050040,,,,,,,53.04,53,1127.25008655,TASWIL5000020230907KABKOTA,Belu,,0.0927289736817,2.29261763369,4326,4,,,Belu,Nusa Tenggara Timur,,0,,,2018-04,0.41770829968149153,4,0.41770829968149153,VIIRS DNB,nW/cm2/sr,2018,"{""type"":""MultiPoint"",""coordinates"":[]}"
51_00000000000000000002,BA03050040,,,,,,,53.06,53,1748.5165523,TASWIL5000020230907KABKOTA,Flores Timur,,0.143538260694,4.68012528849,4326,4,,,Flores Timur,Nusa Tenggara Timur,,0,,,2018-04,0.41538226540034257,4,0.41538226540034257,VIIRS DNB,nW/cm2/sr,2018,"{""type"":""MultiPoint"",""coordinates"":[]}"
51_00000000000000000004,BA03050040,,,,,,,53.01,53,5136.51008742,TASWIL5000020230907KABKOTA,Kupang,,0.423459507198,6.26740520892,4326,4,,,Kupang,Nusa Tenggara Timur,,0,,,2018-04,0.33735275357533256,4,0.33735275357533256,VIIRS DNB,nW/cm2/sr,2018,"{""type"":""MultiPoint"",""coordinates"":[]}"
51_00000000000000000007,BA03050040,,,,,,,53.10,53,1343.83414797,TASWIL5000020230907KABKOTA,Manggarai,,0.11037433796,2.62044875269,4326,4,,,Manggarai,Nusa Tenggara Timur,,0,,,2018-04,0.3825239332440498,4,0.3825239332440498,VIIRS DNB,nW/cm2/sr,2018,"{""type"":""MultiPoint"",""coordinates"":[]}"
51_0000000000000000000b,BA03050040,,,,,,,53.09,53,1735.63521769,TASWIL5000020230907KABKOTA,Ngada,,0.142589549676,2.86650785507,4326,4,,,Ngada,Nusa Tenggara Timur,,0,,,2018-04,0.32673088850096205,4,0.32673088850096205,VIIRS DNB,nW/cm2/sr,2018,"{""type"":""MultiPoint"",""coordinates"":[]}"
51_0000000000000000000e,BA03050040,,,,,,,53.07,53,1671.64902391,TASWIL5000020230907KABKOTA,Sikka,,0.137312979206,3.89925449996,4326,4,,,Sikka,Nusa Tenggara Timur,,0,,,2018-04,0.43678398292821213,4,0.43678398292821213,VIIRS DNB,nW/cm2/sr,2018,"{""type"":""MultiPoint"",""coordinates"":[]}"
51_0000000000000000000f,BA03050040,,,,,,,53.12,53,757.407641007,TASWIL5000020230907KABKOTA,Sumba Barat,,0.0623907023605,2.04212111278,4326,4,,,Sumba Barat,Nusa Tenggara Timur,,0,,,2018-04,0.33994715343388077,4,0.33994715343388077,VIIRS DNB,nW/cm2/sr,2018,"{""type"":""MultiPoint"",""coordinates"":[]}"
51_00000000000000000011,BA03050040,,,,,,,53.11,53,6984.01403441,TASWIL5000020230907KABKOTA,Sumba Timur,,0.575702142252,4.80415749282,4326,4,,,Sumba Timur,Nusa Tenggara Timur,,0,,,2018-04,0.32504662135326795,4,0.32504662135326795,VIIRS DNB,nW/cm2/sr,2018,"{""type"":""MultiPoint"",""coordinates"":[]}"
51_00000000000000000012,BA03050040,,,,,,,53.02,53,3933.15111495,TASWIL5000020230907KABKOTA,Timor Tengah Selatan,,0.324167140101,3.32375028444,4326,4,,,Timor Tengah Selatan,Nusa Tenggara Timur,,0,,,2018-04,0.32513184081419244,4,0.32513184081419244,VIIRS DNB,nW/cm2/sr,2018,"{""type"":""MultiPoint"",""coordinates"":[]}"
51_00000000000000000013,BA03050040,,,,,,,53.03,53,2623.19983128,TASWIL5000020230907KABKOTA,Timor Tengah Utara,,0.215921651765,3.4787254107,4326,4,,,Timor Tengah Utara,Nusa Tenggara Timur,,0,,,2018-04,0.3495763469180845,4,0.3495763469180845,VIIRS DNB,nW/cm2/sr,2018,"{""type"":""MultiPoint"",""coordinates"":[]}"
51_00000000000000000015,BA03050040,,,,,,,53.08,53,2085.24387061,TASWIL5000020230907KABKOTA,Ende,,0.171316232886,2.99297540949,4326,4,,,Ende,Nusa Tenggara Timur,,0,,,2018-04,0.4013080287681363,4,0.4013080287681363,VIIRS DNB,nW/cm2/sr,2018,"{""type"":""MultiPoint"",""coordinates"":[]}"
51_00000000000000000006,BA03050040,,,,,,,53.21,53,1109.16204574,TASWIL5000020230907KABKOTA,Malaka,,0.0913351434015,2.23370514726,4326,4,,,Malaka,Nusa Tenggara Timur,,0,Belu,,2018-04,0.37555306259647736,4,0.37555306259647736,VIIRS DNB,nW/cm2/sr,2018,"{""type"":""MultiPoint"",""coordinates"":[]}"
51_00000000000000000005,BA03050040,,,,,,,53.13,53,1268.10489804,TASWIL5000020230907KABKOTA,Lembata,,0.10410466891,3.45188597769,4326,4,,,Lembata,Nusa Tenggara Timur,,0,Flores Timur,,2018-04,0.3965027102503362,4,0.3965027102503362,VIIRS DNB,nW/cm2/sr,2018,"{""type"":""MultiPoint"",""coordinates"":[]}"
51_00000000000000000003,BA03050040,,,,,,,53.71,53,159.334041006,TASWIL5000020230907KABKOTA,Kota Kupang,,0.0131469663875,0.949087585397,4326,5,,,Kota Kupang,Nusa Tenggara Timur,,0,Kupang,,2018-04,3.455006710436033,4,3.455006710436033,VIIRS DNB,nW/cm2/sr,2018,"{""type"":""MultiPoint"",""coordinates"":[]}"
51_0000000000000000000c,BA03050040,,,,,,,53.14,53,1286.45281117,TASWIL5000020230907KABKOTA,Rote Ndao,,0.106321906477,4.76909476004,4326,4,,,Rote Ndao,Nusa Tenggara Timur,,0,Kupang,,2018-04,0.3246893318960968,4,0.3246893318960968,VIIRS DNB,nW/cm2/sr,2018,"{""type"":""MultiPoint"",""coordinates"":[]}"
51_0000000000000000000d,BA03050040,,,,,,,53.20,53,460.956594118,TASWIL5000020230907KABKOTA,Sabu Raijua,,0.0380736571077,1.23438979443,4326,4,,,Sabu Raijua,Nusa Tenggara Timur,,0,Kupang,,2018-04,0.3373107502685243,4,0.3373107502685243,VIIRS DNB,nW/cm2/sr,2018,"{""type"":""MultiPoint"",""coordinates"":[]}"
51_00000000000000000008,BA03050040,,,,,,,53.15,53,3128.99733567,TASWIL5000020230907KABKOTA,Manggarai Barat,,0.257018604578,10.7211601624,4326,4,,,Manggarai Barat,Nusa Tenggara Timur,,0,Manggarai,,2018-04,0.3404954907944743,4,0.3404954907944743,VIIRS DNB,nW/cm2/sr,2018,"{""type"":""MultiPoint"",""coordinates"":[]}"
51_00000000000000000009,BA03050040,,,,,,,53.19,53,2389.52959786,TASWIL5000020230907KABKOTA,Manggarai Timur,,0.196263276889,2.60910655519,4326,4,,,Manggarai Timur,Nusa Tenggara Timur,,0,Manggarai,,2018-04,0.32120843494712653,4,0.32120843494712653,VIIRS DNB,nW/cm2/sr,2018,"{""type"":""MultiPoint"",""coordinates"":[]}"
51_0000000000000000000a,BA03050040,,,,,,,53.16,53,1396.16423098,TASWIL5000020230907KABKOTA,Nagekeo,,0.114707914625,2.15252417923,4326,4,,,Nagekeo,Nusa Tenggara Timur,,0,Ngada,,2018-04,0.35272887545102993,4,0.35272887545102993,VIIRS DNB,nW/cm2/sr,2018,"{""type"":""MultiPoint"",""coordinates"":[]}"
51_00000000000000000010,BA03050040,,,,,,,53.17,53,1789.65872064,TASWIL5000020230907KABKOTA,Sumba Tengah,,0.147379835649,2.42469258111,4326,4,,,Sumba Tengah,Nusa Tenggara Timur,,0,Sumba Barat,,2018-04,0.31412064530473127,4,0.31412064530473127,VIIRS DNB,nW/cm2/sr,2018,"{""type"":""MultiPoint"",""coordinates"":[]}"
51_00000000000000000014,BA03050040,,,,,,,53.18,53,1383.31224571,TASWIL5000020230907KABKOTA,Sumba Barat Daya,,0.113913848979,1.59805558471,4326,4,,,Sumba Barat Daya,Nusa Tenggara Timur,,0,Sumba Barat,,2018-04,0.31030918479588626,4,0.31030918479588626,VIIRS DNB,nW/cm2/sr,2018,"{""type"":""MultiPoint"",""coordinates"":[]}"
52_00000000000000000000,BA03050040,,,,,,,53.05,53,2928.55881854,TASWIL5000020230907KABKOTA,Alor,,0.24037265184,5.67288749982,4326,4,,,Alor,Nusa Tenggara Timur,,0,,,2018-05,0.1799628942486622,5,0.1799628942486622,VIIRS DNB,nW/cm2/sr,2018,"{""type"":""MultiPoint"",""coordinates"":[]}"
52_00000000000000000001,BA03050040,,,,,,,53.04,53,1127.25008655,TASWIL5000020230907KABKOTA,Belu,,0.0927289736817,2.29261763369,4326,4,,,Belu,Nusa Tenggara Timur,,0,,,2018-05,0.2917273978700815,5,0.2917273978700815,VIIRS DNB,nW/cm2/sr,2018,"{""type"":""MultiPoint"",""coordinates"":[]}"
52_00000000000000000002,BA03050040,,,,,,,53.06,53,1748.5165523,TASWIL5000020230907KABKOTA,Flores Timur,,0.143538260694,4.68012528849,4326,4,,,Flores Timur,Nusa Tenggara Timur,,0,,,2018-05,0.22965820296247516,5,0.22965820296247516,VIIRS DNB,nW/cm2/sr,2018,"{""type"":""MultiPoint"",""coordinates"":[]}"
52_00000000000000000004,BA03050040,,,,,,,53.01,53,5136.51008742,TASWIL5000020230907KABKOTA,Kupang,,0.423459507198,6.26740520892,4326,4,,,Kupang,Nusa Tenggara Timur,,0,,,2018-05,0.21858975984484888,5,0.21858975984484888,VIIRS DNB,nW/cm2/sr,2018,"{""type"":""MultiPoint"",""coordinates"":[]}"
52_00000000000000000007,BA03050040,,,,,,,53.10,53,1343.83414797,TASWIL5000020230907KABKOTA,Manggarai,,0.11037433796,2.62044875269,4326,4,,,Manggarai,Nusa Tenggara Timur,,0,,,2018-05,0.30747995326040356,5,0.30747995326040356,VIIRS DNB,nW/cm2/sr,2018,"{""type"":""MultiPoint"",""coordinates"":[]}"
52_0000000000000000000b,BA03050040,,,,,,,53.09,53,1735.63521769,TASWIL5000020230907KABKOTA,Ngada,,0.142589549676,2.86650785507,4326,4,,,Ngada,Nusa Tenggara Timur,,0,,,2018-05,0.26361601904644233,5,0.26361601904644233,VIIRS DNB,nW/cm2/sr,2018,"{""type"":""MultiPoint"",""coordinates"":[]}"
52_0000000000000000000e,BA03050040,,,,,,,53.07,53,1671.64902391,TASWIL5000020230907KABKOTA,Sikka,,0.137312979206,3.89925449996,4326,4,,,Sikka,Nusa Tenggara Timur,,0,,,2018-05,0.2578767699475787,5,0.2578767699475787,VIIRS DNB,nW/cm2/sr,2018,"{""type"":""MultiPoint"",""coordinates"":[]}"
52_0000000000000000000f,BA03050040,,,,,,,53.12,53,757.407641007,TASWIL5000020230907KABKOTA,Sumba Barat,,0.0623907023605,2.04212111278,4326,4,,,Sumba Barat,Nusa Tenggara Timur,,0,,,2018-05,0.28641656233786805,5,0.28641656233786805,VIIRS DNB,nW/cm2/sr,2018,"{""type"":""MultiPoint"",""coordinates"":[]}"
52_00000000000000000011,BA03050040,,,,,,,53.11,53,6984.01403441,TASWIL5000020230907KABKOTA,Sumba Timur,,0.575702142252,4.80415749282,4326,4,,,Sumba Timur,Nusa Tenggara Timur,,0,,,2018-05,0.24962511417553757,5,0.24962511417553757,VIIRS DNB,nW/cm2/sr,2018,"{""type"":""MultiPoint"",""coordinates"":[]}"
52_00000000000000000012,BA03050040,,,,,,,53.02,53,3933.15111495,TASWIL5000020230907KABKOTA,Timor Tengah Selatan,,0.324167140101,3.32375028444,4326,4,,,Timor Tengah Selatan,Nusa Tenggara Timur,,0,,,2018-05,0.22779487887616226,5,0.22779487887616226,VIIRS DNB,nW/cm2/sr,2018,"{""type"":""MultiPoint"",""coordinates"":[]}"
52_00000000000000000013,BA03050040,,,,,,,53.03,53,2623.19983128,TASWIL5000020230907KABKOTA,Timor Tengah Utara,,0.215921651765,3.4787254107,4326,4,,,Timor Tengah Utara,Nusa Tenggara Timur,,0,,,2018-05,0.21805817092226634,5,0.21805817092226634,VIIRS DNB,nW/cm2/sr,2018,"{""type"":""MultiPoint"",""coordinates"":[]}"
52_00000000000000000015,BA03050040,,,,,,,53.08,53,2085.24387061,TASWIL5000020230907KABKOTA,Ende,,0.171316232886,2.99297540949,4326,4,,,Ende,Nusa Tenggara Timur,,0,,,2018-05,0.2566705076405385,5,0.2566705076405385,VIIRS DNB,nW/cm2/sr,2018,"{""type"":""MultiPoint"",""coordinates"":[]}"
52_00000000000000000006,BA03050040,,,,,,,53.21,53,1109.16204574,TASWIL5000020230907KABKOTA,Malaka,,0.0913351434015,2.23370514726,4326,4,,,Malaka,Nusa Tenggara Timur,,0,Belu,,2018-05,0.24622312883731562,5,0.24622312883731562,VIIRS DNB,nW/cm2/sr,2018,"{""type"":""MultiPoint"",""coordinates"":[]}"
52_00000000000000000005,BA03050040,,,,,,,53.13,53,1268.10489804,TASWIL5000020230907KABKOTA,Lembata,,0.10410466891,3.45188597769,4326,4,,,Lembata,Nusa Tenggara Timur,,0,Flores Timur,,2018-05,0.20772048978382365,5,0.20772048978382365,VIIRS DNB,nW/cm2/sr,2018,"{""type"":""MultiPoint"",""coordinates"":[]}"
52_00000000000000000003,BA03050040,,,,,,,53.71,53,159.334041006,TASWIL5000020230907KABKOTA,Kota Kupang,,0.0131469663875,0.949087585397,4326,5,,,Kota Kupang,Nusa Tenggara Timur,,0,Kupang,,2018-05,3.9061046066402856,5,3.9061046066402856,VIIRS DNB,nW/cm2/sr,2018,"{""type"":""MultiPoint"",""coordinates"":[]}"
52_0000000000000000000c,BA03050040,,,,,,,53.14,53,1286.45281117,TASWIL5000020230907KABKOTA,Rote Ndao,,0.106321906477,4.76909476004,4326,4,,,Rote Ndao,Nusa Tenggara Timur,,0,Kupang,,2018-05,0.20663135020711085,5,0.20663135020711085,VIIRS DNB,nW/cm2/sr,2018,"{""type"":""MultiPoint"",""coordinates"":[]}"
52_0000000000000000000d,BA03050040,,,,,,,53.20,53,460.956594118,TASWIL5000020230907KABKOTA,Sabu Raijua,,0.0380736571077,1.23438979443,4326,4,,,Sabu Raijua,Nusa Tenggara Timur,,0,Kupang,,2018-05,0.25713974559937913,5,0.25713974559937913,VIIRS DNB,nW/cm2/sr,2018,"{""type"":""MultiPoint"",""coordinates"":[]}"
52_00000000000000000008,BA03050040,,,,,,,53.15,53,3128.99733567,TASWIL5000020230907KABKOTA,Manggarai Barat,,0.257018604578,10.7211601624,4326,4,,,Manggarai Barat,Nusa Tenggara Timur,,0,Manggarai,,2018-05,0.2701526114905978,5,0.2701526114905978,VIIRS DNB,nW/cm2/sr,2018,"{""type"":""MultiPoint"",""coordinates"":[]}"
52_00000000000000000009,BA03050040,,,,,,,53.19,53,2389.52959786,TASWIL5000020230907KABKOTA,Manggarai Timur,,0.196263276889,2.60910655519,4326,4,,,Manggarai Timur,Nusa Tenggara Timur,,0,Manggarai,,2018-05,0.2479288611621193,5,0.2479288611621193,VIIRS DNB,nW/cm2/sr,2018,"{""type"":""MultiPoint"",""coordinates"":[]}"
52_0000000000000000000a,BA03050040,,,,,,,53.16,53,1396.16423098,TASWIL5000020230907KABKOTA,Nagekeo,,0.114707914625,2.15252417923,4326,4,,,Nagekeo,Nusa Tenggara Timur,,0,Ngada,,2018-05,0.2647462258736638,5,0.2647462258736638,VIIRS DNB,nW/cm2/sr,2018,"{""type"":""MultiPoint"",""coordinates"":[]}"
52_00000000000000000010,BA03050040,,,,,,,53.17,53,1789.65872064,TASWIL5000020230907KABKOTA,Sumba Tengah,,0.147379835649,2.42469258111,4326,4,,,Sumba Tengah,Nusa Tenggara Timur,,0,Sumba Barat,,2018-05,0.23937336322022112,5,0.23937336322022112,VIIRS DNB,nW/cm2/sr,2018,"{""type"":""MultiPoint"",""coordinates"":[]}"
52_00000000000000000014,BA03050040,,,,,,,53.18,53,1383.31224571,TASWIL5000020230907KABKOTA,Sumba Barat Daya,,0.113913848979,1.59805558471,4326,4,,,Sumba Barat Daya,Nusa Tenggara Timur,,0,Sumba Barat,,2018-05,0.2554025156222407,5,0.2554025156222407,VIIRS DNB,nW/cm2/sr,2018,"{""type"":""MultiPoint"",""coordinates"":[]}"
53_00000000000000000000,BA03050040,,,,,,,53.05,53,2928.55881854,TASWIL5000020230907KABKOTA,Alor,,0.24037265184,5.67288749982,4326,4,,,Alor,Nusa Tenggara Timur,,0,,,2018-06,0.17464932815432105,6,0.17464932815432105,VIIRS DNB,nW/cm2/sr,2018,"{""type"":""MultiPoint"",""coordinates"":[]}"
53_00000000000000000001,BA03050040,,,,,,,53.04,53,1127.25008655,TASWIL5000020230907KABKOTA,Belu,,0.0927289736817,2.29261763369,4326,4,,,Belu,Nusa Tenggara Timur,,0,,,2018-06,0.2813737612935498,6,0.2813737612935498,VIIRS DNB,nW/cm2/sr,2018,"{""type"":""MultiPoint"",""coordinates"":[]}"
53_00000000000000000002,BA03050040,,,,,,,53.06,53,1748.5165523,TASWIL5000020230907KABKOTA,Flores Timur,,0.143538260694,4.68012528849,4326,4,,,Flores Timur,Nusa Tenggara Timur,,0,,,2018-06,0.2154942889188722,6,0.2154942889188722,VIIRS DNB,nW/cm2/sr,2018,"{""type"":""MultiPoint"",""coordinates"":[]}"
53_00000000000000000004,BA03050040,,,,,,,53.01,53,5136.51008742,TASWIL5000020230907KABKOTA,Kupang,,0.423459507198,6.26740520892,4326,4,,,Kupang,Nusa Tenggara Timur,,0,,,2018-06,0.1919857980820011,6,0.1919857980820011,VIIRS DNB,nW/cm2/sr,2018,"{""type"":""MultiPoint"",""coordinates"":[]}"
53_00000000000000000007,BA03050040,,,,,,,53.10,53,1343.83414797,TASWIL5000020230907KABKOTA,Manggarai,,0.11037433796,2.62044875269,4326,4,,,Manggarai,Nusa Tenggara Timur,,0,,,2018-06,0.2222490027180619,6,0.2222490027180619,VIIRS DNB,nW/cm2/sr,2018,"{""type"":""MultiPoint"",""coordinates"":[]}"
53_0000000000000000000b,BA03050040,,,,,,,53.09,53,1735.63521769,TASWIL5000020230907KABKOTA,Ngada,,0.142589549676,2.86650785507,4326,4,,,Ngada,Nusa Tenggara Timur,,0,,,2018-06,0.1590046963044168,6,0.1590046963044168,VIIRS DNB,nW/cm2/sr,2018,"{""type"":""MultiPoint"",""coordinates"":[]}"
53_0000000000000000000e,BA03050040,,,,,,,53.07,53,1671.64902391,TASWIL5000020230907KABKOTA,Sikka,,0.137312979206,3.89925449996,4326,4,,,Sikka,Nusa Tenggara Timur,,0,,,2018-06,0.2369122834485016,6,0.2369122834485016,VIIRS DNB,nW/cm2/sr,2018,"{""type"":""MultiPoint"",""coordinates"":[]}"
53_0000000000000000000f,BA03050040,,,,,,,53.12,53,757.407641007,TASWIL5000020230907KABKOTA,Sumba Barat,,0.0623907023605,2.04212111278,4326,4,,,Sumba Barat,Nusa Tenggara Timur,,0,,,2018-06,0.17415688335193577,6,0.17415688335193577,VIIRS DNB,nW/cm2/sr,2018,"{""type"":""MultiPoint"",""coordinates"":[]}"
53_00000000000000000011,BA03050040,,,,,,,53.11,53,6984.01403441,TASWIL5000020230907KABKOTA,Sumba Timur,,0.575702142252,4.80415749282,4326,4,,,Sumba Timur,Nusa Tenggara Timur,,0,,,2018-06,0.13649286613448128,6,0.13649286613448128,VIIRS DNB,nW/cm2/sr,2018,"{""type"":""MultiPoint"",""coordinates"":[]}"
53_00000000000000000012,BA03050040,,,,,,,53.02,53,3933.15111495,TASWIL5000020230907KABKOTA,Timor Tengah Selatan,,0.324167140101,3.32375028444,4326,4,,,Timor Tengah Selatan,Nusa Tenggara Timur,,0,,,2018-06,0.18393325808797584,6,0.18393325808797584,VIIRS DNB,nW/cm2/sr,2018,"{""type"":""MultiPoint"",""coordinates"":[]}"
53_00000000000000000013,BA03050040,,,,,,,53.03,53,2623.19983128,TASWIL5000020230907KABKOTA,Timor Tengah Utara,,0.215921651765,3.4787254107,4326,4,,,Timor Tengah Utara,Nusa Tenggara Timur,,0,,,2018-06,0.19647544122265181,6,0.19647544122265181,VIIRS DNB,nW/cm2/sr,2018,"{""type"":""MultiPoint"",""coordinates"":[]}"
53_00000000000000000015,BA03050040,,,,,,,53.08,53,2085.24387061,TASWIL5000020230907KABKOTA,Ende,,0.171316232886,2.99297540949,4326,4,,,Ende,Nusa Tenggara Timur,,0,,,2018-06,0.20339560648713248,6,0.20339560648713248,VIIRS DNB,nW/cm2/sr,2018,"{""type"":""MultiPoint"",""coordinates"":[]}"
53_00000000000000000006,BA03050040,,,,,,,53.21,53,1109.16204574,TASWIL5000020230907KABKOTA,Malaka,,0.0913351434015,2.23370514726,4326,4,,,Malaka,Nusa Tenggara Timur,,0,Belu,,2018-06,0.212318860998968,6,0.212318860998968,VIIRS DNB,nW/cm2/sr,2018,"{""type"":""MultiPoint"",""coordinates"":[]}"
53_00000000000000000005,BA03050040,,,,,,,53.13,53,1268.10489804,TASWIL5000020230907KABKOTA,Lembata,,0.10410466891,3.45188597769,4326,4,,,Lembata,Nusa Tenggara Timur,,0,Flores Timur,,2018-06,0.19602563132326667,6,0.19602563132326667,VIIRS DNB,nW/cm2/sr,2018,"{""type"":""MultiPoint"",""coordinates"":[]}"
53_00000000000000000003,BA03050040,,,,,,,53.71,53,159.334041006,TASWIL5000020230907KABKOTA,Kota Kupang,,0.0131469663875,0.949087585397,4326,5,,,Kota Kupang,Nusa Tenggara Timur,,0,Kupang,,2018-06,3.9536635989848783,6,3.9536635989848783,VIIRS DNB,nW/cm2/sr,2018,"{""type"":""MultiPoint"",""coordinates"":[]}"
53_0000000000000000000c,BA03050040,,,,,,,53.14,53,1286.45281117,TASWIL5000020230907KABKOTA,Rote Ndao,,0.106321906477,4.76909476004,4326,4,,,Rote Ndao,Nusa Tenggara Timur,,0,Kupang,,2018-06,0.17381144512167873,6,0.17381144512167873,VIIRS DNB,nW/cm2/sr,2018,"{""type"":""MultiPoint"",""coordinates"":[]}"
53_0000000000000000000d,BA03050040,,,,,,,53.20,53,460.956594118,TASWIL5000020230907KABKOTA,Sabu Raijua,,0.0380736571077,1.23438979443,4326,4,,,Sabu Raijua,Nusa Tenggara Timur,,0,Kupang,,2018-06,0.19819953878154217,6,0.19819953878154217,VIIRS DNB,nW/cm2/sr,2018,"{""type"":""MultiPoint"",""coordinates"":[]}"
53_00000000000000000008,BA03050040,,,,,,,53.15,53,3128.99733567,TASWIL5000020230907KABKOTA,Manggarai Barat,,0.257018604578,10.7211601624,4326,4,,,Manggarai Barat,Nusa Tenggara Timur,,0,Manggarai,,2018-06,0.16073646043216208,6,0.16073646043216208,VIIRS DNB,nW/cm2/sr,2018,"{""type"":""MultiPoint"",""coordinates"":[]}"
53_00000000000000000009,BA03050040,,,,,,,53.19,53,2389.52959786,TASWIL5000020230907KABKOTA,Manggarai Timur,,0.196263276889,2.60910655519,4326,4,,,Manggarai Timur,Nusa Tenggara Timur,,0,Manggarai,,2018-06,0.15780091617286587,6,0.15780091617286587,VIIRS DNB,nW/cm2/sr,2018,"{""type"":""MultiPoint"",""coordinates"":[]}"
53_0000000000000000000a,BA03050040,,,,,,,53.16,53,1396.16423098,TASWIL5000020230907KABKOTA,Nagekeo,,0.114707914625,2.15252417923,4326,4,,,Nagekeo,Nusa Tenggara Timur,,0,Ngada,,2018-06,0.17987834111483036,6,0.17987834111483036,VIIRS DNB,nW/cm2/sr,2018,"{""type"":""MultiPoint"",""coordinates"":[]}"
53_00000000000000000010,BA03050040,,,,,,,53.17,53,1789.65872064,TASWIL5000020230907KABKOTA,Sumba Tengah,,0.147379835649,2.42469258111,4326,4,,,Sumba Tengah,Nusa Tenggara Timur,,0,Sumba Barat,,2018-06,0.12824978588827735,6,0.12824978588827735,VIIRS DNB,nW/cm2/sr,2018,"{""type"":""MultiPoint"",""coordinates"":[]}"
53_00000000000000000014,BA03050040,,,,,,,53.18,53,1383.31224571,TASWIL5000020230907KABKOTA,Sumba Barat Daya,,0.113913848979,1.59805558471,4326,4,,,Sumba Barat Daya,Nusa Tenggara Timur,,0,Sumba Barat,,2018-06,0.16435062311667528,6,0.16435062311667528,VIIRS DNB,nW/cm2/sr,2018,"{""type"":""MultiPoint"",""coordinates"":[]}"
54_00000000000000000000,BA03050040,,,,,,,53.05,53,2928.55881854,TASWIL5000020230907KABKOTA,Alor,,0.24037265184,5.67288749982,4326,4,,,Alor,Nusa Tenggara Timur,,0,,,2018-07,0.23440489431338252,7,0.23440489431338252,VIIRS DNB,nW/cm2/sr,2018,"{""type"":""MultiPoint"",""coordinates"":[]}"
54_00000000000000000001,BA03050040,,,,,,,53.04,53,1127.25008655,TASWIL5000020230907KABKOTA,Belu,,0.0927289736817,2.29261763369,4326,4,,,Belu,Nusa Tenggara Timur,,0,,,2018-07,0.33416887796394384,7,0.33416887796394384,VIIRS DNB,nW/cm2/sr,2018,"{""type"":""MultiPoint"",""coordinates"":[]}"
54_00000000000000000002,BA03050040,,,,,,,53.06,53,1748.5165523,TASWIL5000020230907KABKOTA,Flores Timur,,0.143538260694,4.68012528849,4326,4,,,Flores Timur,Nusa Tenggara Timur,,0,,,2018-07,0.23228663739359548,7,0.23228663739359548,VIIRS DNB,nW/cm2/sr,2018,"{""type"":""MultiPoint"",""coordinates"":[]}"
54_00000000000000000004,BA03050040,,,,,,,53.01,53,5136.51008742,TASWIL5000020230907KABKOTA,Kupang,,0.423459507198,6.26740520892,4326,4,,,Kupang,Nusa Tenggara Timur,,0,,,2018-07,0.23976558550735344,7,0.23976558550735344,VIIRS DNB,nW/cm2/sr,2018,"{""type"":""MultiPoint"",""coordinates"":[]}"
54_00000000000000000007,BA03050040,,,,,,,53.10,53,1343.83414797,TASWIL5000020230907KABKOTA,Manggarai,,0.11037433796,2.62044875269,4326,4,,,Manggarai,Nusa Tenggara Timur,,0,,,2018-07,0.2735570697446458,7,0.2735570697446458,VIIRS DNB,nW/cm2/sr,2018,"{""type"":""MultiPoint"",""coordinates"":[]}"
54_0000000000000000000b,BA03050040,,,,,,,53.09,53,1735.63521769,TASWIL5000020230907KABKOTA,Ngada,,0.142589549676,2.86650785507,4326,4,,,Ngada,Nusa Tenggara Timur,,0,,,2018-07,0.21697431812426154,7,0.21697431812426154,VIIRS DNB,nW/cm2/sr,2018,"{""type"":""MultiPoint"",""coordinates"":[]}"
54_0000000000000000000e,BA03050040,,,,,,,53.07,53,1671.64902391,TASWIL5000020230907KABKOTA,Sikka,,0.137312979206,3.89925449996,4326,4,,,Sikka,Nusa Tenggara Timur,,0,,,2018-07,0.28085009795938376,7,0.28085009795938376,VIIRS DNB,nW/cm2/sr,2018,"{""type"":""MultiPoint"",""coordinates"":[]}"
54_0000000000000000000f,BA03050040,,,,,,,53.12,53,757.407641007,TASWIL5000020230907KABKOTA,Sumba Barat,,0.0623907023605,2.04212111278,4326,4,,,Sumba Barat,Nusa Tenggara Timur,,0,,,2018-07,0.2190285699136781,7,0.2190285699136781,VIIRS DNB,nW/cm2/sr,2018,"{""type"":""MultiPoint"",""coordinates"":[]}"
54_00000000000000000011,BA03050040,,,,,,,53.11,53,6984.01403441,TASWIL5000020230907KABKOTA,Sumba Timur,,0.575702142252,4.80415749282,4326,4,,,Sumba Timur,Nusa Tenggara Timur,,0,,,2018-07,0.18725884545971935,7,0.18725884545971935,VIIRS DNB,nW/cm2/sr,2018,"{""type"":""MultiPoint"",""coordinates"":[]}"
54_00000000000000000012,BA03050040,,,,,,,53.02,53,3933.15111495,TASWIL5000020230907KABKOTA,Timor Tengah Selatan,,0.324167140101,3.32375028444,4326,4,,,Timor Tengah Selatan,Nusa Tenggara Timur,,0,,,2018-07,0.22041806615780898,7,0.22041806615780898,VIIRS DNB,nW/cm2/sr,2018,"{""type"":""MultiPoint"",""coordinates"":[]}"
54_00000000000000000013,BA03050040,,,,,,,53.03,53,2623.19983128,TASWIL5000020230907KABKOTA,Timor Tengah Utara,,0.215921651765,3.4787254107,4326,4,,,Timor Tengah Utara,Nusa Tenggara Timur,,0,,,2018-07,0.23358805487485026,7,0.23358805487485026,VIIRS DNB,nW/cm2/sr,2018,"{""type"":""MultiPoint"",""coordinates"":[]}"
54_00000000000000000015,BA03050040,,,,,,,53.08,53,2085.24387061,TASWIL5000020230907KABKOTA,Ende,,0.171316232886,2.99297540949,4326,4,,,Ende,Nusa Tenggara Timur,,0,,,2018-07,0.24537942956656725,7,0.24537942956656725,VIIRS DNB,nW/cm2/sr,2018,"{""type"":""MultiPoint"",""coordinates"":[]}"
54_00000000000000000006,BA03050040,,,,,,,53.21,53,1109.16204574,TASWIL5000020230907KABKOTA,Malaka,,0.0913351434015,2.23370514726,4326,4,,,Malaka,Nusa Tenggara Timur,,0,Belu,,2018-07,0.26439620839432226,7,0.26439620839432226,VIIRS DNB,nW/cm2/sr,2018,"{""type"":""MultiPoint"",""coordinates"":[]}"
54_00000000000000000005,BA03050040,,,,,,,53.13,53,1268.10489804,TASWIL5000020230907KABKOTA,Lembata,,0.10410466891,3.45188597769,4326,4,,,Lembata,Nusa Tenggara Timur,,0,Flores Timur,,2018-07,0.21658398415423677,7,0.21658398415423677,VIIRS DNB,nW/cm2/sr,2018,"{""type"":""MultiPoint"",""coordinates"":[]}"
54_00000000000000000003,BA03050040,,,,,,,53.71,53,159.334041006,TASWIL5000020230907KABKOTA,Kota Kupang,,0.0131469663875,0.949087585397,4326,5,,,Kota Kupang,Nusa Tenggara Timur,,0,Kupang,,2018-07,4.141814162695161,7,4.141814162695161,VIIRS DNB,nW/cm2/sr,2018,"{""type"":""MultiPoint"",""coordinates"":[]}"
54_0000000000000000000c,BA03050040,,,,,,,53.14,53,1286.45281117,TASWIL5000020230907KABKOTA,Rote Ndao,,0.106321906477,4.76909476004,4326,4,,,Rote Ndao,Nusa Tenggara Timur,,0,Kupang,,2018-07,0.23550007266322676,7,0.23550007266322676,VIIRS DNB,nW/cm2/sr,2018,"{""type"":""MultiPoint"",""coordinates"":[]}"
54_0000000000000000000d,BA03050040,,,,,,,53.20,53,460.956594118,TASWIL5000020230907KABKOTA,Sabu Raijua,,0.0380736571077,1.23438979443,4326,4,,,Sabu Raijua,Nusa Tenggara Timur,,0,Kupang,,2018-07,0.23139818350671704,7,0.23139818350671704,VIIRS DNB,nW/cm2/sr,2018,"{""type"":""MultiPoint"",""coordinates"":[]}"
54_00000000000000000008,BA03050040,,,,,,,53.15,53,3128.99733567,TASWIL5000020230907KABKOTA,Manggarai Barat,,0.257018604578,10.7211601624,4326,4,,,Manggarai Barat,Nusa Tenggara Timur,,0,Manggarai,,2018-07,0.2297674686259198,7,0.2297674686259198,VIIRS DNB,nW/cm2/sr,2018,"{""type"":""MultiPoint"",""coordinates"":[]}"
54_00000000000000000009,BA03050040,,,,,,,53.19,53,2389.52959786,TASWIL5000020230907KABKOTA,Manggarai Timur,,0.196263276889,2.60910655519,4326,4,,,Manggarai Timur,Nusa Tenggara Timur,,0,Manggarai,,2018-07,0.2053626877094671,7,0.2053626877094671,VIIRS DNB,nW/cm2/sr,2018,"{""type"":""MultiPoint"",""coordinates"":[]}"
54_0000000000000000000a,BA03050040,,,,,,,53.16,53,1396.16423098,TASWIL5000020230907KABKOTA,Nagekeo,,0.114707914625,2.15252417923,4326,4,,,Nagekeo,Nusa Tenggara Timur,,0,Ngada,,2018-07,0.2620053918790598,7,0.2620053918790598,VIIRS DNB,nW/cm2/sr,2018,"{""type"":""MultiPoint"",""coordinates"":[]}"
54_00000000000000000010,BA03050040,,,,,,,53.17,53,1789.65872064,TASWIL5000020230907KABKOTA,Sumba Tengah,,0.147379835649,2.42469258111,4326,4,,,Sumba Tengah,Nusa Tenggara Timur,,0,Sumba Barat,,2018-07,0.17878435640854207,7,0.17878435640854207,VIIRS DNB,nW/cm2/sr,2018,"{""type"":""MultiPoint"",""coordinates"":[]}"
54_00000000000000000014,BA03050040,,,,,,,53.18,53,1383.31224571,TASWIL5000020230907KABKOTA,Sumba Barat Daya,,0.113913848979,1.59805558471,4326,4,,,Sumba Barat Daya,Nusa Tenggara Timur,,0,Sumba Barat,,2018-07,0.2159766130630233,7,0.2159766130630233,VIIRS DNB,nW/cm2/sr,2018,"{""type"":""MultiPoint"",""coordinates"":[]}"
55_00000000000000000000,BA03050040,,,,,,,53.05,53,2928.55881854,TASWIL5000020230907KABKOTA,Alor,,0.24037265184,5.67288749982,4326,4,,,Alor,Nusa Tenggara Timur,,0,,,2018-08,0.22812757377130002,8,0.22812757377130002,VIIRS DNB,nW/cm2/sr,2018,"{""type"":""MultiPoint"",""coordinates"":[]}"
55_00000000000000000001,BA03050040,,,,,,,53.04,53,1127.25008655,TASWIL5000020230907KABKOTA,Belu,,0.0927289736817,2.29261763369,4326,4,,,Belu,Nusa Tenggara Timur,,0,,,2018-08,0.332609603541692,8,0.332609603541692,VIIRS DNB,nW/cm2/sr,2018,"{""type"":""MultiPoint"",""coordinates"":[]}"
55_00000000000000000002,BA03050040,,,,,,,53.06,53,1748.5165523,TASWIL5000020230907KABKOTA,Flores Timur,,0.143538260694,4.68012528849,4326,4,,,Flores Timur,Nusa Tenggara Timur,,0,,,2018-08,0.24492927230254655,8,0.24492927230254655,VIIRS DNB,nW/cm2/sr,2018,"{""type"":""MultiPoint"",""coordinates"":[]}"
55_00000000000000000004,BA03050040,,,,,,,53.01,53,5136.51008742,TASWIL5000020230907KABKOTA,Kupang,,0.423459507198,6.26740520892,4326,4,,,Kupang,Nusa Tenggara Timur,,0,,,2018-08,0.24296559038916019,8,0.24296559038916019,VIIRS DNB,nW/cm2/sr,2018,"{""type"":""MultiPoint"",""coordinates"":[]}"
55_00000000000000000007,BA03050040,,,,,,,53.10,53,1343.83414797,TASWIL5000020230907KABKOTA,Manggarai,,0.11037433796,2.62044875269,4326,4,,,Manggarai,Nusa Tenggara Timur,,0,,,2018-08,0.3017176731497944,8,0.3017176731497944,VIIRS DNB,nW/cm2/sr,2018,"{""type"":""MultiPoint"",""coordinates"":[]}"
55_0000000000000000000b,BA03050040,,,,,,,53.09,53,1735.63521769,TASWIL5000020230907KABKOTA,Ngada,,0.142589549676,2.86650785507,4326,4,,,Ngada,Nusa Tenggara Timur,,0,,,2018-08,0.22404313824372055,8,0.22404313824372055,VIIRS DNB,nW/cm2/sr,2018,"{""type"":""MultiPoint"",""coordinates"":[]}"
55_0000000000000000000e,BA03050040,,,,,,,53.07,53,1671.64902391,TASWIL5000020230907KABKOTA,Sikka,,0.137312979206,3.89925449996,4326,4,,,Sikka,Nusa Tenggara Timur,,0,,,2018-08,0.2993559137277121,8,0.2993559137277121,VIIRS DNB,nW/cm2/sr,2018,"{""type"":""MultiPoint"",""coordinates"":[]}"
55_0000000000000000000f,BA03050040,,,,,,,53.12,53,757.407641007,TASWIL5000020230907KABKOTA,Sumba Barat,,0.0623907023605,2.04212111278,4326,4,,,Sumba Barat,Nusa Tenggara Timur,,0,,,2018-08,0.23840070417307088,8,0.23840070417307088,VIIRS DNB,nW/cm2/sr,2018,"{""type"":""MultiPoint"",""coordinates"":[]}"
55_00000000000000000011,BA03050040,,,,,,,53.11,53,6984.01403441,TASWIL5000020230907KABKOTA,Sumba Timur,,0.575702142252,4.80415749282,4326,4,,,Sumba Timur,Nusa Tenggara Timur,,0,,,2018-08,0.19956998175074833,8,0.19956998175074833,VIIRS DNB,nW/cm2/sr,2018,"{""type"":""MultiPoint"",""coordinates"":[]}"
55_00000000000000000012,BA03050040,,,,,,,53.02,53,3933.15111495,TASWIL5000020230907KABKOTA,Timor Tengah Selatan,,0.324167140101,3.32375028444,4326,4,,,Timor Tengah Selatan,Nusa Tenggara Timur,,0,,,2018-08,0.20499003718892062,8,0.20499003718892062,VIIRS DNB,nW/cm2/sr,2018,"{""type"":""MultiPoint"",""coordinates"":[]}"
55_00000000000000000013,BA03050040,,,,,,,53.03,53,2623.19983128,TASWIL5000020230907KABKOTA,Timor Tengah Utara,,0.215921651765,3.4787254107,4326,4,,,Timor Tengah Utara,Nusa Tenggara Timur,,0,,,2018-08,0.2368249693197613,8,0.2368249693197613,VIIRS DNB,nW/cm2/sr,2018,"{""type"":""MultiPoint"",""coordinates"":[]}"
55_00000000000000000015,BA03050040,,,,,,,53.08,53,2085.24387061,TASWIL5000020230907KABKOTA,Ende,,0.171316232886,2.99297540949,4326,4,,,Ende,Nusa Tenggara Timur,,0,,,2018-08,0.2714359839593905,8,0.2714359839593905,VIIRS DNB,nW/cm2/sr,2018,"{""type"":""MultiPoint"",""coordinates"":[]}"
55_00000000000000000006,BA03050040,,,,,,,53.21,53,1109.16204574,TASWIL5000020230907KABKOTA,Malaka,,0.0913351434015,2.23370514726,4326,4,,,Malaka,Nusa Tenggara Timur,,0,Belu,,2018-08,0.26244259275168813,8,0.26244259275168813,VIIRS DNB,nW/cm2/sr,2018,"{""type"":""MultiPoint"",""coordinates"":[]}"
55_00000000000000000005,BA03050040,,,,,,,53.13,53,1268.10489804,TASWIL5000020230907KABKOTA,Lembata,,0.10410466891,3.45188597769,4326,4,,,Lembata,Nusa Tenggara Timur,,0,Flores Timur,,2018-08,0.22748519585242036,8,0.22748519585242036,VIIRS DNB,nW/cm2/sr,2018,"{""type"":""MultiPoint"",""coordinates"":[]}"
55_00000000000000000003,BA03050040,,,,,,,53.71,53,159.334041006,TASWIL5000020230907KABKOTA,Kota Kupang,,0.0131469663875,0.949087585397,4326,5,,,Kota Kupang,Nusa Tenggara Timur,,0,Kupang,,2018-08,4.290667074340917,8,4.290667074340917,VIIRS DNB,nW/cm2/sr,2018,"{""type"":""MultiPoint"",""coordinates"":[]}"
55_0000000000000000000c,BA03050040,,,,,,,53.14,53,1286.45281117,TASWIL5000020230907KABKOTA,Rote Ndao,,0.106321906477,4.76909476004,4326,4,,,Rote Ndao,Nusa Tenggara Timur,,0,Kupang,,2018-08,0.2259293644966063,8,0.2259293644966063,VIIRS DNB,nW/cm2/sr,2018,"{""type"":""MultiPoint"",""coordinates"":[]}"
55_0000000000000000000d,BA03050040,,,,,,,53.20,53,460.956594118,TASWIL5000020230907KABKOTA,Sabu Raijua,,0.0380736571077,1.23438979443,4326,4,,,Sabu Raijua,Nusa Tenggara Timur,,0,Kupang,,2018-08,0.25143748469414157,8,0.25143748469414157,VIIRS DNB,nW/cm2/sr,2018,"{""type"":""MultiPoint"",""coordinates"":[]}"
55_00000000000000000008,BA03050040,,,,,,,53.15,53,3128.99733567,TASWIL5000020230907KABKOTA,Manggarai Barat,,0.257018604578,10.7211601624,4326,4,,,Manggarai Barat,Nusa Tenggara Timur,,0,Manggarai,,2018-08,0.24643111134128404,8,0.24643111134128404,VIIRS DNB,nW/cm2/sr,2018,"{""type"":""MultiPoint"",""coordinates"":[]}"
55_00000000000000000009,BA03050040,,,,,,,53.19,53,2389.52959786,TASWIL5000020230907KABKOTA,Manggarai Timur,,0.196263276889,2.60910655519,4326,4,,,Manggarai Timur,Nusa Tenggara Timur,,0,Manggarai,,2018-08,0.22607686385418965,8,0.22607686385418965,VIIRS DNB,nW/cm2/sr,2018,"{""type"":""MultiPoint"",""coordinates"":[]}"
55_0000000000000000000a,BA03050040,,,,,,,53.16,53,1396.16423098,TASWIL5000020230907KABKOTA,Nagekeo,,0.114707914625,2.15252417923,4326,4,,,Nagekeo,Nusa Tenggara Timur,,0,Ngada,,2018-08,0.262017096087909,8,0.262017096087909,VIIRS DNB,nW/cm2/sr,2018,"{""type"":""MultiPoint"",""coordinates"":[]}"
55_00000000000000000010,BA03050040,,,,,,,53.17,53,1789.65872064,TASWIL5000020230907KABKOTA,Sumba Tengah,,0.147379835649,2.42469258111,4326,4,,,Sumba Tengah,Nusa Tenggara Timur,,0,Sumba Barat,,2018-08,0.20041223000398814,8,0.20041223000398814,VIIRS DNB,nW/cm2/sr,2018,"{""type"":""MultiPoint"",""coordinates"":[]}"
55_00000000000000000014,BA03050040,,,,,,,53.18,53,1383.31224571,TASWIL5000020230907KABKOTA,Sumba Barat Daya,,0.113913848979,1.59805558471,4326,4,,,Sumba Barat Daya,Nusa Tenggara Timur,,0,Sumba Barat,,2018-08,0.24193829213820886,8,0.24193829213820886,VIIRS DNB,nW/cm2/sr,2018,"{""type"":""MultiPoint"",""coordinates"":[]}"
56_00000000000000000000,BA03050040,,,,,,,53.05,53,2928.55881854,TASWIL5000020230907KABKOTA,Alor,,0.24037265184,5.67288749982,4326,4,,,Alor,Nusa Tenggara Timur,,0,,,2018-09,0.18391803135742085,9,0.18391803135742085,VIIRS DNB,nW/cm2/sr,2018,"{""type"":""MultiPoint"",""coordinates"":[]}"
56_00000000000000000001,BA03050040,,,,,,,53.04,53,1127.25008655,TASWIL5000020230907KABKOTA,Belu,,0.0927289736817,2.29261763369,4326,4,,,Belu,Nusa Tenggara Timur,,0,,,2018-09,0.2885303081377083,9,0.2885303081377083,VIIRS DNB,nW/cm2/sr,2018,"{""type"":""MultiPoint"",""coordinates"":[]}"
56_00000000000000000002,BA03050040,,,,,,,53.06,53,1748.5165523,TASWIL5000020230907KABKOTA,Flores Timur,,0.143538260694,4.68012528849,4326,4,,,Flores Timur,Nusa Tenggara Timur,,0,,,2018-09,0.19291257999958772,9,0.19291257999958772,VIIRS DNB,nW/cm2/sr,2018,"{""type"":""MultiPoint"",""coordinates"":[]}"
56_00000000000000000004,BA03050040,,,,,,,53.01,53,5136.51008742,TASWIL5000020230907KABKOTA,Kupang,,0.423459507198,6.26740520892,4326,4,,,Kupang,Nusa Tenggara Timur,,0,,,2018-09,0.2085015456039839,9,0.2085015456039839,VIIRS DNB,nW/cm2/sr,2018,"{""type"":""MultiPoint"",""coordinates"":[]}"
56_00000000000000000007,BA03050040,,,,,,,53.10,53,1343.83414797,TASWIL5000020230907KABKOTA,Manggarai,,0.11037433796,2.62044875269,4326,4,,,Manggarai,Nusa Tenggara Timur,,0,,,2018-09,0.23308392130146147,9,0.23308392130146147,VIIRS DNB,nW/cm2/sr,2018,"{""type"":""MultiPoint"",""coordinates"":[]}"
56_0000000000000000000b,BA03050040,,,,,,,53.09,53,1735.63521769,TASWIL5000020230907KABKOTA,Ngada,,0.142589549676,2.86650785507,4326,4,,,Ngada,Nusa Tenggara Timur,,0,,,2018-09,0.17533699816420015,9,0.17533699816420015,VIIRS DNB,nW/cm2/sr,2018,"{""type"":""MultiPoint"",""coordinates"":[]}"
56_0000000000000000000e,BA03050040,,,,,,,53.07,53,1671.64902391,TASWIL5000020230907KABKOTA,Sikka,,0.137312979206,3.89925449996,4326,4,,,Sikka,Nusa Tenggara Timur,,0,,,2018-09,0.2348334524886991,9,0.2348334524886991,VIIRS DNB,nW/cm2/sr,2018,"{""type"":""MultiPoint"",""coordinates"":[]}"
56_0000000000000000000f,BA03050040,,,,,,,53.12,53,757.407641007,TASWIL5000020230907KABKOTA,Sumba Barat,,0.0623907023605,2.04212111278,4326,4,,,Sumba Barat,Nusa Tenggara Timur,,0,,,2018-09,0.24007021002764284,9,0.24007021002764284,VIIRS DNB,nW/cm2/sr,2018,"{""type"":""MultiPoint"",""coordinates"":[]}"
56_00000000000000000011,BA03050040,,,,,,,53.11,53,6984.01403441,TASWIL5000020230907KABKOTA,Sumba Timur,,0.575702142252,4.80415749282,4326,4,,,Sumba Timur,Nusa Tenggara Timur,,0,,,2018-09,0.18754525231153565,9,0.18754525231153565,VIIRS DNB,nW/cm2/sr,2018,"{""type"":""MultiPoint"",""coordinates"":[]}"
56_00000000000000000012,BA03050040,,,,,,,53.02,53,3933.15111495,TASWIL5000020230907KABKOTA,Timor Tengah Selatan,,0.324167140101,3.32375028444,4326,4,,,Timor Tengah Selatan,Nusa Tenggara Timur,,0,,,2018-09,0.17392812266613705,9,0.17392812266613705,VIIRS DNB,nW/cm2/sr,2018,"{""type"":""MultiPoint"",""coordinates"":[]}"
56_00000000000000000013,BA03050040,,,,,,,53.03,53,2623.19983128,TASWIL5000020230907KABKOTA,Timor Tengah Utara,,0.215921651765,3.4787254107,4326,4,,,Timor Tengah Utara,Nusa Tenggara Timur,,0,,,2018-09,0.1931697615499255,9,0.1931697615499255,VIIRS DNB,nW/cm2/sr,2018,"{""type"":""MultiPoint"",""coordinates"":[]}"
56_00000000000000000015,BA03050040,,,,,,,53.08,53,2085.24387061,TASWIL5000020230907KABKOTA,Ende,,0.171316232886,2.99297540949,4326,4,,,Ende,Nusa Tenggara Timur,,0,,,2018-09,0.20413420866544052,9,0.20413420866544052,VIIRS DNB,nW/cm2/sr,2018,"{""type"":""MultiPoint"",""coordinates"":[]}"
56_00000000000000000006,BA03050040,,,,,,,53.21,53,1109.16204574,TASWIL5000020230907KABKOTA,Malaka,,0.0913351434015,2.23370514726,4326,4,,,Malaka,Nusa Tenggara Timur,,0,Belu,,2018-09,0.211598679079337,9,0.211598679079337,VIIRS DNB,nW/cm2/sr,2018,"{""type"":""MultiPoint"",""coordinates"":[]}"
56_00000000000000000005,BA03050040,,,,,,,53.13,53,1268.10489804,TASWIL5000020230907KABKOTA,Lembata,,0.10410466891,3.45188597769,4326,4,,,Lembata,Nusa Tenggara Timur,,0,Flores Timur,,2018-09,0.19216591051855375,9,0.19216591051855375,VIIRS DNB,nW/cm2/sr,2018,"{""type"":""MultiPoint"",""coordinates"":[]}"
56_00000000000000000003,BA03050040,,,,,,,53.71,53,159.334041006,TASWIL5000020230907KABKOTA,Kota Kupang,,0.0131469663875,0.949087585397,4326,5,,,Kota Kupang,Nusa Tenggara Timur,,0,Kupang,,2018-09,4.020768865889005,9,4.020768865889005,VIIRS DNB,nW/cm2/sr,2018,"{""type"":""MultiPoint"",""coordinates"":[]}"
56_0000000000000000000c,BA03050040,,,,,,,53.14,53,1286.45281117,TASWIL5000020230907KABKOTA,Rote Ndao,,0.106321906477,4.76909476004,4326,4,,,Rote Ndao,Nusa Tenggara Timur,,0,Kupang,,2018-09,0.18016040198182834,9,0.18016040198182834,VIIRS DNB,nW/cm2/sr,2018,"{""type"":""MultiPoint"",""coordinates"":[]}"
56_0000000000000000000d,BA03050040,,,,,,,53.20,53,460.956594118,TASWIL5000020230907KABKOTA,Sabu Raijua,,0.0380736571077,1.23438979443,4326,4,,,Sabu Raijua,Nusa Tenggara Timur,,0,Kupang,,2018-09,0.19727213424229026,9,0.19727213424229026,VIIRS DNB,nW/cm2/sr,2018,"{""type"":""MultiPoint"",""coordinates"":[]}"
56_00000000000000000008,BA03050040,,,,,,,53.15,53,3128.99733567,TASWIL5000020230907KABKOTA,Manggarai Barat,,0.257018604578,10.7211601624,4326,4,,,Manggarai Barat,Nusa Tenggara Timur,,0,Manggarai,,2018-09,0.18591105542050929,9,0.18591105542050929,VIIRS DNB,nW/cm2/sr,2018,"{""type"":""MultiPoint"",""coordinates"":[]}"
56_00000000000000000009,BA03050040,,,,,,,53.19,53,2389.52959786,TASWIL5000020230907KABKOTA,Manggarai Timur,,0.196263276889,2.60910655519,4326,4,,,Manggarai Timur,Nusa Tenggara Timur,,0,Manggarai,,2018-09,0.16088954586768517,9,0.16088954586768517,VIIRS DNB,nW/cm2/sr,2018,"{""type"":""MultiPoint"",""coordinates"":[]}"
56_0000000000000000000a,BA03050040,,,,,,,53.16,53,1396.16423098,TASWIL5000020230907KABKOTA,Nagekeo,,0.114707914625,2.15252417923,4326,4,,,Nagekeo,Nusa Tenggara Timur,,0,Ngada,,2018-09,0.1922540201230922,9,0.1922540201230922,VIIRS DNB,nW/cm2/sr,2018,"{""type"":""MultiPoint"",""coordinates"":[]}"
56_00000000000000000010,BA03050040,,,,,,,53.17,53,1789.65872064,TASWIL5000020230907KABKOTA,Sumba Tengah,,0.147379835649,2.42469258111,4326,4,,,Sumba Tengah,Nusa Tenggara Timur,,0,Sumba Barat,,2018-09,0.15852223845416405,9,0.15852223845416405,VIIRS DNB,nW/cm2/sr,2018,"{""type"":""MultiPoint"",""coordinates"":[]}"
56_00000000000000000014,BA03050040,,,,,,,53.18,53,1383.31224571,TASWIL5000020230907KABKOTA,Sumba Barat Daya,,0.113913848979,1.59805558471,4326,4,,,Sumba Barat Daya,Nusa Tenggara Timur,,0,Sumba Barat,,2018-09,0.201041738405548,9,0.201041738405548,VIIRS DNB,nW/cm2/sr,2018,"{""type"":""MultiPoint"",""coordinates"":[]}"
57_00000000000000000000,BA03050040,,,,,,,53.05,53,2928.55881854,TASWIL5000020230907KABKOTA,Alor,,0.24037265184,5.67288749982,4326,4,,,Alor,Nusa Tenggara Timur,,0,,,2018-10,0.2794847751377083,10,0.2794847751377083,VIIRS DNB,nW/cm2/sr,2018,"{""type"":""MultiPoint"",""coordinates"":[]}"
57_00000000000000000001,BA03050040,,,,,,,53.04,53,1127.25008655,TASWIL5000020230907KABKOTA,Belu,,0.0927289736817,2.29261763369,4326,4,,,Belu,Nusa Tenggara Timur,,0,,,2018-10,0.313761017298474,10,0.313761017298474,VIIRS DNB,nW/cm2/sr,2018,"{""type"":""MultiPoint"",""coordinates"":[]}"
57_00000000000000000002,BA03050040,,,,,,,53.06,53,1748.5165523,TASWIL5000020230907KABKOTA,Flores Timur,,0.143538260694,4.68012528849,4326,4,,,Flores Timur,Nusa Tenggara Timur,,0,,,2018-10,0.24858310933166214,10,0.24858310933166214,VIIRS DNB,nW/cm2/sr,2018,"{""type"":""MultiPoint"",""coordinates"":[]}"
57_00000000000000000004,BA03050040,,,,,,,53.01,53,5136.51008742,TASWIL5000020230907KABKOTA,Kupang,,0.423459507198,6.26740520892,4326,4,,,Kupang,Nusa Tenggara Timur,,0,,,2018-10,0.2798642383115336,10,0.2798642383115336,VIIRS DNB,nW/cm2/sr,2018,"{""type"":""MultiPoint"",""coordinates"":[]}"
57_00000000000000000007,BA03050040,,,,,,,53.10,53,1343.83414797,TASWIL5000020230907KABKOTA,Manggarai,,0.11037433796,2.62044875269,4326,4,,,Manggarai,Nusa Tenggara Timur,,0,,,2018-10,0.2620031916515276,10,0.2620031916515276,VIIRS DNB,nW/cm2/sr,2018,"{""type"":""MultiPoint"",""coordinates"":[]}"
57_0000000000000000000b,BA03050040,,,,,,,53.09,53,1735.63521769,TASWIL5000020230907KABKOTA,Ngada,,0.142589549676,2.86650785507,4326,4,,,Ngada,Nusa Tenggara Timur,,0,,,2018-10,0.22644793534788832,10,0.22644793534788832,VIIRS DNB,nW/cm2/sr,2018,"{""type"":""MultiPoint"",""coordinates"":[]}"
57_0000000000000000000e,BA03050040,,,,,,,53.07,53,1671.64902391,TASWIL5000020230907KABKOTA,Sikka,,0.137312979206,3.89925449996,4326,4,,,Sikka,Nusa Tenggara Timur,,0,,,2018-10,0.289432525519569,10,0.289432525519569,VIIRS DNB,nW/cm2/sr,2018,"{""type"":""MultiPoint"",""coordinates"":[]}"
57_0000000000000000000f,BA03050040,,,,,,,53.12,53,757.407641007,TASWIL5000020230907KABKOTA,Sumba Barat,,0.0623907023605,2.04212111278,4326,4,,,Sumba Barat,Nusa Tenggara Timur,,0,,,2018-10,0.2189805797284006,10,0.2189805797284006,VIIRS DNB,nW/cm2/sr,2018,"{""type"":""MultiPoint"",""coordinates"":[]}"
57_00000000000000000011,BA03050040,,,,,,,53.11,53,6984.01403441,TASWIL5000020230907KABKOTA,Sumba Timur,,0.575702142252,4.80415749282,4326,4,,,Sumba Timur,Nusa Tenggara Timur,,0,,,2018-10,0.19664199465829155,10,0.19664199465829155,VIIRS DNB,nW/cm2/sr,2018,"{""type"":""MultiPoint"",""coordinates"":[]}"
57_00000000000000000012,BA03050040,,,,,,,53.02,53,3933.15111495,TASWIL5000020230907KABKOTA,Timor Tengah Selatan,,0.324167140101,3.32375028444,4326,4,,,Timor Tengah Selatan,Nusa Tenggara Timur,,0,,,2018-10,0.2242411946260261,10,0.2242411946260261,VIIRS DNB,nW/cm2/sr,2018,"{""type"":""MultiPoint"",""coordinates"":[]}"
57_00000000000000000013,BA03050040,,,,,,,53.03,53,2623.19983128,TASWIL5000020230907KABKOTA,Timor Tengah Utara,,0.215921651765,3.4787254107,4326,4,,,Timor Tengah Utara,Nusa Tenggara Timur,,0,,,2018-10,0.2528655102654531,10,0.2528655102654531,VIIRS DNB,nW/cm2/sr,2018,"{""type"":""MultiPoint"",""coordinates"":[]}"
57_00000000000000000015,BA03050040,,,,,,,53.08,53,2085.24387061,TASWIL5000020230907KABKOTA,Ende,,0.171316232886,2.99297540949,4326,4,,,Ende,Nusa Tenggara Timur,,0,,,2018-10,0.2444957414025449,10,0.2444957414025449,VIIRS DNB,nW/cm2/sr,2018,"{""type"":""MultiPoint"",""coordinates"":[]}"
57_00000000000000000006,BA03050040,,,,,,,53.21,53,1109.16204574,TASWIL5000020230907KABKOTA,Malaka,,0.0913351434015,2.23370514726,4326,4,,,Malaka,Nusa Tenggara Timur,,0,Belu,,2018-10,0.25969532560256686,10,0.25969532560256686,VIIRS DNB,nW/cm2/sr,2018,"{""type"":""MultiPoint"",""coordinates"":[]}"
57_00000000000000000005,BA03050040,,,,,,,53.13,53,1268.10489804,TASWIL5000020230907KABKOTA,Lembata,,0.10410466891,3.45188597769,4326,4,,,Lembata,Nusa Tenggara Timur,,0,Flores Timur,,2018-10,0.27368972407378267,10,0.27368972407378267,VIIRS DNB,nW/cm2/sr,2018,"{""type"":""MultiPoint"",""coordinates"":[]}"
57_00000000000000000003,BA03050040,,,,,,,53.71,53,159.334041006,TASWIL5000020230907KABKOTA,Kota Kupang,,0.0131469663875,0.949087585397,4326,5,,,Kota Kupang,Nusa Tenggara Timur,,0,Kupang,,2018-10,4.127005295927642,10,4.127005295927642,VIIRS DNB,nW/cm2/sr,2018,"{""type"":""MultiPoint"",""coordinates"":[]}"
57_0000000000000000000c,BA03050040,,,,,,,53.14,53,1286.45281117,TASWIL5000020230907KABKOTA,Rote Ndao,,0.106321906477,4.76909476004,4326,4,,,Rote Ndao,Nusa Tenggara Timur,,0,Kupang,,2018-10,0.22464812896963118,10,0.22464812896963118,VIIRS DNB,nW/cm2/sr,2018,"{""type"":""MultiPoint"",""coordinates"":[]}"
57_0000000000000000000d,BA03050040,,,,,,,53.20,53,460.956594118,TASWIL5000020230907KABKOTA,Sabu Raijua,,0.0380736571077,1.23438979443,4326,4,,,Sabu Raijua,Nusa Tenggara Timur,,0,Kupang,,2018-10,0.23179179507454273,10,0.23179179507454273,VIIRS DNB,nW/cm2/sr,2018,"{""type"":""MultiPoint"",""coordinates"":[]}"
57_00000000000000000008,BA03050040,,,,,,,53.15,53,3128.99733567,TASWIL5000020230907KABKOTA,Manggarai Barat,,0.257018604578,10.7211601624,4326,4,,,Manggarai Barat,Nusa Tenggara Timur,,0,Manggarai,,2018-10,0.20710374567824952,10,0.20710374567824952,VIIRS DNB,nW/cm2/sr,2018,"{""type"":""MultiPoint"",""coordinates"":[]}"
57_00000000000000000009,BA03050040,,,,,,,53.19,53,2389.52959786,TASWIL5000020230907KABKOTA,Manggarai Timur,,0.196263276889,2.60910655519,4326,4,,,Manggarai Timur,Nusa Tenggara Timur,,0,Manggarai,,2018-10,0.18721728960791909,10,0.18721728960791909,VIIRS DNB,nW/cm2/sr,2018,"{""type"":""MultiPoint"",""coordinates"":[]}"
57_0000000000000000000a,BA03050040,,,,,,,53.16,53,1396.16423098,TASWIL5000020230907KABKOTA,Nagekeo,,0.114707914625,2.15252417923,4326,4,,,Nagekeo,Nusa Tenggara Timur,,0,Ngada,,2018-10,0.2173188225991851,10,0.2173188225991851,VIIRS DNB,nW/cm2/sr,2018,"{""type"":""MultiPoint"",""coordinates"":[]}"
57_00000000000000000010,BA03050040,,,,,,,53.17,53,1789.65872064,TASWIL5000020230907KABKOTA,Sumba Tengah,,0.147379835649,2.42469258111,4326,4,,,Sumba Tengah,Nusa Tenggara Timur,,0,Sumba Barat,,2018-10,0.16921349171910313,10,0.16921349171910313,VIIRS DNB,nW/cm2/sr,2018,"{""type"":""MultiPoint"",""coordinates"":[]}"
57_00000000000000000014,BA03050040,,,,,,,53.18,53,1383.31224571,TASWIL5000020230907KABKOTA,Sumba Barat Daya,,0.113913848979,1.59805558471,4326,4,,,Sumba Barat Daya,Nusa Tenggara Timur,,0,Sumba Barat,,2018-10,0.2192793370574808,10,0.2192793370574808,VIIRS DNB,nW/cm2/sr,2018,"{""type"":""MultiPoint"",""coordinates"":[]}"
58_00000000000000000000,BA03050040,,,,,,,53.05,53,2928.55881854,TASWIL5000020230907KABKOTA,Alor,,0.24037265184,5.67288749982,4326,4,,,Alor,Nusa Tenggara Timur,,0,,,2018-11,0.15405190790659815,11,0.15405190790659815,VIIRS DNB,nW/cm2/sr,2018,"{""type"":""MultiPoint"",""coordinates"":[]}"
58_00000000000000000001,BA03050040,,,,,,,53.04,53,1127.25008655,TASWIL5000020230907KABKOTA,Belu,,0.0927289736817,2.29261763369,4326,4,,,Belu,Nusa Tenggara Timur,,0,,,2018-11,0.2595085809595581,11,0.2595085809595581,VIIRS DNB,nW/cm2/sr,2018,"{""type"":""MultiPoint"",""coordinates"":[]}"
58_00000000000000000002,BA03050040,,,,,,,53.06,53,1748.5165523,TASWIL5000020230907KABKOTA,Flores Timur,,0.143538260694,4.68012528849,4326,4,,,Flores Timur,Nusa Tenggara Timur,,0,,,2018-11,0.2113806232473388,11,0.2113806232473388,VIIRS DNB,nW/cm2/sr,2018,"{""type"":""MultiPoint"",""coordinates"":[]}"
58_00000000000000000004,BA03050040,,,,,,,53.01,53,5136.51008742,TASWIL5000020230907KABKOTA,Kupang,,0.423459507198,6.26740520892,4326,4,,,Kupang,Nusa Tenggara Timur,,0,,,2018-11,0.20736343253994086,11,0.20736343253994086,VIIRS DNB,nW/cm2/sr,2018,"{""type"":""MultiPoint"",""coordinates"":[]}"
58_00000000000000000007,BA03050040,,,,,,,53.10,53,1343.83414797,TASWIL5000020230907KABKOTA,Manggarai,,0.11037433796,2.62044875269,4326,4,,,Manggarai,Nusa Tenggara Timur,,0,,,2018-11,0.21438090622245565,11,0.21438090622245565,VIIRS DNB,nW/cm2/sr,2018,"{""type"":""MultiPoint"",""coordinates"":[]}"
58_0000000000000000000b,BA03050040,,,,,,,53.09,53,1735.63521769,TASWIL5000020230907KABKOTA,Ngada,,0.142589549676,2.86650785507,4326,4,,,Ngada,Nusa Tenggara Timur,,0,,,2018-11,0.15698992226545683,11,0.15698992226545683,VIIRS DNB,nW/cm2/sr,2018,"{""type"":""MultiPoint"",""coordinates"":[]}"
58_0000000000000000000e,BA03050040,,,,,,,53.07,53,1671.64902391,TASWIL5000020230907KABKOTA,Sikka,,0.137312979206,3.89925449996,4326,4,,,Sikka,Nusa Tenggara Timur,,0,,,2018-11,0.25157309398064714,11,0.25157309398064714,VIIRS DNB,nW/cm2/sr,2018,"{""type"":""MultiPoint"",""coordinates"":[]}"
58_0000000000000000000f,BA03050040,,,,,,,53.12,53,757.407641007,TASWIL5000020230907KABKOTA,Sumba Barat,,0.0623907023605,2.04212111278,4326,4,,,Sumba Barat,Nusa Tenggara Timur,,0,,,2018-11,0.19591522878043874,11,0.19591522878043874,VIIRS DNB,nW/cm2/sr,2018,"{""type"":""MultiPoint"",""coordinates"":[]}"
58_00000000000000000011,BA03050040,,,,,,,53.11,53,6984.01403441,TASWIL5000020230907KABKOTA,Sumba Timur,,0.575702142252,4.80415749282,4326,4,,,Sumba Timur,Nusa Tenggara Timur,,0,,,2018-11,0.15441485245838968,11,0.15441485245838968,VIIRS DNB,nW/cm2/sr,2018,"{""type"":""MultiPoint"",""coordinates"":[]}"
58_00000000000000000012,BA03050040,,,,,,,53.02,53,3933.15111495,TASWIL5000020230907KABKOTA,Timor Tengah Selatan,,0.324167140101,3.32375028444,4326,4,,,Timor Tengah Selatan,Nusa Tenggara Timur,,0,,,2018-11,0.18322215606684006,11,0.18322215606684006,VIIRS DNB,nW/cm2/sr,2018,"{""type"":""MultiPoint"",""coordinates"":[]}"
58_00000000000000000013,BA03050040,,,,,,,53.03,53,2623.19983128,TASWIL5000020230907KABKOTA,Timor Tengah Utara,,0.215921651765,3.4787254107,4326,4,,,Timor Tengah Utara,Nusa Tenggara Timur,,0,,,2018-11,0.19356093503044616,11,0.19356093503044616,VIIRS DNB,nW/cm2/sr,2018,"{""type"":""MultiPoint"",""coordinates"":[]}"
58_00000000000000000015,BA03050040,,,,,,,53.08,53,2085.24387061,TASWIL5000020230907KABKOTA,Ende,,0.171316232886,2.99297540949,4326,4,,,Ende,Nusa Tenggara Timur,,0,,,2018-11,0.2150399916361936,11,0.2150399916361936,VIIRS DNB,nW/cm2/sr,2018,"{""type"":""MultiPoint"",""coordinates"":[]}"
58_00000000000000000006,BA03050040,,,,,,,53.21,53,1109.16204574,TASWIL5000020230907KABKOTA,Malaka,,0.0913351434015,2.23370514726,4326,4,,,Malaka,Nusa Tenggara Timur,,0,Belu,,2018-11,0.21956107676348308,11,0.21956107676348308,VIIRS DNB,nW/cm2/sr,2018,"{""type"":""MultiPoint"",""coordinates"":[]}"
58_00000000000000000005,BA03050040,,,,,,,53.13,53,1268.10489804,TASWIL5000020230907KABKOTA,Lembata,,0.10410466891,3.45188597769,4326,4,,,Lembata,Nusa Tenggara Timur,,0,Flores Timur,,2018-11,0.1801537084923683,11,0.1801537084923683,VIIRS DNB,nW/cm2/sr,2018,"{""type"":""MultiPoint"",""coordinates"":[]}"
58_00000000000000000003,BA03050040,,,,,,,53.71,53,159.334041006,TASWIL5000020230907KABKOTA,Kota Kupang,,0.0131469663875,0.949087585397,4326,5,,,Kota Kupang,Nusa Tenggara Timur,,0,Kupang,,2018-11,3.9279836632006107,11,3.9279836632006107,VIIRS DNB,nW/cm2/sr,2018,"{""type"":""MultiPoint"",""coordinates"":[]}"
58_0000000000000000000c,BA03050040,,,,,,,53.14,53,1286.45281117,TASWIL5000020230907KABKOTA,Rote Ndao,,0.106321906477,4.76909476004,4326,4,,,Rote Ndao,Nusa Tenggara Timur,,0,Kupang,,2018-11,0.2013730494076511,11,0.2013730494076511,VIIRS DNB,nW/cm2/sr,2018,"{""type"":""MultiPoint"",""coordinates"":[]}"
58_0000000000000000000d,BA03050040,,,,,,,53.20,53,460.956594118,TASWIL5000020230907KABKOTA,Sabu Raijua,,0.0380736571077,1.23438979443,4326,4,,,Sabu Raijua,Nusa Tenggara Timur,,0,Kupang,,2018-11,0.21323069286470694,11,0.21323069286470694,VIIRS DNB,nW/cm2/sr,2018,"{""type"":""MultiPoint"",""coordinates"":[]}"
58_00000000000000000008,BA03050040,,,,,,,53.15,53,3128.99733567,TASWIL5000020230907KABKOTA,Manggarai Barat,,0.257018604578,10.7211601624,4326,4,,,Manggarai Barat,Nusa Tenggara Timur,,0,Manggarai,,2018-11,0.17954297928262924,11,0.17954297928262924,VIIRS DNB,nW/cm2/sr,2018,"{""type"":""MultiPoint"",""coordinates"":[]}"
58_00000000000000000009,BA03050040,,,,,,,53.19,53,2389.52959786,TASWIL5000020230907KABKOTA,Manggarai Timur,,0.196263276889,2.60910655519,4326,4,,,Manggarai Timur,Nusa Tenggara Timur,,0,Manggarai,,2018-11,0.14774725553156323,11,0.14774725553156323,VIIRS DNB,nW/cm2/sr,2018,"{""type"":""MultiPoint"",""coordinates"":[]}"
58_0000000000000000000a,BA03050040,,,,,,,53.16,53,1396.16423098,TASWIL5000020230907KABKOTA,Nagekeo,,0.114707914625,2.15252417923,4326,4,,,Nagekeo,Nusa Tenggara Timur,,0,Ngada,,2018-11,0.196277314230058,11,0.196277314230058,VIIRS DNB,nW/cm2/sr,2018,"{""type"":""MultiPoint"",""coordinates"":[]}"
58_00000000000000000010,BA03050040,,,,,,,53.17,53,1789.65872064,TASWIL5000020230907KABKOTA,Sumba Tengah,,0.147379835649,2.42469258111,4326,4,,,Sumba Tengah,Nusa Tenggara Timur,,0,Sumba Barat,,2018-11,0.14415985615029353,11,0.14415985615029353,VIIRS DNB,nW/cm2/sr,2018,"{""type"":""MultiPoint"",""coordinates"":[]}"
58_00000000000000000014,BA03050040,,,,,,,53.18,53,1383.31224571,TASWIL5000020230907KABKOTA,Sumba Barat Daya,,0.113913848979,1.59805558471,4326,4,,,Sumba Barat Daya,Nusa Tenggara Timur,,0,Sumba Barat,,2018-11,0.19054393897728916,11,0.19054393897728916,VIIRS DNB,nW/cm2/sr,2018,"{""type"":""MultiPoint"",""coordinates"":[]}"
59_00000000000000000000,BA03050040,,,,,,,53.05,53,2928.55881854,TASWIL5000020230907KABKOTA,Alor,,0.24037265184,5.67288749982,4326,4,,,Alor,Nusa Tenggara Timur,,0,,,2018-12,0.20088576404675176,12,0.20088576404675176,VIIRS DNB,nW/cm2/sr,2018,"{""type"":""MultiPoint"",""coordinates"":[]}"
59_00000000000000000001,BA03050040,,,,,,,53.04,53,1127.25008655,TASWIL5000020230907KABKOTA,Belu,,0.0927289736817,2.29261763369,4326,4,,,Belu,Nusa Tenggara Timur,,0,,,2018-12,0.3257721883982423,12,0.3257721883982423,VIIRS DNB,nW/cm2/sr,2018,"{""type"":""MultiPoint"",""coordinates"":[]}"
59_00000000000000000002,BA03050040,,,,,,,53.06,53,1748.5165523,TASWIL5000020230907KABKOTA,Flores Timur,,0.143538260694,4.68012528849,4326,4,,,Flores Timur,Nusa Tenggara Timur,,0,,,2018-12,0.13521651610451652,12,0.13521651610451652,VIIRS DNB,nW/cm2/sr,2018,"{""type"":""MultiPoint"",""coordinates"":[]}"
59_00000000000000000004,BA03050040,,,,,,,53.01,53,5136.51008742,TASWIL5000020230907KABKOTA,Kupang,,0.423459507198,6.26740520892,4326,4,,,Kupang,Nusa Tenggara Timur,,0,,,2018-12,0.28331405188944037,12,0.28331405188944037,VIIRS DNB,nW/cm2/sr,2018,"{""type"":""MultiPoint"",""coordinates"":[]}"
59_00000000000000000007,BA03050040,,,,,,,53.10,53,1343.83414797,TASWIL5000020230907KABKOTA,Manggarai,,0.11037433796,2.62044875269,4326,4,,,Manggarai,Nusa Tenggara Timur,,0,,,2018-12,0.3030195045024905,12,0.3030195045024905,VIIRS DNB,nW/cm2/sr,2018,"{""type"":""MultiPoint"",""coordinates"":[]}"
59_0000000000000000000b,BA03050040,,,,,,,53.09,53,1735.63521769,TASWIL5000020230907KABKOTA,Ngada,,0.142589549676,2.86650785507,4326,4,,,Ngada,Nusa Tenggara Timur,,0,,,2018-12,0.24334399350337008,12,0.24334399350337008,VIIRS DNB,nW/cm2/sr,2018,"{""type"":""MultiPoint"",""coordinates"":[]}"
59_0000000000000000000e,BA03050040,,,,,,,53.07,53,1671.64902391,TASWIL5000020230907KABKOTA,Sikka,,0.137312979206,3.89925449996,4326,4,,,Sikka,Nusa Tenggara Timur,,0,,,2018-12,0.3252560841788005,12,0.3252560841788005,VIIRS DNB,nW/cm2/sr,2018,"{""type"":""MultiPoint"",""coordinates"":[]}"
59_0000000000000000000f,BA03050040,,,,,,,53.12,53,757.407641007,TASWIL5000020230907KABKOTA,Sumba Barat,,0.0623907023605,2.04212111278,4326,4,,,Sumba Barat,Nusa Tenggara Timur,,0,,,2018-12,0.26914988923725625,12,0.26914988923725625,VIIRS DNB,nW/cm2/sr,2018,"{""type"":""MultiPoint"",""coordinates"":[]}"
59_00000000000000000011,BA03050040,,,,,,,53.11,53,6984.01403441,TASWIL5000020230907KABKOTA,Sumba Timur,,0.575702142252,4.80415749282,4326,4,,,Sumba Timur,Nusa Tenggara Timur,,0,,,2018-12,0.26487370964220996,12,0.26487370964220996,VIIRS DNB,nW/cm2/sr,2018,"{""type"":""MultiPoint"",""coordinates"":[]}"
59_00000000000000000012,BA03050040,,,,,,,53.02,53,3933.15111495,TASWIL5000020230907KABKOTA,Timor Tengah Selatan,,0.324167140101,3.32375028444,4326,4,,,Timor Tengah Selatan,Nusa Tenggara Timur,,0,,,2018-12,0.23366081436326802,12,0.23366081436326802,VIIRS DNB,nW/cm2/sr,2018,"{""type"":""MultiPoint"",""coordinates"":[]}"
59_00000000000000000013,BA03050040,,,,,,,53.03,53,2623.19983128,TASWIL5000020230907KABKOTA,Timor Tengah Utara,,0.215921651765,3.4787254107,4326,4,,,Timor Tengah Utara,Nusa Tenggara Timur,,0,,,2018-12,0.2380753054403522,12,0.2380753054403522,VIIRS DNB,nW/cm2/sr,2018,"{""type"":""MultiPoint"",""coordinates"":[]}"
59_00000000000000000015,BA03050040,,,,,,,53.08,53,2085.24387061,TASWIL5000020230907KABKOTA,Ende,,0.171316232886,2.99297540949,4326,4,,,Ende,Nusa Tenggara Timur,,0,,,2018-12,0.28099280570639595,12,0.28099280570639595,VIIRS DNB,nW/cm2/sr,2018,"{""type"":""MultiPoint"",""coordinates"":[]}"
59_00000000000000000006,BA03050040,,,,,,,53.21,53,1109.16204574,TASWIL5000020230907KABKOTA,Malaka,,0.0913351434015,2.23370514726,4326,4,,,Malaka,Nusa Tenggara Timur,,0,Belu,,2018-12,0.27776613970273345,12,0.27776613970273345,VIIRS DNB,nW/cm2/sr,2018,"{""type"":""MultiPoint"",""coordinates"":[]}"
59_00000000000000000005,BA03050040,,,,,,,53.13,53,1268.10489804,TASWIL5000020230907KABKOTA,Lembata,,0.10410466891,3.45188597769,4326,4,,,Lembata,Nusa Tenggara Timur,,0,Flores Timur,,2018-12,0.07330614071957724,12,0.07330614071957724,VIIRS DNB,nW/cm2/sr,2018,"{""type"":""MultiPoint"",""coordinates"":[]}"
59_00000000000000000003,BA03050040,,,,,,,53.71,53,159.334041006,TASWIL5000020230907KABKOTA,Kota Kupang,,0.0131469663875,0.949087585397,4326,5,,,Kota Kupang,Nusa Tenggara Timur,,0,Kupang,,2018-12,3.573113762987711,12,3.573113762987711,VIIRS DNB,nW/cm2/sr,2018,"{""type"":""MultiPoint"",""coordinates"":[]}"
59_0000000000000000000c,BA03050040,,,,,,,53.14,53,1286.45281117,TASWIL5000020230907KABKOTA,Rote Ndao,,0.106321906477,4.76909476004,4326,4,,,Rote Ndao,Nusa Tenggara Timur,,0,Kupang,,2018-12,0.2740798511058883,12,0.2740798511058883,VIIRS DNB,nW/cm2/sr,2018,"{""type"":""MultiPoint"",""coordinates"":[]}"
59_0000000000000000000d,BA03050040,,,,,,,53.20,53,460.956594118,TASWIL5000020230907KABKOTA,Sabu Raijua,,0.0380736571077,1.23438979443,4326,4,,,Sabu Raijua,Nusa Tenggara Timur,,0,Kupang,,2018-12,0.30778381430542984,12,0.30778381430542984,VIIRS DNB,nW/cm2/sr,2018,"{""type"":""MultiPoint"",""coordinates"":[]}"
59_00000000000000000008,BA03050040,,,,,,,53.15,53,3128.99733567,TASWIL5000020230907KABKOTA,Manggarai Barat,,0.257018604578,10.7211601624,4326,4,,,Manggarai Barat,Nusa Tenggara Timur,,0,Manggarai,,2018-12,0.25260889341525566,12,0.25260889341525566,VIIRS DNB,nW/cm2/sr,2018,"{""type"":""MultiPoint"",""coordinates"":[]}"
59_00000000000000000009,BA03050040,,,,,,,53.19,53,2389.52959786,TASWIL5000020230907KABKOTA,Manggarai Timur,,0.196263276889,2.60910655519,4326,4,,,Manggarai Timur,Nusa Tenggara Timur,,0,Manggarai,,2018-12,0.2368582218934454,12,0.2368582218934454,VIIRS DNB,nW/cm2/sr,2018,"{""type"":""MultiPoint"",""coordinates"":[]}"
59_0000000000000000000a,BA03050040,,,,,,,53.16,53,1396.16423098,TASWIL5000020230907KABKOTA,Nagekeo,,0.114707914625,2.15252417923,4326,4,,,Nagekeo,Nusa Tenggara Timur,,0,Ngada,,2018-12,0.2715180384565793,12,0.2715180384565793,VIIRS DNB,nW/cm2/sr,2018,"{""type"":""MultiPoint"",""coordinates"":[]}"
59_00000000000000000010,BA03050040,,,,,,,53.17,53,1789.65872064,TASWIL5000020230907KABKOTA,Sumba Tengah,,0.147379835649,2.42469258111,4326,4,,,Sumba Tengah,Nusa Tenggara Timur,,0,Sumba Barat,,2018-12,0.2483951040976654,12,0.2483951040976654,VIIRS DNB,nW/cm2/sr,2018,"{""type"":""MultiPoint"",""coordinates"":[]}"
59_00000000000000000014,BA03050040,,,,,,,53.18,53,1383.31224571,TASWIL5000020230907KABKOTA,Sumba Barat Daya,,0.113913848979,1.59805558471,4326,4,,,Sumba Barat Daya,Nusa Tenggara Timur,,0,Sumba Barat,,2018-12,0.2821322766089595,12,0.2821322766089595,VIIRS DNB,nW/cm2/sr,2018,"{""type"":""MultiPoint"",""coordinates"":[]}"
60_00000000000000000000,BA03050040,,,,,,,53.05,53,2928.55881854,TASWIL5000020230907KABKOTA,Alor,,0.24037265184,5.67288749982,4326,4,,,Alor,Nusa Tenggara Timur,,0,,,2019-01,0.09243331022315043,1,0.09243331022315043,VIIRS DNB,nW/cm2/sr,2019,"{""type"":""MultiPoint"",""coordinates"":[]}"
60_00000000000000000001,BA03050040,,,,,,,53.04,53,1127.25008655,TASWIL5000020230907KABKOTA,Belu,,0.0927289736817,2.29261763369,4326,4,,,Belu,Nusa Tenggara Timur,,0,,,2019-01,0.19198038572341194,1,0.19198038572341194,VIIRS DNB,nW/cm2/sr,2019,"{""type"":""MultiPoint"",""coordinates"":[]}"
60_00000000000000000002,BA03050040,,,,,,,53.06,53,1748.5165523,TASWIL5000020230907KABKOTA,Flores Timur,,0.143538260694,4.68012528849,4326,4,,,Flores Timur,Nusa Tenggara Timur,,0,,,2019-01,0.10755641660492765,1,0.10755641660492765,VIIRS DNB,nW/cm2/sr,2019,"{""type"":""MultiPoint"",""coordinates"":[]}"
60_00000000000000000004,BA03050040,,,,,,,53.01,53,5136.51008742,TASWIL5000020230907KABKOTA,Kupang,,0.423459507198,6.26740520892,4326,4,,,Kupang,Nusa Tenggara Timur,,0,,,2019-01,0.11684068004924363,1,0.11684068004924363,VIIRS DNB,nW/cm2/sr,2019,"{""type"":""MultiPoint"",""coordinates"":[]}"
60_00000000000000000007,BA03050040,,,,,,,53.10,53,1343.83414797,TASWIL5000020230907KABKOTA,Manggarai,,0.11037433796,2.62044875269,4326,4,,,Manggarai,Nusa Tenggara Timur,,0,,,2019-01,0.14689346902883277,1,0.14689346902883277,VIIRS DNB,nW/cm2/sr,2019,"{""type"":""MultiPoint"",""coordinates"":[]}"
60_0000000000000000000b,BA03050040,,,,,,,53.09,53,1735.63521769,TASWIL5000020230907KABKOTA,Ngada,,0.142589549676,2.86650785507,4326,4,,,Ngada,Nusa Tenggara Timur,,0,,,2019-01,0.08308460860334606,1,0.08308460860334606,VIIRS DNB,nW/cm2/sr,2019,"{""type"":""MultiPoint"",""coordinates"":[]}"
60_0000000000000000000e,BA03050040,,,,,,,53.07,53,1671.64902391,TASWIL5000020230907KABKOTA,Sikka,,0.137312979206,3.89925449996,4326,4,,,Sikka,Nusa Tenggara Timur,,0,,,2019-01,0.13652263583191807,1,0.13652263583191807,VIIRS DNB,nW/cm2/sr,2019,"{""type"":""MultiPoint"",""coordinates"":[]}"
60_0000000000000000000f,BA03050040,,,,,,,53.12,53,757.407641007,TASWIL5000020230907KABKOTA,Sumba Barat,,0.0623907023605,2.04212111278,4326,4,,,Sumba Barat,Nusa Tenggara Timur,,0,,,2019-01,0.12931455666637273,1,0.12931455666637273,VIIRS DNB,nW/cm2/sr,2019,"{""type"":""MultiPoint"",""coordinates"":[]}"
60_00000000000000000011,BA03050040,,,,,,,53.11,53,6984.01403441,TASWIL5000020230907KABKOTA,Sumba Timur,,0.575702142252,4.80415749282,4326,4,,,Sumba Timur,Nusa Tenggara Timur,,0,,,2019-01,0.08196644386960014,1,0.08196644386960014,VIIRS DNB,nW/cm2/sr,2019,"{""type"":""MultiPoint"",""coordinates"":[]}"
60_00000000000000000012,BA03050040,,,,,,,53.02,53,3933.15111495,TASWIL5000020230907KABKOTA,Timor Tengah Selatan,,0.324167140101,3.32375028444,4326,4,,,Timor Tengah Selatan,Nusa Tenggara Timur,,0,,,2019-01,0.10904680434018568,1,0.10904680434018568,VIIRS DNB,nW/cm2/sr,2019,"{""type"":""MultiPoint"",""coordinates"":[]}"
60_00000000000000000013,BA03050040,,,,,,,53.03,53,2623.19983128,TASWIL5000020230907KABKOTA,Timor Tengah Utara,,0.215921651765,3.4787254107,4326,4,,,Timor Tengah Utara,Nusa Tenggara Timur,,0,,,2019-01,0.12222433244077072,1,0.12222433244077072,VIIRS DNB,nW/cm2/sr,2019,"{""type"":""MultiPoint"",""coordinates"":[]}"
60_00000000000000000015,BA03050040,,,,,,,53.08,53,2085.24387061,TASWIL5000020230907KABKOTA,Ende,,0.171316232886,2.99297540949,4326,4,,,Ende,Nusa Tenggara Timur,,0,,,2019-01,0.10804153693175858,1,0.10804153693175858,VIIRS DNB,nW/cm2/sr,2019,"{""type"":""MultiPoint"",""coordinates"":[]}"
60_00000000000000000006,BA03050040,,,,,,,53.21,53,1109.16204574,TASWIL5000020230907KABKOTA,Malaka,,0.0913351434015,2.23370514726,4326,4,,,Malaka,Nusa Tenggara Timur,,0,Belu,,2019-01,0.14883198892627236,1,0.14883198892627236,VIIRS DNB,nW/cm2/sr,2019,"{""type"":""MultiPoint"",""coordinates"":[]}"
60_00000000000000000005,BA03050040,,,,,,,53.13,53,1268.10489804,TASWIL5000020230907KABKOTA,Lembata,,0.10410466891,3.45188597769,4326,4,,,Lembata,Nusa Tenggara Timur,,0,Flores Timur,,2019-01,0.09934927588955107,1,0.09934927588955107,VIIRS DNB,nW/cm2/sr,2019,"{""type"":""MultiPoint"",""coordinates"":[]}"
60_00000000000000000003,BA03050040,,,,,,,53.71,53,159.334041006,TASWIL5000020230907KABKOTA,Kota Kupang,,0.0131469663875,0.949087585397,4326,5,,,Kota Kupang,Nusa Tenggara Timur,,0,Kupang,,2019-01,3.4709023536338863,1,3.4709023536338863,VIIRS DNB,nW/cm2/sr,2019,"{""type"":""MultiPoint"",""coordinates"":[]}"
60_0000000000000000000c,BA03050040,,,,,,,53.14,53,1286.45281117,TASWIL5000020230907KABKOTA,Rote Ndao,,0.106321906477,4.76909476004,4326,4,,,Rote Ndao,Nusa Tenggara Timur,,0,Kupang,,2019-01,0.13634798919760932,1,0.13634798919760932,VIIRS DNB,nW/cm2/sr,2019,"{""type"":""MultiPoint"",""coordinates"":[]}"
60_0000000000000000000d,BA03050040,,,,,,,53.20,53,460.956594118,TASWIL5000020230907KABKOTA,Sabu Raijua,,0.0380736571077,1.23438979443,4326,4,,,Sabu Raijua,Nusa Tenggara Timur,,0,Kupang,,2019-01,0.14175320045108714,1,0.14175320045108714,VIIRS DNB,nW/cm2/sr,2019,"{""type"":""MultiPoint"",""coordinates"":[]}"
60_00000000000000000008,BA03050040,,,,,,,53.15,53,3128.99733567,TASWIL5000020230907KABKOTA,Manggarai Barat,,0.257018604578,10.7211601624,4326,4,,,Manggarai Barat,Nusa Tenggara Timur,,0,Manggarai,,2019-01,0.10026654461273732,1,0.10026654461273732,VIIRS DNB,nW/cm2/sr,2019,"{""type"":""MultiPoint"",""coordinates"":[]}"
60_00000000000000000009,BA03050040,,,,,,,53.19,53,2389.52959786,TASWIL5000020230907KABKOTA,Manggarai Timur,,0.196263276889,2.60910655519,4326,4,,,Manggarai Timur,Nusa Tenggara Timur,,0,Manggarai,,2019-01,0.07605282114441339,1,0.07605282114441339,VIIRS DNB,nW/cm2/sr,2019,"{""type"":""MultiPoint"",""coordinates"":[]}"
60_0000000000000000000a,BA03050040,,,,,,,53.16,53,1396.16423098,TASWIL5000020230907KABKOTA,Nagekeo,,0.114707914625,2.15252417923,4326,4,,,Nagekeo,Nusa Tenggara Timur,,0,Ngada,,2019-01,0.08049586396280514,1,0.08049586396280514,VIIRS DNB,nW/cm2/sr,2019,"{""type"":""MultiPoint"",""coordinates"":[]}"
60_00000000000000000010,BA03050040,,,,,,,53.17,53,1789.65872064,TASWIL5000020230907KABKOTA,Sumba Tengah,,0.147379835649,2.42469258111,4326,4,,,Sumba Tengah,Nusa Tenggara Timur,,0,Sumba Barat,,2019-01,0.08979847256387166,1,0.08979847256387166,VIIRS DNB,nW/cm2/sr,2019,"{""type"":""MultiPoint"",""coordinates"":[]}"
60_00000000000000000014,BA03050040,,,,,,,53.18,53,1383.31224571,TASWIL5000020230907KABKOTA,Sumba Barat Daya,,0.113913848979,1.59805558471,4326,4,,,Sumba Barat Daya,Nusa Tenggara Timur,,0,Sumba Barat,,2019-01,0.11741468169356359,1,0.11741468169356359,VIIRS DNB,nW/cm2/sr,2019,"{""type"":""MultiPoint"",""coordinates"":[]}"
61_00000000000000000000,BA03050040,,,,,,,53.05,53,2928.55881854,TASWIL5000020230907KABKOTA,Alor,,0.24037265184,5.67288749982,4326,4,,,Alor,Nusa Tenggara Timur,,0,,,2019-02,0.1601163771906253,2,0.1601163771906253,VIIRS DNB,nW/cm2/sr,2019,"{""type"":""MultiPoint"",""coordinates"":[]}"
61_00000000000000000001,BA03050040,,,,,,,53.04,53,1127.25008655,TASWIL5000020230907KABKOTA,Belu,,0.0927289736817,2.29261763369,4326,4,,,Belu,Nusa Tenggara Timur,,0,,,2019-02,0.2243073090028654,2,0.2243073090028654,VIIRS DNB,nW/cm2/sr,2019,"{""type"":""MultiPoint"",""coordinates"":[]}"
61_00000000000000000002,BA03050040,,,,,,,53.06,53,1748.5165523,TASWIL5000020230907KABKOTA,Flores Timur,,0.143538260694,4.68012528849,4326,4,,,Flores Timur,Nusa Tenggara Timur,,0,,,2019-02,0.19206040262034668,2,0.19206040262034668,VIIRS DNB,nW/cm2/sr,2019,"{""type"":""MultiPoint"",""coordinates"":[]}"
61_00000000000000000004,BA03050040,,,,,,,53.01,53,5136.51008742,TASWIL5000020230907KABKOTA,Kupang,,0.423459507198,6.26740520892,4326,4,,,Kupang,Nusa Tenggara Timur,,0,,,2019-02,0.19220254504726952,2,0.19220254504726952,VIIRS DNB,nW/cm2/sr,2019,"{""type"":""MultiPoint"",""coordinates"":[]}"
61_00000000000000000007,BA03050040,,,,,,,53.10,53,1343.83414797,TASWIL5000020230907KABKOTA,Manggarai,,0.11037433796,2.62044875269,4326,4,,,Manggarai,Nusa Tenggara Timur,,0,,,2019-02,0.2112584608429623,2,0.2112584608429623,VIIRS DNB,nW/cm2/sr,2019,"{""type"":""MultiPoint"",""coordinates"":[]}"
61_0000000000000000000b,BA03050040,,,,,,,53.09,53,1735.63521769,TASWIL5000020230907KABKOTA,Ngada,,0.142589549676,2.86650785507,4326,4,,,Ngada,Nusa Tenggara Timur,,0,,,2019-02,0.18525184090733757,2,0.18525184090733757,VIIRS DNB,nW/cm2/sr,2019,"{""type"":""MultiPoint"",""coordinates"":[]}"
61_0000000000000000000e,BA03050040,,,,,,,53.07,53,1671.64902391,TASWIL5000020230907KABKOTA,Sikka,,0.137312979206,3.89925449996,4326,4,,,Sikka,Nusa Tenggara Timur,,0,,,2019-02,0.2105632975572509,2,0.2105632975572509,VIIRS DNB,nW/cm2/sr,2019,"{""type"":""MultiPoint"",""coordinates"":[]}"
61_0000000000000000000f,BA03050040,,,,,,,53.12,53,757.407641007,TASWIL5000020230907KABKOTA,Sumba Barat,,0.0623907023605,2.04212111278,4326,4,,,Sumba Barat,Nusa Tenggara Timur,,0,,,2019-02,0.1938380107893861,2,0.1938380107893861,VIIRS DNB,nW/cm2/sr,2019,"{""type"":""MultiPoint"",""coordinates"":[]}"
61_00000000000000000011,BA03050040,,,,,,,53.11,53,6984.01403441,TASWIL5000020230907KABKOTA,Sumba Timur,,0.575702142252,4.80415749282,4326,4,,,Sumba Timur,Nusa Tenggara Timur,,0,,,2019-02,0.19930412568851244,2,0.19930412568851244,VIIRS DNB,nW/cm2/sr,2019,"{""type"":""MultiPoint"",""coordinates"":[]}"
61_00000000000000000012,BA03050040,,,,,,,53.02,53,3933.15111495,TASWIL5000020230907KABKOTA,Timor Tengah Selatan,,0.324167140101,3.32375028444,4326,4,,,Timor Tengah Selatan,Nusa Tenggara Timur,,0,,,2019-02,0.17478748058464083,2,0.17478748058464083,VIIRS DNB,nW/cm2/sr,2019,"{""type"":""MultiPoint"",""coordinates"":[]}"
61_00000000000000000013,BA03050040,,,,,,,53.03,53,2623.19983128,TASWIL5000020230907KABKOTA,Timor Tengah Utara,,0.215921651765,3.4787254107,4326,4,,,Timor Tengah Utara,Nusa Tenggara Timur,,0,,,2019-02,0.1965132206149531,2,0.1965132206149531,VIIRS DNB,nW/cm2/sr,2019,"{""type"":""MultiPoint"",""coordinates"":[]}"
61_00000000000000000015,BA03050040,,,,,,,53.08,53,2085.24387061,TASWIL5000020230907KABKOTA,Ende,,0.171316232886,2.99297540949,4326,4,,,Ende,Nusa Tenggara Timur,,0,,,2019-02,0.1961226365515428,2,0.1961226365515428,VIIRS DNB,nW/cm2/sr,2019,"{""type"":""MultiPoint"",""coordinates"":[]}"
61_00000000000000000006,BA03050040,,,,,,,53.21,53,1109.16204574,TASWIL5000020230907KABKOTA,Malaka,,0.0913351434015,2.23370514726,4326,4,,,Malaka,Nusa Tenggara Timur,,0,Belu,,2019-02,0.19261307918495638,2,0.19261307918495638,VIIRS DNB,nW/cm2/sr,2019,"{""type"":""MultiPoint"",""coordinates"":[]}"
61_00000000000000000005,BA03050040,,,,,,,53.13,53,1268.10489804,TASWIL5000020230907KABKOTA,Lembata,,0.10410466891,3.45188597769,4326,4,,,Lembata,Nusa Tenggara Timur,,0,Flores Timur,,2019-02,0.19017975616624333,2,0.19017975616624333,VIIRS DNB,nW/cm2/sr,2019,"{""type"":""MultiPoint"",""coordinates"":[]}"
61_00000000000000000003,BA03050040,,,,,,,53.71,53,159.334041006,TASWIL5000020230907KABKOTA,Kota Kupang,,0.0131469663875,0.949087585397,4326,5,,,Kota Kupang,Nusa Tenggara Timur,,0,Kupang,,2019-02,2.967863642860533,2,2.967863642860533,VIIRS DNB,nW/cm2/sr,2019,"{""type"":""MultiPoint"",""coordinates"":[]}"
61_0000000000000000000c,BA03050040,,,,,,,53.14,53,1286.45281117,TASWIL5000020230907KABKOTA,Rote Ndao,,0.106321906477,4.76909476004,4326,4,,,Rote Ndao,Nusa Tenggara Timur,,0,Kupang,,2019-02,0.19572312295300556,2,0.19572312295300556,VIIRS DNB,nW/cm2/sr,2019,"{""type"":""MultiPoint"",""coordinates"":[]}"
61_0000000000000000000d,BA03050040,,,,,,,53.20,53,460.956594118,TASWIL5000020230907KABKOTA,Sabu Raijua,,0.0380736571077,1.23438979443,4326,4,,,Sabu Raijua,Nusa Tenggara Timur,,0,Kupang,,2019-02,0.19340115566936564,2,0.19340115566936564,VIIRS DNB,nW/cm2/sr,2019,"{""type"":""MultiPoint"",""coordinates"":[]}"
61_00000000000000000008,BA03050040,,,,,,,53.15,53,3128.99733567,TASWIL5000020230907KABKOTA,Manggarai Barat,,0.257018604578,10.7211601624,4326,4,,,Manggarai Barat,Nusa Tenggara Timur,,0,Manggarai,,2019-02,0.1891403601258889,2,0.1891403601258889,VIIRS DNB,nW/cm2/sr,2019,"{""type"":""MultiPoint"",""coordinates"":[]}"
61_00000000000000000009,BA03050040,,,,,,,53.19,53,2389.52959786,TASWIL5000020230907KABKOTA,Manggarai Timur,,0.196263276889,2.60910655519,4326,4,,,Manggarai Timur,Nusa Tenggara Timur,,0,Manggarai,,2019-02,0.16862262331093428,2,0.16862262331093428,VIIRS DNB,nW/cm2/sr,2019,"{""type"":""MultiPoint"",""coordinates"":[]}"
61_0000000000000000000a,BA03050040,,,,,,,53.16,53,1396.16423098,TASWIL5000020230907KABKOTA,Nagekeo,,0.114707914625,2.15252417923,4326,4,,,Nagekeo,Nusa Tenggara Timur,,0,Ngada,,2019-02,0.18302479240677125,2,0.18302479240677125,VIIRS DNB,nW/cm2/sr,2019,"{""type"":""MultiPoint"",""coordinates"":[]}"
61_00000000000000000010,BA03050040,,,,,,,53.17,53,1789.65872064,TASWIL5000020230907KABKOTA,Sumba Tengah,,0.147379835649,2.42469258111,4326,4,,,Sumba Tengah,Nusa Tenggara Timur,,0,Sumba Barat,,2019-02,0.1701184534550038,2,0.1701184534550038,VIIRS DNB,nW/cm2/sr,2019,"{""type"":""MultiPoint"",""coordinates"":[]}"
61_00000000000000000014,BA03050040,,,,,,,53.18,53,1383.31224571,TASWIL5000020230907KABKOTA,Sumba Barat Daya,,0.113913848979,1.59805558471,4326,4,,,Sumba Barat Daya,Nusa Tenggara Timur,,0,Sumba Barat,,2019-02,0.16072027427198757,2,0.16072027427198757,VIIRS DNB,nW/cm2/sr,2019,"{""type"":""MultiPoint"",""coordinates"":[]}"
62_00000000000000000000,BA03050040,,,,,,,53.05,53,2928.55881854,TASWIL5000020230907KABKOTA,Alor,,0.24037265184,5.67288749982,4326,4,,,Alor,Nusa Tenggara Timur,,0,,,2019-03,0.14908708159954162,3,0.14908708159954162,VIIRS DNB,nW/cm2/sr,2019,"{""type"":""MultiPoint"",""coordinates"":[]}"
62_00000000000000000001,BA03050040,,,,,,,53.04,53,1127.25008655,TASWIL5000020230907KABKOTA,Belu,,0.0927289736817,2.29261763369,4326,4,,,Belu,Nusa Tenggara Timur,,0,,,2019-03,0.27466587699612677,3,0.27466587699612677,VIIRS DNB,nW/cm2/sr,2019,"{""type"":""MultiPoint"",""coordinates"":[]}"
62_00000000000000000002,BA03050040,,,,,,,53.06,53,1748.5165523,TASWIL5000020230907KABKOTA,Flores Timur,,0.143538260694,4.68012528849,4326,4,,,Flores Timur,Nusa Tenggara Timur,,0,,,2019-03,0.19336412897775546,3,0.19336412897775546,VIIRS DNB,nW/cm2/sr,2019,"{""type"":""MultiPoint"",""coordinates"":[]}"
62_00000000000000000004,BA03050040,,,,,,,53.01,53,5136.51008742,TASWIL5000020230907KABKOTA,Kupang,,0.423459507198,6.26740520892,4326,4,,,Kupang,Nusa Tenggara Timur,,0,,,2019-03,0.23997934276066357,3,0.23997934276066357,VIIRS DNB,nW/cm2/sr,2019,"{""type"":""MultiPoint"",""coordinates"":[]}"
62_00000000000000000007,BA03050040,,,,,,,53.10,53,1343.83414797,TASWIL5000020230907KABKOTA,Manggarai,,0.11037433796,2.62044875269,4326,4,,,Manggarai,Nusa Tenggara Timur,,0,,,2019-03,0.2657947241953498,3,0.2657947241953498,VIIRS DNB,nW/cm2/sr,2019,"{""type"":""MultiPoint"",""coordinates"":[]}"
62_0000000000000000000b,BA03050040,,,,,,,53.09,53,1735.63521769,TASWIL5000020230907KABKOTA,Ngada,,0.142589549676,2.86650785507,4326,4,,,Ngada,Nusa Tenggara Timur,,0,,,2019-03,0.2051378997510693,3,0.2051378997510693,VIIRS DNB,nW/cm2/sr,2019,"{""type"":""MultiPoint"",""coordinates"":[]}"
62_0000000000000000000e,BA03050040,,,,,,,53.07,53,1671.64902391,TASWIL5000020230907KABKOTA,Sikka,,0.137312979206,3.89925449996,4326,4,,,Sikka,Nusa Tenggara Timur,,0,,,2019-03,0.24313715817586737,3,0.24313715817586737,VIIRS DNB,nW/cm2/sr,2019,"{""type"":""MultiPoint"",""coordinates"":[]}"
62_0000000000000000000f,BA03050040,,,,,,,53.12,53,757.407641007,TASWIL5000020230907KABKOTA,Sumba Barat,,0.0623907023605,2.04212111278,4326,4,,,Sumba Barat,Nusa Tenggara Timur,,0,,,2019-03,0.2314561754466332,3,0.2314561754466332,VIIRS DNB,nW/cm2/sr,2019,"{""type"":""MultiPoint"",""coordinates"":[]}"
62_00000000000000000011,BA03050040,,,,,,,53.11,53,6984.01403441,TASWIL5000020230907KABKOTA,Sumba Timur,,0.575702142252,4.80415749282,4326,4,,,Sumba Timur,Nusa Tenggara Timur,,0,,,2019-03,0.18675552393952344,3,0.18675552393952344,VIIRS DNB,nW/cm2/sr,2019,"{""type"":""MultiPoint"",""coordinates"":[]}"
62_00000000000000000012,BA03050040,,,,,,,53.02,53,3933.15111495,TASWIL5000020230907KABKOTA,Timor Tengah Selatan,,0.324167140101,3.32375028444,4326,4,,,Timor Tengah Selatan,Nusa Tenggara Timur,,0,,,2019-03,0.2167148836886605,3,0.2167148836886605,VIIRS DNB,nW/cm2/sr,2019,"{""type"":""MultiPoint"",""coordinates"":[]}"
62_00000000000000000013,BA03050040,,,,,,,53.03,53,2623.19983128,TASWIL5000020230907KABKOTA,Timor Tengah Utara,,0.215921651765,3.4787254107,4326,4,,,Timor Tengah Utara,Nusa Tenggara Timur,,0,,,2019-03,0.2215937888386237,3,0.2215937888386237,VIIRS DNB,nW/cm2/sr,2019,"{""type"":""MultiPoint"",""coordinates"":[]}"
62_00000000000000000015,BA03050040,,,,,,,53.08,53,2085.24387061,TASWIL5000020230907KABKOTA,Ende,,0.171316232886,2.99297540949,4326,4,,,Ende,Nusa Tenggara Timur,,0,,,2019-03,0.22576232788008938,3,0.22576232788008938,VIIRS DNB,nW/cm2/sr,2019,"{""type"":""MultiPoint"",""coordinates"":[]}"
62_00000000000000000006,BA03050040,,,,,,,53.21,53,1109.16204574,TASWIL5000020230907KABKOTA,Malaka,,0.0913351434015,2.23370514726,4326,4,,,Malaka,Nusa Tenggara Timur,,0,Belu,,2019-03,0.2349004934754634,3,0.2349004934754634,VIIRS DNB,nW/cm2/sr,2019,"{""type"":""MultiPoint"",""coordinates"":[]}"
62_00000000000000000005,BA03050040,,,,,,,53.13,53,1268.10489804,TASWIL5000020230907KABKOTA,Lembata,,0.10410466891,3.45188597769,4326,4,,,Lembata,Nusa Tenggara Timur,,0,Flores Timur,,2019-03,0.2110047332151615,3,0.2110047332151615,VIIRS DNB,nW/cm2/sr,2019,"{""type"":""MultiPoint"",""coordinates"":[]}"
62_00000000000000000003,BA03050040,,,,,,,53.71,53,159.334041006,TASWIL5000020230907KABKOTA,Kota Kupang,,0.0131469663875,0.949087585397,4326,5,,,Kota Kupang,Nusa Tenggara Timur,,0,Kupang,,2019-03,4.189862285215686,3,4.189862285215686,VIIRS DNB,nW/cm2/sr,2019,"{""type"":""MultiPoint"",""coordinates"":[]}"
62_0000000000000000000c,BA03050040,,,,,,,53.14,53,1286.45281117,TASWIL5000020230907KABKOTA,Rote Ndao,,0.106321906477,4.76909476004,4326,4,,,Rote Ndao,Nusa Tenggara Timur,,0,Kupang,,2019-03,0.20145560993305342,3,0.20145560993305342,VIIRS DNB,nW/cm2/sr,2019,"{""type"":""MultiPoint"",""coordinates"":[]}"
62_0000000000000000000d,BA03050040,,,,,,,53.20,53,460.956594118,TASWIL5000020230907KABKOTA,Sabu Raijua,,0.0380736571077,1.23438979443,4326,4,,,Sabu Raijua,Nusa Tenggara Timur,,0,Kupang,,2019-03,0.21674062683586465,3,0.21674062683586465,VIIRS DNB,nW/cm2/sr,2019,"{""type"":""MultiPoint"",""coordinates"":[]}"
62_00000000000000000008,BA03050040,,,,,,,53.15,53,3128.99733567,TASWIL5000020230907KABKOTA,Manggarai Barat,,0.257018604578,10.7211601624,4326,4,,,Manggarai Barat,Nusa Tenggara Timur,,0,Manggarai,,2019-03,0.20349971062215197,3,0.20349971062215197,VIIRS DNB,nW/cm2/sr,2019,"{""type"":""MultiPoint"",""coordinates"":[]}"
62_00000000000000000009,BA03050040,,,,,,,53.19,53,2389.52959786,TASWIL5000020230907KABKOTA,Manggarai Timur,,0.196263276889,2.60910655519,4326,4,,,Manggarai Timur,Nusa Tenggara Timur,,0,Manggarai,,2019-03,0.20362615858438088,3,0.20362615858438088,VIIRS DNB,nW/cm2/sr,2019,"{""type"":""MultiPoint"",""coordinates"":[]}"
62_0000000000000000000a,BA03050040,,,,,,,53.16,53,1396.16423098,TASWIL5000020230907KABKOTA,Nagekeo,,0.114707914625,2.15252417923,4326,4,,,Nagekeo,Nusa Tenggara Timur,,0,Ngada,,2019-03,0.21160710649903627,3,0.21160710649903627,VIIRS DNB,nW/cm2/sr,2019,"{""type"":""MultiPoint"",""coordinates"":[]}"
62_00000000000000000010,BA03050040,,,,,,,53.17,53,1789.65872064,TASWIL5000020230907KABKOTA,Sumba Tengah,,0.147379835649,2.42469258111,4326,4,,,Sumba Tengah,Nusa Tenggara Timur,,0,Sumba Barat,,2019-03,0.1857316978634051,3,0.1857316978634051,VIIRS DNB,nW/cm2/sr,2019,"{""type"":""MultiPoint"",""coordinates"":[]}"
62_00000000000000000014,BA03050040,,,,,,,53.18,53,1383.31224571,TASWIL5000020230907KABKOTA,Sumba Barat Daya,,0.113913848979,1.59805558471,4326,4,,,Sumba Barat Daya,Nusa Tenggara Timur,,0,Sumba Barat,,2019-03,0.23122159520964508,3,0.23122159520964508,VIIRS DNB,nW/cm2/sr,2019,"{""type"":""MultiPoint"",""coordinates"":[]}"
63_00000000000000000000,BA03050040,,,,,,,53.05,53,2928.55881854,TASWIL5000020230907KABKOTA,Alor,,0.24037265184,5.67288749982,4326,4,,,Alor,Nusa Tenggara Timur,,0,,,2019-04,0.247397125777247,4,0.247397125777247,VIIRS DNB,nW/cm2/sr,2019,"{""type"":""MultiPoint"",""coordinates"":[]}"
63_00000000000000000001,BA03050040,,,,,,,53.04,53,1127.25008655,TASWIL5000020230907KABKOTA,Belu,,0.0927289736817,2.29261763369,4326,4,,,Belu,Nusa Tenggara Timur,,0,,,2019-04,0.3034858792676276,4,0.3034858792676276,VIIRS DNB,nW/cm2/sr,2019,"{""type"":""MultiPoint"",""coordinates"":[]}"
63_00000000000000000002,BA03050040,,,,,,,53.06,53,1748.5165523,TASWIL5000020230907KABKOTA,Flores Timur,,0.143538260694,4.68012528849,4326,4,,,Flores Timur,Nusa Tenggara Timur,,0,,,2019-04,0.29066685225325595,4,0.29066685225325595,VIIRS DNB,nW/cm2/sr,2019,"{""type"":""MultiPoint"",""coordinates"":[]}"
63_00000000000000000004,BA03050040,,,,,,,53.01,53,5136.51008742,TASWIL5000020230907KABKOTA,Kupang,,0.423459507198,6.26740520892,4326,4,,,Kupang,Nusa Tenggara Timur,,0,,,2019-04,0.25339008163655313,4,0.25339008163655313,VIIRS DNB,nW/cm2/sr,2019,"{""type"":""MultiPoint"",""coordinates"":[]}"
63_00000000000000000007,BA03050040,,,,,,,53.10,53,1343.83414797,TASWIL5000020230907KABKOTA,Manggarai,,0.11037433796,2.62044875269,4326,4,,,Manggarai,Nusa Tenggara Timur,,0,,,2019-04,0.29653896771587274,4,0.29653896771587274,VIIRS DNB,nW/cm2/sr,2019,"{""type"":""MultiPoint"",""coordinates"":[]}"
63_0000000000000000000b,BA03050040,,,,,,,53.09,53,1735.63521769,TASWIL5000020230907KABKOTA,Ngada,,0.142589549676,2.86650785507,4326,4,,,Ngada,Nusa Tenggara Timur,,0,,,2019-04,0.24600868550298527,4,0.24600868550298527,VIIRS DNB,nW/cm2/sr,2019,"{""type"":""MultiPoint"",""coordinates"":[]}"
63_0000000000000000000e,BA03050040,,,,,,,53.07,53,1671.64902391,TASWIL5000020230907KABKOTA,Sikka,,0.137312979206,3.89925449996,4326,4,,,Sikka,Nusa Tenggara Timur,,0,,,2019-04,0.3143036055845291,4,0.3143036055845291,VIIRS DNB,nW/cm2/sr,2019,"{""type"":""MultiPoint"",""coordinates"":[]}"
63_0000000000000000000f,BA03050040,,,,,,,53.12,53,757.407641007,TASWIL5000020230907KABKOTA,Sumba Barat,,0.0623907023605,2.04212111278,4326,4,,,Sumba Barat,Nusa Tenggara Timur,,0,,,2019-04,0.23296625092122653,4,0.23296625092122653,VIIRS DNB,nW/cm2/sr,2019,"{""type"":""MultiPoint"",""coordinates"":[]}"
63_00000000000000000011,BA03050040,,,,,,,53.11,53,6984.01403441,TASWIL5000020230907KABKOTA,Sumba Timur,,0.575702142252,4.80415749282,4326,4,,,Sumba Timur,Nusa Tenggara Timur,,0,,,2019-04,0.22047615106352497,4,0.22047615106352497,VIIRS DNB,nW/cm2/sr,2019,"{""type"":""MultiPoint"",""coordinates"":[]}"
63_00000000000000000012,BA03050040,,,,,,,53.02,53,3933.15111495,TASWIL5000020230907KABKOTA,Timor Tengah Selatan,,0.324167140101,3.32375028444,4326,4,,,Timor Tengah Selatan,Nusa Tenggara Timur,,0,,,2019-04,0.24611244663711102,4,0.24611244663711102,VIIRS DNB,nW/cm2/sr,2019,"{""type"":""MultiPoint"",""coordinates"":[]}"
63_00000000000000000013,BA03050040,,,,,,,53.03,53,2623.19983128,TASWIL5000020230907KABKOTA,Timor Tengah Utara,,0.215921651765,3.4787254107,4326,4,,,Timor Tengah Utara,Nusa Tenggara Timur,,0,,,2019-04,0.24459836096541937,4,0.24459836096541937,VIIRS DNB,nW/cm2/sr,2019,"{""type"":""MultiPoint"",""coordinates"":[]}"
63_00000000000000000015,BA03050040,,,,,,,53.08,53,2085.24387061,TASWIL5000020230907KABKOTA,Ende,,0.171316232886,2.99297540949,4326,4,,,Ende,Nusa Tenggara Timur,,0,,,2019-04,0.2821944412643849,4,0.2821944412643849,VIIRS DNB,nW/cm2/sr,2019,"{""type"":""MultiPoint"",""coordinates"":[]}"
63_00000000000000000006,BA03050040,,,,,,,53.21,53,1109.16204574,TASWIL5000020230907KABKOTA,Malaka,,0.0913351434015,2.23370514726,4326,4,,,Malaka,Nusa Tenggara Timur,,0,Belu,,2019-04,0.2629847696544928,4,0.2629847696544928,VIIRS DNB,nW/cm2/sr,2019,"{""type"":""MultiPoint"",""coordinates"":[]}"
63_00000000000000000005,BA03050040,,,,,,,53.13,53,1268.10489804,TASWIL5000020230907KABKOTA,Lembata,,0.10410466891,3.45188597769,4326,4,,,Lembata,Nusa Tenggara Timur,,0,Flores Timur,,2019-04,0.28804489416947343,4,0.28804489416947343,VIIRS DNB,nW/cm2/sr,2019,"{""type"":""MultiPoint"",""coordinates"":[]}"
63_00000000000000000003,BA03050040,,,,,,,53.71,53,159.334041006,TASWIL5000020230907KABKOTA,Kota Kupang,,0.0131469663875,0.949087585397,4326,5,,,Kota Kupang,Nusa Tenggara Timur,,0,Kupang,,2019-04,3.7980471041828245,4,3.7980471041828245,VIIRS DNB,nW/cm2/sr,2019,"{""type"":""MultiPoint"",""coordinates"":[]}"
63_0000000000000000000c,BA03050040,,,,,,,53.14,53,1286.45281117,TASWIL5000020230907KABKOTA,Rote Ndao,,0.106321906477,4.76909476004,4326,4,,,Rote Ndao,Nusa Tenggara Timur,,0,Kupang,,2019-04,0.24919395550610032,4,0.24919395550610032,VIIRS DNB,nW/cm2/sr,2019,"{""type"":""MultiPoint"",""coordinates"":[]}"
63_0000000000000000000d,BA03050040,,,,,,,53.20,53,460.956594118,TASWIL5000020230907KABKOTA,Sabu Raijua,,0.0380736571077,1.23438979443,4326,4,,,Sabu Raijua,Nusa Tenggara Timur,,0,Kupang,,2019-04,0.2616398911074304,4,0.2616398911074304,VIIRS DNB,nW/cm2/sr,2019,"{""type"":""MultiPoint"",""coordinates"":[]}"
63_00000000000000000008,BA03050040,,,,,,,53.15,53,3128.99733567,TASWIL5000020230907KABKOTA,Manggarai Barat,,0.257018604578,10.7211601624,4326,4,,,Manggarai Barat,Nusa Tenggara Timur,,0,Manggarai,,2019-04,0.2539453147036054,4,0.2539453147036054,VIIRS DNB,nW/cm2/sr,2019,"{""type"":""MultiPoint"",""coordinates"":[]}"
63_00000000000000000009,BA03050040,,,,,,,53.19,53,2389.52959786,TASWIL5000020230907KABKOTA,Manggarai Timur,,0.196263276889,2.60910655519,4326,4,,,Manggarai Timur,Nusa Tenggara Timur,,0,Manggarai,,2019-04,0.23956788535624965,4,0.23956788535624965,VIIRS DNB,nW/cm2/sr,2019,"{""type"":""MultiPoint"",""coordinates"":[]}"
63_0000000000000000000a,BA03050040,,,,,,,53.16,53,1396.16423098,TASWIL5000020230907KABKOTA,Nagekeo,,0.114707914625,2.15252417923,4326,4,,,Nagekeo,Nusa Tenggara Timur,,0,Ngada,,2019-04,0.26254548212095147,4,0.26254548212095147,VIIRS DNB,nW/cm2/sr,2019,"{""type"":""MultiPoint"",""coordinates"":[]}"
63_00000000000000000010,BA03050040,,,,,,,53.17,53,1789.65872064,TASWIL5000020230907KABKOTA,Sumba Tengah,,0.147379835649,2.42469258111,4326,4,,,Sumba Tengah,Nusa Tenggara Timur,,0,Sumba Barat,,2019-04,0.2101863449298837,4,0.2101863449298837,VIIRS DNB,nW/cm2/sr,2019,"{""type"":""MultiPoint"",""coordinates"":[]}"
63_00000000000000000014,BA03050040,,,,,,,53.18,53,1383.31224571,TASWIL5000020230907KABKOTA,Sumba Barat Daya,,0.113913848979,1.59805558471,4326,4,,,Sumba Barat Daya,Nusa Tenggara Timur,,0,Sumba Barat,,2019-04,0.234878837222389,4,0.234878837222389,VIIRS DNB,nW/cm2/sr,2019,"{""type"":""MultiPoint"",""coordinates"":[]}"
64_00000000000000000000,BA03050040,,,,,,,53.05,53,2928.55881854,TASWIL5000020230907KABKOTA,Alor,,0.24037265184,5.67288749982,4326,4,,,Alor,Nusa Tenggara Timur,,0,,,2019-05,0.1621631638311783,5,0.1621631638311783,VIIRS DNB,nW/cm2/sr,2019,"{""type"":""MultiPoint"",""coordinates"":[]}"
64_00000000000000000001,BA03050040,,,,,,,53.04,53,1127.25008655,TASWIL5000020230907KABKOTA,Belu,,0.0927289736817,2.29261763369,4326,4,,,Belu,Nusa Tenggara Timur,,0,,,2019-05,0.2687578775546761,5,0.2687578775546761,VIIRS DNB,nW/cm2/sr,2019,"{""type"":""MultiPoint"",""coordinates"":[]}"
64_00000000000000000002,BA03050040,,,,,,,53.06,53,1748.5165523,TASWIL5000020230907KABKOTA,Flores Timur,,0.143538260694,4.68012528849,4326,4,,,Flores Timur,Nusa Tenggara Timur,,0,,,2019-05,0.2012544434623804,5,0.2012544434623804,VIIRS DNB,nW/cm2/sr,2019,"{""type"":""MultiPoint"",""coordinates"":[]}"
64_00000000000000000004,BA03050040,,,,,,,53.01,53,5136.51008742,TASWIL5000020230907KABKOTA,Kupang,,0.423459507198,6.26740520892,4326,4,,,Kupang,Nusa Tenggara Timur,,0,,,2019-05,0.19157643505480118,5,0.19157643505480118,VIIRS DNB,nW/cm2/sr,2019,"{""type"":""MultiPoint"",""coordinates"":[]}"
64_00000000000000000007,BA03050040,,,,,,,53.10,53,1343.83414797,TASWIL5000020230907KABKOTA,Manggarai,,0.11037433796,2.62044875269,4326,4,,,Manggarai,Nusa Tenggara Timur,,0,,,2019-05,0.24326953772993176,5,0.24326953772993176,VIIRS DNB,nW/cm2/sr,2019,"{""type"":""MultiPoint"",""coordinates"":[]}"
64_0000000000000000000b,BA03050040,,,,,,,53.09,53,1735.63521769,TASWIL5000020230907KABKOTA,Ngada,,0.142589549676,2.86650785507,4326,4,,,Ngada,Nusa Tenggara Timur,,0,,,2019-05,0.18558922434776487,5,0.18558922434776487,VIIRS DNB,nW/cm2/sr,2019,"{""type"":""MultiPoint"",""coordinates"":[]}"
64_0000000000000000000e,BA03050040,,,,,,,53.07,53,1671.64902391,TASWIL5000020230907KABKOTA,Sikka,,0.137312979206,3.89925449996,4326,4,,,Sikka,Nusa Tenggara Timur,,0,,,2019-05,0.25304194625373516,5,0.25304194625373516,VIIRS DNB,nW/cm2/sr,2019,"{""type"":""MultiPoint"",""coordinates"":[]}"
64_0000000000000000000f,BA03050040,,,,,,,53.12,53,757.407641007,TASWIL5000020230907KABKOTA,Sumba Barat,,0.0623907023605,2.04212111278,4326,4,,,Sumba Barat,Nusa Tenggara Timur,,0,,,2019-05,0.18650465395855076,5,0.18650465395855076,VIIRS DNB,nW/cm2/sr,2019,"{""type"":""MultiPoint"",""coordinates"":[]}"
64_00000000000000000011,BA03050040,,,,,,,53.11,53,6984.01403441,TASWIL5000020230907KABKOTA,Sumba Timur,,0.575702142252,4.80415749282,4326,4,,,Sumba Timur,Nusa Tenggara Timur,,0,,,2019-05,0.16847670911077622,5,0.16847670911077622,VIIRS DNB,nW/cm2/sr,2019,"{""type"":""MultiPoint"",""coordinates"":[]}"
64_00000000000000000012,BA03050040,,,,,,,53.02,53,3933.15111495,TASWIL5000020230907KABKOTA,Timor Tengah Selatan,,0.324167140101,3.32375028444,4326,4,,,Timor Tengah Selatan,Nusa Tenggara Timur,,0,,,2019-05,0.20137415142343149,5,0.20137415142343149,VIIRS DNB,nW/cm2/sr,2019,"{""type"":""MultiPoint"",""coordinates"":[]}"
64_00000000000000000013,BA03050040,,,,,,,53.03,53,2623.19983128,TASWIL5000020230907KABKOTA,Timor Tengah Utara,,0.215921651765,3.4787254107,4326,4,,,Timor Tengah Utara,Nusa Tenggara Timur,,0,,,2019-05,0.20375178924506607,5,0.20375178924506607,VIIRS DNB,nW/cm2/sr,2019,"{""type"":""MultiPoint"",""coordinates"":[]}"
64_00000000000000000015,BA03050040,,,,,,,53.08,53,2085.24387061,TASWIL5000020230907KABKOTA,Ende,,0.171316232886,2.99297540949,4326,4,,,Ende,Nusa Tenggara Timur,,0,,,2019-05,0.21189834846454372,5,0.21189834846454372,VIIRS DNB,nW/cm2/sr,2019,"{""type"":""MultiPoint"",""coordinates"":[]}"
64_00000000000000000006,BA03050040,,,,,,,53.21,53,1109.16204574,TASWIL5000020230907KABKOTA,Malaka,,0.0913351434015,2.23370514726,4326,4,,,Malaka,Nusa Tenggara Timur,,0,Belu,,2019-05,0.2204774994794107,5,0.2204774994794107,VIIRS DNB,nW/cm2/sr,2019,"{""type"":""MultiPoint"",""coordinates"":[]}"
64_00000000000000000005,BA03050040,,,,,,,53.13,53,1268.10489804,TASWIL5000020230907KABKOTA,Lembata,,0.10410466891,3.45188597769,4326,4,,,Lembata,Nusa Tenggara Timur,,0,Flores Timur,,2019-05,0.20355875696515688,5,0.20355875696515688,VIIRS DNB,nW/cm2/sr,2019,"{""type"":""MultiPoint"",""coordinates"":[]}"
64_00000000000000000003,BA03050040,,,,,,,53.71,53,159.334041006,TASWIL5000020230907KABKOTA,Kota Kupang,,0.0131469663875,0.949087585397,4326,5,,,Kota Kupang,Nusa Tenggara Timur,,0,Kupang,,2019-05,4.459940062224553,5,4.459940062224553,VIIRS DNB,nW/cm2/sr,2019,"{""type"":""MultiPoint"",""coordinates"":[]}"
64_0000000000000000000c,BA03050040,,,,,,,53.14,53,1286.45281117,TASWIL5000020230907KABKOTA,Rote Ndao,,0.106321906477,4.76909476004,4326,4,,,Rote Ndao,Nusa Tenggara Timur,,0,Kupang,,2019-05,0.17586210856981963,5,0.17586210856981963,VIIRS DNB,nW/cm2/sr,2019,"{""type"":""MultiPoint"",""coordinates"":[]}"
64_0000000000000000000d,BA03050040,,,,,,,53.20,53,460.956594118,TASWIL5000020230907KABKOTA,Sabu Raijua,,0.0380736571077,1.23438979443,4326,4,,,Sabu Raijua,Nusa Tenggara Timur,,0,Kupang,,2019-05,0.2103368322998541,5,0.2103368322998541,VIIRS DNB,nW/cm2/sr,2019,"{""type"":""MultiPoint"",""coordinates"":[]}"
64_00000000000000000008,BA03050040,,,,,,,53.15,53,3128.99733567,TASWIL5000020230907KABKOTA,Manggarai Barat,,0.257018604578,10.7211601624,4326,4,,,Manggarai Barat,Nusa Tenggara Timur,,0,Manggarai,,2019-05,0.19792696458192507,5,0.19792696458192507,VIIRS DNB,nW/cm2/sr,2019,"{""type"":""MultiPoint"",""coordinates"":[]}"
64_00000000000000000009,BA03050040,,,,,,,53.19,53,2389.52959786,TASWIL5000020230907KABKOTA,Manggarai Timur,,0.196263276889,2.60910655519,4326,4,,,Manggarai Timur,Nusa Tenggara Timur,,0,Manggarai,,2019-05,0.18185971365083964,5,0.18185971365083964,VIIRS DNB,nW/cm2/sr,2019,"{""type"":""MultiPoint"",""coordinates"":[]}"
64_0000000000000000000a,BA03050040,,,,,,,53.16,53,1396.16423098,TASWIL5000020230907KABKOTA,Nagekeo,,0.114707914625,2.15252417923,4326,4,,,Nagekeo,Nusa Tenggara Timur,,0,Ngada,,2019-05,0.2042223230794342,5,0.2042223230794342,VIIRS DNB,nW/cm2/sr,2019,"{""type"":""MultiPoint"",""coordinates"":[]}"
64_00000000000000000010,BA03050040,,,,,,,53.17,53,1789.65872064,TASWIL5000020230907KABKOTA,Sumba Tengah,,0.147379835649,2.42469258111,4326,4,,,Sumba Tengah,Nusa Tenggara Timur,,0,Sumba Barat,,2019-05,0.14400135840683587,5,0.14400135840683587,VIIRS DNB,nW/cm2/sr,2019,"{""type"":""MultiPoint"",""coordinates"":[]}"
64_00000000000000000014,BA03050040,,,,,,,53.18,53,1383.31224571,TASWIL5000020230907KABKOTA,Sumba Barat Daya,,0.113913848979,1.59805558471,4326,4,,,Sumba Barat Daya,Nusa Tenggara Timur,,0,Sumba Barat,,2019-05,0.18948205864148024,5,0.18948205864148024,VIIRS DNB,nW/cm2/sr,2019,"{""type"":""MultiPoint"",""coordinates"":[]}"
65_00000000000000000000,BA03050040,,,,,,,53.05,53,2928.55881854,TASWIL5000020230907KABKOTA,Alor,,0.24037265184,5.67288749982,4326,4,,,Alor,Nusa Tenggara Timur,,0,,,2019-06,0.09748986101917131,6,0.09748986101917131,VIIRS DNB,nW/cm2/sr,2019,"{""type"":""MultiPoint"",""coordinates"":[]}"
65_00000000000000000001,BA03050040,,,,,,,53.04,53,1127.25008655,TASWIL5000020230907KABKOTA,Belu,,0.0927289736817,2.29261763369,4326,4,,,Belu,Nusa Tenggara Timur,,0,,,2019-06,0.21799328327988507,6,0.21799328327988507,VIIRS DNB,nW/cm2/sr,2019,"{""type"":""MultiPoint"",""coordinates"":[]}"
65_00000000000000000002,BA03050040,,,,,,,53.06,53,1748.5165523,TASWIL5000020230907KABKOTA,Flores Timur,,0.143538260694,4.68012528849,4326,4,,,Flores Timur,Nusa Tenggara Timur,,0,,,2019-06,0.1493504850284577,6,0.1493504850284577,VIIRS DNB,nW/cm2/sr,2019,"{""type"":""MultiPoint"",""coordinates"":[]}"
65_00000000000000000004,BA03050040,,,,,,,53.01,53,5136.51008742,TASWIL5000020230907KABKOTA,Kupang,,0.423459507198,6.26740520892,4326,4,,,Kupang,Nusa Tenggara Timur,,0,,,2019-06,0.13580809750910966,6,0.13580809750910966,VIIRS DNB,nW/cm2/sr,2019,"{""type"":""MultiPoint"",""coordinates"":[]}"
65_00000000000000000007,BA03050040,,,,,,,53.10,53,1343.83414797,TASWIL5000020230907KABKOTA,Manggarai,,0.11037433796,2.62044875269,4326,4,,,Manggarai,Nusa Tenggara Timur,,0,,,2019-06,0.19857439661605858,6,0.19857439661605858,VIIRS DNB,nW/cm2/sr,2019,"{""type"":""MultiPoint"",""coordinates"":[]}"
65_0000000000000000000b,BA03050040,,,,,,,53.09,53,1735.63521769,TASWIL5000020230907KABKOTA,Ngada,,0.142589549676,2.86650785507,4326,4,,,Ngada,Nusa Tenggara Timur,,0,,,2019-06,0.1304083630520115,6,0.1304083630520115,VIIRS DNB,nW/cm2/sr,2019,"{""type"":""MultiPoint"",""coordinates"":[]}"
65_0000000000000000000e,BA03050040,,,,,,,53.07,53,1671.64902391,TASWIL5000020230907KABKOTA,Sikka,,0.137312979206,3.89925449996,4326,4,,,Sikka,Nusa Tenggara Timur,,0,,,2019-06,0.20754251079302097,6,0.20754251079302097,VIIRS DNB,nW/cm2/sr,2019,"{""type"":""MultiPoint"",""coordinates"":[]}"
65_0000000000000000000f,BA03050040,,,,,,,53.12,53,757.407641007,TASWIL5000020230907KABKOTA,Sumba Barat,,0.0623907023605,2.04212111278,4326,4,,,Sumba Barat,Nusa Tenggara Timur,,0,,,2019-06,0.1257654752983337,6,0.1257654752983337,VIIRS DNB,nW/cm2/sr,2019,"{""type"":""MultiPoint"",""coordinates"":[]}"
65_00000000000000000011,BA03050040,,,,,,,53.11,53,6984.01403441,TASWIL5000020230907KABKOTA,Sumba Timur,,0.575702142252,4.80415749282,4326,4,,,Sumba Timur,Nusa Tenggara Timur,,0,,,2019-06,0.09203138509786804,6,0.09203138509786804,VIIRS DNB,nW/cm2/sr,2019,"{""type"":""MultiPoint"",""coordinates"":[]}"
65_00000000000000000012,BA03050040,,,,,,,53.02,53,3933.15111495,TASWIL5000020230907KABKOTA,Timor Tengah Selatan,,0.324167140101,3.32375028444,4326,4,,,Timor Tengah Selatan,Nusa Tenggara Timur,,0,,,2019-06,0.12822596580073298,6,0.12822596580073298,VIIRS DNB,nW/cm2/sr,2019,"{""type"":""MultiPoint"",""coordinates"":[]}"
65_00000000000000000013,BA03050040,,,,,,,53.03,53,2623.19983128,TASWIL5000020230907KABKOTA,Timor Tengah Utara,,0.215921651765,3.4787254107,4326,4,,,Timor Tengah Utara,Nusa Tenggara Timur,,0,,,2019-06,0.13037891243734734,6,0.13037891243734734,VIIRS DNB,nW/cm2/sr,2019,"{""type"":""MultiPoint"",""coordinates"":[]}"
65_00000000000000000015,BA03050040,,,,,,,53.08,53,2085.24387061,TASWIL5000020230907KABKOTA,Ende,,0.171316232886,2.99297540949,4326,4,,,Ende,Nusa Tenggara Timur,,0,,,2019-06,0.15886789115756522,6,0.15886789115756522,VIIRS DNB,nW/cm2/sr,2019,"{""type"":""MultiPoint"",""coordinates"":[]}"
65_00000000000000000006,BA03050040,,,,,,,53.21,53,1109.16204574,TASWIL5000020230907KABKOTA,Malaka,,0.0913351434015,2.23370514726,4326,4,,,Malaka,Nusa Tenggara Timur,,0,Belu,,2019-06,0.1510040827600205,6,0.1510040827600205,VIIRS DNB,nW/cm2/sr,2019,"{""type"":""MultiPoint"",""coordinates"":[]}"
65_00000000000000000005,BA03050040,,,,,,,53.13,53,1268.10489804,TASWIL5000020230907KABKOTA,Lembata,,0.10410466891,3.45188597769,4326,4,,,Lembata,Nusa Tenggara Timur,,0,Flores Timur,,2019-06,0.13735232842300457,6,0.13735232842300457,VIIRS DNB,nW/cm2/sr,2019,"{""type"":""MultiPoint"",""coordinates"":[]}"
65_00000000000000000003,BA03050040,,,,,,,53.71,53,159.334041006,TASWIL5000020230907KABKOTA,Kota Kupang,,0.0131469663875,0.949087585397,4326,5,,,Kota Kupang,Nusa Tenggara Timur,,0,Kupang,,2019-06,4.89276754202145,6,4.89276754202145,VIIRS DNB,nW/cm2/sr,2019,"{""type"":""MultiPoint"",""coordinates"":[]}"
65_0000000000000000000c,BA03050040,,,,,,,53.14,53,1286.45281117,TASWIL5000020230907KABKOTA,Rote Ndao,,0.106321906477,4.76909476004,4326,4,,,Rote Ndao,Nusa Tenggara Timur,,0,Kupang,,2019-06,0.11531311047324795,6,0.11531311047324795,VIIRS DNB,nW/cm2/sr,2019,"{""type"":""MultiPoint"",""coordinates"":[]}"
65_0000000000000000000d,BA03050040,,,,,,,53.20,53,460.956594118,TASWIL5000020230907KABKOTA,Sabu Raijua,,0.0380736571077,1.23438979443,4326,4,,,Sabu Raijua,Nusa Tenggara Timur,,0,Kupang,,2019-06,0.145752576863468,6,0.145752576863468,VIIRS DNB,nW/cm2/sr,2019,"{""type"":""MultiPoint"",""coordinates"":[]}"
65_00000000000000000008,BA03050040,,,,,,,53.15,53,3128.99733567,TASWIL5000020230907KABKOTA,Manggarai Barat,,0.257018604578,10.7211601624,4326,4,,,Manggarai Barat,Nusa Tenggara Timur,,0,Manggarai,,2019-06,0.14058001263968614,6,0.14058001263968614,VIIRS DNB,nW/cm2/sr,2019,"{""type"":""MultiPoint"",""coordinates"":[]}"
65_00000000000000000009,BA03050040,,,,,,,53.19,53,2389.52959786,TASWIL5000020230907KABKOTA,Manggarai Timur,,0.196263276889,2.60910655519,4326,4,,,Manggarai Timur,Nusa Tenggara Timur,,0,Manggarai,,2019-06,0.12437054140295636,6,0.12437054140295636,VIIRS DNB,nW/cm2/sr,2019,"{""type"":""MultiPoint"",""coordinates"":[]}"
65_0000000000000000000a,BA03050040,,,,,,,53.16,53,1396.16423098,TASWIL5000020230907KABKOTA,Nagekeo,,0.114707914625,2.15252417923,4326,4,,,Nagekeo,Nusa Tenggara Timur,,0,Ngada,,2019-06,0.15450805343092605,6,0.15450805343092605,VIIRS DNB,nW/cm2/sr,2019,"{""type"":""MultiPoint"",""coordinates"":[]}"
65_00000000000000000010,BA03050040,,,,,,,53.17,53,1789.65872064,TASWIL5000020230907KABKOTA,Sumba Tengah,,0.147379835649,2.42469258111,4326,4,,,Sumba Tengah,Nusa Tenggara Timur,,0,Sumba Barat,,2019-06,0.07683579247124322,6,0.07683579247124322,VIIRS DNB,nW/cm2/sr,2019,"{""type"":""MultiPoint"",""coordinates"":[]}"
65_00000000000000000014,BA03050040,,,,,,,53.18,53,1383.31224571,TASWIL5000020230907KABKOTA,Sumba Barat Daya,,0.113913848979,1.59805558471,4326,4,,,Sumba Barat Daya,Nusa Tenggara Timur,,0,Sumba Barat,,2019-06,0.11459803980674793,6,0.11459803980674793,VIIRS DNB,nW/cm2/sr,2019,"{""type"":""MultiPoint"",""coordinates"":[]}"
66_00000000000000000000,BA03050040,,,,,,,53.05,53,2928.55881854,TASWIL5000020230907KABKOTA,Alor,,0.24037265184,5.67288749982,4326,4,,,Alor,Nusa Tenggara Timur,,0,,,2019-07,0.10363147797824876,7,0.10363147797824876,VIIRS DNB,nW/cm2/sr,2019,"{""type"":""MultiPoint"",""coordinates"":[]}"
66_00000000000000000001,BA03050040,,,,,,,53.04,53,1127.25008655,TASWIL5000020230907KABKOTA,Belu,,0.0927289736817,2.29261763369,4326,4,,,Belu,Nusa Tenggara Timur,,0,,,2019-07,0.23352234749268871,7,0.23352234749268871,VIIRS DNB,nW/cm2/sr,2019,"{""type"":""MultiPoint"",""coordinates"":[]}"
66_00000000000000000002,BA03050040,,,,,,,53.06,53,1748.5165523,TASWIL5000020230907KABKOTA,Flores Timur,,0.143538260694,4.68012528849,4326,4,,,Flores Timur,Nusa Tenggara Timur,,0,,,2019-07,0.14398439921617037,7,0.14398439921617037,VIIRS DNB,nW/cm2/sr,2019,"{""type"":""MultiPoint"",""coordinates"":[]}"
66_00000000000000000004,BA03050040,,,,,,,53.01,53,5136.51008742,TASWIL5000020230907KABKOTA,Kupang,,0.423459507198,6.26740520892,4326,4,,,Kupang,Nusa Tenggara Timur,,0,,,2019-07,0.14412445205853827,7,0.14412445205853827,VIIRS DNB,nW/cm2/sr,2019,"{""type"":""MultiPoint"",""coordinates"":[]}"
66_00000000000000000007,BA03050040,,,,,,,53.10,53,1343.83414797,TASWIL5000020230907KABKOTA,Manggarai,,0.11037433796,2.62044875269,4326,4,,,Manggarai,Nusa Tenggara Timur,,0,,,2019-07,0.17500265968047563,7,0.17500265968047563,VIIRS DNB,nW/cm2/sr,2019,"{""type"":""MultiPoint"",""coordinates"":[]}"
66_0000000000000000000b,BA03050040,,,,,,,53.09,53,1735.63521769,TASWIL5000020230907KABKOTA,Ngada,,0.142589549676,2.86650785507,4326,4,,,Ngada,Nusa Tenggara Timur,,0,,,2019-07,0.11482885532046046,7,0.11482885532046046,VIIRS DNB,nW/cm2/sr,2019,"{""type"":""MultiPoint"",""coordinates"":[]}"
66_0000000000000000000e,BA03050040,,,,,,,53.07,53,1671.64902391,TASWIL5000020230907KABKOTA,Sikka,,0.137312979206,3.89925449996,4326,4,,,Sikka,Nusa Tenggara Timur,,0,,,2019-07,0.20457741741076274,7,0.20457741741076274,VIIRS DNB,nW/cm2/sr,2019,"{""type"":""MultiPoint"",""coordinates"":[]}"
66_0000000000000000000f,BA03050040,,,,,,,53.12,53,757.407641007,TASWIL5000020230907KABKOTA,Sumba Barat,,0.0623907023605,2.04212111278,4326,4,,,Sumba Barat,Nusa Tenggara Timur,,0,,,2019-07,0.14496578924493603,7,0.14496578924493603,VIIRS DNB,nW/cm2/sr,2019,"{""type"":""MultiPoint"",""coordinates"":[]}"
66_00000000000000000011,BA03050040,,,,,,,53.11,53,6984.01403441,TASWIL5000020230907KABKOTA,Sumba Timur,,0.575702142252,4.80415749282,4326,4,,,Sumba Timur,Nusa Tenggara Timur,,0,,,2019-07,0.1190670121160638,7,0.1190670121160638,VIIRS DNB,nW/cm2/sr,2019,"{""type"":""MultiPoint"",""coordinates"":[]}"
66_00000000000000000012,BA03050040,,,,,,,53.02,53,3933.15111495,TASWIL5000020230907KABKOTA,Timor Tengah Selatan,,0.324167140101,3.32375028444,4326,4,,,Timor Tengah Selatan,Nusa Tenggara Timur,,0,,,2019-07,0.11698392495607463,7,0.11698392495607463,VIIRS DNB,nW/cm2/sr,2019,"{""type"":""MultiPoint"",""coordinates"":[]}"
66_00000000000000000013,BA03050040,,,,,,,53.03,53,2623.19983128,TASWIL5000020230907KABKOTA,Timor Tengah Utara,,0.215921651765,3.4787254107,4326,4,,,Timor Tengah Utara,Nusa Tenggara Timur,,0,,,2019-07,0.12422618370089726,7,0.12422618370089726,VIIRS DNB,nW/cm2/sr,2019,"{""type"":""MultiPoint"",""coordinates"":[]}"
66_00000000000000000015,BA03050040,,,,,,,53.08,53,2085.24387061,TASWIL5000020230907KABKOTA,Ende,,0.171316232886,2.99297540949,4326,4,,,Ende,Nusa Tenggara Timur,,0,,,2019-07,0.14348267899061756,7,0.14348267899061756,VIIRS DNB,nW/cm2/sr,2019,"{""type"":""MultiPoint"",""coordinates"":[]}"
66_00000000000000000006,BA03050040,,,,,,,53.21,53,1109.16204574,TASWIL5000020230907KABKOTA,Malaka,,0.0913351434015,2.23370514726,4326,4,,,Malaka,Nusa Tenggara Timur,,0,Belu,,2019-07,0.1440683259896203,7,0.1440683259896203,VIIRS DNB,nW/cm2/sr,2019,"{""type"":""MultiPoint"",""coordinates"":[]}"
66_00000000000000000005,BA03050040,,,,,,,53.13,53,1268.10489804,TASWIL5000020230907KABKOTA,Lembata,,0.10410466891,3.45188597769,4326,4,,,Lembata,Nusa Tenggara Timur,,0,Flores Timur,,2019-07,0.13082976537062876,7,0.13082976537062876,VIIRS DNB,nW/cm2/sr,2019,"{""type"":""MultiPoint"",""coordinates"":[]}"
66_00000000000000000003,BA03050040,,,,,,,53.71,53,159.334041006,TASWIL5000020230907KABKOTA,Kota Kupang,,0.0131469663875,0.949087585397,4326,5,,,Kota Kupang,Nusa Tenggara Timur,,0,Kupang,,2019-07,5.745504291725607,7,5.745504291725607,VIIRS DNB,nW/cm2/sr,2019,"{""type"":""MultiPoint"",""coordinates"":[]}"
66_0000000000000000000c,BA03050040,,,,,,,53.14,53,1286.45281117,TASWIL5000020230907KABKOTA,Rote Ndao,,0.106321906477,4.76909476004,4326,4,,,Rote Ndao,Nusa Tenggara Timur,,0,Kupang,,2019-07,0.1402116980767127,7,0.1402116980767127,VIIRS DNB,nW/cm2/sr,2019,"{""type"":""MultiPoint"",""coordinates"":[]}"
66_0000000000000000000d,BA03050040,,,,,,,53.20,53,460.956594118,TASWIL5000020230907KABKOTA,Sabu Raijua,,0.0380736571077,1.23438979443,4326,4,,,Sabu Raijua,Nusa Tenggara Timur,,0,Kupang,,2019-07,0.1640230694343359,7,0.1640230694343359,VIIRS DNB,nW/cm2/sr,2019,"{""type"":""MultiPoint"",""coordinates"":[]}"
66_00000000000000000008,BA03050040,,,,,,,53.15,53,3128.99733567,TASWIL5000020230907KABKOTA,Manggarai Barat,,0.257018604578,10.7211601624,4326,4,,,Manggarai Barat,Nusa Tenggara Timur,,0,Manggarai,,2019-07,0.13040891522140644,7,0.13040891522140644,VIIRS DNB,nW/cm2/sr,2019,"{""type"":""MultiPoint"",""coordinates"":[]}"
66_00000000000000000009,BA03050040,,,,,,,53.19,53,2389.52959786,TASWIL5000020230907KABKOTA,Manggarai Timur,,0.196263276889,2.60910655519,4326,4,,,Manggarai Timur,Nusa Tenggara Timur,,0,Manggarai,,2019-07,0.10307259308264613,7,0.10307259308264613,VIIRS DNB,nW/cm2/sr,2019,"{""type"":""MultiPoint"",""coordinates"":[]}"
66_0000000000000000000a,BA03050040,,,,,,,53.16,53,1396.16423098,TASWIL5000020230907KABKOTA,Nagekeo,,0.114707914625,2.15252417923,4326,4,,,Nagekeo,Nusa Tenggara Timur,,0,Ngada,,2019-07,0.14376553317067156,7,0.14376553317067156,VIIRS DNB,nW/cm2/sr,2019,"{""type"":""MultiPoint"",""coordinates"":[]}"
66_00000000000000000010,BA03050040,,,,,,,53.17,53,1789.65872064,TASWIL5000020230907KABKOTA,Sumba Tengah,,0.147379835649,2.42469258111,4326,4,,,Sumba Tengah,Nusa Tenggara Timur,,0,Sumba Barat,,2019-07,0.09278861305621146,7,0.09278861305621146,VIIRS DNB,nW/cm2/sr,2019,"{""type"":""MultiPoint"",""coordinates"":[]}"
66_00000000000000000014,BA03050040,,,,,,,53.18,53,1383.31224571,TASWIL5000020230907KABKOTA,Sumba Barat Daya,,0.113913848979,1.59805558471,4326,4,,,Sumba Barat Daya,Nusa Tenggara Timur,,0,Sumba Barat,,2019-07,0.13089426186119538,7,0.13089426186119538,VIIRS DNB,nW/cm2/sr,2019,"{""type"":""MultiPoint"",""coordinates"":[]}"
67_00000000000000000000,BA03050040,,,,,,,53.05,53,2928.55881854,TASWIL5000020230907KABKOTA,Alor,,0.24037265184,5.67288749982,4326,4,,,Alor,Nusa Tenggara Timur,,0,,,2019-08,0.1345627157614042,8,0.1345627157614042,VIIRS DNB,nW/cm2/sr,2019,"{""type"":""MultiPoint"",""coordinates"":[]}"
67_00000000000000000001,BA03050040,,,,,,,53.04,53,1127.25008655,TASWIL5000020230907KABKOTA,Belu,,0.0927289736817,2.29261763369,4326,4,,,Belu,Nusa Tenggara Timur,,0,,,2019-08,0.22173768744379282,8,0.22173768744379282,VIIRS DNB,nW/cm2/sr,2019,"{""type"":""MultiPoint"",""coordinates"":[]}"
67_00000000000000000002,BA03050040,,,,,,,53.06,53,1748.5165523,TASWIL5000020230907KABKOTA,Flores Timur,,0.143538260694,4.68012528849,4326,4,,,Flores Timur,Nusa Tenggara Timur,,0,,,2019-08,0.1243717696033491,8,0.1243717696033491,VIIRS DNB,nW/cm2/sr,2019,"{""type"":""MultiPoint"",""coordinates"":[]}"
67_00000000000000000004,BA03050040,,,,,,,53.01,53,5136.51008742,TASWIL5000020230907KABKOTA,Kupang,,0.423459507198,6.26740520892,4326,4,,,Kupang,Nusa Tenggara Timur,,0,,,2019-08,0.16335600527972238,8,0.16335600527972238,VIIRS DNB,nW/cm2/sr,2019,"{""type"":""MultiPoint"",""coordinates"":[]}"
67_00000000000000000007,BA03050040,,,,,,,53.10,53,1343.83414797,TASWIL5000020230907KABKOTA,Manggarai,,0.11037433796,2.62044875269,4326,4,,,Manggarai,Nusa Tenggara Timur,,0,,,2019-08,0.15363056197976255,8,0.15363056197976255,VIIRS DNB,nW/cm2/sr,2019,"{""type"":""MultiPoint"",""coordinates"":[]}"
67_0000000000000000000b,BA03050040,,,,,,,53.09,53,1735.63521769,TASWIL5000020230907KABKOTA,Ngada,,0.142589549676,2.86650785507,4326,4,,,Ngada,Nusa Tenggara Timur,,0,,,2019-08,0.10702967617118134,8,0.10702967617118134,VIIRS DNB,nW/cm2/sr,2019,"{""type"":""MultiPoint"",""coordinates"":[]}"
67_0000000000000000000e,BA03050040,,,,,,,53.07,53,1671.64902391,TASWIL5000020230907KABKOTA,Sikka,,0.137312979206,3.89925449996,4326,4,,,Sikka,Nusa Tenggara Timur,,0,,,2019-08,0.18378242558811586,8,0.18378242558811586,VIIRS DNB,nW/cm2/sr,2019,"{""type"":""MultiPoint"",""coordinates"":[]}"
67_0000000000000000000f,BA03050040,,,,,,,53.12,53,757.407641007,TASWIL5000020230907KABKOTA,Sumba Barat,,0.0623907023605,2.04212111278,4326,4,,,Sumba Barat,Nusa Tenggara Timur,,0,,,2019-08,0.11934123986893057,8,0.11934123986893057,VIIRS DNB,nW/cm2/sr,2019,"{""type"":""MultiPoint"",""coordinates"":[]}"
67_00000000000000000011,BA03050040,,,,,,,53.11,53,6984.01403441,TASWIL5000020230907KABKOTA,Sumba Timur,,0.575702142252,4.80415749282,4326,4,,,Sumba Timur,Nusa Tenggara Timur,,0,,,2019-08,0.08546898341092105,8,0.08546898341092105,VIIRS DNB,nW/cm2/sr,2019,"{""type"":""MultiPoint"",""coordinates"":[]}"
67_00000000000000000012,BA03050040,,,,,,,53.02,53,3933.15111495,TASWIL5000020230907KABKOTA,Timor Tengah Selatan,,0.324167140101,3.32375028444,4326,4,,,Timor Tengah Selatan,Nusa Tenggara Timur,,0,,,2019-08,0.11291728004352528,8,0.11291728004352528,VIIRS DNB,nW/cm2/sr,2019,"{""type"":""MultiPoint"",""coordinates"":[]}"
67_00000000000000000013,BA03050040,,,,,,,53.03,53,2623.19983128,TASWIL5000020230907KABKOTA,Timor Tengah Utara,,0.215921651765,3.4787254107,4326,4,,,Timor Tengah Utara,Nusa Tenggara Timur,,0,,,2019-08,0.11893343848646752,8,0.11893343848646752,VIIRS DNB,nW/cm2/sr,2019,"{""type"":""MultiPoint"",""coordinates"":[]}"
67_00000000000000000015,BA03050040,,,,,,,53.08,53,2085.24387061,TASWIL5000020230907KABKOTA,Ende,,0.171316232886,2.99297540949,4326,4,,,Ende,Nusa Tenggara Timur,,0,,,2019-08,0.137456214166209,8,0.137456214166209,VIIRS DNB,nW/cm2/sr,2019,"{""type"":""MultiPoint"",""coordinates"":[]}"
67_00000000000000000006,BA03050040,,,,,,,53.21,53,1109.16204574,TASWIL5000020230907KABKOTA,Malaka,,0.0913351434015,2.23370514726,4326,4,,,Malaka,Nusa Tenggara Timur,,0,Belu,,2019-08,0.13798273825877944,8,0.13798273825877944,VIIRS DNB,nW/cm2/sr,2019,"{""type"":""MultiPoint"",""coordinates"":[]}"
67_00000000000000000005,BA03050040,,,,,,,53.13,53,1268.10489804,TASWIL5000020230907KABKOTA,Lembata,,0.10410466891,3.45188597769,4326,4,,,Lembata,Nusa Tenggara Timur,,0,Flores Timur,,2019-08,0.13095331436901633,8,0.13095331436901633,VIIRS DNB,nW/cm2/sr,2019,"{""type"":""MultiPoint"",""coordinates"":[]}"
67_00000000000000000003,BA03050040,,,,,,,53.71,53,159.334041006,TASWIL5000020230907KABKOTA,Kota Kupang,,0.0131469663875,0.949087585397,4326,5,,,Kota Kupang,Nusa Tenggara Timur,,0,Kupang,,2019-08,5.9331001586105145,8,5.9331001586105145,VIIRS DNB,nW/cm2/sr,2019,"{""type"":""MultiPoint"",""coordinates"":[]}"
67_0000000000000000000c,BA03050040,,,,,,,53.14,53,1286.45281117,TASWIL5000020230907KABKOTA,Rote Ndao,,0.106321906477,4.76909476004,4326,4,,,Rote Ndao,Nusa Tenggara Timur,,0,Kupang,,2019-08,0.13970853245132275,8,0.13970853245132275,VIIRS DNB,nW/cm2/sr,2019,"{""type"":""MultiPoint"",""coordinates"":[]}"
67_0000000000000000000d,BA03050040,,,,,,,53.20,53,460.956594118,TASWIL5000020230907KABKOTA,Sabu Raijua,,0.0380736571077,1.23438979443,4326,4,,,Sabu Raijua,Nusa Tenggara Timur,,0,Kupang,,2019-08,0.14647181817027013,8,0.14647181817027013,VIIRS DNB,nW/cm2/sr,2019,"{""type"":""MultiPoint"",""coordinates"":[]}"
67_00000000000000000008,BA03050040,,,,,,,53.15,53,3128.99733567,TASWIL5000020230907KABKOTA,Manggarai Barat,,0.257018604578,10.7211601624,4326,4,,,Manggarai Barat,Nusa Tenggara Timur,,0,Manggarai,,2019-08,0.10388896669737659,8,0.10388896669737659,VIIRS DNB,nW/cm2/sr,2019,"{""type"":""MultiPoint"",""coordinates"":[]}"
67_00000000000000000009,BA03050040,,,,,,,53.19,53,2389.52959786,TASWIL5000020230907KABKOTA,Manggarai Timur,,0.196263276889,2.60910655519,4326,4,,,Manggarai Timur,Nusa Tenggara Timur,,0,Manggarai,,2019-08,0.07968685284273903,8,0.07968685284273903,VIIRS DNB,nW/cm2/sr,2019,"{""type"":""MultiPoint"",""coordinates"":[]}"
67_0000000000000000000a,BA03050040,,,,,,,53.16,53,1396.16423098,TASWIL5000020230907KABKOTA,Nagekeo,,0.114707914625,2.15252417923,4326,4,,,Nagekeo,Nusa Tenggara Timur,,0,Ngada,,2019-08,0.13758670173825563,8,0.13758670173825563,VIIRS DNB,nW/cm2/sr,2019,"{""type"":""MultiPoint"",""coordinates"":[]}"
67_00000000000000000010,BA03050040,,,,,,,53.17,53,1789.65872064,TASWIL5000020230907KABKOTA,Sumba Tengah,,0.147379835649,2.42469258111,4326,4,,,Sumba Tengah,Nusa Tenggara Timur,,0,Sumba Barat,,2019-08,0.07260056618558738,8,0.07260056618558738,VIIRS DNB,nW/cm2/sr,2019,"{""type"":""MultiPoint"",""coordinates"":[]}"
67_00000000000000000014,BA03050040,,,,,,,53.18,53,1383.31224571,TASWIL5000020230907KABKOTA,Sumba Barat Daya,,0.113913848979,1.59805558471,4326,4,,,Sumba Barat Daya,Nusa Tenggara Timur,,0,Sumba Barat,,2019-08,0.10268436950542227,8,0.10268436950542227,VIIRS DNB,nW/cm2/sr,2019,"{""type"":""MultiPoint"",""coordinates"":[]}"
68_00000000000000000000,BA03050040,,,,,,,53.05,53,2928.55881854,TASWIL5000020230907KABKOTA,Alor,,0.24037265184,5.67288749982,4326,4,,,Alor,Nusa Tenggara Timur,,0,,,2019-09,0.1652436273946871,9,0.1652436273946871,VIIRS DNB,nW/cm2/sr,2019,"{""type"":""MultiPoint"",""coordinates"":[]}"
68_00000000000000000001,BA03050040,,,,,,,53.04,53,1127.25008655,TASWIL5000020230907KABKOTA,Belu,,0.0927289736817,2.29261763369,4326,4,,,Belu,Nusa Tenggara Timur,,0,,,2019-09,0.27476762669997085,9,0.27476762669997085,VIIRS DNB,nW/cm2/sr,2019,"{""type"":""MultiPoint"",""coordinates"":[]}"
68_00000000000000000002,BA03050040,,,,,,,53.06,53,1748.5165523,TASWIL5000020230907KABKOTA,Flores Timur,,0.143538260694,4.68012528849,4326,4,,,Flores Timur,Nusa Tenggara Timur,,0,,,2019-09,0.1860512842908501,9,0.1860512842908501,VIIRS DNB,nW/cm2/sr,2019,"{""type"":""MultiPoint"",""coordinates"":[]}"
68_00000000000000000004,BA03050040,,,,,,,53.01,53,5136.51008742,TASWIL5000020230907KABKOTA,Kupang,,0.423459507198,6.26740520892,4326,4,,,Kupang,Nusa Tenggara Timur,,0,,,2019-09,0.20334858395458372,9,0.20334858395458372,VIIRS DNB,nW/cm2/sr,2019,"{""type"":""MultiPoint"",""coordinates"":[]}"
68_00000000000000000007,BA03050040,,,,,,,53.10,53,1343.83414797,TASWIL5000020230907KABKOTA,Manggarai,,0.11037433796,2.62044875269,4326,4,,,Manggarai,Nusa Tenggara Timur,,0,,,2019-09,0.19354327783604386,9,0.19354327783604386,VIIRS DNB,nW/cm2/sr,2019,"{""type"":""MultiPoint"",""coordinates"":[]}"
68_0000000000000000000b,BA03050040,,,,,,,53.09,53,1735.63521769,TASWIL5000020230907KABKOTA,Ngada,,0.142589549676,2.86650785507,4326,4,,,Ngada,Nusa Tenggara Timur,,0,,,2019-09,0.15819619395393128,9,0.15819619395393128,VIIRS DNB,nW/cm2/sr,2019,"{""type"":""MultiPoint"",""coordinates"":[]}"
68_0000000000000000000e,BA03050040,,,,,,,53.07,53,1671.64902391,TASWIL5000020230907KABKOTA,Sikka,,0.137312979206,3.89925449996,4326,4,,,Sikka,Nusa Tenggara Timur,,0,,,2019-09,0.2191564541098447,9,0.2191564541098447,VIIRS DNB,nW/cm2/sr,2019,"{""type"":""MultiPoint"",""coordinates"":[]}"
68_0000000000000000000f,BA03050040,,,,,,,53.12,53,757.407641007,TASWIL5000020230907KABKOTA,Sumba Barat,,0.0623907023605,2.04212111278,4326,4,,,Sumba Barat,Nusa Tenggara Timur,,0,,,2019-09,0.15865182765468433,9,0.15865182765468433,VIIRS DNB,nW/cm2/sr,2019,"{""type"":""MultiPoint"",""coordinates"":[]}"
68_00000000000000000011,BA03050040,,,,,,,53.11,53,6984.01403441,TASWIL5000020230907KABKOTA,Sumba Timur,,0.575702142252,4.80415749282,4326,4,,,Sumba Timur,Nusa Tenggara Timur,,0,,,2019-09,0.14148442590510824,9,0.14148442590510824,VIIRS DNB,nW/cm2/sr,2019,"{""type"":""MultiPoint"",""coordinates"":[]}"
68_00000000000000000012,BA03050040,,,,,,,53.02,53,3933.15111495,TASWIL5000020230907KABKOTA,Timor Tengah Selatan,,0.324167140101,3.32375028444,4326,4,,,Timor Tengah Selatan,Nusa Tenggara Timur,,0,,,2019-09,0.17146656869087584,9,0.17146656869087584,VIIRS DNB,nW/cm2/sr,2019,"{""type"":""MultiPoint"",""coordinates"":[]}"
68_00000000000000000013,BA03050040,,,,,,,53.03,53,2623.19983128,TASWIL5000020230907KABKOTA,Timor Tengah Utara,,0.215921651765,3.4787254107,4326,4,,,Timor Tengah Utara,Nusa Tenggara Timur,,0,,,2019-09,0.16818974684050028,9,0.16818974684050028,VIIRS DNB,nW/cm2/sr,2019,"{""type"":""MultiPoint"",""coordinates"":[]}"
68_00000000000000000015,BA03050040,,,,,,,53.08,53,2085.24387061,TASWIL5000020230907KABKOTA,Ende,,0.171316232886,2.99297540949,4326,4,,,Ende,Nusa Tenggara Timur,,0,,,2019-09,0.18495853505322268,9,0.18495853505322268,VIIRS DNB,nW/cm2/sr,2019,"{""type"":""MultiPoint"",""coordinates"":[]}"
68_00000000000000000006,BA03050040,,,,,,,53.21,53,1109.16204574,TASWIL5000020230907KABKOTA,Malaka,,0.0913351434015,2.23370514726,4326,4,,,Malaka,Nusa Tenggara Timur,,0,Belu,,2019-09,0.19497165934193056,9,0.19497165934193056,VIIRS DNB,nW/cm2/sr,2019,"{""type"":""MultiPoint"",""coordinates"":[]}"
68_00000000000000000005,BA03050040,,,,,,,53.13,53,1268.10489804,TASWIL5000020230907KABKOTA,Lembata,,0.10410466891,3.45188597769,4326,4,,,Lembata,Nusa Tenggara Timur,,0,Flores Timur,,2019-09,0.18172189435333758,9,0.18172189435333758,VIIRS DNB,nW/cm2/sr,2019,"{""type"":""MultiPoint"",""coordinates"":[]}"
68_00000000000000000003,BA03050040,,,,,,,53.71,53,159.334041006,TASWIL5000020230907KABKOTA,Kota Kupang,,0.0131469663875,0.949087585397,4326,5,,,Kota Kupang,Nusa Tenggara Timur,,0,Kupang,,2019-09,6.261458798085001,9,6.261458798085001,VIIRS DNB,nW/cm2/sr,2019,"{""type"":""MultiPoint"",""coordinates"":[]}"
68_0000000000000000000c,BA03050040,,,,,,,53.14,53,1286.45281117,TASWIL5000020230907KABKOTA,Rote Ndao,,0.106321906477,4.76909476004,4326,4,,,Rote Ndao,Nusa Tenggara Timur,,0,Kupang,,2019-09,0.1713868500939024,9,0.1713868500939024,VIIRS DNB,nW/cm2/sr,2019,"{""type"":""MultiPoint"",""coordinates"":[]}"
68_0000000000000000000d,BA03050040,,,,,,,53.20,53,460.956594118,TASWIL5000020230907KABKOTA,Sabu Raijua,,0.0380736571077,1.23438979443,4326,4,,,Sabu Raijua,Nusa Tenggara Timur,,0,Kupang,,2019-09,0.18212253708885262,9,0.18212253708885262,VIIRS DNB,nW/cm2/sr,2019,"{""type"":""MultiPoint"",""coordinates"":[]}"
68_00000000000000000008,BA03050040,,,,,,,53.15,53,3128.99733567,TASWIL5000020230907KABKOTA,Manggarai Barat,,0.257018604578,10.7211601624,4326,4,,,Manggarai Barat,Nusa Tenggara Timur,,0,Manggarai,,2019-09,0.15750397787929568,9,0.15750397787929568,VIIRS DNB,nW/cm2/sr,2019,"{""type"":""MultiPoint"",""coordinates"":[]}"
68_00000000000000000009,BA03050040,,,,,,,53.19,53,2389.52959786,TASWIL5000020230907KABKOTA,Manggarai Timur,,0.196263276889,2.60910655519,4326,4,,,Manggarai Timur,Nusa Tenggara Timur,,0,Manggarai,,2019-09,0.12356718874081986,9,0.12356718874081986,VIIRS DNB,nW/cm2/sr,2019,"{""type"":""MultiPoint"",""coordinates"":[]}"
68_0000000000000000000a,BA03050040,,,,,,,53.16,53,1396.16423098,TASWIL5000020230907KABKOTA,Nagekeo,,0.114707914625,2.15252417923,4326,4,,,Nagekeo,Nusa Tenggara Timur,,0,Ngada,,2019-09,0.1657491349356059,9,0.1657491349356059,VIIRS DNB,nW/cm2/sr,2019,"{""type"":""MultiPoint"",""coordinates"":[]}"
68_00000000000000000010,BA03050040,,,,,,,53.17,53,1789.65872064,TASWIL5000020230907KABKOTA,Sumba Tengah,,0.147379835649,2.42469258111,4326,4,,,Sumba Tengah,Nusa Tenggara Timur,,0,Sumba Barat,,2019-09,0.12764820475913835,9,0.12764820475913835,VIIRS DNB,nW/cm2/sr,2019,"{""type"":""MultiPoint"",""coordinates"":[]}"
68_00000000000000000014,BA03050040,,,,,,,53.18,53,1383.31224571,TASWIL5000020230907KABKOTA,Sumba Barat Daya,,0.113913848979,1.59805558471,4326,4,,,Sumba Barat Daya,Nusa Tenggara Timur,,0,Sumba Barat,,2019-09,0.15196431751096398,9,0.15196431751096398,VIIRS DNB,nW/cm2/sr,2019,"{""type"":""MultiPoint"",""coordinates"":[]}"
69_00000000000000000000,BA03050040,,,,,,,53.05,53,2928.55881854,TASWIL5000020230907KABKOTA,Alor,,0.24037265184,5.67288749982,4326,4,,,Alor,Nusa Tenggara Timur,,0,,,2019-10,0.31745829222314836,10,0.31745829222314836,VIIRS DNB,nW/cm2/sr,2019,"{""type"":""MultiPoint"",""coordinates"":[]}"
69_00000000000000000001,BA03050040,,,,,,,53.04,53,1127.25008655,TASWIL5000020230907KABKOTA,Belu,,0.0927289736817,2.29261763369,4326,4,,,Belu,Nusa Tenggara Timur,,0,,,2019-10,0.3845087606042666,10,0.3845087606042666,VIIRS DNB,nW/cm2/sr,2019,"{""type"":""MultiPoint"",""coordinates"":[]}"
69_00000000000000000002,BA03050040,,,,,,,53.06,53,1748.5165523,TASWIL5000020230907KABKOTA,Flores Timur,,0.143538260694,4.68012528849,4326,4,,,Flores Timur,Nusa Tenggara Timur,,0,,,2019-10,0.26809947064846656,10,0.26809947064846656,VIIRS DNB,nW/cm2/sr,2019,"{""type"":""MultiPoint"",""coordinates"":[]}"
69_00000000000000000004,BA03050040,,,,,,,53.01,53,5136.51008742,TASWIL5000020230907KABKOTA,Kupang,,0.423459507198,6.26740520892,4326,4,,,Kupang,Nusa Tenggara Timur,,0,,,2019-10,0.32836565834945075,10,0.32836565834945075,VIIRS DNB,nW/cm2/sr,2019,"{""type"":""MultiPoint"",""coordinates"":[]}"
69_00000000000000000007,BA03050040,,,,,,,53.10,53,1343.83414797,TASWIL5000020230907KABKOTA,Manggarai,,0.11037433796,2.62044875269,4326,4,,,Manggarai,Nusa Tenggara Timur,,0,,,2019-10,0.2987299977325441,10,0.2987299977325441,VIIRS DNB,nW/cm2/sr,2019,"{""type"":""MultiPoint"",""coordinates"":[]}"
69_0000000000000000000b,BA03050040,,,,,,,53.09,53,1735.63521769,TASWIL5000020230907KABKOTA,Ngada,,0.142589549676,2.86650785507,4326,4,,,Ngada,Nusa Tenggara Timur,,0,,,2019-10,0.2598957699888666,10,0.2598957699888666,VIIRS DNB,nW/cm2/sr,2019,"{""type"":""MultiPoint"",""coordinates"":[]}"
69_0000000000000000000e,BA03050040,,,,,,,53.07,53,1671.64902391,TASWIL5000020230907KABKOTA,Sikka,,0.137312979206,3.89925449996,4326,4,,,Sikka,Nusa Tenggara Timur,,0,,,2019-10,0.3253499703210334,10,0.3253499703210334,VIIRS DNB,nW/cm2/sr,2019,"{""type"":""MultiPoint"",""coordinates"":[]}"
69_0000000000000000000f,BA03050040,,,,,,,53.12,53,757.407641007,TASWIL5000020230907KABKOTA,Sumba Barat,,0.0623907023605,2.04212111278,4326,4,,,Sumba Barat,Nusa Tenggara Timur,,0,,,2019-10,0.2702815737704108,10,0.2702815737704108,VIIRS DNB,nW/cm2/sr,2019,"{""type"":""MultiPoint"",""coordinates"":[]}"
69_00000000000000000011,BA03050040,,,,,,,53.11,53,6984.01403441,TASWIL5000020230907KABKOTA,Sumba Timur,,0.575702142252,4.80415749282,4326,4,,,Sumba Timur,Nusa Tenggara Timur,,0,,,2019-10,0.22524965087196494,10,0.22524965087196494,VIIRS DNB,nW/cm2/sr,2019,"{""type"":""MultiPoint"",""coordinates"":[]}"
69_00000000000000000012,BA03050040,,,,,,,53.02,53,3933.15111495,TASWIL5000020230907KABKOTA,Timor Tengah Selatan,,0.324167140101,3.32375028444,4326,4,,,Timor Tengah Selatan,Nusa Tenggara Timur,,0,,,2019-10,0.28106930470291247,10,0.28106930470291247,VIIRS DNB,nW/cm2/sr,2019,"{""type"":""MultiPoint"",""coordinates"":[]}"
69_00000000000000000013,BA03050040,,,,,,,53.03,53,2623.19983128,TASWIL5000020230907KABKOTA,Timor Tengah Utara,,0.215921651765,3.4787254107,4326,4,,,Timor Tengah Utara,Nusa Tenggara Timur,,0,,,2019-10,0.2844595478805835,10,0.2844595478805835,VIIRS DNB,nW/cm2/sr,2019,"{""type"":""MultiPoint"",""coordinates"":[]}"
69_00000000000000000015,BA03050040,,,,,,,53.08,53,2085.24387061,TASWIL5000020230907KABKOTA,Ende,,0.171316232886,2.99297540949,4326,4,,,Ende,Nusa Tenggara Timur,,0,,,2019-10,0.2993162610898751,10,0.2993162610898751,VIIRS DNB,nW/cm2/sr,2019,"{""type"":""MultiPoint"",""coordinates"":[]}"
69_00000000000000000006,BA03050040,,,,,,,53.21,53,1109.16204574,TASWIL5000020230907KABKOTA,Malaka,,0.0913351434015,2.23370514726,4326,4,,,Malaka,Nusa Tenggara Timur,,0,Belu,,2019-10,0.30924270564198236,10,0.30924270564198236,VIIRS DNB,nW/cm2/sr,2019,"{""type"":""MultiPoint"",""coordinates"":[]}"
69_00000000000000000005,BA03050040,,,,,,,53.13,53,1268.10489804,TASWIL5000020230907KABKOTA,Lembata,,0.10410466891,3.45188597769,4326,4,,,Lembata,Nusa Tenggara Timur,,0,Flores Timur,,2019-10,0.2652483329272448,10,0.2652483329272448,VIIRS DNB,nW/cm2/sr,2019,"{""type"":""MultiPoint"",""coordinates"":[]}"
69_00000000000000000003,BA03050040,,,,,,,53.71,53,159.334041006,TASWIL5000020230907KABKOTA,Kota Kupang,,0.0131469663875,0.949087585397,4326,5,,,Kota Kupang,Nusa Tenggara Timur,,0,Kupang,,2019-10,6.637514572119523,10,6.637514572119523,VIIRS DNB,nW/cm2/sr,2019,"{""type"":""MultiPoint"",""coordinates"":[]}"
69_0000000000000000000c,BA03050040,,,,,,,53.14,53,1286.45281117,TASWIL5000020230907KABKOTA,Rote Ndao,,0.106321906477,4.76909476004,4326,4,,,Rote Ndao,Nusa Tenggara Timur,,0,Kupang,,2019-10,0.26939822454609236,10,0.26939822454609236,VIIRS DNB,nW/cm2/sr,2019,"{""type"":""MultiPoint"",""coordinates"":[]}"
69_0000000000000000000d,BA03050040,,,,,,,53.20,53,460.956594118,TASWIL5000020230907KABKOTA,Sabu Raijua,,0.0380736571077,1.23438979443,4326,4,,,Sabu Raijua,Nusa Tenggara Timur,,0,Kupang,,2019-10,0.29229526503563,10,0.29229526503563,VIIRS DNB,nW/cm2/sr,2019,"{""type"":""MultiPoint"",""coordinates"":[]}"
69_00000000000000000008,BA03050040,,,,,,,53.15,53,3128.99733567,TASWIL5000020230907KABKOTA,Manggarai Barat,,0.257018604578,10.7211601624,4326,4,,,Manggarai Barat,Nusa Tenggara Timur,,0,Manggarai,,2019-10,0.24869776705735988,10,0.24869776705735988,VIIRS DNB,nW/cm2/sr,2019,"{""type"":""MultiPoint"",""coordinates"":[]}"
69_00000000000000000009,BA03050040,,,,,,,53.19,53,2389.52959786,TASWIL5000020230907KABKOTA,Manggarai Timur,,0.196263276889,2.60910655519,4326,4,,,Manggarai Timur,Nusa Tenggara Timur,,0,Manggarai,,2019-10,0.22201460372839082,10,0.22201460372839082,VIIRS DNB,nW/cm2/sr,2019,"{""type"":""MultiPoint"",""coordinates"":[]}"
69_0000000000000000000a,BA03050040,,,,,,,53.16,53,1396.16423098,TASWIL5000020230907KABKOTA,Nagekeo,,0.114707914625,2.15252417923,4326,4,,,Nagekeo,Nusa Tenggara Timur,,0,Ngada,,2019-10,0.2710352447611864,10,0.2710352447611864,VIIRS DNB,nW/cm2/sr,2019,"{""type"":""MultiPoint"",""coordinates"":[]}"
69_00000000000000000010,BA03050040,,,,,,,53.17,53,1789.65872064,TASWIL5000020230907KABKOTA,Sumba Tengah,,0.147379835649,2.42469258111,4326,4,,,Sumba Tengah,Nusa Tenggara Timur,,0,Sumba Barat,,2019-10,0.2018850257356676,10,0.2018850257356676,VIIRS DNB,nW/cm2/sr,2019,"{""type"":""MultiPoint"",""coordinates"":[]}"
69_00000000000000000014,BA03050040,,,,,,,53.18,53,1383.31224571,TASWIL5000020230907KABKOTA,Sumba Barat Daya,,0.113913848979,1.59805558471,4326,4,,,Sumba Barat Daya,Nusa Tenggara Timur,,0,Sumba Barat,,2019-10,0.2440083986062935,10,0.2440083986062935,VIIRS DNB,nW/cm2/sr,2019,"{""type"":""MultiPoint"",""coordinates"":[]}"
70_00000000000000000000,BA03050040,,,,,,,53.05,53,2928.55881854,TASWIL5000020230907KABKOTA,Alor,,0.24037265184,5.67288749982,4326,4,,,Alor,Nusa Tenggara Timur,,0,,,2019-11,0.25761156754367104,11,0.25761156754367104,VIIRS DNB,nW/cm2/sr,2019,"{""type"":""MultiPoint"",""coordinates"":[]}"
70_00000000000000000001,BA03050040,,,,,,,53.04,53,1127.25008655,TASWIL5000020230907KABKOTA,Belu,,0.0927289736817,2.29261763369,4326,4,,,Belu,Nusa Tenggara Timur,,0,,,2019-11,0.3661315499096516,11,0.3661315499096516,VIIRS DNB,nW/cm2/sr,2019,"{""type"":""MultiPoint"",""coordinates"":[]}"
70_00000000000000000002,BA03050040,,,,,,,53.06,53,1748.5165523,TASWIL5000020230907KABKOTA,Flores Timur,,0.143538260694,4.68012528849,4326,4,,,Flores Timur,Nusa Tenggara Timur,,0,,,2019-11,0.2764609259127555,11,0.2764609259127555,VIIRS DNB,nW/cm2/sr,2019,"{""type"":""MultiPoint"",""coordinates"":[]}"
70_00000000000000000004,BA03050040,,,,,,,53.01,53,5136.51008742,TASWIL5000020230907KABKOTA,Kupang,,0.423459507198,6.26740520892,4326,4,,,Kupang,Nusa Tenggara Timur,,0,,,2019-11,0.29123346084455437,11,0.29123346084455437,VIIRS DNB,nW/cm2/sr,2019,"{""type"":""MultiPoint"",""coordinates"":[]}"
70_00000000000000000007,BA03050040,,,,,,,53.10,53,1343.83414797,TASWIL5000020230907KABKOTA,Manggarai,,0.11037433796,2.62044875269,4326,4,,,Manggarai,Nusa Tenggara Timur,,0,,,2019-11,0.3170153133020762,11,0.3170153133020762,VIIRS DNB,nW/cm2/sr,2019,"{""type"":""MultiPoint"",""coordinates"":[]}"
70_0000000000000000000b,BA03050040,,,,,,,53.09,53,1735.63521769,TASWIL5000020230907KABKOTA,Ngada,,0.142589549676,2.86650785507,4326,4,,,Ngada,Nusa Tenggara Timur,,0,,,2019-11,0.25465208098879466,11,0.25465208098879466,VIIRS DNB,nW/cm2/sr,2019,"{""type"":""MultiPoint"",""coordinates"":[]}"
70_0000000000000000000e,BA03050040,,,,,,,53.07,53,1671.64902391,TASWIL5000020230907KABKOTA,Sikka,,0.137312979206,3.89925449996,4326,4,,,Sikka,Nusa Tenggara Timur,,0,,,2019-11,0.3210384411938122,11,0.3210384411938122,VIIRS DNB,nW/cm2/sr,2019,"{""type"":""MultiPoint"",""coordinates"":[]}"
70_0000000000000000000f,BA03050040,,,,,,,53.12,53,757.407641007,TASWIL5000020230907KABKOTA,Sumba Barat,,0.0623907023605,2.04212111278,4326,4,,,Sumba Barat,Nusa Tenggara Timur,,0,,,2019-11,0.28934622416923045,11,0.28934622416923045,VIIRS DNB,nW/cm2/sr,2019,"{""type"":""MultiPoint"",""coordinates"":[]}"
70_00000000000000000011,BA03050040,,,,,,,53.11,53,6984.01403441,TASWIL5000020230907KABKOTA,Sumba Timur,,0.575702142252,4.80415749282,4326,4,,,Sumba Timur,Nusa Tenggara Timur,,0,,,2019-11,0.23313526443507254,11,0.23313526443507254,VIIRS DNB,nW/cm2/sr,2019,"{""type"":""MultiPoint"",""coordinates"":[]}"
70_00000000000000000012,BA03050040,,,,,,,53.02,53,3933.15111495,TASWIL5000020230907KABKOTA,Timor Tengah Selatan,,0.324167140101,3.32375028444,4326,4,,,Timor Tengah Selatan,Nusa Tenggara Timur,,0,,,2019-11,0.2871312678382447,11,0.2871312678382447,VIIRS DNB,nW/cm2/sr,2019,"{""type"":""MultiPoint"",""coordinates"":[]}"
70_00000000000000000013,BA03050040,,,,,,,53.03,53,2623.19983128,TASWIL5000020230907KABKOTA,Timor Tengah Utara,,0.215921651765,3.4787254107,4326,4,,,Timor Tengah Utara,Nusa Tenggara Timur,,0,,,2019-11,0.28144978677337873,11,0.28144978677337873,VIIRS DNB,nW/cm2/sr,2019,"{""type"":""MultiPoint"",""coordinates"":[]}"
70_00000000000000000015,BA03050040,,,,,,,53.08,53,2085.24387061,TASWIL5000020230907KABKOTA,Ende,,0.171316232886,2.99297540949,4326,4,,,Ende,Nusa Tenggara Timur,,0,,,2019-11,0.2886591292478127,11,0.2886591292478127,VIIRS DNB,nW/cm2/sr,2019,"{""type"":""MultiPoint"",""coordinates"":[]}"
70_00000000000000000006,BA03050040,,,,,,,53.21,53,1109.16204574,TASWIL5000020230907KABKOTA,Malaka,,0.0913351434015,2.23370514726,4326,4,,,Malaka,Nusa Tenggara Timur,,0,Belu,,2019-11,0.3089359262335625,11,0.3089359262335625,VIIRS DNB,nW/cm2/sr,2019,"{""type"":""MultiPoint"",""coordinates"":[]}"
70_00000000000000000005,BA03050040,,,,,,,53.13,53,1268.10489804,TASWIL5000020230907KABKOTA,Lembata,,0.10410466891,3.45188597769,4326,4,,,Lembata,Nusa Tenggara Timur,,0,Flores Timur,,2019-11,0.35079088864618435,11,0.35079088864618435,VIIRS DNB,nW/cm2/sr,2019,"{""type"":""MultiPoint"",""coordinates"":[]}"
70_00000000000000000003,BA03050040,,,,,,,53.71,53,159.334041006,TASWIL5000020230907KABKOTA,Kota Kupang,,0.0131469663875,0.949087585397,4326,5,,,Kota Kupang,Nusa Tenggara Timur,,0,Kupang,,2019-11,6.2337725950325975,11,6.2337725950325975,VIIRS DNB,nW/cm2/sr,2019,"{""type"":""MultiPoint"",""coordinates"":[]}"
70_0000000000000000000c,BA03050040,,,,,,,53.14,53,1286.45281117,TASWIL5000020230907KABKOTA,Rote Ndao,,0.106321906477,4.76909476004,4326,4,,,Rote Ndao,Nusa Tenggara Timur,,0,Kupang,,2019-11,0.27559410417906316,11,0.27559410417906316,VIIRS DNB,nW/cm2/sr,2019,"{""type"":""MultiPoint"",""coordinates"":[]}"
70_0000000000000000000d,BA03050040,,,,,,,53.20,53,460.956594118,TASWIL5000020230907KABKOTA,Sabu Raijua,,0.0380736571077,1.23438979443,4326,4,,,Sabu Raijua,Nusa Tenggara Timur,,0,Kupang,,2019-11,0.29997878016862045,11,0.29997878016862045,VIIRS DNB,nW/cm2/sr,2019,"{""type"":""MultiPoint"",""coordinates"":[]}"
70_00000000000000000008,BA03050040,,,,,,,53.15,53,3128.99733567,TASWIL5000020230907KABKOTA,Manggarai Barat,,0.257018604578,10.7211601624,4326,4,,,Manggarai Barat,Nusa Tenggara Timur,,0,Manggarai,,2019-11,0.26006867267951045,11,0.26006867267951045,VIIRS DNB,nW/cm2/sr,2019,"{""type"":""MultiPoint"",""coordinates"":[]}"
70_00000000000000000009,BA03050040,,,,,,,53.19,53,2389.52959786,TASWIL5000020230907KABKOTA,Manggarai Timur,,0.196263276889,2.60910655519,4326,4,,,Manggarai Timur,Nusa Tenggara Timur,,0,Manggarai,,2019-11,0.23691149506016243,11,0.23691149506016243,VIIRS DNB,nW/cm2/sr,2019,"{""type"":""MultiPoint"",""coordinates"":[]}"
70_0000000000000000000a,BA03050040,,,,,,,53.16,53,1396.16423098,TASWIL5000020230907KABKOTA,Nagekeo,,0.114707914625,2.15252417923,4326,4,,,Nagekeo,Nusa Tenggara Timur,,0,Ngada,,2019-11,0.2791522023660146,11,0.2791522023660146,VIIRS DNB,nW/cm2/sr,2019,"{""type"":""MultiPoint"",""coordinates"":[]}"
70_00000000000000000010,BA03050040,,,,,,,53.17,53,1789.65872064,TASWIL5000020230907KABKOTA,Sumba Tengah,,0.147379835649,2.42469258111,4326,4,,,Sumba Tengah,Nusa Tenggara Timur,,0,Sumba Barat,,2019-11,0.22622111720974797,11,0.22622111720974797,VIIRS DNB,nW/cm2/sr,2019,"{""type"":""MultiPoint"",""coordinates"":[]}"
70_00000000000000000014,BA03050040,,,,,,,53.18,53,1383.31224571,TASWIL5000020230907KABKOTA,Sumba Barat Daya,,0.113913848979,1.59805558471,4326,4,,,Sumba Barat Daya,Nusa Tenggara Timur,,0,Sumba Barat,,2019-11,0.2789168309971886,11,0.2789168309971886,VIIRS DNB,nW/cm2/sr,2019,"{""type"":""MultiPoint"",""coordinates"":[]}"
71_00000000000000000000,BA03050040,,,,,,,53.05,53,2928.55881854,TASWIL5000020230907KABKOTA,Alor,,0.24037265184,5.67288749982,4326,4,,,Alor,Nusa Tenggara Timur,,0,,,2019-12,0.17131941066183726,12,0.17131941066183726,VIIRS DNB,nW/cm2/sr,2019,"{""type"":""MultiPoint"",""coordinates"":[]}"
71_00000000000000000001,BA03050040,,,,,,,53.04,53,1127.25008655,TASWIL5000020230907KABKOTA,Belu,,0.0927289736817,2.29261763369,4326,4,,,Belu,Nusa Tenggara Timur,,0,,,2019-12,0.29738963680293523,12,0.29738963680293523,VIIRS DNB,nW/cm2/sr,2019,"{""type"":""MultiPoint"",""coordinates"":[]}"
71_00000000000000000002,BA03050040,,,,,,,53.06,53,1748.5165523,TASWIL5000020230907KABKOTA,Flores Timur,,0.143538260694,4.68012528849,4326,4,,,Flores Timur,Nusa Tenggara Timur,,0,,,2019-12,0.2770766923747866,12,0.2770766923747866,VIIRS DNB,nW/cm2/sr,2019,"{""type"":""MultiPoint"",""coordinates"":[]}"
71_00000000000000000004,BA03050040,,,,,,,53.01,53,5136.51008742,TASWIL5000020230907KABKOTA,Kupang,,0.423459507198,6.26740520892,4326,4,,,Kupang,Nusa Tenggara Timur,,0,,,2019-12,0.20430503759816146,12,0.20430503759816146,VIIRS DNB,nW/cm2/sr,2019,"{""type"":""MultiPoint"",""coordinates"":[]}"
71_00000000000000000007,BA03050040,,,,,,,53.10,53,1343.83414797,TASWIL5000020230907KABKOTA,Manggarai,,0.11037433796,2.62044875269,4326,4,,,Manggarai,Nusa Tenggara Timur,,0,,,2019-12,0.21574209279358295,12,0.21574209279358295,VIIRS DNB,nW/cm2/sr,2019,"{""type"":""MultiPoint"",""coordinates"":[]}"
71_0000000000000000000b,BA03050040,,,,,,,53.09,53,1735.63521769,TASWIL5000020230907KABKOTA,Ngada,,0.142589549676,2.86650785507,4326,4,,,Ngada,Nusa Tenggara Timur,,0,,,2019-12,0.14844751581210966,12,0.14844751581210966,VIIRS DNB,nW/cm2/sr,2019,"{""type"":""MultiPoint"",""coordinates"":[]}"
71_0000000000000000000e,BA03050040,,,,,,,53.07,53,1671.64902391,TASWIL5000020230907KABKOTA,Sikka,,0.137312979206,3.89925449996,4326,4,,,Sikka,Nusa Tenggara Timur,,0,,,2019-12,0.302418546995263,12,0.302418546995263,VIIRS DNB,nW/cm2/sr,2019,"{""type"":""MultiPoint"",""coordinates"":[]}"
71_0000000000000000000f,BA03050040,,,,,,,53.12,53,757.407641007,TASWIL5000020230907KABKOTA,Sumba Barat,,0.0623907023605,2.04212111278,4326,4,,,Sumba Barat,Nusa Tenggara Timur,,0,,,2019-12,0.1792195532872742,12,0.1792195532872742,VIIRS DNB,nW/cm2/sr,2019,"{""type"":""MultiPoint"",""coordinates"":[]}"
71_00000000000000000011,BA03050040,,,,,,,53.11,53,6984.01403441,TASWIL5000020230907KABKOTA,Sumba Timur,,0.575702142252,4.80415749282,4326,4,,,Sumba Timur,Nusa Tenggara Timur,,0,,,2019-12,0.1318096293369571,12,0.1318096293369571,VIIRS DNB,nW/cm2/sr,2019,"{""type"":""MultiPoint"",""coordinates"":[]}"
71_00000000000000000012,BA03050040,,,,,,,53.02,53,3933.15111495,TASWIL5000020230907KABKOTA,Timor Tengah Selatan,,0.324167140101,3.32375028444,4326,4,,,Timor Tengah Selatan,Nusa Tenggara Timur,,0,,,2019-12,0.19307472768426753,12,0.19307472768426753,VIIRS DNB,nW/cm2/sr,2019,"{""type"":""MultiPoint"",""coordinates"":[]}"
71_00000000000000000013,BA03050040,,,,,,,53.03,53,2623.19983128,TASWIL5000020230907KABKOTA,Timor Tengah Utara,,0.215921651765,3.4787254107,4326,4,,,Timor Tengah Utara,Nusa Tenggara Timur,,0,,,2019-12,0.20171355460575355,12,0.20171355460575355,VIIRS DNB,nW/cm2/sr,2019,"{""type"":""MultiPoint"",""coordinates"":[]}"
71_00000000000000000015,BA03050040,,,,,,,53.08,53,2085.24387061,TASWIL5000020230907KABKOTA,Ende,,0.171316232886,2.99297540949,4326,4,,,Ende,Nusa Tenggara Timur,,0,,,2019-12,0.25595039349024723,12,0.25595039349024723,VIIRS DNB,nW/cm2/sr,2019,"{""type"":""MultiPoint"",""coordinates"":[]}"
71_00000000000000000006,BA03050040,,,,,,,53.21,53,1109.16204574,TASWIL5000020230907KABKOTA,Malaka,,0.0913351434015,2.23370514726,4326,4,,,Malaka,Nusa Tenggara Timur,,0,Belu,,2019-12,0.2709316436438969,12,0.2709316436438969,VIIRS DNB,nW/cm2/sr,2019,"{""type"":""MultiPoint"",""coordinates"":[]}"
71_00000000000000000005,BA03050040,,,,,,,53.13,53,1268.10489804,TASWIL5000020230907KABKOTA,Lembata,,0.10410466891,3.45188597769,4326,4,,,Lembata,Nusa Tenggara Timur,,0,Flores Timur,,2019-12,0.2207594364964166,12,0.2207594364964166,VIIRS DNB,nW/cm2/sr,2019,"{""type"":""MultiPoint"",""coordinates"":[]}"
71_00000000000000000003,BA03050040,,,,,,,53.71,53,159.334041006,TASWIL5000020230907KABKOTA,Kota Kupang,,0.0131469663875,0.949087585397,4326,5,,,Kota Kupang,Nusa Tenggara Timur,,0,Kupang,,2019-12,5.12055030101752,12,5.12055030101752,VIIRS DNB,nW/cm2/sr,2019,"{""type"":""MultiPoint"",""coordinates"":[]}"
71_0000000000000000000c,BA03050040,,,,,,,53.14,53,1286.45281117,TASWIL5000020230907KABKOTA,Rote Ndao,,0.106321906477,4.76909476004,4326,4,,,Rote Ndao,Nusa Tenggara Timur,,0,Kupang,,2019-12,0.22954625487908947,12,0.22954625487908947,VIIRS DNB,nW/cm2/sr,2019,"{""type"":""MultiPoint"",""coordinates"":[]}"
71_0000000000000000000d,BA03050040,,,,,,,53.20,53,460.956594118,TASWIL5000020230907KABKOTA,Sabu Raijua,,0.0380736571077,1.23438979443,4326,4,,,Sabu Raijua,Nusa Tenggara Timur,,0,Kupang,,2019-12,0.23800966405215385,12,0.23800966405215385,VIIRS DNB,nW/cm2/sr,2019,"{""type"":""MultiPoint"",""coordinates"":[]}"
71_00000000000000000008,BA03050040,,,,,,,53.15,53,3128.99733567,TASWIL5000020230907KABKOTA,Manggarai Barat,,0.257018604578,10.7211601624,4326,4,,,Manggarai Barat,Nusa Tenggara Timur,,0,Manggarai,,2019-12,0.16437152776758948,12,0.16437152776758948,VIIRS DNB,nW/cm2/sr,2019,"{""type"":""MultiPoint"",""coordinates"":[]}"
71_00000000000000000009,BA03050040,,,,,,,53.19,53,2389.52959786,TASWIL5000020230907KABKOTA,Manggarai Timur,,0.196263276889,2.60910655519,4326,4,,,Manggarai Timur,Nusa Tenggara Timur,,0,Manggarai,,2019-12,0.14812812027822927,12,0.14812812027822927,VIIRS DNB,nW/cm2/sr,2019,"{""type"":""MultiPoint"",""coordinates"":[]}"
71_0000000000000000000a,BA03050040,,,,,,,53.16,53,1396.16423098,TASWIL5000020230907KABKOTA,Nagekeo,,0.114707914625,2.15252417923,4326,4,,,Nagekeo,Nusa Tenggara Timur,,0,Ngada,,2019-12,0.18577182826827449,12,0.18577182826827449,VIIRS DNB,nW/cm2/sr,2019,"{""type"":""MultiPoint"",""coordinates"":[]}"
71_00000000000000000010,BA03050040,,,,,,,53.17,53,1789.65872064,TASWIL5000020230907KABKOTA,Sumba Tengah,,0.147379835649,2.42469258111,4326,4,,,Sumba Tengah,Nusa Tenggara Timur,,0,Sumba Barat,,2019-12,0.11228670058446251,12,0.11228670058446251,VIIRS DNB,nW/cm2/sr,2019,"{""type"":""MultiPoint"",""coordinates"":[]}"
71_00000000000000000014,BA03050040,,,,,,,53.18,53,1383.31224571,TASWIL5000020230907KABKOTA,Sumba Barat Daya,,0.113913848979,1.59805558471,4326,4,,,Sumba Barat Daya,Nusa Tenggara Timur,,0,Sumba Barat,,2019-12,0.19152663956110513,12,0.19152663956110513,VIIRS DNB,nW/cm2/sr,2019,"{""type"":""MultiPoint"",""coordinates"":[]}"
72_00000000000000000000,BA03050040,,,,,,,53.05,53,2928.55881854,TASWIL5000020230907KABKOTA,Alor,,0.24037265184,5.67288749982,4326,4,,,Alor,Nusa Tenggara Timur,,0,,,2020-01,0.08929177919413063,1,0.08929177919413063,VIIRS DNB,nW/cm2/sr,2020,"{""type"":""MultiPoint"",""coordinates"":[]}"
72_00000000000000000001,BA03050040,,,,,,,53.04,53,1127.25008655,TASWIL5000020230907KABKOTA,Belu,,0.0927289736817,2.29261763369,4326,4,,,Belu,Nusa Tenggara Timur,,0,,,2020-01,0.1723018375987049,1,0.1723018375987049,VIIRS DNB,nW/cm2/sr,2020,"{""type"":""MultiPoint"",""coordinates"":[]}"
72_00000000000000000002,BA03050040,,,,,,,53.06,53,1748.5165523,TASWIL5000020230907KABKOTA,Flores Timur,,0.143538260694,4.68012528849,4326,4,,,Flores Timur,Nusa Tenggara Timur,,0,,,2020-01,0.07404088747555697,1,0.07404088747555697,VIIRS DNB,nW/cm2/sr,2020,"{""type"":""MultiPoint"",""coordinates"":[]}"
72_00000000000000000004,BA03050040,,,,,,,53.01,53,5136.51008742,TASWIL5000020230907KABKOTA,Kupang,,0.423459507198,6.26740520892,4326,4,,,Kupang,Nusa Tenggara Timur,,0,,,2020-01,0.12489086227732228,1,0.12489086227732228,VIIRS DNB,nW/cm2/sr,2020,"{""type"":""MultiPoint"",""coordinates"":[]}"
72_00000000000000000007,BA03050040,,,,,,,53.10,53,1343.83414797,TASWIL5000020230907KABKOTA,Manggarai,,0.11037433796,2.62044875269,4326,4,,,Manggarai,Nusa Tenggara Timur,,0,,,2020-01,0.12179513714386705,1,0.12179513714386705,VIIRS DNB,nW/cm2/sr,2020,"{""type"":""MultiPoint"",""coordinates"":[]}"
72_0000000000000000000b,BA03050040,,,,,,,53.09,53,1735.63521769,TASWIL5000020230907KABKOTA,Ngada,,0.142589549676,2.86650785507,4326,4,,,Ngada,Nusa Tenggara Timur,,0,,,2020-01,0.04667416353597299,1,0.04667416353597299,VIIRS DNB,nW/cm2/sr,2020,"{""type"":""MultiPoint"",""coordinates"":[]}"
72_0000000000000000000e,BA03050040,,,,,,,53.07,53,1671.64902391,TASWIL5000020230907KABKOTA,Sikka,,0.137312979206,3.89925449996,4326,4,,,Sikka,Nusa Tenggara Timur,,0,,,2020-01,0.13339768773333902,1,0.13339768773333902,VIIRS DNB,nW/cm2/sr,2020,"{""type"":""MultiPoint"",""coordinates"":[]}"
72_0000000000000000000f,BA03050040,,,,,,,53.12,53,757.407641007,TASWIL5000020230907KABKOTA,Sumba Barat,,0.0623907023605,2.04212111278,4326,4,,,Sumba Barat,Nusa Tenggara Timur,,0,,,2020-01,0.07791581970783638,1,0.07791581970783638,VIIRS DNB,nW/cm2/sr,2020,"{""type"":""MultiPoint"",""coordinates"":[]}"
72_00000000000000000011,BA03050040,,,,,,,53.11,53,6984.01403441,TASWIL5000020230907KABKOTA,Sumba Timur,,0.575702142252,4.80415749282,4326,4,,,Sumba Timur,Nusa Tenggara Timur,,0,,,2020-01,0.03482281205461158,1,0.03482281205461158,VIIRS DNB,nW/cm2/sr,2020,"{""type"":""MultiPoint"",""coordinates"":[]}"
72_00000000000000000012,BA03050040,,,,,,,53.02,53,3933.15111495,TASWIL5000020230907KABKOTA,Timor Tengah Selatan,,0.324167140101,3.32375028444,4326,4,,,Timor Tengah Selatan,Nusa Tenggara Timur,,0,,,2020-01,0.11114444189173209,1,0.11114444189173209,VIIRS DNB,nW/cm2/sr,2020,"{""type"":""MultiPoint"",""coordinates"":[]}"
72_00000000000000000013,BA03050040,,,,,,,53.03,53,2623.19983128,TASWIL5000020230907KABKOTA,Timor Tengah Utara,,0.215921651765,3.4787254107,4326,4,,,Timor Tengah Utara,Nusa Tenggara Timur,,0,,,2020-01,0.09429733079723182,1,0.09429733079723182,VIIRS DNB,nW/cm2/sr,2020,"{""type"":""MultiPoint"",""coordinates"":[]}"
72_00000000000000000015,BA03050040,,,,,,,53.08,53,2085.24387061,TASWIL5000020230907KABKOTA,Ende,,0.171316232886,2.99297540949,4326,4,,,Ende,Nusa Tenggara Timur,,0,,,2020-01,0.0970951801471648,1,0.0970951801471648,VIIRS DNB,nW/cm2/sr,2020,"{""type"":""MultiPoint"",""coordinates"":[]}"
72_00000000000000000006,BA03050040,,,,,,,53.21,53,1109.16204574,TASWIL5000020230907KABKOTA,Malaka,,0.0913351434015,2.23370514726,4326,4,,,Malaka,Nusa Tenggara Timur,,0,Belu,,2020-01,0.11634800448558015,1,0.11634800448558015,VIIRS DNB,nW/cm2/sr,2020,"{""type"":""MultiPoint"",""coordinates"":[]}"
72_00000000000000000005,BA03050040,,,,,,,53.13,53,1268.10489804,TASWIL5000020230907KABKOTA,Lembata,,0.10410466891,3.45188597769,4326,4,,,Lembata,Nusa Tenggara Timur,,0,Flores Timur,,2020-01,0.10241634505315593,1,0.10241634505315593,VIIRS DNB,nW/cm2/sr,2020,"{""type"":""MultiPoint"",""coordinates"":[]}"
72_00000000000000000003,BA03050040,,,,,,,53.71,53,159.334041006,TASWIL5000020230907KABKOTA,Kota Kupang,,0.0131469663875,0.949087585397,4326,5,,,Kota Kupang,Nusa Tenggara Timur,,0,Kupang,,2020-01,4.9986390585971945,1,4.9986390585971945,VIIRS DNB,nW/cm2/sr,2020,"{""type"":""MultiPoint"",""coordinates"":[]}"
72_0000000000000000000c,BA03050040,,,,,,,53.14,53,1286.45281117,TASWIL5000020230907KABKOTA,Rote Ndao,,0.106321906477,4.76909476004,4326,4,,,Rote Ndao,Nusa Tenggara Timur,,0,Kupang,,2020-01,0.0870472354169301,1,0.0870472354169301,VIIRS DNB,nW/cm2/sr,2020,"{""type"":""MultiPoint"",""coordinates"":[]}"
72_0000000000000000000d,BA03050040,,,,,,,53.20,53,460.956594118,TASWIL5000020230907KABKOTA,Sabu Raijua,,0.0380736571077,1.23438979443,4326,4,,,Sabu Raijua,Nusa Tenggara Timur,,0,Kupang,,2020-01,0.10267318579158012,1,0.10267318579158012,VIIRS DNB,nW/cm2/sr,2020,"{""type"":""MultiPoint"",""coordinates"":[]}"
72_00000000000000000008,BA03050040,,,,,,,53.15,53,3128.99733567,TASWIL5000020230907KABKOTA,Manggarai Barat,,0.257018604578,10.7211601624,4326,4,,,Manggarai Barat,Nusa Tenggara Timur,,0,Manggarai,,2020-01,0.055214827629574116,1,0.055214827629574116,VIIRS DNB,nW/cm2/sr,2020,"{""type"":""MultiPoint"",""coordinates"":[]}"
72_00000000000000000009,BA03050040,,,,,,,53.19,53,2389.52959786,TASWIL5000020230907KABKOTA,Manggarai Timur,,0.196263276889,2.60910655519,4326,4,,,Manggarai Timur,Nusa Tenggara Timur,,0,Manggarai,,2020-01,0.04920509689902453,1,0.04920509689902453,VIIRS DNB,nW/cm2/sr,2020,"{""type"":""MultiPoint"",""coordinates"":[]}"
72_0000000000000000000a,BA03050040,,,,,,,53.16,53,1396.16423098,TASWIL5000020230907KABKOTA,Nagekeo,,0.114707914625,2.15252417923,4326,4,,,Nagekeo,Nusa Tenggara Timur,,0,Ngada,,2020-01,0.06852073940452674,1,0.06852073940452674,VIIRS DNB,nW/cm2/sr,2020,"{""type"":""MultiPoint"",""coordinates"":[]}"
72_00000000000000000010,BA03050040,,,,,,,53.17,53,1789.65872064,TASWIL5000020230907KABKOTA,Sumba Tengah,,0.147379835649,2.42469258111,4326,4,,,Sumba Tengah,Nusa Tenggara Timur,,0,Sumba Barat,,2020-01,0.03522235489242241,1,0.03522235489242241,VIIRS DNB,nW/cm2/sr,2020,"{""type"":""MultiPoint"",""coordinates"":[]}"
72_00000000000000000014,BA03050040,,,,,,,53.18,53,1383.31224571,TASWIL5000020230907KABKOTA,Sumba Barat Daya,,0.113913848979,1.59805558471,4326,4,,,Sumba Barat Daya,Nusa Tenggara Timur,,0,Sumba Barat,,2020-01,0.09198552239667081,1,0.09198552239667081,VIIRS DNB,nW/cm2/sr,2020,"{""type"":""MultiPoint"",""coordinates"":[]}"
73_00000000000000000000,BA03050040,,,,,,,53.05,53,2928.55881854,TASWIL5000020230907KABKOTA,Alor,,0.24037265184,5.67288749982,4326,4,,,Alor,Nusa Tenggara Timur,,0,,,2020-02,0.4151828684896829,2,0.4151828684896829,VIIRS DNB,nW/cm2/sr,2020,"{""type"":""MultiPoint"",""coordinates"":[]}"
73_00000000000000000001,BA03050040,,,,,,,53.04,53,1127.25008655,TASWIL5000020230907KABKOTA,Belu,,0.0927289736817,2.29261763369,4326,4,,,Belu,Nusa Tenggara Timur,,0,,,2020-02,0.5128902441089116,2,0.5128902441089116,VIIRS DNB,nW/cm2/sr,2020,"{""type"":""MultiPoint"",""coordinates"":[]}"
73_00000000000000000002,BA03050040,,,,,,,53.06,53,1748.5165523,TASWIL5000020230907KABKOTA,Flores Timur,,0.143538260694,4.68012528849,4326,4,,,Flores Timur,Nusa Tenggara Timur,,0,,,2020-02,0.4752786257103035,2,0.4752786257103035,VIIRS DNB,nW/cm2/sr,2020,"{""type"":""MultiPoint"",""coordinates"":[]}"
73_00000000000000000004,BA03050040,,,,,,,53.01,53,5136.51008742,TASWIL5000020230907KABKOTA,Kupang,,0.423459507198,6.26740520892,4326,4,,,Kupang,Nusa Tenggara Timur,,0,,,2020-02,0.4870034468364533,2,0.4870034468364533,VIIRS DNB,nW/cm2/sr,2020,"{""type"":""MultiPoint"",""coordinates"":[]}"
73_00000000000000000007,BA03050040,,,,,,,53.10,53,1343.83414797,TASWIL5000020230907KABKOTA,Manggarai,,0.11037433796,2.62044875269,4326,4,,,Manggarai,Nusa Tenggara Timur,,0,,,2020-02,0.46315972055343213,2,0.46315972055343213,VIIRS DNB,nW/cm2/sr,2020,"{""type"":""MultiPoint"",""coordinates"":[]}"
73_0000000000000000000b,BA03050040,,,,,,,53.09,53,1735.63521769,TASWIL5000020230907KABKOTA,Ngada,,0.142589549676,2.86650785507,4326,4,,,Ngada,Nusa Tenggara Timur,,0,,,2020-02,0.4596398022102303,2,0.4596398022102303,VIIRS DNB,nW/cm2/sr,2020,"{""type"":""MultiPoint"",""coordinates"":[]}"
73_0000000000000000000e,BA03050040,,,,,,,53.07,53,1671.64902391,TASWIL5000020230907KABKOTA,Sikka,,0.137312979206,3.89925449996,4326,4,,,Sikka,Nusa Tenggara Timur,,0,,,2020-02,0.48359204575803233,2,0.48359204575803233,VIIRS DNB,nW/cm2/sr,2020,"{""type"":""MultiPoint"",""coordinates"":[]}"
73_0000000000000000000f,BA03050040,,,,,,,53.12,53,757.407641007,TASWIL5000020230907KABKOTA,Sumba Barat,,0.0623907023605,2.04212111278,4326,4,,,Sumba Barat,Nusa Tenggara Timur,,0,,,2020-02,0.454845750023494,2,0.454845750023494,VIIRS DNB,nW/cm2/sr,2020,"{""type"":""MultiPoint"",""coordinates"":[]}"
73_00000000000000000011,BA03050040,,,,,,,53.11,53,6984.01403441,TASWIL5000020230907KABKOTA,Sumba Timur,,0.575702142252,4.80415749282,4326,4,,,Sumba Timur,Nusa Tenggara Timur,,0,,,2020-02,0.39927726310251593,2,0.39927726310251593,VIIRS DNB,nW/cm2/sr,2020,"{""type"":""MultiPoint"",""coordinates"":[]}"
73_00000000000000000012,BA03050040,,,,,,,53.02,53,3933.15111495,TASWIL5000020230907KABKOTA,Timor Tengah Selatan,,0.324167140101,3.32375028444,4326,4,,,Timor Tengah Selatan,Nusa Tenggara Timur,,0,,,2020-02,0.4648276821516121,2,0.4648276821516121,VIIRS DNB,nW/cm2/sr,2020,"{""type"":""MultiPoint"",""coordinates"":[]}"
73_00000000000000000013,BA03050040,,,,,,,53.03,53,2623.19983128,TASWIL5000020230907KABKOTA,Timor Tengah Utara,,0.215921651765,3.4787254107,4326,4,,,Timor Tengah Utara,Nusa Tenggara Timur,,0,,,2020-02,0.4690178819619674,2,0.4690178819619674,VIIRS DNB,nW/cm2/sr,2020,"{""type"":""MultiPoint"",""coordinates"":[]}"
73_00000000000000000015,BA03050040,,,,,,,53.08,53,2085.24387061,TASWIL5000020230907KABKOTA,Ende,,0.171316232886,2.99297540949,4326,4,,,Ende,Nusa Tenggara Timur,,0,,,2020-02,0.4647302453134795,2,0.4647302453134795,VIIRS DNB,nW/cm2/sr,2020,"{""type"":""MultiPoint"",""coordinates"":[]}"
73_00000000000000000006,BA03050040,,,,,,,53.21,53,1109.16204574,TASWIL5000020230907KABKOTA,Malaka,,0.0913351434015,2.23370514726,4326,4,,,Malaka,Nusa Tenggara Timur,,0,Belu,,2020-02,0.4904923030931544,2,0.4904923030931544,VIIRS DNB,nW/cm2/sr,2020,"{""type"":""MultiPoint"",""coordinates"":[]}"
73_00000000000000000005,BA03050040,,,,,,,53.13,53,1268.10489804,TASWIL5000020230907KABKOTA,Lembata,,0.10410466891,3.45188597769,4326,4,,,Lembata,Nusa Tenggara Timur,,0,Flores Timur,,2020-02,0.48694277911485795,2,0.48694277911485795,VIIRS DNB,nW/cm2/sr,2020,"{""type"":""MultiPoint"",""coordinates"":[]}"
73_00000000000000000003,BA03050040,,,,,,,53.71,53,159.334041006,TASWIL5000020230907KABKOTA,Kota Kupang,,0.0131469663875,0.949087585397,4326,5,,,Kota Kupang,Nusa Tenggara Timur,,0,Kupang,,2020-02,5.602655415198662,2,5.602655415198662,VIIRS DNB,nW/cm2/sr,2020,"{""type"":""MultiPoint"",""coordinates"":[]}"
73_0000000000000000000c,BA03050040,,,,,,,53.14,53,1286.45281117,TASWIL5000020230907KABKOTA,Rote Ndao,,0.106321906477,4.76909476004,4326,4,,,Rote Ndao,Nusa Tenggara Timur,,0,Kupang,,2020-02,0.4744774520974644,2,0.4744774520974644,VIIRS DNB,nW/cm2/sr,2020,"{""type"":""MultiPoint"",""coordinates"":[]}"
73_0000000000000000000d,BA03050040,,,,,,,53.20,53,460.956594118,TASWIL5000020230907KABKOTA,Sabu Raijua,,0.0380736571077,1.23438979443,4326,4,,,Sabu Raijua,Nusa Tenggara Timur,,0,Kupang,,2020-02,0.4518005850589619,2,0.4518005850589619,VIIRS DNB,nW/cm2/sr,2020,"{""type"":""MultiPoint"",""coordinates"":[]}"
73_00000000000000000008,BA03050040,,,,,,,53.15,53,3128.99733567,TASWIL5000020230907KABKOTA,Manggarai Barat,,0.257018604578,10.7211601624,4326,4,,,Manggarai Barat,Nusa Tenggara Timur,,0,Manggarai,,2020-02,0.39216736236711064,2,0.39216736236711064,VIIRS DNB,nW/cm2/sr,2020,"{""type"":""MultiPoint"",""coordinates"":[]}"
73_00000000000000000009,BA03050040,,,,,,,53.19,53,2389.52959786,TASWIL5000020230907KABKOTA,Manggarai Timur,,0.196263276889,2.60910655519,4326,4,,,Manggarai Timur,Nusa Tenggara Timur,,0,Manggarai,,2020-02,0.4345130826016648,2,0.4345130826016648,VIIRS DNB,nW/cm2/sr,2020,"{""type"":""MultiPoint"",""coordinates"":[]}"
73_0000000000000000000a,BA03050040,,,,,,,53.16,53,1396.16423098,TASWIL5000020230907KABKOTA,Nagekeo,,0.114707914625,2.15252417923,4326,4,,,Nagekeo,Nusa Tenggara Timur,,0,Ngada,,2020-02,0.502507840494605,2,0.502507840494605,VIIRS DNB,nW/cm2/sr,2020,"{""type"":""MultiPoint"",""coordinates"":[]}"
73_00000000000000000010,BA03050040,,,,,,,53.17,53,1789.65872064,TASWIL5000020230907KABKOTA,Sumba Tengah,,0.147379835649,2.42469258111,4326,4,,,Sumba Tengah,Nusa Tenggara Timur,,0,Sumba Barat,,2020-02,0.4141819898264534,2,0.4141819898264534,VIIRS DNB,nW/cm2/sr,2020,"{""type"":""MultiPoint"",""coordinates"":[]}"
73_00000000000000000014,BA03050040,,,,,,,53.18,53,1383.31224571,TASWIL5000020230907KABKOTA,Sumba Barat Daya,,0.113913848979,1.59805558471,4326,4,,,Sumba Barat Daya,Nusa Tenggara Timur,,0,Sumba Barat,,2020-02,0.3718238914307752,2,0.3718238914307752,VIIRS DNB,nW/cm2/sr,2020,"{""type"":""MultiPoint"",""coordinates"":[]}"
74_00000000000000000000,BA03050040,,,,,,,53.05,53,2928.55881854,TASWIL5000020230907KABKOTA,Alor,,0.24037265184,5.67288749982,4326,4,,,Alor,Nusa Tenggara Timur,,0,,,2020-03,0.2952621742606827,3,0.2952621742606827,VIIRS DNB,nW/cm2/sr,2020,"{""type"":""MultiPoint"",""coordinates"":[]}"
74_00000000000000000001,BA03050040,,,,,,,53.04,53,1127.25008655,TASWIL5000020230907KABKOTA,Belu,,0.0927289736817,2.29261763369,4326,4,,,Belu,Nusa Tenggara Timur,,0,,,2020-03,0.39435869142974805,3,0.39435869142974805,VIIRS DNB,nW/cm2/sr,2020,"{""type"":""MultiPoint"",""coordinates"":[]}"
74_00000000000000000002,BA03050040,,,,,,,53.06,53,1748.5165523,TASWIL5000020230907KABKOTA,Flores Timur,,0.143538260694,4.68012528849,4326,4,,,Flores Timur,Nusa Tenggara Timur,,0,,,2020-03,0.32405302133409736,3,0.32405302133409736,VIIRS DNB,nW/cm2/sr,2020,"{""type"":""MultiPoint"",""coordinates"":[]}"
74_00000000000000000004,BA03050040,,,,,,,53.01,53,5136.51008742,TASWIL5000020230907KABKOTA,Kupang,,0.423459507198,6.26740520892,4326,4,,,Kupang,Nusa Tenggara Timur,,0,,,2020-03,0.3216636609483047,3,0.3216636609483047,VIIRS DNB,nW/cm2/sr,2020,"{""type"":""MultiPoint"",""coordinates"":[]}"
74_00000000000000000007,BA03050040,,,,,,,53.10,53,1343.83414797,TASWIL5000020230907KABKOTA,Manggarai,,0.11037433796,2.62044875269,4326,4,,,Manggarai,Nusa Tenggara Timur,,0,,,2020-03,0.42451528147462564,3,0.42451528147462564,VIIRS DNB,nW/cm2/sr,2020,"{""type"":""MultiPoint"",""coordinates"":[]}"
74_0000000000000000000b,BA03050040,,,,,,,53.09,53,1735.63521769,TASWIL5000020230907KABKOTA,Ngada,,0.142589549676,2.86650785507,4326,4,,,Ngada,Nusa Tenggara Timur,,0,,,2020-03,0.31152948894966354,3,0.31152948894966354,VIIRS DNB,nW/cm2/sr,2020,"{""type"":""MultiPoint"",""coordinates"":[]}"
74_0000000000000000000e,BA03050040,,,,,,,53.07,53,1671.64902391,TASWIL5000020230907KABKOTA,Sikka,,0.137312979206,3.89925449996,4326,4,,,Sikka,Nusa Tenggara Timur,,0,,,2020-03,0.39067507688997827,3,0.39067507688997827,VIIRS DNB,nW/cm2/sr,2020,"{""type"":""MultiPoint"",""coordinates"":[]}"
74_0000000000000000000f,BA03050040,,,,,,,53.12,53,757.407641007,TASWIL5000020230907KABKOTA,Sumba Barat,,0.0623907023605,2.04212111278,4326,4,,,Sumba Barat,Nusa Tenggara Timur,,0,,,2020-03,0.3423016963489041,3,0.3423016963489041,VIIRS DNB,nW/cm2/sr,2020,"{""type"":""MultiPoint"",""coordinates"":[]}"
74_00000000000000000011,BA03050040,,,,,,,53.11,53,6984.01403441,TASWIL5000020230907KABKOTA,Sumba Timur,,0.575702142252,4.80415749282,4326,4,,,Sumba Timur,Nusa Tenggara Timur,,0,,,2020-03,0.30018323493302085,3,0.30018323493302085,VIIRS DNB,nW/cm2/sr,2020,"{""type"":""MultiPoint"",""coordinates"":[]}"
74_00000000000000000012,BA03050040,,,,,,,53.02,53,3933.15111495,TASWIL5000020230907KABKOTA,Timor Tengah Selatan,,0.324167140101,3.32375028444,4326,4,,,Timor Tengah Selatan,Nusa Tenggara Timur,,0,,,2020-03,0.3129135708291477,3,0.3129135708291477,VIIRS DNB,nW/cm2/sr,2020,"{""type"":""MultiPoint"",""coordinates"":[]}"
74_00000000000000000013,BA03050040,,,,,,,53.03,53,2623.19983128,TASWIL5000020230907KABKOTA,Timor Tengah Utara,,0.215921651765,3.4787254107,4326,4,,,Timor Tengah Utara,Nusa Tenggara Timur,,0,,,2020-03,0.31268226011083855,3,0.31268226011083855,VIIRS DNB,nW/cm2/sr,2020,"{""type"":""MultiPoint"",""coordinates"":[]}"
74_00000000000000000015,BA03050040,,,,,,,53.08,53,2085.24387061,TASWIL5000020230907KABKOTA,Ende,,0.171316232886,2.99297540949,4326,4,,,Ende,Nusa Tenggara Timur,,0,,,2020-03,0.37205133296114046,3,0.37205133296114046,VIIRS DNB,nW/cm2/sr,2020,"{""type"":""MultiPoint"",""coordinates"":[]}"
74_00000000000000000006,BA03050040,,,,,,,53.21,53,1109.16204574,TASWIL5000020230907KABKOTA,Malaka,,0.0913351434015,2.23370514726,4326,4,,,Malaka,Nusa Tenggara Timur,,0,Belu,,2020-03,0.3745790827781274,3,0.3745790827781274,VIIRS DNB,nW/cm2/sr,2020,"{""type"":""MultiPoint"",""coordinates"":[]}"
74_00000000000000000005,BA03050040,,,,,,,53.13,53,1268.10489804,TASWIL5000020230907KABKOTA,Lembata,,0.10410466891,3.45188597769,4326,4,,,Lembata,Nusa Tenggara Timur,,0,Flores Timur,,2020-03,0.3175866577322131,3,0.3175866577322131,VIIRS DNB,nW/cm2/sr,2020,"{""type"":""MultiPoint"",""coordinates"":[]}"
74_00000000000000000003,BA03050040,,,,,,,53.71,53,159.334041006,TASWIL5000020230907KABKOTA,Kota Kupang,,0.0131469663875,0.949087585397,4326,5,,,Kota Kupang,Nusa Tenggara Timur,,0,Kupang,,2020-03,5.550778179859523,3,5.550778179859523,VIIRS DNB,nW/cm2/sr,2020,"{""type"":""MultiPoint"",""coordinates"":[]}"
74_0000000000000000000c,BA03050040,,,,,,,53.14,53,1286.45281117,TASWIL5000020230907KABKOTA,Rote Ndao,,0.106321906477,4.76909476004,4326,4,,,Rote Ndao,Nusa Tenggara Timur,,0,Kupang,,2020-03,0.3337906697779585,3,0.3337906697779585,VIIRS DNB,nW/cm2/sr,2020,"{""type"":""MultiPoint"",""coordinates"":[]}"
74_0000000000000000000d,BA03050040,,,,,,,53.20,53,460.956594118,TASWIL5000020230907KABKOTA,Sabu Raijua,,0.0380736571077,1.23438979443,4326,4,,,Sabu Raijua,Nusa Tenggara Timur,,0,Kupang,,2020-03,0.35465971854936507,3,0.35465971854936507,VIIRS DNB,nW/cm2/sr,2020,"{""type"":""MultiPoint"",""coordinates"":[]}"
74_00000000000000000008,BA03050040,,,,,,,53.15,53,3128.99733567,TASWIL5000020230907KABKOTA,Manggarai Barat,,0.257018604578,10.7211601624,4326,4,,,Manggarai Barat,Nusa Tenggara Timur,,0,Manggarai,,2020-03,0.3467947453622124,3,0.3467947453622124,VIIRS DNB,nW/cm2/sr,2020,"{""type"":""MultiPoint"",""coordinates"":[]}"
74_00000000000000000009,BA03050040,,,,,,,53.19,53,2389.52959786,TASWIL5000020230907KABKOTA,Manggarai Timur,,0.196263276889,2.60910655519,4326,4,,,Manggarai Timur,Nusa Tenggara Timur,,0,Manggarai,,2020-03,0.3062345527714358,3,0.3062345527714358,VIIRS DNB,nW/cm2/sr,2020,"{""type"":""MultiPoint"",""coordinates"":[]}"
74_0000000000000000000a,BA03050040,,,,,,,53.16,53,1396.16423098,TASWIL5000020230907KABKOTA,Nagekeo,,0.114707914625,2.15252417923,4326,4,,,Nagekeo,Nusa Tenggara Timur,,0,Ngada,,2020-03,0.3638971459952019,3,0.3638971459952019,VIIRS DNB,nW/cm2/sr,2020,"{""type"":""MultiPoint"",""coordinates"":[]}"
74_00000000000000000010,BA03050040,,,,,,,53.17,53,1789.65872064,TASWIL5000020230907KABKOTA,Sumba Tengah,,0.147379835649,2.42469258111,4326,4,,,Sumba Tengah,Nusa Tenggara Timur,,0,Sumba Barat,,2020-03,0.3030466193984051,3,0.3030466193984051,VIIRS DNB,nW/cm2/sr,2020,"{""type"":""MultiPoint"",""coordinates"":[]}"
74_00000000000000000014,BA03050040,,,,,,,53.18,53,1383.31224571,TASWIL5000020230907KABKOTA,Sumba Barat Daya,,0.113913848979,1.59805558471,4326,4,,,Sumba Barat Daya,Nusa Tenggara Timur,,0,Sumba Barat,,2020-03,0.33532355865295077,3,0.33532355865295077,VIIRS DNB,nW/cm2/sr,2020,"{""type"":""MultiPoint"",""coordinates"":[]}"
75_00000000000000000000,BA03050040,,,,,,,53.05,53,2928.55881854,TASWIL5000020230907KABKOTA,Alor,,0.24037265184,5.67288749982,4326,4,,,Alor,Nusa Tenggara Timur,,0,,,2020-04,0.35948367268547343,4,0.35948367268547343,VIIRS DNB,nW/cm2/sr,2020,"{""type"":""MultiPoint"",""coordinates"":[]}"
75_00000000000000000001,BA03050040,,,,,,,53.04,53,1127.25008655,TASWIL5000020230907KABKOTA,Belu,,0.0927289736817,2.29261763369,4326,4,,,Belu,Nusa Tenggara Timur,,0,,,2020-04,0.48184197186116856,4,0.48184197186116856,VIIRS DNB,nW/cm2/sr,2020,"{""type"":""MultiPoint"",""coordinates"":[]}"
75_00000000000000000002,BA03050040,,,,,,,53.06,53,1748.5165523,TASWIL5000020230907KABKOTA,Flores Timur,,0.143538260694,4.68012528849,4326,4,,,Flores Timur,Nusa Tenggara Timur,,0,,,2020-04,0.39206329716996696,4,0.39206329716996696,VIIRS DNB,nW/cm2/sr,2020,"{""type"":""MultiPoint"",""coordinates"":[]}"
75_00000000000000000004,BA03050040,,,,,,,53.01,53,5136.51008742,TASWIL5000020230907KABKOTA,Kupang,,0.423459507198,6.26740520892,4326,4,,,Kupang,Nusa Tenggara Timur,,0,,,2020-04,0.36754016794403355,4,0.36754016794403355,VIIRS DNB,nW/cm2/sr,2020,"{""type"":""MultiPoint"",""coordinates"":[]}"
75_00000000000000000007,BA03050040,,,,,,,53.10,53,1343.83414797,TASWIL5000020230907KABKOTA,Manggarai,,0.11037433796,2.62044875269,4326,4,,,Manggarai,Nusa Tenggara Timur,,0,,,2020-04,0.425262980889903,4,0.425262980889903,VIIRS DNB,nW/cm2/sr,2020,"{""type"":""MultiPoint"",""coordinates"":[]}"
75_0000000000000000000b,BA03050040,,,,,,,53.09,53,1735.63521769,TASWIL5000020230907KABKOTA,Ngada,,0.142589549676,2.86650785507,4326,4,,,Ngada,Nusa Tenggara Timur,,0,,,2020-04,0.35361652552000483,4,0.35361652552000483,VIIRS DNB,nW/cm2/sr,2020,"{""type"":""MultiPoint"",""coordinates"":[]}"
75_0000000000000000000e,BA03050040,,,,,,,53.07,53,1671.64902391,TASWIL5000020230907KABKOTA,Sikka,,0.137312979206,3.89925449996,4326,4,,,Sikka,Nusa Tenggara Timur,,0,,,2020-04,0.4315375061010406,4,0.4315375061010406,VIIRS DNB,nW/cm2/sr,2020,"{""type"":""MultiPoint"",""coordinates"":[]}"
75_0000000000000000000f,BA03050040,,,,,,,53.12,53,757.407641007,TASWIL5000020230907KABKOTA,Sumba Barat,,0.0623907023605,2.04212111278,4326,4,,,Sumba Barat,Nusa Tenggara Timur,,0,,,2020-04,0.35722338977884427,4,0.35722338977884427,VIIRS DNB,nW/cm2/sr,2020,"{""type"":""MultiPoint"",""coordinates"":[]}"
75_00000000000000000011,BA03050040,,,,,,,53.11,53,6984.01403441,TASWIL5000020230907KABKOTA,Sumba Timur,,0.575702142252,4.80415749282,4326,4,,,Sumba Timur,Nusa Tenggara Timur,,0,,,2020-04,0.3186003877962234,4,0.3186003877962234,VIIRS DNB,nW/cm2/sr,2020,"{""type"":""MultiPoint"",""coordinates"":[]}"
75_00000000000000000012,BA03050040,,,,,,,53.02,53,3933.15111495,TASWIL5000020230907KABKOTA,Timor Tengah Selatan,,0.324167140101,3.32375028444,4326,4,,,Timor Tengah Selatan,Nusa Tenggara Timur,,0,,,2020-04,0.36055017278062,4,0.36055017278062,VIIRS DNB,nW/cm2/sr,2020,"{""type"":""MultiPoint"",""coordinates"":[]}"
75_00000000000000000013,BA03050040,,,,,,,53.03,53,2623.19983128,TASWIL5000020230907KABKOTA,Timor Tengah Utara,,0.215921651765,3.4787254107,4326,4,,,Timor Tengah Utara,Nusa Tenggara Timur,,0,,,2020-04,0.397571372657108,4,0.397571372657108,VIIRS DNB,nW/cm2/sr,2020,"{""type"":""MultiPoint"",""coordinates"":[]}"
75_00000000000000000015,BA03050040,,,,,,,53.08,53,2085.24387061,TASWIL5000020230907KABKOTA,Ende,,0.171316232886,2.99297540949,4326,4,,,Ende,Nusa Tenggara Timur,,0,,,2020-04,0.4128158165814519,4,0.4128158165814519,VIIRS DNB,nW/cm2/sr,2020,"{""type"":""MultiPoint"",""coordinates"":[]}"
75_00000000000000000006,BA03050040,,,,,,,53.21,53,1109.16204574,TASWIL5000020230907KABKOTA,Malaka,,0.0913351434015,2.23370514726,4326,4,,,Malaka,Nusa Tenggara Timur,,0,Belu,,2020-04,0.41784316989842346,4,0.41784316989842346,VIIRS DNB,nW/cm2/sr,2020,"{""type"":""MultiPoint"",""coordinates"":[]}"
75_00000000000000000005,BA03050040,,,,,,,53.13,53,1268.10489804,TASWIL5000020230907KABKOTA,Lembata,,0.10410466891,3.45188597769,4326,4,,,Lembata,Nusa Tenggara Timur,,0,Flores Timur,,2020-04,0.38107800460046115,4,0.38107800460046115,VIIRS DNB,nW/cm2/sr,2020,"{""type"":""MultiPoint"",""coordinates"":[]}"
75_00000000000000000003,BA03050040,,,,,,,53.71,53,159.334041006,TASWIL5000020230907KABKOTA,Kota Kupang,,0.0131469663875,0.949087585397,4326,5,,,Kota Kupang,Nusa Tenggara Timur,,0,Kupang,,2020-04,5.856279944993861,4,5.856279944993861,VIIRS DNB,nW/cm2/sr,2020,"{""type"":""MultiPoint"",""coordinates"":[]}"
75_0000000000000000000c,BA03050040,,,,,,,53.14,53,1286.45281117,TASWIL5000020230907KABKOTA,Rote Ndao,,0.106321906477,4.76909476004,4326,4,,,Rote Ndao,Nusa Tenggara Timur,,0,Kupang,,2020-04,0.3605177864976967,4,0.3605177864976967,VIIRS DNB,nW/cm2/sr,2020,"{""type"":""MultiPoint"",""coordinates"":[]}"
75_0000000000000000000d,BA03050040,,,,,,,53.20,53,460.956594118,TASWIL5000020230907KABKOTA,Sabu Raijua,,0.0380736571077,1.23438979443,4326,4,,,Sabu Raijua,Nusa Tenggara Timur,,0,Kupang,,2020-04,0.3943611693050027,4,0.3943611693050027,VIIRS DNB,nW/cm2/sr,2020,"{""type"":""MultiPoint"",""coordinates"":[]}"
75_00000000000000000008,BA03050040,,,,,,,53.15,53,3128.99733567,TASWIL5000020230907KABKOTA,Manggarai Barat,,0.257018604578,10.7211601624,4326,4,,,Manggarai Barat,Nusa Tenggara Timur,,0,Manggarai,,2020-04,0.36053445488079994,4,0.36053445488079994,VIIRS DNB,nW/cm2/sr,2020,"{""type"":""MultiPoint"",""coordinates"":[]}"
75_00000000000000000009,BA03050040,,,,,,,53.19,53,2389.52959786,TASWIL5000020230907KABKOTA,Manggarai Timur,,0.196263276889,2.60910655519,4326,4,,,Manggarai Timur,Nusa Tenggara Timur,,0,Manggarai,,2020-04,0.34163262412846185,4,0.34163262412846185,VIIRS DNB,nW/cm2/sr,2020,"{""type"":""MultiPoint"",""coordinates"":[]}"
75_0000000000000000000a,BA03050040,,,,,,,53.16,53,1396.16423098,TASWIL5000020230907KABKOTA,Nagekeo,,0.114707914625,2.15252417923,4326,4,,,Nagekeo,Nusa Tenggara Timur,,0,Ngada,,2020-04,0.391668860574743,4,0.391668860574743,VIIRS DNB,nW/cm2/sr,2020,"{""type"":""MultiPoint"",""coordinates"":[]}"
75_00000000000000000010,BA03050040,,,,,,,53.17,53,1789.65872064,TASWIL5000020230907KABKOTA,Sumba Tengah,,0.147379835649,2.42469258111,4326,4,,,Sumba Tengah,Nusa Tenggara Timur,,0,Sumba Barat,,2020-04,0.31160968661265914,4,0.31160968661265914,VIIRS DNB,nW/cm2/sr,2020,"{""type"":""MultiPoint"",""coordinates"":[]}"
75_00000000000000000014,BA03050040,,,,,,,53.18,53,1383.31224571,TASWIL5000020230907KABKOTA,Sumba Barat Daya,,0.113913848979,1.59805558471,4326,4,,,Sumba Barat Daya,Nusa Tenggara Timur,,0,Sumba Barat,,2020-04,0.3472629489840086,4,0.3472629489840086,VIIRS DNB,nW/cm2/sr,2020,"{""type"":""MultiPoint"",""coordinates"":[]}"
76_00000000000000000000,BA03050040,,,,,,,53.05,53,2928.55881854,TASWIL5000020230907KABKOTA,Alor,,0.24037265184,5.67288749982,4326,4,,,Alor,Nusa Tenggara Timur,,0,,,2020-05,0.21169415598966668,5,0.21169415598966668,VIIRS DNB,nW/cm2/sr,2020,"{""type"":""MultiPoint"",""coordinates"":[]}"
76_00000000000000000001,BA03050040,,,,,,,53.04,53,1127.25008655,TASWIL5000020230907KABKOTA,Belu,,0.0927289736817,2.29261763369,4326,4,,,Belu,Nusa Tenggara Timur,,0,,,2020-05,0.2942467369458834,5,0.2942467369458834,VIIRS DNB,nW/cm2/sr,2020,"{""type"":""MultiPoint"",""coordinates"":[]}"
76_00000000000000000002,BA03050040,,,,,,,53.06,53,1748.5165523,TASWIL5000020230907KABKOTA,Flores Timur,,0.143538260694,4.68012528849,4326,4,,,Flores Timur,Nusa Tenggara Timur,,0,,,2020-05,0.24193018740789526,5,0.24193018740789526,VIIRS DNB,nW/cm2/sr,2020,"{""type"":""MultiPoint"",""coordinates"":[]}"
76_00000000000000000004,BA03050040,,,,,,,53.01,53,5136.51008742,TASWIL5000020230907KABKOTA,Kupang,,0.423459507198,6.26740520892,4326,4,,,Kupang,Nusa Tenggara Timur,,0,,,2020-05,0.24417847042183355,5,0.24417847042183355,VIIRS DNB,nW/cm2/sr,2020,"{""type"":""MultiPoint"",""coordinates"":[]}"
76_00000000000000000007,BA03050040,,,,,,,53.10,53,1343.83414797,TASWIL5000020230907KABKOTA,Manggarai,,0.11037433796,2.62044875269,4326,4,,,Manggarai,Nusa Tenggara Timur,,0,,,2020-05,0.3636481975298224,5,0.3636481975298224,VIIRS DNB,nW/cm2/sr,2020,"{""type"":""MultiPoint"",""coordinates"":[]}"
76_0000000000000000000b,BA03050040,,,,,,,53.09,53,1735.63521769,TASWIL5000020230907KABKOTA,Ngada,,0.142589549676,2.86650785507,4326,4,,,Ngada,Nusa Tenggara Timur,,0,,,2020-05,0.2857151185071416,5,0.2857151185071416,VIIRS DNB,nW/cm2/sr,2020,"{""type"":""MultiPoint"",""coordinates"":[]}"
76_0000000000000000000e,BA03050040,,,,,,,53.07,53,1671.64902391,TASWIL5000020230907KABKOTA,Sikka,,0.137312979206,3.89925449996,4326,4,,,Sikka,Nusa Tenggara Timur,,0,,,2020-05,0.27634412827469873,5,0.27634412827469873,VIIRS DNB,nW/cm2/sr,2020,"{""type"":""MultiPoint"",""coordinates"":[]}"
76_0000000000000000000f,BA03050040,,,,,,,53.12,53,757.407641007,TASWIL5000020230907KABKOTA,Sumba Barat,,0.0623907023605,2.04212111278,4326,4,,,Sumba Barat,Nusa Tenggara Timur,,0,,,2020-05,0.26968901582134713,5,0.26968901582134713,VIIRS DNB,nW/cm2/sr,2020,"{""type"":""MultiPoint"",""coordinates"":[]}"
76_00000000000000000011,BA03050040,,,,,,,53.11,53,6984.01403441,TASWIL5000020230907KABKOTA,Sumba Timur,,0.575702142252,4.80415749282,4326,4,,,Sumba Timur,Nusa Tenggara Timur,,0,,,2020-05,0.2469270614288692,5,0.2469270614288692,VIIRS DNB,nW/cm2/sr,2020,"{""type"":""MultiPoint"",""coordinates"":[]}"
76_00000000000000000012,BA03050040,,,,,,,53.02,53,3933.15111495,TASWIL5000020230907KABKOTA,Timor Tengah Selatan,,0.324167140101,3.32375028444,4326,4,,,Timor Tengah Selatan,Nusa Tenggara Timur,,0,,,2020-05,0.22003524143973233,5,0.22003524143973233,VIIRS DNB,nW/cm2/sr,2020,"{""type"":""MultiPoint"",""coordinates"":[]}"
76_00000000000000000013,BA03050040,,,,,,,53.03,53,2623.19983128,TASWIL5000020230907KABKOTA,Timor Tengah Utara,,0.215921651765,3.4787254107,4326,4,,,Timor Tengah Utara,Nusa Tenggara Timur,,0,,,2020-05,0.2121978685320137,5,0.2121978685320137,VIIRS DNB,nW/cm2/sr,2020,"{""type"":""MultiPoint"",""coordinates"":[]}"
76_00000000000000000015,BA03050040,,,,,,,53.08,53,2085.24387061,TASWIL5000020230907KABKOTA,Ende,,0.171316232886,2.99297540949,4326,4,,,Ende,Nusa Tenggara Timur,,0,,,2020-05,0.2689703576211482,5,0.2689703576211482,VIIRS DNB,nW/cm2/sr,2020,"{""type"":""MultiPoint"",""coordinates"":[]}"
76_00000000000000000006,BA03050040,,,,,,,53.21,53,1109.16204574,TASWIL5000020230907KABKOTA,Malaka,,0.0913351434015,2.23370514726,4326,4,,,Malaka,Nusa Tenggara Timur,,0,Belu,,2020-05,0.26050939638361026,5,0.26050939638361026,VIIRS DNB,nW/cm2/sr,2020,"{""type"":""MultiPoint"",""coordinates"":[]}"
76_00000000000000000005,BA03050040,,,,,,,53.13,53,1268.10489804,TASWIL5000020230907KABKOTA,Lembata,,0.10410466891,3.45188597769,4326,4,,,Lembata,Nusa Tenggara Timur,,0,Flores Timur,,2020-05,0.24885894134262193,5,0.24885894134262193,VIIRS DNB,nW/cm2/sr,2020,"{""type"":""MultiPoint"",""coordinates"":[]}"
76_00000000000000000003,BA03050040,,,,,,,53.71,53,159.334041006,TASWIL5000020230907KABKOTA,Kota Kupang,,0.0131469663875,0.949087585397,4326,5,,,Kota Kupang,Nusa Tenggara Timur,,0,Kupang,,2020-05,5.794300388516075,5,5.794300388516075,VIIRS DNB,nW/cm2/sr,2020,"{""type"":""MultiPoint"",""coordinates"":[]}"
76_0000000000000000000c,BA03050040,,,,,,,53.14,53,1286.45281117,TASWIL5000020230907KABKOTA,Rote Ndao,,0.106321906477,4.76909476004,4326,4,,,Rote Ndao,Nusa Tenggara Timur,,0,Kupang,,2020-05,0.20814852160668224,5,0.20814852160668224,VIIRS DNB,nW/cm2/sr,2020,"{""type"":""MultiPoint"",""coordinates"":[]}"
76_0000000000000000000d,BA03050040,,,,,,,53.20,53,460.956594118,TASWIL5000020230907KABKOTA,Sabu Raijua,,0.0380736571077,1.23438979443,4326,4,,,Sabu Raijua,Nusa Tenggara Timur,,0,Kupang,,2020-05,0.267373327098124,5,0.267373327098124,VIIRS DNB,nW/cm2/sr,2020,"{""type"":""MultiPoint"",""coordinates"":[]}"
76_00000000000000000008,BA03050040,,,,,,,53.15,53,3128.99733567,TASWIL5000020230907KABKOTA,Manggarai Barat,,0.257018604578,10.7211601624,4326,4,,,Manggarai Barat,Nusa Tenggara Timur,,0,Manggarai,,2020-05,0.30442846124052525,5,0.30442846124052525,VIIRS DNB,nW/cm2/sr,2020,"{""type"":""MultiPoint"",""coordinates"":[]}"
76_00000000000000000009,BA03050040,,,,,,,53.19,53,2389.52959786,TASWIL5000020230907KABKOTA,Manggarai Timur,,0.196263276889,2.60910655519,4326,4,,,Manggarai Timur,Nusa Tenggara Timur,,0,Manggarai,,2020-05,0.2966415482779775,5,0.2966415482779775,VIIRS DNB,nW/cm2/sr,2020,"{""type"":""MultiPoint"",""coordinates"":[]}"
76_0000000000000000000a,BA03050040,,,,,,,53.16,53,1396.16423098,TASWIL5000020230907KABKOTA,Nagekeo,,0.114707914625,2.15252417923,4326,4,,,Nagekeo,Nusa Tenggara Timur,,0,Ngada,,2020-05,0.2795859614352216,5,0.2795859614352216,VIIRS DNB,nW/cm2/sr,2020,"{""type"":""MultiPoint"",""coordinates"":[]}"
76_00000000000000000010,BA03050040,,,,,,,53.17,53,1789.65872064,TASWIL5000020230907KABKOTA,Sumba Tengah,,0.147379835649,2.42469258111,4326,4,,,Sumba Tengah,Nusa Tenggara Timur,,0,Sumba Barat,,2020-05,0.24631057492405103,5,0.24631057492405103,VIIRS DNB,nW/cm2/sr,2020,"{""type"":""MultiPoint"",""coordinates"":[]}"
76_00000000000000000014,BA03050040,,,,,,,53.18,53,1383.31224571,TASWIL5000020230907KABKOTA,Sumba Barat Daya,,0.113913848979,1.59805558471,4326,4,,,Sumba Barat Daya,Nusa Tenggara Timur,,0,Sumba Barat,,2020-05,0.2777337773743235,5,0.2777337773743235,VIIRS DNB,nW/cm2/sr,2020,"{""type"":""MultiPoint"",""coordinates"":[]}"
77_00000000000000000000,BA03050040,,,,,,,53.05,53,2928.55881854,TASWIL5000020230907KABKOTA,Alor,,0.24037265184,5.67288749982,4326,4,,,Alor,Nusa Tenggara Timur,,0,,,2020-06,0.20883923747948324,6,0.20883923747948324,VIIRS DNB,nW/cm2/sr,2020,"{""type"":""MultiPoint"",""coordinates"":[]}"
77_00000000000000000001,BA03050040,,,,,,,53.04,53,1127.25008655,TASWIL5000020230907KABKOTA,Belu,,0.0927289736817,2.29261763369,4326,4,,,Belu,Nusa Tenggara Timur,,0,,,2020-06,0.3406961466140288,6,0.3406961466140288,VIIRS DNB,nW/cm2/sr,2020,"{""type"":""MultiPoint"",""coordinates"":[]}"
77_00000000000000000002,BA03050040,,,,,,,53.06,53,1748.5165523,TASWIL5000020230907KABKOTA,Flores Timur,,0.143538260694,4.68012528849,4326,4,,,Flores Timur,Nusa Tenggara Timur,,0,,,2020-06,0.24999531431273306,6,0.24999531431273306,VIIRS DNB,nW/cm2/sr,2020,"{""type"":""MultiPoint"",""coordinates"":[]}"
77_00000000000000000004,BA03050040,,,,,,,53.01,53,5136.51008742,TASWIL5000020230907KABKOTA,Kupang,,0.423459507198,6.26740520892,4326,4,,,Kupang,Nusa Tenggara Timur,,0,,,2020-06,0.24017643753573575,6,0.24017643753573575,VIIRS DNB,nW/cm2/sr,2020,"{""type"":""MultiPoint"",""coordinates"":[]}"
77_00000000000000000007,BA03050040,,,,,,,53.10,53,1343.83414797,TASWIL5000020230907KABKOTA,Manggarai,,0.11037433796,2.62044875269,4326,4,,,Manggarai,Nusa Tenggara Timur,,0,,,2020-06,0.29168400992411986,6,0.29168400992411986,VIIRS DNB,nW/cm2/sr,2020,"{""type"":""MultiPoint"",""coordinates"":[]}"
77_0000000000000000000b,BA03050040,,,,,,,53.09,53,1735.63521769,TASWIL5000020230907KABKOTA,Ngada,,0.142589549676,2.86650785507,4326,4,,,Ngada,Nusa Tenggara Timur,,0,,,2020-06,0.2052227962446767,6,0.2052227962446767,VIIRS DNB,nW/cm2/sr,2020,"{""type"":""MultiPoint"",""coordinates"":[]}"
77_0000000000000000000e,BA03050040,,,,,,,53.07,53,1671.64902391,TASWIL5000020230907KABKOTA,Sikka,,0.137312979206,3.89925449996,4326,4,,,Sikka,Nusa Tenggara Timur,,0,,,2020-06,0.2878727768271042,6,0.2878727768271042,VIIRS DNB,nW/cm2/sr,2020,"{""type"":""MultiPoint"",""coordinates"":[]}"
77_0000000000000000000f,BA03050040,,,,,,,53.12,53,757.407641007,TASWIL5000020230907KABKOTA,Sumba Barat,,0.0623907023605,2.04212111278,4326,4,,,Sumba Barat,Nusa Tenggara Timur,,0,,,2020-06,0.2112810702180584,6,0.2112810702180584,VIIRS DNB,nW/cm2/sr,2020,"{""type"":""MultiPoint"",""coordinates"":[]}"
77_00000000000000000011,BA03050040,,,,,,,53.11,53,6984.01403441,TASWIL5000020230907KABKOTA,Sumba Timur,,0.575702142252,4.80415749282,4326,4,,,Sumba Timur,Nusa Tenggara Timur,,0,,,2020-06,0.18440464436872958,6,0.18440464436872958,VIIRS DNB,nW/cm2/sr,2020,"{""type"":""MultiPoint"",""coordinates"":[]}"
77_00000000000000000012,BA03050040,,,,,,,53.02,53,3933.15111495,TASWIL5000020230907KABKOTA,Timor Tengah Selatan,,0.324167140101,3.32375028444,4326,4,,,Timor Tengah Selatan,Nusa Tenggara Timur,,0,,,2020-06,0.21577259078614525,6,0.21577259078614525,VIIRS DNB,nW/cm2/sr,2020,"{""type"":""MultiPoint"",""coordinates"":[]}"
77_00000000000000000013,BA03050040,,,,,,,53.03,53,2623.19983128,TASWIL5000020230907KABKOTA,Timor Tengah Utara,,0.215921651765,3.4787254107,4326,4,,,Timor Tengah Utara,Nusa Tenggara Timur,,0,,,2020-06,0.21704948422551198,6,0.21704948422551198,VIIRS DNB,nW/cm2/sr,2020,"{""type"":""MultiPoint"",""coordinates"":[]}"
77_00000000000000000015,BA03050040,,,,,,,53.08,53,2085.24387061,TASWIL5000020230907KABKOTA,Ende,,0.171316232886,2.99297540949,4326,4,,,Ende,Nusa Tenggara Timur,,0,,,2020-06,0.23831805697421157,6,0.23831805697421157,VIIRS DNB,nW/cm2/sr,2020,"{""type"":""MultiPoint"",""coordinates"":[]}"
77_00000000000000000006,BA03050040,,,,,,,53.21,53,1109.16204574,TASWIL5000020230907KABKOTA,Malaka,,0.0913351434015,2.23370514726,4326,4,,,Malaka,Nusa Tenggara Timur,,0,Belu,,2020-06,0.24678857390852194,6,0.24678857390852194,VIIRS DNB,nW/cm2/sr,2020,"{""type"":""MultiPoint"",""coordinates"":[]}"
77_00000000000000000005,BA03050040,,,,,,,53.13,53,1268.10489804,TASWIL5000020230907KABKOTA,Lembata,,0.10410466891,3.45188597769,4326,4,,,Lembata,Nusa Tenggara Timur,,0,Flores Timur,,2020-06,0.238382774467282,6,0.238382774467282,VIIRS DNB,nW/cm2/sr,2020,"{""type"":""MultiPoint"",""coordinates"":[]}"
77_00000000000000000003,BA03050040,,,,,,,53.71,53,159.334041006,TASWIL5000020230907KABKOTA,Kota Kupang,,0.0131469663875,0.949087585397,4326,5,,,Kota Kupang,Nusa Tenggara Timur,,0,Kupang,,2020-06,6.595562077678665,6,6.595562077678665,VIIRS DNB,nW/cm2/sr,2020,"{""type"":""MultiPoint"",""coordinates"":[]}"
77_0000000000000000000c,BA03050040,,,,,,,53.14,53,1286.45281117,TASWIL5000020230907KABKOTA,Rote Ndao,,0.106321906477,4.76909476004,4326,4,,,Rote Ndao,Nusa Tenggara Timur,,0,Kupang,,2020-06,0.2236246469298456,6,0.2236246469298456,VIIRS DNB,nW/cm2/sr,2020,"{""type"":""MultiPoint"",""coordinates"":[]}"
77_0000000000000000000d,BA03050040,,,,,,,53.20,53,460.956594118,TASWIL5000020230907KABKOTA,Sabu Raijua,,0.0380736571077,1.23438979443,4326,4,,,Sabu Raijua,Nusa Tenggara Timur,,0,Kupang,,2020-06,0.2576749521589391,6,0.2576749521589391,VIIRS DNB,nW/cm2/sr,2020,"{""type"":""MultiPoint"",""coordinates"":[]}"
77_00000000000000000008,BA03050040,,,,,,,53.15,53,3128.99733567,TASWIL5000020230907KABKOTA,Manggarai Barat,,0.257018604578,10.7211601624,4326,4,,,Manggarai Barat,Nusa Tenggara Timur,,0,Manggarai,,2020-06,0.22004111019552297,6,0.22004111019552297,VIIRS DNB,nW/cm2/sr,2020,"{""type"":""MultiPoint"",""coordinates"":[]}"
77_00000000000000000009,BA03050040,,,,,,,53.19,53,2389.52959786,TASWIL5000020230907KABKOTA,Manggarai Timur,,0.196263276889,2.60910655519,4326,4,,,Manggarai Timur,Nusa Tenggara Timur,,0,Manggarai,,2020-06,0.20378131524258658,6,0.20378131524258658,VIIRS DNB,nW/cm2/sr,2020,"{""type"":""MultiPoint"",""coordinates"":[]}"
77_0000000000000000000a,BA03050040,,,,,,,53.16,53,1396.16423098,TASWIL5000020230907KABKOTA,Nagekeo,,0.114707914625,2.15252417923,4326,4,,,Nagekeo,Nusa Tenggara Timur,,0,Ngada,,2020-06,0.22524487667676302,6,0.22524487667676302,VIIRS DNB,nW/cm2/sr,2020,"{""type"":""MultiPoint"",""coordinates"":[]}"
77_00000000000000000010,BA03050040,,,,,,,53.17,53,1789.65872064,TASWIL5000020230907KABKOTA,Sumba Tengah,,0.147379835649,2.42469258111,4326,4,,,Sumba Tengah,Nusa Tenggara Timur,,0,Sumba Barat,,2020-06,0.1715584579110367,6,0.1715584579110367,VIIRS DNB,nW/cm2/sr,2020,"{""type"":""MultiPoint"",""coordinates"":[]}"
77_00000000000000000014,BA03050040,,,,,,,53.18,53,1383.31224571,TASWIL5000020230907KABKOTA,Sumba Barat Daya,,0.113913848979,1.59805558471,4326,4,,,Sumba Barat Daya,Nusa Tenggara Timur,,0,Sumba Barat,,2020-06,0.20473839711620395,6,0.20473839711620395,VIIRS DNB,nW/cm2/sr,2020,"{""type"":""MultiPoint"",""coordinates"":[]}"
78_00000000000000000000,BA03050040,,,,,,,53.05,53,2928.55881854,TASWIL5000020230907KABKOTA,Alor,,0.24037265184,5.67288749982,4326,4,,,Alor,Nusa Tenggara Timur,,0,,,2020-07,0.1777407304382897,7,0.1777407304382897,VIIRS DNB,nW/cm2/sr,2020,"{""type"":""MultiPoint"",""coordinates"":[]}"
78_00000000000000000001,BA03050040,,,,,,,53.04,53,1127.25008655,TASWIL5000020230907KABKOTA,Belu,,0.0927289736817,2.29261763369,4326,4,,,Belu,Nusa Tenggara Timur,,0,,,2020-07,0.3231422866007131,7,0.3231422866007131,VIIRS DNB,nW/cm2/sr,2020,"{""type"":""MultiPoint"",""coordinates"":[]}"
78_00000000000000000002,BA03050040,,,,,,,53.06,53,1748.5165523,TASWIL5000020230907KABKOTA,Flores Timur,,0.143538260694,4.68012528849,4326,4,,,Flores Timur,Nusa Tenggara Timur,,0,,,2020-07,0.19736084890113523,7,0.19736084890113523,VIIRS DNB,nW/cm2/sr,2020,"{""type"":""MultiPoint"",""coordinates"":[]}"
78_00000000000000000004,BA03050040,,,,,,,53.01,53,5136.51008742,TASWIL5000020230907KABKOTA,Kupang,,0.423459507198,6.26740520892,4326,4,,,Kupang,Nusa Tenggara Timur,,0,,,2020-07,0.23462523931111678,7,0.23462523931111678,VIIRS DNB,nW/cm2/sr,2020,"{""type"":""MultiPoint"",""coordinates"":[]}"
78_00000000000000000007,BA03050040,,,,,,,53.10,53,1343.83414797,TASWIL5000020230907KABKOTA,Manggarai,,0.11037433796,2.62044875269,4326,4,,,Manggarai,Nusa Tenggara Timur,,0,,,2020-07,0.2500775642270287,7,0.2500775642270287,VIIRS DNB,nW/cm2/sr,2020,"{""type"":""MultiPoint"",""coordinates"":[]}"
78_0000000000000000000b,BA03050040,,,,,,,53.09,53,1735.63521769,TASWIL5000020230907KABKOTA,Ngada,,0.142589549676,2.86650785507,4326,4,,,Ngada,Nusa Tenggara Timur,,0,,,2020-07,0.17122832990102899,7,0.17122832990102899,VIIRS DNB,nW/cm2/sr,2020,"{""type"":""MultiPoint"",""coordinates"":[]}"
78_0000000000000000000e,BA03050040,,,,,,,53.07,53,1671.64902391,TASWIL5000020230907KABKOTA,Sikka,,0.137312979206,3.89925449996,4326,4,,,Sikka,Nusa Tenggara Timur,,0,,,2020-07,0.24973843892175587,7,0.24973843892175587,VIIRS DNB,nW/cm2/sr,2020,"{""type"":""MultiPoint"",""coordinates"":[]}"
78_0000000000000000000f,BA03050040,,,,,,,53.12,53,757.407641007,TASWIL5000020230907KABKOTA,Sumba Barat,,0.0623907023605,2.04212111278,4326,4,,,Sumba Barat,Nusa Tenggara Timur,,0,,,2020-07,0.1965208620467079,7,0.1965208620467079,VIIRS DNB,nW/cm2/sr,2020,"{""type"":""MultiPoint"",""coordinates"":[]}"
78_00000000000000000011,BA03050040,,,,,,,53.11,53,6984.01403441,TASWIL5000020230907KABKOTA,Sumba Timur,,0.575702142252,4.80415749282,4326,4,,,Sumba Timur,Nusa Tenggara Timur,,0,,,2020-07,0.18461850328260931,7,0.18461850328260931,VIIRS DNB,nW/cm2/sr,2020,"{""type"":""MultiPoint"",""coordinates"":[]}"
78_00000000000000000012,BA03050040,,,,,,,53.02,53,3933.15111495,TASWIL5000020230907KABKOTA,Timor Tengah Selatan,,0.324167140101,3.32375028444,4326,4,,,Timor Tengah Selatan,Nusa Tenggara Timur,,0,,,2020-07,0.19888774392770567,7,0.19888774392770567,VIIRS DNB,nW/cm2/sr,2020,"{""type"":""MultiPoint"",""coordinates"":[]}"
78_00000000000000000013,BA03050040,,,,,,,53.03,53,2623.19983128,TASWIL5000020230907KABKOTA,Timor Tengah Utara,,0.215921651765,3.4787254107,4326,4,,,Timor Tengah Utara,Nusa Tenggara Timur,,0,,,2020-07,0.22124732057783508,7,0.22124732057783508,VIIRS DNB,nW/cm2/sr,2020,"{""type"":""MultiPoint"",""coordinates"":[]}"
78_00000000000000000015,BA03050040,,,,,,,53.08,53,2085.24387061,TASWIL5000020230907KABKOTA,Ende,,0.171316232886,2.99297540949,4326,4,,,Ende,Nusa Tenggara Timur,,0,,,2020-07,0.2001005960680252,7,0.2001005960680252,VIIRS DNB,nW/cm2/sr,2020,"{""type"":""MultiPoint"",""coordinates"":[]}"
78_00000000000000000006,BA03050040,,,,,,,53.21,53,1109.16204574,TASWIL5000020230907KABKOTA,Malaka,,0.0913351434015,2.23370514726,4326,4,,,Malaka,Nusa Tenggara Timur,,0,Belu,,2020-07,0.22404365413726438,7,0.22404365413726438,VIIRS DNB,nW/cm2/sr,2020,"{""type"":""MultiPoint"",""coordinates"":[]}"
78_00000000000000000005,BA03050040,,,,,,,53.13,53,1268.10489804,TASWIL5000020230907KABKOTA,Lembata,,0.10410466891,3.45188597769,4326,4,,,Lembata,Nusa Tenggara Timur,,0,Flores Timur,,2020-07,0.2075566728208624,7,0.2075566728208624,VIIRS DNB,nW/cm2/sr,2020,"{""type"":""MultiPoint"",""coordinates"":[]}"
78_00000000000000000003,BA03050040,,,,,,,53.71,53,159.334041006,TASWIL5000020230907KABKOTA,Kota Kupang,,0.0131469663875,0.949087585397,4326,5,,,Kota Kupang,Nusa Tenggara Timur,,0,Kupang,,2020-07,7.037226659476268,7,7.037226659476268,VIIRS DNB,nW/cm2/sr,2020,"{""type"":""MultiPoint"",""coordinates"":[]}"
78_0000000000000000000c,BA03050040,,,,,,,53.14,53,1286.45281117,TASWIL5000020230907KABKOTA,Rote Ndao,,0.106321906477,4.76909476004,4326,4,,,Rote Ndao,Nusa Tenggara Timur,,0,Kupang,,2020-07,0.22060084516201858,7,0.22060084516201858,VIIRS DNB,nW/cm2/sr,2020,"{""type"":""MultiPoint"",""coordinates"":[]}"
78_0000000000000000000d,BA03050040,,,,,,,53.20,53,460.956594118,TASWIL5000020230907KABKOTA,Sabu Raijua,,0.0380736571077,1.23438979443,4326,4,,,Sabu Raijua,Nusa Tenggara Timur,,0,Kupang,,2020-07,0.22885406114816345,7,0.22885406114816345,VIIRS DNB,nW/cm2/sr,2020,"{""type"":""MultiPoint"",""coordinates"":[]}"
78_00000000000000000008,BA03050040,,,,,,,53.15,53,3128.99733567,TASWIL5000020230907KABKOTA,Manggarai Barat,,0.257018604578,10.7211601624,4326,4,,,Manggarai Barat,Nusa Tenggara Timur,,0,Manggarai,,2020-07,0.18052769841820698,7,0.18052769841820698,VIIRS DNB,nW/cm2/sr,2020,"{""type"":""MultiPoint"",""coordinates"":[]}"
78_00000000000000000009,BA03050040,,,,,,,53.19,53,2389.52959786,TASWIL5000020230907KABKOTA,Manggarai Timur,,0.196263276889,2.60910655519,4326,4,,,Manggarai Timur,Nusa Tenggara Timur,,0,Manggarai,,2020-07,0.16632137023085636,7,0.16632137023085636,VIIRS DNB,nW/cm2/sr,2020,"{""type"":""MultiPoint"",""coordinates"":[]}"
78_0000000000000000000a,BA03050040,,,,,,,53.16,53,1396.16423098,TASWIL5000020230907KABKOTA,Nagekeo,,0.114707914625,2.15252417923,4326,4,,,Nagekeo,Nusa Tenggara Timur,,0,Ngada,,2020-07,0.19848988030270326,7,0.19848988030270326,VIIRS DNB,nW/cm2/sr,2020,"{""type"":""MultiPoint"",""coordinates"":[]}"
78_00000000000000000010,BA03050040,,,,,,,53.17,53,1789.65872064,TASWIL5000020230907KABKOTA,Sumba Tengah,,0.147379835649,2.42469258111,4326,4,,,Sumba Tengah,Nusa Tenggara Timur,,0,Sumba Barat,,2020-07,0.1786676044502301,7,0.1786676044502301,VIIRS DNB,nW/cm2/sr,2020,"{""type"":""MultiPoint"",""coordinates"":[]}"
78_00000000000000000014,BA03050040,,,,,,,53.18,53,1383.31224571,TASWIL5000020230907KABKOTA,Sumba Barat Daya,,0.113913848979,1.59805558471,4326,4,,,Sumba Barat Daya,Nusa Tenggara Timur,,0,Sumba Barat,,2020-07,0.1887730915978458,7,0.1887730915978458,VIIRS DNB,nW/cm2/sr,2020,"{""type"":""MultiPoint"",""coordinates"":[]}"
79_00000000000000000000,BA03050040,,,,,,,53.05,53,2928.55881854,TASWIL5000020230907KABKOTA,Alor,,0.24037265184,5.67288749982,4326,4,,,Alor,Nusa Tenggara Timur,,0,,,2020-08,0.21478849861621252,8,0.21478849861621252,VIIRS DNB,nW/cm2/sr,2020,"{""type"":""MultiPoint"",""coordinates"":[]}"
79_00000000000000000001,BA03050040,,,,,,,53.04,53,1127.25008655,TASWIL5000020230907KABKOTA,Belu,,0.0927289736817,2.29261763369,4326,4,,,Belu,Nusa Tenggara Timur,,0,,,2020-08,0.3668183203823408,8,0.3668183203823408,VIIRS DNB,nW/cm2/sr,2020,"{""type"":""MultiPoint"",""coordinates"":[]}"
79_00000000000000000002,BA03050040,,,,,,,53.06,53,1748.5165523,TASWIL5000020230907KABKOTA,Flores Timur,,0.143538260694,4.68012528849,4326,4,,,Flores Timur,Nusa Tenggara Timur,,0,,,2020-08,0.21827035302402634,8,0.21827035302402634,VIIRS DNB,nW/cm2/sr,2020,"{""type"":""MultiPoint"",""coordinates"":[]}"
79_00000000000000000004,BA03050040,,,,,,,53.01,53,5136.51008742,TASWIL5000020230907KABKOTA,Kupang,,0.423459507198,6.26740520892,4326,4,,,Kupang,Nusa Tenggara Timur,,0,,,2020-08,0.2612976900374222,8,0.2612976900374222,VIIRS DNB,nW/cm2/sr,2020,"{""type"":""MultiPoint"",""coordinates"":[]}"
79_00000000000000000007,BA03050040,,,,,,,53.10,53,1343.83414797,TASWIL5000020230907KABKOTA,Manggarai,,0.11037433796,2.62044875269,4326,4,,,Manggarai,Nusa Tenggara Timur,,0,,,2020-08,0.25602956767010615,8,0.25602956767010615,VIIRS DNB,nW/cm2/sr,2020,"{""type"":""MultiPoint"",""coordinates"":[]}"
79_0000000000000000000b,BA03050040,,,,,,,53.09,53,1735.63521769,TASWIL5000020230907KABKOTA,Ngada,,0.142589549676,2.86650785507,4326,4,,,Ngada,Nusa Tenggara Timur,,0,,,2020-08,0.170874920288482,8,0.170874920288482,VIIRS DNB,nW/cm2/sr,2020,"{""type"":""MultiPoint"",""coordinates"":[]}"
79_0000000000000000000e,BA03050040,,,,,,,53.07,53,1671.64902391,TASWIL5000020230907KABKOTA,Sikka,,0.137312979206,3.89925449996,4326,4,,,Sikka,Nusa Tenggara Timur,,0,,,2020-08,0.2749090494370789,8,0.2749090494370789,VIIRS DNB,nW/cm2/sr,2020,"{""type"":""MultiPoint"",""coordinates"":[]}"
79_0000000000000000000f,BA03050040,,,,,,,53.12,53,757.407641007,TASWIL5000020230907KABKOTA,Sumba Barat,,0.0623907023605,2.04212111278,4326,4,,,Sumba Barat,Nusa Tenggara Timur,,0,,,2020-08,0.21300886391521193,8,0.21300886391521193,VIIRS DNB,nW/cm2/sr,2020,"{""type"":""MultiPoint"",""coordinates"":[]}"
79_00000000000000000011,BA03050040,,,,,,,53.11,53,6984.01403441,TASWIL5000020230907KABKOTA,Sumba Timur,,0.575702142252,4.80415749282,4326,4,,,Sumba Timur,Nusa Tenggara Timur,,0,,,2020-08,0.1783602521943052,8,0.1783602521943052,VIIRS DNB,nW/cm2/sr,2020,"{""type"":""MultiPoint"",""coordinates"":[]}"
79_00000000000000000012,BA03050040,,,,,,,53.02,53,3933.15111495,TASWIL5000020230907KABKOTA,Timor Tengah Selatan,,0.324167140101,3.32375028444,4326,4,,,Timor Tengah Selatan,Nusa Tenggara Timur,,0,,,2020-08,0.23106734999914885,8,0.23106734999914885,VIIRS DNB,nW/cm2/sr,2020,"{""type"":""MultiPoint"",""coordinates"":[]}"
79_00000000000000000013,BA03050040,,,,,,,53.03,53,2623.19983128,TASWIL5000020230907KABKOTA,Timor Tengah Utara,,0.215921651765,3.4787254107,4326,4,,,Timor Tengah Utara,Nusa Tenggara Timur,,0,,,2020-08,0.23667892656565614,8,0.23667892656565614,VIIRS DNB,nW/cm2/sr,2020,"{""type"":""MultiPoint"",""coordinates"":[]}"
79_00000000000000000015,BA03050040,,,,,,,53.08,53,2085.24387061,TASWIL5000020230907KABKOTA,Ende,,0.171316232886,2.99297540949,4326,4,,,Ende,Nusa Tenggara Timur,,0,,,2020-08,0.2447027201025019,8,0.2447027201025019,VIIRS DNB,nW/cm2/sr,2020,"{""type"":""MultiPoint"",""coordinates"":[]}"
79_00000000000000000006,BA03050040,,,,,,,53.21,53,1109.16204574,TASWIL5000020230907KABKOTA,Malaka,,0.0913351434015,2.23370514726,4326,4,,,Malaka,Nusa Tenggara Timur,,0,Belu,,2020-08,0.27090264034254224,8,0.27090264034254224,VIIRS DNB,nW/cm2/sr,2020,"{""type"":""MultiPoint"",""coordinates"":[]}"
79_00000000000000000005,BA03050040,,,,,,,53.13,53,1268.10489804,TASWIL5000020230907KABKOTA,Lembata,,0.10410466891,3.45188597769,4326,4,,,Lembata,Nusa Tenggara Timur,,0,Flores Timur,,2020-08,0.23206996763042753,8,0.23206996763042753,VIIRS DNB,nW/cm2/sr,2020,"{""type"":""MultiPoint"",""coordinates"":[]}"
79_00000000000000000003,BA03050040,,,,,,,53.71,53,159.334041006,TASWIL5000020230907KABKOTA,Kota Kupang,,0.0131469663875,0.949087585397,4326,5,,,Kota Kupang,Nusa Tenggara Timur,,0,Kupang,,2020-08,7.256902524191151,8,7.256902524191151,VIIRS DNB,nW/cm2/sr,2020,"{""type"":""MultiPoint"",""coordinates"":[]}"
79_0000000000000000000c,BA03050040,,,,,,,53.14,53,1286.45281117,TASWIL5000020230907KABKOTA,Rote Ndao,,0.106321906477,4.76909476004,4326,4,,,Rote Ndao,Nusa Tenggara Timur,,0,Kupang,,2020-08,0.252633412477728,8,0.252633412477728,VIIRS DNB,nW/cm2/sr,2020,"{""type"":""MultiPoint"",""coordinates"":[]}"
79_0000000000000000000d,BA03050040,,,,,,,53.20,53,460.956594118,TASWIL5000020230907KABKOTA,Sabu Raijua,,0.0380736571077,1.23438979443,4326,4,,,Sabu Raijua,Nusa Tenggara Timur,,0,Kupang,,2020-08,0.26779054777480116,8,0.26779054777480116,VIIRS DNB,nW/cm2/sr,2020,"{""type"":""MultiPoint"",""coordinates"":[]}"
79_00000000000000000008,BA03050040,,,,,,,53.15,53,3128.99733567,TASWIL5000020230907KABKOTA,Manggarai Barat,,0.257018604578,10.7211601624,4326,4,,,Manggarai Barat,Nusa Tenggara Timur,,0,Manggarai,,2020-08,0.18770833430333675,8,0.18770833430333675,VIIRS DNB,nW/cm2/sr,2020,"{""type"":""MultiPoint"",""coordinates"":[]}"
79_00000000000000000009,BA03050040,,,,,,,53.19,53,2389.52959786,TASWIL5000020230907KABKOTA,Manggarai Timur,,0.196263276889,2.60910655519,4326,4,,,Manggarai Timur,Nusa Tenggara Timur,,0,Manggarai,,2020-08,0.16528159816199567,8,0.16528159816199567,VIIRS DNB,nW/cm2/sr,2020,"{""type"":""MultiPoint"",""coordinates"":[]}"
79_0000000000000000000a,BA03050040,,,,,,,53.16,53,1396.16423098,TASWIL5000020230907KABKOTA,Nagekeo,,0.114707914625,2.15252417923,4326,4,,,Nagekeo,Nusa Tenggara Timur,,0,Ngada,,2020-08,0.20180970099120174,8,0.20180970099120174,VIIRS DNB,nW/cm2/sr,2020,"{""type"":""MultiPoint"",""coordinates"":[]}"
79_00000000000000000010,BA03050040,,,,,,,53.17,53,1789.65872064,TASWIL5000020230907KABKOTA,Sumba Tengah,,0.147379835649,2.42469258111,4326,4,,,Sumba Tengah,Nusa Tenggara Timur,,0,Sumba Barat,,2020-08,0.15149479111676326,8,0.15149479111676326,VIIRS DNB,nW/cm2/sr,2020,"{""type"":""MultiPoint"",""coordinates"":[]}"
79_00000000000000000014,BA03050040,,,,,,,53.18,53,1383.31224571,TASWIL5000020230907KABKOTA,Sumba Barat Daya,,0.113913848979,1.59805558471,4326,4,,,Sumba Barat Daya,Nusa Tenggara Timur,,0,Sumba Barat,,2020-08,0.194463746448446,8,0.194463746448446,VIIRS DNB,nW/cm2/sr,2020,"{""type"":""MultiPoint"",""coordinates"":[]}"
80_00000000000000000000,BA03050040,,,,,,,53.05,53,2928.55881854,TASWIL5000020230907KABKOTA,Alor,,0.24037265184,5.67288749982,4326,4,,,Alor,Nusa Tenggara Timur,,0,,,2020-09,0.2978450599064956,9,0.2978450599064956,VIIRS DNB,nW/cm2/sr,2020,"{""type"":""MultiPoint"",""coordinates"":[]}"
80_00000000000000000001,BA03050040,,,,,,,53.04,53,1127.25008655,TASWIL5000020230907KABKOTA,Belu,,0.0927289736817,2.29261763369,4326,4,,,Belu,Nusa Tenggara Timur,,0,,,2020-09,0.39473836002547197,9,0.39473836002547197,VIIRS DNB,nW/cm2/sr,2020,"{""type"":""MultiPoint"",""coordinates"":[]}"
80_00000000000000000002,BA03050040,,,,,,,53.06,53,1748.5165523,TASWIL5000020230907KABKOTA,Flores Timur,,0.143538260694,4.68012528849,4326,4,,,Flores Timur,Nusa Tenggara Timur,,0,,,2020-09,0.37299248102207305,9,0.37299248102207305,VIIRS DNB,nW/cm2/sr,2020,"{""type"":""MultiPoint"",""coordinates"":[]}"
80_00000000000000000004,BA03050040,,,,,,,53.01,53,5136.51008742,TASWIL5000020230907KABKOTA,Kupang,,0.423459507198,6.26740520892,4326,4,,,Kupang,Nusa Tenggara Timur,,0,,,2020-09,0.32213176349244327,9,0.32213176349244327,VIIRS DNB,nW/cm2/sr,2020,"{""type"":""MultiPoint"",""coordinates"":[]}"
80_00000000000000000007,BA03050040,,,,,,,53.10,53,1343.83414797,TASWIL5000020230907KABKOTA,Manggarai,,0.11037433796,2.62044875269,4326,4,,,Manggarai,Nusa Tenggara Timur,,0,,,2020-09,0.2971124483898728,9,0.2971124483898728,VIIRS DNB,nW/cm2/sr,2020,"{""type"":""MultiPoint"",""coordinates"":[]}"
80_0000000000000000000b,BA03050040,,,,,,,53.09,53,1735.63521769,TASWIL5000020230907KABKOTA,Ngada,,0.142589549676,2.86650785507,4326,4,,,Ngada,Nusa Tenggara Timur,,0,,,2020-09,0.23081343568532342,9,0.23081343568532342,VIIRS DNB,nW/cm2/sr,2020,"{""type"":""MultiPoint"",""coordinates"":[]}"
80_0000000000000000000e,BA03050040,,,,,,,53.07,53,1671.64902391,TASWIL5000020230907KABKOTA,Sikka,,0.137312979206,3.89925449996,4326,4,,,Sikka,Nusa Tenggara Timur,,0,,,2020-09,0.3227988363949841,9,0.3227988363949841,VIIRS DNB,nW/cm2/sr,2020,"{""type"":""MultiPoint"",""coordinates"":[]}"
80_0000000000000000000f,BA03050040,,,,,,,53.12,53,757.407641007,TASWIL5000020230907KABKOTA,Sumba Barat,,0.0623907023605,2.04212111278,4326,4,,,Sumba Barat,Nusa Tenggara Timur,,0,,,2020-09,0.26359609462010664,9,0.26359609462010664,VIIRS DNB,nW/cm2/sr,2020,"{""type"":""MultiPoint"",""coordinates"":[]}"
80_00000000000000000011,BA03050040,,,,,,,53.11,53,6984.01403441,TASWIL5000020230907KABKOTA,Sumba Timur,,0.575702142252,4.80415749282,4326,4,,,Sumba Timur,Nusa Tenggara Timur,,0,,,2020-09,0.23848936902462436,9,0.23848936902462436,VIIRS DNB,nW/cm2/sr,2020,"{""type"":""MultiPoint"",""coordinates"":[]}"
80_00000000000000000012,BA03050040,,,,,,,53.02,53,3933.15111495,TASWIL5000020230907KABKOTA,Timor Tengah Selatan,,0.324167140101,3.32375028444,4326,4,,,Timor Tengah Selatan,Nusa Tenggara Timur,,0,,,2020-09,0.2623158221420796,9,0.2623158221420796,VIIRS DNB,nW/cm2/sr,2020,"{""type"":""MultiPoint"",""coordinates"":[]}"
80_00000000000000000013,BA03050040,,,,,,,53.03,53,2623.19983128,TASWIL5000020230907KABKOTA,Timor Tengah Utara,,0.215921651765,3.4787254107,4326,4,,,Timor Tengah Utara,Nusa Tenggara Timur,,0,,,2020-09,0.2619100006144805,9,0.2619100006144805,VIIRS DNB,nW/cm2/sr,2020,"{""type"":""MultiPoint"",""coordinates"":[]}"
80_00000000000000000015,BA03050040,,,,,,,53.08,53,2085.24387061,TASWIL5000020230907KABKOTA,Ende,,0.171316232886,2.99297540949,4326,4,,,Ende,Nusa Tenggara Timur,,0,,,2020-09,0.26746723405587663,9,0.26746723405587663,VIIRS DNB,nW/cm2/sr,2020,"{""type"":""MultiPoint"",""coordinates"":[]}"
80_00000000000000000006,BA03050040,,,,,,,53.21,53,1109.16204574,TASWIL5000020230907KABKOTA,Malaka,,0.0913351434015,2.23370514726,4326,4,,,Malaka,Nusa Tenggara Timur,,0,Belu,,2020-09,0.28493162800763167,9,0.28493162800763167,VIIRS DNB,nW/cm2/sr,2020,"{""type"":""MultiPoint"",""coordinates"":[]}"
80_00000000000000000005,BA03050040,,,,,,,53.13,53,1268.10489804,TASWIL5000020230907KABKOTA,Lembata,,0.10410466891,3.45188597769,4326,4,,,Lembata,Nusa Tenggara Timur,,0,Flores Timur,,2020-09,0.254666942464046,9,0.254666942464046,VIIRS DNB,nW/cm2/sr,2020,"{""type"":""MultiPoint"",""coordinates"":[]}"
80_00000000000000000003,BA03050040,,,,,,,53.71,53,159.334041006,TASWIL5000020230907KABKOTA,Kota Kupang,,0.0131469663875,0.949087585397,4326,5,,,Kota Kupang,Nusa Tenggara Timur,,0,Kupang,,2020-09,7.555515483633054,9,7.555515483633054,VIIRS DNB,nW/cm2/sr,2020,"{""type"":""MultiPoint"",""coordinates"":[]}"
80_0000000000000000000c,BA03050040,,,,,,,53.14,53,1286.45281117,TASWIL5000020230907KABKOTA,Rote Ndao,,0.106321906477,4.76909476004,4326,4,,,Rote Ndao,Nusa Tenggara Timur,,0,Kupang,,2020-09,0.28137302691789295,9,0.28137302691789295,VIIRS DNB,nW/cm2/sr,2020,"{""type"":""MultiPoint"",""coordinates"":[]}"
80_0000000000000000000d,BA03050040,,,,,,,53.20,53,460.956594118,TASWIL5000020230907KABKOTA,Sabu Raijua,,0.0380736571077,1.23438979443,4326,4,,,Sabu Raijua,Nusa Tenggara Timur,,0,Kupang,,2020-09,0.3097378417345824,9,0.3097378417345824,VIIRS DNB,nW/cm2/sr,2020,"{""type"":""MultiPoint"",""coordinates"":[]}"
80_00000000000000000008,BA03050040,,,,,,,53.15,53,3128.99733567,TASWIL5000020230907KABKOTA,Manggarai Barat,,0.257018604578,10.7211601624,4326,4,,,Manggarai Barat,Nusa Tenggara Timur,,0,Manggarai,,2020-09,0.24852206432618418,9,0.24852206432618418,VIIRS DNB,nW/cm2/sr,2020,"{""type"":""MultiPoint"",""coordinates"":[]}"
80_00000000000000000009,BA03050040,,,,,,,53.19,53,2389.52959786,TASWIL5000020230907KABKOTA,Manggarai Timur,,0.196263276889,2.60910655519,4326,4,,,Manggarai Timur,Nusa Tenggara Timur,,0,Manggarai,,2020-09,0.20644180938670942,9,0.20644180938670942,VIIRS DNB,nW/cm2/sr,2020,"{""type"":""MultiPoint"",""coordinates"":[]}"
80_0000000000000000000a,BA03050040,,,,,,,53.16,53,1396.16423098,TASWIL5000020230907KABKOTA,Nagekeo,,0.114707914625,2.15252417923,4326,4,,,Nagekeo,Nusa Tenggara Timur,,0,Ngada,,2020-09,0.32815001739225386,9,0.32815001739225386,VIIRS DNB,nW/cm2/sr,2020,"{""type"":""MultiPoint"",""coordinates"":[]}"
80_00000000000000000010,BA03050040,,,,,,,53.17,53,1789.65872064,TASWIL5000020230907KABKOTA,Sumba Tengah,,0.147379835649,2.42469258111,4326,4,,,Sumba Tengah,Nusa Tenggara Timur,,0,Sumba Barat,,2020-09,0.22139989000565544,9,0.22139989000565544,VIIRS DNB,nW/cm2/sr,2020,"{""type"":""MultiPoint"",""coordinates"":[]}"
80_00000000000000000014,BA03050040,,,,,,,53.18,53,1383.31224571,TASWIL5000020230907KABKOTA,Sumba Barat Daya,,0.113913848979,1.59805558471,4326,4,,,Sumba Barat Daya,Nusa Tenggara Timur,,0,Sumba Barat,,2020-09,0.25991193649251726,9,0.25991193649251726,VIIRS DNB,nW/cm2/sr,2020,"{""type"":""MultiPoint"",""coordinates"":[]}"
81_00000000000000000000,BA03050040,,,,,,,53.05,53,2928.55881854,TASWIL5000020230907KABKOTA,Alor,,0.24037265184,5.67288749982,4326,4,,,Alor,Nusa Tenggara Timur,,0,,,2020-10,0.2634446155845797,10,0.2634446155845797,VIIRS DNB,nW/cm2/sr,2020,"{""type"":""MultiPoint"",""coordinates"":[]}"
81_00000000000000000001,BA03050040,,,,,,,53.04,53,1127.25008655,TASWIL5000020230907KABKOTA,Belu,,0.0927289736817,2.29261763369,4326,4,,,Belu,Nusa Tenggara Timur,,0,,,2020-10,0.39796754053868644,10,0.39796754053868644,VIIRS DNB,nW/cm2/sr,2020,"{""type"":""MultiPoint"",""coordinates"":[]}"
81_00000000000000000002,BA03050040,,,,,,,53.06,53,1748.5165523,TASWIL5000020230907KABKOTA,Flores Timur,,0.143538260694,4.68012528849,4326,4,,,Flores Timur,Nusa Tenggara Timur,,0,,,2020-10,0.2850342998687576,10,0.2850342998687576,VIIRS DNB,nW/cm2/sr,2020,"{""type"":""MultiPoint"",""coordinates"":[]}"
81_00000000000000000004,BA03050040,,,,,,,53.01,53,5136.51008742,TASWIL5000020230907KABKOTA,Kupang,,0.423459507198,6.26740520892,4326,4,,,Kupang,Nusa Tenggara Timur,,0,,,2020-10,0.3294620084874752,10,0.3294620084874752,VIIRS DNB,nW/cm2/sr,2020,"{""type"":""MultiPoint"",""coordinates"":[]}"
81_00000000000000000007,BA03050040,,,,,,,53.10,53,1343.83414797,TASWIL5000020230907KABKOTA,Manggarai,,0.11037433796,2.62044875269,4326,4,,,Manggarai,Nusa Tenggara Timur,,0,,,2020-10,0.33290110776695014,10,0.33290110776695014,VIIRS DNB,nW/cm2/sr,2020,"{""type"":""MultiPoint"",""coordinates"":[]}"
81_0000000000000000000b,BA03050040,,,,,,,53.09,53,1735.63521769,TASWIL5000020230907KABKOTA,Ngada,,0.142589549676,2.86650785507,4326,4,,,Ngada,Nusa Tenggara Timur,,0,,,2020-10,0.2508823891061644,10,0.2508823891061644,VIIRS DNB,nW/cm2/sr,2020,"{""type"":""MultiPoint"",""coordinates"":[]}"
81_0000000000000000000e,BA03050040,,,,,,,53.07,53,1671.64902391,TASWIL5000020230907KABKOTA,Sikka,,0.137312979206,3.89925449996,4326,4,,,Sikka,Nusa Tenggara Timur,,0,,,2020-10,0.33376153129027414,10,0.33376153129027414,VIIRS DNB,nW/cm2/sr,2020,"{""type"":""MultiPoint"",""coordinates"":[]}"
81_0000000000000000000f,BA03050040,,,,,,,53.12,53,757.407641007,TASWIL5000020230907KABKOTA,Sumba Barat,,0.0623907023605,2.04212111278,4326,4,,,Sumba Barat,Nusa Tenggara Timur,,0,,,2020-10,0.2909112274728965,10,0.2909112274728965,VIIRS DNB,nW/cm2/sr,2020,"{""type"":""MultiPoint"",""coordinates"":[]}"
81_00000000000000000011,BA03050040,,,,,,,53.11,53,6984.01403441,TASWIL5000020230907KABKOTA,Sumba Timur,,0.575702142252,4.80415749282,4326,4,,,Sumba Timur,Nusa Tenggara Timur,,0,,,2020-10,0.25788669250302154,10,0.25788669250302154,VIIRS DNB,nW/cm2/sr,2020,"{""type"":""MultiPoint"",""coordinates"":[]}"
81_00000000000000000012,BA03050040,,,,,,,53.02,53,3933.15111495,TASWIL5000020230907KABKOTA,Timor Tengah Selatan,,0.324167140101,3.32375028444,4326,4,,,Timor Tengah Selatan,Nusa Tenggara Timur,,0,,,2020-10,0.3127739811894555,10,0.3127739811894555,VIIRS DNB,nW/cm2/sr,2020,"{""type"":""MultiPoint"",""coordinates"":[]}"
81_00000000000000000013,BA03050040,,,,,,,53.03,53,2623.19983128,TASWIL5000020230907KABKOTA,Timor Tengah Utara,,0.215921651765,3.4787254107,4326,4,,,Timor Tengah Utara,Nusa Tenggara Timur,,0,,,2020-10,0.3040513169534087,10,0.3040513169534087,VIIRS DNB,nW/cm2/sr,2020,"{""type"":""MultiPoint"",""coordinates"":[]}"
81_00000000000000000015,BA03050040,,,,,,,53.08,53,2085.24387061,TASWIL5000020230907KABKOTA,Ende,,0.171316232886,2.99297540949,4326,4,,,Ende,Nusa Tenggara Timur,,0,,,2020-10,0.29700727583753905,10,0.29700727583753905,VIIRS DNB,nW/cm2/sr,2020,"{""type"":""MultiPoint"",""coordinates"":[]}"
81_00000000000000000006,BA03050040,,,,,,,53.21,53,1109.16204574,TASWIL5000020230907KABKOTA,Malaka,,0.0913351434015,2.23370514726,4326,4,,,Malaka,Nusa Tenggara Timur,,0,Belu,,2020-10,0.3532015934654698,10,0.3532015934654698,VIIRS DNB,nW/cm2/sr,2020,"{""type"":""MultiPoint"",""coordinates"":[]}"
81_00000000000000000005,BA03050040,,,,,,,53.13,53,1268.10489804,TASWIL5000020230907KABKOTA,Lembata,,0.10410466891,3.45188597769,4326,4,,,Lembata,Nusa Tenggara Timur,,0,Flores Timur,,2020-10,0.2981371356510322,10,0.2981371356510322,VIIRS DNB,nW/cm2/sr,2020,"{""type"":""MultiPoint"",""coordinates"":[]}"
81_00000000000000000003,BA03050040,,,,,,,53.71,53,159.334041006,TASWIL5000020230907KABKOTA,Kota Kupang,,0.0131469663875,0.949087585397,4326,5,,,Kota Kupang,Nusa Tenggara Timur,,0,Kupang,,2020-10,7.2608669503390475,10,7.2608669503390475,VIIRS DNB,nW/cm2/sr,2020,"{""type"":""MultiPoint"",""coordinates"":[]}"
81_0000000000000000000c,BA03050040,,,,,,,53.14,53,1286.45281117,TASWIL5000020230907KABKOTA,Rote Ndao,,0.106321906477,4.76909476004,4326,4,,,Rote Ndao,Nusa Tenggara Timur,,0,Kupang,,2020-10,0.33060724640829886,10,0.33060724640829886,VIIRS DNB,nW/cm2/sr,2020,"{""type"":""MultiPoint"",""coordinates"":[]}"
81_0000000000000000000d,BA03050040,,,,,,,53.20,53,460.956594118,TASWIL5000020230907KABKOTA,Sabu Raijua,,0.0380736571077,1.23438979443,4326,4,,,Sabu Raijua,Nusa Tenggara Timur,,0,Kupang,,2020-10,0.3605059021329931,10,0.3605059021329931,VIIRS DNB,nW/cm2/sr,2020,"{""type"":""MultiPoint"",""coordinates"":[]}"
81_00000000000000000008,BA03050040,,,,,,,53.15,53,3128.99733567,TASWIL5000020230907KABKOTA,Manggarai Barat,,0.257018604578,10.7211601624,4326,4,,,Manggarai Barat,Nusa Tenggara Timur,,0,Manggarai,,2020-10,0.2613149610687882,10,0.2613149610687882,VIIRS DNB,nW/cm2/sr,2020,"{""type"":""MultiPoint"",""coordinates"":[]}"
81_00000000000000000009,BA03050040,,,,,,,53.19,53,2389.52959786,TASWIL5000020230907KABKOTA,Manggarai Timur,,0.196263276889,2.60910655519,4326,4,,,Manggarai Timur,Nusa Tenggara Timur,,0,Manggarai,,2020-10,0.24150108899538753,10,0.24150108899538753,VIIRS DNB,nW/cm2/sr,2020,"{""type"":""MultiPoint"",""coordinates"":[]}"
81_0000000000000000000a,BA03050040,,,,,,,53.16,53,1396.16423098,TASWIL5000020230907KABKOTA,Nagekeo,,0.114707914625,2.15252417923,4326,4,,,Nagekeo,Nusa Tenggara Timur,,0,Ngada,,2020-10,0.2839721148206246,10,0.2839721148206246,VIIRS DNB,nW/cm2/sr,2020,"{""type"":""MultiPoint"",""coordinates"":[]}"
81_00000000000000000010,BA03050040,,,,,,,53.17,53,1789.65872064,TASWIL5000020230907KABKOTA,Sumba Tengah,,0.147379835649,2.42469258111,4326,4,,,Sumba Tengah,Nusa Tenggara Timur,,0,Sumba Barat,,2020-10,0.24085397046741944,10,0.24085397046741944,VIIRS DNB,nW/cm2/sr,2020,"{""type"":""MultiPoint"",""coordinates"":[]}"
81_00000000000000000014,BA03050040,,,,,,,53.18,53,1383.31224571,TASWIL5000020230907KABKOTA,Sumba Barat Daya,,0.113913848979,1.59805558471,4326,4,,,Sumba Barat Daya,Nusa Tenggara Timur,,0,Sumba Barat,,2020-10,0.2869735931371857,10,0.2869735931371857,VIIRS DNB,nW/cm2/sr,2020,"{""type"":""MultiPoint"",""coordinates"":[]}"
82_00000000000000000000,BA03050040,,,,,,,53.05,53,2928.55881854,TASWIL5000020230907KABKOTA,Alor,,0.24037265184,5.67288749982,4326,4,,,Alor,Nusa Tenggara Timur,,0,,,2020-11,0.30845292827769843,11,0.30845292827769843,VIIRS DNB,nW/cm2/sr,2020,"{""type"":""MultiPoint"",""coordinates"":[]}"
82_00000000000000000001,BA03050040,,,,,,,53.04,53,1127.25008655,TASWIL5000020230907KABKOTA,Belu,,0.0927289736817,2.29261763369,4326,4,,,Belu,Nusa Tenggara Timur,,0,,,2020-11,0.47753116493399467,11,0.47753116493399467,VIIRS DNB,nW/cm2/sr,2020,"{""type"":""MultiPoint"",""coordinates"":[]}"
82_00000000000000000002,BA03050040,,,,,,,53.06,53,1748.5165523,TASWIL5000020230907KABKOTA,Flores Timur,,0.143538260694,4.68012528849,4326,4,,,Flores Timur,Nusa Tenggara Timur,,0,,,2020-11,0.3456738977513673,11,0.3456738977513673,VIIRS DNB,nW/cm2/sr,2020,"{""type"":""MultiPoint"",""coordinates"":[]}"
82_00000000000000000004,BA03050040,,,,,,,53.01,53,5136.51008742,TASWIL5000020230907KABKOTA,Kupang,,0.423459507198,6.26740520892,4326,4,,,Kupang,Nusa Tenggara Timur,,0,,,2020-11,0.38769021148524074,11,0.38769021148524074,VIIRS DNB,nW/cm2/sr,2020,"{""type"":""MultiPoint"",""coordinates"":[]}"
82_00000000000000000007,BA03050040,,,,,,,53.10,53,1343.83414797,TASWIL5000020230907KABKOTA,Manggarai,,0.11037433796,2.62044875269,4326,4,,,Manggarai,Nusa Tenggara Timur,,0,,,2020-11,0.3802432163894196,11,0.3802432163894196,VIIRS DNB,nW/cm2/sr,2020,"{""type"":""MultiPoint"",""coordinates"":[]}"
82_0000000000000000000b,BA03050040,,,,,,,53.09,53,1735.63521769,TASWIL5000020230907KABKOTA,Ngada,,0.142589549676,2.86650785507,4326,4,,,Ngada,Nusa Tenggara Timur,,0,,,2020-11,0.31122506756541835,11,0.31122506756541835,VIIRS DNB,nW/cm2/sr,2020,"{""type"":""MultiPoint"",""coordinates"":[]}"
82_0000000000000000000e,BA03050040,,,,,,,53.07,53,1671.64902391,TASWIL5000020230907KABKOTA,Sikka,,0.137312979206,3.89925449996,4326,4,,,Sikka,Nusa Tenggara Timur,,0,,,2020-11,0.38305163846604806,11,0.38305163846604806,VIIRS DNB,nW/cm2/sr,2020,"{""type"":""MultiPoint"",""coordinates"":[]}"
82_0000000000000000000f,BA03050040,,,,,,,53.12,53,757.407641007,TASWIL5000020230907KABKOTA,Sumba Barat,,0.0623907023605,2.04212111278,4326,4,,,Sumba Barat,Nusa Tenggara Timur,,0,,,2020-11,0.33738860202483717,11,0.33738860202483717,VIIRS DNB,nW/cm2/sr,2020,"{""type"":""MultiPoint"",""coordinates"":[]}"
82_00000000000000000011,BA03050040,,,,,,,53.11,53,6984.01403441,TASWIL5000020230907KABKOTA,Sumba Timur,,0.575702142252,4.80415749282,4326,4,,,Sumba Timur,Nusa Tenggara Timur,,0,,,2020-11,0.2981449162360649,11,0.2981449162360649,VIIRS DNB,nW/cm2/sr,2020,"{""type"":""MultiPoint"",""coordinates"":[]}"
82_00000000000000000012,BA03050040,,,,,,,53.02,53,3933.15111495,TASWIL5000020230907KABKOTA,Timor Tengah Selatan,,0.324167140101,3.32375028444,4326,4,,,Timor Tengah Selatan,Nusa Tenggara Timur,,0,,,2020-11,0.4040899369583543,11,0.4040899369583543,VIIRS DNB,nW/cm2/sr,2020,"{""type"":""MultiPoint"",""coordinates"":[]}"
82_00000000000000000013,BA03050040,,,,,,,53.03,53,2623.19983128,TASWIL5000020230907KABKOTA,Timor Tengah Utara,,0.215921651765,3.4787254107,4326,4,,,Timor Tengah Utara,Nusa Tenggara Timur,,0,,,2020-11,0.3768638631239769,11,0.3768638631239769,VIIRS DNB,nW/cm2/sr,2020,"{""type"":""MultiPoint"",""coordinates"":[]}"
82_00000000000000000015,BA03050040,,,,,,,53.08,53,2085.24387061,TASWIL5000020230907KABKOTA,Ende,,0.171316232886,2.99297540949,4326,4,,,Ende,Nusa Tenggara Timur,,0,,,2020-11,0.36102410118706246,11,0.36102410118706246,VIIRS DNB,nW/cm2/sr,2020,"{""type"":""MultiPoint"",""coordinates"":[]}"
82_00000000000000000006,BA03050040,,,,,,,53.21,53,1109.16204574,TASWIL5000020230907KABKOTA,Malaka,,0.0913351434015,2.23370514726,4326,4,,,Malaka,Nusa Tenggara Timur,,0,Belu,,2020-11,0.42378116826724616,11,0.42378116826724616,VIIRS DNB,nW/cm2/sr,2020,"{""type"":""MultiPoint"",""coordinates"":[]}"
82_00000000000000000005,BA03050040,,,,,,,53.13,53,1268.10489804,TASWIL5000020230907KABKOTA,Lembata,,0.10410466891,3.45188597769,4326,4,,,Lembata,Nusa Tenggara Timur,,0,Flores Timur,,2020-11,0.33497927732421545,11,0.33497927732421545,VIIRS DNB,nW/cm2/sr,2020,"{""type"":""MultiPoint"",""coordinates"":[]}"
82_00000000000000000003,BA03050040,,,,,,,53.71,53,159.334041006,TASWIL5000020230907KABKOTA,Kota Kupang,,0.0131469663875,0.949087585397,4326,5,,,Kota Kupang,Nusa Tenggara Timur,,0,Kupang,,2020-11,7.6309296787843435,11,7.6309296787843435,VIIRS DNB,nW/cm2/sr,2020,"{""type"":""MultiPoint"",""coordinates"":[]}"
82_0000000000000000000c,BA03050040,,,,,,,53.14,53,1286.45281117,TASWIL5000020230907KABKOTA,Rote Ndao,,0.106321906477,4.76909476004,4326,4,,,Rote Ndao,Nusa Tenggara Timur,,0,Kupang,,2020-11,0.384582756761452,11,0.384582756761452,VIIRS DNB,nW/cm2/sr,2020,"{""type"":""MultiPoint"",""coordinates"":[]}"
82_0000000000000000000d,BA03050040,,,,,,,53.20,53,460.956594118,TASWIL5000020230907KABKOTA,Sabu Raijua,,0.0380736571077,1.23438979443,4326,4,,,Sabu Raijua,Nusa Tenggara Timur,,0,Kupang,,2020-11,0.4280752349027684,11,0.4280752349027684,VIIRS DNB,nW/cm2/sr,2020,"{""type"":""MultiPoint"",""coordinates"":[]}"
82_00000000000000000008,BA03050040,,,,,,,53.15,53,3128.99733567,TASWIL5000020230907KABKOTA,Manggarai Barat,,0.257018604578,10.7211601624,4326,4,,,Manggarai Barat,Nusa Tenggara Timur,,0,Manggarai,,2020-11,0.30738909648855123,11,0.30738909648855123,VIIRS DNB,nW/cm2/sr,2020,"{""type"":""MultiPoint"",""coordinates"":[]}"
82_00000000000000000009,BA03050040,,,,,,,53.19,53,2389.52959786,TASWIL5000020230907KABKOTA,Manggarai Timur,,0.196263276889,2.60910655519,4326,4,,,Manggarai Timur,Nusa Tenggara Timur,,0,Manggarai,,2020-11,0.2955562870847828,11,0.2955562870847828,VIIRS DNB,nW/cm2/sr,2020,"{""type"":""MultiPoint"",""coordinates"":[]}"
82_0000000000000000000a,BA03050040,,,,,,,53.16,53,1396.16423098,TASWIL5000020230907KABKOTA,Nagekeo,,0.114707914625,2.15252417923,4326,4,,,Nagekeo,Nusa Tenggara Timur,,0,Ngada,,2020-11,0.3482604199835455,11,0.3482604199835455,VIIRS DNB,nW/cm2/sr,2020,"{""type"":""MultiPoint"",""coordinates"":[]}"
82_00000000000000000010,BA03050040,,,,,,,53.17,53,1789.65872064,TASWIL5000020230907KABKOTA,Sumba Tengah,,0.147379835649,2.42469258111,4326,4,,,Sumba Tengah,Nusa Tenggara Timur,,0,Sumba Barat,,2020-11,0.28111358710035445,11,0.28111358710035445,VIIRS DNB,nW/cm2/sr,2020,"{""type"":""MultiPoint"",""coordinates"":[]}"
82_00000000000000000014,BA03050040,,,,,,,53.18,53,1383.31224571,TASWIL5000020230907KABKOTA,Sumba Barat Daya,,0.113913848979,1.59805558471,4326,4,,,Sumba Barat Daya,Nusa Tenggara Timur,,0,Sumba Barat,,2020-11,0.3213918116753655,11,0.3213918116753655,VIIRS DNB,nW/cm2/sr,2020,"{""type"":""MultiPoint"",""coordinates"":[]}"
83_00000000000000000000,BA03050040,,,,,,,53.05,53,2928.55881854,TASWIL5000020230907KABKOTA,Alor,,0.24037265184,5.67288749982,4326,4,,,Alor,Nusa Tenggara Timur,,0,,,2020-12,0.11857024958968473,12,0.11857024958968473,VIIRS DNB,nW/cm2/sr,2020,"{""type"":""MultiPoint"",""coordinates"":[]}"
83_00000000000000000001,BA03050040,,,,,,,53.04,53,1127.25008655,TASWIL5000020230907KABKOTA,Belu,,0.0927289736817,2.29261763369,4326,4,,,Belu,Nusa Tenggara Timur,,0,,,2020-12,0.0029792985527149784,12,0.0029792985527149784,VIIRS DNB,nW/cm2/sr,2020,"{""type"":""MultiPoint"",""coordinates"":[]}"
83_00000000000000000002,BA03050040,,,,,,,53.06,53,1748.5165523,TASWIL5000020230907KABKOTA,Flores Timur,,0.143538260694,4.68012528849,4326,4,,,Flores Timur,Nusa Tenggara Timur,,0,,,2020-12,0.05071479586436273,12,0.05071479586436273,VIIRS DNB,nW/cm2/sr,2020,"{""type"":""MultiPoint"",""coordinates"":[]}"
83_00000000000000000004,BA03050040,,,,,,,53.01,53,5136.51008742,TASWIL5000020230907KABKOTA,Kupang,,0.423459507198,6.26740520892,4326,4,,,Kupang,Nusa Tenggara Timur,,0,,,2020-12,0.0635104943924695,12,0.0635104943924695,VIIRS DNB,nW/cm2/sr,2020,"{""type"":""MultiPoint"",""coordinates"":[]}"
83_00000000000000000007,BA03050040,,,,,,,53.10,53,1343.83414797,TASWIL5000020230907KABKOTA,Manggarai,,0.11037433796,2.62044875269,4326,4,,,Manggarai,Nusa Tenggara Timur,,0,,,2020-12,0.2493719589682717,12,0.2493719589682717,VIIRS DNB,nW/cm2/sr,2020,"{""type"":""MultiPoint"",""coordinates"":[]}"
83_0000000000000000000b,BA03050040,,,,,,,53.09,53,1735.63521769,TASWIL5000020230907KABKOTA,Ngada,,0.142589549676,2.86650785507,4326,4,,,Ngada,Nusa Tenggara Timur,,0,,,2020-12,0.061275231298972305,12,0.061275231298972305,VIIRS DNB,nW/cm2/sr,2020,"{""type"":""MultiPoint"",""coordinates"":[]}"
83_0000000000000000000e,BA03050040,,,,,,,53.07,53,1671.64902391,TASWIL5000020230907KABKOTA,Sikka,,0.137312979206,3.89925449996,4326,4,,,Sikka,Nusa Tenggara Timur,,0,,,2020-12,0.007822263466332236,12,0.007822263466332236,VIIRS DNB,nW/cm2/sr,2020,"{""type"":""MultiPoint"",""coordinates"":[]}"
83_0000000000000000000f,BA03050040,,,,,,,53.12,53,757.407641007,TASWIL5000020230907KABKOTA,Sumba Barat,,0.0623907023605,2.04212111278,4326,4,,,Sumba Barat,Nusa Tenggara Timur,,0,,,2020-12,0.2010255328869709,12,0.2010255328869709,VIIRS DNB,nW/cm2/sr,2020,"{""type"":""MultiPoint"",""coordinates"":[]}"
83_00000000000000000011,BA03050040,,,,,,,53.11,53,6984.01403441,TASWIL5000020230907KABKOTA,Sumba Timur,,0.575702142252,4.80415749282,4326,4,,,Sumba Timur,Nusa Tenggara Timur,,0,,,2020-12,0.23185631428773942,12,0.23185631428773942,VIIRS DNB,nW/cm2/sr,2020,"{""type"":""MultiPoint"",""coordinates"":[]}"
83_00000000000000000012,BA03050040,,,,,,,53.02,53,3933.15111495,TASWIL5000020230907KABKOTA,Timor Tengah Selatan,,0.324167140101,3.32375028444,4326,4,,,Timor Tengah Selatan,Nusa Tenggara Timur,,0,,,2020-12,0.01847787843397497,12,0.01847787843397497,VIIRS DNB,nW/cm2/sr,2020,"{""type"":""MultiPoint"",""coordinates"":[]}"
83_00000000000000000013,BA03050040,,,,,,,53.03,53,2623.19983128,TASWIL5000020230907KABKOTA,Timor Tengah Utara,,0.215921651765,3.4787254107,4326,4,,,Timor Tengah Utara,Nusa Tenggara Timur,,0,,,2020-12,0.18143894379636935,12,0.18143894379636935,VIIRS DNB,nW/cm2/sr,2020,"{""type"":""MultiPoint"",""coordinates"":[]}"
83_00000000000000000015,BA03050040,,,,,,,53.08,53,2085.24387061,TASWIL5000020230907KABKOTA,Ende,,0.171316232886,2.99297540949,4326,4,,,Ende,Nusa Tenggara Timur,,0,,,2020-12,0.12431419683579589,12,0.12431419683579589,VIIRS DNB,nW/cm2/sr,2020,"{""type"":""MultiPoint"",""coordinates"":[]}"
83_00000000000000000006,BA03050040,,,,,,,53.21,53,1109.16204574,TASWIL5000020230907KABKOTA,Malaka,,0.0913351434015,2.23370514726,4326,4,,,Malaka,Nusa Tenggara Timur,,0,Belu,,2020-12,0.08021622616420516,12,0.08021622616420516,VIIRS DNB,nW/cm2/sr,2020,"{""type"":""MultiPoint"",""coordinates"":[]}"
83_00000000000000000005,BA03050040,,,,,,,53.13,53,1268.10489804,TASWIL5000020230907KABKOTA,Lembata,,0.10410466891,3.45188597769,4326,4,,,Lembata,Nusa Tenggara Timur,,0,Flores Timur,,2020-12,0.06550680897305636,12,0.06550680897305636,VIIRS DNB,nW/cm2/sr,2020,"{""type"":""MultiPoint"",""coordinates"":[]}"
83_00000000000000000003,BA03050040,,,,,,,53.71,53,159.334041006,TASWIL5000020230907KABKOTA,Kota Kupang,,0.0131469663875,0.949087585397,4326,5,,,Kota Kupang,Nusa Tenggara Timur,,0,Kupang,,2020-12,3.145979920257467,12,3.145979920257467,VIIRS DNB,nW/cm2/sr,2020,"{""type"":""MultiPoint"",""coordinates"":[]}"
83_0000000000000000000c,BA03050040,,,,,,,53.14,53,1286.45281117,TASWIL5000020230907KABKOTA,Rote Ndao,,0.106321906477,4.76909476004,4326,4,,,Rote Ndao,Nusa Tenggara Timur,,0,Kupang,,2020-12,0.16784689327563093,12,0.16784689327563093,VIIRS DNB,nW/cm2/sr,2020,"{""type"":""MultiPoint"",""coordinates"":[]}"
83_0000000000000000000d,BA03050040,,,,,,,53.20,53,460.956594118,TASWIL5000020230907KABKOTA,Sabu Raijua,,0.0380736571077,1.23438979443,4326,4,,,Sabu Raijua,Nusa Tenggara Timur,,0,Kupang,,2020-12,0.34828589170233903,12,0.34828589170233903,VIIRS DNB,nW/cm2/sr,2020,"{""type"":""MultiPoint"",""coordinates"":[]}"
83_00000000000000000008,BA03050040,,,,,,,53.15,53,3128.99733567,TASWIL5000020230907KABKOTA,Manggarai Barat,,0.257018604578,10.7211601624,4326,4,,,Manggarai Barat,Nusa Tenggara Timur,,0,Manggarai,,2020-12,0.31171334623883584,12,0.31171334623883584,VIIRS DNB,nW/cm2/sr,2020,"{""type"":""MultiPoint"",""coordinates"":[]}"
83_00000000000000000009,BA03050040,,,,,,,53.19,53,2389.52959786,TASWIL5000020230907KABKOTA,Manggarai Timur,,0.196263276889,2.60910655519,4326,4,,,Manggarai Timur,Nusa Tenggara Timur,,0,Manggarai,,2020-12,0.08185006640249692,12,0.08185006640249692,VIIRS DNB,nW/cm2/sr,2020,"{""type"":""MultiPoint"",""coordinates"":[]}"
83_0000000000000000000a,BA03050040,,,,,,,53.16,53,1396.16423098,TASWIL5000020230907KABKOTA,Nagekeo,,0.114707914625,2.15252417923,4326,4,,,Nagekeo,Nusa Tenggara Timur,,0,Ngada,,2020-12,0.09809413335351946,12,0.09809413335351946,VIIRS DNB,nW/cm2/sr,2020,"{""type"":""MultiPoint"",""coordinates"":[]}"
83_00000000000000000010,BA03050040,,,,,,,53.17,53,1789.65872064,TASWIL5000020230907KABKOTA,Sumba Tengah,,0.147379835649,2.42469258111,4326,4,,,Sumba Tengah,Nusa Tenggara Timur,,0,Sumba Barat,,2020-12,0.21920457414908742,12,0.21920457414908742,VIIRS DNB,nW/cm2/sr,2020,"{""type"":""MultiPoint"",""coordinates"":[]}"
83_00000000000000000014,BA03050040,,,,,,,53.18,53,1383.31224571,TASWIL5000020230907KABKOTA,Sumba Barat Daya,,0.113913848979,1.59805558471,4326,4,,,Sumba Barat Daya,Nusa Tenggara Timur,,0,Sumba Barat,,2020-12,0.2350125121888513,12,0.2350125121888513,VIIRS DNB,nW/cm2/sr,2020,"{""type"":""MultiPoint"",""coordinates"":[]}"
84_00000000000000000000,BA03050040,,,,,,,53.05,53,2928.55881854,TASWIL5000020230907KABKOTA,Alor,,0.24037265184,5.67288749982,4326,4,,,Alor,Nusa Tenggara Timur,,0,,,2021-01,0.19609594600795818,1,0.19609594600795818,VIIRS DNB,nW/cm2/sr,2021,"{""type"":""MultiPoint"",""coordinates"":[]}"
84_00000000000000000001,BA03050040,,,,,,,53.04,53,1127.25008655,TASWIL5000020230907KABKOTA,Belu,,0.0927289736817,2.29261763369,4326,4,,,Belu,Nusa Tenggara Timur,,0,,,2021-01,0.4164764834769299,1,0.4164764834769299,VIIRS DNB,nW/cm2/sr,2021,"{""type"":""MultiPoint"",""coordinates"":[]}"
84_00000000000000000002,BA03050040,,,,,,,53.06,53,1748.5165523,TASWIL5000020230907KABKOTA,Flores Timur,,0.143538260694,4.68012528849,4326,4,,,Flores Timur,Nusa Tenggara Timur,,0,,,2021-01,0.25211273985001836,1,0.25211273985001836,VIIRS DNB,nW/cm2/sr,2021,"{""type"":""MultiPoint"",""coordinates"":[]}"
84_00000000000000000004,BA03050040,,,,,,,53.01,53,5136.51008742,TASWIL5000020230907KABKOTA,Kupang,,0.423459507198,6.26740520892,4326,4,,,Kupang,Nusa Tenggara Timur,,0,,,2021-01,0.2931856353874352,1,0.2931856353874352,VIIRS DNB,nW/cm2/sr,2021,"{""type"":""MultiPoint"",""coordinates"":[]}"
84_00000000000000000007,BA03050040,,,,,,,53.10,53,1343.83414797,TASWIL5000020230907KABKOTA,Manggarai,,0.11037433796,2.62044875269,4326,4,,,Manggarai,Nusa Tenggara Timur,,0,,,2021-01,0.22424434429954607,1,0.22424434429954607,VIIRS DNB,nW/cm2/sr,2021,"{""type"":""MultiPoint"",""coordinates"":[]}"
84_0000000000000000000b,BA03050040,,,,,,,53.09,53,1735.63521769,TASWIL5000020230907KABKOTA,Ngada,,0.142589549676,2.86650785507,4326,4,,,Ngada,Nusa Tenggara Timur,,0,,,2021-01,0.25984543914409164,1,0.25984543914409164,VIIRS DNB,nW/cm2/sr,2021,"{""type"":""MultiPoint"",""coordinates"":[]}"
84_0000000000000000000e,BA03050040,,,,,,,53.07,53,1671.64902391,TASWIL5000020230907KABKOTA,Sikka,,0.137312979206,3.89925449996,4326,4,,,Sikka,Nusa Tenggara Timur,,0,,,2021-01,0.28983620408655886,1,0.28983620408655886,VIIRS DNB,nW/cm2/sr,2021,"{""type"":""MultiPoint"",""coordinates"":[]}"
84_0000000000000000000f,BA03050040,,,,,,,53.12,53,757.407641007,TASWIL5000020230907KABKOTA,Sumba Barat,,0.0623907023605,2.04212111278,4326,4,,,Sumba Barat,Nusa Tenggara Timur,,0,,,2021-01,0.17068421298434683,1,0.17068421298434683,VIIRS DNB,nW/cm2/sr,2021,"{""type"":""MultiPoint"",""coordinates"":[]}"
84_00000000000000000011,BA03050040,,,,,,,53.11,53,6984.01403441,TASWIL5000020230907KABKOTA,Sumba Timur,,0.575702142252,4.80415749282,4326,4,,,Sumba Timur,Nusa Tenggara Timur,,0,,,2021-01,0.12827069312260506,1,0.12827069312260506,VIIRS DNB,nW/cm2/sr,2021,"{""type"":""MultiPoint"",""coordinates"":[]}"
84_00000000000000000012,BA03050040,,,,,,,53.02,53,3933.15111495,TASWIL5000020230907KABKOTA,Timor Tengah Selatan,,0.324167140101,3.32375028444,4326,4,,,Timor Tengah Selatan,Nusa Tenggara Timur,,0,,,2021-01,0.29853102972277634,1,0.29853102972277634,VIIRS DNB,nW/cm2/sr,2021,"{""type"":""MultiPoint"",""coordinates"":[]}"
84_00000000000000000013,BA03050040,,,,,,,53.03,53,2623.19983128,TASWIL5000020230907KABKOTA,Timor Tengah Utara,,0.215921651765,3.4787254107,4326,4,,,Timor Tengah Utara,Nusa Tenggara Timur,,0,,,2021-01,0.3187626173542118,1,0.3187626173542118,VIIRS DNB,nW/cm2/sr,2021,"{""type"":""MultiPoint"",""coordinates"":[]}"
84_00000000000000000015,BA03050040,,,,,,,53.08,53,2085.24387061,TASWIL5000020230907KABKOTA,Ende,,0.171316232886,2.99297540949,4326,4,,,Ende,Nusa Tenggara Timur,,0,,,2021-01,0.22641082265909673,1,0.22641082265909673,VIIRS DNB,nW/cm2/sr,2021,"{""type"":""MultiPoint"",""coordinates"":[]}"
84_00000000000000000006,BA03050040,,,,,,,53.21,53,1109.16204574,TASWIL5000020230907KABKOTA,Malaka,,0.0913351434015,2.23370514726,4326,4,,,Malaka,Nusa Tenggara Timur,,0,Belu,,2021-01,0.2644931460001359,1,0.2644931460001359,VIIRS DNB,nW/cm2/sr,2021,"{""type"":""MultiPoint"",""coordinates"":[]}"
84_00000000000000000005,BA03050040,,,,,,,53.13,53,1268.10489804,TASWIL5000020230907KABKOTA,Lembata,,0.10410466891,3.45188597769,4326,4,,,Lembata,Nusa Tenggara Timur,,0,Flores Timur,,2021-01,0.282904019383757,1,0.282904019383757,VIIRS DNB,nW/cm2/sr,2021,"{""type"":""MultiPoint"",""coordinates"":[]}"
84_00000000000000000003,BA03050040,,,,,,,53.71,53,159.334041006,TASWIL5000020230907KABKOTA,Kota Kupang,,0.0131469663875,0.949087585397,4326,5,,,Kota Kupang,Nusa Tenggara Timur,,0,Kupang,,2021-01,6.1169652021725796,1,6.1169652021725796,VIIRS DNB,nW/cm2/sr,2021,"{""type"":""MultiPoint"",""coordinates"":[]}"
84_0000000000000000000c,BA03050040,,,,,,,53.14,53,1286.45281117,TASWIL5000020230907KABKOTA,Rote Ndao,,0.106321906477,4.76909476004,4326,4,,,Rote Ndao,Nusa Tenggara Timur,,0,Kupang,,2021-01,0.2584849501941897,1,0.2584849501941897,VIIRS DNB,nW/cm2/sr,2021,"{""type"":""MultiPoint"",""coordinates"":[]}"
84_0000000000000000000d,BA03050040,,,,,,,53.20,53,460.956594118,TASWIL5000020230907KABKOTA,Sabu Raijua,,0.0380736571077,1.23438979443,4326,4,,,Sabu Raijua,Nusa Tenggara Timur,,0,Kupang,,2021-01,0.24826461036345218,1,0.24826461036345218,VIIRS DNB,nW/cm2/sr,2021,"{""type"":""MultiPoint"",""coordinates"":[]}"
84_00000000000000000008,BA03050040,,,,,,,53.15,53,3128.99733567,TASWIL5000020230907KABKOTA,Manggarai Barat,,0.257018604578,10.7211601624,4326,4,,,Manggarai Barat,Nusa Tenggara Timur,,0,Manggarai,,2021-01,0.17408574267500032,1,0.17408574267500032,VIIRS DNB,nW/cm2/sr,2021,"{""type"":""MultiPoint"",""coordinates"":[]}"
84_00000000000000000009,BA03050040,,,,,,,53.19,53,2389.52959786,TASWIL5000020230907KABKOTA,Manggarai Timur,,0.196263276889,2.60910655519,4326,4,,,Manggarai Timur,Nusa Tenggara Timur,,0,Manggarai,,2021-01,0.19117847692310397,1,0.19117847692310397,VIIRS DNB,nW/cm2/sr,2021,"{""type"":""MultiPoint"",""coordinates"":[]}"
84_0000000000000000000a,BA03050040,,,,,,,53.16,53,1396.16423098,TASWIL5000020230907KABKOTA,Nagekeo,,0.114707914625,2.15252417923,4326,4,,,Nagekeo,Nusa Tenggara Timur,,0,Ngada,,2021-01,0.31969770195554853,1,0.31969770195554853,VIIRS DNB,nW/cm2/sr,2021,"{""type"":""MultiPoint"",""coordinates"":[]}"
84_00000000000000000010,BA03050040,,,,,,,53.17,53,1789.65872064,TASWIL5000020230907KABKOTA,Sumba Tengah,,0.147379835649,2.42469258111,4326,4,,,Sumba Tengah,Nusa Tenggara Timur,,0,Sumba Barat,,2021-01,0.08719797067099691,1,0.08719797067099691,VIIRS DNB,nW/cm2/sr,2021,"{""type"":""MultiPoint"",""coordinates"":[]}"
84_00000000000000000014,BA03050040,,,,,,,53.18,53,1383.31224571,TASWIL5000020230907KABKOTA,Sumba Barat Daya,,0.113913848979,1.59805558471,4326,4,,,Sumba Barat Daya,Nusa Tenggara Timur,,0,Sumba Barat,,2021-01,0.16392226609326008,1,0.16392226609326008,VIIRS DNB,nW/cm2/sr,2021,"{""type"":""MultiPoint"",""coordinates"":[]}"
85_00000000000000000000,BA03050040,,,,,,,53.05,53,2928.55881854,TASWIL5000020230907KABKOTA,Alor,,0.24037265184,5.67288749982,4326,4,,,Alor,Nusa Tenggara Timur,,0,,,2021-02,0.12148670953211314,2,0.12148670953211314,VIIRS DNB,nW/cm2/sr,2021,"{""type"":""MultiPoint"",""coordinates"":[]}"
85_00000000000000000001,BA03050040,,,,,,,53.04,53,1127.25008655,TASWIL5000020230907KABKOTA,Belu,,0.0927289736817,2.29261763369,4326,4,,,Belu,Nusa Tenggara Timur,,0,,,2021-02,0.20351433533420699,2,0.20351433533420699,VIIRS DNB,nW/cm2/sr,2021,"{""type"":""MultiPoint"",""coordinates"":[]}"
85_00000000000000000002,BA03050040,,,,,,,53.06,53,1748.5165523,TASWIL5000020230907KABKOTA,Flores Timur,,0.143538260694,4.68012528849,4326,4,,,Flores Timur,Nusa Tenggara Timur,,0,,,2021-02,0.18876136721183506,2,0.18876136721183506,VIIRS DNB,nW/cm2/sr,2021,"{""type"":""MultiPoint"",""coordinates"":[]}"
85_00000000000000000004,BA03050040,,,,,,,53.01,53,5136.51008742,TASWIL5000020230907KABKOTA,Kupang,,0.423459507198,6.26740520892,4326,4,,,Kupang,Nusa Tenggara Timur,,0,,,2021-02,0.2361657520211482,2,0.2361657520211482,VIIRS DNB,nW/cm2/sr,2021,"{""type"":""MultiPoint"",""coordinates"":[]}"
85_00000000000000000007,BA03050040,,,,,,,53.10,53,1343.83414797,TASWIL5000020230907KABKOTA,Manggarai,,0.11037433796,2.62044875269,4326,4,,,Manggarai,Nusa Tenggara Timur,,0,,,2021-02,0.14483851314823531,2,0.14483851314823531,VIIRS DNB,nW/cm2/sr,2021,"{""type"":""MultiPoint"",""coordinates"":[]}"
85_0000000000000000000b,BA03050040,,,,,,,53.09,53,1735.63521769,TASWIL5000020230907KABKOTA,Ngada,,0.142589549676,2.86650785507,4326,4,,,Ngada,Nusa Tenggara Timur,,0,,,2021-02,0.08895405450646579,2,0.08895405450646579,VIIRS DNB,nW/cm2/sr,2021,"{""type"":""MultiPoint"",""coordinates"":[]}"
85_0000000000000000000e,BA03050040,,,,,,,53.07,53,1671.64902391,TASWIL5000020230907KABKOTA,Sikka,,0.137312979206,3.89925449996,4326,4,,,Sikka,Nusa Tenggara Timur,,0,,,2021-02,0.16090087578282408,2,0.16090087578282408,VIIRS DNB,nW/cm2/sr,2021,"{""type"":""MultiPoint"",""coordinates"":[]}"
85_0000000000000000000f,BA03050040,,,,,,,53.12,53,757.407641007,TASWIL5000020230907KABKOTA,Sumba Barat,,0.0623907023605,2.04212111278,4326,4,,,Sumba Barat,Nusa Tenggara Timur,,0,,,2021-02,0.11998532645113782,2,0.11998532645113782,VIIRS DNB,nW/cm2/sr,2021,"{""type"":""MultiPoint"",""coordinates"":[]}"
85_00000000000000000011,BA03050040,,,,,,,53.11,53,6984.01403441,TASWIL5000020230907KABKOTA,Sumba Timur,,0.575702142252,4.80415749282,4326,4,,,Sumba Timur,Nusa Tenggara Timur,,0,,,2021-02,0.07027040186584559,2,0.07027040186584559,VIIRS DNB,nW/cm2/sr,2021,"{""type"":""MultiPoint"",""coordinates"":[]}"
85_00000000000000000012,BA03050040,,,,,,,53.02,53,3933.15111495,TASWIL5000020230907KABKOTA,Timor Tengah Selatan,,0.324167140101,3.32375028444,4326,4,,,Timor Tengah Selatan,Nusa Tenggara Timur,,0,,,2021-02,0.1281410146402624,2,0.1281410146402624,VIIRS DNB,nW/cm2/sr,2021,"{""type"":""MultiPoint"",""coordinates"":[]}"
85_00000000000000000013,BA03050040,,,,,,,53.03,53,2623.19983128,TASWIL5000020230907KABKOTA,Timor Tengah Utara,,0.215921651765,3.4787254107,4326,4,,,Timor Tengah Utara,Nusa Tenggara Timur,,0,,,2021-02,0.057191250758296605,2,0.057191250758296605,VIIRS DNB,nW/cm2/sr,2021,"{""type"":""MultiPoint"",""coordinates"":[]}"
85_00000000000000000015,BA03050040,,,,,,,53.08,53,2085.24387061,TASWIL5000020230907KABKOTA,Ende,,0.171316232886,2.99297540949,4326,4,,,Ende,Nusa Tenggara Timur,,0,,,2021-02,0.13738246566602658,2,0.13738246566602658,VIIRS DNB,nW/cm2/sr,2021,"{""type"":""MultiPoint"",""coordinates"":[]}"
85_00000000000000000006,BA03050040,,,,,,,53.21,53,1109.16204574,TASWIL5000020230907KABKOTA,Malaka,,0.0913351434015,2.23370514726,4326,4,,,Malaka,Nusa Tenggara Timur,,0,Belu,,2021-02,0.06843125148413316,2,0.06843125148413316,VIIRS DNB,nW/cm2/sr,2021,"{""type"":""MultiPoint"",""coordinates"":[]}"
85_00000000000000000005,BA03050040,,,,,,,53.13,53,1268.10489804,TASWIL5000020230907KABKOTA,Lembata,,0.10410466891,3.45188597769,4326,4,,,Lembata,Nusa Tenggara Timur,,0,Flores Timur,,2021-02,0.15383435713897758,2,0.15383435713897758,VIIRS DNB,nW/cm2/sr,2021,"{""type"":""MultiPoint"",""coordinates"":[]}"
85_00000000000000000003,BA03050040,,,,,,,53.71,53,159.334041006,TASWIL5000020230907KABKOTA,Kota Kupang,,0.0131469663875,0.949087585397,4326,5,,,Kota Kupang,Nusa Tenggara Timur,,0,Kupang,,2021-02,5.28111729569052,2,5.28111729569052,VIIRS DNB,nW/cm2/sr,2021,"{""type"":""MultiPoint"",""coordinates"":[]}"
85_0000000000000000000c,BA03050040,,,,,,,53.14,53,1286.45281117,TASWIL5000020230907KABKOTA,Rote Ndao,,0.106321906477,4.76909476004,4326,4,,,Rote Ndao,Nusa Tenggara Timur,,0,Kupang,,2021-02,0.2532067069509191,2,0.2532067069509191,VIIRS DNB,nW/cm2/sr,2021,"{""type"":""MultiPoint"",""coordinates"":[]}"
85_0000000000000000000d,BA03050040,,,,,,,53.20,53,460.956594118,TASWIL5000020230907KABKOTA,Sabu Raijua,,0.0380736571077,1.23438979443,4326,4,,,Sabu Raijua,Nusa Tenggara Timur,,0,Kupang,,2021-02,0.29301309316236823,2,0.29301309316236823,VIIRS DNB,nW/cm2/sr,2021,"{""type"":""MultiPoint"",""coordinates"":[]}"
85_00000000000000000008,BA03050040,,,,,,,53.15,53,3128.99733567,TASWIL5000020230907KABKOTA,Manggarai Barat,,0.257018604578,10.7211601624,4326,4,,,Manggarai Barat,Nusa Tenggara Timur,,0,Manggarai,,2021-02,0.13783627402393647,2,0.13783627402393647,VIIRS DNB,nW/cm2/sr,2021,"{""type"":""MultiPoint"",""coordinates"":[]}"
85_00000000000000000009,BA03050040,,,,,,,53.19,53,2389.52959786,TASWIL5000020230907KABKOTA,Manggarai Timur,,0.196263276889,2.60910655519,4326,4,,,Manggarai Timur,Nusa Tenggara Timur,,0,Manggarai,,2021-02,0.10704281063687915,2,0.10704281063687915,VIIRS DNB,nW/cm2/sr,2021,"{""type"":""MultiPoint"",""coordinates"":[]}"
85_0000000000000000000a,BA03050040,,,,,,,53.16,53,1396.16423098,TASWIL5000020230907KABKOTA,Nagekeo,,0.114707914625,2.15252417923,4326,4,,,Nagekeo,Nusa Tenggara Timur,,0,Ngada,,2021-02,0.06852664383142816,2,0.06852664383142816,VIIRS DNB,nW/cm2/sr,2021,"{""type"":""MultiPoint"",""coordinates"":[]}"
85_00000000000000000010,BA03050040,,,,,,,53.17,53,1789.65872064,TASWIL5000020230907KABKOTA,Sumba Tengah,,0.147379835649,2.42469258111,4326,4,,,Sumba Tengah,Nusa Tenggara Timur,,0,Sumba Barat,,2021-02,0.05949803375475391,2,0.05949803375475391,VIIRS DNB,nW/cm2/sr,2021,"{""type"":""MultiPoint"",""coordinates"":[]}"
85_00000000000000000014,BA03050040,,,,,,,53.18,53,1383.31224571,TASWIL5000020230907KABKOTA,Sumba Barat Daya,,0.113913848979,1.59805558471,4326,4,,,Sumba Barat Daya,Nusa Tenggara Timur,,0,Sumba Barat,,2021-02,0.25425175940376216,2,0.25425175940376216,VIIRS DNB,nW/cm2/sr,2021,"{""type"":""MultiPoint"",""coordinates"":[]}"
86_00000000000000000000,BA03050040,,,,,,,53.05,53,2928.55881854,TASWIL5000020230907KABKOTA,Alor,,0.24037265184,5.67288749982,4326,4,,,Alor,Nusa Tenggara Timur,,0,,,2021-03,0.31328235127752296,3,0.31328235127752296,VIIRS DNB,nW/cm2/sr,2021,"{""type"":""MultiPoint"",""coordinates"":[]}"
86_00000000000000000001,BA03050040,,,,,,,53.04,53,1127.25008655,TASWIL5000020230907KABKOTA,Belu,,0.0927289736817,2.29261763369,4326,4,,,Belu,Nusa Tenggara Timur,,0,,,2021-03,0.3997093503368972,3,0.3997093503368972,VIIRS DNB,nW/cm2/sr,2021,"{""type"":""MultiPoint"",""coordinates"":[]}"
86_00000000000000000002,BA03050040,,,,,,,53.06,53,1748.5165523,TASWIL5000020230907KABKOTA,Flores Timur,,0.143538260694,4.68012528849,4326,4,,,Flores Timur,Nusa Tenggara Timur,,0,,,2021-03,0.3954282415696678,3,0.3954282415696678,VIIRS DNB,nW/cm2/sr,2021,"{""type"":""MultiPoint"",""coordinates"":[]}"
86_00000000000000000004,BA03050040,,,,,,,53.01,53,5136.51008742,TASWIL5000020230907KABKOTA,Kupang,,0.423459507198,6.26740520892,4326,4,,,Kupang,Nusa Tenggara Timur,,0,,,2021-03,0.39965168415521585,3,0.39965168415521585,VIIRS DNB,nW/cm2/sr,2021,"{""type"":""MultiPoint"",""coordinates"":[]}"
86_00000000000000000007,BA03050040,,,,,,,53.10,53,1343.83414797,TASWIL5000020230907KABKOTA,Manggarai,,0.11037433796,2.62044875269,4326,4,,,Manggarai,Nusa Tenggara Timur,,0,,,2021-03,0.5008432187426567,3,0.5008432187426567,VIIRS DNB,nW/cm2/sr,2021,"{""type"":""MultiPoint"",""coordinates"":[]}"
86_0000000000000000000b,BA03050040,,,,,,,53.09,53,1735.63521769,TASWIL5000020230907KABKOTA,Ngada,,0.142589549676,2.86650785507,4326,4,,,Ngada,Nusa Tenggara Timur,,0,,,2021-03,0.4430844361112599,3,0.4430844361112599,VIIRS DNB,nW/cm2/sr,2021,"{""type"":""MultiPoint"",""coordinates"":[]}"
86_0000000000000000000e,BA03050040,,,,,,,53.07,53,1671.64902391,TASWIL5000020230907KABKOTA,Sikka,,0.137312979206,3.89925449996,4326,4,,,Sikka,Nusa Tenggara Timur,,0,,,2021-03,0.46340598491796664,3,0.46340598491796664,VIIRS DNB,nW/cm2/sr,2021,"{""type"":""MultiPoint"",""coordinates"":[]}"
86_0000000000000000000f,BA03050040,,,,,,,53.12,53,757.407641007,TASWIL5000020230907KABKOTA,Sumba Barat,,0.0623907023605,2.04212111278,4326,4,,,Sumba Barat,Nusa Tenggara Timur,,0,,,2021-03,0.3842731550066623,3,0.3842731550066623,VIIRS DNB,nW/cm2/sr,2021,"{""type"":""MultiPoint"",""coordinates"":[]}"
86_00000000000000000011,BA03050040,,,,,,,53.11,53,6984.01403441,TASWIL5000020230907KABKOTA,Sumba Timur,,0.575702142252,4.80415749282,4326,4,,,Sumba Timur,Nusa Tenggara Timur,,0,,,2021-03,0.4646811304104596,3,0.4646811304104596,VIIRS DNB,nW/cm2/sr,2021,"{""type"":""MultiPoint"",""coordinates"":[]}"
86_00000000000000000012,BA03050040,,,,,,,53.02,53,3933.15111495,TASWIL5000020230907KABKOTA,Timor Tengah Selatan,,0.324167140101,3.32375028444,4326,4,,,Timor Tengah Selatan,Nusa Tenggara Timur,,0,,,2021-03,0.3731432627111124,3,0.3731432627111124,VIIRS DNB,nW/cm2/sr,2021,"{""type"":""MultiPoint"",""coordinates"":[]}"
86_00000000000000000013,BA03050040,,,,,,,53.03,53,2623.19983128,TASWIL5000020230907KABKOTA,Timor Tengah Utara,,0.215921651765,3.4787254107,4326,4,,,Timor Tengah Utara,Nusa Tenggara Timur,,0,,,2021-03,0.3611775664469433,3,0.3611775664469433,VIIRS DNB,nW/cm2/sr,2021,"{""type"":""MultiPoint"",""coordinates"":[]}"
86_00000000000000000015,BA03050040,,,,,,,53.08,53,2085.24387061,TASWIL5000020230907KABKOTA,Ende,,0.171316232886,2.99297540949,4326,4,,,Ende,Nusa Tenggara Timur,,0,,,2021-03,0.4488259123346275,3,0.4488259123346275,VIIRS DNB,nW/cm2/sr,2021,"{""type"":""MultiPoint"",""coordinates"":[]}"
86_00000000000000000006,BA03050040,,,,,,,53.21,53,1109.16204574,TASWIL5000020230907KABKOTA,Malaka,,0.0913351434015,2.23370514726,4326,4,,,Malaka,Nusa Tenggara Timur,,0,Belu,,2021-03,0.409698582850446,3,0.409698582850446,VIIRS DNB,nW/cm2/sr,2021,"{""type"":""MultiPoint"",""coordinates"":[]}"
86_00000000000000000005,BA03050040,,,,,,,53.13,53,1268.10489804,TASWIL5000020230907KABKOTA,Lembata,,0.10410466891,3.45188597769,4326,4,,,Lembata,Nusa Tenggara Timur,,0,Flores Timur,,2021-03,0.32689570327168627,3,0.32689570327168627,VIIRS DNB,nW/cm2/sr,2021,"{""type"":""MultiPoint"",""coordinates"":[]}"
86_00000000000000000003,BA03050040,,,,,,,53.71,53,159.334041006,TASWIL5000020230907KABKOTA,Kota Kupang,,0.0131469663875,0.949087585397,4326,5,,,Kota Kupang,Nusa Tenggara Timur,,0,Kupang,,2021-03,6.269491886966022,3,6.269491886966022,VIIRS DNB,nW/cm2/sr,2021,"{""type"":""MultiPoint"",""coordinates"":[]}"
86_0000000000000000000c,BA03050040,,,,,,,53.14,53,1286.45281117,TASWIL5000020230907KABKOTA,Rote Ndao,,0.106321906477,4.76909476004,4326,4,,,Rote Ndao,Nusa Tenggara Timur,,0,Kupang,,2021-03,0.38384229269025283,3,0.38384229269025283,VIIRS DNB,nW/cm2/sr,2021,"{""type"":""MultiPoint"",""coordinates"":[]}"
86_0000000000000000000d,BA03050040,,,,,,,53.20,53,460.956594118,TASWIL5000020230907KABKOTA,Sabu Raijua,,0.0380736571077,1.23438979443,4326,4,,,Sabu Raijua,Nusa Tenggara Timur,,0,Kupang,,2021-03,0.35699671654049125,3,0.35699671654049125,VIIRS DNB,nW/cm2/sr,2021,"{""type"":""MultiPoint"",""coordinates"":[]}"
86_00000000000000000008,BA03050040,,,,,,,53.15,53,3128.99733567,TASWIL5000020230907KABKOTA,Manggarai Barat,,0.257018604578,10.7211601624,4326,4,,,Manggarai Barat,Nusa Tenggara Timur,,0,Manggarai,,2021-03,0.37590417312303276,3,0.37590417312303276,VIIRS DNB,nW/cm2/sr,2021,"{""type"":""MultiPoint"",""coordinates"":[]}"
86_00000000000000000009,BA03050040,,,,,,,53.19,53,2389.52959786,TASWIL5000020230907KABKOTA,Manggarai Timur,,0.196263276889,2.60910655519,4326,4,,,Manggarai Timur,Nusa Tenggara Timur,,0,Manggarai,,2021-03,0.3969887226205398,3,0.3969887226205398,VIIRS DNB,nW/cm2/sr,2021,"{""type"":""MultiPoint"",""coordinates"":[]}"
86_0000000000000000000a,BA03050040,,,,,,,53.16,53,1396.16423098,TASWIL5000020230907KABKOTA,Nagekeo,,0.114707914625,2.15252417923,4326,4,,,Nagekeo,Nusa Tenggara Timur,,0,Ngada,,2021-03,0.482336161673891,3,0.482336161673891,VIIRS DNB,nW/cm2/sr,2021,"{""type"":""MultiPoint"",""coordinates"":[]}"
86_00000000000000000010,BA03050040,,,,,,,53.17,53,1789.65872064,TASWIL5000020230907KABKOTA,Sumba Tengah,,0.147379835649,2.42469258111,4326,4,,,Sumba Tengah,Nusa Tenggara Timur,,0,Sumba Barat,,2021-03,0.48770835374954097,3,0.48770835374954097,VIIRS DNB,nW/cm2/sr,2021,"{""type"":""MultiPoint"",""coordinates"":[]}"
86_00000000000000000014,BA03050040,,,,,,,53.18,53,1383.31224571,TASWIL5000020230907KABKOTA,Sumba Barat Daya,,0.113913848979,1.59805558471,4326,4,,,Sumba Barat Daya,Nusa Tenggara Timur,,0,Sumba Barat,,2021-03,0.20640607410376338,3,0.20640607410376338,VIIRS DNB,nW/cm2/sr,2021,"{""type"":""MultiPoint"",""coordinates"":[]}"
87_00000000000000000000,BA03050040,,,,,,,53.05,53,2928.55881854,TASWIL5000020230907KABKOTA,Alor,,0.24037265184,5.67288749982,4326,4,,,Alor,Nusa Tenggara Timur,,0,,,2021-04,0.4058218289305742,4,0.4058218289305742,VIIRS DNB,nW/cm2/sr,2021,"{""type"":""MultiPoint"",""coordinates"":[]}"
87_00000000000000000001,BA03050040,,,,,,,53.04,53,1127.25008655,TASWIL5000020230907KABKOTA,Belu,,0.0927289736817,2.29261763369,4326,4,,,Belu,Nusa Tenggara Timur,,0,,,2021-04,0.41524435258549597,4,0.41524435258549597,VIIRS DNB,nW/cm2/sr,2021,"{""type"":""MultiPoint"",""coordinates"":[]}"
87_00000000000000000002,BA03050040,,,,,,,53.06,53,1748.5165523,TASWIL5000020230907KABKOTA,Flores Timur,,0.143538260694,4.68012528849,4326,4,,,Flores Timur,Nusa Tenggara Timur,,0,,,2021-04,0.45277621131884005,4,0.45277621131884005,VIIRS DNB,nW/cm2/sr,2021,"{""type"":""MultiPoint"",""coordinates"":[]}"
87_00000000000000000004,BA03050040,,,,,,,53.01,53,5136.51008742,TASWIL5000020230907KABKOTA,Kupang,,0.423459507198,6.26740520892,4326,4,,,Kupang,Nusa Tenggara Timur,,0,,,2021-04,0.39660516729367573,4,0.39660516729367573,VIIRS DNB,nW/cm2/sr,2021,"{""type"":""MultiPoint"",""coordinates"":[]}"
87_00000000000000000007,BA03050040,,,,,,,53.10,53,1343.83414797,TASWIL5000020230907KABKOTA,Manggarai,,0.11037433796,2.62044875269,4326,4,,,Manggarai,Nusa Tenggara Timur,,0,,,2021-04,0.5265818980700177,4,0.5265818980700177,VIIRS DNB,nW/cm2/sr,2021,"{""type"":""MultiPoint"",""coordinates"":[]}"
87_0000000000000000000b,BA03050040,,,,,,,53.09,53,1735.63521769,TASWIL5000020230907KABKOTA,Ngada,,0.142589549676,2.86650785507,4326,4,,,Ngada,Nusa Tenggara Timur,,0,,,2021-04,0.40760732708614605,4,0.40760732708614605,VIIRS DNB,nW/cm2/sr,2021,"{""type"":""MultiPoint"",""coordinates"":[]}"
87_0000000000000000000e,BA03050040,,,,,,,53.07,53,1671.64902391,TASWIL5000020230907KABKOTA,Sikka,,0.137312979206,3.89925449996,4326,4,,,Sikka,Nusa Tenggara Timur,,0,,,2021-04,0.4834434691750911,4,0.4834434691750911,VIIRS DNB,nW/cm2/sr,2021,"{""type"":""MultiPoint"",""coordinates"":[]}"
87_0000000000000000000f,BA03050040,,,,,,,53.12,53,757.407641007,TASWIL5000020230907KABKOTA,Sumba Barat,,0.0623907023605,2.04212111278,4326,4,,,Sumba Barat,Nusa Tenggara Timur,,0,,,2021-04,0.4384106841734788,4,0.4384106841734788,VIIRS DNB,nW/cm2/sr,2021,"{""type"":""MultiPoint"",""coordinates"":[]}"
87_00000000000000000011,BA03050040,,,,,,,53.11,53,6984.01403441,TASWIL5000020230907KABKOTA,Sumba Timur,,0.575702142252,4.80415749282,4326,4,,,Sumba Timur,Nusa Tenggara Timur,,0,,,2021-04,0.3882401560447204,4,0.3882401560447204,VIIRS DNB,nW/cm2/sr,2021,"{""type"":""MultiPoint"",""coordinates"":[]}"
87_00000000000000000012,BA03050040,,,,,,,53.02,53,3933.15111495,TASWIL5000020230907KABKOTA,Timor Tengah Selatan,,0.324167140101,3.32375028444,4326,4,,,Timor Tengah Selatan,Nusa Tenggara Timur,,0,,,2021-04,0.3800117960152562,4,0.3800117960152562,VIIRS DNB,nW/cm2/sr,2021,"{""type"":""MultiPoint"",""coordinates"":[]}"
87_00000000000000000013,BA03050040,,,,,,,53.03,53,2623.19983128,TASWIL5000020230907KABKOTA,Timor Tengah Utara,,0.215921651765,3.4787254107,4326,4,,,Timor Tengah Utara,Nusa Tenggara Timur,,0,,,2021-04,0.3723421088486691,4,0.3723421088486691,VIIRS DNB,nW/cm2/sr,2021,"{""type"":""MultiPoint"",""coordinates"":[]}"
87_00000000000000000015,BA03050040,,,,,,,53.08,53,2085.24387061,TASWIL5000020230907KABKOTA,Ende,,0.171316232886,2.99297540949,4326,4,,,Ende,Nusa Tenggara Timur,,0,,,2021-04,0.4866803984081127,4,0.4866803984081127,VIIRS DNB,nW/cm2/sr,2021,"{""type"":""MultiPoint"",""coordinates"":[]}"
87_00000000000000000006,BA03050040,,,,,,,53.21,53,1109.16204574,TASWIL5000020230907KABKOTA,Malaka,,0.0913351434015,2.23370514726,4326,4,,,Malaka,Nusa Tenggara Timur,,0,Belu,,2021-04,0.4220974891243307,4,0.4220974891243307,VIIRS DNB,nW/cm2/sr,2021,"{""type"":""MultiPoint"",""coordinates"":[]}"
87_00000000000000000005,BA03050040,,,,,,,53.13,53,1268.10489804,TASWIL5000020230907KABKOTA,Lembata,,0.10410466891,3.45188597769,4326,4,,,Lembata,Nusa Tenggara Timur,,0,Flores Timur,,2021-04,0.43520806340656487,4,0.43520806340656487,VIIRS DNB,nW/cm2/sr,2021,"{""type"":""MultiPoint"",""coordinates"":[]}"
87_00000000000000000003,BA03050040,,,,,,,53.71,53,159.334041006,TASWIL5000020230907KABKOTA,Kota Kupang,,0.0131469663875,0.949087585397,4326,5,,,Kota Kupang,Nusa Tenggara Timur,,0,Kupang,,2021-04,5.268418240096978,4,5.268418240096978,VIIRS DNB,nW/cm2/sr,2021,"{""type"":""MultiPoint"",""coordinates"":[]}"
87_0000000000000000000c,BA03050040,,,,,,,53.14,53,1286.45281117,TASWIL5000020230907KABKOTA,Rote Ndao,,0.106321906477,4.76909476004,4326,4,,,Rote Ndao,Nusa Tenggara Timur,,0,Kupang,,2021-04,0.3721838961509129,4,0.3721838961509129,VIIRS DNB,nW/cm2/sr,2021,"{""type"":""MultiPoint"",""coordinates"":[]}"
87_0000000000000000000d,BA03050040,,,,,,,53.20,53,460.956594118,TASWIL5000020230907KABKOTA,Sabu Raijua,,0.0380736571077,1.23438979443,4326,4,,,Sabu Raijua,Nusa Tenggara Timur,,0,Kupang,,2021-04,0.3686074915784042,4,0.3686074915784042,VIIRS DNB,nW/cm2/sr,2021,"{""type"":""MultiPoint"",""coordinates"":[]}"
87_00000000000000000008,BA03050040,,,,,,,53.15,53,3128.99733567,TASWIL5000020230907KABKOTA,Manggarai Barat,,0.257018604578,10.7211601624,4326,4,,,Manggarai Barat,Nusa Tenggara Timur,,0,Manggarai,,2021-04,0.4611583205835793,4,0.4611583205835793,VIIRS DNB,nW/cm2/sr,2021,"{""type"":""MultiPoint"",""coordinates"":[]}"
87_00000000000000000009,BA03050040,,,,,,,53.19,53,2389.52959786,TASWIL5000020230907KABKOTA,Manggarai Timur,,0.196263276889,2.60910655519,4326,4,,,Manggarai Timur,Nusa Tenggara Timur,,0,Manggarai,,2021-04,0.4173819784703631,4,0.4173819784703631,VIIRS DNB,nW/cm2/sr,2021,"{""type"":""MultiPoint"",""coordinates"":[]}"
87_0000000000000000000a,BA03050040,,,,,,,53.16,53,1396.16423098,TASWIL5000020230907KABKOTA,Nagekeo,,0.114707914625,2.15252417923,4326,4,,,Nagekeo,Nusa Tenggara Timur,,0,Ngada,,2021-04,0.4575808096862849,4,0.4575808096862849,VIIRS DNB,nW/cm2/sr,2021,"{""type"":""MultiPoint"",""coordinates"":[]}"
87_00000000000000000010,BA03050040,,,,,,,53.17,53,1789.65872064,TASWIL5000020230907KABKOTA,Sumba Tengah,,0.147379835649,2.42469258111,4326,4,,,Sumba Tengah,Nusa Tenggara Timur,,0,Sumba Barat,,2021-04,0.3908998934188676,4,0.3908998934188676,VIIRS DNB,nW/cm2/sr,2021,"{""type"":""MultiPoint"",""coordinates"":[]}"
87_00000000000000000014,BA03050040,,,,,,,53.18,53,1383.31224571,TASWIL5000020230907KABKOTA,Sumba Barat Daya,,0.113913848979,1.59805558471,4326,4,,,Sumba Barat Daya,Nusa Tenggara Timur,,0,Sumba Barat,,2021-04,0.44036672057092047,4,0.44036672057092047,VIIRS DNB,nW/cm2/sr,2021,"{""type"":""MultiPoint"",""coordinates"":[]}"
88_00000000000000000000,BA03050040,,,,,,,53.05,53,2928.55881854,TASWIL5000020230907KABKOTA,Alor,,0.24037265184,5.67288749982,4326,4,,,Alor,Nusa Tenggara Timur,,0,,,2021-05,0.3099637704967268,5,0.3099637704967268,VIIRS DNB,nW/cm2/sr,2021,"{""type"":""MultiPoint"",""coordinates"":[]}"
88_00000000000000000001,BA03050040,,,,,,,53.04,53,1127.25008655,TASWIL5000020230907KABKOTA,Belu,,0.0927289736817,2.29261763369,4326,4,,,Belu,Nusa Tenggara Timur,,0,,,2021-05,0.43867935408571346,5,0.43867935408571346,VIIRS DNB,nW/cm2/sr,2021,"{""type"":""MultiPoint"",""coordinates"":[]}"
88_00000000000000000002,BA03050040,,,,,,,53.06,53,1748.5165523,TASWIL5000020230907KABKOTA,Flores Timur,,0.143538260694,4.68012528849,4326,4,,,Flores Timur,Nusa Tenggara Timur,,0,,,2021-05,0.3381120181515514,5,0.3381120181515514,VIIRS DNB,nW/cm2/sr,2021,"{""type"":""MultiPoint"",""coordinates"":[]}"
88_00000000000000000004,BA03050040,,,,,,,53.01,53,5136.51008742,TASWIL5000020230907KABKOTA,Kupang,,0.423459507198,6.26740520892,4326,4,,,Kupang,Nusa Tenggara Timur,,0,,,2021-05,0.34247069788290146,5,0.34247069788290146,VIIRS DNB,nW/cm2/sr,2021,"{""type"":""MultiPoint"",""coordinates"":[]}"
88_00000000000000000007,BA03050040,,,,,,,53.10,53,1343.83414797,TASWIL5000020230907KABKOTA,Manggarai,,0.11037433796,2.62044875269,4326,4,,,Manggarai,Nusa Tenggara Timur,,0,,,2021-05,0.41852174379767315,5,0.41852174379767315,VIIRS DNB,nW/cm2/sr,2021,"{""type"":""MultiPoint"",""coordinates"":[]}"
88_0000000000000000000b,BA03050040,,,,,,,53.09,53,1735.63521769,TASWIL5000020230907KABKOTA,Ngada,,0.142589549676,2.86650785507,4326,4,,,Ngada,Nusa Tenggara Timur,,0,,,2021-05,0.3234023881643121,5,0.3234023881643121,VIIRS DNB,nW/cm2/sr,2021,"{""type"":""MultiPoint"",""coordinates"":[]}"
88_0000000000000000000e,BA03050040,,,,,,,53.07,53,1671.64902391,TASWIL5000020230907KABKOTA,Sikka,,0.137312979206,3.89925449996,4326,4,,,Sikka,Nusa Tenggara Timur,,0,,,2021-05,0.380592524412979,5,0.380592524412979,VIIRS DNB,nW/cm2/sr,2021,"{""type"":""MultiPoint"",""coordinates"":[]}"
88_0000000000000000000f,BA03050040,,,,,,,53.12,53,757.407641007,TASWIL5000020230907KABKOTA,Sumba Barat,,0.0623907023605,2.04212111278,4326,4,,,Sumba Barat,Nusa Tenggara Timur,,0,,,2021-05,0.32428990849974665,5,0.32428990849974665,VIIRS DNB,nW/cm2/sr,2021,"{""type"":""MultiPoint"",""coordinates"":[]}"
88_00000000000000000011,BA03050040,,,,,,,53.11,53,6984.01403441,TASWIL5000020230907KABKOTA,Sumba Timur,,0.575702142252,4.80415749282,4326,4,,,Sumba Timur,Nusa Tenggara Timur,,0,,,2021-05,0.28455082451918806,5,0.28455082451918806,VIIRS DNB,nW/cm2/sr,2021,"{""type"":""MultiPoint"",""coordinates"":[]}"
88_00000000000000000012,BA03050040,,,,,,,53.02,53,3933.15111495,TASWIL5000020230907KABKOTA,Timor Tengah Selatan,,0.324167140101,3.32375028444,4326,4,,,Timor Tengah Selatan,Nusa Tenggara Timur,,0,,,2021-05,0.3302654686702962,5,0.3302654686702962,VIIRS DNB,nW/cm2/sr,2021,"{""type"":""MultiPoint"",""coordinates"":[]}"
88_00000000000000000013,BA03050040,,,,,,,53.03,53,2623.19983128,TASWIL5000020230907KABKOTA,Timor Tengah Utara,,0.215921651765,3.4787254107,4326,4,,,Timor Tengah Utara,Nusa Tenggara Timur,,0,,,2021-05,0.3291369096657089,5,0.3291369096657089,VIIRS DNB,nW/cm2/sr,2021,"{""type"":""MultiPoint"",""coordinates"":[]}"
88_00000000000000000015,BA03050040,,,,,,,53.08,53,2085.24387061,TASWIL5000020230907KABKOTA,Ende,,0.171316232886,2.99297540949,4326,4,,,Ende,Nusa Tenggara Timur,,0,,,2021-05,0.35233246151536424,5,0.35233246151536424,VIIRS DNB,nW/cm2/sr,2021,"{""type"":""MultiPoint"",""coordinates"":[]}"
88_00000000000000000006,BA03050040,,,,,,,53.21,53,1109.16204574,TASWIL5000020230907KABKOTA,Malaka,,0.0913351434015,2.23370514726,4326,4,,,Malaka,Nusa Tenggara Timur,,0,Belu,,2021-05,0.36963923360119827,5,0.36963923360119827,VIIRS DNB,nW/cm2/sr,2021,"{""type"":""MultiPoint"",""coordinates"":[]}"
88_00000000000000000005,BA03050040,,,,,,,53.13,53,1268.10489804,TASWIL5000020230907KABKOTA,Lembata,,0.10410466891,3.45188597769,4326,4,,,Lembata,Nusa Tenggara Timur,,0,Flores Timur,,2021-05,0.33222949854802886,5,0.33222949854802886,VIIRS DNB,nW/cm2/sr,2021,"{""type"":""MultiPoint"",""coordinates"":[]}"
88_00000000000000000003,BA03050040,,,,,,,53.71,53,159.334041006,TASWIL5000020230907KABKOTA,Kota Kupang,,0.0131469663875,0.949087585397,4326,5,,,Kota Kupang,Nusa Tenggara Timur,,0,Kupang,,2021-05,7.6034984177977645,5,7.6034984177977645,VIIRS DNB,nW/cm2/sr,2021,"{""type"":""MultiPoint"",""coordinates"":[]}"
88_0000000000000000000c,BA03050040,,,,,,,53.14,53,1286.45281117,TASWIL5000020230907KABKOTA,Rote Ndao,,0.106321906477,4.76909476004,4326,4,,,Rote Ndao,Nusa Tenggara Timur,,0,Kupang,,2021-05,0.31374891569215174,5,0.31374891569215174,VIIRS DNB,nW/cm2/sr,2021,"{""type"":""MultiPoint"",""coordinates"":[]}"
88_0000000000000000000d,BA03050040,,,,,,,53.20,53,460.956594118,TASWIL5000020230907KABKOTA,Sabu Raijua,,0.0380736571077,1.23438979443,4326,4,,,Sabu Raijua,Nusa Tenggara Timur,,0,Kupang,,2021-05,0.35327392173719646,5,0.35327392173719646,VIIRS DNB,nW/cm2/sr,2021,"{""type"":""MultiPoint"",""coordinates"":[]}"
88_00000000000000000008,BA03050040,,,,,,,53.15,53,3128.99733567,TASWIL5000020230907KABKOTA,Manggarai Barat,,0.257018604578,10.7211601624,4326,4,,,Manggarai Barat,Nusa Tenggara Timur,,0,Manggarai,,2021-05,0.33828725749329286,5,0.33828725749329286,VIIRS DNB,nW/cm2/sr,2021,"{""type"":""MultiPoint"",""coordinates"":[]}"
88_00000000000000000009,BA03050040,,,,,,,53.19,53,2389.52959786,TASWIL5000020230907KABKOTA,Manggarai Timur,,0.196263276889,2.60910655519,4326,4,,,Manggarai Timur,Nusa Tenggara Timur,,0,Manggarai,,2021-05,0.3208102992630661,5,0.3208102992630661,VIIRS DNB,nW/cm2/sr,2021,"{""type"":""MultiPoint"",""coordinates"":[]}"
88_0000000000000000000a,BA03050040,,,,,,,53.16,53,1396.16423098,TASWIL5000020230907KABKOTA,Nagekeo,,0.114707914625,2.15252417923,4326,4,,,Nagekeo,Nusa Tenggara Timur,,0,Ngada,,2021-05,0.3536662371698906,5,0.3536662371698906,VIIRS DNB,nW/cm2/sr,2021,"{""type"":""MultiPoint"",""coordinates"":[]}"
88_00000000000000000010,BA03050040,,,,,,,53.17,53,1789.65872064,TASWIL5000020230907KABKOTA,Sumba Tengah,,0.147379835649,2.42469258111,4326,4,,,Sumba Tengah,Nusa Tenggara Timur,,0,Sumba Barat,,2021-05,0.2493244071401551,5,0.2493244071401551,VIIRS DNB,nW/cm2/sr,2021,"{""type"":""MultiPoint"",""coordinates"":[]}"
88_00000000000000000014,BA03050040,,,,,,,53.18,53,1383.31224571,TASWIL5000020230907KABKOTA,Sumba Barat Daya,,0.113913848979,1.59805558471,4326,4,,,Sumba Barat Daya,Nusa Tenggara Timur,,0,Sumba Barat,,2021-05,0.30374841065774694,5,0.30374841065774694,VIIRS DNB,nW/cm2/sr,2021,"{""type"":""MultiPoint"",""coordinates"":[]}"
89_00000000000000000000,BA03050040,,,,,,,53.05,53,2928.55881854,TASWIL5000020230907KABKOTA,Alor,,0.24037265184,5.67288749982,4326,4,,,Alor,Nusa Tenggara Timur,,0,,,2021-06,0.200007456281962,6,0.200007456281962,VIIRS DNB,nW/cm2/sr,2021,"{""type"":""MultiPoint"",""coordinates"":[]}"
89_00000000000000000001,BA03050040,,,,,,,53.04,53,1127.25008655,TASWIL5000020230907KABKOTA,Belu,,0.0927289736817,2.29261763369,4326,4,,,Belu,Nusa Tenggara Timur,,0,,,2021-06,0.33879808256133753,6,0.33879808256133753,VIIRS DNB,nW/cm2/sr,2021,"{""type"":""MultiPoint"",""coordinates"":[]}"
89_00000000000000000002,BA03050040,,,,,,,53.06,53,1748.5165523,TASWIL5000020230907KABKOTA,Flores Timur,,0.143538260694,4.68012528849,4326,4,,,Flores Timur,Nusa Tenggara Timur,,0,,,2021-06,0.24529920068511765,6,0.24529920068511765,VIIRS DNB,nW/cm2/sr,2021,"{""type"":""MultiPoint"",""coordinates"":[]}"
89_00000000000000000004,BA03050040,,,,,,,53.01,53,5136.51008742,TASWIL5000020230907KABKOTA,Kupang,,0.423459507198,6.26740520892,4326,4,,,Kupang,Nusa Tenggara Timur,,0,,,2021-06,0.26128861141629434,6,0.26128861141629434,VIIRS DNB,nW/cm2/sr,2021,"{""type"":""MultiPoint"",""coordinates"":[]}"
89_00000000000000000007,BA03050040,,,,,,,53.10,53,1343.83414797,TASWIL5000020230907KABKOTA,Manggarai,,0.11037433796,2.62044875269,4326,4,,,Manggarai,Nusa Tenggara Timur,,0,,,2021-06,0.3125445851123218,6,0.3125445851123218,VIIRS DNB,nW/cm2/sr,2021,"{""type"":""MultiPoint"",""coordinates"":[]}"
89_0000000000000000000b,BA03050040,,,,,,,53.09,53,1735.63521769,TASWIL5000020230907KABKOTA,Ngada,,0.142589549676,2.86650785507,4326,4,,,Ngada,Nusa Tenggara Timur,,0,,,2021-06,0.21365347579666388,6,0.21365347579666388,VIIRS DNB,nW/cm2/sr,2021,"{""type"":""MultiPoint"",""coordinates"":[]}"
89_0000000000000000000e,BA03050040,,,,,,,53.07,53,1671.64902391,TASWIL5000020230907KABKOTA,Sikka,,0.137312979206,3.89925449996,4326,4,,,Sikka,Nusa Tenggara Timur,,0,,,2021-06,0.28555542326752875,6,0.28555542326752875,VIIRS DNB,nW/cm2/sr,2021,"{""type"":""MultiPoint"",""coordinates"":[]}"
89_0000000000000000000f,BA03050040,,,,,,,53.12,53,757.407641007,TASWIL5000020230907KABKOTA,Sumba Barat,,0.0623907023605,2.04212111278,4326,4,,,Sumba Barat,Nusa Tenggara Timur,,0,,,2021-06,0.23927610383933112,6,0.23927610383933112,VIIRS DNB,nW/cm2/sr,2021,"{""type"":""MultiPoint"",""coordinates"":[]}"
89_00000000000000000011,BA03050040,,,,,,,53.11,53,6984.01403441,TASWIL5000020230907KABKOTA,Sumba Timur,,0.575702142252,4.80415749282,4326,4,,,Sumba Timur,Nusa Tenggara Timur,,0,,,2021-06,0.18659294308340674,6,0.18659294308340674,VIIRS DNB,nW/cm2/sr,2021,"{""type"":""MultiPoint"",""coordinates"":[]}"
89_00000000000000000012,BA03050040,,,,,,,53.02,53,3933.15111495,TASWIL5000020230907KABKOTA,Timor Tengah Selatan,,0.324167140101,3.32375028444,4326,4,,,Timor Tengah Selatan,Nusa Tenggara Timur,,0,,,2021-06,0.23340228499261306,6,0.23340228499261306,VIIRS DNB,nW/cm2/sr,2021,"{""type"":""MultiPoint"",""coordinates"":[]}"
89_00000000000000000013,BA03050040,,,,,,,53.03,53,2623.19983128,TASWIL5000020230907KABKOTA,Timor Tengah Utara,,0.215921651765,3.4787254107,4326,4,,,Timor Tengah Utara,Nusa Tenggara Timur,,0,,,2021-06,0.23160215086644095,6,0.23160215086644095,VIIRS DNB,nW/cm2/sr,2021,"{""type"":""MultiPoint"",""coordinates"":[]}"
89_00000000000000000015,BA03050040,,,,,,,53.08,53,2085.24387061,TASWIL5000020230907KABKOTA,Ende,,0.171316232886,2.99297540949,4326,4,,,Ende,Nusa Tenggara Timur,,0,,,2021-06,0.24967649627464628,6,0.24967649627464628,VIIRS DNB,nW/cm2/sr,2021,"{""type"":""MultiPoint"",""coordinates"":[]}"
89_00000000000000000006,BA03050040,,,,,,,53.21,53,1109.16204574,TASWIL5000020230907KABKOTA,Malaka,,0.0913351434015,2.23370514726,4326,4,,,Malaka,Nusa Tenggara Timur,,0,Belu,,2021-06,0.2797441930042654,6,0.2797441930042654,VIIRS DNB,nW/cm2/sr,2021,"{""type"":""MultiPoint"",""coordinates"":[]}"
89_00000000000000000005,BA03050040,,,,,,,53.13,53,1268.10489804,TASWIL5000020230907KABKOTA,Lembata,,0.10410466891,3.45188597769,4326,4,,,Lembata,Nusa Tenggara Timur,,0,Flores Timur,,2021-06,0.2304919992004787,6,0.2304919992004787,VIIRS DNB,nW/cm2/sr,2021,"{""type"":""MultiPoint"",""coordinates"":[]}"
89_00000000000000000003,BA03050040,,,,,,,53.71,53,159.334041006,TASWIL5000020230907KABKOTA,Kota Kupang,,0.0131469663875,0.949087585397,4326,5,,,Kota Kupang,Nusa Tenggara Timur,,0,Kupang,,2021-06,7.715149279329807,6,7.715149279329807,VIIRS DNB,nW/cm2/sr,2021,"{""type"":""MultiPoint"",""coordinates"":[]}"
89_0000000000000000000c,BA03050040,,,,,,,53.14,53,1286.45281117,TASWIL5000020230907KABKOTA,Rote Ndao,,0.106321906477,4.76909476004,4326,4,,,Rote Ndao,Nusa Tenggara Timur,,0,Kupang,,2021-06,0.24564659923245996,6,0.24564659923245996,VIIRS DNB,nW/cm2/sr,2021,"{""type"":""MultiPoint"",""coordinates"":[]}"
89_0000000000000000000d,BA03050040,,,,,,,53.20,53,460.956594118,TASWIL5000020230907KABKOTA,Sabu Raijua,,0.0380736571077,1.23438979443,4326,4,,,Sabu Raijua,Nusa Tenggara Timur,,0,Kupang,,2021-06,0.2966345501962906,6,0.2966345501962906,VIIRS DNB,nW/cm2/sr,2021,"{""type"":""MultiPoint"",""coordinates"":[]}"
89_00000000000000000008,BA03050040,,,,,,,53.15,53,3128.99733567,TASWIL5000020230907KABKOTA,Manggarai Barat,,0.257018604578,10.7211601624,4326,4,,,Manggarai Barat,Nusa Tenggara Timur,,0,Manggarai,,2021-06,0.23630157089597234,6,0.23630157089597234,VIIRS DNB,nW/cm2/sr,2021,"{""type"":""MultiPoint"",""coordinates"":[]}"
89_00000000000000000009,BA03050040,,,,,,,53.19,53,2389.52959786,TASWIL5000020230907KABKOTA,Manggarai Timur,,0.196263276889,2.60910655519,4326,4,,,Manggarai Timur,Nusa Tenggara Timur,,0,Manggarai,,2021-06,0.2115137075336472,6,0.2115137075336472,VIIRS DNB,nW/cm2/sr,2021,"{""type"":""MultiPoint"",""coordinates"":[]}"
89_0000000000000000000a,BA03050040,,,,,,,53.16,53,1396.16423098,TASWIL5000020230907KABKOTA,Nagekeo,,0.114707914625,2.15252417923,4326,4,,,Nagekeo,Nusa Tenggara Timur,,0,Ngada,,2021-06,0.2363685823913116,6,0.2363685823913116,VIIRS DNB,nW/cm2/sr,2021,"{""type"":""MultiPoint"",""coordinates"":[]}"
89_00000000000000000010,BA03050040,,,,,,,53.17,53,1789.65872064,TASWIL5000020230907KABKOTA,Sumba Tengah,,0.147379835649,2.42469258111,4326,4,,,Sumba Tengah,Nusa Tenggara Timur,,0,Sumba Barat,,2021-06,0.17473417570803584,6,0.17473417570803584,VIIRS DNB,nW/cm2/sr,2021,"{""type"":""MultiPoint"",""coordinates"":[]}"
89_00000000000000000014,BA03050040,,,,,,,53.18,53,1383.31224571,TASWIL5000020230907KABKOTA,Sumba Barat Daya,,0.113913848979,1.59805558471,4326,4,,,Sumba Barat Daya,Nusa Tenggara Timur,,0,Sumba Barat,,2021-06,0.23392591282395536,6,0.23392591282395536,VIIRS DNB,nW/cm2/sr,2021,"{""type"":""MultiPoint"",""coordinates"":[]}"
90_00000000000000000000,BA03050040,,,,,,,53.05,53,2928.55881854,TASWIL5000020230907KABKOTA,Alor,,0.24037265184,5.67288749982,4326,4,,,Alor,Nusa Tenggara Timur,,0,,,2021-07,0.2068445480758287,7,0.2068445480758287,VIIRS DNB,nW/cm2/sr,2021,"{""type"":""MultiPoint"",""coordinates"":[]}"
90_00000000000000000001,BA03050040,,,,,,,53.04,53,1127.25008655,TASWIL5000020230907KABKOTA,Belu,,0.0927289736817,2.29261763369,4326,4,,,Belu,Nusa Tenggara Timur,,0,,,2021-07,0.3522167348173183,7,0.3522167348173183,VIIRS DNB,nW/cm2/sr,2021,"{""type"":""MultiPoint"",""coordinates"":[]}"
90_00000000000000000002,BA03050040,,,,,,,53.06,53,1748.5165523,TASWIL5000020230907KABKOTA,Flores Timur,,0.143538260694,4.68012528849,4326,4,,,Flores Timur,Nusa Tenggara Timur,,0,,,2021-07,0.2541570233394923,7,0.2541570233394923,VIIRS DNB,nW/cm2/sr,2021,"{""type"":""MultiPoint"",""coordinates"":[]}"
90_00000000000000000004,BA03050040,,,,,,,53.01,53,5136.51008742,TASWIL5000020230907KABKOTA,Kupang,,0.423459507198,6.26740520892,4326,4,,,Kupang,Nusa Tenggara Timur,,0,,,2021-07,0.27398957626904585,7,0.27398957626904585,VIIRS DNB,nW/cm2/sr,2021,"{""type"":""MultiPoint"",""coordinates"":[]}"
90_00000000000000000007,BA03050040,,,,,,,53.10,53,1343.83414797,TASWIL5000020230907KABKOTA,Manggarai,,0.11037433796,2.62044875269,4326,4,,,Manggarai,Nusa Tenggara Timur,,0,,,2021-07,0.33571959064794826,7,0.33571959064794826,VIIRS DNB,nW/cm2/sr,2021,"{""type"":""MultiPoint"",""coordinates"":[]}"
90_0000000000000000000b,BA03050040,,,,,,,53.09,53,1735.63521769,TASWIL5000020230907KABKOTA,Ngada,,0.142589549676,2.86650785507,4326,4,,,Ngada,Nusa Tenggara Timur,,0,,,2021-07,0.22814347719520764,7,0.22814347719520764,VIIRS DNB,nW/cm2/sr,2021,"{""type"":""MultiPoint"",""coordinates"":[]}"
90_0000000000000000000e,BA03050040,,,,,,,53.07,53,1671.64902391,TASWIL5000020230907KABKOTA,Sikka,,0.137312979206,3.89925449996,4326,4,,,Sikka,Nusa Tenggara Timur,,0,,,2021-07,0.29565371218742403,7,0.29565371218742403,VIIRS DNB,nW/cm2/sr,2021,"{""type"":""MultiPoint"",""coordinates"":[]}"
90_0000000000000000000f,BA03050040,,,,,,,53.12,53,757.407641007,TASWIL5000020230907KABKOTA,Sumba Barat,,0.0623907023605,2.04212111278,4326,4,,,Sumba Barat,Nusa Tenggara Timur,,0,,,2021-07,0.22709160608261536,7,0.22709160608261536,VIIRS DNB,nW/cm2/sr,2021,"{""type"":""MultiPoint"",""coordinates"":[]}"
90_00000000000000000011,BA03050040,,,,,,,53.11,53,6984.01403441,TASWIL5000020230907KABKOTA,Sumba Timur,,0.575702142252,4.80415749282,4326,4,,,Sumba Timur,Nusa Tenggara Timur,,0,,,2021-07,0.1776863336977961,7,0.1776863336977961,VIIRS DNB,nW/cm2/sr,2021,"{""type"":""MultiPoint"",""coordinates"":[]}"
90_00000000000000000012,BA03050040,,,,,,,53.02,53,3933.15111495,TASWIL5000020230907KABKOTA,Timor Tengah Selatan,,0.324167140101,3.32375028444,4326,4,,,Timor Tengah Selatan,Nusa Tenggara Timur,,0,,,2021-07,0.25003631284033234,7,0.25003631284033234,VIIRS DNB,nW/cm2/sr,2021,"{""type"":""MultiPoint"",""coordinates"":[]}"
90_00000000000000000013,BA03050040,,,,,,,53.03,53,2623.19983128,TASWIL5000020230907KABKOTA,Timor Tengah Utara,,0.215921651765,3.4787254107,4326,4,,,Timor Tengah Utara,Nusa Tenggara Timur,,0,,,2021-07,0.24244082253231142,7,0.24244082253231142,VIIRS DNB,nW/cm2/sr,2021,"{""type"":""MultiPoint"",""coordinates"":[]}"
90_00000000000000000015,BA03050040,,,,,,,53.08,53,2085.24387061,TASWIL5000020230907KABKOTA,Ende,,0.171316232886,2.99297540949,4326,4,,,Ende,Nusa Tenggara Timur,,0,,,2021-07,0.27294754561455953,7,0.27294754561455953,VIIRS DNB,nW/cm2/sr,2021,"{""type"":""MultiPoint"",""coordinates"":[]}"
90_00000000000000000006,BA03050040,,,,,,,53.21,53,1109.16204574,TASWIL5000020230907KABKOTA,Malaka,,0.0913351434015,2.23370514726,4326,4,,,Malaka,Nusa Tenggara Timur,,0,Belu,,2021-07,0.29105522851553695,7,0.29105522851553695,VIIRS DNB,nW/cm2/sr,2021,"{""type"":""MultiPoint"",""coordinates"":[]}"
90_00000000000000000005,BA03050040,,,,,,,53.13,53,1268.10489804,TASWIL5000020230907KABKOTA,Lembata,,0.10410466891,3.45188597769,4326,4,,,Lembata,Nusa Tenggara Timur,,0,Flores Timur,,2021-07,0.2580506553849535,7,0.2580506553849535,VIIRS DNB,nW/cm2/sr,2021,"{""type"":""MultiPoint"",""coordinates"":[]}"
90_00000000000000000003,BA03050040,,,,,,,53.71,53,159.334041006,TASWIL5000020230907KABKOTA,Kota Kupang,,0.0131469663875,0.949087585397,4326,5,,,Kota Kupang,Nusa Tenggara Timur,,0,Kupang,,2021-07,7.985369773202432,7,7.985369773202432,VIIRS DNB,nW/cm2/sr,2021,"{""type"":""MultiPoint"",""coordinates"":[]}"
90_0000000000000000000c,BA03050040,,,,,,,53.14,53,1286.45281117,TASWIL5000020230907KABKOTA,Rote Ndao,,0.106321906477,4.76909476004,4326,4,,,Rote Ndao,Nusa Tenggara Timur,,0,Kupang,,2021-07,0.2537846916946306,7,0.2537846916946306,VIIRS DNB,nW/cm2/sr,2021,"{""type"":""MultiPoint"",""coordinates"":[]}"
90_0000000000000000000d,BA03050040,,,,,,,53.20,53,460.956594118,TASWIL5000020230907KABKOTA,Sabu Raijua,,0.0380736571077,1.23438979443,4326,4,,,Sabu Raijua,Nusa Tenggara Timur,,0,Kupang,,2021-07,0.3096410761073619,7,0.3096410761073619,VIIRS DNB,nW/cm2/sr,2021,"{""type"":""MultiPoint"",""coordinates"":[]}"
90_00000000000000000008,BA03050040,,,,,,,53.15,53,3128.99733567,TASWIL5000020230907KABKOTA,Manggarai Barat,,0.257018604578,10.7211601624,4326,4,,,Manggarai Barat,Nusa Tenggara Timur,,0,Manggarai,,2021-07,0.23706374373576625,7,0.23706374373576625,VIIRS DNB,nW/cm2/sr,2021,"{""type"":""MultiPoint"",""coordinates"":[]}"
90_00000000000000000009,BA03050040,,,,,,,53.19,53,2389.52959786,TASWIL5000020230907KABKOTA,Manggarai Timur,,0.196263276889,2.60910655519,4326,4,,,Manggarai Timur,Nusa Tenggara Timur,,0,Manggarai,,2021-07,0.23722573473141947,7,0.23722573473141947,VIIRS DNB,nW/cm2/sr,2021,"{""type"":""MultiPoint"",""coordinates"":[]}"
90_0000000000000000000a,BA03050040,,,,,,,53.16,53,1396.16423098,TASWIL5000020230907KABKOTA,Nagekeo,,0.114707914625,2.15252417923,4326,4,,,Nagekeo,Nusa Tenggara Timur,,0,Ngada,,2021-07,0.2680662882487666,7,0.2680662882487666,VIIRS DNB,nW/cm2/sr,2021,"{""type"":""MultiPoint"",""coordinates"":[]}"
90_00000000000000000010,BA03050040,,,,,,,53.17,53,1789.65872064,TASWIL5000020230907KABKOTA,Sumba Tengah,,0.147379835649,2.42469258111,4326,4,,,Sumba Tengah,Nusa Tenggara Timur,,0,Sumba Barat,,2021-07,0.16454422839911118,7,0.16454422839911118,VIIRS DNB,nW/cm2/sr,2021,"{""type"":""MultiPoint"",""coordinates"":[]}"
90_00000000000000000014,BA03050040,,,,,,,53.18,53,1383.31224571,TASWIL5000020230907KABKOTA,Sumba Barat Daya,,0.113913848979,1.59805558471,4326,4,,,Sumba Barat Daya,Nusa Tenggara Timur,,0,Sumba Barat,,2021-07,0.22654627134176106,7,0.22654627134176106,VIIRS DNB,nW/cm2/sr,2021,"{""type"":""MultiPoint"",""coordinates"":[]}"
91_00000000000000000000,BA03050040,,,,,,,53.05,53,2928.55881854,TASWIL5000020230907KABKOTA,Alor,,0.24037265184,5.67288749982,4326,4,,,Alor,Nusa Tenggara Timur,,0,,,2021-08,0.32453692478761703,8,0.32453692478761703,VIIRS DNB,nW/cm2/sr,2021,"{""type"":""MultiPoint"",""coordinates"":[]}"
91_00000000000000000001,BA03050040,,,,,,,53.04,53,1127.25008655,TASWIL5000020230907KABKOTA,Belu,,0.0927289736817,2.29261763369,4326,4,,,Belu,Nusa Tenggara Timur,,0,,,2021-08,0.4666616132852672,8,0.4666616132852672,VIIRS DNB,nW/cm2/sr,2021,"{""type"":""MultiPoint"",""coordinates"":[]}"
91_00000000000000000002,BA03050040,,,,,,,53.06,53,1748.5165523,TASWIL5000020230907KABKOTA,Flores Timur,,0.143538260694,4.68012528849,4326,4,,,Flores Timur,Nusa Tenggara Timur,,0,,,2021-08,0.43178516560641744,8,0.43178516560641744,VIIRS DNB,nW/cm2/sr,2021,"{""type"":""MultiPoint"",""coordinates"":[]}"
91_00000000000000000004,BA03050040,,,,,,,53.01,53,5136.51008742,TASWIL5000020230907KABKOTA,Kupang,,0.423459507198,6.26740520892,4326,4,,,Kupang,Nusa Tenggara Timur,,0,,,2021-08,0.37218135653232176,8,0.37218135653232176,VIIRS DNB,nW/cm2/sr,2021,"{""type"":""MultiPoint"",""coordinates"":[]}"
91_00000000000000000007,BA03050040,,,,,,,53.10,53,1343.83414797,TASWIL5000020230907KABKOTA,Manggarai,,0.11037433796,2.62044875269,4326,4,,,Manggarai,Nusa Tenggara Timur,,0,,,2021-08,0.3938145942199151,8,0.3938145942199151,VIIRS DNB,nW/cm2/sr,2021,"{""type"":""MultiPoint"",""coordinates"":[]}"
91_0000000000000000000b,BA03050040,,,,,,,53.09,53,1735.63521769,TASWIL5000020230907KABKOTA,Ngada,,0.142589549676,2.86650785507,4326,4,,,Ngada,Nusa Tenggara Timur,,0,,,2021-08,0.2833384775109608,8,0.2833384775109608,VIIRS DNB,nW/cm2/sr,2021,"{""type"":""MultiPoint"",""coordinates"":[]}"
91_0000000000000000000e,BA03050040,,,,,,,53.07,53,1671.64902391,TASWIL5000020230907KABKOTA,Sikka,,0.137312979206,3.89925449996,4326,4,,,Sikka,Nusa Tenggara Timur,,0,,,2021-08,0.3748718417653511,8,0.3748718417653511,VIIRS DNB,nW/cm2/sr,2021,"{""type"":""MultiPoint"",""coordinates"":[]}"
91_0000000000000000000f,BA03050040,,,,,,,53.12,53,757.407641007,TASWIL5000020230907KABKOTA,Sumba Barat,,0.0623907023605,2.04212111278,4326,4,,,Sumba Barat,Nusa Tenggara Timur,,0,,,2021-08,0.33567955289793205,8,0.33567955289793205,VIIRS DNB,nW/cm2/sr,2021,"{""type"":""MultiPoint"",""coordinates"":[]}"
91_00000000000000000011,BA03050040,,,,,,,53.11,53,6984.01403441,TASWIL5000020230907KABKOTA,Sumba Timur,,0.575702142252,4.80415749282,4326,4,,,Sumba Timur,Nusa Tenggara Timur,,0,,,2021-08,0.30331004263794153,8,0.30331004263794153,VIIRS DNB,nW/cm2/sr,2021,"{""type"":""MultiPoint"",""coordinates"":[]}"
91_00000000000000000012,BA03050040,,,,,,,53.02,53,3933.15111495,TASWIL5000020230907KABKOTA,Timor Tengah Selatan,,0.324167140101,3.32375028444,4326,4,,,Timor Tengah Selatan,Nusa Tenggara Timur,,0,,,2021-08,0.3228729203865273,8,0.3228729203865273,VIIRS DNB,nW/cm2/sr,2021,"{""type"":""MultiPoint"",""coordinates"":[]}"
91_00000000000000000013,BA03050040,,,,,,,53.03,53,2623.19983128,TASWIL5000020230907KABKOTA,Timor Tengah Utara,,0.215921651765,3.4787254107,4326,4,,,Timor Tengah Utara,Nusa Tenggara Timur,,0,,,2021-08,0.3295326998212189,8,0.3295326998212189,VIIRS DNB,nW/cm2/sr,2021,"{""type"":""MultiPoint"",""coordinates"":[]}"
91_00000000000000000015,BA03050040,,,,,,,53.08,53,2085.24387061,TASWIL5000020230907KABKOTA,Ende,,0.171316232886,2.99297540949,4326,4,,,Ende,Nusa Tenggara Timur,,0,,,2021-08,0.3459883995452291,8,0.3459883995452291,VIIRS DNB,nW/cm2/sr,2021,"{""type"":""MultiPoint"",""coordinates"":[]}"
91_00000000000000000006,BA03050040,,,,,,,53.21,53,1109.16204574,TASWIL5000020230907KABKOTA,Malaka,,0.0913351434015,2.23370514726,4326,4,,,Malaka,Nusa Tenggara Timur,,0,Belu,,2021-08,0.37472915015005853,8,0.37472915015005853,VIIRS DNB,nW/cm2/sr,2021,"{""type"":""MultiPoint"",""coordinates"":[]}"
91_00000000000000000005,BA03050040,,,,,,,53.13,53,1268.10489804,TASWIL5000020230907KABKOTA,Lembata,,0.10410466891,3.45188597769,4326,4,,,Lembata,Nusa Tenggara Timur,,0,Flores Timur,,2021-08,0.33684426216953545,8,0.33684426216953545,VIIRS DNB,nW/cm2/sr,2021,"{""type"":""MultiPoint"",""coordinates"":[]}"
91_00000000000000000003,BA03050040,,,,,,,53.71,53,159.334041006,TASWIL5000020230907KABKOTA,Kota Kupang,,0.0131469663875,0.949087585397,4326,5,,,Kota Kupang,Nusa Tenggara Timur,,0,Kupang,,2021-08,8.487137693220404,8,8.487137693220404,VIIRS DNB,nW/cm2/sr,2021,"{""type"":""MultiPoint"",""coordinates"":[]}"
91_0000000000000000000c,BA03050040,,,,,,,53.14,53,1286.45281117,TASWIL5000020230907KABKOTA,Rote Ndao,,0.106321906477,4.76909476004,4326,4,,,Rote Ndao,Nusa Tenggara Timur,,0,Kupang,,2021-08,0.3372181037406964,8,0.3372181037406964,VIIRS DNB,nW/cm2/sr,2021,"{""type"":""MultiPoint"",""coordinates"":[]}"
91_0000000000000000000d,BA03050040,,,,,,,53.20,53,460.956594118,TASWIL5000020230907KABKOTA,Sabu Raijua,,0.0380736571077,1.23438979443,4326,4,,,Sabu Raijua,Nusa Tenggara Timur,,0,Kupang,,2021-08,0.41043499034117703,8,0.41043499034117703,VIIRS DNB,nW/cm2/sr,2021,"{""type"":""MultiPoint"",""coordinates"":[]}"
91_00000000000000000008,BA03050040,,,,,,,53.15,53,3128.99733567,TASWIL5000020230907KABKOTA,Manggarai Barat,,0.257018604578,10.7211601624,4326,4,,,Manggarai Barat,Nusa Tenggara Timur,,0,Manggarai,,2021-08,0.32019328742365577,8,0.32019328742365577,VIIRS DNB,nW/cm2/sr,2021,"{""type"":""MultiPoint"",""coordinates"":[]}"
91_00000000000000000009,BA03050040,,,,,,,53.19,53,2389.52959786,TASWIL5000020230907KABKOTA,Manggarai Timur,,0.196263276889,2.60910655519,4326,4,,,Manggarai Timur,Nusa Tenggara Timur,,0,Manggarai,,2021-08,0.2782931898748999,8,0.2782931898748999,VIIRS DNB,nW/cm2/sr,2021,"{""type"":""MultiPoint"",""coordinates"":[]}"
91_0000000000000000000a,BA03050040,,,,,,,53.16,53,1396.16423098,TASWIL5000020230907KABKOTA,Nagekeo,,0.114707914625,2.15252417923,4326,4,,,Nagekeo,Nusa Tenggara Timur,,0,Ngada,,2021-08,0.34896161687107485,8,0.34896161687107485,VIIRS DNB,nW/cm2/sr,2021,"{""type"":""MultiPoint"",""coordinates"":[]}"
91_00000000000000000010,BA03050040,,,,,,,53.17,53,1789.65872064,TASWIL5000020230907KABKOTA,Sumba Tengah,,0.147379835649,2.42469258111,4326,4,,,Sumba Tengah,Nusa Tenggara Timur,,0,Sumba Barat,,2021-08,0.2693283419982774,8,0.2693283419982774,VIIRS DNB,nW/cm2/sr,2021,"{""type"":""MultiPoint"",""coordinates"":[]}"
91_00000000000000000014,BA03050040,,,,,,,53.18,53,1383.31224571,TASWIL5000020230907KABKOTA,Sumba Barat Daya,,0.113913848979,1.59805558471,4326,4,,,Sumba Barat Daya,Nusa Tenggara Timur,,0,Sumba Barat,,2021-08,0.3121664973832554,8,0.3121664973832554,VIIRS DNB,nW/cm2/sr,2021,"{""type"":""MultiPoint"",""coordinates"":[]}"
92_00000000000000000000,BA03050040,,,,,,,53.05,53,2928.55881854,TASWIL5000020230907KABKOTA,Alor,,0.24037265184,5.67288749982,4326,4,,,Alor,Nusa Tenggara Timur,,0,,,2021-09,0.20913917881347308,9,0.20913917881347308,VIIRS DNB,nW/cm2/sr,2021,"{""type"":""MultiPoint"",""coordinates"":[]}"
92_00000000000000000001,BA03050040,,,,,,,53.04,53,1127.25008655,TASWIL5000020230907KABKOTA,Belu,,0.0927289736817,2.29261763369,4326,4,,,Belu,Nusa Tenggara Timur,,0,,,2021-09,0.35605306043123613,9,0.35605306043123613,VIIRS DNB,nW/cm2/sr,2021,"{""type"":""MultiPoint"",""coordinates"":[]}"
92_00000000000000000002,BA03050040,,,,,,,53.06,53,1748.5165523,TASWIL5000020230907KABKOTA,Flores Timur,,0.143538260694,4.68012528849,4326,4,,,Flores Timur,Nusa Tenggara Timur,,0,,,2021-09,0.24269955363997772,9,0.24269955363997772,VIIRS DNB,nW/cm2/sr,2021,"{""type"":""MultiPoint"",""coordinates"":[]}"
92_00000000000000000004,BA03050040,,,,,,,53.01,53,5136.51008742,TASWIL5000020230907KABKOTA,Kupang,,0.423459507198,6.26740520892,4326,4,,,Kupang,Nusa Tenggara Timur,,0,,,2021-09,0.28201058099570486,9,0.28201058099570486,VIIRS DNB,nW/cm2/sr,2021,"{""type"":""MultiPoint"",""coordinates"":[]}"
92_00000000000000000007,BA03050040,,,,,,,53.10,53,1343.83414797,TASWIL5000020230907KABKOTA,Manggarai,,0.11037433796,2.62044875269,4326,4,,,Manggarai,Nusa Tenggara Timur,,0,,,2021-09,0.3008333057454642,9,0.3008333057454642,VIIRS DNB,nW/cm2/sr,2021,"{""type"":""MultiPoint"",""coordinates"":[]}"
92_0000000000000000000b,BA03050040,,,,,,,53.09,53,1735.63521769,TASWIL5000020230907KABKOTA,Ngada,,0.142589549676,2.86650785507,4326,4,,,Ngada,Nusa Tenggara Timur,,0,,,2021-09,0.22605731312059354,9,0.22605731312059354,VIIRS DNB,nW/cm2/sr,2021,"{""type"":""MultiPoint"",""coordinates"":[]}"
92_0000000000000000000e,BA03050040,,,,,,,53.07,53,1671.64902391,TASWIL5000020230907KABKOTA,Sikka,,0.137312979206,3.89925449996,4326,4,,,Sikka,Nusa Tenggara Timur,,0,,,2021-09,0.28479987484682345,9,0.28479987484682345,VIIRS DNB,nW/cm2/sr,2021,"{""type"":""MultiPoint"",""coordinates"":[]}"
92_0000000000000000000f,BA03050040,,,,,,,53.12,53,757.407641007,TASWIL5000020230907KABKOTA,Sumba Barat,,0.0623907023605,2.04212111278,4326,4,,,Sumba Barat,Nusa Tenggara Timur,,0,,,2021-09,0.2511864848461892,9,0.2511864848461892,VIIRS DNB,nW/cm2/sr,2021,"{""type"":""MultiPoint"",""coordinates"":[]}"
92_00000000000000000011,BA03050040,,,,,,,53.11,53,6984.01403441,TASWIL5000020230907KABKOTA,Sumba Timur,,0.575702142252,4.80415749282,4326,4,,,Sumba Timur,Nusa Tenggara Timur,,0,,,2021-09,0.21389590168571018,9,0.21389590168571018,VIIRS DNB,nW/cm2/sr,2021,"{""type"":""MultiPoint"",""coordinates"":[]}"
92_00000000000000000012,BA03050040,,,,,,,53.02,53,3933.15111495,TASWIL5000020230907KABKOTA,Timor Tengah Selatan,,0.324167140101,3.32375028444,4326,4,,,Timor Tengah Selatan,Nusa Tenggara Timur,,0,,,2021-09,0.25618320298129565,9,0.25618320298129565,VIIRS DNB,nW/cm2/sr,2021,"{""type"":""MultiPoint"",""coordinates"":[]}"
92_00000000000000000013,BA03050040,,,,,,,53.03,53,2623.19983128,TASWIL5000020230907KABKOTA,Timor Tengah Utara,,0.215921651765,3.4787254107,4326,4,,,Timor Tengah Utara,Nusa Tenggara Timur,,0,,,2021-09,0.2470881503549477,9,0.2470881503549477,VIIRS DNB,nW/cm2/sr,2021,"{""type"":""MultiPoint"",""coordinates"":[]}"
92_00000000000000000015,BA03050040,,,,,,,53.08,53,2085.24387061,TASWIL5000020230907KABKOTA,Ende,,0.171316232886,2.99297540949,4326,4,,,Ende,Nusa Tenggara Timur,,0,,,2021-09,0.24253093741767898,9,0.24253093741767898,VIIRS DNB,nW/cm2/sr,2021,"{""type"":""MultiPoint"",""coordinates"":[]}"
92_00000000000000000006,BA03050040,,,,,,,53.21,53,1109.16204574,TASWIL5000020230907KABKOTA,Malaka,,0.0913351434015,2.23370514726,4326,4,,,Malaka,Nusa Tenggara Timur,,0,Belu,,2021-09,0.29125175520585095,9,0.29125175520585095,VIIRS DNB,nW/cm2/sr,2021,"{""type"":""MultiPoint"",""coordinates"":[]}"
92_00000000000000000005,BA03050040,,,,,,,53.13,53,1268.10489804,TASWIL5000020230907KABKOTA,Lembata,,0.10410466891,3.45188597769,4326,4,,,Lembata,Nusa Tenggara Timur,,0,Flores Timur,,2021-09,0.2179625335226214,9,0.2179625335226214,VIIRS DNB,nW/cm2/sr,2021,"{""type"":""MultiPoint"",""coordinates"":[]}"
92_00000000000000000003,BA03050040,,,,,,,53.71,53,159.334041006,TASWIL5000020230907KABKOTA,Kota Kupang,,0.0131469663875,0.949087585397,4326,5,,,Kota Kupang,Nusa Tenggara Timur,,0,Kupang,,2021-09,8.166697298466133,9,8.166697298466133,VIIRS DNB,nW/cm2/sr,2021,"{""type"":""MultiPoint"",""coordinates"":[]}"
92_0000000000000000000c,BA03050040,,,,,,,53.14,53,1286.45281117,TASWIL5000020230907KABKOTA,Rote Ndao,,0.106321906477,4.76909476004,4326,4,,,Rote Ndao,Nusa Tenggara Timur,,0,Kupang,,2021-09,0.2657030243256734,9,0.2657030243256734,VIIRS DNB,nW/cm2/sr,2021,"{""type"":""MultiPoint"",""coordinates"":[]}"
92_0000000000000000000d,BA03050040,,,,,,,53.20,53,460.956594118,TASWIL5000020230907KABKOTA,Sabu Raijua,,0.0380736571077,1.23438979443,4326,4,,,Sabu Raijua,Nusa Tenggara Timur,,0,Kupang,,2021-09,0.3277525558263764,9,0.3277525558263764,VIIRS DNB,nW/cm2/sr,2021,"{""type"":""MultiPoint"",""coordinates"":[]}"
92_00000000000000000008,BA03050040,,,,,,,53.15,53,3128.99733567,TASWIL5000020230907KABKOTA,Manggarai Barat,,0.257018604578,10.7211601624,4326,4,,,Manggarai Barat,Nusa Tenggara Timur,,0,Manggarai,,2021-09,0.2365644733965933,9,0.2365644733965933,VIIRS DNB,nW/cm2/sr,2021,"{""type"":""MultiPoint"",""coordinates"":[]}"
92_00000000000000000009,BA03050040,,,,,,,53.19,53,2389.52959786,TASWIL5000020230907KABKOTA,Manggarai Timur,,0.196263276889,2.60910655519,4326,4,,,Manggarai Timur,Nusa Tenggara Timur,,0,Manggarai,,2021-09,0.2037558295158501,9,0.2037558295158501,VIIRS DNB,nW/cm2/sr,2021,"{""type"":""MultiPoint"",""coordinates"":[]}"
92_0000000000000000000a,BA03050040,,,,,,,53.16,53,1396.16423098,TASWIL5000020230907KABKOTA,Nagekeo,,0.114707914625,2.15252417923,4326,4,,,Nagekeo,Nusa Tenggara Timur,,0,Ngada,,2021-09,0.29375757410568937,9,0.29375757410568937,VIIRS DNB,nW/cm2/sr,2021,"{""type"":""MultiPoint"",""coordinates"":[]}"
92_00000000000000000010,BA03050040,,,,,,,53.17,53,1789.65872064,TASWIL5000020230907KABKOTA,Sumba Tengah,,0.147379835649,2.42469258111,4326,4,,,Sumba Tengah,Nusa Tenggara Timur,,0,Sumba Barat,,2021-09,0.19405146383731167,9,0.19405146383731167,VIIRS DNB,nW/cm2/sr,2021,"{""type"":""MultiPoint"",""coordinates"":[]}"
92_00000000000000000014,BA03050040,,,,,,,53.18,53,1383.31224571,TASWIL5000020230907KABKOTA,Sumba Barat Daya,,0.113913848979,1.59805558471,4326,4,,,Sumba Barat Daya,Nusa Tenggara Timur,,0,Sumba Barat,,2021-09,0.25009212697907807,9,0.25009212697907807,VIIRS DNB,nW/cm2/sr,2021,"{""type"":""MultiPoint"",""coordinates"":[]}"
93_00000000000000000000,BA03050040,,,,,,,53.05,53,2928.55881854,TASWIL5000020230907KABKOTA,Alor,,0.24037265184,5.67288749982,4326,4,,,Alor,Nusa Tenggara Timur,,0,,,2021-10,0.33431999409379426,10,0.33431999409379426,VIIRS DNB,nW/cm2/sr,2021,"{""type"":""MultiPoint"",""coordinates"":[]}"
93_00000000000000000001,BA03050040,,,,,,,53.04,53,1127.25008655,TASWIL5000020230907KABKOTA,Belu,,0.0927289736817,2.29261763369,4326,4,,,Belu,Nusa Tenggara Timur,,0,,,2021-10,0.4863857925540225,10,0.4863857925540225,VIIRS DNB,nW/cm2/sr,2021,"{""type"":""MultiPoint"",""coordinates"":[]}"
93_00000000000000000002,BA03050040,,,,,,,53.06,53,1748.5165523,TASWIL5000020230907KABKOTA,Flores Timur,,0.143538260694,4.68012528849,4326,4,,,Flores Timur,Nusa Tenggara Timur,,0,,,2021-10,0.36869654931888846,10,0.36869654931888846,VIIRS DNB,nW/cm2/sr,2021,"{""type"":""MultiPoint"",""coordinates"":[]}"
93_00000000000000000004,BA03050040,,,,,,,53.01,53,5136.51008742,TASWIL5000020230907KABKOTA,Kupang,,0.423459507198,6.26740520892,4326,4,,,Kupang,Nusa Tenggara Timur,,0,,,2021-10,0.43442026398075434,10,0.43442026398075434,VIIRS DNB,nW/cm2/sr,2021,"{""type"":""MultiPoint"",""coordinates"":[]}"
93_00000000000000000007,BA03050040,,,,,,,53.10,53,1343.83414797,TASWIL5000020230907KABKOTA,Manggarai,,0.11037433796,2.62044875269,4326,4,,,Manggarai,Nusa Tenggara Timur,,0,,,2021-10,0.43672649097860705,10,0.43672649097860705,VIIRS DNB,nW/cm2/sr,2021,"{""type"":""MultiPoint"",""coordinates"":[]}"
93_0000000000000000000b,BA03050040,,,,,,,53.09,53,1735.63521769,TASWIL5000020230907KABKOTA,Ngada,,0.142589549676,2.86650785507,4326,4,,,Ngada,Nusa Tenggara Timur,,0,,,2021-10,0.3385709965310564,10,0.3385709965310564,VIIRS DNB,nW/cm2/sr,2021,"{""type"":""MultiPoint"",""coordinates"":[]}"
93_0000000000000000000e,BA03050040,,,,,,,53.07,53,1671.64902391,TASWIL5000020230907KABKOTA,Sikka,,0.137312979206,3.89925449996,4326,4,,,Sikka,Nusa Tenggara Timur,,0,,,2021-10,0.43217437176713747,10,0.43217437176713747,VIIRS DNB,nW/cm2/sr,2021,"{""type"":""MultiPoint"",""coordinates"":[]}"
93_0000000000000000000f,BA03050040,,,,,,,53.12,53,757.407641007,TASWIL5000020230907KABKOTA,Sumba Barat,,0.0623907023605,2.04212111278,4326,4,,,Sumba Barat,Nusa Tenggara Timur,,0,,,2021-10,0.3672029073222761,10,0.3672029073222761,VIIRS DNB,nW/cm2/sr,2021,"{""type"":""MultiPoint"",""coordinates"":[]}"
93_00000000000000000011,BA03050040,,,,,,,53.11,53,6984.01403441,TASWIL5000020230907KABKOTA,Sumba Timur,,0.575702142252,4.80415749282,4326,4,,,Sumba Timur,Nusa Tenggara Timur,,0,,,2021-10,0.34680724271678526,10,0.34680724271678526,VIIRS DNB,nW/cm2/sr,2021,"{""type"":""MultiPoint"",""coordinates"":[]}"
93_00000000000000000012,BA03050040,,,,,,,53.02,53,3933.15111495,TASWIL5000020230907KABKOTA,Timor Tengah Selatan,,0.324167140101,3.32375028444,4326,4,,,Timor Tengah Selatan,Nusa Tenggara Timur,,0,,,2021-10,0.3919878110257858,10,0.3919878110257858,VIIRS DNB,nW/cm2/sr,2021,"{""type"":""MultiPoint"",""coordinates"":[]}"
93_00000000000000000013,BA03050040,,,,,,,53.03,53,2623.19983128,TASWIL5000020230907KABKOTA,Timor Tengah Utara,,0.215921651765,3.4787254107,4326,4,,,Timor Tengah Utara,Nusa Tenggara Timur,,0,,,2021-10,0.3827778190156181,10,0.3827778190156181,VIIRS DNB,nW/cm2/sr,2021,"{""type"":""MultiPoint"",""coordinates"":[]}"
93_00000000000000000015,BA03050040,,,,,,,53.08,53,2085.24387061,TASWIL5000020230907KABKOTA,Ende,,0.171316232886,2.99297540949,4326,4,,,Ende,Nusa Tenggara Timur,,0,,,2021-10,0.3964033409784284,10,0.3964033409784284,VIIRS DNB,nW/cm2/sr,2021,"{""type"":""MultiPoint"",""coordinates"":[]}"
93_00000000000000000006,BA03050040,,,,,,,53.21,53,1109.16204574,TASWIL5000020230907KABKOTA,Malaka,,0.0913351434015,2.23370514726,4326,4,,,Malaka,Nusa Tenggara Timur,,0,Belu,,2021-10,0.4393694623966635,10,0.4393694623966635,VIIRS DNB,nW/cm2/sr,2021,"{""type"":""MultiPoint"",""coordinates"":[]}"
93_00000000000000000005,BA03050040,,,,,,,53.13,53,1268.10489804,TASWIL5000020230907KABKOTA,Lembata,,0.10410466891,3.45188597769,4326,4,,,Lembata,Nusa Tenggara Timur,,0,Flores Timur,,2021-10,0.39936053320618464,10,0.39936053320618464,VIIRS DNB,nW/cm2/sr,2021,"{""type"":""MultiPoint"",""coordinates"":[]}"
93_00000000000000000003,BA03050040,,,,,,,53.71,53,159.334041006,TASWIL5000020230907KABKOTA,Kota Kupang,,0.0131469663875,0.949087585397,4326,5,,,Kota Kupang,Nusa Tenggara Timur,,0,Kupang,,2021-10,8.326513780114293,10,8.326513780114293,VIIRS DNB,nW/cm2/sr,2021,"{""type"":""MultiPoint"",""coordinates"":[]}"
93_0000000000000000000c,BA03050040,,,,,,,53.14,53,1286.45281117,TASWIL5000020230907KABKOTA,Rote Ndao,,0.106321906477,4.76909476004,4326,4,,,Rote Ndao,Nusa Tenggara Timur,,0,Kupang,,2021-10,0.40255372505674025,10,0.40255372505674025,VIIRS DNB,nW/cm2/sr,2021,"{""type"":""MultiPoint"",""coordinates"":[]}"
93_0000000000000000000d,BA03050040,,,,,,,53.20,53,460.956594118,TASWIL5000020230907KABKOTA,Sabu Raijua,,0.0380736571077,1.23438979443,4326,4,,,Sabu Raijua,Nusa Tenggara Timur,,0,Kupang,,2021-10,0.4774009682160994,10,0.4774009682160994,VIIRS DNB,nW/cm2/sr,2021,"{""type"":""MultiPoint"",""coordinates"":[]}"
93_00000000000000000008,BA03050040,,,,,,,53.15,53,3128.99733567,TASWIL5000020230907KABKOTA,Manggarai Barat,,0.257018604578,10.7211601624,4326,4,,,Manggarai Barat,Nusa Tenggara Timur,,0,Manggarai,,2021-10,0.36308135894561877,10,0.36308135894561877,VIIRS DNB,nW/cm2/sr,2021,"{""type"":""MultiPoint"",""coordinates"":[]}"
93_00000000000000000009,BA03050040,,,,,,,53.19,53,2389.52959786,TASWIL5000020230907KABKOTA,Manggarai Timur,,0.196263276889,2.60910655519,4326,4,,,Manggarai Timur,Nusa Tenggara Timur,,0,Manggarai,,2021-10,0.3173993391539848,10,0.3173993391539848,VIIRS DNB,nW/cm2/sr,2021,"{""type"":""MultiPoint"",""coordinates"":[]}"
93_0000000000000000000a,BA03050040,,,,,,,53.16,53,1396.16423098,TASWIL5000020230907KABKOTA,Nagekeo,,0.114707914625,2.15252417923,4326,4,,,Nagekeo,Nusa Tenggara Timur,,0,Ngada,,2021-10,0.41038034463261786,10,0.41038034463261786,VIIRS DNB,nW/cm2/sr,2021,"{""type"":""MultiPoint"",""coordinates"":[]}"
93_00000000000000000010,BA03050040,,,,,,,53.17,53,1789.65872064,TASWIL5000020230907KABKOTA,Sumba Tengah,,0.147379835649,2.42469258111,4326,4,,,Sumba Tengah,Nusa Tenggara Timur,,0,Sumba Barat,,2021-10,0.29809497164139104,10,0.29809497164139104,VIIRS DNB,nW/cm2/sr,2021,"{""type"":""MultiPoint"",""coordinates"":[]}"
93_00000000000000000014,BA03050040,,,,,,,53.18,53,1383.31224571,TASWIL5000020230907KABKOTA,Sumba Barat Daya,,0.113913848979,1.59805558471,4326,4,,,Sumba Barat Daya,Nusa Tenggara Timur,,0,Sumba Barat,,2021-10,0.3637933629565915,10,0.3637933629565915,VIIRS DNB,nW/cm2/sr,2021,"{""type"":""MultiPoint"",""coordinates"":[]}"
94_00000000000000000000,BA03050040,,,,,,,53.05,53,2928.55881854,TASWIL5000020230907KABKOTA,Alor,,0.24037265184,5.67288749982,4326,4,,,Alor,Nusa Tenggara Timur,,0,,,2021-11,0.2819629233735253,11,0.2819629233735253,VIIRS DNB,nW/cm2/sr,2021,"{""type"":""MultiPoint"",""coordinates"":[]}"
94_00000000000000000001,BA03050040,,,,,,,53.04,53,1127.25008655,TASWIL5000020230907KABKOTA,Belu,,0.0927289736817,2.29261763369,4326,4,,,Belu,Nusa Tenggara Timur,,0,,,2021-11,0.44598820469575345,11,0.44598820469575345,VIIRS DNB,nW/cm2/sr,2021,"{""type"":""MultiPoint"",""coordinates"":[]}"
94_00000000000000000002,BA03050040,,,,,,,53.06,53,1748.5165523,TASWIL5000020230907KABKOTA,Flores Timur,,0.143538260694,4.68012528849,4326,4,,,Flores Timur,Nusa Tenggara Timur,,0,,,2021-11,0.2784856121980396,11,0.2784856121980396,VIIRS DNB,nW/cm2/sr,2021,"{""type"":""MultiPoint"",""coordinates"":[]}"
94_00000000000000000004,BA03050040,,,,,,,53.01,53,5136.51008742,TASWIL5000020230907KABKOTA,Kupang,,0.423459507198,6.26740520892,4326,4,,,Kupang,Nusa Tenggara Timur,,0,,,2021-11,0.31650483225858933,11,0.31650483225858933,VIIRS DNB,nW/cm2/sr,2021,"{""type"":""MultiPoint"",""coordinates"":[]}"
94_00000000000000000007,BA03050040,,,,,,,53.10,53,1343.83414797,TASWIL5000020230907KABKOTA,Manggarai,,0.11037433796,2.62044875269,4326,4,,,Manggarai,Nusa Tenggara Timur,,0,,,2021-11,0.44148612788336516,11,0.44148612788336516,VIIRS DNB,nW/cm2/sr,2021,"{""type"":""MultiPoint"",""coordinates"":[]}"
94_0000000000000000000b,BA03050040,,,,,,,53.09,53,1735.63521769,TASWIL5000020230907KABKOTA,Ngada,,0.142589549676,2.86650785507,4326,4,,,Ngada,Nusa Tenggara Timur,,0,,,2021-11,0.27598328727959315,11,0.27598328727959315,VIIRS DNB,nW/cm2/sr,2021,"{""type"":""MultiPoint"",""coordinates"":[]}"
94_0000000000000000000e,BA03050040,,,,,,,53.07,53,1671.64902391,TASWIL5000020230907KABKOTA,Sikka,,0.137312979206,3.89925449996,4326,4,,,Sikka,Nusa Tenggara Timur,,0,,,2021-11,0.3132625018939304,11,0.3132625018939304,VIIRS DNB,nW/cm2/sr,2021,"{""type"":""MultiPoint"",""coordinates"":[]}"
94_0000000000000000000f,BA03050040,,,,,,,53.12,53,757.407641007,TASWIL5000020230907KABKOTA,Sumba Barat,,0.0623907023605,2.04212111278,4326,4,,,Sumba Barat,Nusa Tenggara Timur,,0,,,2021-11,0.28795685954055905,11,0.28795685954055905,VIIRS DNB,nW/cm2/sr,2021,"{""type"":""MultiPoint"",""coordinates"":[]}"
94_00000000000000000011,BA03050040,,,,,,,53.11,53,6984.01403441,TASWIL5000020230907KABKOTA,Sumba Timur,,0.575702142252,4.80415749282,4326,4,,,Sumba Timur,Nusa Tenggara Timur,,0,,,2021-11,0.22331025299856333,11,0.22331025299856333,VIIRS DNB,nW/cm2/sr,2021,"{""type"":""MultiPoint"",""coordinates"":[]}"
94_00000000000000000012,BA03050040,,,,,,,53.02,53,3933.15111495,TASWIL5000020230907KABKOTA,Timor Tengah Selatan,,0.324167140101,3.32375028444,4326,4,,,Timor Tengah Selatan,Nusa Tenggara Timur,,0,,,2021-11,0.2960168908627349,11,0.2960168908627349,VIIRS DNB,nW/cm2/sr,2021,"{""type"":""MultiPoint"",""coordinates"":[]}"
94_00000000000000000013,BA03050040,,,,,,,53.03,53,2623.19983128,TASWIL5000020230907KABKOTA,Timor Tengah Utara,,0.215921651765,3.4787254107,4326,4,,,Timor Tengah Utara,Nusa Tenggara Timur,,0,,,2021-11,0.3541074587357697,11,0.3541074587357697,VIIRS DNB,nW/cm2/sr,2021,"{""type"":""MultiPoint"",""coordinates"":[]}"
94_00000000000000000015,BA03050040,,,,,,,53.08,53,2085.24387061,TASWIL5000020230907KABKOTA,Ende,,0.171316232886,2.99297540949,4326,4,,,Ende,Nusa Tenggara Timur,,0,,,2021-11,0.302022595889218,11,0.302022595889218,VIIRS DNB,nW/cm2/sr,2021,"{""type"":""MultiPoint"",""coordinates"":[]}"
94_00000000000000000006,BA03050040,,,,,,,53.21,53,1109.16204574,TASWIL5000020230907KABKOTA,Malaka,,0.0913351434015,2.23370514726,4326,4,,,Malaka,Nusa Tenggara Timur,,0,Belu,,2021-11,0.40044145298649775,11,0.40044145298649775,VIIRS DNB,nW/cm2/sr,2021,"{""type"":""MultiPoint"",""coordinates"":[]}"
94_00000000000000000005,BA03050040,,,,,,,53.13,53,1268.10489804,TASWIL5000020230907KABKOTA,Lembata,,0.10410466891,3.45188597769,4326,4,,,Lembata,Nusa Tenggara Timur,,0,Flores Timur,,2021-11,0.2538451045949346,11,0.2538451045949346,VIIRS DNB,nW/cm2/sr,2021,"{""type"":""MultiPoint"",""coordinates"":[]}"
94_00000000000000000003,BA03050040,,,,,,,53.71,53,159.334041006,TASWIL5000020230907KABKOTA,Kota Kupang,,0.0131469663875,0.949087585397,4326,5,,,Kota Kupang,Nusa Tenggara Timur,,0,Kupang,,2021-11,7.25731544568581,11,7.25731544568581,VIIRS DNB,nW/cm2/sr,2021,"{""type"":""MultiPoint"",""coordinates"":[]}"
94_0000000000000000000c,BA03050040,,,,,,,53.14,53,1286.45281117,TASWIL5000020230907KABKOTA,Rote Ndao,,0.106321906477,4.76909476004,4326,4,,,Rote Ndao,Nusa Tenggara Timur,,0,Kupang,,2021-11,0.2832680453180979,11,0.2832680453180979,VIIRS DNB,nW/cm2/sr,2021,"{""type"":""MultiPoint"",""coordinates"":[]}"
94_0000000000000000000d,BA03050040,,,,,,,53.20,53,460.956594118,TASWIL5000020230907KABKOTA,Sabu Raijua,,0.0380736571077,1.23438979443,4326,4,,,Sabu Raijua,Nusa Tenggara Timur,,0,Kupang,,2021-11,0.41675392775880354,11,0.41675392775880354,VIIRS DNB,nW/cm2/sr,2021,"{""type"":""MultiPoint"",""coordinates"":[]}"
94_00000000000000000008,BA03050040,,,,,,,53.15,53,3128.99733567,TASWIL5000020230907KABKOTA,Manggarai Barat,,0.257018604578,10.7211601624,4326,4,,,Manggarai Barat,Nusa Tenggara Timur,,0,Manggarai,,2021-11,0.342873695215157,11,0.342873695215157,VIIRS DNB,nW/cm2/sr,2021,"{""type"":""MultiPoint"",""coordinates"":[]}"
94_00000000000000000009,BA03050040,,,,,,,53.19,53,2389.52959786,TASWIL5000020230907KABKOTA,Manggarai Timur,,0.196263276889,2.60910655519,4326,4,,,Manggarai Timur,Nusa Tenggara Timur,,0,Manggarai,,2021-11,0.3177096878995975,11,0.3177096878995975,VIIRS DNB,nW/cm2/sr,2021,"{""type"":""MultiPoint"",""coordinates"":[]}"
94_0000000000000000000a,BA03050040,,,,,,,53.16,53,1396.16423098,TASWIL5000020230907KABKOTA,Nagekeo,,0.114707914625,2.15252417923,4326,4,,,Nagekeo,Nusa Tenggara Timur,,0,Ngada,,2021-11,0.2861513030588954,11,0.2861513030588954,VIIRS DNB,nW/cm2/sr,2021,"{""type"":""MultiPoint"",""coordinates"":[]}"
94_00000000000000000010,BA03050040,,,,,,,53.17,53,1789.65872064,TASWIL5000020230907KABKOTA,Sumba Tengah,,0.147379835649,2.42469258111,4326,4,,,Sumba Tengah,Nusa Tenggara Timur,,0,Sumba Barat,,2021-11,0.24578988836626586,11,0.24578988836626586,VIIRS DNB,nW/cm2/sr,2021,"{""type"":""MultiPoint"",""coordinates"":[]}"
94_00000000000000000014,BA03050040,,,,,,,53.18,53,1383.31224571,TASWIL5000020230907KABKOTA,Sumba Barat Daya,,0.113913848979,1.59805558471,4326,4,,,Sumba Barat Daya,Nusa Tenggara Timur,,0,Sumba Barat,,2021-11,0.26611753227753354,11,0.26611753227753354,VIIRS DNB,nW/cm2/sr,2021,"{""type"":""MultiPoint"",""coordinates"":[]}"
95_00000000000000000000,BA03050040,,,,,,,53.05,53,2928.55881854,TASWIL5000020230907KABKOTA,Alor,,0.24037265184,5.67288749982,4326,4,,,Alor,Nusa Tenggara Timur,,0,,,2021-12,0.08052059452419115,12,0.08052059452419115,VIIRS DNB,nW/cm2/sr,2021,"{""type"":""MultiPoint"",""coordinates"":[]}"
95_00000000000000000001,BA03050040,,,,,,,53.04,53,1127.25008655,TASWIL5000020230907KABKOTA,Belu,,0.0927289736817,2.29261763369,4326,4,,,Belu,Nusa Tenggara Timur,,0,,,2021-12,0.12941182297364645,12,0.12941182297364645,VIIRS DNB,nW/cm2/sr,2021,"{""type"":""MultiPoint"",""coordinates"":[]}"
95_00000000000000000002,BA03050040,,,,,,,53.06,53,1748.5165523,TASWIL5000020230907KABKOTA,Flores Timur,,0.143538260694,4.68012528849,4326,4,,,Flores Timur,Nusa Tenggara Timur,,0,,,2021-12,0.08275179716095105,12,0.08275179716095105,VIIRS DNB,nW/cm2/sr,2021,"{""type"":""MultiPoint"",""coordinates"":[]}"
95_00000000000000000004,BA03050040,,,,,,,53.01,53,5136.51008742,TASWIL5000020230907KABKOTA,Kupang,,0.423459507198,6.26740520892,4326,4,,,Kupang,Nusa Tenggara Timur,,0,,,2021-12,0.31535069561175033,12,0.31535069561175033,VIIRS DNB,nW/cm2/sr,2021,"{""type"":""MultiPoint"",""coordinates"":[]}"
95_00000000000000000007,BA03050040,,,,,,,53.10,53,1343.83414797,TASWIL5000020230907KABKOTA,Manggarai,,0.11037433796,2.62044875269,4326,4,,,Manggarai,Nusa Tenggara Timur,,0,,,2021-12,0.3320198504849817,12,0.3320198504849817,VIIRS DNB,nW/cm2/sr,2021,"{""type"":""MultiPoint"",""coordinates"":[]}"
95_0000000000000000000b,BA03050040,,,,,,,53.09,53,1735.63521769,TASWIL5000020230907KABKOTA,Ngada,,0.142589549676,2.86650785507,4326,4,,,Ngada,Nusa Tenggara Timur,,0,,,2021-12,0.21799157430111554,12,0.21799157430111554,VIIRS DNB,nW/cm2/sr,2021,"{""type"":""MultiPoint"",""coordinates"":[]}"
95_0000000000000000000e,BA03050040,,,,,,,53.07,53,1671.64902391,TASWIL5000020230907KABKOTA,Sikka,,0.137312979206,3.89925449996,4326,4,,,Sikka,Nusa Tenggara Timur,,0,,,2021-12,0.2446350300893195,12,0.2446350300893195,VIIRS DNB,nW/cm2/sr,2021,"{""type"":""MultiPoint"",""coordinates"":[]}"
95_0000000000000000000f,BA03050040,,,,,,,53.12,53,757.407641007,TASWIL5000020230907KABKOTA,Sumba Barat,,0.0623907023605,2.04212111278,4326,4,,,Sumba Barat,Nusa Tenggara Timur,,0,,,2021-12,0.08078959078019239,12,0.08078959078019239,VIIRS DNB,nW/cm2/sr,2021,"{""type"":""MultiPoint"",""coordinates"":[]}"
95_00000000000000000011,BA03050040,,,,,,,53.11,53,6984.01403441,TASWIL5000020230907KABKOTA,Sumba Timur,,0.575702142252,4.80415749282,4326,4,,,Sumba Timur,Nusa Tenggara Timur,,0,,,2021-12,0.3142021668373999,12,0.3142021668373999,VIIRS DNB,nW/cm2/sr,2021,"{""type"":""MultiPoint"",""coordinates"":[]}"
95_00000000000000000012,BA03050040,,,,,,,53.02,53,3933.15111495,TASWIL5000020230907KABKOTA,Timor Tengah Selatan,,0.324167140101,3.32375028444,4326,4,,,Timor Tengah Selatan,Nusa Tenggara Timur,,0,,,2021-12,0.271227047831843,12,0.271227047831843,VIIRS DNB,nW/cm2/sr,2021,"{""type"":""MultiPoint"",""coordinates"":[]}"
95_00000000000000000013,BA03050040,,,,,,,53.03,53,2623.19983128,TASWIL5000020230907KABKOTA,Timor Tengah Utara,,0.215921651765,3.4787254107,4326,4,,,Timor Tengah Utara,Nusa Tenggara Timur,,0,,,2021-12,0.09210797099578301,12,0.09210797099578301,VIIRS DNB,nW/cm2/sr,2021,"{""type"":""MultiPoint"",""coordinates"":[]}"
95_00000000000000000015,BA03050040,,,,,,,53.08,53,2085.24387061,TASWIL5000020230907KABKOTA,Ende,,0.171316232886,2.99297540949,4326,4,,,Ende,Nusa Tenggara Timur,,0,,,2021-12,0.25112384624062206,12,0.25112384624062206,VIIRS DNB,nW/cm2/sr,2021,"{""type"":""MultiPoint"",""coordinates"":[]}"
95_00000000000000000006,BA03050040,,,,,,,53.21,53,1109.16204574,TASWIL5000020230907KABKOTA,Malaka,,0.0913351434015,2.23370514726,4326,4,,,Malaka,Nusa Tenggara Timur,,0,Belu,,2021-12,0.18397968720106658,12,0.18397968720106658,VIIRS DNB,nW/cm2/sr,2021,"{""type"":""MultiPoint"",""coordinates"":[]}"
95_00000000000000000005,BA03050040,,,,,,,53.13,53,1268.10489804,TASWIL5000020230907KABKOTA,Lembata,,0.10410466891,3.45188597769,4326,4,,,Lembata,Nusa Tenggara Timur,,0,Flores Timur,,2021-12,0.025940936659473317,12,0.025940936659473317,VIIRS DNB,nW/cm2/sr,2021,"{""type"":""MultiPoint"",""coordinates"":[]}"
95_00000000000000000003,BA03050040,,,,,,,53.71,53,159.334041006,TASWIL5000020230907KABKOTA,Kota Kupang,,0.0131469663875,0.949087585397,4326,5,,,Kota Kupang,Nusa Tenggara Timur,,0,Kupang,,2021-12,6.450181883476367,12,6.450181883476367,VIIRS DNB,nW/cm2/sr,2021,"{""type"":""MultiPoint"",""coordinates"":[]}"
95_0000000000000000000c,BA03050040,,,,,,,53.14,53,1286.45281117,TASWIL5000020230907KABKOTA,Rote Ndao,,0.106321906477,4.76909476004,4326,4,,,Rote Ndao,Nusa Tenggara Timur,,0,Kupang,,2021-12,0.3247111790759502,12,0.3247111790759502,VIIRS DNB,nW/cm2/sr,2021,"{""type"":""MultiPoint"",""coordinates"":[]}"
95_0000000000000000000d,BA03050040,,,,,,,53.20,53,460.956594118,TASWIL5000020230907KABKOTA,Sabu Raijua,,0.0380736571077,1.23438979443,4326,4,,,Sabu Raijua,Nusa Tenggara Timur,,0,Kupang,,2021-12,0.42561278972807726,12,0.42561278972807726,VIIRS DNB,nW/cm2/sr,2021,"{""type"":""MultiPoint"",""coordinates"":[]}"
95_00000000000000000008,BA03050040,,,,,,,53.15,53,3128.99733567,TASWIL5000020230907KABKOTA,Manggarai Barat,,0.257018604578,10.7211601624,4326,4,,,Manggarai Barat,Nusa Tenggara Timur,,0,Manggarai,,2021-12,0.18247600255605445,12,0.18247600255605445,VIIRS DNB,nW/cm2/sr,2021,"{""type"":""MultiPoint"",""coordinates"":[]}"
95_00000000000000000009,BA03050040,,,,,,,53.19,53,2389.52959786,TASWIL5000020230907KABKOTA,Manggarai Timur,,0.196263276889,2.60910655519,4326,4,,,Manggarai Timur,Nusa Tenggara Timur,,0,Manggarai,,2021-12,0.24178910546850677,12,0.24178910546850677,VIIRS DNB,nW/cm2/sr,2021,"{""type"":""MultiPoint"",""coordinates"":[]}"
95_0000000000000000000a,BA03050040,,,,,,,53.16,53,1396.16423098,TASWIL5000020230907KABKOTA,Nagekeo,,0.114707914625,2.15252417923,4326,4,,,Nagekeo,Nusa Tenggara Timur,,0,Ngada,,2021-12,0.2665586648348144,12,0.2665586648348144,VIIRS DNB,nW/cm2/sr,2021,"{""type"":""MultiPoint"",""coordinates"":[]}"
95_00000000000000000010,BA03050040,,,,,,,53.17,53,1789.65872064,TASWIL5000020230907KABKOTA,Sumba Tengah,,0.147379835649,2.42469258111,4326,4,,,Sumba Tengah,Nusa Tenggara Timur,,0,Sumba Barat,,2021-12,0.2244293399925529,12,0.2244293399925529,VIIRS DNB,nW/cm2/sr,2021,"{""type"":""MultiPoint"",""coordinates"":[]}"
95_00000000000000000014,BA03050040,,,,,,,53.18,53,1383.31224571,TASWIL5000020230907KABKOTA,Sumba Barat Daya,,0.113913848979,1.59805558471,4326,4,,,Sumba Barat Daya,Nusa Tenggara Timur,,0,Sumba Barat,,2021-12,0.00809907501240642,12,0.00809907501240642,VIIRS DNB,nW/cm2/sr,2021,"{""type"":""MultiPoint"",""coordinates"":[]}"
96_00000000000000000000,BA03050040,,,,,,,53.05,53,2928.55881854,TASWIL5000020230907KABKOTA,Alor,,0.24037265184,5.67288749982,4326,4,,,Alor,Nusa Tenggara Timur,,0,,,2022-01,0.10826159494934776,1,0.10826159494934776,VIIRS DNB,nW/cm2/sr,2022,"{""type"":""MultiPoint"",""coordinates"":[]}"
96_00000000000000000001,BA03050040,,,,,,,53.04,53,1127.25008655,TASWIL5000020230907KABKOTA,Belu,,0.0927289736817,2.29261763369,4326,4,,,Belu,Nusa Tenggara Timur,,0,,,2022-01,0.39933667746422796,1,0.39933667746422796,VIIRS DNB,nW/cm2/sr,2022,"{""type"":""MultiPoint"",""coordinates"":[]}"
96_00000000000000000002,BA03050040,,,,,,,53.06,53,1748.5165523,TASWIL5000020230907KABKOTA,Flores Timur,,0.143538260694,4.68012528849,4326,4,,,Flores Timur,Nusa Tenggara Timur,,0,,,2022-01,0.20203773963801433,1,0.20203773963801433,VIIRS DNB,nW/cm2/sr,2022,"{""type"":""MultiPoint"",""coordinates"":[]}"
96_00000000000000000004,BA03050040,,,,,,,53.01,53,5136.51008742,TASWIL5000020230907KABKOTA,Kupang,,0.423459507198,6.26740520892,4326,4,,,Kupang,Nusa Tenggara Timur,,0,,,2022-01,0.3411361929349967,1,0.3411361929349967,VIIRS DNB,nW/cm2/sr,2022,"{""type"":""MultiPoint"",""coordinates"":[]}"
96_00000000000000000007,BA03050040,,,,,,,53.10,53,1343.83414797,TASWIL5000020230907KABKOTA,Manggarai,,0.11037433796,2.62044875269,4326,4,,,Manggarai,Nusa Tenggara Timur,,0,,,2022-01,0.17608390446542252,1,0.17608390446542252,VIIRS DNB,nW/cm2/sr,2022,"{""type"":""MultiPoint"",""coordinates"":[]}"
96_0000000000000000000b,BA03050040,,,,,,,53.09,53,1735.63521769,TASWIL5000020230907KABKOTA,Ngada,,0.142589549676,2.86650785507,4326,4,,,Ngada,Nusa Tenggara Timur,,0,,,2022-01,0.15429536401918062,1,0.15429536401918062,VIIRS DNB,nW/cm2/sr,2022,"{""type"":""MultiPoint"",""coordinates"":[]}"
96_0000000000000000000e,BA03050040,,,,,,,53.07,53,1671.64902391,TASWIL5000020230907KABKOTA,Sikka,,0.137312979206,3.89925449996,4326,4,,,Sikka,Nusa Tenggara Timur,,0,,,2022-01,0.11864142259708285,1,0.11864142259708285,VIIRS DNB,nW/cm2/sr,2022,"{""type"":""MultiPoint"",""coordinates"":[]}"
96_0000000000000000000f,BA03050040,,,,,,,53.12,53,757.407641007,TASWIL5000020230907KABKOTA,Sumba Barat,,0.0623907023605,2.04212111278,4326,4,,,Sumba Barat,Nusa Tenggara Timur,,0,,,2022-01,0.03760968017045879,1,0.03760968017045879,VIIRS DNB,nW/cm2/sr,2022,"{""type"":""MultiPoint"",""coordinates"":[]}"
96_00000000000000000011,BA03050040,,,,,,,53.11,53,6984.01403441,TASWIL5000020230907KABKOTA,Sumba Timur,,0.575702142252,4.80415749282,4326,4,,,Sumba Timur,Nusa Tenggara Timur,,0,,,2022-01,0.16553159663905262,1,0.16553159663905262,VIIRS DNB,nW/cm2/sr,2022,"{""type"":""MultiPoint"",""coordinates"":[]}"
96_00000000000000000012,BA03050040,,,,,,,53.02,53,3933.15111495,TASWIL5000020230907KABKOTA,Timor Tengah Selatan,,0.324167140101,3.32375028444,4326,4,,,Timor Tengah Selatan,Nusa Tenggara Timur,,0,,,2022-01,0.3292870897946811,1,0.3292870897946811,VIIRS DNB,nW/cm2/sr,2022,"{""type"":""MultiPoint"",""coordinates"":[]}"
96_00000000000000000013,BA03050040,,,,,,,53.03,53,2623.19983128,TASWIL5000020230907KABKOTA,Timor Tengah Utara,,0.215921651765,3.4787254107,4326,4,,,Timor Tengah Utara,Nusa Tenggara Timur,,0,,,2022-01,0.3234557130522224,1,0.3234557130522224,VIIRS DNB,nW/cm2/sr,2022,"{""type"":""MultiPoint"",""coordinates"":[]}"
96_00000000000000000015,BA03050040,,,,,,,53.08,53,2085.24387061,TASWIL5000020230907KABKOTA,Ende,,0.171316232886,2.99297540949,4326,4,,,Ende,Nusa Tenggara Timur,,0,,,2022-01,0.07875446493418906,1,0.07875446493418906,VIIRS DNB,nW/cm2/sr,2022,"{""type"":""MultiPoint"",""coordinates"":[]}"
96_00000000000000000006,BA03050040,,,,,,,53.21,53,1109.16204574,TASWIL5000020230907KABKOTA,Malaka,,0.0913351434015,2.23370514726,4326,4,,,Malaka,Nusa Tenggara Timur,,0,Belu,,2022-01,0.3295137078855116,1,0.3295137078855116,VIIRS DNB,nW/cm2/sr,2022,"{""type"":""MultiPoint"",""coordinates"":[]}"
96_00000000000000000005,BA03050040,,,,,,,53.13,53,1268.10489804,TASWIL5000020230907KABKOTA,Lembata,,0.10410466891,3.45188597769,4326,4,,,Lembata,Nusa Tenggara Timur,,0,Flores Timur,,2022-01,0.25967508639854375,1,0.25967508639854375,VIIRS DNB,nW/cm2/sr,2022,"{""type"":""MultiPoint"",""coordinates"":[]}"
96_00000000000000000003,BA03050040,,,,,,,53.71,53,159.334041006,TASWIL5000020230907KABKOTA,Kota Kupang,,0.0131469663875,0.949087585397,4326,5,,,Kota Kupang,Nusa Tenggara Timur,,0,Kupang,,2022-01,4.586181846655527,1,4.586181846655527,VIIRS DNB,nW/cm2/sr,2022,"{""type"":""MultiPoint"",""coordinates"":[]}"
96_0000000000000000000c,BA03050040,,,,,,,53.14,53,1286.45281117,TASWIL5000020230907KABKOTA,Rote Ndao,,0.106321906477,4.76909476004,4326,4,,,Rote Ndao,Nusa Tenggara Timur,,0,Kupang,,2022-01,0.13996608539740235,1,0.13996608539740235,VIIRS DNB,nW/cm2/sr,2022,"{""type"":""MultiPoint"",""coordinates"":[]}"
96_0000000000000000000d,BA03050040,,,,,,,53.20,53,460.956594118,TASWIL5000020230907KABKOTA,Sabu Raijua,,0.0380736571077,1.23438979443,4326,4,,,Sabu Raijua,Nusa Tenggara Timur,,0,Kupang,,2022-01,0.27158575057046214,1,0.27158575057046214,VIIRS DNB,nW/cm2/sr,2022,"{""type"":""MultiPoint"",""coordinates"":[]}"
96_00000000000000000008,BA03050040,,,,,,,53.15,53,3128.99733567,TASWIL5000020230907KABKOTA,Manggarai Barat,,0.257018604578,10.7211601624,4326,4,,,Manggarai Barat,Nusa Tenggara Timur,,0,Manggarai,,2022-01,0.1695823064689383,1,0.1695823064689383,VIIRS DNB,nW/cm2/sr,2022,"{""type"":""MultiPoint"",""coordinates"":[]}"
96_00000000000000000009,BA03050040,,,,,,,53.19,53,2389.52959786,TASWIL5000020230907KABKOTA,Manggarai Timur,,0.196263276889,2.60910655519,4326,4,,,Manggarai Timur,Nusa Tenggara Timur,,0,Manggarai,,2022-01,0.12425533082833899,1,0.12425533082833899,VIIRS DNB,nW/cm2/sr,2022,"{""type"":""MultiPoint"",""coordinates"":[]}"
96_0000000000000000000a,BA03050040,,,,,,,53.16,53,1396.16423098,TASWIL5000020230907KABKOTA,Nagekeo,,0.114707914625,2.15252417923,4326,4,,,Nagekeo,Nusa Tenggara Timur,,0,Ngada,,2022-01,0.11068132532567451,1,0.11068132532567451,VIIRS DNB,nW/cm2/sr,2022,"{""type"":""MultiPoint"",""coordinates"":[]}"
96_00000000000000000010,BA03050040,,,,,,,53.17,53,1789.65872064,TASWIL5000020230907KABKOTA,Sumba Tengah,,0.147379835649,2.42469258111,4326,4,,,Sumba Tengah,Nusa Tenggara Timur,,0,Sumba Barat,,2022-01,0.09138786418054735,1,0.09138786418054735,VIIRS DNB,nW/cm2/sr,2022,"{""type"":""MultiPoint"",""coordinates"":[]}"
96_00000000000000000014,BA03050040,,,,,,,53.18,53,1383.31224571,TASWIL5000020230907KABKOTA,Sumba Barat Daya,,0.113913848979,1.59805558471,4326,4,,,Sumba Barat Daya,Nusa Tenggara Timur,,0,Sumba Barat,,2022-01,0.01349131835049227,1,0.01349131835049227,VIIRS DNB,nW/cm2/sr,2022,"{""type"":""MultiPoint"",""coordinates"":[]}"
97_00000000000000000000,BA03050040,,,,,,,53.05,53,2928.55881854,TASWIL5000020230907KABKOTA,Alor,,0.24037265184,5.67288749982,4326,4,,,Alor,Nusa Tenggara Timur,,0,,,2022-02,0.1967727491197275,2,0.1967727491197275,VIIRS DNB,nW/cm2/sr,2022,"{""type"":""MultiPoint"",""coordinates"":[]}"
97_00000000000000000001,BA03050040,,,,,,,53.04,53,1127.25008655,TASWIL5000020230907KABKOTA,Belu,,0.0927289736817,2.29261763369,4326,4,,,Belu,Nusa Tenggara Timur,,0,,,2022-02,0.3362922764620237,2,0.3362922764620237,VIIRS DNB,nW/cm2/sr,2022,"{""type"":""MultiPoint"",""coordinates"":[]}"
97_00000000000000000002,BA03050040,,,,,,,53.06,53,1748.5165523,TASWIL5000020230907KABKOTA,Flores Timur,,0.143538260694,4.68012528849,4326,4,,,Flores Timur,Nusa Tenggara Timur,,0,,,2022-02,0.2574078442384187,2,0.2574078442384187,VIIRS DNB,nW/cm2/sr,2022,"{""type"":""MultiPoint"",""coordinates"":[]}"
97_00000000000000000004,BA03050040,,,,,,,53.01,53,5136.51008742,TASWIL5000020230907KABKOTA,Kupang,,0.423459507198,6.26740520892,4326,4,,,Kupang,Nusa Tenggara Timur,,0,,,2022-02,0.1980255823408958,2,0.1980255823408958,VIIRS DNB,nW/cm2/sr,2022,"{""type"":""MultiPoint"",""coordinates"":[]}"
97_00000000000000000007,BA03050040,,,,,,,53.10,53,1343.83414797,TASWIL5000020230907KABKOTA,Manggarai,,0.11037433796,2.62044875269,4326,4,,,Manggarai,Nusa Tenggara Timur,,0,,,2022-02,0.3673686170424695,2,0.3673686170424695,VIIRS DNB,nW/cm2/sr,2022,"{""type"":""MultiPoint"",""coordinates"":[]}"
97_0000000000000000000b,BA03050040,,,,,,,53.09,53,1735.63521769,TASWIL5000020230907KABKOTA,Ngada,,0.142589549676,2.86650785507,4326,4,,,Ngada,Nusa Tenggara Timur,,0,,,2022-02,0.27161203204072826,2,0.27161203204072826,VIIRS DNB,nW/cm2/sr,2022,"{""type"":""MultiPoint"",""coordinates"":[]}"
97_0000000000000000000e,BA03050040,,,,,,,53.07,53,1671.64902391,TASWIL5000020230907KABKOTA,Sikka,,0.137312979206,3.89925449996,4326,4,,,Sikka,Nusa Tenggara Timur,,0,,,2022-02,0.3157637971432316,2,0.3157637971432316,VIIRS DNB,nW/cm2/sr,2022,"{""type"":""MultiPoint"",""coordinates"":[]}"
97_0000000000000000000f,BA03050040,,,,,,,53.12,53,757.407641007,TASWIL5000020230907KABKOTA,Sumba Barat,,0.0623907023605,2.04212111278,4326,4,,,Sumba Barat,Nusa Tenggara Timur,,0,,,2022-02,0.5107012826400446,2,0.5107012826400446,VIIRS DNB,nW/cm2/sr,2022,"{""type"":""MultiPoint"",""coordinates"":[]}"
97_00000000000000000011,BA03050040,,,,,,,53.11,53,6984.01403441,TASWIL5000020230907KABKOTA,Sumba Timur,,0.575702142252,4.80415749282,4326,4,,,Sumba Timur,Nusa Tenggara Timur,,0,,,2022-02,0.41781709619238366,2,0.41781709619238366,VIIRS DNB,nW/cm2/sr,2022,"{""type"":""MultiPoint"",""coordinates"":[]}"
97_00000000000000000012,BA03050040,,,,,,,53.02,53,3933.15111495,TASWIL5000020230907KABKOTA,Timor Tengah Selatan,,0.324167140101,3.32375028444,4326,4,,,Timor Tengah Selatan,Nusa Tenggara Timur,,0,,,2022-02,0.26821260994821683,2,0.26821260994821683,VIIRS DNB,nW/cm2/sr,2022,"{""type"":""MultiPoint"",""coordinates"":[]}"
97_00000000000000000013,BA03050040,,,,,,,53.03,53,2623.19983128,TASWIL5000020230907KABKOTA,Timor Tengah Utara,,0.215921651765,3.4787254107,4326,4,,,Timor Tengah Utara,Nusa Tenggara Timur,,0,,,2022-02,0.25367530676737904,2,0.25367530676737904,VIIRS DNB,nW/cm2/sr,2022,"{""type"":""MultiPoint"",""coordinates"":[]}"
97_00000000000000000015,BA03050040,,,,,,,53.08,53,2085.24387061,TASWIL5000020230907KABKOTA,Ende,,0.171316232886,2.99297540949,4326,4,,,Ende,Nusa Tenggara Timur,,0,,,2022-02,0.286202966287863,2,0.286202966287863,VIIRS DNB,nW/cm2/sr,2022,"{""type"":""MultiPoint"",""coordinates"":[]}"
97_00000000000000000006,BA03050040,,,,,,,53.21,53,1109.16204574,TASWIL5000020230907KABKOTA,Malaka,,0.0913351434015,2.23370514726,4326,4,,,Malaka,Nusa Tenggara Timur,,0,Belu,,2022-02,0.3255149621546866,2,0.3255149621546866,VIIRS DNB,nW/cm2/sr,2022,"{""type"":""MultiPoint"",""coordinates"":[]}"
97_00000000000000000005,BA03050040,,,,,,,53.13,53,1268.10489804,TASWIL5000020230907KABKOTA,Lembata,,0.10410466891,3.45188597769,4326,4,,,Lembata,Nusa Tenggara Timur,,0,Flores Timur,,2022-02,0.21162606508949278,2,0.21162606508949278,VIIRS DNB,nW/cm2/sr,2022,"{""type"":""MultiPoint"",""coordinates"":[]}"
97_00000000000000000003,BA03050040,,,,,,,53.71,53,159.334041006,TASWIL5000020230907KABKOTA,Kota Kupang,,0.0131469663875,0.949087585397,4326,5,,,Kota Kupang,Nusa Tenggara Timur,,0,Kupang,,2022-02,3.6154061979559353,2,3.6154061979559353,VIIRS DNB,nW/cm2/sr,2022,"{""type"":""MultiPoint"",""coordinates"":[]}"
97_0000000000000000000c,BA03050040,,,,,,,53.14,53,1286.45281117,TASWIL5000020230907KABKOTA,Rote Ndao,,0.106321906477,4.76909476004,4326,4,,,Rote Ndao,Nusa Tenggara Timur,,0,Kupang,,2022-02,0.35714853221176524,2,0.35714853221176524,VIIRS DNB,nW/cm2/sr,2022,"{""type"":""MultiPoint"",""coordinates"":[]}"
97_0000000000000000000d,BA03050040,,,,,,,53.20,53,460.956594118,TASWIL5000020230907KABKOTA,Sabu Raijua,,0.0380736571077,1.23438979443,4326,4,,,Sabu Raijua,Nusa Tenggara Timur,,0,Kupang,,2022-02,0.23326766537695195,2,0.23326766537695195,VIIRS DNB,nW/cm2/sr,2022,"{""type"":""MultiPoint"",""coordinates"":[]}"
97_00000000000000000008,BA03050040,,,,,,,53.15,53,3128.99733567,TASWIL5000020230907KABKOTA,Manggarai Barat,,0.257018604578,10.7211601624,4326,4,,,Manggarai Barat,Nusa Tenggara Timur,,0,Manggarai,,2022-02,0.3080294682683081,2,0.3080294682683081,VIIRS DNB,nW/cm2/sr,2022,"{""type"":""MultiPoint"",""coordinates"":[]}"
97_00000000000000000009,BA03050040,,,,,,,53.19,53,2389.52959786,TASWIL5000020230907KABKOTA,Manggarai Timur,,0.196263276889,2.60910655519,4326,4,,,Manggarai Timur,Nusa Tenggara Timur,,0,Manggarai,,2022-02,0.2428649690229594,2,0.2428649690229594,VIIRS DNB,nW/cm2/sr,2022,"{""type"":""MultiPoint"",""coordinates"":[]}"
97_0000000000000000000a,BA03050040,,,,,,,53.16,53,1396.16423098,TASWIL5000020230907KABKOTA,Nagekeo,,0.114707914625,2.15252417923,4326,4,,,Nagekeo,Nusa Tenggara Timur,,0,Ngada,,2022-02,0.34609864668477575,2,0.34609864668477575,VIIRS DNB,nW/cm2/sr,2022,"{""type"":""MultiPoint"",""coordinates"":[]}"
97_00000000000000000010,BA03050040,,,,,,,53.17,53,1789.65872064,TASWIL5000020230907KABKOTA,Sumba Tengah,,0.147379835649,2.42469258111,4326,4,,,Sumba Tengah,Nusa Tenggara Timur,,0,Sumba Barat,,2022-02,0.398303858097194,2,0.398303858097194,VIIRS DNB,nW/cm2/sr,2022,"{""type"":""MultiPoint"",""coordinates"":[]}"
97_00000000000000000014,BA03050040,,,,,,,53.18,53,1383.31224571,TASWIL5000020230907KABKOTA,Sumba Barat Daya,,0.113913848979,1.59805558471,4326,4,,,Sumba Barat Daya,Nusa Tenggara Timur,,0,Sumba Barat,,2022-02,0.4031506353989616,2,0.4031506353989616,VIIRS DNB,nW/cm2/sr,2022,"{""type"":""MultiPoint"",""coordinates"":[]}"
98_00000000000000000000,BA03050040,,,,,,,53.05,53,2928.55881854,TASWIL5000020230907KABKOTA,Alor,,0.24037265184,5.67288749982,4326,4,,,Alor,Nusa Tenggara Timur,,0,,,2022-03,0.3387942681427193,3,0.3387942681427193,VIIRS DNB,nW/cm2/sr,2022,"{""type"":""MultiPoint"",""coordinates"":[]}"
98_00000000000000000001,BA03050040,,,,,,,53.04,53,1127.25008655,TASWIL5000020230907KABKOTA,Belu,,0.0927289736817,2.29261763369,4326,4,,,Belu,Nusa Tenggara Timur,,0,,,2022-03,0.43117615847730156,3,0.43117615847730156,VIIRS DNB,nW/cm2/sr,2022,"{""type"":""MultiPoint"",""coordinates"":[]}"
98_00000000000000000002,BA03050040,,,,,,,53.06,53,1748.5165523,TASWIL5000020230907KABKOTA,Flores Timur,,0.143538260694,4.68012528849,4326,4,,,Flores Timur,Nusa Tenggara Timur,,0,,,2022-03,0.41462562811549236,3,0.41462562811549236,VIIRS DNB,nW/cm2/sr,2022,"{""type"":""MultiPoint"",""coordinates"":[]}"
98_00000000000000000004,BA03050040,,,,,,,53.01,53,5136.51008742,TASWIL5000020230907KABKOTA,Kupang,,0.423459507198,6.26740520892,4326,4,,,Kupang,Nusa Tenggara Timur,,0,,,2022-03,0.3809319754029778,3,0.3809319754029778,VIIRS DNB,nW/cm2/sr,2022,"{""type"":""MultiPoint"",""coordinates"":[]}"
98_00000000000000000007,BA03050040,,,,,,,53.10,53,1343.83414797,TASWIL5000020230907KABKOTA,Manggarai,,0.11037433796,2.62044875269,4326,4,,,Manggarai,Nusa Tenggara Timur,,0,,,2022-03,0.5092201923664059,3,0.5092201923664059,VIIRS DNB,nW/cm2/sr,2022,"{""type"":""MultiPoint"",""coordinates"":[]}"
98_0000000000000000000b,BA03050040,,,,,,,53.09,53,1735.63521769,TASWIL5000020230907KABKOTA,Ngada,,0.142589549676,2.86650785507,4326,4,,,Ngada,Nusa Tenggara Timur,,0,,,2022-03,0.3959837862935764,3,0.3959837862935764,VIIRS DNB,nW/cm2/sr,2022,"{""type"":""MultiPoint"",""coordinates"":[]}"
98_0000000000000000000e,BA03050040,,,,,,,53.07,53,1671.64902391,TASWIL5000020230907KABKOTA,Sikka,,0.137312979206,3.89925449996,4326,4,,,Sikka,Nusa Tenggara Timur,,0,,,2022-03,0.431195795210045,3,0.431195795210045,VIIRS DNB,nW/cm2/sr,2022,"{""type"":""MultiPoint"",""coordinates"":[]}"
98_0000000000000000000f,BA03050040,,,,,,,53.12,53,757.407641007,TASWIL5000020230907KABKOTA,Sumba Barat,,0.0623907023605,2.04212111278,4326,4,,,Sumba Barat,Nusa Tenggara Timur,,0,,,2022-03,0.37898479046923517,3,0.37898479046923517,VIIRS DNB,nW/cm2/sr,2022,"{""type"":""MultiPoint"",""coordinates"":[]}"
98_00000000000000000011,BA03050040,,,,,,,53.11,53,6984.01403441,TASWIL5000020230907KABKOTA,Sumba Timur,,0.575702142252,4.80415749282,4326,4,,,Sumba Timur,Nusa Tenggara Timur,,0,,,2022-03,0.3495581309832716,3,0.3495581309832716,VIIRS DNB,nW/cm2/sr,2022,"{""type"":""MultiPoint"",""coordinates"":[]}"
98_00000000000000000012,BA03050040,,,,,,,53.02,53,3933.15111495,TASWIL5000020230907KABKOTA,Timor Tengah Selatan,,0.324167140101,3.32375028444,4326,4,,,Timor Tengah Selatan,Nusa Tenggara Timur,,0,,,2022-03,0.3491909650818143,3,0.3491909650818143,VIIRS DNB,nW/cm2/sr,2022,"{""type"":""MultiPoint"",""coordinates"":[]}"
98_00000000000000000013,BA03050040,,,,,,,53.03,53,2623.19983128,TASWIL5000020230907KABKOTA,Timor Tengah Utara,,0.215921651765,3.4787254107,4326,4,,,Timor Tengah Utara,Nusa Tenggara Timur,,0,,,2022-03,0.3380703520231508,3,0.3380703520231508,VIIRS DNB,nW/cm2/sr,2022,"{""type"":""MultiPoint"",""coordinates"":[]}"
98_00000000000000000015,BA03050040,,,,,,,53.08,53,2085.24387061,TASWIL5000020230907KABKOTA,Ende,,0.171316232886,2.99297540949,4326,4,,,Ende,Nusa Tenggara Timur,,0,,,2022-03,0.4339625336582523,3,0.4339625336582523,VIIRS DNB,nW/cm2/sr,2022,"{""type"":""MultiPoint"",""coordinates"":[]}"
98_00000000000000000006,BA03050040,,,,,,,53.21,53,1109.16204574,TASWIL5000020230907KABKOTA,Malaka,,0.0913351434015,2.23370514726,4326,4,,,Malaka,Nusa Tenggara Timur,,0,Belu,,2022-03,0.42996997429817096,3,0.42996997429817096,VIIRS DNB,nW/cm2/sr,2022,"{""type"":""MultiPoint"",""coordinates"":[]}"
98_00000000000000000005,BA03050040,,,,,,,53.13,53,1268.10489804,TASWIL5000020230907KABKOTA,Lembata,,0.10410466891,3.45188597769,4326,4,,,Lembata,Nusa Tenggara Timur,,0,Flores Timur,,2022-03,0.3818636094063766,3,0.3818636094063766,VIIRS DNB,nW/cm2/sr,2022,"{""type"":""MultiPoint"",""coordinates"":[]}"
98_00000000000000000003,BA03050040,,,,,,,53.71,53,159.334041006,TASWIL5000020230907KABKOTA,Kota Kupang,,0.0131469663875,0.949087585397,4326,5,,,Kota Kupang,Nusa Tenggara Timur,,0,Kupang,,2022-03,6.804519707466319,3,6.804519707466319,VIIRS DNB,nW/cm2/sr,2022,"{""type"":""MultiPoint"",""coordinates"":[]}"
98_0000000000000000000c,BA03050040,,,,,,,53.14,53,1286.45281117,TASWIL5000020230907KABKOTA,Rote Ndao,,0.106321906477,4.76909476004,4326,4,,,Rote Ndao,Nusa Tenggara Timur,,0,Kupang,,2022-03,0.3927497980864955,3,0.3927497980864955,VIIRS DNB,nW/cm2/sr,2022,"{""type"":""MultiPoint"",""coordinates"":[]}"
98_0000000000000000000d,BA03050040,,,,,,,53.20,53,460.956594118,TASWIL5000020230907KABKOTA,Sabu Raijua,,0.0380736571077,1.23438979443,4326,4,,,Sabu Raijua,Nusa Tenggara Timur,,0,Kupang,,2022-03,0.5076511335691659,3,0.5076511335691659,VIIRS DNB,nW/cm2/sr,2022,"{""type"":""MultiPoint"",""coordinates"":[]}"
98_00000000000000000008,BA03050040,,,,,,,53.15,53,3128.99733567,TASWIL5000020230907KABKOTA,Manggarai Barat,,0.257018604578,10.7211601624,4326,4,,,Manggarai Barat,Nusa Tenggara Timur,,0,Manggarai,,2022-03,0.43804269206987834,3,0.43804269206987834,VIIRS DNB,nW/cm2/sr,2022,"{""type"":""MultiPoint"",""coordinates"":[]}"
98_00000000000000000009,BA03050040,,,,,,,53.19,53,2389.52959786,TASWIL5000020230907KABKOTA,Manggarai Timur,,0.196263276889,2.60910655519,4326,4,,,Manggarai Timur,Nusa Tenggara Timur,,0,Manggarai,,2022-03,0.4008233594530203,3,0.4008233594530203,VIIRS DNB,nW/cm2/sr,2022,"{""type"":""MultiPoint"",""coordinates"":[]}"
98_0000000000000000000a,BA03050040,,,,,,,53.16,53,1396.16423098,TASWIL5000020230907KABKOTA,Nagekeo,,0.114707914625,2.15252417923,4326,4,,,Nagekeo,Nusa Tenggara Timur,,0,Ngada,,2022-03,0.44352797426732754,3,0.44352797426732754,VIIRS DNB,nW/cm2/sr,2022,"{""type"":""MultiPoint"",""coordinates"":[]}"
98_00000000000000000010,BA03050040,,,,,,,53.17,53,1789.65872064,TASWIL5000020230907KABKOTA,Sumba Tengah,,0.147379835649,2.42469258111,4326,4,,,Sumba Tengah,Nusa Tenggara Timur,,0,Sumba Barat,,2022-03,0.3112450220393223,3,0.3112450220393223,VIIRS DNB,nW/cm2/sr,2022,"{""type"":""MultiPoint"",""coordinates"":[]}"
98_00000000000000000014,BA03050040,,,,,,,53.18,53,1383.31224571,TASWIL5000020230907KABKOTA,Sumba Barat Daya,,0.113913848979,1.59805558471,4326,4,,,Sumba Barat Daya,Nusa Tenggara Timur,,0,Sumba Barat,,2022-03,0.37334255030031316,3,0.37334255030031316,VIIRS DNB,nW/cm2/sr,2022,"{""type"":""MultiPoint"",""coordinates"":[]}"
99_00000000000000000000,BA03050040,,,,,,,53.05,53,2928.55881854,TASWIL5000020230907KABKOTA,Alor,,0.24037265184,5.67288749982,4326,4,,,Alor,Nusa Tenggara Timur,,0,,,2022-04,0.36851386128234687,4,0.36851386128234687,VIIRS DNB,nW/cm2/sr,2022,"{""type"":""MultiPoint"",""coordinates"":[]}"
99_00000000000000000001,BA03050040,,,,,,,53.04,53,1127.25008655,TASWIL5000020230907KABKOTA,Belu,,0.0927289736817,2.29261763369,4326,4,,,Belu,Nusa Tenggara Timur,,0,,,2022-04,0.4737409402550715,4,0.4737409402550715,VIIRS DNB,nW/cm2/sr,2022,"{""type"":""MultiPoint"",""coordinates"":[]}"
99_00000000000000000002,BA03050040,,,,,,,53.06,53,1748.5165523,TASWIL5000020230907KABKOTA,Flores Timur,,0.143538260694,4.68012528849,4326,4,,,Flores Timur,Nusa Tenggara Timur,,0,,,2022-04,0.4146359813831079,4,0.4146359813831079,VIIRS DNB,nW/cm2/sr,2022,"{""type"":""MultiPoint"",""coordinates"":[]}"
99_00000000000000000004,BA03050040,,,,,,,53.01,53,5136.51008742,TASWIL5000020230907KABKOTA,Kupang,,0.423459507198,6.26740520892,4326,4,,,Kupang,Nusa Tenggara Timur,,0,,,2022-04,0.408358671647328,4,0.408358671647328,VIIRS DNB,nW/cm2/sr,2022,"{""type"":""MultiPoint"",""coordinates"":[]}"
99_00000000000000000007,BA03050040,,,,,,,53.10,53,1343.83414797,TASWIL5000020230907KABKOTA,Manggarai,,0.11037433796,2.62044875269,4326,4,,,Manggarai,Nusa Tenggara Timur,,0,,,2022-04,0.4876921354510128,4,0.4876921354510128,VIIRS DNB,nW/cm2/sr,2022,"{""type"":""MultiPoint"",""coordinates"":[]}"
99_0000000000000000000b,BA03050040,,,,,,,53.09,53,1735.63521769,TASWIL5000020230907KABKOTA,Ngada,,0.142589549676,2.86650785507,4326,4,,,Ngada,Nusa Tenggara Timur,,0,,,2022-04,0.39861391882798974,4,0.39861391882798974,VIIRS DNB,nW/cm2/sr,2022,"{""type"":""MultiPoint"",""coordinates"":[]}"
99_0000000000000000000e,BA03050040,,,,,,,53.07,53,1671.64902391,TASWIL5000020230907KABKOTA,Sikka,,0.137312979206,3.89925449996,4326,4,,,Sikka,Nusa Tenggara Timur,,0,,,2022-04,0.46203337099114433,4,0.46203337099114433,VIIRS DNB,nW/cm2/sr,2022,"{""type"":""MultiPoint"",""coordinates"":[]}"
99_0000000000000000000f,BA03050040,,,,,,,53.12,53,757.407641007,TASWIL5000020230907KABKOTA,Sumba Barat,,0.0623907023605,2.04212111278,4326,4,,,Sumba Barat,Nusa Tenggara Timur,,0,,,2022-04,0.44049163102591316,4,0.44049163102591316,VIIRS DNB,nW/cm2/sr,2022,"{""type"":""MultiPoint"",""coordinates"":[]}"
99_00000000000000000011,BA03050040,,,,,,,53.11,53,6984.01403441,TASWIL5000020230907KABKOTA,Sumba Timur,,0.575702142252,4.80415749282,4326,4,,,Sumba Timur,Nusa Tenggara Timur,,0,,,2022-04,0.3436392968652643,4,0.3436392968652643,VIIRS DNB,nW/cm2/sr,2022,"{""type"":""MultiPoint"",""coordinates"":[]}"
99_00000000000000000012,BA03050040,,,,,,,53.02,53,3933.15111495,TASWIL5000020230907KABKOTA,Timor Tengah Selatan,,0.324167140101,3.32375028444,4326,4,,,Timor Tengah Selatan,Nusa Tenggara Timur,,0,,,2022-04,0.413872140585735,4,0.413872140585735,VIIRS DNB,nW/cm2/sr,2022,"{""type"":""MultiPoint"",""coordinates"":[]}"
99_00000000000000000013,BA03050040,,,,,,,53.03,53,2623.19983128,TASWIL5000020230907KABKOTA,Timor Tengah Utara,,0.215921651765,3.4787254107,4326,4,,,Timor Tengah Utara,Nusa Tenggara Timur,,0,,,2022-04,0.39606258622317697,4,0.39606258622317697,VIIRS DNB,nW/cm2/sr,2022,"{""type"":""MultiPoint"",""coordinates"":[]}"
99_00000000000000000015,BA03050040,,,,,,,53.08,53,2085.24387061,TASWIL5000020230907KABKOTA,Ende,,0.171316232886,2.99297540949,4326,4,,,Ende,Nusa Tenggara Timur,,0,,,2022-04,0.4510896272234137,4,0.4510896272234137,VIIRS DNB,nW/cm2/sr,2022,"{""type"":""MultiPoint"",""coordinates"":[]}"
99_00000000000000000006,BA03050040,,,,,,,53.21,53,1109.16204574,TASWIL5000020230907KABKOTA,Malaka,,0.0913351434015,2.23370514726,4326,4,,,Malaka,Nusa Tenggara Timur,,0,Belu,,2022-04,0.4741155731022194,4,0.4741155731022194,VIIRS DNB,nW/cm2/sr,2022,"{""type"":""MultiPoint"",""coordinates"":[]}"
99_00000000000000000005,BA03050040,,,,,,,53.13,53,1268.10489804,TASWIL5000020230907KABKOTA,Lembata,,0.10410466891,3.45188597769,4326,4,,,Lembata,Nusa Tenggara Timur,,0,Flores Timur,,2022-04,0.4084119306229753,4,0.4084119306229753,VIIRS DNB,nW/cm2/sr,2022,"{""type"":""MultiPoint"",""coordinates"":[]}"
99_00000000000000000003,BA03050040,,,,,,,53.71,53,159.334041006,TASWIL5000020230907KABKOTA,Kota Kupang,,0.0131469663875,0.949087585397,4326,5,,,Kota Kupang,Nusa Tenggara Timur,,0,Kupang,,2022-04,7.071465890905609,4,7.071465890905609,VIIRS DNB,nW/cm2/sr,2022,"{""type"":""MultiPoint"",""coordinates"":[]}"
99_0000000000000000000c,BA03050040,,,,,,,53.14,53,1286.45281117,TASWIL5000020230907KABKOTA,Rote Ndao,,0.106321906477,4.76909476004,4326,4,,,Rote Ndao,Nusa Tenggara Timur,,0,Kupang,,2022-04,0.3947979907129736,4,0.3947979907129736,VIIRS DNB,nW/cm2/sr,2022,"{""type"":""MultiPoint"",""coordinates"":[]}"
99_0000000000000000000d,BA03050040,,,,,,,53.20,53,460.956594118,TASWIL5000020230907KABKOTA,Sabu Raijua,,0.0380736571077,1.23438979443,4326,4,,,Sabu Raijua,Nusa Tenggara Timur,,0,Kupang,,2022-04,0.44207234588132027,4,0.44207234588132027,VIIRS DNB,nW/cm2/sr,2022,"{""type"":""MultiPoint"",""coordinates"":[]}"
99_00000000000000000008,BA03050040,,,,,,,53.15,53,3128.99733567,TASWIL5000020230907KABKOTA,Manggarai Barat,,0.257018604578,10.7211601624,4326,4,,,Manggarai Barat,Nusa Tenggara Timur,,0,Manggarai,,2022-04,0.4208960396912193,4,0.4208960396912193,VIIRS DNB,nW/cm2/sr,2022,"{""type"":""MultiPoint"",""coordinates"":[]}"
99_00000000000000000009,BA03050040,,,,,,,53.19,53,2389.52959786,TASWIL5000020230907KABKOTA,Manggarai Timur,,0.196263276889,2.60910655519,4326,4,,,Manggarai Timur,Nusa Tenggara Timur,,0,Manggarai,,2022-04,0.39656414666295214,4,0.39656414666295214,VIIRS DNB,nW/cm2/sr,2022,"{""type"":""MultiPoint"",""coordinates"":[]}"
99_0000000000000000000a,BA03050040,,,,,,,53.16,53,1396.16423098,TASWIL5000020230907KABKOTA,Nagekeo,,0.114707914625,2.15252417923,4326,4,,,Nagekeo,Nusa Tenggara Timur,,0,Ngada,,2022-04,0.42971948385545133,4,0.42971948385545133,VIIRS DNB,nW/cm2/sr,2022,"{""type"":""MultiPoint"",""coordinates"":[]}"
99_00000000000000000010,BA03050040,,,,,,,53.17,53,1789.65872064,TASWIL5000020230907KABKOTA,Sumba Tengah,,0.147379835649,2.42469258111,4326,4,,,Sumba Tengah,Nusa Tenggara Timur,,0,Sumba Barat,,2022-04,0.3380868610025365,4,0.3380868610025365,VIIRS DNB,nW/cm2/sr,2022,"{""type"":""MultiPoint"",""coordinates"":[]}"
99_00000000000000000014,BA03050040,,,,,,,53.18,53,1383.31224571,TASWIL5000020230907KABKOTA,Sumba Barat Daya,,0.113913848979,1.59805558471,4326,4,,,Sumba Barat Daya,Nusa Tenggara Timur,,0,Sumba Barat,,2022-04,0.4304083458825118,4,0.4304083458825118,VIIRS DNB,nW/cm2/sr,2022,"{""type"":""MultiPoint"",""coordinates"":[]}"
100_00000000000000000000,BA03050040,,,,,,,53.05,53,2928.55881854,TASWIL5000020230907KABKOTA,Alor,,0.24037265184,5.67288749982,4326,4,,,Alor,Nusa Tenggara Timur,,0,,,2022-05,0.26857719205446046,5,0.26857719205446046,VIIRS DNB,nW/cm2/sr,2022,"{""type"":""MultiPoint"",""coordinates"":[]}"
100_00000000000000000001,BA03050040,,,,,,,53.04,53,1127.25008655,TASWIL5000020230907KABKOTA,Belu,,0.0927289736817,2.29261763369,4326,4,,,Belu,Nusa Tenggara Timur,,0,,,2022-05,0.4025596461154348,5,0.4025596461154348,VIIRS DNB,nW/cm2/sr,2022,"{""type"":""MultiPoint"",""coordinates"":[]}"
100_00000000000000000002,BA03050040,,,,,,,53.06,53,1748.5165523,TASWIL5000020230907KABKOTA,Flores Timur,,0.143538260694,4.68012528849,4326,4,,,Flores Timur,Nusa Tenggara Timur,,0,,,2022-05,0.3156864335382688,5,0.3156864335382688,VIIRS DNB,nW/cm2/sr,2022,"{""type"":""MultiPoint"",""coordinates"":[]}"
100_00000000000000000004,BA03050040,,,,,,,53.01,53,5136.51008742,TASWIL5000020230907KABKOTA,Kupang,,0.423459507198,6.26740520892,4326,4,,,Kupang,Nusa Tenggara Timur,,0,,,2022-05,0.34332003826880064,5,0.34332003826880064,VIIRS DNB,nW/cm2/sr,2022,"{""type"":""MultiPoint"",""coordinates"":[]}"
100_00000000000000000007,BA03050040,,,,,,,53.10,53,1343.83414797,TASWIL5000020230907KABKOTA,Manggarai,,0.11037433796,2.62044875269,4326,4,,,Manggarai,Nusa Tenggara Timur,,0,,,2022-05,0.40635245603746173,5,0.40635245603746173,VIIRS DNB,nW/cm2/sr,2022,"{""type"":""MultiPoint"",""coordinates"":[]}"
100_0000000000000000000b,BA03050040,,,,,,,53.09,53,1735.63521769,TASWIL5000020230907KABKOTA,Ngada,,0.142589549676,2.86650785507,4326,4,,,Ngada,Nusa Tenggara Timur,,0,,,2022-05,0.30169205736803406,5,0.30169205736803406,VIIRS DNB,nW/cm2/sr,2022,"{""type"":""MultiPoint"",""coordinates"":[]}"
100_0000000000000000000e,BA03050040,,,,,,,53.07,53,1671.64902391,TASWIL5000020230907KABKOTA,Sikka,,0.137312979206,3.89925449996,4326,4,,,Sikka,Nusa Tenggara Timur,,0,,,2022-05,0.3746992175024362,5,0.3746992175024362,VIIRS DNB,nW/cm2/sr,2022,"{""type"":""MultiPoint"",""coordinates"":[]}"
100_0000000000000000000f,BA03050040,,,,,,,53.12,53,757.407641007,TASWIL5000020230907KABKOTA,Sumba Barat,,0.0623907023605,2.04212111278,4326,4,,,Sumba Barat,Nusa Tenggara Timur,,0,,,2022-05,0.3520560003969541,5,0.3520560003969541,VIIRS DNB,nW/cm2/sr,2022,"{""type"":""MultiPoint"",""coordinates"":[]}"
100_00000000000000000011,BA03050040,,,,,,,53.11,53,6984.01403441,TASWIL5000020230907KABKOTA,Sumba Timur,,0.575702142252,4.80415749282,4326,4,,,Sumba Timur,Nusa Tenggara Timur,,0,,,2022-05,0.28549358099730104,5,0.28549358099730104,VIIRS DNB,nW/cm2/sr,2022,"{""type"":""MultiPoint"",""coordinates"":[]}"
100_00000000000000000012,BA03050040,,,,,,,53.02,53,3933.15111495,TASWIL5000020230907KABKOTA,Timor Tengah Selatan,,0.324167140101,3.32375028444,4326,4,,,Timor Tengah Selatan,Nusa Tenggara Timur,,0,,,2022-05,0.33436555364183207,5,0.33436555364183207,VIIRS DNB,nW/cm2/sr,2022,"{""type"":""MultiPoint"",""coordinates"":[]}"
100_00000000000000000013,BA03050040,,,,,,,53.03,53,2623.19983128,TASWIL5000020230907KABKOTA,Timor Tengah Utara,,0.215921651765,3.4787254107,4326,4,,,Timor Tengah Utara,Nusa Tenggara Timur,,0,,,2022-05,0.31521574272817326,5,0.31521574272817326,VIIRS DNB,nW/cm2/sr,2022,"{""type"":""MultiPoint"",""coordinates"":[]}"
100_00000000000000000015,BA03050040,,,,,,,53.08,53,2085.24387061,TASWIL5000020230907KABKOTA,Ende,,0.171316232886,2.99297540949,4326,4,,,Ende,Nusa Tenggara Timur,,0,,,2022-05,0.335515717472397,5,0.335515717472397,VIIRS DNB,nW/cm2/sr,2022,"{""type"":""MultiPoint"",""coordinates"":[]}"
100_00000000000000000006,BA03050040,,,,,,,53.21,53,1109.16204574,TASWIL5000020230907KABKOTA,Malaka,,0.0913351434015,2.23370514726,4326,4,,,Malaka,Nusa Tenggara Timur,,0,Belu,,2022-05,0.3730626755042657,5,0.3730626755042657,VIIRS DNB,nW/cm2/sr,2022,"{""type"":""MultiPoint"",""coordinates"":[]}"
100_00000000000000000005,BA03050040,,,,,,,53.13,53,1268.10489804,TASWIL5000020230907KABKOTA,Lembata,,0.10410466891,3.45188597769,4326,4,,,Lembata,Nusa Tenggara Timur,,0,Flores Timur,,2022-05,0.31028797420177046,5,0.31028797420177046,VIIRS DNB,nW/cm2/sr,2022,"{""type"":""MultiPoint"",""coordinates"":[]}"
100_00000000000000000003,BA03050040,,,,,,,53.71,53,159.334041006,TASWIL5000020230907KABKOTA,Kota Kupang,,0.0131469663875,0.949087585397,4326,5,,,Kota Kupang,Nusa Tenggara Timur,,0,Kupang,,2022-05,7.634518154543838,5,7.634518154543838,VIIRS DNB,nW/cm2/sr,2022,"{""type"":""MultiPoint"",""coordinates"":[]}"
100_0000000000000000000c,BA03050040,,,,,,,53.14,53,1286.45281117,TASWIL5000020230907KABKOTA,Rote Ndao,,0.106321906477,4.76909476004,4326,4,,,Rote Ndao,Nusa Tenggara Timur,,0,Kupang,,2022-05,0.34632396054628406,5,0.34632396054628406,VIIRS DNB,nW/cm2/sr,2022,"{""type"":""MultiPoint"",""coordinates"":[]}"
100_0000000000000000000d,BA03050040,,,,,,,53.20,53,460.956594118,TASWIL5000020230907KABKOTA,Sabu Raijua,,0.0380736571077,1.23438979443,4326,4,,,Sabu Raijua,Nusa Tenggara Timur,,0,Kupang,,2022-05,0.4069395008188874,5,0.4069395008188874,VIIRS DNB,nW/cm2/sr,2022,"{""type"":""MultiPoint"",""coordinates"":[]}"
100_00000000000000000008,BA03050040,,,,,,,53.15,53,3128.99733567,TASWIL5000020230907KABKOTA,Manggarai Barat,,0.257018604578,10.7211601624,4326,4,,,Manggarai Barat,Nusa Tenggara Timur,,0,Manggarai,,2022-05,0.3348072827572782,5,0.3348072827572782,VIIRS DNB,nW/cm2/sr,2022,"{""type"":""MultiPoint"",""coordinates"":[]}"
100_00000000000000000009,BA03050040,,,,,,,53.19,53,2389.52959786,TASWIL5000020230907KABKOTA,Manggarai Timur,,0.196263276889,2.60910655519,4326,4,,,Manggarai Timur,Nusa Tenggara Timur,,0,Manggarai,,2022-05,0.2958519380315918,5,0.2958519380315918,VIIRS DNB,nW/cm2/sr,2022,"{""type"":""MultiPoint"",""coordinates"":[]}"
100_0000000000000000000a,BA03050040,,,,,,,53.16,53,1396.16423098,TASWIL5000020230907KABKOTA,Nagekeo,,0.114707914625,2.15252417923,4326,4,,,Nagekeo,Nusa Tenggara Timur,,0,Ngada,,2022-05,0.3188885717965764,5,0.3188885717965764,VIIRS DNB,nW/cm2/sr,2022,"{""type"":""MultiPoint"",""coordinates"":[]}"
100_00000000000000000010,BA03050040,,,,,,,53.17,53,1789.65872064,TASWIL5000020230907KABKOTA,Sumba Tengah,,0.147379835649,2.42469258111,4326,4,,,Sumba Tengah,Nusa Tenggara Timur,,0,Sumba Barat,,2022-05,0.2746010713463348,5,0.2746010713463348,VIIRS DNB,nW/cm2/sr,2022,"{""type"":""MultiPoint"",""coordinates"":[]}"
100_00000000000000000014,BA03050040,,,,,,,53.18,53,1383.31224571,TASWIL5000020230907KABKOTA,Sumba Barat Daya,,0.113913848979,1.59805558471,4326,4,,,Sumba Barat Daya,Nusa Tenggara Timur,,0,Sumba Barat,,2022-05,0.3399909710330983,5,0.3399909710330983,VIIRS DNB,nW/cm2/sr,2022,"{""type"":""MultiPoint"",""coordinates"":[]}"
101_00000000000000000000,BA03050040,,,,,,,53.05,53,2928.55881854,TASWIL5000020230907KABKOTA,Alor,,0.24037265184,5.67288749982,4326,4,,,Alor,Nusa Tenggara Timur,,0,,,2022-06,0.24196545469997677,6,0.24196545469997677,VIIRS DNB,nW/cm2/sr,2022,"{""type"":""MultiPoint"",""coordinates"":[]}"
101_00000000000000000001,BA03050040,,,,,,,53.04,53,1127.25008655,TASWIL5000020230907KABKOTA,Belu,,0.0927289736817,2.29261763369,4326,4,,,Belu,Nusa Tenggara Timur,,0,,,2022-06,0.3448999398718406,6,0.3448999398718406,VIIRS DNB,nW/cm2/sr,2022,"{""type"":""MultiPoint"",""coordinates"":[]}"
101_00000000000000000002,BA03050040,,,,,,,53.06,53,1748.5165523,TASWIL5000020230907KABKOTA,Flores Timur,,0.143538260694,4.68012528849,4326,4,,,Flores Timur,Nusa Tenggara Timur,,0,,,2022-06,0.2877072987486983,6,0.2877072987486983,VIIRS DNB,nW/cm2/sr,2022,"{""type"":""MultiPoint"",""coordinates"":[]}"
101_00000000000000000004,BA03050040,,,,,,,53.01,53,5136.51008742,TASWIL5000020230907KABKOTA,Kupang,,0.423459507198,6.26740520892,4326,4,,,Kupang,Nusa Tenggara Timur,,0,,,2022-06,0.2874148252960205,6,0.2874148252960205,VIIRS DNB,nW/cm2/sr,2022,"{""type"":""MultiPoint"",""coordinates"":[]}"
101_00000000000000000007,BA03050040,,,,,,,53.10,53,1343.83414797,TASWIL5000020230907KABKOTA,Manggarai,,0.11037433796,2.62044875269,4326,4,,,Manggarai,Nusa Tenggara Timur,,0,,,2022-06,0.33078250937236797,6,0.33078250937236797,VIIRS DNB,nW/cm2/sr,2022,"{""type"":""MultiPoint"",""coordinates"":[]}"
101_0000000000000000000b,BA03050040,,,,,,,53.09,53,1735.63521769,TASWIL5000020230907KABKOTA,Ngada,,0.142589549676,2.86650785507,4326,4,,,Ngada,Nusa Tenggara Timur,,0,,,2022-06,0.256477928230415,6,0.256477928230415,VIIRS DNB,nW/cm2/sr,2022,"{""type"":""MultiPoint"",""coordinates"":[]}"
101_0000000000000000000e,BA03050040,,,,,,,53.07,53,1671.64902391,TASWIL5000020230907KABKOTA,Sikka,,0.137312979206,3.89925449996,4326,4,,,Sikka,Nusa Tenggara Timur,,0,,,2022-06,0.32523671610544386,6,0.32523671610544386,VIIRS DNB,nW/cm2/sr,2022,"{""type"":""MultiPoint"",""coordinates"":[]}"
101_0000000000000000000f,BA03050040,,,,,,,53.12,53,757.407641007,TASWIL5000020230907KABKOTA,Sumba Barat,,0.0623907023605,2.04212111278,4326,4,,,Sumba Barat,Nusa Tenggara Timur,,0,,,2022-06,0.27621760065645606,6,0.27621760065645606,VIIRS DNB,nW/cm2/sr,2022,"{""type"":""MultiPoint"",""coordinates"":[]}"
101_00000000000000000011,BA03050040,,,,,,,53.11,53,6984.01403441,TASWIL5000020230907KABKOTA,Sumba Timur,,0.575702142252,4.80415749282,4326,4,,,Sumba Timur,Nusa Tenggara Timur,,0,,,2022-06,0.22873086642364357,6,0.22873086642364357,VIIRS DNB,nW/cm2/sr,2022,"{""type"":""MultiPoint"",""coordinates"":[]}"
101_00000000000000000012,BA03050040,,,,,,,53.02,53,3933.15111495,TASWIL5000020230907KABKOTA,Timor Tengah Selatan,,0.324167140101,3.32375028444,4326,4,,,Timor Tengah Selatan,Nusa Tenggara Timur,,0,,,2022-06,0.28492231973350496,6,0.28492231973350496,VIIRS DNB,nW/cm2/sr,2022,"{""type"":""MultiPoint"",""coordinates"":[]}"
101_00000000000000000013,BA03050040,,,,,,,53.03,53,2623.19983128,TASWIL5000020230907KABKOTA,Timor Tengah Utara,,0.215921651765,3.4787254107,4326,4,,,Timor Tengah Utara,Nusa Tenggara Timur,,0,,,2022-06,0.26686077715380135,6,0.26686077715380135,VIIRS DNB,nW/cm2/sr,2022,"{""type"":""MultiPoint"",""coordinates"":[]}"
101_00000000000000000015,BA03050040,,,,,,,53.08,53,2085.24387061,TASWIL5000020230907KABKOTA,Ende,,0.171316232886,2.99297540949,4326,4,,,Ende,Nusa Tenggara Timur,,0,,,2022-06,0.3031428303268353,6,0.3031428303268353,VIIRS DNB,nW/cm2/sr,2022,"{""type"":""MultiPoint"",""coordinates"":[]}"
101_00000000000000000006,BA03050040,,,,,,,53.21,53,1109.16204574,TASWIL5000020230907KABKOTA,Malaka,,0.0913351434015,2.23370514726,4326,4,,,Malaka,Nusa Tenggara Timur,,0,Belu,,2022-06,0.327118552869124,6,0.327118552869124,VIIRS DNB,nW/cm2/sr,2022,"{""type"":""MultiPoint"",""coordinates"":[]}"
101_00000000000000000005,BA03050040,,,,,,,53.13,53,1268.10489804,TASWIL5000020230907KABKOTA,Lembata,,0.10410466891,3.45188597769,4326,4,,,Lembata,Nusa Tenggara Timur,,0,Flores Timur,,2022-06,0.27631135531029993,6,0.27631135531029993,VIIRS DNB,nW/cm2/sr,2022,"{""type"":""MultiPoint"",""coordinates"":[]}"
101_00000000000000000003,BA03050040,,,,,,,53.71,53,159.334041006,TASWIL5000020230907KABKOTA,Kota Kupang,,0.0131469663875,0.949087585397,4326,5,,,Kota Kupang,Nusa Tenggara Timur,,0,Kupang,,2022-06,7.408891993102335,6,7.408891993102335,VIIRS DNB,nW/cm2/sr,2022,"{""type"":""MultiPoint"",""coordinates"":[]}"
101_0000000000000000000c,BA03050040,,,,,,,53.14,53,1286.45281117,TASWIL5000020230907KABKOTA,Rote Ndao,,0.106321906477,4.76909476004,4326,4,,,Rote Ndao,Nusa Tenggara Timur,,0,Kupang,,2022-06,0.2844592537175497,6,0.2844592537175497,VIIRS DNB,nW/cm2/sr,2022,"{""type"":""MultiPoint"",""coordinates"":[]}"
101_0000000000000000000d,BA03050040,,,,,,,53.20,53,460.956594118,TASWIL5000020230907KABKOTA,Sabu Raijua,,0.0380736571077,1.23438979443,4326,4,,,Sabu Raijua,Nusa Tenggara Timur,,0,Kupang,,2022-06,0.3681230772249337,6,0.3681230772249337,VIIRS DNB,nW/cm2/sr,2022,"{""type"":""MultiPoint"",""coordinates"":[]}"
101_00000000000000000008,BA03050040,,,,,,,53.15,53,3128.99733567,TASWIL5000020230907KABKOTA,Manggarai Barat,,0.257018604578,10.7211601624,4326,4,,,Manggarai Barat,Nusa Tenggara Timur,,0,Manggarai,,2022-06,0.26607173951497337,6,0.26607173951497337,VIIRS DNB,nW/cm2/sr,2022,"{""type"":""MultiPoint"",""coordinates"":[]}"
101_00000000000000000009,BA03050040,,,,,,,53.19,53,2389.52959786,TASWIL5000020230907KABKOTA,Manggarai Timur,,0.196263276889,2.60910655519,4326,4,,,Manggarai Timur,Nusa Tenggara Timur,,0,Manggarai,,2022-06,0.2490917612477114,6,0.2490917612477114,VIIRS DNB,nW/cm2/sr,2022,"{""type"":""MultiPoint"",""coordinates"":[]}"
101_0000000000000000000a,BA03050040,,,,,,,53.16,53,1396.16423098,TASWIL5000020230907KABKOTA,Nagekeo,,0.114707914625,2.15252417923,4326,4,,,Nagekeo,Nusa Tenggara Timur,,0,Ngada,,2022-06,0.29130921533955245,6,0.29130921533955245,VIIRS DNB,nW/cm2/sr,2022,"{""type"":""MultiPoint"",""coordinates"":[]}"
101_00000000000000000010,BA03050040,,,,,,,53.17,53,1789.65872064,TASWIL5000020230907KABKOTA,Sumba Tengah,,0.147379835649,2.42469258111,4326,4,,,Sumba Tengah,Nusa Tenggara Timur,,0,Sumba Barat,,2022-06,0.20194110642943172,6,0.20194110642943172,VIIRS DNB,nW/cm2/sr,2022,"{""type"":""MultiPoint"",""coordinates"":[]}"
101_00000000000000000014,BA03050040,,,,,,,53.18,53,1383.31224571,TASWIL5000020230907KABKOTA,Sumba Barat Daya,,0.113913848979,1.59805558471,4326,4,,,Sumba Barat Daya,Nusa Tenggara Timur,,0,Sumba Barat,,2022-06,0.24587357466550813,6,0.24587357466550813,VIIRS DNB,nW/cm2/sr,2022,"{""type"":""MultiPoint"",""coordinates"":[]}"
102_00000000000000000000,BA03050040,,,,,,,53.05,53,2928.55881854,TASWIL5000020230907KABKOTA,Alor,,0.24037265184,5.67288749982,4326,4,,,Alor,Nusa Tenggara Timur,,0,,,2022-07,-0.10285125475701377,7,-0.10285125475701377,VIIRS DNB,nW/cm2/sr,2022,"{""type"":""MultiPoint"",""coordinates"":[]}"
102_00000000000000000001,BA03050040,,,,,,,53.04,53,1127.25008655,TASWIL5000020230907KABKOTA,Belu,,0.0927289736817,2.29261763369,4326,4,,,Belu,Nusa Tenggara Timur,,0,,,2022-07,0.18150233816191438,7,0.18150233816191438,VIIRS DNB,nW/cm2/sr,2022,"{""type"":""MultiPoint"",""coordinates"":[]}"
102_00000000000000000002,BA03050040,,,,,,,53.06,53,1748.5165523,TASWIL5000020230907KABKOTA,Flores Timur,,0.143538260694,4.68012528849,4326,4,,,Flores Timur,Nusa Tenggara Timur,,0,,,2022-07,-0.0015593274682801305,7,-0.0015593274682801305,VIIRS DNB,nW/cm2/sr,2022,"{""type"":""MultiPoint"",""coordinates"":[]}"
102_00000000000000000004,BA03050040,,,,,,,53.01,53,5136.51008742,TASWIL5000020230907KABKOTA,Kupang,,0.423459507198,6.26740520892,4326,4,,,Kupang,Nusa Tenggara Timur,,0,,,2022-07,-0.01908621752441865,7,-0.01908621752441865,VIIRS DNB,nW/cm2/sr,2022,"{""type"":""MultiPoint"",""coordinates"":[]}"
102_00000000000000000007,BA03050040,,,,,,,53.10,53,1343.83414797,TASWIL5000020230907KABKOTA,Manggarai,,0.11037433796,2.62044875269,4326,4,,,Manggarai,Nusa Tenggara Timur,,0,,,2022-07,0.10031528873753963,7,0.10031528873753963,VIIRS DNB,nW/cm2/sr,2022,"{""type"":""MultiPoint"",""coordinates"":[]}"
102_0000000000000000000b,BA03050040,,,,,,,53.09,53,1735.63521769,TASWIL5000020230907KABKOTA,Ngada,,0.142589549676,2.86650785507,4326,4,,,Ngada,Nusa Tenggara Timur,,0,,,2022-07,0.037517264850281264,7,0.037517264850281264,VIIRS DNB,nW/cm2/sr,2022,"{""type"":""MultiPoint"",""coordinates"":[]}"
102_0000000000000000000e,BA03050040,,,,,,,53.07,53,1671.64902391,TASWIL5000020230907KABKOTA,Sikka,,0.137312979206,3.89925449996,4326,4,,,Sikka,Nusa Tenggara Timur,,0,,,2022-07,0.006062064442513472,7,0.006062064442513472,VIIRS DNB,nW/cm2/sr,2022,"{""type"":""MultiPoint"",""coordinates"":[]}"
102_0000000000000000000f,BA03050040,,,,,,,53.12,53,757.407641007,TASWIL5000020230907KABKOTA,Sumba Barat,,0.0623907023605,2.04212111278,4326,4,,,Sumba Barat,Nusa Tenggara Timur,,0,,,2022-07,0.20553061083489138,7,0.20553061083489138,VIIRS DNB,nW/cm2/sr,2022,"{""type"":""MultiPoint"",""coordinates"":[]}"
102_00000000000000000011,BA03050040,,,,,,,53.11,53,6984.01403441,TASWIL5000020230907KABKOTA,Sumba Timur,,0.575702142252,4.80415749282,4326,4,,,Sumba Timur,Nusa Tenggara Timur,,0,,,2022-07,0.16444756919180784,7,0.16444756919180784,VIIRS DNB,nW/cm2/sr,2022,"{""type"":""MultiPoint"",""coordinates"":[]}"
102_00000000000000000012,BA03050040,,,,,,,53.02,53,3933.15111495,TASWIL5000020230907KABKOTA,Timor Tengah Selatan,,0.324167140101,3.32375028444,4326,4,,,Timor Tengah Selatan,Nusa Tenggara Timur,,0,,,2022-07,-0.0060078110729416155,7,-0.0060078110729416155,VIIRS DNB,nW/cm2/sr,2022,"{""type"":""MultiPoint"",""coordinates"":[]}"
102_00000000000000000013,BA03050040,,,,,,,53.03,53,2623.19983128,TASWIL5000020230907KABKOTA,Timor Tengah Utara,,0.215921651765,3.4787254107,4326,4,,,Timor Tengah Utara,Nusa Tenggara Timur,,0,,,2022-07,-0.03766417217773834,7,-0.03766417217773834,VIIRS DNB,nW/cm2/sr,2022,"{""type"":""MultiPoint"",""coordinates"":[]}"
102_00000000000000000015,BA03050040,,,,,,,53.08,53,2085.24387061,TASWIL5000020230907KABKOTA,Ende,,0.171316232886,2.99297540949,4326,4,,,Ende,Nusa Tenggara Timur,,0,,,2022-07,-0.007048316089371351,7,-0.007048316089371351,VIIRS DNB,nW/cm2/sr,2022,"{""type"":""MultiPoint"",""coordinates"":[]}"
102_00000000000000000006,BA03050040,,,,,,,53.21,53,1109.16204574,TASWIL5000020230907KABKOTA,Malaka,,0.0913351434015,2.23370514726,4326,4,,,Malaka,Nusa Tenggara Timur,,0,Belu,,2022-07,0.0752450088339145,7,0.0752450088339145,VIIRS DNB,nW/cm2/sr,2022,"{""type"":""MultiPoint"",""coordinates"":[]}"
102_00000000000000000005,BA03050040,,,,,,,53.13,53,1268.10489804,TASWIL5000020230907KABKOTA,Lembata,,0.10410466891,3.45188597769,4326,4,,,Lembata,Nusa Tenggara Timur,,0,Flores Timur,,2022-07,0.016093900238792085,7,0.016093900238792085,VIIRS DNB,nW/cm2/sr,2022,"{""type"":""MultiPoint"",""coordinates"":[]}"
102_00000000000000000003,BA03050040,,,,,,,53.71,53,159.334041006,TASWIL5000020230907KABKOTA,Kota Kupang,,0.0131469663875,0.949087585397,4326,5,,,Kota Kupang,Nusa Tenggara Timur,,0,Kupang,,2022-07,7.780249622446996,7,7.780249622446996,VIIRS DNB,nW/cm2/sr,2022,"{""type"":""MultiPoint"",""coordinates"":[]}"
102_0000000000000000000c,BA03050040,,,,,,,53.14,53,1286.45281117,TASWIL5000020230907KABKOTA,Rote Ndao,,0.106321906477,4.76909476004,4326,4,,,Rote Ndao,Nusa Tenggara Timur,,0,Kupang,,2022-07,0.14842571146695377,7,0.14842571146695377,VIIRS DNB,nW/cm2/sr,2022,"{""type"":""MultiPoint"",""coordinates"":[]}"
102_0000000000000000000d,BA03050040,,,,,,,53.20,53,460.956594118,TASWIL5000020230907KABKOTA,Sabu Raijua,,0.0380736571077,1.23438979443,4326,4,,,Sabu Raijua,Nusa Tenggara Timur,,0,Kupang,,2022-07,0.17195930659632533,7,0.17195930659632533,VIIRS DNB,nW/cm2/sr,2022,"{""type"":""MultiPoint"",""coordinates"":[]}"
102_00000000000000000008,BA03050040,,,,,,,53.15,53,3128.99733567,TASWIL5000020230907KABKOTA,Manggarai Barat,,0.257018604578,10.7211601624,4326,4,,,Manggarai Barat,Nusa Tenggara Timur,,0,Manggarai,,2022-07,0.041746839474849536,7,0.041746839474849536,VIIRS DNB,nW/cm2/sr,2022,"{""type"":""MultiPoint"",""coordinates"":[]}"
102_00000000000000000009,BA03050040,,,,,,,53.19,53,2389.52959786,TASWIL5000020230907KABKOTA,Manggarai Timur,,0.196263276889,2.60910655519,4326,4,,,Manggarai Timur,Nusa Tenggara Timur,,0,Manggarai,,2022-07,0.020164803413361715,7,0.020164803413361715,VIIRS DNB,nW/cm2/sr,2022,"{""type"":""MultiPoint"",""coordinates"":[]}"
102_0000000000000000000a,BA03050040,,,,,,,53.16,53,1396.16423098,TASWIL5000020230907KABKOTA,Nagekeo,,0.114707914625,2.15252417923,4326,4,,,Nagekeo,Nusa Tenggara Timur,,0,Ngada,,2022-07,-0.01728303792632523,7,-0.01728303792632523,VIIRS DNB,nW/cm2/sr,2022,"{""type"":""MultiPoint"",""coordinates"":[]}"
102_00000000000000000010,BA03050040,,,,,,,53.17,53,1789.65872064,TASWIL5000020230907KABKOTA,Sumba Tengah,,0.147379835649,2.42469258111,4326,4,,,Sumba Tengah,Nusa Tenggara Timur,,0,Sumba Barat,,2022-07,0.14521703997158242,7,0.14521703997158242,VIIRS DNB,nW/cm2/sr,2022,"{""type"":""MultiPoint"",""coordinates"":[]}"
102_00000000000000000014,BA03050040,,,,,,,53.18,53,1383.31224571,TASWIL5000020230907KABKOTA,Sumba Barat Daya,,0.113913848979,1.59805558471,4326,4,,,Sumba Barat Daya,Nusa Tenggara Timur,,0,Sumba Barat,,2022-07,0.188458156227229,7,0.188458156227229,VIIRS DNB,nW/cm2/sr,2022,"{""type"":""MultiPoint"",""coordinates"":[]}"
103_00000000000000000000,BA03050040,,,,,,,53.05,53,2928.55881854,TASWIL5000020230907KABKOTA,Alor,,0.24037265184,5.67288749982,4326,4,,,Alor,Nusa Tenggara Timur,,0,,,2022-08,0.31842064752305466,8,0.31842064752305466,VIIRS DNB,nW/cm2/sr,2022,"{""type"":""MultiPoint"",""coordinates"":[]}"
103_00000000000000000001,BA03050040,,,,,,,53.04,53,1127.25008655,TASWIL5000020230907KABKOTA,Belu,,0.0927289736817,2.29261763369,4326,4,,,Belu,Nusa Tenggara Timur,,0,,,2022-08,0.444991297165722,8,0.444991297165722,VIIRS DNB,nW/cm2/sr,2022,"{""type"":""MultiPoint"",""coordinates"":[]}"
103_00000000000000000002,BA03050040,,,,,,,53.06,53,1748.5165523,TASWIL5000020230907KABKOTA,Flores Timur,,0.143538260694,4.68012528849,4326,4,,,Flores Timur,Nusa Tenggara Timur,,0,,,2022-08,0.3425792942120061,8,0.3425792942120061,VIIRS DNB,nW/cm2/sr,2022,"{""type"":""MultiPoint"",""coordinates"":[]}"
103_00000000000000000004,BA03050040,,,,,,,53.01,53,5136.51008742,TASWIL5000020230907KABKOTA,Kupang,,0.423459507198,6.26740520892,4326,4,,,Kupang,Nusa Tenggara Timur,,0,,,2022-08,0.3325121839031273,8,0.3325121839031273,VIIRS DNB,nW/cm2/sr,2022,"{""type"":""MultiPoint"",""coordinates"":[]}"
103_00000000000000000007,BA03050040,,,,,,,53.10,53,1343.83414797,TASWIL5000020230907KABKOTA,Manggarai,,0.11037433796,2.62044875269,4326,4,,,Manggarai,Nusa Tenggara Timur,,0,,,2022-08,0.39818006655683097,8,0.39818006655683097,VIIRS DNB,nW/cm2/sr,2022,"{""type"":""MultiPoint"",""coordinates"":[]}"
103_0000000000000000000b,BA03050040,,,,,,,53.09,53,1735.63521769,TASWIL5000020230907KABKOTA,Ngada,,0.142589549676,2.86650785507,4326,4,,,Ngada,Nusa Tenggara Timur,,0,,,2022-08,0.3182853918963043,8,0.3182853918963043,VIIRS DNB,nW/cm2/sr,2022,"{""type"":""MultiPoint"",""coordinates"":[]}"
103_0000000000000000000e,BA03050040,,,,,,,53.07,53,1671.64902391,TASWIL5000020230907KABKOTA,Sikka,,0.137312979206,3.89925449996,4326,4,,,Sikka,Nusa Tenggara Timur,,0,,,2022-08,0.4051888770283353,8,0.4051888770283353,VIIRS DNB,nW/cm2/sr,2022,"{""type"":""MultiPoint"",""coordinates"":[]}"
103_0000000000000000000f,BA03050040,,,,,,,53.12,53,757.407641007,TASWIL5000020230907KABKOTA,Sumba Barat,,0.0623907023605,2.04212111278,4326,4,,,Sumba Barat,Nusa Tenggara Timur,,0,,,2022-08,0.33917388366351964,8,0.33917388366351964,VIIRS DNB,nW/cm2/sr,2022,"{""type"":""MultiPoint"",""coordinates"":[]}"
103_00000000000000000011,BA03050040,,,,,,,53.11,53,6984.01403441,TASWIL5000020230907KABKOTA,Sumba Timur,,0.575702142252,4.80415749282,4326,4,,,Sumba Timur,Nusa Tenggara Timur,,0,,,2022-08,0.2758276837168314,8,0.2758276837168314,VIIRS DNB,nW/cm2/sr,2022,"{""type"":""MultiPoint"",""coordinates"":[]}"
103_00000000000000000012,BA03050040,,,,,,,53.02,53,3933.15111495,TASWIL5000020230907KABKOTA,Timor Tengah Selatan,,0.324167140101,3.32375028444,4326,4,,,Timor Tengah Selatan,Nusa Tenggara Timur,,0,,,2022-08,0.32682806139672504,8,0.32682806139672504,VIIRS DNB,nW/cm2/sr,2022,"{""type"":""MultiPoint"",""coordinates"":[]}"
103_00000000000000000013,BA03050040,,,,,,,53.03,53,2623.19983128,TASWIL5000020230907KABKOTA,Timor Tengah Utara,,0.215921651765,3.4787254107,4326,4,,,Timor Tengah Utara,Nusa Tenggara Timur,,0,,,2022-08,0.33639322392495447,8,0.33639322392495447,VIIRS DNB,nW/cm2/sr,2022,"{""type"":""MultiPoint"",""coordinates"":[]}"
103_00000000000000000015,BA03050040,,,,,,,53.08,53,2085.24387061,TASWIL5000020230907KABKOTA,Ende,,0.171316232886,2.99297540949,4326,4,,,Ende,Nusa Tenggara Timur,,0,,,2022-08,0.3624237271152624,8,0.3624237271152624,VIIRS DNB,nW/cm2/sr,2022,"{""type"":""MultiPoint"",""coordinates"":[]}"
103_00000000000000000006,BA03050040,,,,,,,53.21,53,1109.16204574,TASWIL5000020230907KABKOTA,Malaka,,0.0913351434015,2.23370514726,4326,4,,,Malaka,Nusa Tenggara Timur,,0,Belu,,2022-08,0.3854898835310078,8,0.3854898835310078,VIIRS DNB,nW/cm2/sr,2022,"{""type"":""MultiPoint"",""coordinates"":[]}"
103_00000000000000000005,BA03050040,,,,,,,53.13,53,1268.10489804,TASWIL5000020230907KABKOTA,Lembata,,0.10410466891,3.45188597769,4326,4,,,Lembata,Nusa Tenggara Timur,,0,Flores Timur,,2022-08,0.37021319137402076,8,0.37021319137402076,VIIRS DNB,nW/cm2/sr,2022,"{""type"":""MultiPoint"",""coordinates"":[]}"
103_00000000000000000003,BA03050040,,,,,,,53.71,53,159.334041006,TASWIL5000020230907KABKOTA,Kota Kupang,,0.0131469663875,0.949087585397,4326,5,,,Kota Kupang,Nusa Tenggara Timur,,0,Kupang,,2022-08,7.936314922361991,8,7.936314922361991,VIIRS DNB,nW/cm2/sr,2022,"{""type"":""MultiPoint"",""coordinates"":[]}"
103_0000000000000000000c,BA03050040,,,,,,,53.14,53,1286.45281117,TASWIL5000020230907KABKOTA,Rote Ndao,,0.106321906477,4.76909476004,4326,4,,,Rote Ndao,Nusa Tenggara Timur,,0,Kupang,,2022-08,0.30291727884445624,8,0.30291727884445624,VIIRS DNB,nW/cm2/sr,2022,"{""type"":""MultiPoint"",""coordinates"":[]}"
103_0000000000000000000d,BA03050040,,,,,,,53.20,53,460.956594118,TASWIL5000020230907KABKOTA,Sabu Raijua,,0.0380736571077,1.23438979443,4326,4,,,Sabu Raijua,Nusa Tenggara Timur,,0,Kupang,,2022-08,0.4043146971699885,8,0.4043146971699885,VIIRS DNB,nW/cm2/sr,2022,"{""type"":""MultiPoint"",""coordinates"":[]}"
103_00000000000000000008,BA03050040,,,,,,,53.15,53,3128.99733567,TASWIL5000020230907KABKOTA,Manggarai Barat,,0.257018604578,10.7211601624,4326,4,,,Manggarai Barat,Nusa Tenggara Timur,,0,Manggarai,,2022-08,0.32499019651996197,8,0.32499019651996197,VIIRS DNB,nW/cm2/sr,2022,"{""type"":""MultiPoint"",""coordinates"":[]}"
103_00000000000000000009,BA03050040,,,,,,,53.19,53,2389.52959786,TASWIL5000020230907KABKOTA,Manggarai Timur,,0.196263276889,2.60910655519,4326,4,,,Manggarai Timur,Nusa Tenggara Timur,,0,Manggarai,,2022-08,0.30898450509841896,8,0.30898450509841896,VIIRS DNB,nW/cm2/sr,2022,"{""type"":""MultiPoint"",""coordinates"":[]}"
103_0000000000000000000a,BA03050040,,,,,,,53.16,53,1396.16423098,TASWIL5000020230907KABKOTA,Nagekeo,,0.114707914625,2.15252417923,4326,4,,,Nagekeo,Nusa Tenggara Timur,,0,Ngada,,2022-08,0.33747651388082434,8,0.33747651388082434,VIIRS DNB,nW/cm2/sr,2022,"{""type"":""MultiPoint"",""coordinates"":[]}"
103_00000000000000000010,BA03050040,,,,,,,53.17,53,1789.65872064,TASWIL5000020230907KABKOTA,Sumba Tengah,,0.147379835649,2.42469258111,4326,4,,,Sumba Tengah,Nusa Tenggara Timur,,0,Sumba Barat,,2022-08,0.26367628700918133,8,0.26367628700918133,VIIRS DNB,nW/cm2/sr,2022,"{""type"":""MultiPoint"",""coordinates"":[]}"
103_00000000000000000014,BA03050040,,,,,,,53.18,53,1383.31224571,TASWIL5000020230907KABKOTA,Sumba Barat Daya,,0.113913848979,1.59805558471,4326,4,,,Sumba Barat Daya,Nusa Tenggara Timur,,0,Sumba Barat,,2022-08,0.32062226453666565,8,0.32062226453666565,VIIRS DNB,nW/cm2/sr,2022,"{""type"":""MultiPoint"",""coordinates"":[]}"
104_00000000000000000000,BA03050040,,,,,,,53.05,53,2928.55881854,TASWIL5000020230907KABKOTA,Alor,,0.24037265184,5.67288749982,4326,4,,,Alor,Nusa Tenggara Timur,,0,,,2022-09,0.33223736953946265,9,0.33223736953946265,VIIRS DNB,nW/cm2/sr,2022,"{""type"":""MultiPoint"",""coordinates"":[]}"
104_00000000000000000001,BA03050040,,,,,,,53.04,53,1127.25008655,TASWIL5000020230907KABKOTA,Belu,,0.0927289736817,2.29261763369,4326,4,,,Belu,Nusa Tenggara Timur,,0,,,2022-09,0.5054140468939798,9,0.5054140468939798,VIIRS DNB,nW/cm2/sr,2022,"{""type"":""MultiPoint"",""coordinates"":[]}"
104_00000000000000000002,BA03050040,,,,,,,53.06,53,1748.5165523,TASWIL5000020230907KABKOTA,Flores Timur,,0.143538260694,4.68012528849,4326,4,,,Flores Timur,Nusa Tenggara Timur,,0,,,2022-09,0.38173570065565027,9,0.38173570065565027,VIIRS DNB,nW/cm2/sr,2022,"{""type"":""MultiPoint"",""coordinates"":[]}"
104_00000000000000000004,BA03050040,,,,,,,53.01,53,5136.51008742,TASWIL5000020230907KABKOTA,Kupang,,0.423459507198,6.26740520892,4326,4,,,Kupang,Nusa Tenggara Timur,,0,,,2022-09,0.42144177398553756,9,0.42144177398553756,VIIRS DNB,nW/cm2/sr,2022,"{""type"":""MultiPoint"",""coordinates"":[]}"
104_00000000000000000007,BA03050040,,,,,,,53.10,53,1343.83414797,TASWIL5000020230907KABKOTA,Manggarai,,0.11037433796,2.62044875269,4326,4,,,Manggarai,Nusa Tenggara Timur,,0,,,2022-09,0.4698318538481353,9,0.4698318538481353,VIIRS DNB,nW/cm2/sr,2022,"{""type"":""MultiPoint"",""coordinates"":[]}"
104_0000000000000000000b,BA03050040,,,,,,,53.09,53,1735.63521769,TASWIL5000020230907KABKOTA,Ngada,,0.142589549676,2.86650785507,4326,4,,,Ngada,Nusa Tenggara Timur,,0,,,2022-09,0.36651029209708025,9,0.36651029209708025,VIIRS DNB,nW/cm2/sr,2022,"{""type"":""MultiPoint"",""coordinates"":[]}"
104_0000000000000000000e,BA03050040,,,,,,,53.07,53,1671.64902391,TASWIL5000020230907KABKOTA,Sikka,,0.137312979206,3.89925449996,4326,4,,,Sikka,Nusa Tenggara Timur,,0,,,2022-09,0.4579325846161753,9,0.4579325846161753,VIIRS DNB,nW/cm2/sr,2022,"{""type"":""MultiPoint"",""coordinates"":[]}"
104_0000000000000000000f,BA03050040,,,,,,,53.12,53,757.407641007,TASWIL5000020230907KABKOTA,Sumba Barat,,0.0623907023605,2.04212111278,4326,4,,,Sumba Barat,Nusa Tenggara Timur,,0,,,2022-09,0.438561770263747,9,0.438561770263747,VIIRS DNB,nW/cm2/sr,2022,"{""type"":""MultiPoint"",""coordinates"":[]}"
104_00000000000000000011,BA03050040,,,,,,,53.11,53,6984.01403441,TASWIL5000020230907KABKOTA,Sumba Timur,,0.575702142252,4.80415749282,4326,4,,,Sumba Timur,Nusa Tenggara Timur,,0,,,2022-09,0.3577653924830871,9,0.3577653924830871,VIIRS DNB,nW/cm2/sr,2022,"{""type"":""MultiPoint"",""coordinates"":[]}"
104_00000000000000000012,BA03050040,,,,,,,53.02,53,3933.15111495,TASWIL5000020230907KABKOTA,Timor Tengah Selatan,,0.324167140101,3.32375028444,4326,4,,,Timor Tengah Selatan,Nusa Tenggara Timur,,0,,,2022-09,0.3959800584614553,9,0.3959800584614553,VIIRS DNB,nW/cm2/sr,2022,"{""type"":""MultiPoint"",""coordinates"":[]}"
104_00000000000000000013,BA03050040,,,,,,,53.03,53,2623.19983128,TASWIL5000020230907KABKOTA,Timor Tengah Utara,,0.215921651765,3.4787254107,4326,4,,,Timor Tengah Utara,Nusa Tenggara Timur,,0,,,2022-09,0.37320129371821165,9,0.37320129371821165,VIIRS DNB,nW/cm2/sr,2022,"{""type"":""MultiPoint"",""coordinates"":[]}"
104_00000000000000000015,BA03050040,,,,,,,53.08,53,2085.24387061,TASWIL5000020230907KABKOTA,Ende,,0.171316232886,2.99297540949,4326,4,,,Ende,Nusa Tenggara Timur,,0,,,2022-09,0.4308928936060177,9,0.4308928936060177,VIIRS DNB,nW/cm2/sr,2022,"{""type"":""MultiPoint"",""coordinates"":[]}"
104_00000000000000000006,BA03050040,,,,,,,53.21,53,1109.16204574,TASWIL5000020230907KABKOTA,Malaka,,0.0913351434015,2.23370514726,4326,4,,,Malaka,Nusa Tenggara Timur,,0,Belu,,2022-09,0.4333873002996572,9,0.4333873002996572,VIIRS DNB,nW/cm2/sr,2022,"{""type"":""MultiPoint"",""coordinates"":[]}"
104_00000000000000000005,BA03050040,,,,,,,53.13,53,1268.10489804,TASWIL5000020230907KABKOTA,Lembata,,0.10410466891,3.45188597769,4326,4,,,Lembata,Nusa Tenggara Timur,,0,Flores Timur,,2022-09,0.3931433579589319,9,0.3931433579589319,VIIRS DNB,nW/cm2/sr,2022,"{""type"":""MultiPoint"",""coordinates"":[]}"
104_00000000000000000003,BA03050040,,,,,,,53.71,53,159.334041006,TASWIL5000020230907KABKOTA,Kota Kupang,,0.0131469663875,0.949087585397,4326,5,,,Kota Kupang,Nusa Tenggara Timur,,0,Kupang,,2022-09,8.360041171377981,9,8.360041171377981,VIIRS DNB,nW/cm2/sr,2022,"{""type"":""MultiPoint"",""coordinates"":[]}"
104_0000000000000000000c,BA03050040,,,,,,,53.14,53,1286.45281117,TASWIL5000020230907KABKOTA,Rote Ndao,,0.106321906477,4.76909476004,4326,4,,,Rote Ndao,Nusa Tenggara Timur,,0,Kupang,,2022-09,0.40426399198915713,9,0.40426399198915713,VIIRS DNB,nW/cm2/sr,2022,"{""type"":""MultiPoint"",""coordinates"":[]}"
104_0000000000000000000d,BA03050040,,,,,,,53.20,53,460.956594118,TASWIL5000020230907KABKOTA,Sabu Raijua,,0.0380736571077,1.23438979443,4326,4,,,Sabu Raijua,Nusa Tenggara Timur,,0,Kupang,,2022-09,0.5113392213511073,9,0.5113392213511073,VIIRS DNB,nW/cm2/sr,2022,"{""type"":""MultiPoint"",""coordinates"":[]}"
104_00000000000000000008,BA03050040,,,,,,,53.15,53,3128.99733567,TASWIL5000020230907KABKOTA,Manggarai Barat,,0.257018604578,10.7211601624,4326,4,,,Manggarai Barat,Nusa Tenggara Timur,,0,Manggarai,,2022-09,0.39996583062615826,9,0.39996583062615826,VIIRS DNB,nW/cm2/sr,2022,"{""type"":""MultiPoint"",""coordinates"":[]}"
104_00000000000000000009,BA03050040,,,,,,,53.19,53,2389.52959786,TASWIL5000020230907KABKOTA,Manggarai Timur,,0.196263276889,2.60910655519,4326,4,,,Manggarai Timur,Nusa Tenggara Timur,,0,Manggarai,,2022-09,0.35786705007456016,9,0.35786705007456016,VIIRS DNB,nW/cm2/sr,2022,"{""type"":""MultiPoint"",""coordinates"":[]}"
104_0000000000000000000a,BA03050040,,,,,,,53.16,53,1396.16423098,TASWIL5000020230907KABKOTA,Nagekeo,,0.114707914625,2.15252417923,4326,4,,,Nagekeo,Nusa Tenggara Timur,,0,Ngada,,2022-09,0.41623517067870036,9,0.41623517067870036,VIIRS DNB,nW/cm2/sr,2022,"{""type"":""MultiPoint"",""coordinates"":[]}"
104_00000000000000000010,BA03050040,,,,,,,53.17,53,1789.65872064,TASWIL5000020230907KABKOTA,Sumba Tengah,,0.147379835649,2.42469258111,4326,4,,,Sumba Tengah,Nusa Tenggara Timur,,0,Sumba Barat,,2022-09,0.3159052608809723,9,0.3159052608809723,VIIRS DNB,nW/cm2/sr,2022,"{""type"":""MultiPoint"",""coordinates"":[]}"
104_00000000000000000014,BA03050040,,,,,,,53.18,53,1383.31224571,TASWIL5000020230907KABKOTA,Sumba Barat Daya,,0.113913848979,1.59805558471,4326,4,,,Sumba Barat Daya,Nusa Tenggara Timur,,0,Sumba Barat,,2022-09,0.5306518744447892,9,0.5306518744447892,VIIRS DNB,nW/cm2/sr,2022,"{""type"":""MultiPoint"",""coordinates"":[]}"
105_00000000000000000000,BA03050040,,,,,,,53.05,53,2928.55881854,TASWIL5000020230907KABKOTA,Alor,,0.24037265184,5.67288749982,4326,4,,,Alor,Nusa Tenggara Timur,,0,,,2022-10,0.25027092021513075,10,0.25027092021513075,VIIRS DNB,nW/cm2/sr,2022,"{""type"":""MultiPoint"",""coordinates"":[]}"
105_00000000000000000001,BA03050040,,,,,,,53.04,53,1127.25008655,TASWIL5000020230907KABKOTA,Belu,,0.0927289736817,2.29261763369,4326,4,,,Belu,Nusa Tenggara Timur,,0,,,2022-10,0.4085192590455285,10,0.4085192590455285,VIIRS DNB,nW/cm2/sr,2022,"{""type"":""MultiPoint"",""coordinates"":[]}"
105_00000000000000000002,BA03050040,,,,,,,53.06,53,1748.5165523,TASWIL5000020230907KABKOTA,Flores Timur,,0.143538260694,4.68012528849,4326,4,,,Flores Timur,Nusa Tenggara Timur,,0,,,2022-10,0.3056893660374304,10,0.3056893660374304,VIIRS DNB,nW/cm2/sr,2022,"{""type"":""MultiPoint"",""coordinates"":[]}"
105_00000000000000000004,BA03050040,,,,,,,53.01,53,5136.51008742,TASWIL5000020230907KABKOTA,Kupang,,0.423459507198,6.26740520892,4326,4,,,Kupang,Nusa Tenggara Timur,,0,,,2022-10,0.3428346750664402,10,0.3428346750664402,VIIRS DNB,nW/cm2/sr,2022,"{""type"":""MultiPoint"",""coordinates"":[]}"
105_00000000000000000007,BA03050040,,,,,,,53.10,53,1343.83414797,TASWIL5000020230907KABKOTA,Manggarai,,0.11037433796,2.62044875269,4326,4,,,Manggarai,Nusa Tenggara Timur,,0,,,2022-10,0.37438940790365927,10,0.37438940790365927,VIIRS DNB,nW/cm2/sr,2022,"{""type"":""MultiPoint"",""coordinates"":[]}"
105_0000000000000000000b,BA03050040,,,,,,,53.09,53,1735.63521769,TASWIL5000020230907KABKOTA,Ngada,,0.142589549676,2.86650785507,4326,4,,,Ngada,Nusa Tenggara Timur,,0,,,2022-10,0.26979441450510233,10,0.26979441450510233,VIIRS DNB,nW/cm2/sr,2022,"{""type"":""MultiPoint"",""coordinates"":[]}"
105_0000000000000000000e,BA03050040,,,,,,,53.07,53,1671.64902391,TASWIL5000020230907KABKOTA,Sikka,,0.137312979206,3.89925449996,4326,4,,,Sikka,Nusa Tenggara Timur,,0,,,2022-10,0.35881184037714253,10,0.35881184037714253,VIIRS DNB,nW/cm2/sr,2022,"{""type"":""MultiPoint"",""coordinates"":[]}"
105_0000000000000000000f,BA03050040,,,,,,,53.12,53,757.407641007,TASWIL5000020230907KABKOTA,Sumba Barat,,0.0623907023605,2.04212111278,4326,4,,,Sumba Barat,Nusa Tenggara Timur,,0,,,2022-10,0.3587835091411717,10,0.3587835091411717,VIIRS DNB,nW/cm2/sr,2022,"{""type"":""MultiPoint"",""coordinates"":[]}"
105_00000000000000000011,BA03050040,,,,,,,53.11,53,6984.01403441,TASWIL5000020230907KABKOTA,Sumba Timur,,0.575702142252,4.80415749282,4326,4,,,Sumba Timur,Nusa Tenggara Timur,,0,,,2022-10,0.2698540438675155,10,0.2698540438675155,VIIRS DNB,nW/cm2/sr,2022,"{""type"":""MultiPoint"",""coordinates"":[]}"
105_00000000000000000012,BA03050040,,,,,,,53.02,53,3933.15111495,TASWIL5000020230907KABKOTA,Timor Tengah Selatan,,0.324167140101,3.32375028444,4326,4,,,Timor Tengah Selatan,Nusa Tenggara Timur,,0,,,2022-10,0.33503090698408367,10,0.33503090698408367,VIIRS DNB,nW/cm2/sr,2022,"{""type"":""MultiPoint"",""coordinates"":[]}"
105_00000000000000000013,BA03050040,,,,,,,53.03,53,2623.19983128,TASWIL5000020230907KABKOTA,Timor Tengah Utara,,0.215921651765,3.4787254107,4326,4,,,Timor Tengah Utara,Nusa Tenggara Timur,,0,,,2022-10,0.32379372780671506,10,0.32379372780671506,VIIRS DNB,nW/cm2/sr,2022,"{""type"":""MultiPoint"",""coordinates"":[]}"
105_00000000000000000015,BA03050040,,,,,,,53.08,53,2085.24387061,TASWIL5000020230907KABKOTA,Ende,,0.171316232886,2.99297540949,4326,4,,,Ende,Nusa Tenggara Timur,,0,,,2022-10,0.31139602452900783,10,0.31139602452900783,VIIRS DNB,nW/cm2/sr,2022,"{""type"":""MultiPoint"",""coordinates"":[]}"
105_00000000000000000006,BA03050040,,,,,,,53.21,53,1109.16204574,TASWIL5000020230907KABKOTA,Malaka,,0.0913351434015,2.23370514726,4326,4,,,Malaka,Nusa Tenggara Timur,,0,Belu,,2022-10,0.3875226603263607,10,0.3875226603263607,VIIRS DNB,nW/cm2/sr,2022,"{""type"":""MultiPoint"",""coordinates"":[]}"
105_00000000000000000005,BA03050040,,,,,,,53.13,53,1268.10489804,TASWIL5000020230907KABKOTA,Lembata,,0.10410466891,3.45188597769,4326,4,,,Lembata,Nusa Tenggara Timur,,0,Flores Timur,,2022-10,0.2942240890189445,10,0.2942240890189445,VIIRS DNB,nW/cm2/sr,2022,"{""type"":""MultiPoint"",""coordinates"":[]}"
105_00000000000000000003,BA03050040,,,,,,,53.71,53,159.334041006,TASWIL5000020230907KABKOTA,Kota Kupang,,0.0131469663875,0.949087585397,4326,5,,,Kota Kupang,Nusa Tenggara Timur,,0,Kupang,,2022-10,7.852618536540723,10,7.852618536540723,VIIRS DNB,nW/cm2/sr,2022,"{""type"":""MultiPoint"",""coordinates"":[]}"
105_0000000000000000000c,BA03050040,,,,,,,53.14,53,1286.45281117,TASWIL5000020230907KABKOTA,Rote Ndao,,0.106321906477,4.76909476004,4326,4,,,Rote Ndao,Nusa Tenggara Timur,,0,Kupang,,2022-10,0.3324327832603581,10,0.3324327832603581,VIIRS DNB,nW/cm2/sr,2022,"{""type"":""MultiPoint"",""coordinates"":[]}"
105_0000000000000000000d,BA03050040,,,,,,,53.20,53,460.956594118,TASWIL5000020230907KABKOTA,Sabu Raijua,,0.0380736571077,1.23438979443,4326,4,,,Sabu Raijua,Nusa Tenggara Timur,,0,Kupang,,2022-10,0.4152071452542977,10,0.4152071452542977,VIIRS DNB,nW/cm2/sr,2022,"{""type"":""MultiPoint"",""coordinates"":[]}"
105_00000000000000000008,BA03050040,,,,,,,53.15,53,3128.99733567,TASWIL5000020230907KABKOTA,Manggarai Barat,,0.257018604578,10.7211601624,4326,4,,,Manggarai Barat,Nusa Tenggara Timur,,0,Manggarai,,2022-10,0.3190602677627343,10,0.3190602677627343,VIIRS DNB,nW/cm2/sr,2022,"{""type"":""MultiPoint"",""coordinates"":[]}"
105_00000000000000000009,BA03050040,,,,,,,53.19,53,2389.52959786,TASWIL5000020230907KABKOTA,Manggarai Timur,,0.196263276889,2.60910655519,4326,4,,,Manggarai Timur,Nusa Tenggara Timur,,0,Manggarai,,2022-10,0.27383604412759505,10,0.27383604412759505,VIIRS DNB,nW/cm2/sr,2022,"{""type"":""MultiPoint"",""coordinates"":[]}"
105_0000000000000000000a,BA03050040,,,,,,,53.16,53,1396.16423098,TASWIL5000020230907KABKOTA,Nagekeo,,0.114707914625,2.15252417923,4326,4,,,Nagekeo,Nusa Tenggara Timur,,0,Ngada,,2022-10,0.29360419276213695,10,0.29360419276213695,VIIRS DNB,nW/cm2/sr,2022,"{""type"":""MultiPoint"",""coordinates"":[]}"
105_00000000000000000010,BA03050040,,,,,,,53.17,53,1789.65872064,TASWIL5000020230907KABKOTA,Sumba Tengah,,0.147379835649,2.42469258111,4326,4,,,Sumba Tengah,Nusa Tenggara Timur,,0,Sumba Barat,,2022-10,0.26026636423148164,10,0.26026636423148164,VIIRS DNB,nW/cm2/sr,2022,"{""type"":""MultiPoint"",""coordinates"":[]}"
105_00000000000000000014,BA03050040,,,,,,,53.18,53,1383.31224571,TASWIL5000020230907KABKOTA,Sumba Barat Daya,,0.113913848979,1.59805558471,4326,4,,,Sumba Barat Daya,Nusa Tenggara Timur,,0,Sumba Barat,,2022-10,0.3540939550309628,10,0.3540939550309628,VIIRS DNB,nW/cm2/sr,2022,"{""type"":""MultiPoint"",""coordinates"":[]}"
106_00000000000000000000,BA03050040,,,,,,,53.05,53,2928.55881854,TASWIL5000020230907KABKOTA,Alor,,0.24037265184,5.67288749982,4326,4,,,Alor,Nusa Tenggara Timur,,0,,,2022-11,0.42419833904076765,11,0.42419833904076765,VIIRS DNB,nW/cm2/sr,2022,"{""type"":""MultiPoint"",""coordinates"":[]}"
106_00000000000000000001,BA03050040,,,,,,,53.04,53,1127.25008655,TASWIL5000020230907KABKOTA,Belu,,0.0927289736817,2.29261763369,4326,4,,,Belu,Nusa Tenggara Timur,,0,,,2022-11,0.5525728876594032,11,0.5525728876594032,VIIRS DNB,nW/cm2/sr,2022,"{""type"":""MultiPoint"",""coordinates"":[]}"
106_00000000000000000002,BA03050040,,,,,,,53.06,53,1748.5165523,TASWIL5000020230907KABKOTA,Flores Timur,,0.143538260694,4.68012528849,4326,4,,,Flores Timur,Nusa Tenggara Timur,,0,,,2022-11,0.3591838307529017,11,0.3591838307529017,VIIRS DNB,nW/cm2/sr,2022,"{""type"":""MultiPoint"",""coordinates"":[]}"
106_00000000000000000004,BA03050040,,,,,,,53.01,53,5136.51008742,TASWIL5000020230907KABKOTA,Kupang,,0.423459507198,6.26740520892,4326,4,,,Kupang,Nusa Tenggara Timur,,0,,,2022-11,0.42881821412523574,11,0.42881821412523574,VIIRS DNB,nW/cm2/sr,2022,"{""type"":""MultiPoint"",""coordinates"":[]}"
106_00000000000000000007,BA03050040,,,,,,,53.10,53,1343.83414797,TASWIL5000020230907KABKOTA,Manggarai,,0.11037433796,2.62044875269,4326,4,,,Manggarai,Nusa Tenggara Timur,,0,,,2022-11,0.3707510462885824,11,0.3707510462885824,VIIRS DNB,nW/cm2/sr,2022,"{""type"":""MultiPoint"",""coordinates"":[]}"
106_0000000000000000000b,BA03050040,,,,,,,53.09,53,1735.63521769,TASWIL5000020230907KABKOTA,Ngada,,0.142589549676,2.86650785507,4326,4,,,Ngada,Nusa Tenggara Timur,,0,,,2022-11,0.2892142940818803,11,0.2892142940818803,VIIRS DNB,nW/cm2/sr,2022,"{""type"":""MultiPoint"",""coordinates"":[]}"
106_0000000000000000000e,BA03050040,,,,,,,53.07,53,1671.64902391,TASWIL5000020230907KABKOTA,Sikka,,0.137312979206,3.89925449996,4326,4,,,Sikka,Nusa Tenggara Timur,,0,,,2022-11,0.39988795077057393,11,0.39988795077057393,VIIRS DNB,nW/cm2/sr,2022,"{""type"":""MultiPoint"",""coordinates"":[]}"
106_0000000000000000000f,BA03050040,,,,,,,53.12,53,757.407641007,TASWIL5000020230907KABKOTA,Sumba Barat,,0.0623907023605,2.04212111278,4326,4,,,Sumba Barat,Nusa Tenggara Timur,,0,,,2022-11,0.2237612567662218,11,0.2237612567662218,VIIRS DNB,nW/cm2/sr,2022,"{""type"":""MultiPoint"",""coordinates"":[]}"
106_00000000000000000011,BA03050040,,,,,,,53.11,53,6984.01403441,TASWIL5000020230907KABKOTA,Sumba Timur,,0.575702142252,4.80415749282,4326,4,,,Sumba Timur,Nusa Tenggara Timur,,0,,,2022-11,0.3113579783695382,11,0.3113579783695382,VIIRS DNB,nW/cm2/sr,2022,"{""type"":""MultiPoint"",""coordinates"":[]}"
106_00000000000000000012,BA03050040,,,,,,,53.02,53,3933.15111495,TASWIL5000020230907KABKOTA,Timor Tengah Selatan,,0.324167140101,3.32375028444,4326,4,,,Timor Tengah Selatan,Nusa Tenggara Timur,,0,,,2022-11,0.4171112243881608,11,0.4171112243881608,VIIRS DNB,nW/cm2/sr,2022,"{""type"":""MultiPoint"",""coordinates"":[]}"
106_00000000000000000013,BA03050040,,,,,,,53.03,53,2623.19983128,TASWIL5000020230907KABKOTA,Timor Tengah Utara,,0.215921651765,3.4787254107,4326,4,,,Timor Tengah Utara,Nusa Tenggara Timur,,0,,,2022-11,0.44131726506556623,11,0.44131726506556623,VIIRS DNB,nW/cm2/sr,2022,"{""type"":""MultiPoint"",""coordinates"":[]}"
106_00000000000000000015,BA03050040,,,,,,,53.08,53,2085.24387061,TASWIL5000020230907KABKOTA,Ende,,0.171316232886,2.99297540949,4326,4,,,Ende,Nusa Tenggara Timur,,0,,,2022-11,0.3581482711391365,11,0.3581482711391365,VIIRS DNB,nW/cm2/sr,2022,"{""type"":""MultiPoint"",""coordinates"":[]}"
106_00000000000000000006,BA03050040,,,,,,,53.21,53,1109.16204574,TASWIL5000020230907KABKOTA,Malaka,,0.0913351434015,2.23370514726,4326,4,,,Malaka,Nusa Tenggara Timur,,0,Belu,,2022-11,0.5057071042386971,11,0.5057071042386971,VIIRS DNB,nW/cm2/sr,2022,"{""type"":""MultiPoint"",""coordinates"":[]}"
106_00000000000000000005,BA03050040,,,,,,,53.13,53,1268.10489804,TASWIL5000020230907KABKOTA,Lembata,,0.10410466891,3.45188597769,4326,4,,,Lembata,Nusa Tenggara Timur,,0,Flores Timur,,2022-11,0.3539608473256791,11,0.3539608473256791,VIIRS DNB,nW/cm2/sr,2022,"{""type"":""MultiPoint"",""coordinates"":[]}"
106_00000000000000000003,BA03050040,,,,,,,53.71,53,159.334041006,TASWIL5000020230907KABKOTA,Kota Kupang,,0.0131469663875,0.949087585397,4326,5,,,Kota Kupang,Nusa Tenggara Timur,,0,Kupang,,2022-11,8.161379663529388,11,8.161379663529388,VIIRS DNB,nW/cm2/sr,2022,"{""type"":""MultiPoint"",""coordinates"":[]}"
106_0000000000000000000c,BA03050040,,,,,,,53.14,53,1286.45281117,TASWIL5000020230907KABKOTA,Rote Ndao,,0.106321906477,4.76909476004,4326,4,,,Rote Ndao,Nusa Tenggara Timur,,0,Kupang,,2022-11,0.4350962383925961,11,0.4350962383925961,VIIRS DNB,nW/cm2/sr,2022,"{""type"":""MultiPoint"",""coordinates"":[]}"
106_0000000000000000000d,BA03050040,,,,,,,53.20,53,460.956594118,TASWIL5000020230907KABKOTA,Sabu Raijua,,0.0380736571077,1.23438979443,4326,4,,,Sabu Raijua,Nusa Tenggara Timur,,0,Kupang,,2022-11,0.492236740224826,11,0.492236740224826,VIIRS DNB,nW/cm2/sr,2022,"{""type"":""MultiPoint"",""coordinates"":[]}"
106_00000000000000000008,BA03050040,,,,,,,53.15,53,3128.99733567,TASWIL5000020230907KABKOTA,Manggarai Barat,,0.257018604578,10.7211601624,4326,4,,,Manggarai Barat,Nusa Tenggara Timur,,0,Manggarai,,2022-11,0.2670453775649527,11,0.2670453775649527,VIIRS DNB,nW/cm2/sr,2022,"{""type"":""MultiPoint"",""coordinates"":[]}"
106_00000000000000000009,BA03050040,,,,,,,53.19,53,2389.52959786,TASWIL5000020230907KABKOTA,Manggarai Timur,,0.196263276889,2.60910655519,4326,4,,,Manggarai Timur,Nusa Tenggara Timur,,0,Manggarai,,2022-11,0.2782281046661196,11,0.2782281046661196,VIIRS DNB,nW/cm2/sr,2022,"{""type"":""MultiPoint"",""coordinates"":[]}"
106_0000000000000000000a,BA03050040,,,,,,,53.16,53,1396.16423098,TASWIL5000020230907KABKOTA,Nagekeo,,0.114707914625,2.15252417923,4326,4,,,Nagekeo,Nusa Tenggara Timur,,0,Ngada,,2022-11,0.35239223990258733,11,0.35239223990258733,VIIRS DNB,nW/cm2/sr,2022,"{""type"":""MultiPoint"",""coordinates"":[]}"
106_00000000000000000010,BA03050040,,,,,,,53.17,53,1789.65872064,TASWIL5000020230907KABKOTA,Sumba Tengah,,0.147379835649,2.42469258111,4326,4,,,Sumba Tengah,Nusa Tenggara Timur,,0,Sumba Barat,,2022-11,0.2703557145146963,11,0.2703557145146963,VIIRS DNB,nW/cm2/sr,2022,"{""type"":""MultiPoint"",""coordinates"":[]}"
106_00000000000000000014,BA03050040,,,,,,,53.18,53,1383.31224571,TASWIL5000020230907KABKOTA,Sumba Barat Daya,,0.113913848979,1.59805558471,4326,4,,,Sumba Barat Daya,Nusa Tenggara Timur,,0,Sumba Barat,,2022-11,0.2936893307806719,11,0.2936893307806719,VIIRS DNB,nW/cm2/sr,2022,"{""type"":""MultiPoint"",""coordinates"":[]}"
107_00000000000000000000,BA03050040,,,,,,,53.05,53,2928.55881854,TASWIL5000020230907KABKOTA,Alor,,0.24037265184,5.67288749982,4326,4,,,Alor,Nusa Tenggara Timur,,0,,,2022-12,0.13702016537879588,12,0.13702016537879588,VIIRS DNB,nW/cm2/sr,2022,"{""type"":""MultiPoint"",""coordinates"":[]}"
107_00000000000000000001,BA03050040,,,,,,,53.04,53,1127.25008655,TASWIL5000020230907KABKOTA,Belu,,0.0927289736817,2.29261763369,4326,4,,,Belu,Nusa Tenggara Timur,,0,,,2022-12,0.4345999127067766,12,0.4345999127067766,VIIRS DNB,nW/cm2/sr,2022,"{""type"":""MultiPoint"",""coordinates"":[]}"
107_00000000000000000002,BA03050040,,,,,,,53.06,53,1748.5165523,TASWIL5000020230907KABKOTA,Flores Timur,,0.143538260694,4.68012528849,4326,4,,,Flores Timur,Nusa Tenggara Timur,,0,,,2022-12,0.32198831295584385,12,0.32198831295584385,VIIRS DNB,nW/cm2/sr,2022,"{""type"":""MultiPoint"",""coordinates"":[]}"
107_00000000000000000004,BA03050040,,,,,,,53.01,53,5136.51008742,TASWIL5000020230907KABKOTA,Kupang,,0.423459507198,6.26740520892,4326,4,,,Kupang,Nusa Tenggara Timur,,0,,,2022-12,0.3145802192906719,12,0.3145802192906719,VIIRS DNB,nW/cm2/sr,2022,"{""type"":""MultiPoint"",""coordinates"":[]}"
107_00000000000000000007,BA03050040,,,,,,,53.10,53,1343.83414797,TASWIL5000020230907KABKOTA,Manggarai,,0.11037433796,2.62044875269,4326,4,,,Manggarai,Nusa Tenggara Timur,,0,,,2022-12,0.3814458331950342,12,0.3814458331950342,VIIRS DNB,nW/cm2/sr,2022,"{""type"":""MultiPoint"",""coordinates"":[]}"
107_0000000000000000000b,BA03050040,,,,,,,53.09,53,1735.63521769,TASWIL5000020230907KABKOTA,Ngada,,0.142589549676,2.86650785507,4326,4,,,Ngada,Nusa Tenggara Timur,,0,,,2022-12,0.2981764835696833,12,0.2981764835696833,VIIRS DNB,nW/cm2/sr,2022,"{""type"":""MultiPoint"",""coordinates"":[]}"
107_0000000000000000000e,BA03050040,,,,,,,53.07,53,1671.64902391,TASWIL5000020230907KABKOTA,Sikka,,0.137312979206,3.89925449996,4326,4,,,Sikka,Nusa Tenggara Timur,,0,,,2022-12,0.2461492839443737,12,0.2461492839443737,VIIRS DNB,nW/cm2/sr,2022,"{""type"":""MultiPoint"",""coordinates"":[]}"
107_0000000000000000000f,BA03050040,,,,,,,53.12,53,757.407641007,TASWIL5000020230907KABKOTA,Sumba Barat,,0.0623907023605,2.04212111278,4326,4,,,Sumba Barat,Nusa Tenggara Timur,,0,,,2022-12,0.4437364364687781,12,0.4437364364687781,VIIRS DNB,nW/cm2/sr,2022,"{""type"":""MultiPoint"",""coordinates"":[]}"
107_00000000000000000011,BA03050040,,,,,,,53.11,53,6984.01403441,TASWIL5000020230907KABKOTA,Sumba Timur,,0.575702142252,4.80415749282,4326,4,,,Sumba Timur,Nusa Tenggara Timur,,0,,,2022-12,0.2880631008126835,12,0.2880631008126835,VIIRS DNB,nW/cm2/sr,2022,"{""type"":""MultiPoint"",""coordinates"":[]}"
107_00000000000000000012,BA03050040,,,,,,,53.02,53,3933.15111495,TASWIL5000020230907KABKOTA,Timor Tengah Selatan,,0.324167140101,3.32375028444,4326,4,,,Timor Tengah Selatan,Nusa Tenggara Timur,,0,,,2022-12,0.2767285759064265,12,0.2767285759064265,VIIRS DNB,nW/cm2/sr,2022,"{""type"":""MultiPoint"",""coordinates"":[]}"
107_00000000000000000013,BA03050040,,,,,,,53.03,53,2623.19983128,TASWIL5000020230907KABKOTA,Timor Tengah Utara,,0.215921651765,3.4787254107,4326,4,,,Timor Tengah Utara,Nusa Tenggara Timur,,0,,,2022-12,0.3237543723790093,12,0.3237543723790093,VIIRS DNB,nW/cm2/sr,2022,"{""type"":""MultiPoint"",""coordinates"":[]}"
107_00000000000000000015,BA03050040,,,,,,,53.08,53,2085.24387061,TASWIL5000020230907KABKOTA,Ende,,0.171316232886,2.99297540949,4326,4,,,Ende,Nusa Tenggara Timur,,0,,,2022-12,0.1766786363560333,12,0.1766786363560333,VIIRS DNB,nW/cm2/sr,2022,"{""type"":""MultiPoint"",""coordinates"":[]}"
107_00000000000000000006,BA03050040,,,,,,,53.21,53,1109.16204574,TASWIL5000020230907KABKOTA,Malaka,,0.0913351434015,2.23370514726,4326,4,,,Malaka,Nusa Tenggara Timur,,0,Belu,,2022-12,0.4253077279896122,12,0.4253077279896122,VIIRS DNB,nW/cm2/sr,2022,"{""type"":""MultiPoint"",""coordinates"":[]}"
107_00000000000000000005,BA03050040,,,,,,,53.13,53,1268.10489804,TASWIL5000020230907KABKOTA,Lembata,,0.10410466891,3.45188597769,4326,4,,,Lembata,Nusa Tenggara Timur,,0,Flores Timur,,2022-12,0.3573423558810941,12,0.3573423558810941,VIIRS DNB,nW/cm2/sr,2022,"{""type"":""MultiPoint"",""coordinates"":[]}"
107_00000000000000000003,BA03050040,,,,,,,53.71,53,159.334041006,TASWIL5000020230907KABKOTA,Kota Kupang,,0.0131469663875,0.949087585397,4326,5,,,Kota Kupang,Nusa Tenggara Timur,,0,Kupang,,2022-12,6.895917073811947,12,6.895917073811947,VIIRS DNB,nW/cm2/sr,2022,"{""type"":""MultiPoint"",""coordinates"":[]}"
107_0000000000000000000c,BA03050040,,,,,,,53.14,53,1286.45281117,TASWIL5000020230907KABKOTA,Rote Ndao,,0.106321906477,4.76909476004,4326,4,,,Rote Ndao,Nusa Tenggara Timur,,0,Kupang,,2022-12,0.33572499902194336,12,0.33572499902194336,VIIRS DNB,nW/cm2/sr,2022,"{""type"":""MultiPoint"",""coordinates"":[]}"
107_0000000000000000000d,BA03050040,,,,,,,53.20,53,460.956594118,TASWIL5000020230907KABKOTA,Sabu Raijua,,0.0380736571077,1.23438979443,4326,4,,,Sabu Raijua,Nusa Tenggara Timur,,0,Kupang,,2022-12,0.34402579205659267,12,0.34402579205659267,VIIRS DNB,nW/cm2/sr,2022,"{""type"":""MultiPoint"",""coordinates"":[]}"
107_00000000000000000008,BA03050040,,,,,,,53.15,53,3128.99733567,TASWIL5000020230907KABKOTA,Manggarai Barat,,0.257018604578,10.7211601624,4326,4,,,Manggarai Barat,Nusa Tenggara Timur,,0,Manggarai,,2022-12,0.263389524270572,12,0.263389524270572,VIIRS DNB,nW/cm2/sr,2022,"{""type"":""MultiPoint"",""coordinates"":[]}"
107_00000000000000000009,BA03050040,,,,,,,53.19,53,2389.52959786,TASWIL5000020230907KABKOTA,Manggarai Timur,,0.196263276889,2.60910655519,4326,4,,,Manggarai Timur,Nusa Tenggara Timur,,0,Manggarai,,2022-12,0.2875903292541701,12,0.2875903292541701,VIIRS DNB,nW/cm2/sr,2022,"{""type"":""MultiPoint"",""coordinates"":[]}"
107_0000000000000000000a,BA03050040,,,,,,,53.16,53,1396.16423098,TASWIL5000020230907KABKOTA,Nagekeo,,0.114707914625,2.15252417923,4326,4,,,Nagekeo,Nusa Tenggara Timur,,0,Ngada,,2022-12,0.3399244297894171,12,0.3399244297894171,VIIRS DNB,nW/cm2/sr,2022,"{""type"":""MultiPoint"",""coordinates"":[]}"
107_00000000000000000010,BA03050040,,,,,,,53.17,53,1789.65872064,TASWIL5000020230907KABKOTA,Sumba Tengah,,0.147379835649,2.42469258111,4326,4,,,Sumba Tengah,Nusa Tenggara Timur,,0,Sumba Barat,,2022-12,0.33471940057884203,12,0.33471940057884203,VIIRS DNB,nW/cm2/sr,2022,"{""type"":""MultiPoint"",""coordinates"":[]}"
107_00000000000000000014,BA03050040,,,,,,,53.18,53,1383.31224571,TASWIL5000020230907KABKOTA,Sumba Barat Daya,,0.113913848979,1.59805558471,4326,4,,,Sumba Barat Daya,Nusa Tenggara Timur,,0,Sumba Barat,,2022-12,0.3961546562356192,12,0.3961546562356192,VIIRS DNB,nW/cm2/sr,2022,"{""type"":""MultiPoint"",""coordinates"":[]}"
108_00000000000000000000,BA03050040,,,,,,,53.05,53,2928.55881854,TASWIL5000020230907KABKOTA,Alor,,0.24037265184,5.67288749982,4326,4,,,Alor,Nusa Tenggara Timur,,0,,,2023-01,0.16664233217702518,1,0.16664233217702518,VIIRS DNB,nW/cm2/sr,2023,"{""type"":""MultiPoint"",""coordinates"":[]}"
108_00000000000000000001,BA03050040,,,,,,,53.04,53,1127.25008655,TASWIL5000020230907KABKOTA,Belu,,0.0927289736817,2.29261763369,4326,4,,,Belu,Nusa Tenggara Timur,,0,,,2023-01,0.33298734417368586,1,0.33298734417368586,VIIRS DNB,nW/cm2/sr,2023,"{""type"":""MultiPoint"",""coordinates"":[]}"
108_00000000000000000002,BA03050040,,,,,,,53.06,53,1748.5165523,TASWIL5000020230907KABKOTA,Flores Timur,,0.143538260694,4.68012528849,4326,4,,,Flores Timur,Nusa Tenggara Timur,,0,,,2023-01,0.25318872669972087,1,0.25318872669972087,VIIRS DNB,nW/cm2/sr,2023,"{""type"":""MultiPoint"",""coordinates"":[]}"
108_00000000000000000004,BA03050040,,,,,,,53.01,53,5136.51008742,TASWIL5000020230907KABKOTA,Kupang,,0.423459507198,6.26740520892,4326,4,,,Kupang,Nusa Tenggara Timur,,0,,,2023-01,0.3291425599529426,1,0.3291425599529426,VIIRS DNB,nW/cm2/sr,2023,"{""type"":""MultiPoint"",""coordinates"":[]}"
108_00000000000000000007,BA03050040,,,,,,,53.10,53,1343.83414797,TASWIL5000020230907KABKOTA,Manggarai,,0.11037433796,2.62044875269,4326,4,,,Manggarai,Nusa Tenggara Timur,,0,,,2023-01,0.1756098678166603,1,0.1756098678166603,VIIRS DNB,nW/cm2/sr,2023,"{""type"":""MultiPoint"",""coordinates"":[]}"
108_0000000000000000000b,BA03050040,,,,,,,53.09,53,1735.63521769,TASWIL5000020230907KABKOTA,Ngada,,0.142589549676,2.86650785507,4326,4,,,Ngada,Nusa Tenggara Timur,,0,,,2023-01,0.10054511110665568,1,0.10054511110665568,VIIRS DNB,nW/cm2/sr,2023,"{""type"":""MultiPoint"",""coordinates"":[]}"
108_0000000000000000000e,BA03050040,,,,,,,53.07,53,1671.64902391,TASWIL5000020230907KABKOTA,Sikka,,0.137312979206,3.89925449996,4326,4,,,Sikka,Nusa Tenggara Timur,,0,,,2023-01,0.28239090521668603,1,0.28239090521668603,VIIRS DNB,nW/cm2/sr,2023,"{""type"":""MultiPoint"",""coordinates"":[]}"
108_0000000000000000000f,BA03050040,,,,,,,53.12,53,757.407641007,TASWIL5000020230907KABKOTA,Sumba Barat,,0.0623907023605,2.04212111278,4326,4,,,Sumba Barat,Nusa Tenggara Timur,,0,,,2023-01,0.4364870877140435,1,0.4364870877140435,VIIRS DNB,nW/cm2/sr,2023,"{""type"":""MultiPoint"",""coordinates"":[]}"
108_00000000000000000011,BA03050040,,,,,,,53.11,53,6984.01403441,TASWIL5000020230907KABKOTA,Sumba Timur,,0.575702142252,4.80415749282,4326,4,,,Sumba Timur,Nusa Tenggara Timur,,0,,,2023-01,0.2348968196011902,1,0.2348968196011902,VIIRS DNB,nW/cm2/sr,2023,"{""type"":""MultiPoint"",""coordinates"":[]}"
108_00000000000000000012,BA03050040,,,,,,,53.02,53,3933.15111495,TASWIL5000020230907KABKOTA,Timor Tengah Selatan,,0.324167140101,3.32375028444,4326,4,,,Timor Tengah Selatan,Nusa Tenggara Timur,,0,,,2023-01,0.3713982385278154,1,0.3713982385278154,VIIRS DNB,nW/cm2/sr,2023,"{""type"":""MultiPoint"",""coordinates"":[]}"
108_00000000000000000013,BA03050040,,,,,,,53.03,53,2623.19983128,TASWIL5000020230907KABKOTA,Timor Tengah Utara,,0.215921651765,3.4787254107,4326,4,,,Timor Tengah Utara,Nusa Tenggara Timur,,0,,,2023-01,0.28300859548671453,1,0.28300859548671453,VIIRS DNB,nW/cm2/sr,2023,"{""type"":""MultiPoint"",""coordinates"":[]}"
108_00000000000000000015,BA03050040,,,,,,,53.08,53,2085.24387061,TASWIL5000020230907KABKOTA,Ende,,0.171316232886,2.99297540949,4326,4,,,Ende,Nusa Tenggara Timur,,0,,,2023-01,0.15272723357030937,1,0.15272723357030937,VIIRS DNB,nW/cm2/sr,2023,"{""type"":""MultiPoint"",""coordinates"":[]}"
108_00000000000000000006,BA03050040,,,,,,,53.21,53,1109.16204574,TASWIL5000020230907KABKOTA,Malaka,,0.0913351434015,2.23370514726,4326,4,,,Malaka,Nusa Tenggara Timur,,0,Belu,,2023-01,0.48586831267438,1,0.48586831267438,VIIRS DNB,nW/cm2/sr,2023,"{""type"":""MultiPoint"",""coordinates"":[]}"
108_00000000000000000005,BA03050040,,,,,,,53.13,53,1268.10489804,TASWIL5000020230907KABKOTA,Lembata,,0.10410466891,3.45188597769,4326,4,,,Lembata,Nusa Tenggara Timur,,0,Flores Timur,,2023-01,0.23326099285909574,1,0.23326099285909574,VIIRS DNB,nW/cm2/sr,2023,"{""type"":""MultiPoint"",""coordinates"":[]}"
108_00000000000000000003,BA03050040,,,,,,,53.71,53,159.334041006,TASWIL5000020230907KABKOTA,Kota Kupang,,0.0131469663875,0.949087585397,4326,5,,,Kota Kupang,Nusa Tenggara Timur,,0,Kupang,,2023-01,7.436159149974211,1,7.436159149974211,VIIRS DNB,nW/cm2/sr,2023,"{""type"":""MultiPoint"",""coordinates"":[]}"
108_0000000000000000000c,BA03050040,,,,,,,53.14,53,1286.45281117,TASWIL5000020230907KABKOTA,Rote Ndao,,0.106321906477,4.76909476004,4326,4,,,Rote Ndao,Nusa Tenggara Timur,,0,Kupang,,2023-01,0.29462350293258505,1,0.29462350293258505,VIIRS DNB,nW/cm2/sr,2023,"{""type"":""MultiPoint"",""coordinates"":[]}"
108_0000000000000000000d,BA03050040,,,,,,,53.20,53,460.956594118,TASWIL5000020230907KABKOTA,Sabu Raijua,,0.0380736571077,1.23438979443,4326,4,,,Sabu Raijua,Nusa Tenggara Timur,,0,Kupang,,2023-01,0.5115643017547112,1,0.5115643017547112,VIIRS DNB,nW/cm2/sr,2023,"{""type"":""MultiPoint"",""coordinates"":[]}"
108_00000000000000000008,BA03050040,,,,,,,53.15,53,3128.99733567,TASWIL5000020230907KABKOTA,Manggarai Barat,,0.257018604578,10.7211601624,4326,4,,,Manggarai Barat,Nusa Tenggara Timur,,0,Manggarai,,2023-01,0.07119730537668076,1,0.07119730537668076,VIIRS DNB,nW/cm2/sr,2023,"{""type"":""MultiPoint"",""coordinates"":[]}"
108_00000000000000000009,BA03050040,,,,,,,53.19,53,2389.52959786,TASWIL5000020230907KABKOTA,Manggarai Timur,,0.196263276889,2.60910655519,4326,4,,,Manggarai Timur,Nusa Tenggara Timur,,0,Manggarai,,2023-01,0.12677842614546417,1,0.12677842614546417,VIIRS DNB,nW/cm2/sr,2023,"{""type"":""MultiPoint"",""coordinates"":[]}"
108_0000000000000000000a,BA03050040,,,,,,,53.16,53,1396.16423098,TASWIL5000020230907KABKOTA,Nagekeo,,0.114707914625,2.15252417923,4326,4,,,Nagekeo,Nusa Tenggara Timur,,0,Ngada,,2023-01,0.013168033769773291,1,0.013168033769773291,VIIRS DNB,nW/cm2/sr,2023,"{""type"":""MultiPoint"",""coordinates"":[]}"
108_00000000000000000010,BA03050040,,,,,,,53.17,53,1789.65872064,TASWIL5000020230907KABKOTA,Sumba Tengah,,0.147379835649,2.42469258111,4326,4,,,Sumba Tengah,Nusa Tenggara Timur,,0,Sumba Barat,,2023-01,0.33553183380935936,1,0.33553183380935936,VIIRS DNB,nW/cm2/sr,2023,"{""type"":""MultiPoint"",""coordinates"":[]}"
108_00000000000000000014,BA03050040,,,,,,,53.18,53,1383.31224571,TASWIL5000020230907KABKOTA,Sumba Barat Daya,,0.113913848979,1.59805558471,4326,4,,,Sumba Barat Daya,Nusa Tenggara Timur,,0,Sumba Barat,,2023-01,0.3123547929784223,1,0.3123547929784223,VIIRS DNB,nW/cm2/sr,2023,"{""type"":""MultiPoint"",""coordinates"":[]}"
109_00000000000000000000,BA03050040,,,,,,,53.05,53,2928.55881854,TASWIL5000020230907KABKOTA,Alor,,0.24037265184,5.67288749982,4326,4,,,Alor,Nusa Tenggara Timur,,0,,,2023-02,0.025621526269333356,2,0.025621526269333356,VIIRS DNB,nW/cm2/sr,2023,"{""type"":""MultiPoint"",""coordinates"":[]}"
109_00000000000000000001,BA03050040,,,,,,,53.04,53,1127.25008655,TASWIL5000020230907KABKOTA,Belu,,0.0927289736817,2.29261763369,4326,4,,,Belu,Nusa Tenggara Timur,,0,,,2023-02,0.34125641404927864,2,0.34125641404927864,VIIRS DNB,nW/cm2/sr,2023,"{""type"":""MultiPoint"",""coordinates"":[]}"
109_00000000000000000002,BA03050040,,,,,,,53.06,53,1748.5165523,TASWIL5000020230907KABKOTA,Flores Timur,,0.143538260694,4.68012528849,4326,4,,,Flores Timur,Nusa Tenggara Timur,,0,,,2023-02,0.08913649418299072,2,0.08913649418299072,VIIRS DNB,nW/cm2/sr,2023,"{""type"":""MultiPoint"",""coordinates"":[]}"
109_00000000000000000004,BA03050040,,,,,,,53.01,53,5136.51008742,TASWIL5000020230907KABKOTA,Kupang,,0.423459507198,6.26740520892,4326,4,,,Kupang,Nusa Tenggara Timur,,0,,,2023-02,0.18707717822206138,2,0.18707717822206138,VIIRS DNB,nW/cm2/sr,2023,"{""type"":""MultiPoint"",""coordinates"":[]}"
109_00000000000000000007,BA03050040,,,,,,,53.10,53,1343.83414797,TASWIL5000020230907KABKOTA,Manggarai,,0.11037433796,2.62044875269,4326,4,,,Manggarai,Nusa Tenggara Timur,,0,,,2023-02,0.33907276355799243,2,0.33907276355799243,VIIRS DNB,nW/cm2/sr,2023,"{""type"":""MultiPoint"",""coordinates"":[]}"
109_0000000000000000000b,BA03050040,,,,,,,53.09,53,1735.63521769,TASWIL5000020230907KABKOTA,Ngada,,0.142589549676,2.86650785507,4326,4,,,Ngada,Nusa Tenggara Timur,,0,,,2023-02,0.27738823040747396,2,0.27738823040747396,VIIRS DNB,nW/cm2/sr,2023,"{""type"":""MultiPoint"",""coordinates"":[]}"
109_0000000000000000000e,BA03050040,,,,,,,53.07,53,1671.64902391,TASWIL5000020230907KABKOTA,Sikka,,0.137312979206,3.89925449996,4326,4,,,Sikka,Nusa Tenggara Timur,,0,,,2023-02,0.3005285271106244,2,0.3005285271106244,VIIRS DNB,nW/cm2/sr,2023,"{""type"":""MultiPoint"",""coordinates"":[]}"
109_0000000000000000000f,BA03050040,,,,,,,53.12,53,757.407641007,TASWIL5000020230907KABKOTA,Sumba Barat,,0.0623907023605,2.04212111278,4326,4,,,Sumba Barat,Nusa Tenggara Timur,,0,,,2023-02,0.23505670937524853,2,0.23505670937524853,VIIRS DNB,nW/cm2/sr,2023,"{""type"":""MultiPoint"",""coordinates"":[]}"
109_00000000000000000011,BA03050040,,,,,,,53.11,53,6984.01403441,TASWIL5000020230907KABKOTA,Sumba Timur,,0.575702142252,4.80415749282,4326,4,,,Sumba Timur,Nusa Tenggara Timur,,0,,,2023-02,0.3072147096420328,2,0.3072147096420328,VIIRS DNB,nW/cm2/sr,2023,"{""type"":""MultiPoint"",""coordinates"":[]}"
109_00000000000000000012,BA03050040,,,,,,,53.02,53,3933.15111495,TASWIL5000020230907KABKOTA,Timor Tengah Selatan,,0.324167140101,3.32375028444,4326,4,,,Timor Tengah Selatan,Nusa Tenggara Timur,,0,,,2023-02,0.12121680146568681,2,0.12121680146568681,VIIRS DNB,nW/cm2/sr,2023,"{""type"":""MultiPoint"",""coordinates"":[]}"
109_00000000000000000013,BA03050040,,,,,,,53.03,53,2623.19983128,TASWIL5000020230907KABKOTA,Timor Tengah Utara,,0.215921651765,3.4787254107,4326,4,,,Timor Tengah Utara,Nusa Tenggara Timur,,0,,,2023-02,0.22458263762802366,2,0.22458263762802366,VIIRS DNB,nW/cm2/sr,2023,"{""type"":""MultiPoint"",""coordinates"":[]}"
109_00000000000000000015,BA03050040,,,,,,,53.08,53,2085.24387061,TASWIL5000020230907KABKOTA,Ende,,0.171316232886,2.99297540949,4326,4,,,Ende,Nusa Tenggara Timur,,0,,,2023-02,0.2891698361810824,2,0.2891698361810824,VIIRS DNB,nW/cm2/sr,2023,"{""type"":""MultiPoint"",""coordinates"":[]}"
109_00000000000000000006,BA03050040,,,,,,,53.21,53,1109.16204574,TASWIL5000020230907KABKOTA,Malaka,,0.0913351434015,2.23370514726,4326,4,,,Malaka,Nusa Tenggara Timur,,0,Belu,,2023-02,0.40522757830845596,2,0.40522757830845596,VIIRS DNB,nW/cm2/sr,2023,"{""type"":""MultiPoint"",""coordinates"":[]}"
109_00000000000000000005,BA03050040,,,,,,,53.13,53,1268.10489804,TASWIL5000020230907KABKOTA,Lembata,,0.10410466891,3.45188597769,4326,4,,,Lembata,Nusa Tenggara Timur,,0,Flores Timur,,2023-02,0.006720157684082286,2,0.006720157684082286,VIIRS DNB,nW/cm2/sr,2023,"{""type"":""MultiPoint"",""coordinates"":[]}"
109_00000000000000000003,BA03050040,,,,,,,53.71,53,159.334041006,TASWIL5000020230907KABKOTA,Kota Kupang,,0.0131469663875,0.949087585397,4326,5,,,Kota Kupang,Nusa Tenggara Timur,,0,Kupang,,2023-02,7.230772816443917,2,7.230772816443917,VIIRS DNB,nW/cm2/sr,2023,"{""type"":""MultiPoint"",""coordinates"":[]}"
109_0000000000000000000c,BA03050040,,,,,,,53.14,53,1286.45281117,TASWIL5000020230907KABKOTA,Rote Ndao,,0.106321906477,4.76909476004,4326,4,,,Rote Ndao,Nusa Tenggara Timur,,0,Kupang,,2023-02,0.2639636219136765,2,0.2639636219136765,VIIRS DNB,nW/cm2/sr,2023,"{""type"":""MultiPoint"",""coordinates"":[]}"
109_0000000000000000000d,BA03050040,,,,,,,53.20,53,460.956594118,TASWIL5000020230907KABKOTA,Sabu Raijua,,0.0380736571077,1.23438979443,4326,4,,,Sabu Raijua,Nusa Tenggara Timur,,0,Kupang,,2023-02,0.3899154744561995,2,0.3899154744561995,VIIRS DNB,nW/cm2/sr,2023,"{""type"":""MultiPoint"",""coordinates"":[]}"
109_00000000000000000008,BA03050040,,,,,,,53.15,53,3128.99733567,TASWIL5000020230907KABKOTA,Manggarai Barat,,0.257018604578,10.7211601624,4326,4,,,Manggarai Barat,Nusa Tenggara Timur,,0,Manggarai,,2023-02,0.15844476337651042,2,0.15844476337651042,VIIRS DNB,nW/cm2/sr,2023,"{""type"":""MultiPoint"",""coordinates"":[]}"
109_00000000000000000009,BA03050040,,,,,,,53.19,53,2389.52959786,TASWIL5000020230907KABKOTA,Manggarai Timur,,0.196263276889,2.60910655519,4326,4,,,Manggarai Timur,Nusa Tenggara Timur,,0,Manggarai,,2023-02,0.3184739167623106,2,0.3184739167623106,VIIRS DNB,nW/cm2/sr,2023,"{""type"":""MultiPoint"",""coordinates"":[]}"
109_0000000000000000000a,BA03050040,,,,,,,53.16,53,1396.16423098,TASWIL5000020230907KABKOTA,Nagekeo,,0.114707914625,2.15252417923,4326,4,,,Nagekeo,Nusa Tenggara Timur,,0,Ngada,,2023-02,0.28534949169148816,2,0.28534949169148816,VIIRS DNB,nW/cm2/sr,2023,"{""type"":""MultiPoint"",""coordinates"":[]}"
109_00000000000000000010,BA03050040,,,,,,,53.17,53,1789.65872064,TASWIL5000020230907KABKOTA,Sumba Tengah,,0.147379835649,2.42469258111,4326,4,,,Sumba Tengah,Nusa Tenggara Timur,,0,Sumba Barat,,2023-02,0.22816899890707215,2,0.22816899890707215,VIIRS DNB,nW/cm2/sr,2023,"{""type"":""MultiPoint"",""coordinates"":[]}"
109_00000000000000000014,BA03050040,,,,,,,53.18,53,1383.31224571,TASWIL5000020230907KABKOTA,Sumba Barat Daya,,0.113913848979,1.59805558471,4326,4,,,Sumba Barat Daya,Nusa Tenggara Timur,,0,Sumba Barat,,2023-02,0.21429331454161715,2,0.21429331454161715,VIIRS DNB,nW/cm2/sr,2023,"{""type"":""MultiPoint"",""coordinates"":[]}"
110_00000000000000000000,BA03050040,,,,,,,53.05,53,2928.55881854,TASWIL5000020230907KABKOTA,Alor,,0.24037265184,5.67288749982,4326,4,,,Alor,Nusa Tenggara Timur,,0,,,2023-03,0.471748681594649,3,0.471748681594649,VIIRS DNB,nW/cm2/sr,2023,"{""type"":""MultiPoint"",""coordinates"":[]}"
110_00000000000000000001,BA03050040,,,,,,,53.04,53,1127.25008655,TASWIL5000020230907KABKOTA,Belu,,0.0927289736817,2.29261763369,4326,4,,,Belu,Nusa Tenggara Timur,,0,,,2023-03,0.5344064725713049,3,0.5344064725713049,VIIRS DNB,nW/cm2/sr,2023,"{""type"":""MultiPoint"",""coordinates"":[]}"
110_00000000000000000002,BA03050040,,,,,,,53.06,53,1748.5165523,TASWIL5000020230907KABKOTA,Flores Timur,,0.143538260694,4.68012528849,4326,4,,,Flores Timur,Nusa Tenggara Timur,,0,,,2023-03,0.4143439682114556,3,0.4143439682114556,VIIRS DNB,nW/cm2/sr,2023,"{""type"":""MultiPoint"",""coordinates"":[]}"
110_00000000000000000004,BA03050040,,,,,,,53.01,53,5136.51008742,TASWIL5000020230907KABKOTA,Kupang,,0.423459507198,6.26740520892,4326,4,,,Kupang,Nusa Tenggara Timur,,0,,,2023-03,0.469666487123809,3,0.469666487123809,VIIRS DNB,nW/cm2/sr,2023,"{""type"":""MultiPoint"",""coordinates"":[]}"
110_00000000000000000007,BA03050040,,,,,,,53.10,53,1343.83414797,TASWIL5000020230907KABKOTA,Manggarai,,0.11037433796,2.62044875269,4326,4,,,Manggarai,Nusa Tenggara Timur,,0,,,2023-03,0.5293208751014373,3,0.5293208751014373,VIIRS DNB,nW/cm2/sr,2023,"{""type"":""MultiPoint"",""coordinates"":[]}"
110_0000000000000000000b,BA03050040,,,,,,,53.09,53,1735.63521769,TASWIL5000020230907KABKOTA,Ngada,,0.142589549676,2.86650785507,4326,4,,,Ngada,Nusa Tenggara Timur,,0,,,2023-03,0.35758547481922826,3,0.35758547481922826,VIIRS DNB,nW/cm2/sr,2023,"{""type"":""MultiPoint"",""coordinates"":[]}"
110_0000000000000000000e,BA03050040,,,,,,,53.07,53,1671.64902391,TASWIL5000020230907KABKOTA,Sikka,,0.137312979206,3.89925449996,4326,4,,,Sikka,Nusa Tenggara Timur,,0,,,2023-03,0.1579179595582855,3,0.1579179595582855,VIIRS DNB,nW/cm2/sr,2023,"{""type"":""MultiPoint"",""coordinates"":[]}"
110_0000000000000000000f,BA03050040,,,,,,,53.12,53,757.407641007,TASWIL5000020230907KABKOTA,Sumba Barat,,0.0623907023605,2.04212111278,4326,4,,,Sumba Barat,Nusa Tenggara Timur,,0,,,2023-03,0.47064336222145026,3,0.47064336222145026,VIIRS DNB,nW/cm2/sr,2023,"{""type"":""MultiPoint"",""coordinates"":[]}"
110_00000000000000000011,BA03050040,,,,,,,53.11,53,6984.01403441,TASWIL5000020230907KABKOTA,Sumba Timur,,0.575702142252,4.80415749282,4326,4,,,Sumba Timur,Nusa Tenggara Timur,,0,,,2023-03,0.3788170308602602,3,0.3788170308602602,VIIRS DNB,nW/cm2/sr,2023,"{""type"":""MultiPoint"",""coordinates"":[]}"
110_00000000000000000012,BA03050040,,,,,,,53.02,53,3933.15111495,TASWIL5000020230907KABKOTA,Timor Tengah Selatan,,0.324167140101,3.32375028444,4326,4,,,Timor Tengah Selatan,Nusa Tenggara Timur,,0,,,2023-03,0.4685226547060804,3,0.4685226547060804,VIIRS DNB,nW/cm2/sr,2023,"{""type"":""MultiPoint"",""coordinates"":[]}"
110_00000000000000000013,BA03050040,,,,,,,53.03,53,2623.19983128,TASWIL5000020230907KABKOTA,Timor Tengah Utara,,0.215921651765,3.4787254107,4326,4,,,Timor Tengah Utara,Nusa Tenggara Timur,,0,,,2023-03,0.4536729786560736,3,0.4536729786560736,VIIRS DNB,nW/cm2/sr,2023,"{""type"":""MultiPoint"",""coordinates"":[]}"
110_00000000000000000015,BA03050040,,,,,,,53.08,53,2085.24387061,TASWIL5000020230907KABKOTA,Ende,,0.171316232886,2.99297540949,4326,4,,,Ende,Nusa Tenggara Timur,,0,,,2023-03,0.12864945815312456,3,0.12864945815312456,VIIRS DNB,nW/cm2/sr,2023,"{""type"":""MultiPoint"",""coordinates"":[]}"
110_00000000000000000006,BA03050040,,,,,,,53.21,53,1109.16204574,TASWIL5000020230907KABKOTA,Malaka,,0.0913351434015,2.23370514726,4326,4,,,Malaka,Nusa Tenggara Timur,,0,Belu,,2023-03,0.5577036961210841,3,0.5577036961210841,VIIRS DNB,nW/cm2/sr,2023,"{""type"":""MultiPoint"",""coordinates"":[]}"
110_00000000000000000005,BA03050040,,,,,,,53.13,53,1268.10489804,TASWIL5000020230907KABKOTA,Lembata,,0.10410466891,3.45188597769,4326,4,,,Lembata,Nusa Tenggara Timur,,0,Flores Timur,,2023-03,0.5280804715664947,3,0.5280804715664947,VIIRS DNB,nW/cm2/sr,2023,"{""type"":""MultiPoint"",""coordinates"":[]}"
110_00000000000000000003,BA03050040,,,,,,,53.71,53,159.334041006,TASWIL5000020230907KABKOTA,Kota Kupang,,0.0131469663875,0.949087585397,4326,5,,,Kota Kupang,Nusa Tenggara Timur,,0,Kupang,,2023-03,8.339017296145327,3,8.339017296145327,VIIRS DNB,nW/cm2/sr,2023,"{""type"":""MultiPoint"",""coordinates"":[]}"
110_0000000000000000000c,BA03050040,,,,,,,53.14,53,1286.45281117,TASWIL5000020230907KABKOTA,Rote Ndao,,0.106321906477,4.76909476004,4326,4,,,Rote Ndao,Nusa Tenggara Timur,,0,Kupang,,2023-03,0.4686671992452281,3,0.4686671992452281,VIIRS DNB,nW/cm2/sr,2023,"{""type"":""MultiPoint"",""coordinates"":[]}"
110_0000000000000000000d,BA03050040,,,,,,,53.20,53,460.956594118,TASWIL5000020230907KABKOTA,Sabu Raijua,,0.0380736571077,1.23438979443,4326,4,,,Sabu Raijua,Nusa Tenggara Timur,,0,Kupang,,2023-03,0.572698518965686,3,0.572698518965686,VIIRS DNB,nW/cm2/sr,2023,"{""type"":""MultiPoint"",""coordinates"":[]}"
110_00000000000000000008,BA03050040,,,,,,,53.15,53,3128.99733567,TASWIL5000020230907KABKOTA,Manggarai Barat,,0.257018604578,10.7211601624,4326,4,,,Manggarai Barat,Nusa Tenggara Timur,,0,Manggarai,,2023-03,0.4378648364988968,3,0.4378648364988968,VIIRS DNB,nW/cm2/sr,2023,"{""type"":""MultiPoint"",""coordinates"":[]}"
110_00000000000000000009,BA03050040,,,,,,,53.19,53,2389.52959786,TASWIL5000020230907KABKOTA,Manggarai Timur,,0.196263276889,2.60910655519,4326,4,,,Manggarai Timur,Nusa Tenggara Timur,,0,Manggarai,,2023-03,0.3676682213667416,3,0.3676682213667416,VIIRS DNB,nW/cm2/sr,2023,"{""type"":""MultiPoint"",""coordinates"":[]}"
110_0000000000000000000a,BA03050040,,,,,,,53.16,53,1396.16423098,TASWIL5000020230907KABKOTA,Nagekeo,,0.114707914625,2.15252417923,4326,4,,,Nagekeo,Nusa Tenggara Timur,,0,Ngada,,2023-03,0.30934778838863447,3,0.30934778838863447,VIIRS DNB,nW/cm2/sr,2023,"{""type"":""MultiPoint"",""coordinates"":[]}"
110_00000000000000000010,BA03050040,,,,,,,53.17,53,1789.65872064,TASWIL5000020230907KABKOTA,Sumba Tengah,,0.147379835649,2.42469258111,4326,4,,,Sumba Tengah,Nusa Tenggara Timur,,0,Sumba Barat,,2023-03,0.3631744127921891,3,0.3631744127921891,VIIRS DNB,nW/cm2/sr,2023,"{""type"":""MultiPoint"",""coordinates"":[]}"
110_00000000000000000014,BA03050040,,,,,,,53.18,53,1383.31224571,TASWIL5000020230907KABKOTA,Sumba Barat Daya,,0.113913848979,1.59805558471,4326,4,,,Sumba Barat Daya,Nusa Tenggara Timur,,0,Sumba Barat,,2023-03,0.4187315847863198,3,0.4187315847863198,VIIRS DNB,nW/cm2/sr,2023,"{""type"":""MultiPoint"",""coordinates"":[]}"
111_00000000000000000000,BA03050040,,,,,,,53.05,53,2928.55881854,TASWIL5000020230907KABKOTA,Alor,,0.24037265184,5.67288749982,4326,4,,,Alor,Nusa Tenggara Timur,,0,,,2023-04,0.4149062803085755,4,0.4149062803085755,VIIRS DNB,nW/cm2/sr,2023,"{""type"":""MultiPoint"",""coordinates"":[]}"
111_00000000000000000001,BA03050040,,,,,,,53.04,53,1127.25008655,TASWIL5000020230907KABKOTA,Belu,,0.0927289736817,2.29261763369,4326,4,,,Belu,Nusa Tenggara Timur,,0,,,2023-04,0.5382599126612755,4,0.5382599126612755,VIIRS DNB,nW/cm2/sr,2023,"{""type"":""MultiPoint"",""coordinates"":[]}"
111_00000000000000000002,BA03050040,,,,,,,53.06,53,1748.5165523,TASWIL5000020230907KABKOTA,Flores Timur,,0.143538260694,4.68012528849,4326,4,,,Flores Timur,Nusa Tenggara Timur,,0,,,2023-04,0.4331892777345048,4,0.4331892777345048,VIIRS DNB,nW/cm2/sr,2023,"{""type"":""MultiPoint"",""coordinates"":[]}"
111_00000000000000000004,BA03050040,,,,,,,53.01,53,5136.51008742,TASWIL5000020230907KABKOTA,Kupang,,0.423459507198,6.26740520892,4326,4,,,Kupang,Nusa Tenggara Timur,,0,,,2023-04,0.4308891103541664,4,0.4308891103541664,VIIRS DNB,nW/cm2/sr,2023,"{""type"":""MultiPoint"",""coordinates"":[]}"
111_00000000000000000007,BA03050040,,,,,,,53.10,53,1343.83414797,TASWIL5000020230907KABKOTA,Manggarai,,0.11037433796,2.62044875269,4326,4,,,Manggarai,Nusa Tenggara Timur,,0,,,2023-04,0.48220850602857607,4,0.48220850602857607,VIIRS DNB,nW/cm2/sr,2023,"{""type"":""MultiPoint"",""coordinates"":[]}"
111_0000000000000000000b,BA03050040,,,,,,,53.09,53,1735.63521769,TASWIL5000020230907KABKOTA,Ngada,,0.142589549676,2.86650785507,4326,4,,,Ngada,Nusa Tenggara Timur,,0,,,2023-04,0.39382865745578144,4,0.39382865745578144,VIIRS DNB,nW/cm2/sr,2023,"{""type"":""MultiPoint"",""coordinates"":[]}"
111_0000000000000000000e,BA03050040,,,,,,,53.07,53,1671.64902391,TASWIL5000020230907KABKOTA,Sikka,,0.137312979206,3.89925449996,4326,4,,,Sikka,Nusa Tenggara Timur,,0,,,2023-04,0.47437191306293863,4,0.47437191306293863,VIIRS DNB,nW/cm2/sr,2023,"{""type"":""MultiPoint"",""coordinates"":[]}"
111_0000000000000000000f,BA03050040,,,,,,,53.12,53,757.407641007,TASWIL5000020230907KABKOTA,Sumba Barat,,0.0623907023605,2.04212111278,4326,4,,,Sumba Barat,Nusa Tenggara Timur,,0,,,2023-04,0.45450273125479257,4,0.45450273125479257,VIIRS DNB,nW/cm2/sr,2023,"{""type"":""MultiPoint"",""coordinates"":[]}"
111_00000000000000000011,BA03050040,,,,,,,53.11,53,6984.01403441,TASWIL5000020230907KABKOTA,Sumba Timur,,0.575702142252,4.80415749282,4326,4,,,Sumba Timur,Nusa Tenggara Timur,,0,,,2023-04,0.3922964923748697,4,0.3922964923748697,VIIRS DNB,nW/cm2/sr,2023,"{""type"":""MultiPoint"",""coordinates"":[]}"
111_00000000000000000012,BA03050040,,,,,,,53.02,53,3933.15111495,TASWIL5000020230907KABKOTA,Timor Tengah Selatan,,0.324167140101,3.32375028444,4326,4,,,Timor Tengah Selatan,Nusa Tenggara Timur,,0,,,2023-04,0.44006298903453334,4,0.44006298903453334,VIIRS DNB,nW/cm2/sr,2023,"{""type"":""MultiPoint"",""coordinates"":[]}"
111_00000000000000000013,BA03050040,,,,,,,53.03,53,2623.19983128,TASWIL5000020230907KABKOTA,Timor Tengah Utara,,0.215921651765,3.4787254107,4326,4,,,Timor Tengah Utara,Nusa Tenggara Timur,,0,,,2023-04,0.4430274150212561,4,0.4430274150212561,VIIRS DNB,nW/cm2/sr,2023,"{""type"":""MultiPoint"",""coordinates"":[]}"
111_00000000000000000015,BA03050040,,,,,,,53.08,53,2085.24387061,TASWIL5000020230907KABKOTA,Ende,,0.171316232886,2.99297540949,4326,4,,,Ende,Nusa Tenggara Timur,,0,,,2023-04,0.45337565413383996,4,0.45337565413383996,VIIRS DNB,nW/cm2/sr,2023,"{""type"":""MultiPoint"",""coordinates"":[]}"
111_00000000000000000006,BA03050040,,,,,,,53.21,53,1109.16204574,TASWIL5000020230907KABKOTA,Malaka,,0.0913351434015,2.23370514726,4326,4,,,Malaka,Nusa Tenggara Timur,,0,Belu,,2023-04,0.5238472038770963,4,0.5238472038770963,VIIRS DNB,nW/cm2/sr,2023,"{""type"":""MultiPoint"",""coordinates"":[]}"
111_00000000000000000005,BA03050040,,,,,,,53.13,53,1268.10489804,TASWIL5000020230907KABKOTA,Lembata,,0.10410466891,3.45188597769,4326,4,,,Lembata,Nusa Tenggara Timur,,0,Flores Timur,,2023-04,0.47943786818021566,4,0.47943786818021566,VIIRS DNB,nW/cm2/sr,2023,"{""type"":""MultiPoint"",""coordinates"":[]}"
111_00000000000000000003,BA03050040,,,,,,,53.71,53,159.334041006,TASWIL5000020230907KABKOTA,Kota Kupang,,0.0131469663875,0.949087585397,4326,5,,,Kota Kupang,Nusa Tenggara Timur,,0,Kupang,,2023-04,8.31659723281667,4,8.31659723281667,VIIRS DNB,nW/cm2/sr,2023,"{""type"":""MultiPoint"",""coordinates"":[]}"
111_0000000000000000000c,BA03050040,,,,,,,53.14,53,1286.45281117,TASWIL5000020230907KABKOTA,Rote Ndao,,0.106321906477,4.76909476004,4326,4,,,Rote Ndao,Nusa Tenggara Timur,,0,Kupang,,2023-04,0.4103792687029556,4,0.4103792687029556,VIIRS DNB,nW/cm2/sr,2023,"{""type"":""MultiPoint"",""coordinates"":[]}"
111_0000000000000000000d,BA03050040,,,,,,,53.20,53,460.956594118,TASWIL5000020230907KABKOTA,Sabu Raijua,,0.0380736571077,1.23438979443,4326,4,,,Sabu Raijua,Nusa Tenggara Timur,,0,Kupang,,2023-04,0.48777421165128554,4,0.48777421165128554,VIIRS DNB,nW/cm2/sr,2023,"{""type"":""MultiPoint"",""coordinates"":[]}"
111_00000000000000000008,BA03050040,,,,,,,53.15,53,3128.99733567,TASWIL5000020230907KABKOTA,Manggarai Barat,,0.257018604578,10.7211601624,4326,4,,,Manggarai Barat,Nusa Tenggara Timur,,0,Manggarai,,2023-04,0.45484971245829303,4,0.45484971245829303,VIIRS DNB,nW/cm2/sr,2023,"{""type"":""MultiPoint"",""coordinates"":[]}"
111_00000000000000000009,BA03050040,,,,,,,53.19,53,2389.52959786,TASWIL5000020230907KABKOTA,Manggarai Timur,,0.196263276889,2.60910655519,4326,4,,,Manggarai Timur,Nusa Tenggara Timur,,0,Manggarai,,2023-04,0.3970669661158239,4,0.3970669661158239,VIIRS DNB,nW/cm2/sr,2023,"{""type"":""MultiPoint"",""coordinates"":[]}"
111_0000000000000000000a,BA03050040,,,,,,,53.16,53,1396.16423098,TASWIL5000020230907KABKOTA,Nagekeo,,0.114707914625,2.15252417923,4326,4,,,Nagekeo,Nusa Tenggara Timur,,0,Ngada,,2023-04,0.4177873239609653,4,0.4177873239609653,VIIRS DNB,nW/cm2/sr,2023,"{""type"":""MultiPoint"",""coordinates"":[]}"
111_00000000000000000010,BA03050040,,,,,,,53.17,53,1789.65872064,TASWIL5000020230907KABKOTA,Sumba Tengah,,0.147379835649,2.42469258111,4326,4,,,Sumba Tengah,Nusa Tenggara Timur,,0,Sumba Barat,,2023-04,0.3590490086843557,4,0.3590490086843557,VIIRS DNB,nW/cm2/sr,2023,"{""type"":""MultiPoint"",""coordinates"":[]}"
111_00000000000000000014,BA03050040,,,,,,,53.18,53,1383.31224571,TASWIL5000020230907KABKOTA,Sumba Barat Daya,,0.113913848979,1.59805558471,4326,4,,,Sumba Barat Daya,Nusa Tenggara Timur,,0,Sumba Barat,,2023-04,0.4241840184812175,4,0.4241840184812175,VIIRS DNB,nW/cm2/sr,2023,"{""type"":""MultiPoint"",""coordinates"":[]}"
112_00000000000000000000,BA03050040,,,,,,,53.05,53,2928.55881854,TASWIL5000020230907KABKOTA,Alor,,0.24037265184,5.67288749982,4326,4,,,Alor,Nusa Tenggara Timur,,0,,,2023-05,0.32569057394668344,5,0.32569057394668344,VIIRS DNB,nW/cm2/sr,2023,"{""type"":""MultiPoint"",""coordinates"":[]}"
112_00000000000000000001,BA03050040,,,,,,,53.04,53,1127.25008655,TASWIL5000020230907KABKOTA,Belu,,0.0927289736817,2.29261763369,4326,4,,,Belu,Nusa Tenggara Timur,,0,,,2023-05,0.47362694790415943,5,0.47362694790415943,VIIRS DNB,nW/cm2/sr,2023,"{""type"":""MultiPoint"",""coordinates"":[]}"
112_00000000000000000002,BA03050040,,,,,,,53.06,53,1748.5165523,TASWIL5000020230907KABKOTA,Flores Timur,,0.143538260694,4.68012528849,4326,4,,,Flores Timur,Nusa Tenggara Timur,,0,,,2023-05,0.37873071158468713,5,0.37873071158468713,VIIRS DNB,nW/cm2/sr,2023,"{""type"":""MultiPoint"",""coordinates"":[]}"
112_00000000000000000004,BA03050040,,,,,,,53.01,53,5136.51008742,TASWIL5000020230907KABKOTA,Kupang,,0.423459507198,6.26740520892,4326,4,,,Kupang,Nusa Tenggara Timur,,0,,,2023-05,0.39021716028143333,5,0.39021716028143333,VIIRS DNB,nW/cm2/sr,2023,"{""type"":""MultiPoint"",""coordinates"":[]}"
112_00000000000000000007,BA03050040,,,,,,,53.10,53,1343.83414797,TASWIL5000020230907KABKOTA,Manggarai,,0.11037433796,2.62044875269,4326,4,,,Manggarai,Nusa Tenggara Timur,,0,,,2023-05,0.46956298119383416,5,0.46956298119383416,VIIRS DNB,nW/cm2/sr,2023,"{""type"":""MultiPoint"",""coordinates"":[]}"
112_0000000000000000000b,BA03050040,,,,,,,53.09,53,1735.63521769,TASWIL5000020230907KABKOTA,Ngada,,0.142589549676,2.86650785507,4326,4,,,Ngada,Nusa Tenggara Timur,,0,,,2023-05,0.347497117263966,5,0.347497117263966,VIIRS DNB,nW/cm2/sr,2023,"{""type"":""MultiPoint"",""coordinates"":[]}"
112_0000000000000000000e,BA03050040,,,,,,,53.07,53,1671.64902391,TASWIL5000020230907KABKOTA,Sikka,,0.137312979206,3.89925449996,4326,4,,,Sikka,Nusa Tenggara Timur,,0,,,2023-05,0.441078755863938,5,0.441078755863938,VIIRS DNB,nW/cm2/sr,2023,"{""type"":""MultiPoint"",""coordinates"":[]}"
112_0000000000000000000f,BA03050040,,,,,,,53.12,53,757.407641007,TASWIL5000020230907KABKOTA,Sumba Barat,,0.0623907023605,2.04212111278,4326,4,,,Sumba Barat,Nusa Tenggara Timur,,0,,,2023-05,0.40743354825804445,5,0.40743354825804445,VIIRS DNB,nW/cm2/sr,2023,"{""type"":""MultiPoint"",""coordinates"":[]}"
112_00000000000000000011,BA03050040,,,,,,,53.11,53,6984.01403441,TASWIL5000020230907KABKOTA,Sumba Timur,,0.575702142252,4.80415749282,4326,4,,,Sumba Timur,Nusa Tenggara Timur,,0,,,2023-05,0.33136587716670596,5,0.33136587716670596,VIIRS DNB,nW/cm2/sr,2023,"{""type"":""MultiPoint"",""coordinates"":[]}"
112_00000000000000000012,BA03050040,,,,,,,53.02,53,3933.15111495,TASWIL5000020230907KABKOTA,Timor Tengah Selatan,,0.324167140101,3.32375028444,4326,4,,,Timor Tengah Selatan,Nusa Tenggara Timur,,0,,,2023-05,0.37352397164025314,5,0.37352397164025314,VIIRS DNB,nW/cm2/sr,2023,"{""type"":""MultiPoint"",""coordinates"":[]}"
112_00000000000000000013,BA03050040,,,,,,,53.03,53,2623.19983128,TASWIL5000020230907KABKOTA,Timor Tengah Utara,,0.215921651765,3.4787254107,4326,4,,,Timor Tengah Utara,Nusa Tenggara Timur,,0,,,2023-05,0.3698609934431925,5,0.3698609934431925,VIIRS DNB,nW/cm2/sr,2023,"{""type"":""MultiPoint"",""coordinates"":[]}"
112_00000000000000000015,BA03050040,,,,,,,53.08,53,2085.24387061,TASWIL5000020230907KABKOTA,Ende,,0.171316232886,2.99297540949,4326,4,,,Ende,Nusa Tenggara Timur,,0,,,2023-05,0.3978748416771126,5,0.3978748416771126,VIIRS DNB,nW/cm2/sr,2023,"{""type"":""MultiPoint"",""coordinates"":[]}"
112_00000000000000000006,BA03050040,,,,,,,53.21,53,1109.16204574,TASWIL5000020230907KABKOTA,Malaka,,0.0913351434015,2.23370514726,4326,4,,,Malaka,Nusa Tenggara Timur,,0,Belu,,2023-05,0.4258933407443363,5,0.4258933407443363,VIIRS DNB,nW/cm2/sr,2023,"{""type"":""MultiPoint"",""coordinates"":[]}"
112_00000000000000000005,BA03050040,,,,,,,53.13,53,1268.10489804,TASWIL5000020230907KABKOTA,Lembata,,0.10410466891,3.45188597769,4326,4,,,Lembata,Nusa Tenggara Timur,,0,Flores Timur,,2023-05,0.3701358857533678,5,0.3701358857533678,VIIRS DNB,nW/cm2/sr,2023,"{""type"":""MultiPoint"",""coordinates"":[]}"
112_00000000000000000003,BA03050040,,,,,,,53.71,53,159.334041006,TASWIL5000020230907KABKOTA,Kota Kupang,,0.0131469663875,0.949087585397,4326,5,,,Kota Kupang,Nusa Tenggara Timur,,0,Kupang,,2023-05,9.049061602015279,5,9.049061602015279,VIIRS DNB,nW/cm2/sr,2023,"{""type"":""MultiPoint"",""coordinates"":[]}"
112_0000000000000000000c,BA03050040,,,,,,,53.14,53,1286.45281117,TASWIL5000020230907KABKOTA,Rote Ndao,,0.106321906477,4.76909476004,4326,4,,,Rote Ndao,Nusa Tenggara Timur,,0,Kupang,,2023-05,0.3692242155126648,5,0.3692242155126648,VIIRS DNB,nW/cm2/sr,2023,"{""type"":""MultiPoint"",""coordinates"":[]}"
112_0000000000000000000d,BA03050040,,,,,,,53.20,53,460.956594118,TASWIL5000020230907KABKOTA,Sabu Raijua,,0.0380736571077,1.23438979443,4326,4,,,Sabu Raijua,Nusa Tenggara Timur,,0,Kupang,,2023-05,0.47163920564780965,5,0.47163920564780965,VIIRS DNB,nW/cm2/sr,2023,"{""type"":""MultiPoint"",""coordinates"":[]}"
112_00000000000000000008,BA03050040,,,,,,,53.15,53,3128.99733567,TASWIL5000020230907KABKOTA,Manggarai Barat,,0.257018604578,10.7211601624,4326,4,,,Manggarai Barat,Nusa Tenggara Timur,,0,Manggarai,,2023-05,0.39883348259272833,5,0.39883348259272833,VIIRS DNB,nW/cm2/sr,2023,"{""type"":""MultiPoint"",""coordinates"":[]}"
112_00000000000000000009,BA03050040,,,,,,,53.19,53,2389.52959786,TASWIL5000020230907KABKOTA,Manggarai Timur,,0.196263276889,2.60910655519,4326,4,,,Manggarai Timur,Nusa Tenggara Timur,,0,Manggarai,,2023-05,0.3538258496996032,5,0.3538258496996032,VIIRS DNB,nW/cm2/sr,2023,"{""type"":""MultiPoint"",""coordinates"":[]}"
112_0000000000000000000a,BA03050040,,,,,,,53.16,53,1396.16423098,TASWIL5000020230907KABKOTA,Nagekeo,,0.114707914625,2.15252417923,4326,4,,,Nagekeo,Nusa Tenggara Timur,,0,Ngada,,2023-05,0.39686855848393926,5,0.39686855848393926,VIIRS DNB,nW/cm2/sr,2023,"{""type"":""MultiPoint"",""coordinates"":[]}"
112_00000000000000000010,BA03050040,,,,,,,53.17,53,1789.65872064,TASWIL5000020230907KABKOTA,Sumba Tengah,,0.147379835649,2.42469258111,4326,4,,,Sumba Tengah,Nusa Tenggara Timur,,0,Sumba Barat,,2023-05,0.3150188585271177,5,0.3150188585271177,VIIRS DNB,nW/cm2/sr,2023,"{""type"":""MultiPoint"",""coordinates"":[]}"
112_00000000000000000014,BA03050040,,,,,,,53.18,53,1383.31224571,TASWIL5000020230907KABKOTA,Sumba Barat Daya,,0.113913848979,1.59805558471,4326,4,,,Sumba Barat Daya,Nusa Tenggara Timur,,0,Sumba Barat,,2023-05,0.3774166691647853,5,0.3774166691647853,VIIRS DNB,nW/cm2/sr,2023,"{""type"":""MultiPoint"",""coordinates"":[]}"
113_00000000000000000000,BA03050040,,,,,,,53.05,53,2928.55881854,TASWIL5000020230907KABKOTA,Alor,,0.24037265184,5.67288749982,4326,4,,,Alor,Nusa Tenggara Timur,,0,,,2023-06,0.2281944246046451,6,0.2281944246046451,VIIRS DNB,nW/cm2/sr,2023,"{""type"":""MultiPoint"",""coordinates"":[]}"
113_00000000000000000001,BA03050040,,,,,,,53.04,53,1127.25008655,TASWIL5000020230907KABKOTA,Belu,,0.0927289736817,2.29261763369,4326,4,,,Belu,Nusa Tenggara Timur,,0,,,2023-06,0.3850810758150296,6,0.3850810758150296,VIIRS DNB,nW/cm2/sr,2023,"{""type"":""MultiPoint"",""coordinates"":[]}"
113_00000000000000000002,BA03050040,,,,,,,53.06,53,1748.5165523,TASWIL5000020230907KABKOTA,Flores Timur,,0.143538260694,4.68012528849,4326,4,,,Flores Timur,Nusa Tenggara Timur,,0,,,2023-06,0.28100590959428423,6,0.28100590959428423,VIIRS DNB,nW/cm2/sr,2023,"{""type"":""MultiPoint"",""coordinates"":[]}"
113_00000000000000000004,BA03050040,,,,,,,53.01,53,5136.51008742,TASWIL5000020230907KABKOTA,Kupang,,0.423459507198,6.26740520892,4326,4,,,Kupang,Nusa Tenggara Timur,,0,,,2023-06,0.3040531904351997,6,0.3040531904351997,VIIRS DNB,nW/cm2/sr,2023,"{""type"":""MultiPoint"",""coordinates"":[]}"
113_00000000000000000007,BA03050040,,,,,,,53.10,53,1343.83414797,TASWIL5000020230907KABKOTA,Manggarai,,0.11037433796,2.62044875269,4326,4,,,Manggarai,Nusa Tenggara Timur,,0,,,2023-06,0.3834781294880198,6,0.3834781294880198,VIIRS DNB,nW/cm2/sr,2023,"{""type"":""MultiPoint"",""coordinates"":[]}"
113_0000000000000000000b,BA03050040,,,,,,,53.09,53,1735.63521769,TASWIL5000020230907KABKOTA,Ngada,,0.142589549676,2.86650785507,4326,4,,,Ngada,Nusa Tenggara Timur,,0,,,2023-06,0.2527993206637307,6,0.2527993206637307,VIIRS DNB,nW/cm2/sr,2023,"{""type"":""MultiPoint"",""coordinates"":[]}"
113_0000000000000000000e,BA03050040,,,,,,,53.07,53,1671.64902391,TASWIL5000020230907KABKOTA,Sikka,,0.137312979206,3.89925449996,4326,4,,,Sikka,Nusa Tenggara Timur,,0,,,2023-06,0.3663554626227704,6,0.3663554626227704,VIIRS DNB,nW/cm2/sr,2023,"{""type"":""MultiPoint"",""coordinates"":[]}"
113_0000000000000000000f,BA03050040,,,,,,,53.12,53,757.407641007,TASWIL5000020230907KABKOTA,Sumba Barat,,0.0623907023605,2.04212111278,4326,4,,,Sumba Barat,Nusa Tenggara Timur,,0,,,2023-06,0.33249983206669226,6,0.33249983206669226,VIIRS DNB,nW/cm2/sr,2023,"{""type"":""MultiPoint"",""coordinates"":[]}"
113_00000000000000000011,BA03050040,,,,,,,53.11,53,6984.01403441,TASWIL5000020230907KABKOTA,Sumba Timur,,0.575702142252,4.80415749282,4326,4,,,Sumba Timur,Nusa Tenggara Timur,,0,,,2023-06,0.23341588438807875,6,0.23341588438807875,VIIRS DNB,nW/cm2/sr,2023,"{""type"":""MultiPoint"",""coordinates"":[]}"
113_00000000000000000012,BA03050040,,,,,,,53.02,53,3933.15111495,TASWIL5000020230907KABKOTA,Timor Tengah Selatan,,0.324167140101,3.32375028444,4326,4,,,Timor Tengah Selatan,Nusa Tenggara Timur,,0,,,2023-06,0.28003580769666275,6,0.28003580769666275,VIIRS DNB,nW/cm2/sr,2023,"{""type"":""MultiPoint"",""coordinates"":[]}"
113_00000000000000000013,BA03050040,,,,,,,53.03,53,2623.19983128,TASWIL5000020230907KABKOTA,Timor Tengah Utara,,0.215921651765,3.4787254107,4326,4,,,Timor Tengah Utara,Nusa Tenggara Timur,,0,,,2023-06,0.27314932898990224,6,0.27314932898990224,VIIRS DNB,nW/cm2/sr,2023,"{""type"":""MultiPoint"",""coordinates"":[]}"
113_00000000000000000015,BA03050040,,,,,,,53.08,53,2085.24387061,TASWIL5000020230907KABKOTA,Ende,,0.171316232886,2.99297540949,4326,4,,,Ende,Nusa Tenggara Timur,,0,,,2023-06,0.3134868267064334,6,0.3134868267064334,VIIRS DNB,nW/cm2/sr,2023,"{""type"":""MultiPoint"",""coordinates"":[]}"
113_00000000000000000006,BA03050040,,,,,,,53.21,53,1109.16204574,TASWIL5000020230907KABKOTA,Malaka,,0.0913351434015,2.23370514726,4326,4,,,Malaka,Nusa Tenggara Timur,,0,Belu,,2023-06,0.3340647566950135,6,0.3340647566950135,VIIRS DNB,nW/cm2/sr,2023,"{""type"":""MultiPoint"",""coordinates"":[]}"
113_00000000000000000005,BA03050040,,,,,,,53.13,53,1268.10489804,TASWIL5000020230907KABKOTA,Lembata,,0.10410466891,3.45188597769,4326,4,,,Lembata,Nusa Tenggara Timur,,0,Flores Timur,,2023-06,0.2885249751368614,6,0.2885249751368614,VIIRS DNB,nW/cm2/sr,2023,"{""type"":""MultiPoint"",""coordinates"":[]}"
113_00000000000000000003,BA03050040,,,,,,,53.71,53,159.334041006,TASWIL5000020230907KABKOTA,Kota Kupang,,0.0131469663875,0.949087585397,4326,5,,,Kota Kupang,Nusa Tenggara Timur,,0,Kupang,,2023-06,9.023996800960772,6,9.023996800960772,VIIRS DNB,nW/cm2/sr,2023,"{""type"":""MultiPoint"",""coordinates"":[]}"
113_0000000000000000000c,BA03050040,,,,,,,53.14,53,1286.45281117,TASWIL5000020230907KABKOTA,Rote Ndao,,0.106321906477,4.76909476004,4326,4,,,Rote Ndao,Nusa Tenggara Timur,,0,Kupang,,2023-06,0.29346236137595016,6,0.29346236137595016,VIIRS DNB,nW/cm2/sr,2023,"{""type"":""MultiPoint"",""coordinates"":[]}"
113_0000000000000000000d,BA03050040,,,,,,,53.20,53,460.956594118,TASWIL5000020230907KABKOTA,Sabu Raijua,,0.0380736571077,1.23438979443,4326,4,,,Sabu Raijua,Nusa Tenggara Timur,,0,Kupang,,2023-06,0.40969394748789395,6,0.40969394748789395,VIIRS DNB,nW/cm2/sr,2023,"{""type"":""MultiPoint"",""coordinates"":[]}"
113_00000000000000000008,BA03050040,,,,,,,53.15,53,3128.99733567,TASWIL5000020230907KABKOTA,Manggarai Barat,,0.257018604578,10.7211601624,4326,4,,,Manggarai Barat,Nusa Tenggara Timur,,0,Manggarai,,2023-06,0.301213546810796,6,0.301213546810796,VIIRS DNB,nW/cm2/sr,2023,"{""type"":""MultiPoint"",""coordinates"":[]}"
113_00000000000000000009,BA03050040,,,,,,,53.19,53,2389.52959786,TASWIL5000020230907KABKOTA,Manggarai Timur,,0.196263276889,2.60910655519,4326,4,,,Manggarai Timur,Nusa Tenggara Timur,,0,Manggarai,,2023-06,0.2598326246425328,6,0.2598326246425328,VIIRS DNB,nW/cm2/sr,2023,"{""type"":""MultiPoint"",""coordinates"":[]}"
113_0000000000000000000a,BA03050040,,,,,,,53.16,53,1396.16423098,TASWIL5000020230907KABKOTA,Nagekeo,,0.114707914625,2.15252417923,4326,4,,,Nagekeo,Nusa Tenggara Timur,,0,Ngada,,2023-06,0.3025499451376625,6,0.3025499451376625,VIIRS DNB,nW/cm2/sr,2023,"{""type"":""MultiPoint"",""coordinates"":[]}"
113_00000000000000000010,BA03050040,,,,,,,53.17,53,1789.65872064,TASWIL5000020230907KABKOTA,Sumba Tengah,,0.147379835649,2.42469258111,4326,4,,,Sumba Tengah,Nusa Tenggara Timur,,0,Sumba Barat,,2023-06,0.22524663209462378,6,0.22524663209462378,VIIRS DNB,nW/cm2/sr,2023,"{""type"":""MultiPoint"",""coordinates"":[]}"
113_00000000000000000014,BA03050040,,,,,,,53.18,53,1383.31224571,TASWIL5000020230907KABKOTA,Sumba Barat Daya,,0.113913848979,1.59805558471,4326,4,,,Sumba Barat Daya,Nusa Tenggara Timur,,0,Sumba Barat,,2023-06,0.3074639191538145,6,0.3074639191538145,VIIRS DNB,nW/cm2/sr,2023,"{""type"":""MultiPoint"",""coordinates"":[]}"
114_00000000000000000000,BA03050040,,,,,,,53.05,53,2928.55881854,TASWIL5000020230907KABKOTA,Alor,,0.24037265184,5.67288749982,4326,4,,,Alor,Nusa Tenggara Timur,,0,,,2023-07,0.2704539507478557,7,0.2704539507478557,VIIRS DNB,nW/cm2/sr,2023,"{""type"":""MultiPoint"",""coordinates"":[]}"
114_00000000000000000001,BA03050040,,,,,,,53.04,53,1127.25008655,TASWIL5000020230907KABKOTA,Belu,,0.0927289736817,2.29261763369,4326,4,,,Belu,Nusa Tenggara Timur,,0,,,2023-07,0.4339404892223139,7,0.4339404892223139,VIIRS DNB,nW/cm2/sr,2023,"{""type"":""MultiPoint"",""coordinates"":[]}"
114_00000000000000000002,BA03050040,,,,,,,53.06,53,1748.5165523,TASWIL5000020230907KABKOTA,Flores Timur,,0.143538260694,4.68012528849,4326,4,,,Flores Timur,Nusa Tenggara Timur,,0,,,2023-07,0.3180100386691204,7,0.3180100386691204,VIIRS DNB,nW/cm2/sr,2023,"{""type"":""MultiPoint"",""coordinates"":[]}"
114_00000000000000000004,BA03050040,,,,,,,53.01,53,5136.51008742,TASWIL5000020230907KABKOTA,Kupang,,0.423459507198,6.26740520892,4326,4,,,Kupang,Nusa Tenggara Timur,,0,,,2023-07,0.3317133403996866,7,0.3317133403996866,VIIRS DNB,nW/cm2/sr,2023,"{""type"":""MultiPoint"",""coordinates"":[]}"
114_00000000000000000007,BA03050040,,,,,,,53.10,53,1343.83414797,TASWIL5000020230907KABKOTA,Manggarai,,0.11037433796,2.62044875269,4326,4,,,Manggarai,Nusa Tenggara Timur,,0,,,2023-07,0.3820414862492975,7,0.3820414862492975,VIIRS DNB,nW/cm2/sr,2023,"{""type"":""MultiPoint"",""coordinates"":[]}"
114_0000000000000000000b,BA03050040,,,,,,,53.09,53,1735.63521769,TASWIL5000020230907KABKOTA,Ngada,,0.142589549676,2.86650785507,4326,4,,,Ngada,Nusa Tenggara Timur,,0,,,2023-07,0.27264081442980626,7,0.27264081442980626,VIIRS DNB,nW/cm2/sr,2023,"{""type"":""MultiPoint"",""coordinates"":[]}"
114_0000000000000000000e,BA03050040,,,,,,,53.07,53,1671.64902391,TASWIL5000020230907KABKOTA,Sikka,,0.137312979206,3.89925449996,4326,4,,,Sikka,Nusa Tenggara Timur,,0,,,2023-07,0.38843684086868385,7,0.38843684086868385,VIIRS DNB,nW/cm2/sr,2023,"{""type"":""MultiPoint"",""coordinates"":[]}"
114_0000000000000000000f,BA03050040,,,,,,,53.12,53,757.407641007,TASWIL5000020230907KABKOTA,Sumba Barat,,0.0623907023605,2.04212111278,4326,4,,,Sumba Barat,Nusa Tenggara Timur,,0,,,2023-07,0.34537104176705474,7,0.34537104176705474,VIIRS DNB,nW/cm2/sr,2023,"{""type"":""MultiPoint"",""coordinates"":[]}"
114_00000000000000000011,BA03050040,,,,,,,53.11,53,6984.01403441,TASWIL5000020230907KABKOTA,Sumba Timur,,0.575702142252,4.80415749282,4326,4,,,Sumba Timur,Nusa Tenggara Timur,,0,,,2023-07,0.2562131465170943,7,0.2562131465170943,VIIRS DNB,nW/cm2/sr,2023,"{""type"":""MultiPoint"",""coordinates"":[]}"
114_00000000000000000012,BA03050040,,,,,,,53.02,53,3933.15111495,TASWIL5000020230907KABKOTA,Timor Tengah Selatan,,0.324167140101,3.32375028444,4326,4,,,Timor Tengah Selatan,Nusa Tenggara Timur,,0,,,2023-07,0.31513353613143463,7,0.31513353613143463,VIIRS DNB,nW/cm2/sr,2023,"{""type"":""MultiPoint"",""coordinates"":[]}"
114_00000000000000000013,BA03050040,,,,,,,53.03,53,2623.19983128,TASWIL5000020230907KABKOTA,Timor Tengah Utara,,0.215921651765,3.4787254107,4326,4,,,Timor Tengah Utara,Nusa Tenggara Timur,,0,,,2023-07,0.30544727844051933,7,0.30544727844051933,VIIRS DNB,nW/cm2/sr,2023,"{""type"":""MultiPoint"",""coordinates"":[]}"
114_00000000000000000015,BA03050040,,,,,,,53.08,53,2085.24387061,TASWIL5000020230907KABKOTA,Ende,,0.171316232886,2.99297540949,4326,4,,,Ende,Nusa Tenggara Timur,,0,,,2023-07,0.3223947604622483,7,0.3223947604622483,VIIRS DNB,nW/cm2/sr,2023,"{""type"":""MultiPoint"",""coordinates"":[]}"
114_00000000000000000006,BA03050040,,,,,,,53.21,53,1109.16204574,TASWIL5000020230907KABKOTA,Malaka,,0.0913351434015,2.23370514726,4326,4,,,Malaka,Nusa Tenggara Timur,,0,Belu,,2023-07,0.37410599254614274,7,0.37410599254614274,VIIRS DNB,nW/cm2/sr,2023,"{""type"":""MultiPoint"",""coordinates"":[]}"
114_00000000000000000005,BA03050040,,,,,,,53.13,53,1268.10489804,TASWIL5000020230907KABKOTA,Lembata,,0.10410466891,3.45188597769,4326,4,,,Lembata,Nusa Tenggara Timur,,0,Flores Timur,,2023-07,0.3244519419588429,7,0.3244519419588429,VIIRS DNB,nW/cm2/sr,2023,"{""type"":""MultiPoint"",""coordinates"":[]}"
114_00000000000000000003,BA03050040,,,,,,,53.71,53,159.334041006,TASWIL5000020230907KABKOTA,Kota Kupang,,0.0131469663875,0.949087585397,4326,5,,,Kota Kupang,Nusa Tenggara Timur,,0,Kupang,,2023-07,9.281689516651683,7,9.281689516651683,VIIRS DNB,nW/cm2/sr,2023,"{""type"":""MultiPoint"",""coordinates"":[]}"
114_0000000000000000000c,BA03050040,,,,,,,53.14,53,1286.45281117,TASWIL5000020230907KABKOTA,Rote Ndao,,0.106321906477,4.76909476004,4326,4,,,Rote Ndao,Nusa Tenggara Timur,,0,Kupang,,2023-07,0.3566581482224832,7,0.3566581482224832,VIIRS DNB,nW/cm2/sr,2023,"{""type"":""MultiPoint"",""coordinates"":[]}"
114_0000000000000000000d,BA03050040,,,,,,,53.20,53,460.956594118,TASWIL5000020230907KABKOTA,Sabu Raijua,,0.0380736571077,1.23438979443,4326,4,,,Sabu Raijua,Nusa Tenggara Timur,,0,Kupang,,2023-07,0.4246199593083301,7,0.4246199593083301,VIIRS DNB,nW/cm2/sr,2023,"{""type"":""MultiPoint"",""coordinates"":[]}"
114_00000000000000000008,BA03050040,,,,,,,53.15,53,3128.99733567,TASWIL5000020230907KABKOTA,Manggarai Barat,,0.257018604578,10.7211601624,4326,4,,,Manggarai Barat,Nusa Tenggara Timur,,0,Manggarai,,2023-07,0.30738574328711454,7,0.30738574328711454,VIIRS DNB,nW/cm2/sr,2023,"{""type"":""MultiPoint"",""coordinates"":[]}"
114_00000000000000000009,BA03050040,,,,,,,53.19,53,2389.52959786,TASWIL5000020230907KABKOTA,Manggarai Timur,,0.196263276889,2.60910655519,4326,4,,,Manggarai Timur,Nusa Tenggara Timur,,0,Manggarai,,2023-07,0.25922468925779385,7,0.25922468925779385,VIIRS DNB,nW/cm2/sr,2023,"{""type"":""MultiPoint"",""coordinates"":[]}"
114_0000000000000000000a,BA03050040,,,,,,,53.16,53,1396.16423098,TASWIL5000020230907KABKOTA,Nagekeo,,0.114707914625,2.15252417923,4326,4,,,Nagekeo,Nusa Tenggara Timur,,0,Ngada,,2023-07,0.32326771701976587,7,0.32326771701976587,VIIRS DNB,nW/cm2/sr,2023,"{""type"":""MultiPoint"",""coordinates"":[]}"
114_00000000000000000010,BA03050040,,,,,,,53.17,53,1789.65872064,TASWIL5000020230907KABKOTA,Sumba Tengah,,0.147379835649,2.42469258111,4326,4,,,Sumba Tengah,Nusa Tenggara Timur,,0,Sumba Barat,,2023-07,0.2462295888761991,7,0.2462295888761991,VIIRS DNB,nW/cm2/sr,2023,"{""type"":""MultiPoint"",""coordinates"":[]}"
114_00000000000000000014,BA03050040,,,,,,,53.18,53,1383.31224571,TASWIL5000020230907KABKOTA,Sumba Barat Daya,,0.113913848979,1.59805558471,4326,4,,,Sumba Barat Daya,Nusa Tenggara Timur,,0,Sumba Barat,,2023-07,0.3271097345704446,7,0.3271097345704446,VIIRS DNB,nW/cm2/sr,2023,"{""type"":""MultiPoint"",""coordinates"":[]}"
115_00000000000000000000,BA03050040,,,,,,,53.05,53,2928.55881854,TASWIL5000020230907KABKOTA,Alor,,0.24037265184,5.67288749982,4326,4,,,Alor,Nusa Tenggara Timur,,0,,,2023-08,0.277810024040345,8,0.277810024040345,VIIRS DNB,nW/cm2/sr,2023,"{""type"":""MultiPoint"",""coordinates"":[]}"
115_00000000000000000001,BA03050040,,,,,,,53.04,53,1127.25008655,TASWIL5000020230907KABKOTA,Belu,,0.0927289736817,2.29261763369,4326,4,,,Belu,Nusa Tenggara Timur,,0,,,2023-08,0.43015565770110764,8,0.43015565770110764,VIIRS DNB,nW/cm2/sr,2023,"{""type"":""MultiPoint"",""coordinates"":[]}"
115_00000000000000000002,BA03050040,,,,,,,53.06,53,1748.5165523,TASWIL5000020230907KABKOTA,Flores Timur,,0.143538260694,4.68012528849,4326,4,,,Flores Timur,Nusa Tenggara Timur,,0,,,2023-08,0.31673073840953336,8,0.31673073840953336,VIIRS DNB,nW/cm2/sr,2023,"{""type"":""MultiPoint"",""coordinates"":[]}"
115_00000000000000000004,BA03050040,,,,,,,53.01,53,5136.51008742,TASWIL5000020230907KABKOTA,Kupang,,0.423459507198,6.26740520892,4326,4,,,Kupang,Nusa Tenggara Timur,,0,,,2023-08,0.367822685886851,8,0.367822685886851,VIIRS DNB,nW/cm2/sr,2023,"{""type"":""MultiPoint"",""coordinates"":[]}"
115_00000000000000000007,BA03050040,,,,,,,53.10,53,1343.83414797,TASWIL5000020230907KABKOTA,Manggarai,,0.11037433796,2.62044875269,4326,4,,,Manggarai,Nusa Tenggara Timur,,0,,,2023-08,0.3707028300217539,8,0.3707028300217539,VIIRS DNB,nW/cm2/sr,2023,"{""type"":""MultiPoint"",""coordinates"":[]}"
115_0000000000000000000b,BA03050040,,,,,,,53.09,53,1735.63521769,TASWIL5000020230907KABKOTA,Ngada,,0.142589549676,2.86650785507,4326,4,,,Ngada,Nusa Tenggara Timur,,0,,,2023-08,0.25861739224684605,8,0.25861739224684605,VIIRS DNB,nW/cm2/sr,2023,"{""type"":""MultiPoint"",""coordinates"":[]}"
115_0000000000000000000e,BA03050040,,,,,,,53.07,53,1671.64902391,TASWIL5000020230907KABKOTA,Sikka,,0.137312979206,3.89925449996,4326,4,,,Sikka,Nusa Tenggara Timur,,0,,,2023-08,0.3621194958266039,8,0.3621194958266039,VIIRS DNB,nW/cm2/sr,2023,"{""type"":""MultiPoint"",""coordinates"":[]}"
115_0000000000000000000f,BA03050040,,,,,,,53.12,53,757.407641007,TASWIL5000020230907KABKOTA,Sumba Barat,,0.0623907023605,2.04212111278,4326,4,,,Sumba Barat,Nusa Tenggara Timur,,0,,,2023-08,0.35014833317132205,8,0.35014833317132205,VIIRS DNB,nW/cm2/sr,2023,"{""type"":""MultiPoint"",""coordinates"":[]}"
115_00000000000000000011,BA03050040,,,,,,,53.11,53,6984.01403441,TASWIL5000020230907KABKOTA,Sumba Timur,,0.575702142252,4.80415749282,4326,4,,,Sumba Timur,Nusa Tenggara Timur,,0,,,2023-08,0.24151207978278474,8,0.24151207978278474,VIIRS DNB,nW/cm2/sr,2023,"{""type"":""MultiPoint"",""coordinates"":[]}"
115_00000000000000000012,BA03050040,,,,,,,53.02,53,3933.15111495,TASWIL5000020230907KABKOTA,Timor Tengah Selatan,,0.324167140101,3.32375028444,4326,4,,,Timor Tengah Selatan,Nusa Tenggara Timur,,0,,,2023-08,0.2998414346960747,8,0.2998414346960747,VIIRS DNB,nW/cm2/sr,2023,"{""type"":""MultiPoint"",""coordinates"":[]}"
115_00000000000000000013,BA03050040,,,,,,,53.03,53,2623.19983128,TASWIL5000020230907KABKOTA,Timor Tengah Utara,,0.215921651765,3.4787254107,4326,4,,,Timor Tengah Utara,Nusa Tenggara Timur,,0,,,2023-08,0.28967907571889884,8,0.28967907571889884,VIIRS DNB,nW/cm2/sr,2023,"{""type"":""MultiPoint"",""coordinates"":[]}"
115_00000000000000000015,BA03050040,,,,,,,53.08,53,2085.24387061,TASWIL5000020230907KABKOTA,Ende,,0.171316232886,2.99297540949,4326,4,,,Ende,Nusa Tenggara Timur,,0,,,2023-08,0.31803295133666243,8,0.31803295133666243,VIIRS DNB,nW/cm2/sr,2023,"{""type"":""MultiPoint"",""coordinates"":[]}"
115_00000000000000000006,BA03050040,,,,,,,53.21,53,1109.16204574,TASWIL5000020230907KABKOTA,Malaka,,0.0913351434015,2.23370514726,4326,4,,,Malaka,Nusa Tenggara Timur,,0,Belu,,2023-08,0.352588727887517,8,0.352588727887517,VIIRS DNB,nW/cm2/sr,2023,"{""type"":""MultiPoint"",""coordinates"":[]}"
115_00000000000000000005,BA03050040,,,,,,,53.13,53,1268.10489804,TASWIL5000020230907KABKOTA,Lembata,,0.10410466891,3.45188597769,4326,4,,,Lembata,Nusa Tenggara Timur,,0,Flores Timur,,2023-08,0.3418782854352328,8,0.3418782854352328,VIIRS DNB,nW/cm2/sr,2023,"{""type"":""MultiPoint"",""coordinates"":[]}"
115_00000000000000000003,BA03050040,,,,,,,53.71,53,159.334041006,TASWIL5000020230907KABKOTA,Kota Kupang,,0.0131469663875,0.949087585397,4326,5,,,Kota Kupang,Nusa Tenggara Timur,,0,Kupang,,2023-08,9.822228724516567,8,9.822228724516567,VIIRS DNB,nW/cm2/sr,2023,"{""type"":""MultiPoint"",""coordinates"":[]}"
115_0000000000000000000c,BA03050040,,,,,,,53.14,53,1286.45281117,TASWIL5000020230907KABKOTA,Rote Ndao,,0.106321906477,4.76909476004,4326,4,,,Rote Ndao,Nusa Tenggara Timur,,0,Kupang,,2023-08,0.3459640381787727,8,0.3459640381787727,VIIRS DNB,nW/cm2/sr,2023,"{""type"":""MultiPoint"",""coordinates"":[]}"
115_0000000000000000000d,BA03050040,,,,,,,53.20,53,460.956594118,TASWIL5000020230907KABKOTA,Sabu Raijua,,0.0380736571077,1.23438979443,4326,4,,,Sabu Raijua,Nusa Tenggara Timur,,0,Kupang,,2023-08,0.4433102702418303,8,0.4433102702418303,VIIRS DNB,nW/cm2/sr,2023,"{""type"":""MultiPoint"",""coordinates"":[]}"
115_00000000000000000008,BA03050040,,,,,,,53.15,53,3128.99733567,TASWIL5000020230907KABKOTA,Manggarai Barat,,0.257018604578,10.7211601624,4326,4,,,Manggarai Barat,Nusa Tenggara Timur,,0,Manggarai,,2023-08,0.29239312329068096,8,0.29239312329068096,VIIRS DNB,nW/cm2/sr,2023,"{""type"":""MultiPoint"",""coordinates"":[]}"
115_00000000000000000009,BA03050040,,,,,,,53.19,53,2389.52959786,TASWIL5000020230907KABKOTA,Manggarai Timur,,0.196263276889,2.60910655519,4326,4,,,Manggarai Timur,Nusa Tenggara Timur,,0,Manggarai,,2023-08,0.24844611289593402,8,0.24844611289593402,VIIRS DNB,nW/cm2/sr,2023,"{""type"":""MultiPoint"",""coordinates"":[]}"
115_0000000000000000000a,BA03050040,,,,,,,53.16,53,1396.16423098,TASWIL5000020230907KABKOTA,Nagekeo,,0.114707914625,2.15252417923,4326,4,,,Nagekeo,Nusa Tenggara Timur,,0,Ngada,,2023-08,0.30227879574686806,8,0.30227879574686806,VIIRS DNB,nW/cm2/sr,2023,"{""type"":""MultiPoint"",""coordinates"":[]}"
115_00000000000000000010,BA03050040,,,,,,,53.17,53,1789.65872064,TASWIL5000020230907KABKOTA,Sumba Tengah,,0.147379835649,2.42469258111,4326,4,,,Sumba Tengah,Nusa Tenggara Timur,,0,Sumba Barat,,2023-08,0.2021050373088179,8,0.2021050373088179,VIIRS DNB,nW/cm2/sr,2023,"{""type"":""MultiPoint"",""coordinates"":[]}"
115_00000000000000000014,BA03050040,,,,,,,53.18,53,1383.31224571,TASWIL5000020230907KABKOTA,Sumba Barat Daya,,0.113913848979,1.59805558471,4326,4,,,Sumba Barat Daya,Nusa Tenggara Timur,,0,Sumba Barat,,2023-08,0.28489759755773136,8,0.28489759755773136,VIIRS DNB,nW/cm2/sr,2023,"{""type"":""MultiPoint"",""coordinates"":[]}"
116_00000000000000000000,BA03050040,,,,,,,53.05,53,2928.55881854,TASWIL5000020230907KABKOTA,Alor,,0.24037265184,5.67288749982,4326,4,,,Alor,Nusa Tenggara Timur,,0,,,2023-09,0.3632654639959031,9,0.3632654639959031,VIIRS DNB,nW/cm2/sr,2023,"{""type"":""MultiPoint"",""coordinates"":[]}"
116_00000000000000000001,BA03050040,,,,,,,53.04,53,1127.25008655,TASWIL5000020230907KABKOTA,Belu,,0.0927289736817,2.29261763369,4326,4,,,Belu,Nusa Tenggara Timur,,0,,,2023-09,0.5929851089107343,9,0.5929851089107343,VIIRS DNB,nW/cm2/sr,2023,"{""type"":""MultiPoint"",""coordinates"":[]}"
116_00000000000000000002,BA03050040,,,,,,,53.06,53,1748.5165523,TASWIL5000020230907KABKOTA,Flores Timur,,0.143538260694,4.68012528849,4326,4,,,Flores Timur,Nusa Tenggara Timur,,0,,,2023-09,0.407386499993133,9,0.407386499993133,VIIRS DNB,nW/cm2/sr,2023,"{""type"":""MultiPoint"",""coordinates"":[]}"
116_00000000000000000004,BA03050040,,,,,,,53.01,53,5136.51008742,TASWIL5000020230907KABKOTA,Kupang,,0.423459507198,6.26740520892,4326,4,,,Kupang,Nusa Tenggara Timur,,0,,,2023-09,0.5216240055737443,9,0.5216240055737443,VIIRS DNB,nW/cm2/sr,2023,"{""type"":""MultiPoint"",""coordinates"":[]}"
116_00000000000000000007,BA03050040,,,,,,,53.10,53,1343.83414797,TASWIL5000020230907KABKOTA,Manggarai,,0.11037433796,2.62044875269,4326,4,,,Manggarai,Nusa Tenggara Timur,,0,,,2023-09,0.4760500051066257,9,0.4760500051066257,VIIRS DNB,nW/cm2/sr,2023,"{""type"":""MultiPoint"",""coordinates"":[]}"
116_0000000000000000000b,BA03050040,,,,,,,53.09,53,1735.63521769,TASWIL5000020230907KABKOTA,Ngada,,0.142589549676,2.86650785507,4326,4,,,Ngada,Nusa Tenggara Timur,,0,,,2023-09,0.3640718228136731,9,0.3640718228136731,VIIRS DNB,nW/cm2/sr,2023,"{""type"":""MultiPoint"",""coordinates"":[]}"
116_0000000000000000000e,BA03050040,,,,,,,53.07,53,1671.64902391,TASWIL5000020230907KABKOTA,Sikka,,0.137312979206,3.89925449996,4326,4,,,Sikka,Nusa Tenggara Timur,,0,,,2023-09,0.47279531054485713,9,0.47279531054485713,VIIRS DNB,nW/cm2/sr,2023,"{""type"":""MultiPoint"",""coordinates"":[]}"
116_0000000000000000000f,BA03050040,,,,,,,53.12,53,757.407641007,TASWIL5000020230907KABKOTA,Sumba Barat,,0.0623907023605,2.04212111278,4326,4,,,Sumba Barat,Nusa Tenggara Timur,,0,,,2023-09,0.48489768580865705,9,0.48489768580865705,VIIRS DNB,nW/cm2/sr,2023,"{""type"":""MultiPoint"",""coordinates"":[]}"
116_00000000000000000011,BA03050040,,,,,,,53.11,53,6984.01403441,TASWIL5000020230907KABKOTA,Sumba Timur,,0.575702142252,4.80415749282,4326,4,,,Sumba Timur,Nusa Tenggara Timur,,0,,,2023-09,0.36409857753726577,9,0.36409857753726577,VIIRS DNB,nW/cm2/sr,2023,"{""type"":""MultiPoint"",""coordinates"":[]}"
116_00000000000000000012,BA03050040,,,,,,,53.02,53,3933.15111495,TASWIL5000020230907KABKOTA,Timor Tengah Selatan,,0.324167140101,3.32375028444,4326,4,,,Timor Tengah Selatan,Nusa Tenggara Timur,,0,,,2023-09,0.44016726423097824,9,0.44016726423097824,VIIRS DNB,nW/cm2/sr,2023,"{""type"":""MultiPoint"",""coordinates"":[]}"
116_00000000000000000013,BA03050040,,,,,,,53.03,53,2623.19983128,TASWIL5000020230907KABKOTA,Timor Tengah Utara,,0.215921651765,3.4787254107,4326,4,,,Timor Tengah Utara,Nusa Tenggara Timur,,0,,,2023-09,0.4345672915589063,9,0.4345672915589063,VIIRS DNB,nW/cm2/sr,2023,"{""type"":""MultiPoint"",""coordinates"":[]}"
116_00000000000000000015,BA03050040,,,,,,,53.08,53,2085.24387061,TASWIL5000020230907KABKOTA,Ende,,0.171316232886,2.99297540949,4326,4,,,Ende,Nusa Tenggara Timur,,0,,,2023-09,0.4260789461320261,9,0.4260789461320261,VIIRS DNB,nW/cm2/sr,2023,"{""type"":""MultiPoint"",""coordinates"":[]}"
116_00000000000000000006,BA03050040,,,,,,,53.21,53,1109.16204574,TASWIL5000020230907KABKOTA,Malaka,,0.0913351434015,2.23370514726,4326,4,,,Malaka,Nusa Tenggara Timur,,0,Belu,,2023-09,0.48376652790284924,9,0.48376652790284924,VIIRS DNB,nW/cm2/sr,2023,"{""type"":""MultiPoint"",""coordinates"":[]}"
116_00000000000000000005,BA03050040,,,,,,,53.13,53,1268.10489804,TASWIL5000020230907KABKOTA,Lembata,,0.10410466891,3.45188597769,4326,4,,,Lembata,Nusa Tenggara Timur,,0,Flores Timur,,2023-09,0.47709271332369657,9,0.47709271332369657,VIIRS DNB,nW/cm2/sr,2023,"{""type"":""MultiPoint"",""coordinates"":[]}"
116_00000000000000000003,BA03050040,,,,,,,53.71,53,159.334041006,TASWIL5000020230907KABKOTA,Kota Kupang,,0.0131469663875,0.949087585397,4326,5,,,Kota Kupang,Nusa Tenggara Timur,,0,Kupang,,2023-09,10.58973347513864,9,10.58973347513864,VIIRS DNB,nW/cm2/sr,2023,"{""type"":""MultiPoint"",""coordinates"":[]}"
116_0000000000000000000c,BA03050040,,,,,,,53.14,53,1286.45281117,TASWIL5000020230907KABKOTA,Rote Ndao,,0.106321906477,4.76909476004,4326,4,,,Rote Ndao,Nusa Tenggara Timur,,0,Kupang,,2023-09,0.45092164915086286,9,0.45092164915086286,VIIRS DNB,nW/cm2/sr,2023,"{""type"":""MultiPoint"",""coordinates"":[]}"
116_0000000000000000000d,BA03050040,,,,,,,53.20,53,460.956594118,TASWIL5000020230907KABKOTA,Sabu Raijua,,0.0380736571077,1.23438979443,4326,4,,,Sabu Raijua,Nusa Tenggara Timur,,0,Kupang,,2023-09,0.5652887807198793,9,0.5652887807198793,VIIRS DNB,nW/cm2/sr,2023,"{""type"":""MultiPoint"",""coordinates"":[]}"
116_00000000000000000008,BA03050040,,,,,,,53.15,53,3128.99733567,TASWIL5000020230907KABKOTA,Manggarai Barat,,0.257018604578,10.7211601624,4326,4,,,Manggarai Barat,Nusa Tenggara Timur,,0,Manggarai,,2023-09,0.40319963090692484,9,0.40319963090692484,VIIRS DNB,nW/cm2/sr,2023,"{""type"":""MultiPoint"",""coordinates"":[]}"
116_00000000000000000009,BA03050040,,,,,,,53.19,53,2389.52959786,TASWIL5000020230907KABKOTA,Manggarai Timur,,0.196263276889,2.60910655519,4326,4,,,Manggarai Timur,Nusa Tenggara Timur,,0,Manggarai,,2023-09,0.354903632842505,9,0.354903632842505,VIIRS DNB,nW/cm2/sr,2023,"{""type"":""MultiPoint"",""coordinates"":[]}"
116_0000000000000000000a,BA03050040,,,,,,,53.16,53,1396.16423098,TASWIL5000020230907KABKOTA,Nagekeo,,0.114707914625,2.15252417923,4326,4,,,Nagekeo,Nusa Tenggara Timur,,0,Ngada,,2023-09,0.40904787826904826,9,0.40904787826904826,VIIRS DNB,nW/cm2/sr,2023,"{""type"":""MultiPoint"",""coordinates"":[]}"
116_00000000000000000010,BA03050040,,,,,,,53.17,53,1789.65872064,TASWIL5000020230907KABKOTA,Sumba Tengah,,0.147379835649,2.42469258111,4326,4,,,Sumba Tengah,Nusa Tenggara Timur,,0,Sumba Barat,,2023-09,0.34395268750925617,9,0.34395268750925617,VIIRS DNB,nW/cm2/sr,2023,"{""type"":""MultiPoint"",""coordinates"":[]}"
116_00000000000000000014,BA03050040,,,,,,,53.18,53,1383.31224571,TASWIL5000020230907KABKOTA,Sumba Barat Daya,,0.113913848979,1.59805558471,4326,4,,,Sumba Barat Daya,Nusa Tenggara Timur,,0,Sumba Barat,,2023-09,0.4327470751385585,9,0.4327470751385585,VIIRS DNB,nW/cm2/sr,2023,"{""type"":""MultiPoint"",""coordinates"":[]}"
117_00000000000000000000,BA03050040,,,,,,,53.05,53,2928.55881854,TASWIL5000020230907KABKOTA,Alor,,0.24037265184,5.67288749982,4326,4,,,Alor,Nusa Tenggara Timur,,0,,,2023-10,0.44240957353040017,10,0.44240957353040017,VIIRS DNB,nW/cm2/sr,2023,"{""type"":""MultiPoint"",""coordinates"":[]}"
117_00000000000000000001,BA03050040,,,,,,,53.04,53,1127.25008655,TASWIL5000020230907KABKOTA,Belu,,0.0927289736817,2.29261763369,4326,4,,,Belu,Nusa Tenggara Timur,,0,,,2023-10,0.5436842676560254,10,0.5436842676560254,VIIRS DNB,nW/cm2/sr,2023,"{""type"":""MultiPoint"",""coordinates"":[]}"
117_00000000000000000002,BA03050040,,,,,,,53.06,53,1748.5165523,TASWIL5000020230907KABKOTA,Flores Timur,,0.143538260694,4.68012528849,4326,4,,,Flores Timur,Nusa Tenggara Timur,,0,,,2023-10,0.3799573821481214,10,0.3799573821481214,VIIRS DNB,nW/cm2/sr,2023,"{""type"":""MultiPoint"",""coordinates"":[]}"
117_00000000000000000004,BA03050040,,,,,,,53.01,53,5136.51008742,TASWIL5000020230907KABKOTA,Kupang,,0.423459507198,6.26740520892,4326,4,,,Kupang,Nusa Tenggara Timur,,0,,,2023-10,0.4735874145570716,10,0.4735874145570716,VIIRS DNB,nW/cm2/sr,2023,"{""type"":""MultiPoint"",""coordinates"":[]}"
117_00000000000000000007,BA03050040,,,,,,,53.10,53,1343.83414797,TASWIL5000020230907KABKOTA,Manggarai,,0.11037433796,2.62044875269,4326,4,,,Manggarai,Nusa Tenggara Timur,,0,,,2023-10,0.4440690295216093,10,0.4440690295216093,VIIRS DNB,nW/cm2/sr,2023,"{""type"":""MultiPoint"",""coordinates"":[]}"
117_0000000000000000000b,BA03050040,,,,,,,53.09,53,1735.63521769,TASWIL5000020230907KABKOTA,Ngada,,0.142589549676,2.86650785507,4326,4,,,Ngada,Nusa Tenggara Timur,,0,,,2023-10,0.3418919276451911,10,0.3418919276451911,VIIRS DNB,nW/cm2/sr,2023,"{""type"":""MultiPoint"",""coordinates"":[]}"
117_0000000000000000000e,BA03050040,,,,,,,53.07,53,1671.64902391,TASWIL5000020230907KABKOTA,Sikka,,0.137312979206,3.89925449996,4326,4,,,Sikka,Nusa Tenggara Timur,,0,,,2023-10,0.43559331730122025,10,0.43559331730122025,VIIRS DNB,nW/cm2/sr,2023,"{""type"":""MultiPoint"",""coordinates"":[]}"
117_0000000000000000000f,BA03050040,,,,,,,53.12,53,757.407641007,TASWIL5000020230907KABKOTA,Sumba Barat,,0.0623907023605,2.04212111278,4326,4,,,Sumba Barat,Nusa Tenggara Timur,,0,,,2023-10,0.44980207969602226,10,0.44980207969602226,VIIRS DNB,nW/cm2/sr,2023,"{""type"":""MultiPoint"",""coordinates"":[]}"
117_00000000000000000011,BA03050040,,,,,,,53.11,53,6984.01403441,TASWIL5000020230907KABKOTA,Sumba Timur,,0.575702142252,4.80415749282,4326,4,,,Sumba Timur,Nusa Tenggara Timur,,0,,,2023-10,0.3448856904716748,10,0.3448856904716748,VIIRS DNB,nW/cm2/sr,2023,"{""type"":""MultiPoint"",""coordinates"":[]}"
117_00000000000000000012,BA03050040,,,,,,,53.02,53,3933.15111495,TASWIL5000020230907KABKOTA,Timor Tengah Selatan,,0.324167140101,3.32375028444,4326,4,,,Timor Tengah Selatan,Nusa Tenggara Timur,,0,,,2023-10,0.450088460779772,10,0.450088460779772,VIIRS DNB,nW/cm2/sr,2023,"{""type"":""MultiPoint"",""coordinates"":[]}"
117_00000000000000000013,BA03050040,,,,,,,53.03,53,2623.19983128,TASWIL5000020230907KABKOTA,Timor Tengah Utara,,0.215921651765,3.4787254107,4326,4,,,Timor Tengah Utara,Nusa Tenggara Timur,,0,,,2023-10,0.4571748860691878,10,0.4571748860691878,VIIRS DNB,nW/cm2/sr,2023,"{""type"":""MultiPoint"",""coordinates"":[]}"
117_00000000000000000015,BA03050040,,,,,,,53.08,53,2085.24387061,TASWIL5000020230907KABKOTA,Ende,,0.171316232886,2.99297540949,4326,4,,,Ende,Nusa Tenggara Timur,,0,,,2023-10,0.39984368754634575,10,0.39984368754634575,VIIRS DNB,nW/cm2/sr,2023,"{""type"":""MultiPoint"",""coordinates"":[]}"
117_00000000000000000006,BA03050040,,,,,,,53.21,53,1109.16204574,TASWIL5000020230907KABKOTA,Malaka,,0.0913351434015,2.23370514726,4326,4,,,Malaka,Nusa Tenggara Timur,,0,Belu,,2023-10,0.5040824897948777,10,0.5040824897948777,VIIRS DNB,nW/cm2/sr,2023,"{""type"":""MultiPoint"",""coordinates"":[]}"
117_00000000000000000005,BA03050040,,,,,,,53.13,53,1268.10489804,TASWIL5000020230907KABKOTA,Lembata,,0.10410466891,3.45188597769,4326,4,,,Lembata,Nusa Tenggara Timur,,0,Flores Timur,,2023-10,0.4271936275758696,10,0.4271936275758696,VIIRS DNB,nW/cm2/sr,2023,"{""type"":""MultiPoint"",""coordinates"":[]}"
117_00000000000000000003,BA03050040,,,,,,,53.71,53,159.334041006,TASWIL5000020230907KABKOTA,Kota Kupang,,0.0131469663875,0.949087585397,4326,5,,,Kota Kupang,Nusa Tenggara Timur,,0,Kupang,,2023-10,9.286888591101514,10,9.286888591101514,VIIRS DNB,nW/cm2/sr,2023,"{""type"":""MultiPoint"",""coordinates"":[]}"
117_0000000000000000000c,BA03050040,,,,,,,53.14,53,1286.45281117,TASWIL5000020230907KABKOTA,Rote Ndao,,0.106321906477,4.76909476004,4326,4,,,Rote Ndao,Nusa Tenggara Timur,,0,Kupang,,2023-10,0.43424154857719727,10,0.43424154857719727,VIIRS DNB,nW/cm2/sr,2023,"{""type"":""MultiPoint"",""coordinates"":[]}"
117_0000000000000000000d,BA03050040,,,,,,,53.20,53,460.956594118,TASWIL5000020230907KABKOTA,Sabu Raijua,,0.0380736571077,1.23438979443,4326,4,,,Sabu Raijua,Nusa Tenggara Timur,,0,Kupang,,2023-10,0.5317906090865682,10,0.5317906090865682,VIIRS DNB,nW/cm2/sr,2023,"{""type"":""MultiPoint"",""coordinates"":[]}"
117_00000000000000000008,BA03050040,,,,,,,53.15,53,3128.99733567,TASWIL5000020230907KABKOTA,Manggarai Barat,,0.257018604578,10.7211601624,4326,4,,,Manggarai Barat,Nusa Tenggara Timur,,0,Manggarai,,2023-10,0.3763539755494425,10,0.3763539755494425,VIIRS DNB,nW/cm2/sr,2023,"{""type"":""MultiPoint"",""coordinates"":[]}"
117_00000000000000000009,BA03050040,,,,,,,53.19,53,2389.52959786,TASWIL5000020230907KABKOTA,Manggarai Timur,,0.196263276889,2.60910655519,4326,4,,,Manggarai Timur,Nusa Tenggara Timur,,0,Manggarai,,2023-10,0.33634511124455085,10,0.33634511124455085,VIIRS DNB,nW/cm2/sr,2023,"{""type"":""MultiPoint"",""coordinates"":[]}"
117_0000000000000000000a,BA03050040,,,,,,,53.16,53,1396.16423098,TASWIL5000020230907KABKOTA,Nagekeo,,0.114707914625,2.15252417923,4326,4,,,Nagekeo,Nusa Tenggara Timur,,0,Ngada,,2023-10,0.4021578899667793,10,0.4021578899667793,VIIRS DNB,nW/cm2/sr,2023,"{""type"":""MultiPoint"",""coordinates"":[]}"
117_00000000000000000010,BA03050040,,,,,,,53.17,53,1789.65872064,TASWIL5000020230907KABKOTA,Sumba Tengah,,0.147379835649,2.42469258111,4326,4,,,Sumba Tengah,Nusa Tenggara Timur,,0,Sumba Barat,,2023-10,0.3318222730470752,10,0.3318222730470752,VIIRS DNB,nW/cm2/sr,2023,"{""type"":""MultiPoint"",""coordinates"":[]}"
117_00000000000000000014,BA03050040,,,,,,,53.18,53,1383.31224571,TASWIL5000020230907KABKOTA,Sumba Barat Daya,,0.113913848979,1.59805558471,4326,4,,,Sumba Barat Daya,Nusa Tenggara Timur,,0,Sumba Barat,,2023-10,0.41288020852521884,10,0.41288020852521884,VIIRS DNB,nW/cm2/sr,2023,"{""type"":""MultiPoint"",""coordinates"":[]}"
118_00000000000000000000,BA03050040,,,,,,,53.05,53,2928.55881854,TASWIL5000020230907KABKOTA,Alor,,0.24037265184,5.67288749982,4326,4,,,Alor,Nusa Tenggara Timur,,0,,,2023-11,0.460291018992704,11,0.460291018992704,VIIRS DNB,nW/cm2/sr,2023,"{""type"":""MultiPoint"",""coordinates"":[]}"
118_00000000000000000001,BA03050040,,,,,,,53.04,53,1127.25008655,TASWIL5000020230907KABKOTA,Belu,,0.0927289736817,2.29261763369,4326,4,,,Belu,Nusa Tenggara Timur,,0,,,2023-11,0.612310496320204,11,0.612310496320204,VIIRS DNB,nW/cm2/sr,2023,"{""type"":""MultiPoint"",""coordinates"":[]}"
118_00000000000000000002,BA03050040,,,,,,,53.06,53,1748.5165523,TASWIL5000020230907KABKOTA,Flores Timur,,0.143538260694,4.68012528849,4326,4,,,Flores Timur,Nusa Tenggara Timur,,0,,,2023-11,0.4900049320301481,11,0.4900049320301481,VIIRS DNB,nW/cm2/sr,2023,"{""type"":""MultiPoint"",""coordinates"":[]}"
118_00000000000000000004,BA03050040,,,,,,,53.01,53,5136.51008742,TASWIL5000020230907KABKOTA,Kupang,,0.423459507198,6.26740520892,4326,4,,,Kupang,Nusa Tenggara Timur,,0,,,2023-11,0.5364586190762253,11,0.5364586190762253,VIIRS DNB,nW/cm2/sr,2023,"{""type"":""MultiPoint"",""coordinates"":[]}"
118_00000000000000000007,BA03050040,,,,,,,53.10,53,1343.83414797,TASWIL5000020230907KABKOTA,Manggarai,,0.11037433796,2.62044875269,4326,4,,,Manggarai,Nusa Tenggara Timur,,0,,,2023-11,0.5650386297819069,11,0.5650386297819069,VIIRS DNB,nW/cm2/sr,2023,"{""type"":""MultiPoint"",""coordinates"":[]}"
118_0000000000000000000b,BA03050040,,,,,,,53.09,53,1735.63521769,TASWIL5000020230907KABKOTA,Ngada,,0.142589549676,2.86650785507,4326,4,,,Ngada,Nusa Tenggara Timur,,0,,,2023-11,0.4573158565675775,11,0.4573158565675775,VIIRS DNB,nW/cm2/sr,2023,"{""type"":""MultiPoint"",""coordinates"":[]}"
118_0000000000000000000e,BA03050040,,,,,,,53.07,53,1671.64902391,TASWIL5000020230907KABKOTA,Sikka,,0.137312979206,3.89925449996,4326,4,,,Sikka,Nusa Tenggara Timur,,0,,,2023-11,0.533989864693865,11,0.533989864693865,VIIRS DNB,nW/cm2/sr,2023,"{""type"":""MultiPoint"",""coordinates"":[]}"
118_0000000000000000000f,BA03050040,,,,,,,53.12,53,757.407641007,TASWIL5000020230907KABKOTA,Sumba Barat,,0.0623907023605,2.04212111278,4326,4,,,Sumba Barat,Nusa Tenggara Timur,,0,,,2023-11,0.5556513696766571,11,0.5556513696766571,VIIRS DNB,nW/cm2/sr,2023,"{""type"":""MultiPoint"",""coordinates"":[]}"
118_00000000000000000011,BA03050040,,,,,,,53.11,53,6984.01403441,TASWIL5000020230907KABKOTA,Sumba Timur,,0.575702142252,4.80415749282,4326,4,,,Sumba Timur,Nusa Tenggara Timur,,0,,,2023-11,0.4625654487869747,11,0.4625654487869747,VIIRS DNB,nW/cm2/sr,2023,"{""type"":""MultiPoint"",""coordinates"":[]}"
118_00000000000000000012,BA03050040,,,,,,,53.02,53,3933.15111495,TASWIL5000020230907KABKOTA,Timor Tengah Selatan,,0.324167140101,3.32375028444,4326,4,,,Timor Tengah Selatan,Nusa Tenggara Timur,,0,,,2023-11,0.5382650909818075,11,0.5382650909818075,VIIRS DNB,nW/cm2/sr,2023,"{""type"":""MultiPoint"",""coordinates"":[]}"
118_00000000000000000013,BA03050040,,,,,,,53.03,53,2623.19983128,TASWIL5000020230907KABKOTA,Timor Tengah Utara,,0.215921651765,3.4787254107,4326,4,,,Timor Tengah Utara,Nusa Tenggara Timur,,0,,,2023-11,0.5049451500139396,11,0.5049451500139396,VIIRS DNB,nW/cm2/sr,2023,"{""type"":""MultiPoint"",""coordinates"":[]}"
118_00000000000000000015,BA03050040,,,,,,,53.08,53,2085.24387061,TASWIL5000020230907KABKOTA,Ende,,0.171316232886,2.99297540949,4326,4,,,Ende,Nusa Tenggara Timur,,0,,,2023-11,0.5118486788980093,11,0.5118486788980093,VIIRS DNB,nW/cm2/sr,2023,"{""type"":""MultiPoint"",""coordinates"":[]}"
118_00000000000000000006,BA03050040,,,,,,,53.21,53,1109.16204574,TASWIL5000020230907KABKOTA,Malaka,,0.0913351434015,2.23370514726,4326,4,,,Malaka,Nusa Tenggara Timur,,0,Belu,,2023-11,0.5975841992754553,11,0.5975841992754553,VIIRS DNB,nW/cm2/sr,2023,"{""type"":""MultiPoint"",""coordinates"":[]}"
118_00000000000000000005,BA03050040,,,,,,,53.13,53,1268.10489804,TASWIL5000020230907KABKOTA,Lembata,,0.10410466891,3.45188597769,4326,4,,,Lembata,Nusa Tenggara Timur,,0,Flores Timur,,2023-11,0.4887219600171961,11,0.4887219600171961,VIIRS DNB,nW/cm2/sr,2023,"{""type"":""MultiPoint"",""coordinates"":[]}"
118_00000000000000000003,BA03050040,,,,,,,53.71,53,159.334041006,TASWIL5000020230907KABKOTA,Kota Kupang,,0.0131469663875,0.949087585397,4326,5,,,Kota Kupang,Nusa Tenggara Timur,,0,Kupang,,2023-11,9.10648880655456,11,9.10648880655456,VIIRS DNB,nW/cm2/sr,2023,"{""type"":""MultiPoint"",""coordinates"":[]}"
118_0000000000000000000c,BA03050040,,,,,,,53.14,53,1286.45281117,TASWIL5000020230907KABKOTA,Rote Ndao,,0.106321906477,4.76909476004,4326,4,,,Rote Ndao,Nusa Tenggara Timur,,0,Kupang,,2023-11,0.5249848305681223,11,0.5249848305681223,VIIRS DNB,nW/cm2/sr,2023,"{""type"":""MultiPoint"",""coordinates"":[]}"
118_0000000000000000000d,BA03050040,,,,,,,53.20,53,460.956594118,TASWIL5000020230907KABKOTA,Sabu Raijua,,0.0380736571077,1.23438979443,4326,4,,,Sabu Raijua,Nusa Tenggara Timur,,0,Kupang,,2023-11,0.6462647125565314,11,0.6462647125565314,VIIRS DNB,nW/cm2/sr,2023,"{""type"":""MultiPoint"",""coordinates"":[]}"
118_00000000000000000008,BA03050040,,,,,,,53.15,53,3128.99733567,TASWIL5000020230907KABKOTA,Manggarai Barat,,0.257018604578,10.7211601624,4326,4,,,Manggarai Barat,Nusa Tenggara Timur,,0,Manggarai,,2023-11,0.5064182917273616,11,0.5064182917273616,VIIRS DNB,nW/cm2/sr,2023,"{""type"":""MultiPoint"",""coordinates"":[]}"
118_00000000000000000009,BA03050040,,,,,,,53.19,53,2389.52959786,TASWIL5000020230907KABKOTA,Manggarai Timur,,0.196263276889,2.60910655519,4326,4,,,Manggarai Timur,Nusa Tenggara Timur,,0,Manggarai,,2023-11,0.44807592908413607,11,0.44807592908413607,VIIRS DNB,nW/cm2/sr,2023,"{""type"":""MultiPoint"",""coordinates"":[]}"
118_0000000000000000000a,BA03050040,,,,,,,53.16,53,1396.16423098,TASWIL5000020230907KABKOTA,Nagekeo,,0.114707914625,2.15252417923,4326,4,,,Nagekeo,Nusa Tenggara Timur,,0,Ngada,,2023-11,0.4975734912234589,11,0.4975734912234589,VIIRS DNB,nW/cm2/sr,2023,"{""type"":""MultiPoint"",""coordinates"":[]}"
118_00000000000000000010,BA03050040,,,,,,,53.17,53,1789.65872064,TASWIL5000020230907KABKOTA,Sumba Tengah,,0.147379835649,2.42469258111,4326,4,,,Sumba Tengah,Nusa Tenggara Timur,,0,Sumba Barat,,2023-11,0.43246817966372125,11,0.43246817966372125,VIIRS DNB,nW/cm2/sr,2023,"{""type"":""MultiPoint"",""coordinates"":[]}"
118_00000000000000000014,BA03050040,,,,,,,53.18,53,1383.31224571,TASWIL5000020230907KABKOTA,Sumba Barat Daya,,0.113913848979,1.59805558471,4326,4,,,Sumba Barat Daya,Nusa Tenggara Timur,,0,Sumba Barat,,2023-11,0.5224054522066285,11,0.5224054522066285,VIIRS DNB,nW/cm2/sr,2023,"{""type"":""MultiPoint"",""coordinates"":[]}"
119_00000000000000000000,BA03050040,,,,,,,53.05,53,2928.55881854,TASWIL5000020230907KABKOTA,Alor,,0.24037265184,5.67288749982,4326,4,,,Alor,Nusa Tenggara Timur,,0,,,2023-12,0.21750445063416465,12,0.21750445063416465,VIIRS DNB,nW/cm2/sr,2023,"{""type"":""MultiPoint"",""coordinates"":[]}"
119_00000000000000000001,BA03050040,,,,,,,53.04,53,1127.25008655,TASWIL5000020230907KABKOTA,Belu,,0.0927289736817,2.29261763369,4326,4,,,Belu,Nusa Tenggara Timur,,0,,,2023-12,0.45259468059484353,12,0.45259468059484353,VIIRS DNB,nW/cm2/sr,2023,"{""type"":""MultiPoint"",""coordinates"":[]}"
119_00000000000000000002,BA03050040,,,,,,,53.06,53,1748.5165523,TASWIL5000020230907KABKOTA,Flores Timur,,0.143538260694,4.68012528849,4326,4,,,Flores Timur,Nusa Tenggara Timur,,0,,,2023-12,0.2932139195411012,12,0.2932139195411012,VIIRS DNB,nW/cm2/sr,2023,"{""type"":""MultiPoint"",""coordinates"":[]}"
119_00000000000000000004,BA03050040,,,,,,,53.01,53,5136.51008742,TASWIL5000020230907KABKOTA,Kupang,,0.423459507198,6.26740520892,4326,4,,,Kupang,Nusa Tenggara Timur,,0,,,2023-12,0.4116477787500327,12,0.4116477787500327,VIIRS DNB,nW/cm2/sr,2023,"{""type"":""MultiPoint"",""coordinates"":[]}"
119_00000000000000000007,BA03050040,,,,,,,53.10,53,1343.83414797,TASWIL5000020230907KABKOTA,Manggarai,,0.11037433796,2.62044875269,4326,4,,,Manggarai,Nusa Tenggara Timur,,0,,,2023-12,0.33081312661999024,12,0.33081312661999024,VIIRS DNB,nW/cm2/sr,2023,"{""type"":""MultiPoint"",""coordinates"":[]}"
119_0000000000000000000b,BA03050040,,,,,,,53.09,53,1735.63521769,TASWIL5000020230907KABKOTA,Ngada,,0.142589549676,2.86650785507,4326,4,,,Ngada,Nusa Tenggara Timur,,0,,,2023-12,0.306191397580251,12,0.306191397580251,VIIRS DNB,nW/cm2/sr,2023,"{""type"":""MultiPoint"",""coordinates"":[]}"
119_0000000000000000000e,BA03050040,,,,,,,53.07,53,1671.64902391,TASWIL5000020230907KABKOTA,Sikka,,0.137312979206,3.89925449996,4326,4,,,Sikka,Nusa Tenggara Timur,,0,,,2023-12,0.33926940283646095,12,0.33926940283646095,VIIRS DNB,nW/cm2/sr,2023,"{""type"":""MultiPoint"",""coordinates"":[]}"
119_0000000000000000000f,BA03050040,,,,,,,53.12,53,757.407641007,TASWIL5000020230907KABKOTA,Sumba Barat,,0.0623907023605,2.04212111278,4326,4,,,Sumba Barat,Nusa Tenggara Timur,,0,,,2023-12,0.40171559389659134,12,0.40171559389659134,VIIRS DNB,nW/cm2/sr,2023,"{""type"":""MultiPoint"",""coordinates"":[]}"
119_00000000000000000011,BA03050040,,,,,,,53.11,53,6984.01403441,TASWIL5000020230907KABKOTA,Sumba Timur,,0.575702142252,4.80415749282,4326,4,,,Sumba Timur,Nusa Tenggara Timur,,0,,,2023-12,0.3180607180107493,12,0.3180607180107493,VIIRS DNB,nW/cm2/sr,2023,"{""type"":""MultiPoint"",""coordinates"":[]}"
119_00000000000000000012,BA03050040,,,,,,,53.02,53,3933.15111495,TASWIL5000020230907KABKOTA,Timor Tengah Selatan,,0.324167140101,3.32375028444,4326,4,,,Timor Tengah Selatan,Nusa Tenggara Timur,,0,,,2023-12,0.36036231311360784,12,0.36036231311360784,VIIRS DNB,nW/cm2/sr,2023,"{""type"":""MultiPoint"",""coordinates"":[]}"
119_00000000000000000013,BA03050040,,,,,,,53.03,53,2623.19983128,TASWIL5000020230907KABKOTA,Timor Tengah Utara,,0.215921651765,3.4787254107,4326,4,,,Timor Tengah Utara,Nusa Tenggara Timur,,0,,,2023-12,0.2985481428507161,12,0.2985481428507161,VIIRS DNB,nW/cm2/sr,2023,"{""type"":""MultiPoint"",""coordinates"":[]}"
119_00000000000000000015,BA03050040,,,,,,,53.08,53,2085.24387061,TASWIL5000020230907KABKOTA,Ende,,0.171316232886,2.99297540949,4326,4,,,Ende,Nusa Tenggara Timur,,0,,,2023-12,0.33015876146744605,12,0.33015876146744605,VIIRS DNB,nW/cm2/sr,2023,"{""type"":""MultiPoint"",""coordinates"":[]}"
119_00000000000000000006,BA03050040,,,,,,,53.21,53,1109.16204574,TASWIL5000020230907KABKOTA,Malaka,,0.0913351434015,2.23370514726,4326,4,,,Malaka,Nusa Tenggara Timur,,0,Belu,,2023-12,0.45251395781339887,12,0.45251395781339887,VIIRS DNB,nW/cm2/sr,2023,"{""type"":""MultiPoint"",""coordinates"":[]}"
119_00000000000000000005,BA03050040,,,,,,,53.13,53,1268.10489804,TASWIL5000020230907KABKOTA,Lembata,,0.10410466891,3.45188597769,4326,4,,,Lembata,Nusa Tenggara Timur,,0,Flores Timur,,2023-12,0.2746000794093126,12,0.2746000794093126,VIIRS DNB,nW/cm2/sr,2023,"{""type"":""MultiPoint"",""coordinates"":[]}"
119_00000000000000000003,BA03050040,,,,,,,53.71,53,159.334041006,TASWIL5000020230907KABKOTA,Kota Kupang,,0.0131469663875,0.949087585397,4326,5,,,Kota Kupang,Nusa Tenggara Timur,,0,Kupang,,2023-12,8.18573596413033,12,8.18573596413033,VIIRS DNB,nW/cm2/sr,2023,"{""type"":""MultiPoint"",""coordinates"":[]}"
119_0000000000000000000c,BA03050040,,,,,,,53.14,53,1286.45281117,TASWIL5000020230907KABKOTA,Rote Ndao,,0.106321906477,4.76909476004,4326,4,,,Rote Ndao,Nusa Tenggara Timur,,0,Kupang,,2023-12,0.35674394738691595,12,0.35674394738691595,VIIRS DNB,nW/cm2/sr,2023,"{""type"":""MultiPoint"",""coordinates"":[]}"
119_0000000000000000000d,BA03050040,,,,,,,53.20,53,460.956594118,TASWIL5000020230907KABKOTA,Sabu Raijua,,0.0380736571077,1.23438979443,4326,4,,,Sabu Raijua,Nusa Tenggara Timur,,0,Kupang,,2023-12,0.48177105313278035,12,0.48177105313278035,VIIRS DNB,nW/cm2/sr,2023,"{""type"":""MultiPoint"",""coordinates"":[]}"
119_00000000000000000008,BA03050040,,,,,,,53.15,53,3128.99733567,TASWIL5000020230907KABKOTA,Manggarai Barat,,0.257018604578,10.7211601624,4326,4,,,Manggarai Barat,Nusa Tenggara Timur,,0,Manggarai,,2023-12,0.33491438991262334,12,0.33491438991262334,VIIRS DNB,nW/cm2/sr,2023,"{""type"":""MultiPoint"",""coordinates"":[]}"
119_00000000000000000009,BA03050040,,,,,,,53.19,53,2389.52959786,TASWIL5000020230907KABKOTA,Manggarai Timur,,0.196263276889,2.60910655519,4326,4,,,Manggarai Timur,Nusa Tenggara Timur,,0,Manggarai,,2023-12,0.3078393299845804,12,0.3078393299845804,VIIRS DNB,nW/cm2/sr,2023,"{""type"":""MultiPoint"",""coordinates"":[]}"
119_0000000000000000000a,BA03050040,,,,,,,53.16,53,1396.16423098,TASWIL5000020230907KABKOTA,Nagekeo,,0.114707914625,2.15252417923,4326,4,,,Nagekeo,Nusa Tenggara Timur,,0,Ngada,,2023-12,0.33637621154400404,12,0.33637621154400404,VIIRS DNB,nW/cm2/sr,2023,"{""type"":""MultiPoint"",""coordinates"":[]}"
119_00000000000000000010,BA03050040,,,,,,,53.17,53,1789.65872064,TASWIL5000020230907KABKOTA,Sumba Tengah,,0.147379835649,2.42469258111,4326,4,,,Sumba Tengah,Nusa Tenggara Timur,,0,Sumba Barat,,2023-12,0.31989312737850406,12,0.31989312737850406,VIIRS DNB,nW/cm2/sr,2023,"{""type"":""MultiPoint"",""coordinates"":[]}"
119_00000000000000000014,BA03050040,,,,,,,53.18,53,1383.31224571,TASWIL5000020230907KABKOTA,Sumba Barat Daya,,0.113913848979,1.59805558471,4326,4,,,Sumba Barat Daya,Nusa Tenggara Timur,,0,Sumba Barat,,2023-12,0.3716447153473947,12,0.3716447153473947,VIIRS DNB,nW/cm2/sr,2023,"{""type"":""MultiPoint"",""coordinates"":[]}"
120_00000000000000000000,BA03050040,,,,,,,53.05,53,2928.55881854,TASWIL5000020230907KABKOTA,Alor,,0.24037265184,5.67288749982,4326,4,,,Alor,Nusa Tenggara Timur,,0,,,2024-01,0.0,1,0.0,VIIRS DNB,nW/cm2/sr,2024,"{""type"":""MultiPoint"",""coordinates"":[]}"
120_00000000000000000001,BA03050040,,,,,,,53.04,53,1127.25008655,TASWIL5000020230907KABKOTA,Belu,,0.0927289736817,2.29261763369,4326,4,,,Belu,Nusa Tenggara Timur,,0,,,2024-01,0.1361850487286422,1,0.1361850487286422,VIIRS DNB,nW/cm2/sr,2024,"{""type"":""MultiPoint"",""coordinates"":[]}"
120_00000000000000000002,BA03050040,,,,,,,53.06,53,1748.5165523,TASWIL5000020230907KABKOTA,Flores Timur,,0.143538260694,4.68012528849,4326,4,,,Flores Timur,Nusa Tenggara Timur,,0,,,2024-01,0.005871482906810724,1,0.005871482906810724,VIIRS DNB,nW/cm2/sr,2024,"{""type"":""MultiPoint"",""coordinates"":[]}"
120_00000000000000000004,BA03050040,,,,,,,53.01,53,5136.51008742,TASWIL5000020230907KABKOTA,Kupang,,0.423459507198,6.26740520892,4326,4,,,Kupang,Nusa Tenggara Timur,,0,,,2024-01,0.3193685441808796,1,0.3193685441808796,VIIRS DNB,nW/cm2/sr,2024,"{""type"":""MultiPoint"",""coordinates"":[]}"
120_00000000000000000007,BA03050040,,,,,,,53.10,53,1343.83414797,TASWIL5000020230907KABKOTA,Manggarai,,0.11037433796,2.62044875269,4326,4,,,Manggarai,Nusa Tenggara Timur,,0,,,2024-01,0.09548448215593174,1,0.09548448215593174,VIIRS DNB,nW/cm2/sr,2024,"{""type"":""MultiPoint"",""coordinates"":[]}"
120_0000000000000000000b,BA03050040,,,,,,,53.09,53,1735.63521769,TASWIL5000020230907KABKOTA,Ngada,,0.142589549676,2.86650785507,4326,4,,,Ngada,Nusa Tenggara Timur,,0,,,2024-01,0.2457778625251455,1,0.2457778625251455,VIIRS DNB,nW/cm2/sr,2024,"{""type"":""MultiPoint"",""coordinates"":[]}"
120_0000000000000000000e,BA03050040,,,,,,,53.07,53,1671.64902391,TASWIL5000020230907KABKOTA,Sikka,,0.137312979206,3.89925449996,4326,4,,,Sikka,Nusa Tenggara Timur,,0,,,2024-01,0.08763989520731383,1,0.08763989520731383,VIIRS DNB,nW/cm2/sr,2024,"{""type"":""MultiPoint"",""coordinates"":[]}"
120_0000000000000000000f,BA03050040,,,,,,,53.12,53,757.407641007,TASWIL5000020230907KABKOTA,Sumba Barat,,0.0623907023605,2.04212111278,4326,4,,,Sumba Barat,Nusa Tenggara Timur,,0,,,2024-01,0.0,1,0.0,VIIRS DNB,nW/cm2/sr,2024,"{""type"":""MultiPoint"",""coordinates"":[]}"
120_00000000000000000011,BA03050040,,,,,,,53.11,53,6984.01403441,TASWIL5000020230907KABKOTA,Sumba Timur,,0.575702142252,4.80415749282,4326,4,,,Sumba Timur,Nusa Tenggara Timur,,0,,,2024-01,0.05370444067228341,1,0.05370444067228341,VIIRS DNB,nW/cm2/sr,2024,"{""type"":""MultiPoint"",""coordinates"":[]}"
120_00000000000000000012,BA03050040,,,,,,,53.02,53,3933.15111495,TASWIL5000020230907KABKOTA,Timor Tengah Selatan,,0.324167140101,3.32375028444,4326,4,,,Timor Tengah Selatan,Nusa Tenggara Timur,,0,,,2024-01,0.2983256514933757,1,0.2983256514933757,VIIRS DNB,nW/cm2/sr,2024,"{""type"":""MultiPoint"",""coordinates"":[]}"
120_00000000000000000013,BA03050040,,,,,,,53.03,53,2623.19983128,TASWIL5000020230907KABKOTA,Timor Tengah Utara,,0.215921651765,3.4787254107,4326,4,,,Timor Tengah Utara,Nusa Tenggara Timur,,0,,,2024-01,0.2198937372975036,1,0.2198937372975036,VIIRS DNB,nW/cm2/sr,2024,"{""type"":""MultiPoint"",""coordinates"":[]}"
120_00000000000000000015,BA03050040,,,,,,,53.08,53,2085.24387061,TASWIL5000020230907KABKOTA,Ende,,0.171316232886,2.99297540949,4326,4,,,Ende,Nusa Tenggara Timur,,0,,,2024-01,0.04904390271141381,1,0.04904390271141381,VIIRS DNB,nW/cm2/sr,2024,"{""type"":""MultiPoint"",""coordinates"":[]}"
120_00000000000000000006,BA03050040,,,,,,,53.21,53,1109.16204574,TASWIL5000020230907KABKOTA,Malaka,,0.0913351434015,2.23370514726,4326,4,,,Malaka,Nusa Tenggara Timur,,0,Belu,,2024-01,0.14841705290078872,1,0.14841705290078872,VIIRS DNB,nW/cm2/sr,2024,"{""type"":""MultiPoint"",""coordinates"":[]}"
120_00000000000000000005,BA03050040,,,,,,,53.13,53,1268.10489804,TASWIL5000020230907KABKOTA,Lembata,,0.10410466891,3.45188597769,4326,4,,,Lembata,Nusa Tenggara Timur,,0,Flores Timur,,2024-01,0.002986471579903666,1,0.002986471579903666,VIIRS DNB,nW/cm2/sr,2024,"{""type"":""MultiPoint"",""coordinates"":[]}"
120_00000000000000000003,BA03050040,,,,,,,53.71,53,159.334041006,TASWIL5000020230907KABKOTA,Kota Kupang,,0.0131469663875,0.949087585397,4326,5,,,Kota Kupang,Nusa Tenggara Timur,,0,Kupang,,2024-01,7.7950568988147975,1,7.7950568988147975,VIIRS DNB,nW/cm2/sr,2024,"{""type"":""MultiPoint"",""coordinates"":[]}"
120_0000000000000000000c,BA03050040,,,,,,,53.14,53,1286.45281117,TASWIL5000020230907KABKOTA,Rote Ndao,,0.106321906477,4.76909476004,4326,4,,,Rote Ndao,Nusa Tenggara Timur,,0,Kupang,,2024-01,0.3322537417098458,1,0.3322537417098458,VIIRS DNB,nW/cm2/sr,2024,"{""type"":""MultiPoint"",""coordinates"":[]}"
120_0000000000000000000d,BA03050040,,,,,,,53.20,53,460.956594118,TASWIL5000020230907KABKOTA,Sabu Raijua,,0.0380736571077,1.23438979443,4326,4,,,Sabu Raijua,Nusa Tenggara Timur,,0,Kupang,,2024-01,0.14024293386822648,1,0.14024293386822648,VIIRS DNB,nW/cm2/sr,2024,"{""type"":""MultiPoint"",""coordinates"":[]}"
120_00000000000000000008,BA03050040,,,,,,,53.15,53,3128.99733567,TASWIL5000020230907KABKOTA,Manggarai Barat,,0.257018604578,10.7211601624,4326,4,,,Manggarai Barat,Nusa Tenggara Timur,,0,Manggarai,,2024-01,0.030861850554068634,1,0.030861850554068634,VIIRS DNB,nW/cm2/sr,2024,"{""type"":""MultiPoint"",""coordinates"":[]}"
120_00000000000000000009,BA03050040,,,,,,,53.19,53,2389.52959786,TASWIL5000020230907KABKOTA,Manggarai Timur,,0.196263276889,2.60910655519,4326,4,,,Manggarai Timur,Nusa Tenggara Timur,,0,Manggarai,,2024-01,0.1636142863809393,1,0.1636142863809393,VIIRS DNB,nW/cm2/sr,2024,"{""type"":""MultiPoint"",""coordinates"":[]}"
120_0000000000000000000a,BA03050040,,,,,,,53.16,53,1396.16423098,TASWIL5000020230907KABKOTA,Nagekeo,,0.114707914625,2.15252417923,4326,4,,,Nagekeo,Nusa Tenggara Timur,,0,Ngada,,2024-01,0.11524895276336379,1,0.11524895276336379,VIIRS DNB,nW/cm2/sr,2024,"{""type"":""MultiPoint"",""coordinates"":[]}"
120_00000000000000000010,BA03050040,,,,,,,53.17,53,1789.65872064,TASWIL5000020230907KABKOTA,Sumba Tengah,,0.147379835649,2.42469258111,4326,4,,,Sumba Tengah,Nusa Tenggara Timur,,0,Sumba Barat,,2024-01,0.007954361338934826,1,0.007954361338934826,VIIRS DNB,nW/cm2/sr,2024,"{""type"":""MultiPoint"",""coordinates"":[]}"
120_00000000000000000014,BA03050040,,,,,,,53.18,53,1383.31224571,TASWIL5000020230907KABKOTA,Sumba Barat Daya,,0.113913848979,1.59805558471,4326,4,,,Sumba Barat Daya,Nusa Tenggara Timur,,0,Sumba Barat,,2024-01,0.014459523399122452,1,0.014459523399122452,VIIRS DNB,nW/cm2/sr,2024,"{""type"":""MultiPoint"",""coordinates"":[]}"
121_00000000000000000000,BA03050040,,,,,,,53.05,53,2928.55881854,TASWIL5000020230907KABKOTA,Alor,,0.24037265184,5.67288749982,4326,4,,,Alor,Nusa Tenggara Timur,,0,,,2024-02,0.31666482263878015,2,0.31666482263878015,VIIRS DNB,nW/cm2/sr,2024,"{""type"":""MultiPoint"",""coordinates"":[]}"
121_00000000000000000001,BA03050040,,,,,,,53.04,53,1127.25008655,TASWIL5000020230907KABKOTA,Belu,,0.0927289736817,2.29261763369,4326,4,,,Belu,Nusa Tenggara Timur,,0,,,2024-02,0.30024292823987003,2,0.30024292823987003,VIIRS DNB,nW/cm2/sr,2024,"{""type"":""MultiPoint"",""coordinates"":[]}"
121_00000000000000000002,BA03050040,,,,,,,53.06,53,1748.5165523,TASWIL5000020230907KABKOTA,Flores Timur,,0.143538260694,4.68012528849,4326,4,,,Flores Timur,Nusa Tenggara Timur,,0,,,2024-02,0.24292604756096847,2,0.24292604756096847,VIIRS DNB,nW/cm2/sr,2024,"{""type"":""MultiPoint"",""coordinates"":[]}"
121_00000000000000000004,BA03050040,,,,,,,53.01,53,5136.51008742,TASWIL5000020230907KABKOTA,Kupang,,0.423459507198,6.26740520892,4326,4,,,Kupang,Nusa Tenggara Timur,,0,,,2024-02,0.3395790080374271,2,0.3395790080374271,VIIRS DNB,nW/cm2/sr,2024,"{""type"":""MultiPoint"",""coordinates"":[]}"
121_00000000000000000007,BA03050040,,,,,,,53.10,53,1343.83414797,TASWIL5000020230907KABKOTA,Manggarai,,0.11037433796,2.62044875269,4326,4,,,Manggarai,Nusa Tenggara Timur,,0,,,2024-02,0.46819286189465137,2,0.46819286189465137,VIIRS DNB,nW/cm2/sr,2024,"{""type"":""MultiPoint"",""coordinates"":[]}"
121_0000000000000000000b,BA03050040,,,,,,,53.09,53,1735.63521769,TASWIL5000020230907KABKOTA,Ngada,,0.142589549676,2.86650785507,4326,4,,,Ngada,Nusa Tenggara Timur,,0,,,2024-02,0.335114226860462,2,0.335114226860462,VIIRS DNB,nW/cm2/sr,2024,"{""type"":""MultiPoint"",""coordinates"":[]}"
121_0000000000000000000e,BA03050040,,,,,,,53.07,53,1671.64902391,TASWIL5000020230907KABKOTA,Sikka,,0.137312979206,3.89925449996,4326,4,,,Sikka,Nusa Tenggara Timur,,0,,,2024-02,0.41065489636529673,2,0.41065489636529673,VIIRS DNB,nW/cm2/sr,2024,"{""type"":""MultiPoint"",""coordinates"":[]}"
121_0000000000000000000f,BA03050040,,,,,,,53.12,53,757.407641007,TASWIL5000020230907KABKOTA,Sumba Barat,,0.0623907023605,2.04212111278,4326,4,,,Sumba Barat,Nusa Tenggara Timur,,0,,,2024-02,0.4886522338619663,2,0.4886522338619663,VIIRS DNB,nW/cm2/sr,2024,"{""type"":""MultiPoint"",""coordinates"":[]}"
121_00000000000000000011,BA03050040,,,,,,,53.11,53,6984.01403441,TASWIL5000020230907KABKOTA,Sumba Timur,,0.575702142252,4.80415749282,4326,4,,,Sumba Timur,Nusa Tenggara Timur,,0,,,2024-02,0.3557417345054421,2,0.3557417345054421,VIIRS DNB,nW/cm2/sr,2024,"{""type"":""MultiPoint"",""coordinates"":[]}"
121_00000000000000000012,BA03050040,,,,,,,53.02,53,3933.15111495,TASWIL5000020230907KABKOTA,Timor Tengah Selatan,,0.324167140101,3.32375028444,4326,4,,,Timor Tengah Selatan,Nusa Tenggara Timur,,0,,,2024-02,0.34125854993335886,2,0.34125854993335886,VIIRS DNB,nW/cm2/sr,2024,"{""type"":""MultiPoint"",""coordinates"":[]}"
121_00000000000000000013,BA03050040,,,,,,,53.03,53,2623.19983128,TASWIL5000020230907KABKOTA,Timor Tengah Utara,,0.215921651765,3.4787254107,4326,4,,,Timor Tengah Utara,Nusa Tenggara Timur,,0,,,2024-02,0.32823181776632304,2,0.32823181776632304,VIIRS DNB,nW/cm2/sr,2024,"{""type"":""MultiPoint"",""coordinates"":[]}"
121_00000000000000000015,BA03050040,,,,,,,53.08,53,2085.24387061,TASWIL5000020230907KABKOTA,Ende,,0.171316232886,2.99297540949,4326,4,,,Ende,Nusa Tenggara Timur,,0,,,2024-02,0.2956149693973231,2,0.2956149693973231,VIIRS DNB,nW/cm2/sr,2024,"{""type"":""MultiPoint"",""coordinates"":[]}"
121_00000000000000000006,BA03050040,,,,,,,53.21,53,1109.16204574,TASWIL5000020230907KABKOTA,Malaka,,0.0913351434015,2.23370514726,4326,4,,,Malaka,Nusa Tenggara Timur,,0,Belu,,2024-02,0.3852113188568202,2,0.3852113188568202,VIIRS DNB,nW/cm2/sr,2024,"{""type"":""MultiPoint"",""coordinates"":[]}"
121_00000000000000000005,BA03050040,,,,,,,53.13,53,1268.10489804,TASWIL5000020230907KABKOTA,Lembata,,0.10410466891,3.45188597769,4326,4,,,Lembata,Nusa Tenggara Timur,,0,Flores Timur,,2024-02,0.3174983605740317,2,0.3174983605740317,VIIRS DNB,nW/cm2/sr,2024,"{""type"":""MultiPoint"",""coordinates"":[]}"
121_00000000000000000003,BA03050040,,,,,,,53.71,53,159.334041006,TASWIL5000020230907KABKOTA,Kota Kupang,,0.0131469663875,0.949087585397,4326,5,,,Kota Kupang,Nusa Tenggara Timur,,0,Kupang,,2024-02,7.557890003347189,2,7.557890003347189,VIIRS DNB,nW/cm2/sr,2024,"{""type"":""MultiPoint"",""coordinates"":[]}"
121_0000000000000000000c,BA03050040,,,,,,,53.14,53,1286.45281117,TASWIL5000020230907KABKOTA,Rote Ndao,,0.106321906477,4.76909476004,4326,4,,,Rote Ndao,Nusa Tenggara Timur,,0,Kupang,,2024-02,0.36202289791011566,2,0.36202289791011566,VIIRS DNB,nW/cm2/sr,2024,"{""type"":""MultiPoint"",""coordinates"":[]}"
121_0000000000000000000d,BA03050040,,,,,,,53.20,53,460.956594118,TASWIL5000020230907KABKOTA,Sabu Raijua,,0.0380736571077,1.23438979443,4326,4,,,Sabu Raijua,Nusa Tenggara Timur,,0,Kupang,,2024-02,0.5272865971362364,2,0.5272865971362364,VIIRS DNB,nW/cm2/sr,2024,"{""type"":""MultiPoint"",""coordinates"":[]}"
121_00000000000000000008,BA03050040,,,,,,,53.15,53,3128.99733567,TASWIL5000020230907KABKOTA,Manggarai Barat,,0.257018604578,10.7211601624,4326,4,,,Manggarai Barat,Nusa Tenggara Timur,,0,Manggarai,,2024-02,0.4045890088467733,2,0.4045890088467733,VIIRS DNB,nW/cm2/sr,2024,"{""type"":""MultiPoint"",""coordinates"":[]}"
121_00000000000000000009,BA03050040,,,,,,,53.19,53,2389.52959786,TASWIL5000020230907KABKOTA,Manggarai Timur,,0.196263276889,2.60910655519,4326,4,,,Manggarai Timur,Nusa Tenggara Timur,,0,Manggarai,,2024-02,0.3638901557609737,2,0.3638901557609737,VIIRS DNB,nW/cm2/sr,2024,"{""type"":""MultiPoint"",""coordinates"":[]}"
121_0000000000000000000a,BA03050040,,,,,,,53.16,53,1396.16423098,TASWIL5000020230907KABKOTA,Nagekeo,,0.114707914625,2.15252417923,4326,4,,,Nagekeo,Nusa Tenggara Timur,,0,Ngada,,2024-02,0.32290280256553455,2,0.32290280256553455,VIIRS DNB,nW/cm2/sr,2024,"{""type"":""MultiPoint"",""coordinates"":[]}"
121_00000000000000000010,BA03050040,,,,,,,53.17,53,1789.65872064,TASWIL5000020230907KABKOTA,Sumba Tengah,,0.147379835649,2.42469258111,4326,4,,,Sumba Tengah,Nusa Tenggara Timur,,0,Sumba Barat,,2024-02,0.3726226638906874,2,0.3726226638906874,VIIRS DNB,nW/cm2/sr,2024,"{""type"":""MultiPoint"",""coordinates"":[]}"
121_00000000000000000014,BA03050040,,,,,,,53.18,53,1383.31224571,TASWIL5000020230907KABKOTA,Sumba Barat Daya,,0.113913848979,1.59805558471,4326,4,,,Sumba Barat Daya,Nusa Tenggara Timur,,0,Sumba Barat,,2024-02,0.4022099837086405,2,0.4022099837086405,VIIRS DNB,nW/cm2/sr,2024,"{""type"":""MultiPoint"",""coordinates"":[]}"
122_00000000000000000000,BA03050040,,,,,,,53.05,53,2928.55881854,TASWIL5000020230907KABKOTA,Alor,,0.24037265184,5.67288749982,4326,4,,,Alor,Nusa Tenggara Timur,,0,,,2024-03,0.09906670798252855,3,0.09906670798252855,VIIRS DNB,nW/cm2/sr,2024,"{""type"":""MultiPoint"",""coordinates"":[]}"
122_00000000000000000001,BA03050040,,,,,,,53.04,53,1127.25008655,TASWIL5000020230907KABKOTA,Belu,,0.0927289736817,2.29261763369,4326,4,,,Belu,Nusa Tenggara Timur,,0,,,2024-03,0.11473432436880582,3,0.11473432436880582,VIIRS DNB,nW/cm2/sr,2024,"{""type"":""MultiPoint"",""coordinates"":[]}"
122_00000000000000000002,BA03050040,,,,,,,53.06,53,1748.5165523,TASWIL5000020230907KABKOTA,Flores Timur,,0.143538260694,4.68012528849,4326,4,,,Flores Timur,Nusa Tenggara Timur,,0,,,2024-03,0.08068397982508893,3,0.08068397982508893,VIIRS DNB,nW/cm2/sr,2024,"{""type"":""MultiPoint"",""coordinates"":[]}"
122_00000000000000000004,BA03050040,,,,,,,53.01,53,5136.51008742,TASWIL5000020230907KABKOTA,Kupang,,0.423459507198,6.26740520892,4326,4,,,Kupang,Nusa Tenggara Timur,,0,,,2024-03,0.42451853801124667,3,0.42451853801124667,VIIRS DNB,nW/cm2/sr,2024,"{""type"":""MultiPoint"",""coordinates"":[]}"
122_00000000000000000007,BA03050040,,,,,,,53.10,53,1343.83414797,TASWIL5000020230907KABKOTA,Manggarai,,0.11037433796,2.62044875269,4326,4,,,Manggarai,Nusa Tenggara Timur,,0,,,2024-03,0.47325152946837973,3,0.47325152946837973,VIIRS DNB,nW/cm2/sr,2024,"{""type"":""MultiPoint"",""coordinates"":[]}"
122_0000000000000000000b,BA03050040,,,,,,,53.09,53,1735.63521769,TASWIL5000020230907KABKOTA,Ngada,,0.142589549676,2.86650785507,4326,4,,,Ngada,Nusa Tenggara Timur,,0,,,2024-03,0.3574499633415611,3,0.3574499633415611,VIIRS DNB,nW/cm2/sr,2024,"{""type"":""MultiPoint"",""coordinates"":[]}"
122_0000000000000000000e,BA03050040,,,,,,,53.07,53,1671.64902391,TASWIL5000020230907KABKOTA,Sikka,,0.137312979206,3.89925449996,4326,4,,,Sikka,Nusa Tenggara Timur,,0,,,2024-03,0.3859567381325231,3,0.3859567381325231,VIIRS DNB,nW/cm2/sr,2024,"{""type"":""MultiPoint"",""coordinates"":[]}"
122_0000000000000000000f,BA03050040,,,,,,,53.12,53,757.407641007,TASWIL5000020230907KABKOTA,Sumba Barat,,0.0623907023605,2.04212111278,4326,4,,,Sumba Barat,Nusa Tenggara Timur,,0,,,2024-03,0.47694367788008735,3,0.47694367788008735,VIIRS DNB,nW/cm2/sr,2024,"{""type"":""MultiPoint"",""coordinates"":[]}"
122_00000000000000000011,BA03050040,,,,,,,53.11,53,6984.01403441,TASWIL5000020230907KABKOTA,Sumba Timur,,0.575702142252,4.80415749282,4326,4,,,Sumba Timur,Nusa Tenggara Timur,,0,,,2024-03,0.44419674084527877,3,0.44419674084527877,VIIRS DNB,nW/cm2/sr,2024,"{""type"":""MultiPoint"",""coordinates"":[]}"
122_00000000000000000012,BA03050040,,,,,,,53.02,53,3933.15111495,TASWIL5000020230907KABKOTA,Timor Tengah Selatan,,0.324167140101,3.32375028444,4326,4,,,Timor Tengah Selatan,Nusa Tenggara Timur,,0,,,2024-03,0.4364293025405625,3,0.4364293025405625,VIIRS DNB,nW/cm2/sr,2024,"{""type"":""MultiPoint"",""coordinates"":[]}"
122_00000000000000000013,BA03050040,,,,,,,53.03,53,2623.19983128,TASWIL5000020230907KABKOTA,Timor Tengah Utara,,0.215921651765,3.4787254107,4326,4,,,Timor Tengah Utara,Nusa Tenggara Timur,,0,,,2024-03,0.36125279758806716,3,0.36125279758806716,VIIRS DNB,nW/cm2/sr,2024,"{""type"":""MultiPoint"",""coordinates"":[]}"
122_00000000000000000015,BA03050040,,,,,,,53.08,53,2085.24387061,TASWIL5000020230907KABKOTA,Ende,,0.171316232886,2.99297540949,4326,4,,,Ende,Nusa Tenggara Timur,,0,,,2024-03,0.32725995930910623,3,0.32725995930910623,VIIRS DNB,nW/cm2/sr,2024,"{""type"":""MultiPoint"",""coordinates"":[]}"
122_00000000000000000006,BA03050040,,,,,,,53.21,53,1109.16204574,TASWIL5000020230907KABKOTA,Malaka,,0.0913351434015,2.23370514726,4326,4,,,Malaka,Nusa Tenggara Timur,,0,Belu,,2024-03,0.43554159974435896,3,0.43554159974435896,VIIRS DNB,nW/cm2/sr,2024,"{""type"":""MultiPoint"",""coordinates"":[]}"
122_00000000000000000005,BA03050040,,,,,,,53.13,53,1268.10489804,TASWIL5000020230907KABKOTA,Lembata,,0.10410466891,3.45188597769,4326,4,,,Lembata,Nusa Tenggara Timur,,0,Flores Timur,,2024-03,0.004725832349995908,3,0.004725832349995908,VIIRS DNB,nW/cm2/sr,2024,"{""type"":""MultiPoint"",""coordinates"":[]}"
122_00000000000000000003,BA03050040,,,,,,,53.71,53,159.334041006,TASWIL5000020230907KABKOTA,Kota Kupang,,0.0131469663875,0.949087585397,4326,5,,,Kota Kupang,Nusa Tenggara Timur,,0,Kupang,,2024-03,5.468356267153487,3,5.468356267153487,VIIRS DNB,nW/cm2/sr,2024,"{""type"":""MultiPoint"",""coordinates"":[]}"
122_0000000000000000000c,BA03050040,,,,,,,53.14,53,1286.45281117,TASWIL5000020230907KABKOTA,Rote Ndao,,0.106321906477,4.76909476004,4326,4,,,Rote Ndao,Nusa Tenggara Timur,,0,Kupang,,2024-03,0.5943934331024937,3,0.5943934331024937,VIIRS DNB,nW/cm2/sr,2024,"{""type"":""MultiPoint"",""coordinates"":[]}"
122_0000000000000000000d,BA03050040,,,,,,,53.20,53,460.956594118,TASWIL5000020230907KABKOTA,Sabu Raijua,,0.0380736571077,1.23438979443,4326,4,,,Sabu Raijua,Nusa Tenggara Timur,,0,Kupang,,2024-03,0.547644815749733,3,0.547644815749733,VIIRS DNB,nW/cm2/sr,2024,"{""type"":""MultiPoint"",""coordinates"":[]}"
122_00000000000000000008,BA03050040,,,,,,,53.15,53,3128.99733567,TASWIL5000020230907KABKOTA,Manggarai Barat,,0.257018604578,10.7211601624,4326,4,,,Manggarai Barat,Nusa Tenggara Timur,,0,Manggarai,,2024-03,0.38482045609462817,3,0.38482045609462817,VIIRS DNB,nW/cm2/sr,2024,"{""type"":""MultiPoint"",""coordinates"":[]}"
122_00000000000000000009,BA03050040,,,,,,,53.19,53,2389.52959786,TASWIL5000020230907KABKOTA,Manggarai Timur,,0.196263276889,2.60910655519,4326,4,,,Manggarai Timur,Nusa Tenggara Timur,,0,Manggarai,,2024-03,0.41099956619023253,3,0.41099956619023253,VIIRS DNB,nW/cm2/sr,2024,"{""type"":""MultiPoint"",""coordinates"":[]}"
122_0000000000000000000a,BA03050040,,,,,,,53.16,53,1396.16423098,TASWIL5000020230907KABKOTA,Nagekeo,,0.114707914625,2.15252417923,4326,4,,,Nagekeo,Nusa Tenggara Timur,,0,Ngada,,2024-03,0.3897774151803625,3,0.3897774151803625,VIIRS DNB,nW/cm2/sr,2024,"{""type"":""MultiPoint"",""coordinates"":[]}"
122_00000000000000000010,BA03050040,,,,,,,53.17,53,1789.65872064,TASWIL5000020230907KABKOTA,Sumba Tengah,,0.147379835649,2.42469258111,4326,4,,,Sumba Tengah,Nusa Tenggara Timur,,0,Sumba Barat,,2024-03,0.41542227615583843,3,0.41542227615583843,VIIRS DNB,nW/cm2/sr,2024,"{""type"":""MultiPoint"",""coordinates"":[]}"
122_00000000000000000014,BA03050040,,,,,,,53.18,53,1383.31224571,TASWIL5000020230907KABKOTA,Sumba Barat Daya,,0.113913848979,1.59805558471,4326,4,,,Sumba Barat Daya,Nusa Tenggara Timur,,0,Sumba Barat,,2024-03,0.21241870608077743,3,0.21241870608077743,VIIRS DNB,nW/cm2/sr,2024,"{""type"":""MultiPoint"",""coordinates"":[]}"
123_00000000000000000000,BA03050040,,,,,,,53.05,53,2928.55881854,TASWIL5000020230907KABKOTA,Alor,,0.24037265184,5.67288749982,4326,4,,,Alor,Nusa Tenggara Timur,,0,,,2024-04,0.4303565305386588,4,0.4303565305386588,VIIRS DNB,nW/cm2/sr,2024,"{""type"":""MultiPoint"",""coordinates"":[]}"
123_00000000000000000001,BA03050040,,,,,,,53.04,53,1127.25008655,TASWIL5000020230907KABKOTA,Belu,,0.0927289736817,2.29261763369,4326,4,,,Belu,Nusa Tenggara Timur,,0,,,2024-04,0.5491444648665063,4,0.5491444648665063,VIIRS DNB,nW/cm2/sr,2024,"{""type"":""MultiPoint"",""coordinates"":[]}"
123_00000000000000000002,BA03050040,,,,,,,53.06,53,1748.5165523,TASWIL5000020230907KABKOTA,Flores Timur,,0.143538260694,4.68012528849,4326,4,,,Flores Timur,Nusa Tenggara Timur,,0,,,2024-04,0.49212261679780006,4,0.49212261679780006,VIIRS DNB,nW/cm2/sr,2024,"{""type"":""MultiPoint"",""coordinates"":[]}"
123_00000000000000000004,BA03050040,,,,,,,53.01,53,5136.51008742,TASWIL5000020230907KABKOTA,Kupang,,0.423459507198,6.26740520892,4326,4,,,Kupang,Nusa Tenggara Timur,,0,,,2024-04,0.5093403843670141,4,0.5093403843670141,VIIRS DNB,nW/cm2/sr,2024,"{""type"":""MultiPoint"",""coordinates"":[]}"
123_00000000000000000007,BA03050040,,,,,,,53.10,53,1343.83414797,TASWIL5000020230907KABKOTA,Manggarai,,0.11037433796,2.62044875269,4326,4,,,Manggarai,Nusa Tenggara Timur,,0,,,2024-04,0.47858557908580956,4,0.47858557908580956,VIIRS DNB,nW/cm2/sr,2024,"{""type"":""MultiPoint"",""coordinates"":[]}"
123_0000000000000000000b,BA03050040,,,,,,,53.09,53,1735.63521769,TASWIL5000020230907KABKOTA,Ngada,,0.142589549676,2.86650785507,4326,4,,,Ngada,Nusa Tenggara Timur,,0,,,2024-04,0.39475197193429645,4,0.39475197193429645,VIIRS DNB,nW/cm2/sr,2024,"{""type"":""MultiPoint"",""coordinates"":[]}"
123_0000000000000000000e,BA03050040,,,,,,,53.07,53,1671.64902391,TASWIL5000020230907KABKOTA,Sikka,,0.137312979206,3.89925449996,4326,4,,,Sikka,Nusa Tenggara Timur,,0,,,2024-04,0.5767913055877,4,0.5767913055877,VIIRS DNB,nW/cm2/sr,2024,"{""type"":""MultiPoint"",""coordinates"":[]}"
123_0000000000000000000f,BA03050040,,,,,,,53.12,53,757.407641007,TASWIL5000020230907KABKOTA,Sumba Barat,,0.0623907023605,2.04212111278,4326,4,,,Sumba Barat,Nusa Tenggara Timur,,0,,,2024-04,0.4474333075747579,4,0.4474333075747579,VIIRS DNB,nW/cm2/sr,2024,"{""type"":""MultiPoint"",""coordinates"":[]}"
123_00000000000000000011,BA03050040,,,,,,,53.11,53,6984.01403441,TASWIL5000020230907KABKOTA,Sumba Timur,,0.575702142252,4.80415749282,4326,4,,,Sumba Timur,Nusa Tenggara Timur,,0,,,2024-04,0.3503781560692815,4,0.3503781560692815,VIIRS DNB,nW/cm2/sr,2024,"{""type"":""MultiPoint"",""coordinates"":[]}"
123_00000000000000000012,BA03050040,,,,,,,53.02,53,3933.15111495,TASWIL5000020230907KABKOTA,Timor Tengah Selatan,,0.324167140101,3.32375028444,4326,4,,,Timor Tengah Selatan,Nusa Tenggara Timur,,0,,,2024-04,0.47935793430668,4,0.47935793430668,VIIRS DNB,nW/cm2/sr,2024,"{""type"":""MultiPoint"",""coordinates"":[]}"
123_00000000000000000013,BA03050040,,,,,,,53.03,53,2623.19983128,TASWIL5000020230907KABKOTA,Timor Tengah Utara,,0.215921651765,3.4787254107,4326,4,,,Timor Tengah Utara,Nusa Tenggara Timur,,0,,,2024-04,0.48181356082145643,4,0.48181356082145643,VIIRS DNB,nW/cm2/sr,2024,"{""type"":""MultiPoint"",""coordinates"":[]}"
123_00000000000000000015,BA03050040,,,,,,,53.08,53,2085.24387061,TASWIL5000020230907KABKOTA,Ende,,0.171316232886,2.99297540949,4326,4,,,Ende,Nusa Tenggara Timur,,0,,,2024-04,0.5660303053392738,4,0.5660303053392738,VIIRS DNB,nW/cm2/sr,2024,"{""type"":""MultiPoint"",""coordinates"":[]}"
123_00000000000000000006,BA03050040,,,,,,,53.21,53,1109.16204574,TASWIL5000020230907KABKOTA,Malaka,,0.0913351434015,2.23370514726,4326,4,,,Malaka,Nusa Tenggara Timur,,0,Belu,,2024-04,0.5323856932911929,4,0.5323856932911929,VIIRS DNB,nW/cm2/sr,2024,"{""type"":""MultiPoint"",""coordinates"":[]}"
123_00000000000000000005,BA03050040,,,,,,,53.13,53,1268.10489804,TASWIL5000020230907KABKOTA,Lembata,,0.10410466891,3.45188597769,4326,4,,,Lembata,Nusa Tenggara Timur,,0,Flores Timur,,2024-04,0.5108201643158772,4,0.5108201643158772,VIIRS DNB,nW/cm2/sr,2024,"{""type"":""MultiPoint"",""coordinates"":[]}"
123_00000000000000000003,BA03050040,,,,,,,53.71,53,159.334041006,TASWIL5000020230907KABKOTA,Kota Kupang,,0.0131469663875,0.949087585397,4326,5,,,Kota Kupang,Nusa Tenggara Timur,,0,Kupang,,2024-04,8.927023114204793,4,8.927023114204793,VIIRS DNB,nW/cm2/sr,2024,"{""type"":""MultiPoint"",""coordinates"":[]}"
123_0000000000000000000c,BA03050040,,,,,,,53.14,53,1286.45281117,TASWIL5000020230907KABKOTA,Rote Ndao,,0.106321906477,4.76909476004,4326,4,,,Rote Ndao,Nusa Tenggara Timur,,0,Kupang,,2024-04,0.4780339806962696,4,0.4780339806962696,VIIRS DNB,nW/cm2/sr,2024,"{""type"":""MultiPoint"",""coordinates"":[]}"
123_0000000000000000000d,BA03050040,,,,,,,53.20,53,460.956594118,TASWIL5000020230907KABKOTA,Sabu Raijua,,0.0380736571077,1.23438979443,4326,4,,,Sabu Raijua,Nusa Tenggara Timur,,0,Kupang,,2024-04,0.5540532651209089,4,0.5540532651209089,VIIRS DNB,nW/cm2/sr,2024,"{""type"":""MultiPoint"",""coordinates"":[]}"
123_00000000000000000008,BA03050040,,,,,,,53.15,53,3128.99733567,TASWIL5000020230907KABKOTA,Manggarai Barat,,0.257018604578,10.7211601624,4326,4,,,Manggarai Barat,Nusa Tenggara Timur,,0,Manggarai,,2024-04,0.42688994287437965,4,0.42688994287437965,VIIRS DNB,nW/cm2/sr,2024,"{""type"":""MultiPoint"",""coordinates"":[]}"
123_00000000000000000009,BA03050040,,,,,,,53.19,53,2389.52959786,TASWIL5000020230907KABKOTA,Manggarai Timur,,0.196263276889,2.60910655519,4326,4,,,Manggarai Timur,Nusa Tenggara Timur,,0,Manggarai,,2024-04,0.3816670819367906,4,0.3816670819367906,VIIRS DNB,nW/cm2/sr,2024,"{""type"":""MultiPoint"",""coordinates"":[]}"
123_0000000000000000000a,BA03050040,,,,,,,53.16,53,1396.16423098,TASWIL5000020230907KABKOTA,Nagekeo,,0.114707914625,2.15252417923,4326,4,,,Nagekeo,Nusa Tenggara Timur,,0,Ngada,,2024-04,0.4377461174952305,4,0.4377461174952305,VIIRS DNB,nW/cm2/sr,2024,"{""type"":""MultiPoint"",""coordinates"":[]}"
123_00000000000000000010,BA03050040,,,,,,,53.17,53,1789.65872064,TASWIL5000020230907KABKOTA,Sumba Tengah,,0.147379835649,2.42469258111,4326,4,,,Sumba Tengah,Nusa Tenggara Timur,,0,Sumba Barat,,2024-04,0.3315020236061833,4,0.3315020236061833,VIIRS DNB,nW/cm2/sr,2024,"{""type"":""MultiPoint"",""coordinates"":[]}"
123_00000000000000000014,BA03050040,,,,,,,53.18,53,1383.31224571,TASWIL5000020230907KABKOTA,Sumba Barat Daya,,0.113913848979,1.59805558471,4326,4,,,Sumba Barat Daya,Nusa Tenggara Timur,,0,Sumba Barat,,2024-04,0.43882715599611677,4,0.43882715599611677,VIIRS DNB,nW/cm2/sr,2024,"{""type"":""MultiPoint"",""coordinates"":[]}"
124_00000000000000000000,BA03050040,,,,,,,53.05,53,2928.55881854,TASWIL5000020230907KABKOTA,Alor,,0.24037265184,5.67288749982,4326,4,,,Alor,Nusa Tenggara Timur,,0,,,2024-05,0.22743545650229952,5,0.22743545650229952,VIIRS DNB,nW/cm2/sr,2024,"{""type"":""MultiPoint"",""coordinates"":[]}"
124_00000000000000000001,BA03050040,,,,,,,53.04,53,1127.25008655,TASWIL5000020230907KABKOTA,Belu,,0.0927289736817,2.29261763369,4326,4,,,Belu,Nusa Tenggara Timur,,0,,,2024-05,0.36746449212914306,5,0.36746449212914306,VIIRS DNB,nW/cm2/sr,2024,"{""type"":""MultiPoint"",""coordinates"":[]}"
124_00000000000000000002,BA03050040,,,,,,,53.06,53,1748.5165523,TASWIL5000020230907KABKOTA,Flores Timur,,0.143538260694,4.68012528849,4326,4,,,Flores Timur,Nusa Tenggara Timur,,0,,,2024-05,0.2915714386434836,5,0.2915714386434836,VIIRS DNB,nW/cm2/sr,2024,"{""type"":""MultiPoint"",""coordinates"":[]}"
124_00000000000000000004,BA03050040,,,,,,,53.01,53,5136.51008742,TASWIL5000020230907KABKOTA,Kupang,,0.423459507198,6.26740520892,4326,4,,,Kupang,Nusa Tenggara Timur,,0,,,2024-05,0.29915628934160715,5,0.29915628934160715,VIIRS DNB,nW/cm2/sr,2024,"{""type"":""MultiPoint"",""coordinates"":[]}"
124_00000000000000000007,BA03050040,,,,,,,53.10,53,1343.83414797,TASWIL5000020230907KABKOTA,Manggarai,,0.11037433796,2.62044875269,4326,4,,,Manggarai,Nusa Tenggara Timur,,0,,,2024-05,0.36280582289932123,5,0.36280582289932123,VIIRS DNB,nW/cm2/sr,2024,"{""type"":""MultiPoint"",""coordinates"":[]}"
124_0000000000000000000b,BA03050040,,,,,,,53.09,53,1735.63521769,TASWIL5000020230907KABKOTA,Ngada,,0.142589549676,2.86650785507,4326,4,,,Ngada,Nusa Tenggara Timur,,0,,,2024-05,0.2409409274067132,5,0.2409409274067132,VIIRS DNB,nW/cm2/sr,2024,"{""type"":""MultiPoint"",""coordinates"":[]}"
124_0000000000000000000e,BA03050040,,,,,,,53.07,53,1671.64902391,TASWIL5000020230907KABKOTA,Sikka,,0.137312979206,3.89925449996,4326,4,,,Sikka,Nusa Tenggara Timur,,0,,,2024-05,0.3273299360660687,5,0.3273299360660687,VIIRS DNB,nW/cm2/sr,2024,"{""type"":""MultiPoint"",""coordinates"":[]}"
124_0000000000000000000f,BA03050040,,,,,,,53.12,53,757.407641007,TASWIL5000020230907KABKOTA,Sumba Barat,,0.0623907023605,2.04212111278,4326,4,,,Sumba Barat,Nusa Tenggara Timur,,0,,,2024-05,0.3224309920556024,5,0.3224309920556024,VIIRS DNB,nW/cm2/sr,2024,"{""type"":""MultiPoint"",""coordinates"":[]}"
124_00000000000000000011,BA03050040,,,,,,,53.11,53,6984.01403441,TASWIL5000020230907KABKOTA,Sumba Timur,,0.575702142252,4.80415749282,4326,4,,,Sumba Timur,Nusa Tenggara Timur,,0,,,2024-05,0.21180315930479418,5,0.21180315930479418,VIIRS DNB,nW/cm2/sr,2024,"{""type"":""MultiPoint"",""coordinates"":[]}"
124_00000000000000000012,BA03050040,,,,,,,53.02,53,3933.15111495,TASWIL5000020230907KABKOTA,Timor Tengah Selatan,,0.324167140101,3.32375028444,4326,4,,,Timor Tengah Selatan,Nusa Tenggara Timur,,0,,,2024-05,0.2722151087432614,5,0.2722151087432614,VIIRS DNB,nW/cm2/sr,2024,"{""type"":""MultiPoint"",""coordinates"":[]}"
124_00000000000000000013,BA03050040,,,,,,,53.03,53,2623.19983128,TASWIL5000020230907KABKOTA,Timor Tengah Utara,,0.215921651765,3.4787254107,4326,4,,,Timor Tengah Utara,Nusa Tenggara Timur,,0,,,2024-05,0.2675101924819674,5,0.2675101924819674,VIIRS DNB,nW/cm2/sr,2024,"{""type"":""MultiPoint"",""coordinates"":[]}"
124_00000000000000000015,BA03050040,,,,,,,53.08,53,2085.24387061,TASWIL5000020230907KABKOTA,Ende,,0.171316232886,2.99297540949,4326,4,,,Ende,Nusa Tenggara Timur,,0,,,2024-05,0.2793221588890859,5,0.2793221588890859,VIIRS DNB,nW/cm2/sr,2024,"{""type"":""MultiPoint"",""coordinates"":[]}"
124_00000000000000000006,BA03050040,,,,,,,53.21,53,1109.16204574,TASWIL5000020230907KABKOTA,Malaka,,0.0913351434015,2.23370514726,4326,4,,,Malaka,Nusa Tenggara Timur,,0,Belu,,2024-05,0.3275173322831221,5,0.3275173322831221,VIIRS DNB,nW/cm2/sr,2024,"{""type"":""MultiPoint"",""coordinates"":[]}"
124_00000000000000000005,BA03050040,,,,,,,53.13,53,1268.10489804,TASWIL5000020230907KABKOTA,Lembata,,0.10410466891,3.45188597769,4326,4,,,Lembata,Nusa Tenggara Timur,,0,Flores Timur,,2024-05,0.3592565706053288,5,0.3592565706053288,VIIRS DNB,nW/cm2/sr,2024,"{""type"":""MultiPoint"",""coordinates"":[]}"
124_00000000000000000003,BA03050040,,,,,,,53.71,53,159.334041006,TASWIL5000020230907KABKOTA,Kota Kupang,,0.0131469663875,0.949087585397,4326,5,,,Kota Kupang,Nusa Tenggara Timur,,0,Kupang,,2024-05,9.440496876296164,5,9.440496876296164,VIIRS DNB,nW/cm2/sr,2024,"{""type"":""MultiPoint"",""coordinates"":[]}"
124_0000000000000000000c,BA03050040,,,,,,,53.14,53,1286.45281117,TASWIL5000020230907KABKOTA,Rote Ndao,,0.106321906477,4.76909476004,4326,4,,,Rote Ndao,Nusa Tenggara Timur,,0,Kupang,,2024-05,0.29110802281021386,5,0.29110802281021386,VIIRS DNB,nW/cm2/sr,2024,"{""type"":""MultiPoint"",""coordinates"":[]}"
124_0000000000000000000d,BA03050040,,,,,,,53.20,53,460.956594118,TASWIL5000020230907KABKOTA,Sabu Raijua,,0.0380736571077,1.23438979443,4326,4,,,Sabu Raijua,Nusa Tenggara Timur,,0,Kupang,,2024-05,0.38964099271946656,5,0.38964099271946656,VIIRS DNB,nW/cm2/sr,2024,"{""type"":""MultiPoint"",""coordinates"":[]}"
124_00000000000000000008,BA03050040,,,,,,,53.15,53,3128.99733567,TASWIL5000020230907KABKOTA,Manggarai Barat,,0.257018604578,10.7211601624,4326,4,,,Manggarai Barat,Nusa Tenggara Timur,,0,Manggarai,,2024-05,0.2896481560654359,5,0.2896481560654359,VIIRS DNB,nW/cm2/sr,2024,"{""type"":""MultiPoint"",""coordinates"":[]}"
124_00000000000000000009,BA03050040,,,,,,,53.19,53,2389.52959786,TASWIL5000020230907KABKOTA,Manggarai Timur,,0.196263276889,2.60910655519,4326,4,,,Manggarai Timur,Nusa Tenggara Timur,,0,Manggarai,,2024-05,0.24128081529635206,5,0.24128081529635206,VIIRS DNB,nW/cm2/sr,2024,"{""type"":""MultiPoint"",""coordinates"":[]}"
124_0000000000000000000a,BA03050040,,,,,,,53.16,53,1396.16423098,TASWIL5000020230907KABKOTA,Nagekeo,,0.114707914625,2.15252417923,4326,4,,,Nagekeo,Nusa Tenggara Timur,,0,Ngada,,2024-05,0.26837520843918433,5,0.26837520843918433,VIIRS DNB,nW/cm2/sr,2024,"{""type"":""MultiPoint"",""coordinates"":[]}"
124_00000000000000000010,BA03050040,,,,,,,53.17,53,1789.65872064,TASWIL5000020230907KABKOTA,Sumba Tengah,,0.147379835649,2.42469258111,4326,4,,,Sumba Tengah,Nusa Tenggara Timur,,0,Sumba Barat,,2024-05,0.19580225762439774,5,0.19580225762439774,VIIRS DNB,nW/cm2/sr,2024,"{""type"":""MultiPoint"",""coordinates"":[]}"
124_00000000000000000014,BA03050040,,,,,,,53.18,53,1383.31224571,TASWIL5000020230907KABKOTA,Sumba Barat Daya,,0.113913848979,1.59805558471,4326,4,,,Sumba Barat Daya,Nusa Tenggara Timur,,0,Sumba Barat,,2024-05,0.28936360073672207,5,0.28936360073672207,VIIRS DNB,nW/cm2/sr,2024,"{""type"":""MultiPoint"",""coordinates"":[]}"
125_00000000000000000000,BA03050040,,,,,,,53.05,53,2928.55881854,TASWIL5000020230907KABKOTA,Alor,,0.24037265184,5.67288749982,4326,4,,,Alor,Nusa Tenggara Timur,,0,,,2024-06,0.2536926080321761,6,0.2536926080321761,VIIRS DNB,nW/cm2/sr,2024,"{""type"":""MultiPoint"",""coordinates"":[]}"
125_00000000000000000001,BA03050040,,,,,,,53.04,53,1127.25008655,TASWIL5000020230907KABKOTA,Belu,,0.0927289736817,2.29261763369,4326,4,,,Belu,Nusa Tenggara Timur,,0,,,2024-06,0.4141186985305417,6,0.4141186985305417,VIIRS DNB,nW/cm2/sr,2024,"{""type"":""MultiPoint"",""coordinates"":[]}"
125_00000000000000000002,BA03050040,,,,,,,53.06,53,1748.5165523,TASWIL5000020230907KABKOTA,Flores Timur,,0.143538260694,4.68012528849,4326,4,,,Flores Timur,Nusa Tenggara Timur,,0,,,2024-06,0.3141059537538263,6,0.3141059537538263,VIIRS DNB,nW/cm2/sr,2024,"{""type"":""MultiPoint"",""coordinates"":[]}"
125_00000000000000000004,BA03050040,,,,,,,53.01,53,5136.51008742,TASWIL5000020230907KABKOTA,Kupang,,0.423459507198,6.26740520892,4326,4,,,Kupang,Nusa Tenggara Timur,,0,,,2024-06,0.3249445774764449,6,0.3249445774764449,VIIRS DNB,nW/cm2/sr,2024,"{""type"":""MultiPoint"",""coordinates"":[]}"
125_00000000000000000007,BA03050040,,,,,,,53.10,53,1343.83414797,TASWIL5000020230907KABKOTA,Manggarai,,0.11037433796,2.62044875269,4326,4,,,Manggarai,Nusa Tenggara Timur,,0,,,2024-06,0.38202850373945424,6,0.38202850373945424,VIIRS DNB,nW/cm2/sr,2024,"{""type"":""MultiPoint"",""coordinates"":[]}"
125_0000000000000000000b,BA03050040,,,,,,,53.09,53,1735.63521769,TASWIL5000020230907KABKOTA,Ngada,,0.142589549676,2.86650785507,4326,4,,,Ngada,Nusa Tenggara Timur,,0,,,2024-06,0.26526832720760757,6,0.26526832720760757,VIIRS DNB,nW/cm2/sr,2024,"{""type"":""MultiPoint"",""coordinates"":[]}"
125_0000000000000000000e,BA03050040,,,,,,,53.07,53,1671.64902391,TASWIL5000020230907KABKOTA,Sikka,,0.137312979206,3.89925449996,4326,4,,,Sikka,Nusa Tenggara Timur,,0,,,2024-06,0.36281020586534024,6,0.36281020586534024,VIIRS DNB,nW/cm2/sr,2024,"{""type"":""MultiPoint"",""coordinates"":[]}"
125_0000000000000000000f,BA03050040,,,,,,,53.12,53,757.407641007,TASWIL5000020230907KABKOTA,Sumba Barat,,0.0623907023605,2.04212111278,4326,4,,,Sumba Barat,Nusa Tenggara Timur,,0,,,2024-06,0.3564087878887251,6,0.3564087878887251,VIIRS DNB,nW/cm2/sr,2024,"{""type"":""MultiPoint"",""coordinates"":[]}"
125_00000000000000000011,BA03050040,,,,,,,53.11,53,6984.01403441,TASWIL5000020230907KABKOTA,Sumba Timur,,0.575702142252,4.80415749282,4326,4,,,Sumba Timur,Nusa Tenggara Timur,,0,,,2024-06,0.2632200644216994,6,0.2632200644216994,VIIRS DNB,nW/cm2/sr,2024,"{""type"":""MultiPoint"",""coordinates"":[]}"
125_00000000000000000012,BA03050040,,,,,,,53.02,53,3933.15111495,TASWIL5000020230907KABKOTA,Timor Tengah Selatan,,0.324167140101,3.32375028444,4326,4,,,Timor Tengah Selatan,Nusa Tenggara Timur,,0,,,2024-06,0.2803401465414503,6,0.2803401465414503,VIIRS DNB,nW/cm2/sr,2024,"{""type"":""MultiPoint"",""coordinates"":[]}"
125_00000000000000000013,BA03050040,,,,,,,53.03,53,2623.19983128,TASWIL5000020230907KABKOTA,Timor Tengah Utara,,0.215921651765,3.4787254107,4326,4,,,Timor Tengah Utara,Nusa Tenggara Timur,,0,,,2024-06,0.30511174096166893,6,0.30511174096166893,VIIRS DNB,nW/cm2/sr,2024,"{""type"":""MultiPoint"",""coordinates"":[]}"
125_00000000000000000015,BA03050040,,,,,,,53.08,53,2085.24387061,TASWIL5000020230907KABKOTA,Ende,,0.171316232886,2.99297540949,4326,4,,,Ende,Nusa Tenggara Timur,,0,,,2024-06,0.3084953200028225,6,0.3084953200028225,VIIRS DNB,nW/cm2/sr,2024,"{""type"":""MultiPoint"",""coordinates"":[]}"
125_00000000000000000006,BA03050040,,,,,,,53.21,53,1109.16204574,TASWIL5000020230907KABKOTA,Malaka,,0.0913351434015,2.23370514726,4326,4,,,Malaka,Nusa Tenggara Timur,,0,Belu,,2024-06,0.3554044843506061,6,0.3554044843506061,VIIRS DNB,nW/cm2/sr,2024,"{""type"":""MultiPoint"",""coordinates"":[]}"
125_00000000000000000005,BA03050040,,,,,,,53.13,53,1268.10489804,TASWIL5000020230907KABKOTA,Lembata,,0.10410466891,3.45188597769,4326,4,,,Lembata,Nusa Tenggara Timur,,0,Flores Timur,,2024-06,0.40451349980075574,6,0.40451349980075574,VIIRS DNB,nW/cm2/sr,2024,"{""type"":""MultiPoint"",""coordinates"":[]}"
125_00000000000000000003,BA03050040,,,,,,,53.71,53,159.334041006,TASWIL5000020230907KABKOTA,Kota Kupang,,0.0131469663875,0.949087585397,4326,5,,,Kota Kupang,Nusa Tenggara Timur,,0,Kupang,,2024-06,9.56542669673372,6,9.56542669673372,VIIRS DNB,nW/cm2/sr,2024,"{""type"":""MultiPoint"",""coordinates"":[]}"
125_0000000000000000000c,BA03050040,,,,,,,53.14,53,1286.45281117,TASWIL5000020230907KABKOTA,Rote Ndao,,0.106321906477,4.76909476004,4326,4,,,Rote Ndao,Nusa Tenggara Timur,,0,Kupang,,2024-06,0.2945820487736558,6,0.2945820487736558,VIIRS DNB,nW/cm2/sr,2024,"{""type"":""MultiPoint"",""coordinates"":[]}"
125_0000000000000000000d,BA03050040,,,,,,,53.20,53,460.956594118,TASWIL5000020230907KABKOTA,Sabu Raijua,,0.0380736571077,1.23438979443,4326,4,,,Sabu Raijua,Nusa Tenggara Timur,,0,Kupang,,2024-06,0.4320651545468509,6,0.4320651545468509,VIIRS DNB,nW/cm2/sr,2024,"{""type"":""MultiPoint"",""coordinates"":[]}"
125_00000000000000000008,BA03050040,,,,,,,53.15,53,3128.99733567,TASWIL5000020230907KABKOTA,Manggarai Barat,,0.257018604578,10.7211601624,4326,4,,,Manggarai Barat,Nusa Tenggara Timur,,0,Manggarai,,2024-06,0.30075321864686655,6,0.30075321864686655,VIIRS DNB,nW/cm2/sr,2024,"{""type"":""MultiPoint"",""coordinates"":[]}"
125_00000000000000000009,BA03050040,,,,,,,53.19,53,2389.52959786,TASWIL5000020230907KABKOTA,Manggarai Timur,,0.196263276889,2.60910655519,4326,4,,,Manggarai Timur,Nusa Tenggara Timur,,0,Manggarai,,2024-06,0.26503333085904385,6,0.26503333085904385,VIIRS DNB,nW/cm2/sr,2024,"{""type"":""MultiPoint"",""coordinates"":[]}"
125_0000000000000000000a,BA03050040,,,,,,,53.16,53,1396.16423098,TASWIL5000020230907KABKOTA,Nagekeo,,0.114707914625,2.15252417923,4326,4,,,Nagekeo,Nusa Tenggara Timur,,0,Ngada,,2024-06,0.3082824366384607,6,0.3082824366384607,VIIRS DNB,nW/cm2/sr,2024,"{""type"":""MultiPoint"",""coordinates"":[]}"
125_00000000000000000010,BA03050040,,,,,,,53.17,53,1789.65872064,TASWIL5000020230907KABKOTA,Sumba Tengah,,0.147379835649,2.42469258111,4326,4,,,Sumba Tengah,Nusa Tenggara Timur,,0,Sumba Barat,,2024-06,0.24770920856740997,6,0.24770920856740997,VIIRS DNB,nW/cm2/sr,2024,"{""type"":""MultiPoint"",""coordinates"":[]}"
125_00000000000000000014,BA03050040,,,,,,,53.18,53,1383.31224571,TASWIL5000020230907KABKOTA,Sumba Barat Daya,,0.113913848979,1.59805558471,4326,4,,,Sumba Barat Daya,Nusa Tenggara Timur,,0,Sumba Barat,,2024-06,0.3472447160401083,6,0.3472447160401083,VIIRS DNB,nW/cm2/sr,2024,"{""type"":""MultiPoint"",""coordinates"":[]}"
126_00000000000000000000,BA03050040,,,,,,,53.05,53,2928.55881854,TASWIL5000020230907KABKOTA,Alor,,0.24037265184,5.67288749982,4326,4,,,Alor,Nusa Tenggara Timur,,0,,,2024-07,0.32605961107747405,7,0.32605961107747405,VIIRS DNB,nW/cm2/sr,2024,"{""type"":""MultiPoint"",""coordinates"":[]}"
126_00000000000000000001,BA03050040,,,,,,,53.04,53,1127.25008655,TASWIL5000020230907KABKOTA,Belu,,0.0927289736817,2.29261763369,4326,4,,,Belu,Nusa Tenggara Timur,,0,,,2024-07,0.4935475009230878,7,0.4935475009230878,VIIRS DNB,nW/cm2/sr,2024,"{""type"":""MultiPoint"",""coordinates"":[]}"
126_00000000000000000002,BA03050040,,,,,,,53.06,53,1748.5165523,TASWIL5000020230907KABKOTA,Flores Timur,,0.143538260694,4.68012528849,4326,4,,,Flores Timur,Nusa Tenggara Timur,,0,,,2024-07,0.3869179608997824,7,0.3869179608997824,VIIRS DNB,nW/cm2/sr,2024,"{""type"":""MultiPoint"",""coordinates"":[]}"
126_00000000000000000004,BA03050040,,,,,,,53.01,53,5136.51008742,TASWIL5000020230907KABKOTA,Kupang,,0.423459507198,6.26740520892,4326,4,,,Kupang,Nusa Tenggara Timur,,0,,,2024-07,0.4260327146259248,7,0.4260327146259248,VIIRS DNB,nW/cm2/sr,2024,"{""type"":""MultiPoint"",""coordinates"":[]}"
126_00000000000000000007,BA03050040,,,,,,,53.10,53,1343.83414797,TASWIL5000020230907KABKOTA,Manggarai,,0.11037433796,2.62044875269,4326,4,,,Manggarai,Nusa Tenggara Timur,,0,,,2024-07,0.49078141973975004,7,0.49078141973975004,VIIRS DNB,nW/cm2/sr,2024,"{""type"":""MultiPoint"",""coordinates"":[]}"
126_0000000000000000000b,BA03050040,,,,,,,53.09,53,1735.63521769,TASWIL5000020230907KABKOTA,Ngada,,0.142589549676,2.86650785507,4326,4,,,Ngada,Nusa Tenggara Timur,,0,,,2024-07,0.36380954660223763,7,0.36380954660223763,VIIRS DNB,nW/cm2/sr,2024,"{""type"":""MultiPoint"",""coordinates"":[]}"
126_0000000000000000000e,BA03050040,,,,,,,53.07,53,1671.64902391,TASWIL5000020230907KABKOTA,Sikka,,0.137312979206,3.89925449996,4326,4,,,Sikka,Nusa Tenggara Timur,,0,,,2024-07,0.4488084636936173,7,0.4488084636936173,VIIRS DNB,nW/cm2/sr,2024,"{""type"":""MultiPoint"",""coordinates"":[]}"
126_0000000000000000000f,BA03050040,,,,,,,53.12,53,757.407641007,TASWIL5000020230907KABKOTA,Sumba Barat,,0.0623907023605,2.04212111278,4326,4,,,Sumba Barat,Nusa Tenggara Timur,,0,,,2024-07,0.44758139929245844,7,0.44758139929245844,VIIRS DNB,nW/cm2/sr,2024,"{""type"":""MultiPoint"",""coordinates"":[]}"
126_00000000000000000011,BA03050040,,,,,,,53.11,53,6984.01403441,TASWIL5000020230907KABKOTA,Sumba Timur,,0.575702142252,4.80415749282,4326,4,,,Sumba Timur,Nusa Tenggara Timur,,0,,,2024-07,0.337986772716722,7,0.337986772716722,VIIRS DNB,nW/cm2/sr,2024,"{""type"":""MultiPoint"",""coordinates"":[]}"
126_00000000000000000012,BA03050040,,,,,,,53.02,53,3933.15111495,TASWIL5000020230907KABKOTA,Timor Tengah Selatan,,0.324167140101,3.32375028444,4326,4,,,Timor Tengah Selatan,Nusa Tenggara Timur,,0,,,2024-07,0.37012041015320857,7,0.37012041015320857,VIIRS DNB,nW/cm2/sr,2024,"{""type"":""MultiPoint"",""coordinates"":[]}"
126_00000000000000000013,BA03050040,,,,,,,53.03,53,2623.19983128,TASWIL5000020230907KABKOTA,Timor Tengah Utara,,0.215921651765,3.4787254107,4326,4,,,Timor Tengah Utara,Nusa Tenggara Timur,,0,,,2024-07,0.37534079969568124,7,0.37534079969568124,VIIRS DNB,nW/cm2/sr,2024,"{""type"":""MultiPoint"",""coordinates"":[]}"
126_00000000000000000015,BA03050040,,,,,,,53.08,53,2085.24387061,TASWIL5000020230907KABKOTA,Ende,,0.171316232886,2.99297540949,4326,4,,,Ende,Nusa Tenggara Timur,,0,,,2024-07,0.4040132781877962,7,0.4040132781877962,VIIRS DNB,nW/cm2/sr,2024,"{""type"":""MultiPoint"",""coordinates"":[]}"
126_00000000000000000006,BA03050040,,,,,,,53.21,53,1109.16204574,TASWIL5000020230907KABKOTA,Malaka,,0.0913351434015,2.23370514726,4326,4,,,Malaka,Nusa Tenggara Timur,,0,Belu,,2024-07,0.4152517570628935,7,0.4152517570628935,VIIRS DNB,nW/cm2/sr,2024,"{""type"":""MultiPoint"",""coordinates"":[]}"
126_00000000000000000005,BA03050040,,,,,,,53.13,53,1268.10489804,TASWIL5000020230907KABKOTA,Lembata,,0.10410466891,3.45188597769,4326,4,,,Lembata,Nusa Tenggara Timur,,0,Flores Timur,,2024-07,0.3759694322335927,7,0.3759694322335927,VIIRS DNB,nW/cm2/sr,2024,"{""type"":""MultiPoint"",""coordinates"":[]}"
126_00000000000000000003,BA03050040,,,,,,,53.71,53,159.334041006,TASWIL5000020230907KABKOTA,Kota Kupang,,0.0131469663875,0.949087585397,4326,5,,,Kota Kupang,Nusa Tenggara Timur,,0,Kupang,,2024-07,10.022405847211534,7,10.022405847211534,VIIRS DNB,nW/cm2/sr,2024,"{""type"":""MultiPoint"",""coordinates"":[]}"
126_0000000000000000000c,BA03050040,,,,,,,53.14,53,1286.45281117,TASWIL5000020230907KABKOTA,Rote Ndao,,0.106321906477,4.76909476004,4326,4,,,Rote Ndao,Nusa Tenggara Timur,,0,Kupang,,2024-07,0.41475051301158716,7,0.41475051301158716,VIIRS DNB,nW/cm2/sr,2024,"{""type"":""MultiPoint"",""coordinates"":[]}"
126_0000000000000000000d,BA03050040,,,,,,,53.20,53,460.956594118,TASWIL5000020230907KABKOTA,Sabu Raijua,,0.0380736571077,1.23438979443,4326,4,,,Sabu Raijua,Nusa Tenggara Timur,,0,Kupang,,2024-07,0.5555446615999616,7,0.5555446615999616,VIIRS DNB,nW/cm2/sr,2024,"{""type"":""MultiPoint"",""coordinates"":[]}"
126_00000000000000000008,BA03050040,,,,,,,53.15,53,3128.99733567,TASWIL5000020230907KABKOTA,Manggarai Barat,,0.257018604578,10.7211601624,4326,4,,,Manggarai Barat,Nusa Tenggara Timur,,0,Manggarai,,2024-07,0.40753357961599684,7,0.40753357961599684,VIIRS DNB,nW/cm2/sr,2024,"{""type"":""MultiPoint"",""coordinates"":[]}"
126_00000000000000000009,BA03050040,,,,,,,53.19,53,2389.52959786,TASWIL5000020230907KABKOTA,Manggarai Timur,,0.196263276889,2.60910655519,4326,4,,,Manggarai Timur,Nusa Tenggara Timur,,0,Manggarai,,2024-07,0.3643809546109956,7,0.3643809546109956,VIIRS DNB,nW/cm2/sr,2024,"{""type"":""MultiPoint"",""coordinates"":[]}"
126_0000000000000000000a,BA03050040,,,,,,,53.16,53,1396.16423098,TASWIL5000020230907KABKOTA,Nagekeo,,0.114707914625,2.15252417923,4326,4,,,Nagekeo,Nusa Tenggara Timur,,0,Ngada,,2024-07,0.39231996089931453,7,0.39231996089931453,VIIRS DNB,nW/cm2/sr,2024,"{""type"":""MultiPoint"",""coordinates"":[]}"
126_00000000000000000010,BA03050040,,,,,,,53.17,53,1789.65872064,TASWIL5000020230907KABKOTA,Sumba Tengah,,0.147379835649,2.42469258111,4326,4,,,Sumba Tengah,Nusa Tenggara Timur,,0,Sumba Barat,,2024-07,0.302999461347358,7,0.302999461347358,VIIRS DNB,nW/cm2/sr,2024,"{""type"":""MultiPoint"",""coordinates"":[]}"
126_00000000000000000014,BA03050040,,,,,,,53.18,53,1383.31224571,TASWIL5000020230907KABKOTA,Sumba Barat Daya,,0.113913848979,1.59805558471,4326,4,,,Sumba Barat Daya,Nusa Tenggara Timur,,0,Sumba Barat,,2024-07,0.41105736632500756,7,0.41105736632500756,VIIRS DNB,nW/cm2/sr,2024,"{""type"":""MultiPoint"",""coordinates"":[]}"
127_00000000000000000000,BA03050040,,,,,,,53.05,53,2928.55881854,TASWIL5000020230907KABKOTA,Alor,,0.24037265184,5.67288749982,4326,4,,,Alor,Nusa Tenggara Timur,,0,,,2024-08,0.3636507238100418,8,0.3636507238100418,VIIRS DNB,nW/cm2/sr,2024,"{""type"":""MultiPoint"",""coordinates"":[]}"
127_00000000000000000001,BA03050040,,,,,,,53.04,53,1127.25008655,TASWIL5000020230907KABKOTA,Belu,,0.0927289736817,2.29261763369,4326,4,,,Belu,Nusa Tenggara Timur,,0,,,2024-08,0.5535738326791497,8,0.5535738326791497,VIIRS DNB,nW/cm2/sr,2024,"{""type"":""MultiPoint"",""coordinates"":[]}"
127_00000000000000000002,BA03050040,,,,,,,53.06,53,1748.5165523,TASWIL5000020230907KABKOTA,Flores Timur,,0.143538260694,4.68012528849,4326,4,,,Flores Timur,Nusa Tenggara Timur,,0,,,2024-08,0.42547234892849234,8,0.42547234892849234,VIIRS DNB,nW/cm2/sr,2024,"{""type"":""MultiPoint"",""coordinates"":[]}"
127_00000000000000000004,BA03050040,,,,,,,53.01,53,5136.51008742,TASWIL5000020230907KABKOTA,Kupang,,0.423459507198,6.26740520892,4326,4,,,Kupang,Nusa Tenggara Timur,,0,,,2024-08,0.4553941812854095,8,0.4553941812854095,VIIRS DNB,nW/cm2/sr,2024,"{""type"":""MultiPoint"",""coordinates"":[]}"
127_00000000000000000007,BA03050040,,,,,,,53.10,53,1343.83414797,TASWIL5000020230907KABKOTA,Manggarai,,0.11037433796,2.62044875269,4326,4,,,Manggarai,Nusa Tenggara Timur,,0,,,2024-08,0.4928994451568502,8,0.4928994451568502,VIIRS DNB,nW/cm2/sr,2024,"{""type"":""MultiPoint"",""coordinates"":[]}"
127_0000000000000000000b,BA03050040,,,,,,,53.09,53,1735.63521769,TASWIL5000020230907KABKOTA,Ngada,,0.142589549676,2.86650785507,4326,4,,,Ngada,Nusa Tenggara Timur,,0,,,2024-08,0.35627525758561446,8,0.35627525758561446,VIIRS DNB,nW/cm2/sr,2024,"{""type"":""MultiPoint"",""coordinates"":[]}"
127_0000000000000000000e,BA03050040,,,,,,,53.07,53,1671.64902391,TASWIL5000020230907KABKOTA,Sikka,,0.137312979206,3.89925449996,4326,4,,,Sikka,Nusa Tenggara Timur,,0,,,2024-08,0.5140349232404431,8,0.5140349232404431,VIIRS DNB,nW/cm2/sr,2024,"{""type"":""MultiPoint"",""coordinates"":[]}"
127_0000000000000000000f,BA03050040,,,,,,,53.12,53,757.407641007,TASWIL5000020230907KABKOTA,Sumba Barat,,0.0623907023605,2.04212111278,4326,4,,,Sumba Barat,Nusa Tenggara Timur,,0,,,2024-08,0.44817300604205296,8,0.44817300604205296,VIIRS DNB,nW/cm2/sr,2024,"{""type"":""MultiPoint"",""coordinates"":[]}"
127_00000000000000000011,BA03050040,,,,,,,53.11,53,6984.01403441,TASWIL5000020230907KABKOTA,Sumba Timur,,0.575702142252,4.80415749282,4326,4,,,Sumba Timur,Nusa Tenggara Timur,,0,,,2024-08,0.3395974586320831,8,0.3395974586320831,VIIRS DNB,nW/cm2/sr,2024,"{""type"":""MultiPoint"",""coordinates"":[]}"
127_00000000000000000012,BA03050040,,,,,,,53.02,53,3933.15111495,TASWIL5000020230907KABKOTA,Timor Tengah Selatan,,0.324167140101,3.32375028444,4326,4,,,Timor Tengah Selatan,Nusa Tenggara Timur,,0,,,2024-08,0.39343619881909636,8,0.39343619881909636,VIIRS DNB,nW/cm2/sr,2024,"{""type"":""MultiPoint"",""coordinates"":[]}"
127_00000000000000000013,BA03050040,,,,,,,53.03,53,2623.19983128,TASWIL5000020230907KABKOTA,Timor Tengah Utara,,0.215921651765,3.4787254107,4326,4,,,Timor Tengah Utara,Nusa Tenggara Timur,,0,,,2024-08,0.4163226124625858,8,0.4163226124625858,VIIRS DNB,nW/cm2/sr,2024,"{""type"":""MultiPoint"",""coordinates"":[]}"
127_00000000000000000015,BA03050040,,,,,,,53.08,53,2085.24387061,TASWIL5000020230907KABKOTA,Ende,,0.171316232886,2.99297540949,4326,4,,,Ende,Nusa Tenggara Timur,,0,,,2024-08,0.4312721986797815,8,0.4312721986797815,VIIRS DNB,nW/cm2/sr,2024,"{""type"":""MultiPoint"",""coordinates"":[]}"
127_00000000000000000006,BA03050040,,,,,,,53.21,53,1109.16204574,TASWIL5000020230907KABKOTA,Malaka,,0.0913351434015,2.23370514726,4326,4,,,Malaka,Nusa Tenggara Timur,,0,Belu,,2024-08,0.47920391385113686,8,0.47920391385113686,VIIRS DNB,nW/cm2/sr,2024,"{""type"":""MultiPoint"",""coordinates"":[]}"
127_00000000000000000005,BA03050040,,,,,,,53.13,53,1268.10489804,TASWIL5000020230907KABKOTA,Lembata,,0.10410466891,3.45188597769,4326,4,,,Lembata,Nusa Tenggara Timur,,0,Flores Timur,,2024-08,0.4731411156463556,8,0.4731411156463556,VIIRS DNB,nW/cm2/sr,2024,"{""type"":""MultiPoint"",""coordinates"":[]}"
127_00000000000000000003,BA03050040,,,,,,,53.71,53,159.334041006,TASWIL5000020230907KABKOTA,Kota Kupang,,0.0131469663875,0.949087585397,4326,5,,,Kota Kupang,Nusa Tenggara Timur,,0,Kupang,,2024-08,11.201948630288909,8,11.201948630288909,VIIRS DNB,nW/cm2/sr,2024,"{""type"":""MultiPoint"",""coordinates"":[]}"
127_0000000000000000000c,BA03050040,,,,,,,53.14,53,1286.45281117,TASWIL5000020230907KABKOTA,Rote Ndao,,0.106321906477,4.76909476004,4326,4,,,Rote Ndao,Nusa Tenggara Timur,,0,Kupang,,2024-08,0.43172376292957815,8,0.43172376292957815,VIIRS DNB,nW/cm2/sr,2024,"{""type"":""MultiPoint"",""coordinates"":[]}"
127_0000000000000000000d,BA03050040,,,,,,,53.20,53,460.956594118,TASWIL5000020230907KABKOTA,Sabu Raijua,,0.0380736571077,1.23438979443,4326,4,,,Sabu Raijua,Nusa Tenggara Timur,,0,Kupang,,2024-08,0.5824200884312312,8,0.5824200884312312,VIIRS DNB,nW/cm2/sr,2024,"{""type"":""MultiPoint"",""coordinates"":[]}"
127_00000000000000000008,BA03050040,,,,,,,53.15,53,3128.99733567,TASWIL5000020230907KABKOTA,Manggarai Barat,,0.257018604578,10.7211601624,4326,4,,,Manggarai Barat,Nusa Tenggara Timur,,0,Manggarai,,2024-08,0.40097861154144904,8,0.40097861154144904,VIIRS DNB,nW/cm2/sr,2024,"{""type"":""MultiPoint"",""coordinates"":[]}"
127_00000000000000000009,BA03050040,,,,,,,53.19,53,2389.52959786,TASWIL5000020230907KABKOTA,Manggarai Timur,,0.196263276889,2.60910655519,4326,4,,,Manggarai Timur,Nusa Tenggara Timur,,0,Manggarai,,2024-08,0.3632301491925836,8,0.3632301491925836,VIIRS DNB,nW/cm2/sr,2024,"{""type"":""MultiPoint"",""coordinates"":[]}"
127_0000000000000000000a,BA03050040,,,,,,,53.16,53,1396.16423098,TASWIL5000020230907KABKOTA,Nagekeo,,0.114707914625,2.15252417923,4326,4,,,Nagekeo,Nusa Tenggara Timur,,0,Ngada,,2024-08,0.4049583397045535,8,0.4049583397045535,VIIRS DNB,nW/cm2/sr,2024,"{""type"":""MultiPoint"",""coordinates"":[]}"
127_00000000000000000010,BA03050040,,,,,,,53.17,53,1789.65872064,TASWIL5000020230907KABKOTA,Sumba Tengah,,0.147379835649,2.42469258111,4326,4,,,Sumba Tengah,Nusa Tenggara Timur,,0,Sumba Barat,,2024-08,0.31753274256293207,8,0.31753274256293207,VIIRS DNB,nW/cm2/sr,2024,"{""type"":""MultiPoint"",""coordinates"":[]}"
127_00000000000000000014,BA03050040,,,,,,,53.18,53,1383.31224571,TASWIL5000020230907KABKOTA,Sumba Barat Daya,,0.113913848979,1.59805558471,4326,4,,,Sumba Barat Daya,Nusa Tenggara Timur,,0,Sumba Barat,,2024-08,0.4173405585373194,8,0.4173405585373194,VIIRS DNB,nW/cm2/sr,2024,"{""type"":""MultiPoint"",""coordinates"":[]}"
128_00000000000000000000,BA03050040,,,,,,,53.05,53,2928.55881854,TASWIL5000020230907KABKOTA,Alor,,0.24037265184,5.67288749982,4326,4,,,Alor,Nusa Tenggara Timur,,0,,,2024-09,0.3178680335559315,9,0.3178680335559315,VIIRS DNB,nW/cm2/sr,2024,"{""type"":""MultiPoint"",""coordinates"":[]}"
128_00000000000000000001,BA03050040,,,,,,,53.04,53,1127.25008655,TASWIL5000020230907KABKOTA,Belu,,0.0927289736817,2.29261763369,4326,4,,,Belu,Nusa Tenggara Timur,,0,,,2024-09,0.5160696640887471,9,0.5160696640887471,VIIRS DNB,nW/cm2/sr,2024,"{""type"":""MultiPoint"",""coordinates"":[]}"
128_00000000000000000002,BA03050040,,,,,,,53.06,53,1748.5165523,TASWIL5000020230907KABKOTA,Flores Timur,,0.143538260694,4.68012528849,4326,4,,,Flores Timur,Nusa Tenggara Timur,,0,,,2024-09,0.3221903858971169,9,0.3221903858971169,VIIRS DNB,nW/cm2/sr,2024,"{""type"":""MultiPoint"",""coordinates"":[]}"
128_00000000000000000004,BA03050040,,,,,,,53.01,53,5136.51008742,TASWIL5000020230907KABKOTA,Kupang,,0.423459507198,6.26740520892,4326,4,,,Kupang,Nusa Tenggara Timur,,0,,,2024-09,0.4163262235442554,9,0.4163262235442554,VIIRS DNB,nW/cm2/sr,2024,"{""type"":""MultiPoint"",""coordinates"":[]}"
128_00000000000000000007,BA03050040,,,,,,,53.10,53,1343.83414797,TASWIL5000020230907KABKOTA,Manggarai,,0.11037433796,2.62044875269,4326,4,,,Manggarai,Nusa Tenggara Timur,,0,,,2024-09,0.42870588291244266,9,0.42870588291244266,VIIRS DNB,nW/cm2/sr,2024,"{""type"":""MultiPoint"",""coordinates"":[]}"
128_0000000000000000000b,BA03050040,,,,,,,53.09,53,1735.63521769,TASWIL5000020230907KABKOTA,Ngada,,0.142589549676,2.86650785507,4326,4,,,Ngada,Nusa Tenggara Timur,,0,,,2024-09,0.2976785012943961,9,0.2976785012943961,VIIRS DNB,nW/cm2/sr,2024,"{""type"":""MultiPoint"",""coordinates"":[]}"
128_0000000000000000000e,BA03050040,,,,,,,53.07,53,1671.64902391,TASWIL5000020230907KABKOTA,Sikka,,0.137312979206,3.89925449996,4326,4,,,Sikka,Nusa Tenggara Timur,,0,,,2024-09,0.4026197007587099,9,0.4026197007587099,VIIRS DNB,nW/cm2/sr,2024,"{""type"":""MultiPoint"",""coordinates"":[]}"
128_0000000000000000000f,BA03050040,,,,,,,53.12,53,757.407641007,TASWIL5000020230907KABKOTA,Sumba Barat,,0.0623907023605,2.04212111278,4326,4,,,Sumba Barat,Nusa Tenggara Timur,,0,,,2024-09,0.3913926874401905,9,0.3913926874401905,VIIRS DNB,nW/cm2/sr,2024,"{""type"":""MultiPoint"",""coordinates"":[]}"
128_00000000000000000011,BA03050040,,,,,,,53.11,53,6984.01403441,TASWIL5000020230907KABKOTA,Sumba Timur,,0.575702142252,4.80415749282,4326,4,,,Sumba Timur,Nusa Tenggara Timur,,0,,,2024-09,0.30890101308934037,9,0.30890101308934037,VIIRS DNB,nW/cm2/sr,2024,"{""type"":""MultiPoint"",""coordinates"":[]}"
128_00000000000000000012,BA03050040,,,,,,,53.02,53,3933.15111495,TASWIL5000020230907KABKOTA,Timor Tengah Selatan,,0.324167140101,3.32375028444,4326,4,,,Timor Tengah Selatan,Nusa Tenggara Timur,,0,,,2024-09,0.35891019093206583,9,0.35891019093206583,VIIRS DNB,nW/cm2/sr,2024,"{""type"":""MultiPoint"",""coordinates"":[]}"
128_00000000000000000013,BA03050040,,,,,,,53.03,53,2623.19983128,TASWIL5000020230907KABKOTA,Timor Tengah Utara,,0.215921651765,3.4787254107,4326,4,,,Timor Tengah Utara,Nusa Tenggara Timur,,0,,,2024-09,0.379008664376713,9,0.379008664376713,VIIRS DNB,nW/cm2/sr,2024,"{""type"":""MultiPoint"",""coordinates"":[]}"
128_00000000000000000015,BA03050040,,,,,,,53.08,53,2085.24387061,TASWIL5000020230907KABKOTA,Ende,,0.171316232886,2.99297540949,4326,4,,,Ende,Nusa Tenggara Timur,,0,,,2024-09,0.3423975772884541,9,0.3423975772884541,VIIRS DNB,nW/cm2/sr,2024,"{""type"":""MultiPoint"",""coordinates"":[]}"
128_00000000000000000006,BA03050040,,,,,,,53.21,53,1109.16204574,TASWIL5000020230907KABKOTA,Malaka,,0.0913351434015,2.23370514726,4326,4,,,Malaka,Nusa Tenggara Timur,,0,Belu,,2024-09,0.42010473452642355,9,0.42010473452642355,VIIRS DNB,nW/cm2/sr,2024,"{""type"":""MultiPoint"",""coordinates"":[]}"
128_00000000000000000005,BA03050040,,,,,,,53.13,53,1268.10489804,TASWIL5000020230907KABKOTA,Lembata,,0.10410466891,3.45188597769,4326,4,,,Lembata,Nusa Tenggara Timur,,0,Flores Timur,,2024-09,0.33844091183854386,9,0.33844091183854386,VIIRS DNB,nW/cm2/sr,2024,"{""type"":""MultiPoint"",""coordinates"":[]}"
128_00000000000000000003,BA03050040,,,,,,,53.71,53,159.334041006,TASWIL5000020230907KABKOTA,Kota Kupang,,0.0131469663875,0.949087585397,4326,5,,,Kota Kupang,Nusa Tenggara Timur,,0,Kupang,,2024-09,10.939378360999623,9,10.939378360999623,VIIRS DNB,nW/cm2/sr,2024,"{""type"":""MultiPoint"",""coordinates"":[]}"
128_0000000000000000000c,BA03050040,,,,,,,53.14,53,1286.45281117,TASWIL5000020230907KABKOTA,Rote Ndao,,0.106321906477,4.76909476004,4326,4,,,Rote Ndao,Nusa Tenggara Timur,,0,Kupang,,2024-09,0.37814094349649,9,0.37814094349649,VIIRS DNB,nW/cm2/sr,2024,"{""type"":""MultiPoint"",""coordinates"":[]}"
128_0000000000000000000d,BA03050040,,,,,,,53.20,53,460.956594118,TASWIL5000020230907KABKOTA,Sabu Raijua,,0.0380736571077,1.23438979443,4326,4,,,Sabu Raijua,Nusa Tenggara Timur,,0,Kupang,,2024-09,0.5280992387013612,9,0.5280992387013612,VIIRS DNB,nW/cm2/sr,2024,"{""type"":""MultiPoint"",""coordinates"":[]}"
128_00000000000000000008,BA03050040,,,,,,,53.15,53,3128.99733567,TASWIL5000020230907KABKOTA,Manggarai Barat,,0.257018604578,10.7211601624,4326,4,,,Manggarai Barat,Nusa Tenggara Timur,,0,Manggarai,,2024-09,0.34092098822032546,9,0.34092098822032546,VIIRS DNB,nW/cm2/sr,2024,"{""type"":""MultiPoint"",""coordinates"":[]}"
128_00000000000000000009,BA03050040,,,,,,,53.19,53,2389.52959786,TASWIL5000020230907KABKOTA,Manggarai Timur,,0.196263276889,2.60910655519,4326,4,,,Manggarai Timur,Nusa Tenggara Timur,,0,Manggarai,,2024-09,0.2901934619035177,9,0.2901934619035177,VIIRS DNB,nW/cm2/sr,2024,"{""type"":""MultiPoint"",""coordinates"":[]}"
128_0000000000000000000a,BA03050040,,,,,,,53.16,53,1396.16423098,TASWIL5000020230907KABKOTA,Nagekeo,,0.114707914625,2.15252417923,4326,4,,,Nagekeo,Nusa Tenggara Timur,,0,Ngada,,2024-09,0.3315438976764206,9,0.3315438976764206,VIIRS DNB,nW/cm2/sr,2024,"{""type"":""MultiPoint"",""coordinates"":[]}"
128_00000000000000000010,BA03050040,,,,,,,53.17,53,1789.65872064,TASWIL5000020230907KABKOTA,Sumba Tengah,,0.147379835649,2.42469258111,4326,4,,,Sumba Tengah,Nusa Tenggara Timur,,0,Sumba Barat,,2024-09,0.2529065509656989,9,0.2529065509656989,VIIRS DNB,nW/cm2/sr,2024,"{""type"":""MultiPoint"",""coordinates"":[]}"
128_00000000000000000014,BA03050040,,,,,,,53.18,53,1383.31224571,TASWIL5000020230907KABKOTA,Sumba Barat Daya,,0.113913848979,1.59805558471,4326,4,,,Sumba Barat Daya,Nusa Tenggara Timur,,0,Sumba Barat,,2024-09,0.36535899485512136,9,0.36535899485512136,VIIRS DNB,nW/cm2/sr,2024,"{""type"":""MultiPoint"",""coordinates"":[]}"
129_00000000000000000000,BA03050040,,,,,,,53.05,53,2928.55881854,TASWIL5000020230907KABKOTA,Alor,,0.24037265184,5.67288749982,4326,4,,,Alor,Nusa Tenggara Timur,,0,,,2024-10,0.3962770548425561,10,0.3962770548425561,VIIRS DNB,nW/cm2/sr,2024,"{""type"":""MultiPoint"",""coordinates"":[]}"
129_00000000000000000001,BA03050040,,,,,,,53.04,53,1127.25008655,TASWIL5000020230907KABKOTA,Belu,,0.0927289736817,2.29261763369,4326,4,,,Belu,Nusa Tenggara Timur,,0,,,2024-10,0.5309633070519119,10,0.5309633070519119,VIIRS DNB,nW/cm2/sr,2024,"{""type"":""MultiPoint"",""coordinates"":[]}"
129_00000000000000000002,BA03050040,,,,,,,53.06,53,1748.5165523,TASWIL5000020230907KABKOTA,Flores Timur,,0.143538260694,4.68012528849,4326,4,,,Flores Timur,Nusa Tenggara Timur,,0,,,2024-10,0.4020719686786272,10,0.4020719686786272,VIIRS DNB,nW/cm2/sr,2024,"{""type"":""MultiPoint"",""coordinates"":[]}"
129_00000000000000000004,BA03050040,,,,,,,53.01,53,5136.51008742,TASWIL5000020230907KABKOTA,Kupang,,0.423459507198,6.26740520892,4326,4,,,Kupang,Nusa Tenggara Timur,,0,,,2024-10,0.476940776117362,10,0.476940776117362,VIIRS DNB,nW/cm2/sr,2024,"{""type"":""MultiPoint"",""coordinates"":[]}"
129_00000000000000000007,BA03050040,,,,,,,53.10,53,1343.83414797,TASWIL5000020230907KABKOTA,Manggarai,,0.11037433796,2.62044875269,4326,4,,,Manggarai,Nusa Tenggara Timur,,0,,,2024-10,0.4784694485322111,10,0.4784694485322111,VIIRS DNB,nW/cm2/sr,2024,"{""type"":""MultiPoint"",""coordinates"":[]}"
129_0000000000000000000b,BA03050040,,,,,,,53.09,53,1735.63521769,TASWIL5000020230907KABKOTA,Ngada,,0.142589549676,2.86650785507,4326,4,,,Ngada,Nusa Tenggara Timur,,0,,,2024-10,0.3702778197539021,10,0.3702778197539021,VIIRS DNB,nW/cm2/sr,2024,"{""type"":""MultiPoint"",""coordinates"":[]}"
129_0000000000000000000e,BA03050040,,,,,,,53.07,53,1671.64902391,TASWIL5000020230907KABKOTA,Sikka,,0.137312979206,3.89925449996,4326,4,,,Sikka,Nusa Tenggara Timur,,0,,,2024-10,0.4818279828032659,10,0.4818279828032659,VIIRS DNB,nW/cm2/sr,2024,"{""type"":""MultiPoint"",""coordinates"":[]}"
129_0000000000000000000f,BA03050040,,,,,,,53.12,53,757.407641007,TASWIL5000020230907KABKOTA,Sumba Barat,,0.0623907023605,2.04212111278,4326,4,,,Sumba Barat,Nusa Tenggara Timur,,0,,,2024-10,0.4551797412244047,10,0.4551797412244047,VIIRS DNB,nW/cm2/sr,2024,"{""type"":""MultiPoint"",""coordinates"":[]}"
129_00000000000000000011,BA03050040,,,,,,,53.11,53,6984.01403441,TASWIL5000020230907KABKOTA,Sumba Timur,,0.575702142252,4.80415749282,4326,4,,,Sumba Timur,Nusa Tenggara Timur,,0,,,2024-10,0.345387083428774,10,0.345387083428774,VIIRS DNB,nW/cm2/sr,2024,"{""type"":""MultiPoint"",""coordinates"":[]}"
129_00000000000000000012,BA03050040,,,,,,,53.02,53,3933.15111495,TASWIL5000020230907KABKOTA,Timor Tengah Selatan,,0.324167140101,3.32375028444,4326,4,,,Timor Tengah Selatan,Nusa Tenggara Timur,,0,,,2024-10,0.4190748627883806,10,0.4190748627883806,VIIRS DNB,nW/cm2/sr,2024,"{""type"":""MultiPoint"",""coordinates"":[]}"
129_00000000000000000013,BA03050040,,,,,,,53.03,53,2623.19983128,TASWIL5000020230907KABKOTA,Timor Tengah Utara,,0.215921651765,3.4787254107,4326,4,,,Timor Tengah Utara,Nusa Tenggara Timur,,0,,,2024-10,0.44256799771364164,10,0.44256799771364164,VIIRS DNB,nW/cm2/sr,2024,"{""type"":""MultiPoint"",""coordinates"":[]}"
129_00000000000000000015,BA03050040,,,,,,,53.08,53,2085.24387061,TASWIL5000020230907KABKOTA,Ende,,0.171316232886,2.99297540949,4326,4,,,Ende,Nusa Tenggara Timur,,0,,,2024-10,0.4110089244078459,10,0.4110089244078459,VIIRS DNB,nW/cm2/sr,2024,"{""type"":""MultiPoint"",""coordinates"":[]}"
129_00000000000000000006,BA03050040,,,,,,,53.21,53,1109.16204574,TASWIL5000020230907KABKOTA,Malaka,,0.0913351434015,2.23370514726,4326,4,,,Malaka,Nusa Tenggara Timur,,0,Belu,,2024-10,0.4959957095932348,10,0.4959957095932348,VIIRS DNB,nW/cm2/sr,2024,"{""type"":""MultiPoint"",""coordinates"":[]}"
129_00000000000000000005,BA03050040,,,,,,,53.13,53,1268.10489804,TASWIL5000020230907KABKOTA,Lembata,,0.10410466891,3.45188597769,4326,4,,,Lembata,Nusa Tenggara Timur,,0,Flores Timur,,2024-10,0.42184379509883957,10,0.42184379509883957,VIIRS DNB,nW/cm2/sr,2024,"{""type"":""MultiPoint"",""coordinates"":[]}"
129_00000000000000000003,BA03050040,,,,,,,53.71,53,159.334041006,TASWIL5000020230907KABKOTA,Kota Kupang,,0.0131469663875,0.949087585397,4326,5,,,Kota Kupang,Nusa Tenggara Timur,,0,Kupang,,2024-10,9.347885188670995,10,9.347885188670995,VIIRS DNB,nW/cm2/sr,2024,"{""type"":""MultiPoint"",""coordinates"":[]}"
129_0000000000000000000c,BA03050040,,,,,,,53.14,53,1286.45281117,TASWIL5000020230907KABKOTA,Rote Ndao,,0.106321906477,4.76909476004,4326,4,,,Rote Ndao,Nusa Tenggara Timur,,0,Kupang,,2024-10,0.44787594709995715,10,0.44787594709995715,VIIRS DNB,nW/cm2/sr,2024,"{""type"":""MultiPoint"",""coordinates"":[]}"
129_0000000000000000000d,BA03050040,,,,,,,53.20,53,460.956594118,TASWIL5000020230907KABKOTA,Sabu Raijua,,0.0380736571077,1.23438979443,4326,4,,,Sabu Raijua,Nusa Tenggara Timur,,0,Kupang,,2024-10,0.5736717505847992,10,0.5736717505847992,VIIRS DNB,nW/cm2/sr,2024,"{""type"":""MultiPoint"",""coordinates"":[]}"
129_00000000000000000008,BA03050040,,,,,,,53.15,53,3128.99733567,TASWIL5000020230907KABKOTA,Manggarai Barat,,0.257018604578,10.7211601624,4326,4,,,Manggarai Barat,Nusa Tenggara Timur,,0,Manggarai,,2024-10,0.3950826831259268,10,0.3950826831259268,VIIRS DNB,nW/cm2/sr,2024,"{""type"":""MultiPoint"",""coordinates"":[]}"
129_00000000000000000009,BA03050040,,,,,,,53.19,53,2389.52959786,TASWIL5000020230907KABKOTA,Manggarai Timur,,0.196263276889,2.60910655519,4326,4,,,Manggarai Timur,Nusa Tenggara Timur,,0,Manggarai,,2024-10,0.3644764846868961,10,0.3644764846868961,VIIRS DNB,nW/cm2/sr,2024,"{""type"":""MultiPoint"",""coordinates"":[]}"
129_0000000000000000000a,BA03050040,,,,,,,53.16,53,1396.16423098,TASWIL5000020230907KABKOTA,Nagekeo,,0.114707914625,2.15252417923,4326,4,,,Nagekeo,Nusa Tenggara Timur,,0,Ngada,,2024-10,0.40332342236812235,10,0.40332342236812235,VIIRS DNB,nW/cm2/sr,2024,"{""type"":""MultiPoint"",""coordinates"":[]}"
129_00000000000000000010,BA03050040,,,,,,,53.17,53,1789.65872064,TASWIL5000020230907KABKOTA,Sumba Tengah,,0.147379835649,2.42469258111,4326,4,,,Sumba Tengah,Nusa Tenggara Timur,,0,Sumba Barat,,2024-10,0.32752139900996413,10,0.32752139900996413,VIIRS DNB,nW/cm2/sr,2024,"{""type"":""MultiPoint"",""coordinates"":[]}"
129_00000000000000000014,BA03050040,,,,,,,53.18,53,1383.31224571,TASWIL5000020230907KABKOTA,Sumba Barat Daya,,0.113913848979,1.59805558471,4326,4,,,Sumba Barat Daya,Nusa Tenggara Timur,,0,Sumba Barat,,2024-10,0.43273605270991017,10,0.43273605270991017,VIIRS DNB,nW/cm2/sr,2024,"{""type"":""MultiPoint"",""coordinates"":[]}"
130_00000000000000000000,BA03050040,,,,,,,53.05,53,2928.55881854,TASWIL5000020230907KABKOTA,Alor,,0.24037265184,5.67288749982,4326,4,,,Alor,Nusa Tenggara Timur,,0,,,2024-11,0.30128620260500105,11,0.30128620260500105,VIIRS DNB,nW/cm2/sr,2024,"{""type"":""MultiPoint"",""coordinates"":[]}"
130_00000000000000000001,BA03050040,,,,,,,53.04,53,1127.25008655,TASWIL5000020230907KABKOTA,Belu,,0.0927289736817,2.29261763369,4326,4,,,Belu,Nusa Tenggara Timur,,0,,,2024-11,0.48714464441900635,11,0.48714464441900635,VIIRS DNB,nW/cm2/sr,2024,"{""type"":""MultiPoint"",""coordinates"":[]}"
130_00000000000000000002,BA03050040,,,,,,,53.06,53,1748.5165523,TASWIL5000020230907KABKOTA,Flores Timur,,0.143538260694,4.68012528849,4326,4,,,Flores Timur,Nusa Tenggara Timur,,0,,,2024-11,0.4689885308554594,11,0.4689885308554594,VIIRS DNB,nW/cm2/sr,2024,"{""type"":""MultiPoint"",""coordinates"":[]}"
130_00000000000000000004,BA03050040,,,,,,,53.01,53,5136.51008742,TASWIL5000020230907KABKOTA,Kupang,,0.423459507198,6.26740520892,4326,4,,,Kupang,Nusa Tenggara Timur,,0,,,2024-11,0.40219443306153996,11,0.40219443306153996,VIIRS DNB,nW/cm2/sr,2024,"{""type"":""MultiPoint"",""coordinates"":[]}"
130_00000000000000000007,BA03050040,,,,,,,53.10,53,1343.83414797,TASWIL5000020230907KABKOTA,Manggarai,,0.11037433796,2.62044875269,4326,4,,,Manggarai,Nusa Tenggara Timur,,0,,,2024-11,0.4812503595972385,11,0.4812503595972385,VIIRS DNB,nW/cm2/sr,2024,"{""type"":""MultiPoint"",""coordinates"":[]}"
130_0000000000000000000b,BA03050040,,,,,,,53.09,53,1735.63521769,TASWIL5000020230907KABKOTA,Ngada,,0.142589549676,2.86650785507,4326,4,,,Ngada,Nusa Tenggara Timur,,0,,,2024-11,0.36787552477620794,11,0.36787552477620794,VIIRS DNB,nW/cm2/sr,2024,"{""type"":""MultiPoint"",""coordinates"":[]}"
130_0000000000000000000e,BA03050040,,,,,,,53.07,53,1671.64902391,TASWIL5000020230907KABKOTA,Sikka,,0.137312979206,3.89925449996,4326,4,,,Sikka,Nusa Tenggara Timur,,0,,,2024-11,0.39323593748036034,11,0.39323593748036034,VIIRS DNB,nW/cm2/sr,2024,"{""type"":""MultiPoint"",""coordinates"":[]}"
130_0000000000000000000f,BA03050040,,,,,,,53.12,53,757.407641007,TASWIL5000020230907KABKOTA,Sumba Barat,,0.0623907023605,2.04212111278,4326,4,,,Sumba Barat,Nusa Tenggara Timur,,0,,,2024-11,0.43185914504650713,11,0.43185914504650713,VIIRS DNB,nW/cm2/sr,2024,"{""type"":""MultiPoint"",""coordinates"":[]}"
130_00000000000000000011,BA03050040,,,,,,,53.11,53,6984.01403441,TASWIL5000020230907KABKOTA,Sumba Timur,,0.575702142252,4.80415749282,4326,4,,,Sumba Timur,Nusa Tenggara Timur,,0,,,2024-11,0.3526142611883504,11,0.3526142611883504,VIIRS DNB,nW/cm2/sr,2024,"{""type"":""MultiPoint"",""coordinates"":[]}"
130_00000000000000000012,BA03050040,,,,,,,53.02,53,3933.15111495,TASWIL5000020230907KABKOTA,Timor Tengah Selatan,,0.324167140101,3.32375028444,4326,4,,,Timor Tengah Selatan,Nusa Tenggara Timur,,0,,,2024-11,0.39497427272252517,11,0.39497427272252517,VIIRS DNB,nW/cm2/sr,2024,"{""type"":""MultiPoint"",""coordinates"":[]}"
130_00000000000000000013,BA03050040,,,,,,,53.03,53,2623.19983128,TASWIL5000020230907KABKOTA,Timor Tengah Utara,,0.215921651765,3.4787254107,4326,4,,,Timor Tengah Utara,Nusa Tenggara Timur,,0,,,2024-11,0.3864642432595472,11,0.3864642432595472,VIIRS DNB,nW/cm2/sr,2024,"{""type"":""MultiPoint"",""coordinates"":[]}"
130_00000000000000000015,BA03050040,,,,,,,53.08,53,2085.24387061,TASWIL5000020230907KABKOTA,Ende,,0.171316232886,2.99297540949,4326,4,,,Ende,Nusa Tenggara Timur,,0,,,2024-11,0.3702217032860398,11,0.3702217032860398,VIIRS DNB,nW/cm2/sr,2024,"{""type"":""MultiPoint"",""coordinates"":[]}"
130_00000000000000000006,BA03050040,,,,,,,53.21,53,1109.16204574,TASWIL5000020230907KABKOTA,Malaka,,0.0913351434015,2.23370514726,4326,4,,,Malaka,Nusa Tenggara Timur,,0,Belu,,2024-11,0.47129876015985567,11,0.47129876015985567,VIIRS DNB,nW/cm2/sr,2024,"{""type"":""MultiPoint"",""coordinates"":[]}"
130_00000000000000000005,BA03050040,,,,,,,53.13,53,1268.10489804,TASWIL5000020230907KABKOTA,Lembata,,0.10410466891,3.45188597769,4326,4,,,Lembata,Nusa Tenggara Timur,,0,Flores Timur,,2024-11,0.3755547623402169,11,0.3755547623402169,VIIRS DNB,nW/cm2/sr,2024,"{""type"":""MultiPoint"",""coordinates"":[]}"
130_00000000000000000003,BA03050040,,,,,,,53.71,53,159.334041006,TASWIL5000020230907KABKOTA,Kota Kupang,,0.0131469663875,0.949087585397,4326,5,,,Kota Kupang,Nusa Tenggara Timur,,0,Kupang,,2024-11,8.69965156854488,11,8.69965156854488,VIIRS DNB,nW/cm2/sr,2024,"{""type"":""MultiPoint"",""coordinates"":[]}"
130_0000000000000000000c,BA03050040,,,,,,,53.14,53,1286.45281117,TASWIL5000020230907KABKOTA,Rote Ndao,,0.106321906477,4.76909476004,4326,4,,,Rote Ndao,Nusa Tenggara Timur,,0,Kupang,,2024-11,0.4292281980318525,11,0.4292281980318525,VIIRS DNB,nW/cm2/sr,2024,"{""type"":""MultiPoint"",""coordinates"":[]}"
130_0000000000000000000d,BA03050040,,,,,,,53.20,53,460.956594118,TASWIL5000020230907KABKOTA,Sabu Raijua,,0.0380736571077,1.23438979443,4326,4,,,Sabu Raijua,Nusa Tenggara Timur,,0,Kupang,,2024-11,0.5727710111882587,11,0.5727710111882587,VIIRS DNB,nW/cm2/sr,2024,"{""type"":""MultiPoint"",""coordinates"":[]}"
130_00000000000000000008,BA03050040,,,,,,,53.15,53,3128.99733567,TASWIL5000020230907KABKOTA,Manggarai Barat,,0.257018604578,10.7211601624,4326,4,,,Manggarai Barat,Nusa Tenggara Timur,,0,Manggarai,,2024-11,0.3953364094510017,11,0.3953364094510017,VIIRS DNB,nW/cm2/sr,2024,"{""type"":""MultiPoint"",""coordinates"":[]}"
130_00000000000000000009,BA03050040,,,,,,,53.19,53,2389.52959786,TASWIL5000020230907KABKOTA,Manggarai Timur,,0.196263276889,2.60910655519,4326,4,,,Manggarai Timur,Nusa Tenggara Timur,,0,Manggarai,,2024-11,0.37865537685595085,11,0.37865537685595085,VIIRS DNB,nW/cm2/sr,2024,"{""type"":""MultiPoint"",""coordinates"":[]}"
130_0000000000000000000a,BA03050040,,,,,,,53.16,53,1396.16423098,TASWIL5000020230907KABKOTA,Nagekeo,,0.114707914625,2.15252417923,4326,4,,,Nagekeo,Nusa Tenggara Timur,,0,Ngada,,2024-11,0.37028039902907517,11,0.37028039902907517,VIIRS DNB,nW/cm2/sr,2024,"{""type"":""MultiPoint"",""coordinates"":[]}"
130_00000000000000000010,BA03050040,,,,,,,53.17,53,1789.65872064,TASWIL5000020230907KABKOTA,Sumba Tengah,,0.147379835649,2.42469258111,4326,4,,,Sumba Tengah,Nusa Tenggara Timur,,0,Sumba Barat,,2024-11,0.329395413293013,11,0.329395413293013,VIIRS DNB,nW/cm2/sr,2024,"{""type"":""MultiPoint"",""coordinates"":[]}"
130_00000000000000000014,BA03050040,,,,,,,53.18,53,1383.31224571,TASWIL5000020230907KABKOTA,Sumba Barat Daya,,0.113913848979,1.59805558471,4326,4,,,Sumba Barat Daya,Nusa Tenggara Timur,,0,Sumba Barat,,2024-11,0.3977574827386716,11,0.3977574827386716,VIIRS DNB,nW/cm2/sr,2024,"{""type"":""MultiPoint"",""coordinates"":[]}"
131_00000000000000000000,BA03050040,,,,,,,53.05,53,2928.55881854,TASWIL5000020230907KABKOTA,Alor,,0.24037265184,5.67288749982,4326,4,,,Alor,Nusa Tenggara Timur,,0,,,2024-12,0.017947854321374756,12,0.017947854321374756,VIIRS DNB,nW/cm2/sr,2024,"{""type"":""MultiPoint"",""coordinates"":[]}"
131_00000000000000000001,BA03050040,,,,,,,53.04,53,1127.25008655,TASWIL5000020230907KABKOTA,Belu,,0.0927289736817,2.29261763369,4326,4,,,Belu,Nusa Tenggara Timur,,0,,,2024-12,0.02185256936855041,12,0.02185256936855041,VIIRS DNB,nW/cm2/sr,2024,"{""type"":""MultiPoint"",""coordinates"":[]}"
131_00000000000000000002,BA03050040,,,,,,,53.06,53,1748.5165523,TASWIL5000020230907KABKOTA,Flores Timur,,0.143538260694,4.68012528849,4326,4,,,Flores Timur,Nusa Tenggara Timur,,0,,,2024-12,0.0,12,0.0,VIIRS DNB,nW/cm2/sr,2024,"{""type"":""MultiPoint"",""coordinates"":[]}"
131_00000000000000000004,BA03050040,,,,,,,53.01,53,5136.51008742,TASWIL5000020230907KABKOTA,Kupang,,0.423459507198,6.26740520892,4326,4,,,Kupang,Nusa Tenggara Timur,,0,,,2024-12,0.2481103398842479,12,0.2481103398842479,VIIRS DNB,nW/cm2/sr,2024,"{""type"":""MultiPoint"",""coordinates"":[]}"
131_00000000000000000007,BA03050040,,,,,,,53.10,53,1343.83414797,TASWIL5000020230907KABKOTA,Manggarai,,0.11037433796,2.62044875269,4326,4,,,Manggarai,Nusa Tenggara Timur,,0,,,2024-12,0.046222581790955994,12,0.046222581790955994,VIIRS DNB,nW/cm2/sr,2024,"{""type"":""MultiPoint"",""coordinates"":[]}"
131_0000000000000000000b,BA03050040,,,,,,,53.09,53,1735.63521769,TASWIL5000020230907KABKOTA,Ngada,,0.142589549676,2.86650785507,4326,4,,,Ngada,Nusa Tenggara Timur,,0,,,2024-12,9.620475860318398E-4,12,9.620475860318398E-4,VIIRS DNB,nW/cm2/sr,2024,"{""type"":""MultiPoint"",""coordinates"":[]}"
131_0000000000000000000e,BA03050040,,,,,,,53.07,53,1671.64902391,TASWIL5000020230907KABKOTA,Sikka,,0.137312979206,3.89925449996,4326,4,,,Sikka,Nusa Tenggara Timur,,0,,,2024-12,0.0,12,0.0,VIIRS DNB,nW/cm2/sr,2024,"{""type"":""MultiPoint"",""coordinates"":[]}"
131_0000000000000000000f,BA03050040,,,,,,,53.12,53,757.407641007,TASWIL5000020230907KABKOTA,Sumba Barat,,0.0623907023605,2.04212111278,4326,4,,,Sumba Barat,Nusa Tenggara Timur,,0,,,2024-12,0.0,12,0.0,VIIRS DNB,nW/cm2/sr,2024,"{""type"":""MultiPoint"",""coordinates"":[]}"
131_00000000000000000011,BA03050040,,,,,,,53.11,53,6984.01403441,TASWIL5000020230907KABKOTA,Sumba Timur,,0.575702142252,4.80415749282,4326,4,,,Sumba Timur,Nusa Tenggara Timur,,0,,,2024-12,0.10025280392816813,12,0.10025280392816813,VIIRS DNB,nW/cm2/sr,2024,"{""type"":""MultiPoint"",""coordinates"":[]}"
131_00000000000000000012,BA03050040,,,,,,,53.02,53,3933.15111495,TASWIL5000020230907KABKOTA,Timor Tengah Selatan,,0.324167140101,3.32375028444,4326,4,,,Timor Tengah Selatan,Nusa Tenggara Timur,,0,,,2024-12,0.03975235380469172,12,0.03975235380469172,VIIRS DNB,nW/cm2/sr,2024,"{""type"":""MultiPoint"",""coordinates"":[]}"
131_00000000000000000013,BA03050040,,,,,,,53.03,53,2623.19983128,TASWIL5000020230907KABKOTA,Timor Tengah Utara,,0.215921651765,3.4787254107,4326,4,,,Timor Tengah Utara,Nusa Tenggara Timur,,0,,,2024-12,0.012380628174456731,12,0.012380628174456731,VIIRS DNB,nW/cm2/sr,2024,"{""type"":""MultiPoint"",""coordinates"":[]}"
131_00000000000000000015,BA03050040,,,,,,,53.08,53,2085.24387061,TASWIL5000020230907KABKOTA,Ende,,0.171316232886,2.99297540949,4326,4,,,Ende,Nusa Tenggara Timur,,0,,,2024-12,5.217305699639094E-4,12,5.217305699639094E-4,VIIRS DNB,nW/cm2/sr,2024,"{""type"":""MultiPoint"",""coordinates"":[]}"
131_00000000000000000006,BA03050040,,,,,,,53.21,53,1109.16204574,TASWIL5000020230907KABKOTA,Malaka,,0.0913351434015,2.23370514726,4326,4,,,Malaka,Nusa Tenggara Timur,,0,Belu,,2024-12,0.004000114398006854,12,0.004000114398006854,VIIRS DNB,nW/cm2/sr,2024,"{""type"":""MultiPoint"",""coordinates"":[]}"
131_00000000000000000005,BA03050040,,,,,,,53.13,53,1268.10489804,TASWIL5000020230907KABKOTA,Lembata,,0.10410466891,3.45188597769,4326,4,,,Lembata,Nusa Tenggara Timur,,0,Flores Timur,,2024-12,5.3698754369556886E-5,12,5.3698754369556886E-5,VIIRS DNB,nW/cm2/sr,2024,"{""type"":""MultiPoint"",""coordinates"":[]}"
131_00000000000000000003,BA03050040,,,,,,,53.71,53,159.334041006,TASWIL5000020230907KABKOTA,Kota Kupang,,0.0131469663875,0.949087585397,4326,5,,,Kota Kupang,Nusa Tenggara Timur,,0,Kupang,,2024-12,3.86725230009032,12,3.86725230009032,VIIRS DNB,nW/cm2/sr,2024,"{""type"":""MultiPoint"",""coordinates"":[]}"
131_0000000000000000000c,BA03050040,,,,,,,53.14,53,1286.45281117,TASWIL5000020230907KABKOTA,Rote Ndao,,0.106321906477,4.76909476004,4326,4,,,Rote Ndao,Nusa Tenggara Timur,,0,Kupang,,2024-12,0.07896738430173257,12,0.07896738430173257,VIIRS DNB,nW/cm2/sr,2024,"{""type"":""MultiPoint"",""coordinates"":[]}"
131_0000000000000000000d,BA03050040,,,,,,,53.20,53,460.956594118,TASWIL5000020230907KABKOTA,Sabu Raijua,,0.0380736571077,1.23438979443,4326,4,,,Sabu Raijua,Nusa Tenggara Timur,,0,Kupang,,2024-12,0.07560185796443554,12,0.07560185796443554,VIIRS DNB,nW/cm2/sr,2024,"{""type"":""MultiPoint"",""coordinates"":[]}"
131_00000000000000000008,BA03050040,,,,,,,53.15,53,3128.99733567,TASWIL5000020230907KABKOTA,Manggarai Barat,,0.257018604578,10.7211601624,4326,4,,,Manggarai Barat,Nusa Tenggara Timur,,0,Manggarai,,2024-12,0.049683265243607604,12,0.049683265243607604,VIIRS DNB,nW/cm2/sr,2024,"{""type"":""MultiPoint"",""coordinates"":[]}"
131_00000000000000000009,BA03050040,,,,,,,53.19,53,2389.52959786,TASWIL5000020230907KABKOTA,Manggarai Timur,,0.196263276889,2.60910655519,4326,4,,,Manggarai Timur,Nusa Tenggara Timur,,0,Manggarai,,2024-12,0.020928000223419393,12,0.020928000223419393,VIIRS DNB,nW/cm2/sr,2024,"{""type"":""MultiPoint"",""coordinates"":[]}"
131_0000000000000000000a,BA03050040,,,,,,,53.16,53,1396.16423098,TASWIL5000020230907KABKOTA,Nagekeo,,0.114707914625,2.15252417923,4326,4,,,Nagekeo,Nusa Tenggara Timur,,0,Ngada,,2024-12,0.0018239512698498648,12,0.0018239512698498648,VIIRS DNB,nW/cm2/sr,2024,"{""type"":""MultiPoint"",""coordinates"":[]}"
131_00000000000000000010,BA03050040,,,,,,,53.17,53,1789.65872064,TASWIL5000020230907KABKOTA,Sumba Tengah,,0.147379835649,2.42469258111,4326,4,,,Sumba Tengah,Nusa Tenggara Timur,,0,Sumba Barat,,2024-12,1.1590857356808735E-5,12,1.1590857356808735E-5,VIIRS DNB,nW/cm2/sr,2024,"{""type"":""MultiPoint"",""coordinates"":[]}"
131_00000000000000000014,BA03050040,,,,,,,53.18,53,1383.31224571,TASWIL5000020230907KABKOTA,Sumba Barat Daya,,0.113913848979,1.59805558471,4326,4,,,Sumba Barat Daya,Nusa Tenggara Timur,,0,Sumba Barat,,2024-12,0.0,12,0.0,VIIRS DNB,nW/cm2/sr,2024,"{""type"":""MultiPoint"",""coordinates"":[]}"
132_00000000000000000000,BA03050040,,,,,,,53.05,53,2928.55881854,TASWIL5000020230907KABKOTA,Alor,,0.24037265184,5.67288749982,4326,4,,,Alor,Nusa Tenggara Timur,,0,,,2025-01,0.2752376092574014,1,0.2752376092574014,VIIRS DNB,nW/cm2/sr,2025,"{""type"":""MultiPoint"",""coordinates"":[]}"
132_00000000000000000001,BA03050040,,,,,,,53.04,53,1127.25008655,TASWIL5000020230907KABKOTA,Belu,,0.0927289736817,2.29261763369,4326,4,,,Belu,Nusa Tenggara Timur,,0,,,2025-01,0.48609958655239077,1,0.48609958655239077,VIIRS DNB,nW/cm2/sr,2025,"{""type"":""MultiPoint"",""coordinates"":[]}"
132_00000000000000000002,BA03050040,,,,,,,53.06,53,1748.5165523,TASWIL5000020230907KABKOTA,Flores Timur,,0.143538260694,4.68012528849,4326,4,,,Flores Timur,Nusa Tenggara Timur,,0,,,2025-01,0.29934208931690504,1,0.29934208931690504,VIIRS DNB,nW/cm2/sr,2025,"{""type"":""MultiPoint"",""coordinates"":[]}"
132_00000000000000000004,BA03050040,,,,,,,53.01,53,5136.51008742,TASWIL5000020230907KABKOTA,Kupang,,0.423459507198,6.26740520892,4326,4,,,Kupang,Nusa Tenggara Timur,,0,,,2025-01,0.22917418700422315,1,0.22917418700422315,VIIRS DNB,nW/cm2/sr,2025,"{""type"":""MultiPoint"",""coordinates"":[]}"
132_00000000000000000007,BA03050040,,,,,,,53.10,53,1343.83414797,TASWIL5000020230907KABKOTA,Manggarai,,0.11037433796,2.62044875269,4326,4,,,Manggarai,Nusa Tenggara Timur,,0,,,2025-01,0.3805708272403934,1,0.3805708272403934,VIIRS DNB,nW/cm2/sr,2025,"{""type"":""MultiPoint"",""coordinates"":[]}"
132_0000000000000000000b,BA03050040,,,,,,,53.09,53,1735.63521769,TASWIL5000020230907KABKOTA,Ngada,,0.142589549676,2.86650785507,4326,4,,,Ngada,Nusa Tenggara Timur,,0,,,2025-01,0.27389463722356966,1,0.27389463722356966,VIIRS DNB,nW/cm2/sr,2025,"{""type"":""MultiPoint"",""coordinates"":[]}"
132_0000000000000000000e,BA03050040,,,,,,,53.07,53,1671.64902391,TASWIL5000020230907KABKOTA,Sikka,,0.137312979206,3.89925449996,4326,4,,,Sikka,Nusa Tenggara Timur,,0,,,2025-01,0.33079991314524676,1,0.33079991314524676,VIIRS DNB,nW/cm2/sr,2025,"{""type"":""MultiPoint"",""coordinates"":[]}"
132_0000000000000000000f,BA03050040,,,,,,,53.12,53,757.407641007,TASWIL5000020230907KABKOTA,Sumba Barat,,0.0623907023605,2.04212111278,4326,4,,,Sumba Barat,Nusa Tenggara Timur,,0,,,2025-01,0.4959346188155271,1,0.4959346188155271,VIIRS DNB,nW/cm2/sr,2025,"{""type"":""MultiPoint"",""coordinates"":[]}"
132_00000000000000000011,BA03050040,,,,,,,53.11,53,6984.01403441,TASWIL5000020230907KABKOTA,Sumba Timur,,0.575702142252,4.80415749282,4326,4,,,Sumba Timur,Nusa Tenggara Timur,,0,,,2025-01,0.31237270382546234,1,0.31237270382546234,VIIRS DNB,nW/cm2/sr,2025,"{""type"":""MultiPoint"",""coordinates"":[]}"
132_00000000000000000012,BA03050040,,,,,,,53.02,53,3933.15111495,TASWIL5000020230907KABKOTA,Timor Tengah Selatan,,0.324167140101,3.32375028444,4326,4,,,Timor Tengah Selatan,Nusa Tenggara Timur,,0,,,2025-01,0.24202983963991434,1,0.24202983963991434,VIIRS DNB,nW/cm2/sr,2025,"{""type"":""MultiPoint"",""coordinates"":[]}"
132_00000000000000000013,BA03050040,,,,,,,53.03,53,2623.19983128,TASWIL5000020230907KABKOTA,Timor Tengah Utara,,0.215921651765,3.4787254107,4326,4,,,Timor Tengah Utara,Nusa Tenggara Timur,,0,,,2025-01,0.2860708419194373,1,0.2860708419194373,VIIRS DNB,nW/cm2/sr,2025,"{""type"":""MultiPoint"",""coordinates"":[]}"
132_00000000000000000015,BA03050040,,,,,,,53.08,53,2085.24387061,TASWIL5000020230907KABKOTA,Ende,,0.171316232886,2.99297540949,4326,4,,,Ende,Nusa Tenggara Timur,,0,,,2025-01,0.35587375398189947,1,0.35587375398189947,VIIRS DNB,nW/cm2/sr,2025,"{""type"":""MultiPoint"",""coordinates"":[]}"
132_00000000000000000006,BA03050040,,,,,,,53.21,53,1109.16204574,TASWIL5000020230907KABKOTA,Malaka,,0.0913351434015,2.23370514726,4326,4,,,Malaka,Nusa Tenggara Timur,,0,Belu,,2025-01,0.31190993657898297,1,0.31190993657898297,VIIRS DNB,nW/cm2/sr,2025,"{""type"":""MultiPoint"",""coordinates"":[]}"
132_00000000000000000005,BA03050040,,,,,,,53.13,53,1268.10489804,TASWIL5000020230907KABKOTA,Lembata,,0.10410466891,3.45188597769,4326,4,,,Lembata,Nusa Tenggara Timur,,0,Flores Timur,,2025-01,0.07749468883128056,1,0.07749468883128056,VIIRS DNB,nW/cm2/sr,2025,"{""type"":""MultiPoint"",""coordinates"":[]}"
132_00000000000000000003,BA03050040,,,,,,,53.71,53,159.334041006,TASWIL5000020230907KABKOTA,Kota Kupang,,0.0131469663875,0.949087585397,4326,5,,,Kota Kupang,Nusa Tenggara Timur,,0,Kupang,,2025-01,8.139655012478466,1,8.139655012478466,VIIRS DNB,nW/cm2/sr,2025,"{""type"":""MultiPoint"",""coordinates"":[]}"
132_0000000000000000000c,BA03050040,,,,,,,53.14,53,1286.45281117,TASWIL5000020230907KABKOTA,Rote Ndao,,0.106321906477,4.76909476004,4326,4,,,Rote Ndao,Nusa Tenggara Timur,,0,Kupang,,2025-01,0.29547909598131017,1,0.29547909598131017,VIIRS DNB,nW/cm2/sr,2025,"{""type"":""MultiPoint"",""coordinates"":[]}"
132_0000000000000000000d,BA03050040,,,,,,,53.20,53,460.956594118,TASWIL5000020230907KABKOTA,Sabu Raijua,,0.0380736571077,1.23438979443,4326,4,,,Sabu Raijua,Nusa Tenggara Timur,,0,Kupang,,2025-01,0.4591997462724071,1,0.4591997462724071,VIIRS DNB,nW/cm2/sr,2025,"{""type"":""MultiPoint"",""coordinates"":[]}"
132_00000000000000000008,BA03050040,,,,,,,53.15,53,3128.99733567,TASWIL5000020230907KABKOTA,Manggarai Barat,,0.257018604578,10.7211601624,4326,4,,,Manggarai Barat,Nusa Tenggara Timur,,0,Manggarai,,2025-01,0.29958766060812136,1,0.29958766060812136,VIIRS DNB,nW/cm2/sr,2025,"{""type"":""MultiPoint"",""coordinates"":[]}"
132_00000000000000000009,BA03050040,,,,,,,53.19,53,2389.52959786,TASWIL5000020230907KABKOTA,Manggarai Timur,,0.196263276889,2.60910655519,4326,4,,,Manggarai Timur,Nusa Tenggara Timur,,0,Manggarai,,2025-01,0.28951619609189755,1,0.28951619609189755,VIIRS DNB,nW/cm2/sr,2025,"{""type"":""MultiPoint"",""coordinates"":[]}"
132_0000000000000000000a,BA03050040,,,,,,,53.16,53,1396.16423098,TASWIL5000020230907KABKOTA,Nagekeo,,0.114707914625,2.15252417923,4326,4,,,Nagekeo,Nusa Tenggara Timur,,0,Ngada,,2025-01,0.30079298921787684,1,0.30079298921787684,VIIRS DNB,nW/cm2/sr,2025,"{""type"":""MultiPoint"",""coordinates"":[]}"
132_00000000000000000010,BA03050040,,,,,,,53.17,53,1789.65872064,TASWIL5000020230907KABKOTA,Sumba Tengah,,0.147379835649,2.42469258111,4326,4,,,Sumba Tengah,Nusa Tenggara Timur,,0,Sumba Barat,,2025-01,0.3403119224276336,1,0.3403119224276336,VIIRS DNB,nW/cm2/sr,2025,"{""type"":""MultiPoint"",""coordinates"":[]}"
132_00000000000000000014,BA03050040,,,,,,,53.18,53,1383.31224571,TASWIL5000020230907KABKOTA,Sumba Barat Daya,,0.113913848979,1.59805558471,4326,4,,,Sumba Barat Daya,Nusa Tenggara Timur,,0,Sumba Barat,,2025-01,0.4397474565489213,1,0.4397474565489213,VIIRS DNB,nW/cm2/sr,2025,"{""type"":""MultiPoint"",""coordinates"":[]}"
133_00000000000000000000,BA03050040,,,,,,,53.05,53,2928.55881854,TASWIL5000020230907KABKOTA,Alor,,0.24037265184,5.67288749982,4326,4,,,Alor,Nusa Tenggara Timur,,0,,,2025-02,0.153214146339436,2,0.153214146339436,VIIRS DNB,nW/cm2/sr,2025,"{""type"":""MultiPoint"",""coordinates"":[]}"
133_00000000000000000001,BA03050040,,,,,,,53.04,53,1127.25008655,TASWIL5000020230907KABKOTA,Belu,,0.0927289736817,2.29261763369,4326,4,,,Belu,Nusa Tenggara Timur,,0,,,2025-02,0.4783598804438192,2,0.4783598804438192,VIIRS DNB,nW/cm2/sr,2025,"{""type"":""MultiPoint"",""coordinates"":[]}"
133_00000000000000000002,BA03050040,,,,,,,53.06,53,1748.5165523,TASWIL5000020230907KABKOTA,Flores Timur,,0.143538260694,4.68012528849,4326,4,,,Flores Timur,Nusa Tenggara Timur,,0,,,2025-02,0.247725005578042,2,0.247725005578042,VIIRS DNB,nW/cm2/sr,2025,"{""type"":""MultiPoint"",""coordinates"":[]}"
133_00000000000000000004,BA03050040,,,,,,,53.01,53,5136.51008742,TASWIL5000020230907KABKOTA,Kupang,,0.423459507198,6.26740520892,4326,4,,,Kupang,Nusa Tenggara Timur,,0,,,2025-02,0.4229343236355146,2,0.4229343236355146,VIIRS DNB,nW/cm2/sr,2025,"{""type"":""MultiPoint"",""coordinates"":[]}"
133_00000000000000000007,BA03050040,,,,,,,53.10,53,1343.83414797,TASWIL5000020230907KABKOTA,Manggarai,,0.11037433796,2.62044875269,4326,4,,,Manggarai,Nusa Tenggara Timur,,0,,,2025-02,0.3980741720494914,2,0.3980741720494914,VIIRS DNB,nW/cm2/sr,2025,"{""type"":""MultiPoint"",""coordinates"":[]}"
133_0000000000000000000b,BA03050040,,,,,,,53.09,53,1735.63521769,TASWIL5000020230907KABKOTA,Ngada,,0.142589549676,2.86650785507,4326,4,,,Ngada,Nusa Tenggara Timur,,0,,,2025-02,0.32502039089519397,2,0.32502039089519397,VIIRS DNB,nW/cm2/sr,2025,"{""type"":""MultiPoint"",""coordinates"":[]}"
133_0000000000000000000e,BA03050040,,,,,,,53.07,53,1671.64902391,TASWIL5000020230907KABKOTA,Sikka,,0.137312979206,3.89925449996,4326,4,,,Sikka,Nusa Tenggara Timur,,0,,,2025-02,0.18541527050495266,2,0.18541527050495266,VIIRS DNB,nW/cm2/sr,2025,"{""type"":""MultiPoint"",""coordinates"":[]}"
133_0000000000000000000f,BA03050040,,,,,,,53.12,53,757.407641007,TASWIL5000020230907KABKOTA,Sumba Barat,,0.0623907023605,2.04212111278,4326,4,,,Sumba Barat,Nusa Tenggara Timur,,0,,,2025-02,0.4284739456056042,2,0.4284739456056042,VIIRS DNB,nW/cm2/sr,2025,"{""type"":""MultiPoint"",""coordinates"":[]}"
133_00000000000000000011,BA03050040,,,,,,,53.11,53,6984.01403441,TASWIL5000020230907KABKOTA,Sumba Timur,,0.575702142252,4.80415749282,4326,4,,,Sumba Timur,Nusa Tenggara Timur,,0,,,2025-02,0.3358501452368204,2,0.3358501452368204,VIIRS DNB,nW/cm2/sr,2025,"{""type"":""MultiPoint"",""coordinates"":[]}"
133_00000000000000000012,BA03050040,,,,,,,53.02,53,3933.15111495,TASWIL5000020230907KABKOTA,Timor Tengah Selatan,,0.324167140101,3.32375028444,4326,4,,,Timor Tengah Selatan,Nusa Tenggara Timur,,0,,,2025-02,0.3945576267541591,2,0.3945576267541591,VIIRS DNB,nW/cm2/sr,2025,"{""type"":""MultiPoint"",""coordinates"":[]}"
133_00000000000000000013,BA03050040,,,,,,,53.03,53,2623.19983128,TASWIL5000020230907KABKOTA,Timor Tengah Utara,,0.215921651765,3.4787254107,4326,4,,,Timor Tengah Utara,Nusa Tenggara Timur,,0,,,2025-02,0.4181482144750122,2,0.4181482144750122,VIIRS DNB,nW/cm2/sr,2025,"{""type"":""MultiPoint"",""coordinates"":[]}"
133_00000000000000000015,BA03050040,,,,,,,53.08,53,2085.24387061,TASWIL5000020230907KABKOTA,Ende,,0.171316232886,2.99297540949,4326,4,,,Ende,Nusa Tenggara Timur,,0,,,2025-02,0.2292821164900939,2,0.2292821164900939,VIIRS DNB,nW/cm2/sr,2025,"{""type"":""MultiPoint"",""coordinates"":[]}"
133_00000000000000000006,BA03050040,,,,,,,53.21,53,1109.16204574,TASWIL5000020230907KABKOTA,Malaka,,0.0913351434015,2.23370514726,4326,4,,,Malaka,Nusa Tenggara Timur,,0,Belu,,2025-02,0.47279171640848955,2,0.47279171640848955,VIIRS DNB,nW/cm2/sr,2025,"{""type"":""MultiPoint"",""coordinates"":[]}"
133_00000000000000000005,BA03050040,,,,,,,53.13,53,1268.10489804,TASWIL5000020230907KABKOTA,Lembata,,0.10410466891,3.45188597769,4326,4,,,Lembata,Nusa Tenggara Timur,,0,Flores Timur,,2025-02,0.018798272843130844,2,0.018798272843130844,VIIRS DNB,nW/cm2/sr,2025,"{""type"":""MultiPoint"",""coordinates"":[]}"
133_00000000000000000003,BA03050040,,,,,,,53.71,53,159.334041006,TASWIL5000020230907KABKOTA,Kota Kupang,,0.0131469663875,0.949087585397,4326,5,,,Kota Kupang,Nusa Tenggara Timur,,0,Kupang,,2025-02,7.591214572285256,2,7.591214572285256,VIIRS DNB,nW/cm2/sr,2025,"{""type"":""MultiPoint"",""coordinates"":[]}"
133_0000000000000000000c,BA03050040,,,,,,,53.14,53,1286.45281117,TASWIL5000020230907KABKOTA,Rote Ndao,,0.106321906477,4.76909476004,4326,4,,,Rote Ndao,Nusa Tenggara Timur,,0,Kupang,,2025-02,0.40930085816001316,2,0.40930085816001316,VIIRS DNB,nW/cm2/sr,2025,"{""type"":""MultiPoint"",""coordinates"":[]}"
133_0000000000000000000d,BA03050040,,,,,,,53.20,53,460.956594118,TASWIL5000020230907KABKOTA,Sabu Raijua,,0.0380736571077,1.23438979443,4326,4,,,Sabu Raijua,Nusa Tenggara Timur,,0,Kupang,,2025-02,0.4839192779301938,2,0.4839192779301938,VIIRS DNB,nW/cm2/sr,2025,"{""type"":""MultiPoint"",""coordinates"":[]}"
133_00000000000000000008,BA03050040,,,,,,,53.15,53,3128.99733567,TASWIL5000020230907KABKOTA,Manggarai Barat,,0.257018604578,10.7211601624,4326,4,,,Manggarai Barat,Nusa Tenggara Timur,,0,Manggarai,,2025-02,0.36596167352926445,2,0.36596167352926445,VIIRS DNB,nW/cm2/sr,2025,"{""type"":""MultiPoint"",""coordinates"":[]}"
133_00000000000000000009,BA03050040,,,,,,,53.19,53,2389.52959786,TASWIL5000020230907KABKOTA,Manggarai Timur,,0.196263276889,2.60910655519,4326,4,,,Manggarai Timur,Nusa Tenggara Timur,,0,Manggarai,,2025-02,0.3121083556944114,2,0.3121083556944114,VIIRS DNB,nW/cm2/sr,2025,"{""type"":""MultiPoint"",""coordinates"":[]}"
133_0000000000000000000a,BA03050040,,,,,,,53.16,53,1396.16423098,TASWIL5000020230907KABKOTA,Nagekeo,,0.114707914625,2.15252417923,4326,4,,,Nagekeo,Nusa Tenggara Timur,,0,Ngada,,2025-02,0.28064015391495467,2,0.28064015391495467,VIIRS DNB,nW/cm2/sr,2025,"{""type"":""MultiPoint"",""coordinates"":[]}"
133_00000000000000000010,BA03050040,,,,,,,53.17,53,1789.65872064,TASWIL5000020230907KABKOTA,Sumba Tengah,,0.147379835649,2.42469258111,4326,4,,,Sumba Tengah,Nusa Tenggara Timur,,0,Sumba Barat,,2025-02,0.3159104310802551,2,0.3159104310802551,VIIRS DNB,nW/cm2/sr,2025,"{""type"":""MultiPoint"",""coordinates"":[]}"
133_00000000000000000014,BA03050040,,,,,,,53.18,53,1383.31224571,TASWIL5000020230907KABKOTA,Sumba Barat Daya,,0.113913848979,1.59805558471,4326,4,,,Sumba Barat Daya,Nusa Tenggara Timur,,0,Sumba Barat,,2025-02,0.39489993144776936,2,0.39489993144776936,VIIRS DNB,nW/cm2/sr,2025,"{""type"":""MultiPoint"",""coordinates"":[]}"
134_00000000000000000000,BA03050040,,,,,,,53.05,53,2928.55881854,TASWIL5000020230907KABKOTA,Alor,,0.24037265184,5.67288749982,4326,4,,,Alor,Nusa Tenggara Timur,,0,,,2025-03,0.3155945630459154,3,0.3155945630459154,VIIRS DNB,nW/cm2/sr,2025,"{""type"":""MultiPoint"",""coordinates"":[]}"
134_00000000000000000001,BA03050040,,,,,,,53.04,53,1127.25008655,TASWIL5000020230907KABKOTA,Belu,,0.0927289736817,2.29261763369,4326,4,,,Belu,Nusa Tenggara Timur,,0,,,2025-03,0.4368416230008567,3,0.4368416230008567,VIIRS DNB,nW/cm2/sr,2025,"{""type"":""MultiPoint"",""coordinates"":[]}"
134_00000000000000000002,BA03050040,,,,,,,53.06,53,1748.5165523,TASWIL5000020230907KABKOTA,Flores Timur,,0.143538260694,4.68012528849,4326,4,,,Flores Timur,Nusa Tenggara Timur,,0,,,2025-03,0.3173338534323276,3,0.3173338534323276,VIIRS DNB,nW/cm2/sr,2025,"{""type"":""MultiPoint"",""coordinates"":[]}"
134_00000000000000000004,BA03050040,,,,,,,53.01,53,5136.51008742,TASWIL5000020230907KABKOTA,Kupang,,0.423459507198,6.26740520892,4326,4,,,Kupang,Nusa Tenggara Timur,,0,,,2025-03,0.40848048739809817,3,0.40848048739809817,VIIRS DNB,nW/cm2/sr,2025,"{""type"":""MultiPoint"",""coordinates"":[]}"
134_00000000000000000007,BA03050040,,,,,,,53.10,53,1343.83414797,TASWIL5000020230907KABKOTA,Manggarai,,0.11037433796,2.62044875269,4326,4,,,Manggarai,Nusa Tenggara Timur,,0,,,2025-03,0.43444644878456257,3,0.43444644878456257,VIIRS DNB,nW/cm2/sr,2025,"{""type"":""MultiPoint"",""coordinates"":[]}"
134_0000000000000000000b,BA03050040,,,,,,,53.09,53,1735.63521769,TASWIL5000020230907KABKOTA,Ngada,,0.142589549676,2.86650785507,4326,4,,,Ngada,Nusa Tenggara Timur,,0,,,2025-03,0.31284606721744257,3,0.31284606721744257,VIIRS DNB,nW/cm2/sr,2025,"{""type"":""MultiPoint"",""coordinates"":[]}"
134_0000000000000000000e,BA03050040,,,,,,,53.07,53,1671.64902391,TASWIL5000020230907KABKOTA,Sikka,,0.137312979206,3.89925449996,4326,4,,,Sikka,Nusa Tenggara Timur,,0,,,2025-03,0.3289037156707776,3,0.3289037156707776,VIIRS DNB,nW/cm2/sr,2025,"{""type"":""MultiPoint"",""coordinates"":[]}"
134_0000000000000000000f,BA03050040,,,,,,,53.12,53,757.407641007,TASWIL5000020230907KABKOTA,Sumba Barat,,0.0623907023605,2.04212111278,4326,4,,,Sumba Barat,Nusa Tenggara Timur,,0,,,2025-03,0.4060389590212886,3,0.4060389590212886,VIIRS DNB,nW/cm2/sr,2025,"{""type"":""MultiPoint"",""coordinates"":[]}"
134_00000000000000000011,BA03050040,,,,,,,53.11,53,6984.01403441,TASWIL5000020230907KABKOTA,Sumba Timur,,0.575702142252,4.80415749282,4326,4,,,Sumba Timur,Nusa Tenggara Timur,,0,,,2025-03,0.3493011041301196,3,0.3493011041301196,VIIRS DNB,nW/cm2/sr,2025,"{""type"":""MultiPoint"",""coordinates"":[]}"
134_00000000000000000012,BA03050040,,,,,,,53.02,53,3933.15111495,TASWIL5000020230907KABKOTA,Timor Tengah Selatan,,0.324167140101,3.32375028444,4326,4,,,Timor Tengah Selatan,Nusa Tenggara Timur,,0,,,2025-03,0.37552309247938687,3,0.37552309247938687,VIIRS DNB,nW/cm2/sr,2025,"{""type"":""MultiPoint"",""coordinates"":[]}"
134_00000000000000000013,BA03050040,,,,,,,53.03,53,2623.19983128,TASWIL5000020230907KABKOTA,Timor Tengah Utara,,0.215921651765,3.4787254107,4326,4,,,Timor Tengah Utara,Nusa Tenggara Timur,,0,,,2025-03,0.35094921469820406,3,0.35094921469820406,VIIRS DNB,nW/cm2/sr,2025,"{""type"":""MultiPoint"",""coordinates"":[]}"
134_00000000000000000015,BA03050040,,,,,,,53.08,53,2085.24387061,TASWIL5000020230907KABKOTA,Ende,,0.171316232886,2.99297540949,4326,4,,,Ende,Nusa Tenggara Timur,,0,,,2025-03,0.2982203059704743,3,0.2982203059704743,VIIRS DNB,nW/cm2/sr,2025,"{""type"":""MultiPoint"",""coordinates"":[]}"
134_00000000000000000006,BA03050040,,,,,,,53.21,53,1109.16204574,TASWIL5000020230907KABKOTA,Malaka,,0.0913351434015,2.23370514726,4326,4,,,Malaka,Nusa Tenggara Timur,,0,Belu,,2025-03,0.3894500961221681,3,0.3894500961221681,VIIRS DNB,nW/cm2/sr,2025,"{""type"":""MultiPoint"",""coordinates"":[]}"
134_00000000000000000005,BA03050040,,,,,,,53.13,53,1268.10489804,TASWIL5000020230907KABKOTA,Lembata,,0.10410466891,3.45188597769,4326,4,,,Lembata,Nusa Tenggara Timur,,0,Flores Timur,,2025-03,0.3303856964212483,3,0.3303856964212483,VIIRS DNB,nW/cm2/sr,2025,"{""type"":""MultiPoint"",""coordinates"":[]}"
134_00000000000000000003,BA03050040,,,,,,,53.71,53,159.334041006,TASWIL5000020230907KABKOTA,Kota Kupang,,0.0131469663875,0.949087585397,4326,5,,,Kota Kupang,Nusa Tenggara Timur,,0,Kupang,,2025-03,7.974187297122919,3,7.974187297122919,VIIRS DNB,nW/cm2/sr,2025,"{""type"":""MultiPoint"",""coordinates"":[]}"
134_0000000000000000000c,BA03050040,,,,,,,53.14,53,1286.45281117,TASWIL5000020230907KABKOTA,Rote Ndao,,0.106321906477,4.76909476004,4326,4,,,Rote Ndao,Nusa Tenggara Timur,,0,Kupang,,2025-03,0.42898797460899857,3,0.42898797460899857,VIIRS DNB,nW/cm2/sr,2025,"{""type"":""MultiPoint"",""coordinates"":[]}"
134_0000000000000000000d,BA03050040,,,,,,,53.20,53,460.956594118,TASWIL5000020230907KABKOTA,Sabu Raijua,,0.0380736571077,1.23438979443,4326,4,,,Sabu Raijua,Nusa Tenggara Timur,,0,Kupang,,2025-03,0.5138014163524633,3,0.5138014163524633,VIIRS DNB,nW/cm2/sr,2025,"{""type"":""MultiPoint"",""coordinates"":[]}"
134_00000000000000000008,BA03050040,,,,,,,53.15,53,3128.99733567,TASWIL5000020230907KABKOTA,Manggarai Barat,,0.257018604578,10.7211601624,4326,4,,,Manggarai Barat,Nusa Tenggara Timur,,0,Manggarai,,2025-03,0.3719349184220596,3,0.3719349184220596,VIIRS DNB,nW/cm2/sr,2025,"{""type"":""MultiPoint"",""coordinates"":[]}"
134_00000000000000000009,BA03050040,,,,,,,53.19,53,2389.52959786,TASWIL5000020230907KABKOTA,Manggarai Timur,,0.196263276889,2.60910655519,4326,4,,,Manggarai Timur,Nusa Tenggara Timur,,0,Manggarai,,2025-03,0.3371856847312688,3,0.3371856847312688,VIIRS DNB,nW/cm2/sr,2025,"{""type"":""MultiPoint"",""coordinates"":[]}"
134_0000000000000000000a,BA03050040,,,,,,,53.16,53,1396.16423098,TASWIL5000020230907KABKOTA,Nagekeo,,0.114707914625,2.15252417923,4326,4,,,Nagekeo,Nusa Tenggara Timur,,0,Ngada,,2025-03,0.30724606686734207,3,0.30724606686734207,VIIRS DNB,nW/cm2/sr,2025,"{""type"":""MultiPoint"",""coordinates"":[]}"
134_00000000000000000010,BA03050040,,,,,,,53.17,53,1789.65872064,TASWIL5000020230907KABKOTA,Sumba Tengah,,0.147379835649,2.42469258111,4326,4,,,Sumba Tengah,Nusa Tenggara Timur,,0,Sumba Barat,,2025-03,0.3313268513718998,3,0.3313268513718998,VIIRS DNB,nW/cm2/sr,2025,"{""type"":""MultiPoint"",""coordinates"":[]}"
134_00000000000000000014,BA03050040,,,,,,,53.18,53,1383.31224571,TASWIL5000020230907KABKOTA,Sumba Barat Daya,,0.113913848979,1.59805558471,4326,4,,,Sumba Barat Daya,Nusa Tenggara Timur,,0,Sumba Barat,,2025-03,0.3928189904901908,3,0.3928189904901908,VIIRS DNB,nW/cm2/sr,2025,"{""type"":""MultiPoint"",""coordinates"":[]}"
135_00000000000000000000,BA03050040,,,,,,,53.05,53,2928.55881854,TASWIL5000020230907KABKOTA,Alor,,0.24037265184,5.67288749982,4326,4,,,Alor,Nusa Tenggara Timur,,0,,,2025-04,0.4185588327662583,4,0.4185588327662583,VIIRS DNB,nW/cm2/sr,2025,"{""type"":""MultiPoint"",""coordinates"":[]}"
135_00000000000000000001,BA03050040,,,,,,,53.04,53,1127.25008655,TASWIL5000020230907KABKOTA,Belu,,0.0927289736817,2.29261763369,4326,4,,,Belu,Nusa Tenggara Timur,,0,,,2025-04,0.5327471803063417,4,0.5327471803063417,VIIRS DNB,nW/cm2/sr,2025,"{""type"":""MultiPoint"",""coordinates"":[]}"
135_00000000000000000002,BA03050040,,,,,,,53.06,53,1748.5165523,TASWIL5000020230907KABKOTA,Flores Timur,,0.143538260694,4.68012528849,4326,4,,,Flores Timur,Nusa Tenggara Timur,,0,,,2025-04,0.5009840176299896,4,0.5009840176299896,VIIRS DNB,nW/cm2/sr,2025,"{""type"":""MultiPoint"",""coordinates"":[]}"
135_00000000000000000004,BA03050040,,,,,,,53.01,53,5136.51008742,TASWIL5000020230907KABKOTA,Kupang,,0.423459507198,6.26740520892,4326,4,,,Kupang,Nusa Tenggara Timur,,0,,,2025-04,0.4507168090311339,4,0.4507168090311339,VIIRS DNB,nW/cm2/sr,2025,"{""type"":""MultiPoint"",""coordinates"":[]}"
135_00000000000000000007,BA03050040,,,,,,,53.10,53,1343.83414797,TASWIL5000020230907KABKOTA,Manggarai,,0.11037433796,2.62044875269,4326,4,,,Manggarai,Nusa Tenggara Timur,,0,,,2025-04,0.5508358783573307,4,0.5508358783573307,VIIRS DNB,nW/cm2/sr,2025,"{""type"":""MultiPoint"",""coordinates"":[]}"
135_0000000000000000000b,BA03050040,,,,,,,53.09,53,1735.63521769,TASWIL5000020230907KABKOTA,Ngada,,0.142589549676,2.86650785507,4326,4,,,Ngada,Nusa Tenggara Timur,,0,,,2025-04,0.43269014026140906,4,0.43269014026140906,VIIRS DNB,nW/cm2/sr,2025,"{""type"":""MultiPoint"",""coordinates"":[]}"
135_0000000000000000000e,BA03050040,,,,,,,53.07,53,1671.64902391,TASWIL5000020230907KABKOTA,Sikka,,0.137312979206,3.89925449996,4326,4,,,Sikka,Nusa Tenggara Timur,,0,,,2025-04,0.5395857747317484,4,0.5395857747317484,VIIRS DNB,nW/cm2/sr,2025,"{""type"":""MultiPoint"",""coordinates"":[]}"
135_0000000000000000000f,BA03050040,,,,,,,53.12,53,757.407641007,TASWIL5000020230907KABKOTA,Sumba Barat,,0.0623907023605,2.04212111278,4326,4,,,Sumba Barat,Nusa Tenggara Timur,,0,,,2025-04,0.4976980248011434,4,0.4976980248011434,VIIRS DNB,nW/cm2/sr,2025,"{""type"":""MultiPoint"",""coordinates"":[]}"
135_00000000000000000011,BA03050040,,,,,,,53.11,53,6984.01403441,TASWIL5000020230907KABKOTA,Sumba Timur,,0.575702142252,4.80415749282,4326,4,,,Sumba Timur,Nusa Tenggara Timur,,0,,,2025-04,0.3628094244335697,4,0.3628094244335697,VIIRS DNB,nW/cm2/sr,2025,"{""type"":""MultiPoint"",""coordinates"":[]}"
135_00000000000000000012,BA03050040,,,,,,,53.02,53,3933.15111495,TASWIL5000020230907KABKOTA,Timor Tengah Selatan,,0.324167140101,3.32375028444,4326,4,,,Timor Tengah Selatan,Nusa Tenggara Timur,,0,,,2025-04,0.43898304310403774,4,0.43898304310403774,VIIRS DNB,nW/cm2/sr,2025,"{""type"":""MultiPoint"",""coordinates"":[]}"
135_00000000000000000013,BA03050040,,,,,,,53.03,53,2623.19983128,TASWIL5000020230907KABKOTA,Timor Tengah Utara,,0.215921651765,3.4787254107,4326,4,,,Timor Tengah Utara,Nusa Tenggara Timur,,0,,,2025-04,0.4300803447230627,4,0.4300803447230627,VIIRS DNB,nW/cm2/sr,2025,"{""type"":""MultiPoint"",""coordinates"":[]}"
135_00000000000000000015,BA03050040,,,,,,,53.08,53,2085.24387061,TASWIL5000020230907KABKOTA,Ende,,0.171316232886,2.99297540949,4326,4,,,Ende,Nusa Tenggara Timur,,0,,,2025-04,0.4867083416522798,4,0.4867083416522798,VIIRS DNB,nW/cm2/sr,2025,"{""type"":""MultiPoint"",""coordinates"":[]}"
135_00000000000000000006,BA03050040,,,,,,,53.21,53,1109.16204574,TASWIL5000020230907KABKOTA,Malaka,,0.0913351434015,2.23370514726,4326,4,,,Malaka,Nusa Tenggara Timur,,0,Belu,,2025-04,0.5068829293327707,4,0.5068829293327707,VIIRS DNB,nW/cm2/sr,2025,"{""type"":""MultiPoint"",""coordinates"":[]}"
135_00000000000000000005,BA03050040,,,,,,,53.13,53,1268.10489804,TASWIL5000020230907KABKOTA,Lembata,,0.10410466891,3.45188597769,4326,4,,,Lembata,Nusa Tenggara Timur,,0,Flores Timur,,2025-04,0.5029622842376029,4,0.5029622842376029,VIIRS DNB,nW/cm2/sr,2025,"{""type"":""MultiPoint"",""coordinates"":[]}"
135_00000000000000000003,BA03050040,,,,,,,53.71,53,159.334041006,TASWIL5000020230907KABKOTA,Kota Kupang,,0.0131469663875,0.949087585397,4326,5,,,Kota Kupang,Nusa Tenggara Timur,,0,Kupang,,2025-04,8.53095495602555,4,8.53095495602555,VIIRS DNB,nW/cm2/sr,2025,"{""type"":""MultiPoint"",""coordinates"":[]}"
135_0000000000000000000c,BA03050040,,,,,,,53.14,53,1286.45281117,TASWIL5000020230907KABKOTA,Rote Ndao,,0.106321906477,4.76909476004,4326,4,,,Rote Ndao,Nusa Tenggara Timur,,0,Kupang,,2025-04,0.44436383736013707,4,0.44436383736013707,VIIRS DNB,nW/cm2/sr,2025,"{""type"":""MultiPoint"",""coordinates"":[]}"
135_0000000000000000000d,BA03050040,,,,,,,53.20,53,460.956594118,TASWIL5000020230907KABKOTA,Sabu Raijua,,0.0380736571077,1.23438979443,4326,4,,,Sabu Raijua,Nusa Tenggara Timur,,0,Kupang,,2025-04,0.5370391531515507,4,0.5370391531515507,VIIRS DNB,nW/cm2/sr,2025,"{""type"":""MultiPoint"",""coordinates"":[]}"
135_00000000000000000008,BA03050040,,,,,,,53.15,53,3128.99733567,TASWIL5000020230907KABKOTA,Manggarai Barat,,0.257018604578,10.7211601624,4326,4,,,Manggarai Barat,Nusa Tenggara Timur,,0,Manggarai,,2025-04,0.47240802509172514,4,0.47240802509172514,VIIRS DNB,nW/cm2/sr,2025,"{""type"":""MultiPoint"",""coordinates"":[]}"
135_00000000000000000009,BA03050040,,,,,,,53.19,53,2389.52959786,TASWIL5000020230907KABKOTA,Manggarai Timur,,0.196263276889,2.60910655519,4326,4,,,Manggarai Timur,Nusa Tenggara Timur,,0,Manggarai,,2025-04,0.43145072551671665,4,0.43145072551671665,VIIRS DNB,nW/cm2/sr,2025,"{""type"":""MultiPoint"",""coordinates"":[]}"
135_0000000000000000000a,BA03050040,,,,,,,53.16,53,1396.16423098,TASWIL5000020230907KABKOTA,Nagekeo,,0.114707914625,2.15252417923,4326,4,,,Nagekeo,Nusa Tenggara Timur,,0,Ngada,,2025-04,0.4764633262053475,4,0.4764633262053475,VIIRS DNB,nW/cm2/sr,2025,"{""type"":""MultiPoint"",""coordinates"":[]}"
135_00000000000000000010,BA03050040,,,,,,,53.17,53,1789.65872064,TASWIL5000020230907KABKOTA,Sumba Tengah,,0.147379835649,2.42469258111,4326,4,,,Sumba Tengah,Nusa Tenggara Timur,,0,Sumba Barat,,2025-04,0.35006386595018435,4,0.35006386595018435,VIIRS DNB,nW/cm2/sr,2025,"{""type"":""MultiPoint"",""coordinates"":[]}"
135_00000000000000000014,BA03050040,,,,,,,53.18,53,1383.31224571,TASWIL5000020230907KABKOTA,Sumba Barat Daya,,0.113913848979,1.59805558471,4326,4,,,Sumba Barat Daya,Nusa Tenggara Timur,,0,Sumba Barat,,2025-04,0.46959047873973564,4,0.46959047873973564,VIIRS DNB,nW/cm2/sr,2025,"{""type"":""MultiPoint"",""coordinates"":[]}"
136_00000000000000000000,BA03050040,,,,,,,53.05,53,2928.55881854,TASWIL5000020230907KABKOTA,Alor,,0.24037265184,5.67288749982,4326,4,,,Alor,Nusa Tenggara Timur,,0,,,2025-05,0.3054645214085921,5,0.3054645214085921,VIIRS DNB,nW/cm2/sr,2025,"{""type"":""MultiPoint"",""coordinates"":[]}"
136_00000000000000000001,BA03050040,,,,,,,53.04,53,1127.25008655,TASWIL5000020230907KABKOTA,Belu,,0.0927289736817,2.29261763369,4326,4,,,Belu,Nusa Tenggara Timur,,0,,,2025-05,0.46995020442907526,5,0.46995020442907526,VIIRS DNB,nW/cm2/sr,2025,"{""type"":""MultiPoint"",""coordinates"":[]}"
136_00000000000000000002,BA03050040,,,,,,,53.06,53,1748.5165523,TASWIL5000020230907KABKOTA,Flores Timur,,0.143538260694,4.68012528849,4326,4,,,Flores Timur,Nusa Tenggara Timur,,0,,,2025-05,0.37072613009440375,5,0.37072613009440375,VIIRS DNB,nW/cm2/sr,2025,"{""type"":""MultiPoint"",""coordinates"":[]}"
136_00000000000000000004,BA03050040,,,,,,,53.01,53,5136.51008742,TASWIL5000020230907KABKOTA,Kupang,,0.423459507198,6.26740520892,4326,4,,,Kupang,Nusa Tenggara Timur,,0,,,2025-05,0.35491471460206053,5,0.35491471460206053,VIIRS DNB,nW/cm2/sr,2025,"{""type"":""MultiPoint"",""coordinates"":[]}"
136_00000000000000000007,BA03050040,,,,,,,53.10,53,1343.83414797,TASWIL5000020230907KABKOTA,Manggarai,,0.11037433796,2.62044875269,4326,4,,,Manggarai,Nusa Tenggara Timur,,0,,,2025-05,0.4430726596507476,5,0.4430726596507476,VIIRS DNB,nW/cm2/sr,2025,"{""type"":""MultiPoint"",""coordinates"":[]}"
136_0000000000000000000b,BA03050040,,,,,,,53.09,53,1735.63521769,TASWIL5000020230907KABKOTA,Ngada,,0.142589549676,2.86650785507,4326,4,,,Ngada,Nusa Tenggara Timur,,0,,,2025-05,0.3213390859973172,5,0.3213390859973172,VIIRS DNB,nW/cm2/sr,2025,"{""type"":""MultiPoint"",""coordinates"":[]}"
136_0000000000000000000e,BA03050040,,,,,,,53.07,53,1671.64902391,TASWIL5000020230907KABKOTA,Sikka,,0.137312979206,3.89925449996,4326,4,,,Sikka,Nusa Tenggara Timur,,0,,,2025-05,0.4140040134292328,5,0.4140040134292328,VIIRS DNB,nW/cm2/sr,2025,"{""type"":""MultiPoint"",""coordinates"":[]}"
136_0000000000000000000f,BA03050040,,,,,,,53.12,53,757.407641007,TASWIL5000020230907KABKOTA,Sumba Barat,,0.0623907023605,2.04212111278,4326,4,,,Sumba Barat,Nusa Tenggara Timur,,0,,,2025-05,0.40158937880453616,5,0.40158937880453616,VIIRS DNB,nW/cm2/sr,2025,"{""type"":""MultiPoint"",""coordinates"":[]}"
136_00000000000000000011,BA03050040,,,,,,,53.11,53,6984.01403441,TASWIL5000020230907KABKOTA,Sumba Timur,,0.575702142252,4.80415749282,4326,4,,,Sumba Timur,Nusa Tenggara Timur,,0,,,2025-05,0.2968557409872878,5,0.2968557409872878,VIIRS DNB,nW/cm2/sr,2025,"{""type"":""MultiPoint"",""coordinates"":[]}"
136_00000000000000000012,BA03050040,,,,,,,53.02,53,3933.15111495,TASWIL5000020230907KABKOTA,Timor Tengah Selatan,,0.324167140101,3.32375028444,4326,4,,,Timor Tengah Selatan,Nusa Tenggara Timur,,0,,,2025-05,0.3385335462250746,5,0.3385335462250746,VIIRS DNB,nW/cm2/sr,2025,"{""type"":""MultiPoint"",""coordinates"":[]}"
136_00000000000000000013,BA03050040,,,,,,,53.03,53,2623.19983128,TASWIL5000020230907KABKOTA,Timor Tengah Utara,,0.215921651765,3.4787254107,4326,4,,,Timor Tengah Utara,Nusa Tenggara Timur,,0,,,2025-05,0.355604541719117,5,0.355604541719117,VIIRS DNB,nW/cm2/sr,2025,"{""type"":""MultiPoint"",""coordinates"":[]}"
136_00000000000000000015,BA03050040,,,,,,,53.08,53,2085.24387061,TASWIL5000020230907KABKOTA,Ende,,0.171316232886,2.99297540949,4326,4,,,Ende,Nusa Tenggara Timur,,0,,,2025-05,0.3725969871617385,5,0.3725969871617385,VIIRS DNB,nW/cm2/sr,2025,"{""type"":""MultiPoint"",""coordinates"":[]}"
136_00000000000000000006,BA03050040,,,,,,,53.21,53,1109.16204574,TASWIL5000020230907KABKOTA,Malaka,,0.0913351434015,2.23370514726,4326,4,,,Malaka,Nusa Tenggara Timur,,0,Belu,,2025-05,0.4127951477311811,5,0.4127951477311811,VIIRS DNB,nW/cm2/sr,2025,"{""type"":""MultiPoint"",""coordinates"":[]}"
136_00000000000000000005,BA03050040,,,,,,,53.13,53,1268.10489804,TASWIL5000020230907KABKOTA,Lembata,,0.10410466891,3.45188597769,4326,4,,,Lembata,Nusa Tenggara Timur,,0,Flores Timur,,2025-05,0.3680449022152859,5,0.3680449022152859,VIIRS DNB,nW/cm2/sr,2025,"{""type"":""MultiPoint"",""coordinates"":[]}"
136_00000000000000000003,BA03050040,,,,,,,53.71,53,159.334041006,TASWIL5000020230907KABKOTA,Kota Kupang,,0.0131469663875,0.949087585397,4326,5,,,Kota Kupang,Nusa Tenggara Timur,,0,Kupang,,2025-05,8.866471226823878,5,8.866471226823878,VIIRS DNB,nW/cm2/sr,2025,"{""type"":""MultiPoint"",""coordinates"":[]}"
136_0000000000000000000c,BA03050040,,,,,,,53.14,53,1286.45281117,TASWIL5000020230907KABKOTA,Rote Ndao,,0.106321906477,4.76909476004,4326,4,,,Rote Ndao,Nusa Tenggara Timur,,0,Kupang,,2025-05,0.354870077405967,5,0.354870077405967,VIIRS DNB,nW/cm2/sr,2025,"{""type"":""MultiPoint"",""coordinates"":[]}"
136_0000000000000000000d,BA03050040,,,,,,,53.20,53,460.956594118,TASWIL5000020230907KABKOTA,Sabu Raijua,,0.0380736571077,1.23438979443,4326,4,,,Sabu Raijua,Nusa Tenggara Timur,,0,Kupang,,2025-05,0.4656111269203847,5,0.4656111269203847,VIIRS DNB,nW/cm2/sr,2025,"{""type"":""MultiPoint"",""coordinates"":[]}"
136_00000000000000000008,BA03050040,,,,,,,53.15,53,3128.99733567,TASWIL5000020230907KABKOTA,Manggarai Barat,,0.257018604578,10.7211601624,4326,4,,,Manggarai Barat,Nusa Tenggara Timur,,0,Manggarai,,2025-05,0.3800714481306645,5,0.3800714481306645,VIIRS DNB,nW/cm2/sr,2025,"{""type"":""MultiPoint"",""coordinates"":[]}"
136_00000000000000000009,BA03050040,,,,,,,53.19,53,2389.52959786,TASWIL5000020230907KABKOTA,Manggarai Timur,,0.196263276889,2.60910655519,4326,4,,,Manggarai Timur,Nusa Tenggara Timur,,0,Manggarai,,2025-05,0.3227608858823989,5,0.3227608858823989,VIIRS DNB,nW/cm2/sr,2025,"{""type"":""MultiPoint"",""coordinates"":[]}"
136_0000000000000000000a,BA03050040,,,,,,,53.16,53,1396.16423098,TASWIL5000020230907KABKOTA,Nagekeo,,0.114707914625,2.15252417923,4326,4,,,Nagekeo,Nusa Tenggara Timur,,0,Ngada,,2025-05,0.3466842143712982,5,0.3466842143712982,VIIRS DNB,nW/cm2/sr,2025,"{""type"":""MultiPoint"",""coordinates"":[]}"
136_00000000000000000010,BA03050040,,,,,,,53.17,53,1789.65872064,TASWIL5000020230907KABKOTA,Sumba Tengah,,0.147379835649,2.42469258111,4326,4,,,Sumba Tengah,Nusa Tenggara Timur,,0,Sumba Barat,,2025-05,0.2774126622154433,5,0.2774126622154433,VIIRS DNB,nW/cm2/sr,2025,"{""type"":""MultiPoint"",""coordinates"":[]}"
136_00000000000000000014,BA03050040,,,,,,,53.18,53,1383.31224571,TASWIL5000020230907KABKOTA,Sumba Barat Daya,,0.113913848979,1.59805558471,4326,4,,,Sumba Barat Daya,Nusa Tenggara Timur,,0,Sumba Barat,,2025-05,0.38810779944834095,5,0.38810779944834095,VIIRS DNB,nW/cm2/sr,2025,"{""type"":""MultiPoint"",""coordinates"":[]}"
137_00000000000000000000,BA03050040,,,,,,,53.05,53,2928.55881854,TASWIL5000020230907KABKOTA,Alor,,0.24037265184,5.67288749982,4326,4,,,Alor,Nusa Tenggara Timur,,0,,,2025-06,0.2741552397556909,6,0.2741552397556909,VIIRS DNB,nW/cm2/sr,2025,"{""type"":""MultiPoint"",""coordinates"":[]}"
137_00000000000000000001,BA03050040,,,,,,,53.04,53,1127.25008655,TASWIL5000020230907KABKOTA,Belu,,0.0927289736817,2.29261763369,4326,4,,,Belu,Nusa Tenggara Timur,,0,,,2025-06,0.4415783526525557,6,0.4415783526525557,VIIRS DNB,nW/cm2/sr,2025,"{""type"":""MultiPoint"",""coordinates"":[]}"
137_00000000000000000002,BA03050040,,,,,,,53.06,53,1748.5165523,TASWIL5000020230907KABKOTA,Flores Timur,,0.143538260694,4.68012528849,4326,4,,,Flores Timur,Nusa Tenggara Timur,,0,,,2025-06,0.2759193382260012,6,0.2759193382260012,VIIRS DNB,nW/cm2/sr,2025,"{""type"":""MultiPoint"",""coordinates"":[]}"
137_00000000000000000004,BA03050040,,,,,,,53.01,53,5136.51008742,TASWIL5000020230907KABKOTA,Kupang,,0.423459507198,6.26740520892,4326,4,,,Kupang,Nusa Tenggara Timur,,0,,,2025-06,0.33125554764284115,6,0.33125554764284115,VIIRS DNB,nW/cm2/sr,2025,"{""type"":""MultiPoint"",""coordinates"":[]}"
137_00000000000000000007,BA03050040,,,,,,,53.10,53,1343.83414797,TASWIL5000020230907KABKOTA,Manggarai,,0.11037433796,2.62044875269,4326,4,,,Manggarai,Nusa Tenggara Timur,,0,,,2025-06,0.38245170176499715,6,0.38245170176499715,VIIRS DNB,nW/cm2/sr,2025,"{""type"":""MultiPoint"",""coordinates"":[]}"
137_0000000000000000000b,BA03050040,,,,,,,53.09,53,1735.63521769,TASWIL5000020230907KABKOTA,Ngada,,0.142589549676,2.86650785507,4326,4,,,Ngada,Nusa Tenggara Timur,,0,,,2025-06,0.25091524593051145,6,0.25091524593051145,VIIRS DNB,nW/cm2/sr,2025,"{""type"":""MultiPoint"",""coordinates"":[]}"
137_0000000000000000000e,BA03050040,,,,,,,53.07,53,1671.64902391,TASWIL5000020230907KABKOTA,Sikka,,0.137312979206,3.89925449996,4326,4,,,Sikka,Nusa Tenggara Timur,,0,,,2025-06,0.32757026782612075,6,0.32757026782612075,VIIRS DNB,nW/cm2/sr,2025,"{""type"":""MultiPoint"",""coordinates"":[]}"
137_0000000000000000000f,BA03050040,,,,,,,53.12,53,757.407641007,TASWIL5000020230907KABKOTA,Sumba Barat,,0.0623907023605,2.04212111278,4326,4,,,Sumba Barat,Nusa Tenggara Timur,,0,,,2025-06,0.36351206173146444,6,0.36351206173146444,VIIRS DNB,nW/cm2/sr,2025,"{""type"":""MultiPoint"",""coordinates"":[]}"
137_00000000000000000011,BA03050040,,,,,,,53.11,53,6984.01403441,TASWIL5000020230907KABKOTA,Sumba Timur,,0.575702142252,4.80415749282,4326,4,,,Sumba Timur,Nusa Tenggara Timur,,0,,,2025-06,0.25324658684609286,6,0.25324658684609286,VIIRS DNB,nW/cm2/sr,2025,"{""type"":""MultiPoint"",""coordinates"":[]}"
137_00000000000000000012,BA03050040,,,,,,,53.02,53,3933.15111495,TASWIL5000020230907KABKOTA,Timor Tengah Selatan,,0.324167140101,3.32375028444,4326,4,,,Timor Tengah Selatan,Nusa Tenggara Timur,,0,,,2025-06,0.2715233689806389,6,0.2715233689806389,VIIRS DNB,nW/cm2/sr,2025,"{""type"":""MultiPoint"",""coordinates"":[]}"
137_00000000000000000013,BA03050040,,,,,,,53.03,53,2623.19983128,TASWIL5000020230907KABKOTA,Timor Tengah Utara,,0.215921651765,3.4787254107,4326,4,,,Timor Tengah Utara,Nusa Tenggara Timur,,0,,,2025-06,0.3304990080863306,6,0.3304990080863306,VIIRS DNB,nW/cm2/sr,2025,"{""type"":""MultiPoint"",""coordinates"":[]}"
137_00000000000000000015,BA03050040,,,,,,,53.08,53,2085.24387061,TASWIL5000020230907KABKOTA,Ende,,0.171316232886,2.99297540949,4326,4,,,Ende,Nusa Tenggara Timur,,0,,,2025-06,0.2641819408176004,6,0.2641819408176004,VIIRS DNB,nW/cm2/sr,2025,"{""type"":""MultiPoint"",""coordinates"":[]}"
137_00000000000000000006,BA03050040,,,,,,,53.21,53,1109.16204574,TASWIL5000020230907KABKOTA,Malaka,,0.0913351434015,2.23370514726,4326,4,,,Malaka,Nusa Tenggara Timur,,0,Belu,,2025-06,0.34615695295184923,6,0.34615695295184923,VIIRS DNB,nW/cm2/sr,2025,"{""type"":""MultiPoint"",""coordinates"":[]}"
137_00000000000000000005,BA03050040,,,,,,,53.13,53,1268.10489804,TASWIL5000020230907KABKOTA,Lembata,,0.10410466891,3.45188597769,4326,4,,,Lembata,Nusa Tenggara Timur,,0,Flores Timur,,2025-06,0.29119284973900017,6,0.29119284973900017,VIIRS DNB,nW/cm2/sr,2025,"{""type"":""MultiPoint"",""coordinates"":[]}"
137_00000000000000000003,BA03050040,,,,,,,53.71,53,159.334041006,TASWIL5000020230907KABKOTA,Kota Kupang,,0.0131469663875,0.949087585397,4326,5,,,Kota Kupang,Nusa Tenggara Timur,,0,Kupang,,2025-06,9.199804729716968,6,9.199804729716968,VIIRS DNB,nW/cm2/sr,2025,"{""type"":""MultiPoint"",""coordinates"":[]}"
137_0000000000000000000c,BA03050040,,,,,,,53.14,53,1286.45281117,TASWIL5000020230907KABKOTA,Rote Ndao,,0.106321906477,4.76909476004,4326,4,,,Rote Ndao,Nusa Tenggara Timur,,0,Kupang,,2025-06,0.33700166376931,6,0.33700166376931,VIIRS DNB,nW/cm2/sr,2025,"{""type"":""MultiPoint"",""coordinates"":[]}"
137_0000000000000000000d,BA03050040,,,,,,,53.20,53,460.956594118,TASWIL5000020230907KABKOTA,Sabu Raijua,,0.0380736571077,1.23438979443,4326,4,,,Sabu Raijua,Nusa Tenggara Timur,,0,Kupang,,2025-06,0.4400800769043809,6,0.4400800769043809,VIIRS DNB,nW/cm2/sr,2025,"{""type"":""MultiPoint"",""coordinates"":[]}"
137_00000000000000000008,BA03050040,,,,,,,53.15,53,3128.99733567,TASWIL5000020230907KABKOTA,Manggarai Barat,,0.257018604578,10.7211601624,4326,4,,,Manggarai Barat,Nusa Tenggara Timur,,0,Manggarai,,2025-06,0.32225754847515853,6,0.32225754847515853,VIIRS DNB,nW/cm2/sr,2025,"{""type"":""MultiPoint"",""coordinates"":[]}"
137_00000000000000000009,BA03050040,,,,,,,53.19,53,2389.52959786,TASWIL5000020230907KABKOTA,Manggarai Timur,,0.196263276889,2.60910655519,4326,4,,,Manggarai Timur,Nusa Tenggara Timur,,0,Manggarai,,2025-06,0.26304441436320253,6,0.26304441436320253,VIIRS DNB,nW/cm2/sr,2025,"{""type"":""MultiPoint"",""coordinates"":[]}"
137_0000000000000000000a,BA03050040,,,,,,,53.16,53,1396.16423098,TASWIL5000020230907KABKOTA,Nagekeo,,0.114707914625,2.15252417923,4326,4,,,Nagekeo,Nusa Tenggara Timur,,0,Ngada,,2025-06,0.2851061738259334,6,0.2851061738259334,VIIRS DNB,nW/cm2/sr,2025,"{""type"":""MultiPoint"",""coordinates"":[]}"
137_00000000000000000010,BA03050040,,,,,,,53.17,53,1789.65872064,TASWIL5000020230907KABKOTA,Sumba Tengah,,0.147379835649,2.42469258111,4326,4,,,Sumba Tengah,Nusa Tenggara Timur,,0,Sumba Barat,,2025-06,0.23247705592650622,6,0.23247705592650622,VIIRS DNB,nW/cm2/sr,2025,"{""type"":""MultiPoint"",""coordinates"":[]}"
137_00000000000000000014,BA03050040,,,,,,,53.18,53,1383.31224571,TASWIL5000020230907KABKOTA,Sumba Barat Daya,,0.113913848979,1.59805558471,4326,4,,,Sumba Barat Daya,Nusa Tenggara Timur,,0,Sumba Barat,,2025-06,0.35514974412532474,6,0.35514974412532474,VIIRS DNB,nW/cm2/sr,2025,"{""type"":""MultiPoint"",""coordinates"":[]}"
138_00000000000000000000,BA03050040,,,,,,,53.05,53,2928.55881854,TASWIL5000020230907KABKOTA,Alor,,0.24037265184,5.67288749982,4326,4,,,Alor,Nusa Tenggara Timur,,0,,,2025-07,0.2293431257181465,7,0.2293431257181465,VIIRS DNB,nW/cm2/sr,2025,"{""type"":""MultiPoint"",""coordinates"":[]}"
138_00000000000000000001,BA03050040,,,,,,,53.04,53,1127.25008655,TASWIL5000020230907KABKOTA,Belu,,0.0927289736817,2.29261763369,4326,4,,,Belu,Nusa Tenggara Timur,,0,,,2025-07,0.41023620399991817,7,0.41023620399991817,VIIRS DNB,nW/cm2/sr,2025,"{""type"":""MultiPoint"",""coordinates"":[]}"
138_00000000000000000002,BA03050040,,,,,,,53.06,53,1748.5165523,TASWIL5000020230907KABKOTA,Flores Timur,,0.143538260694,4.68012528849,4326,4,,,Flores Timur,Nusa Tenggara Timur,,0,,,2025-07,0.28492009363878046,7,0.28492009363878046,VIIRS DNB,nW/cm2/sr,2025,"{""type"":""MultiPoint"",""coordinates"":[]}"
138_00000000000000000004,BA03050040,,,,,,,53.01,53,5136.51008742,TASWIL5000020230907KABKOTA,Kupang,,0.423459507198,6.26740520892,4326,4,,,Kupang,Nusa Tenggara Timur,,0,,,2025-07,0.312782760793503,7,0.312782760793503,VIIRS DNB,nW/cm2/sr,2025,"{""type"":""MultiPoint"",""coordinates"":[]}"
138_00000000000000000007,BA03050040,,,,,,,53.10,53,1343.83414797,TASWIL5000020230907KABKOTA,Manggarai,,0.11037433796,2.62044875269,4326,4,,,Manggarai,Nusa Tenggara Timur,,0,,,2025-07,0.3735392631851765,7,0.3735392631851765,VIIRS DNB,nW/cm2/sr,2025,"{""type"":""MultiPoint"",""coordinates"":[]}"
138_0000000000000000000b,BA03050040,,,,,,,53.09,53,1735.63521769,TASWIL5000020230907KABKOTA,Ngada,,0.142589549676,2.86650785507,4326,4,,,Ngada,Nusa Tenggara Timur,,0,,,2025-07,0.23702897720975197,7,0.23702897720975197,VIIRS DNB,nW/cm2/sr,2025,"{""type"":""MultiPoint"",""coordinates"":[]}"
138_0000000000000000000e,BA03050040,,,,,,,53.07,53,1671.64902391,TASWIL5000020230907KABKOTA,Sikka,,0.137312979206,3.89925449996,4326,4,,,Sikka,Nusa Tenggara Timur,,0,,,2025-07,0.3578507122982087,7,0.3578507122982087,VIIRS DNB,nW/cm2/sr,2025,"{""type"":""MultiPoint"",""coordinates"":[]}"
138_0000000000000000000f,BA03050040,,,,,,,53.12,53,757.407641007,TASWIL5000020230907KABKOTA,Sumba Barat,,0.0623907023605,2.04212111278,4326,4,,,Sumba Barat,Nusa Tenggara Timur,,0,,,2025-07,0.3108122284905595,7,0.3108122284905595,VIIRS DNB,nW/cm2/sr,2025,"{""type"":""MultiPoint"",""coordinates"":[]}"
138_00000000000000000011,BA03050040,,,,,,,53.11,53,6984.01403441,TASWIL5000020230907KABKOTA,Sumba Timur,,0.575702142252,4.80415749282,4326,4,,,Sumba Timur,Nusa Tenggara Timur,,0,,,2025-07,0.19599257977509738,7,0.19599257977509738,VIIRS DNB,nW/cm2/sr,2025,"{""type"":""MultiPoint"",""coordinates"":[]}"
138_00000000000000000012,BA03050040,,,,,,,53.02,53,3933.15111495,TASWIL5000020230907KABKOTA,Timor Tengah Selatan,,0.324167140101,3.32375028444,4326,4,,,Timor Tengah Selatan,Nusa Tenggara Timur,,0,,,2025-07,0.25861764068096005,7,0.25861764068096005,VIIRS DNB,nW/cm2/sr,2025,"{""type"":""MultiPoint"",""coordinates"":[]}"
138_00000000000000000013,BA03050040,,,,,,,53.03,53,2623.19983128,TASWIL5000020230907KABKOTA,Timor Tengah Utara,,0.215921651765,3.4787254107,4326,4,,,Timor Tengah Utara,Nusa Tenggara Timur,,0,,,2025-07,0.27998962623068385,7,0.27998962623068385,VIIRS DNB,nW/cm2/sr,2025,"{""type"":""MultiPoint"",""coordinates"":[]}"
138_00000000000000000015,BA03050040,,,,,,,53.08,53,2085.24387061,TASWIL5000020230907KABKOTA,Ende,,0.171316232886,2.99297540949,4326,4,,,Ende,Nusa Tenggara Timur,,0,,,2025-07,0.29513060241216454,7,0.29513060241216454,VIIRS DNB,nW/cm2/sr,2025,"{""type"":""MultiPoint"",""coordinates"":[]}"
138_00000000000000000006,BA03050040,,,,,,,53.21,53,1109.16204574,TASWIL5000020230907KABKOTA,Malaka,,0.0913351434015,2.23370514726,4326,4,,,Malaka,Nusa Tenggara Timur,,0,Belu,,2025-07,0.31638323677536645,7,0.31638323677536645,VIIRS DNB,nW/cm2/sr,2025,"{""type"":""MultiPoint"",""coordinates"":[]}"
138_00000000000000000005,BA03050040,,,,,,,53.13,53,1268.10489804,TASWIL5000020230907KABKOTA,Lembata,,0.10410466891,3.45188597769,4326,4,,,Lembata,Nusa Tenggara Timur,,0,Flores Timur,,2025-07,0.3119097223613648,7,0.3119097223613648,VIIRS DNB,nW/cm2/sr,2025,"{""type"":""MultiPoint"",""coordinates"":[]}"
138_00000000000000000003,BA03050040,,,,,,,53.71,53,159.334041006,TASWIL5000020230907KABKOTA,Kota Kupang,,0.0131469663875,0.949087585397,4326,5,,,Kota Kupang,Nusa Tenggara Timur,,0,Kupang,,2025-07,8.410190592880012,7,8.410190592880012,VIIRS DNB,nW/cm2/sr,2025,"{""type"":""MultiPoint"",""coordinates"":[]}"
138_0000000000000000000c,BA03050040,,,,,,,53.14,53,1286.45281117,TASWIL5000020230907KABKOTA,Rote Ndao,,0.106321906477,4.76909476004,4326,4,,,Rote Ndao,Nusa Tenggara Timur,,0,Kupang,,2025-07,0.31657005662281884,7,0.31657005662281884,VIIRS DNB,nW/cm2/sr,2025,"{""type"":""MultiPoint"",""coordinates"":[]}"
138_0000000000000000000d,BA03050040,,,,,,,53.20,53,460.956594118,TASWIL5000020230907KABKOTA,Sabu Raijua,,0.0380736571077,1.23438979443,4326,4,,,Sabu Raijua,Nusa Tenggara Timur,,0,Kupang,,2025-07,0.4486335317076296,7,0.4486335317076296,VIIRS DNB,nW/cm2/sr,2025,"{""type"":""MultiPoint"",""coordinates"":[]}"
138_00000000000000000008,BA03050040,,,,,,,53.15,53,3128.99733567,TASWIL5000020230907KABKOTA,Manggarai Barat,,0.257018604578,10.7211601624,4326,4,,,Manggarai Barat,Nusa Tenggara Timur,,0,Manggarai,,2025-07,0.2759579722847835,7,0.2759579722847835,VIIRS DNB,nW/cm2/sr,2025,"{""type"":""MultiPoint"",""coordinates"":[]}"
138_00000000000000000009,BA03050040,,,,,,,53.19,53,2389.52959786,TASWIL5000020230907KABKOTA,Manggarai Timur,,0.196263276889,2.60910655519,4326,4,,,Manggarai Timur,Nusa Tenggara Timur,,0,Manggarai,,2025-07,0.2347310239050749,7,0.2347310239050749,VIIRS DNB,nW/cm2/sr,2025,"{""type"":""MultiPoint"",""coordinates"":[]}"
138_0000000000000000000a,BA03050040,,,,,,,53.16,53,1396.16423098,TASWIL5000020230907KABKOTA,Nagekeo,,0.114707914625,2.15252417923,4326,4,,,Nagekeo,Nusa Tenggara Timur,,0,Ngada,,2025-07,0.3125992763028401,7,0.3125992763028401,VIIRS DNB,nW/cm2/sr,2025,"{""type"":""MultiPoint"",""coordinates"":[]}"
138_00000000000000000010,BA03050040,,,,,,,53.17,53,1789.65872064,TASWIL5000020230907KABKOTA,Sumba Tengah,,0.147379835649,2.42469258111,4326,4,,,Sumba Tengah,Nusa Tenggara Timur,,0,Sumba Barat,,2025-07,0.18381381634333505,7,0.18381381634333505,VIIRS DNB,nW/cm2/sr,2025,"{""type"":""MultiPoint"",""coordinates"":[]}"
138_00000000000000000014,BA03050040,,,,,,,53.18,53,1383.31224571,TASWIL5000020230907KABKOTA,Sumba Barat Daya,,0.113913848979,1.59805558471,4326,4,,,Sumba Barat Daya,Nusa Tenggara Timur,,0,Sumba Barat,,2025-07,0.3067991613097028,7,0.3067991613097028,VIIRS DNB,nW/cm2/sr,2025,"{""type"":""MultiPoint"",""coordinates"":[]}"
139_00000000000000000000,BA03050040,,,,,,,53.05,53,2928.55881854,TASWIL5000020230907KABKOTA,Alor,,0.24037265184,5.67288749982,4326,4,,,Alor,Nusa Tenggara Timur,,0,,,2025-08,0.33117725829711986,8,0.33117725829711986,VIIRS DNB,nW/cm2/sr,2025,"{""type"":""MultiPoint"",""coordinates"":[]}"
139_00000000000000000001,BA03050040,,,,,,,53.04,53,1127.25008655,TASWIL5000020230907KABKOTA,Belu,,0.0927289736817,2.29261763369,4326,4,,,Belu,Nusa Tenggara Timur,,0,,,2025-08,0.49224187943996706,8,0.49224187943996706,VIIRS DNB,nW/cm2/sr,2025,"{""type"":""MultiPoint"",""coordinates"":[]}"
139_00000000000000000002,BA03050040,,,,,,,53.06,53,1748.5165523,TASWIL5000020230907KABKOTA,Flores Timur,,0.143538260694,4.68012528849,4326,4,,,Flores Timur,Nusa Tenggara Timur,,0,,,2025-08,0.3108965267961527,8,0.3108965267961527,VIIRS DNB,nW/cm2/sr,2025,"{""type"":""MultiPoint"",""coordinates"":[]}"
139_00000000000000000004,BA03050040,,,,,,,53.01,53,5136.51008742,TASWIL5000020230907KABKOTA,Kupang,,0.423459507198,6.26740520892,4326,4,,,Kupang,Nusa Tenggara Timur,,0,,,2025-08,0.3569578827265334,8,0.3569578827265334,VIIRS DNB,nW/cm2/sr,2025,"{""type"":""MultiPoint"",""coordinates"":[]}"
139_00000000000000000007,BA03050040,,,,,,,53.10,53,1343.83414797,TASWIL5000020230907KABKOTA,Manggarai,,0.11037433796,2.62044875269,4326,4,,,Manggarai,Nusa Tenggara Timur,,0,,,2025-08,0.3909973373443279,8,0.3909973373443279,VIIRS DNB,nW/cm2/sr,2025,"{""type"":""MultiPoint"",""coordinates"":[]}"
139_0000000000000000000b,BA03050040,,,,,,,53.09,53,1735.63521769,TASWIL5000020230907KABKOTA,Ngada,,0.142589549676,2.86650785507,4326,4,,,Ngada,Nusa Tenggara Timur,,0,,,2025-08,0.2614157027030549,8,0.2614157027030549,VIIRS DNB,nW/cm2/sr,2025,"{""type"":""MultiPoint"",""coordinates"":[]}"
139_0000000000000000000e,BA03050040,,,,,,,53.07,53,1671.64902391,TASWIL5000020230907KABKOTA,Sikka,,0.137312979206,3.89925449996,4326,4,,,Sikka,Nusa Tenggara Timur,,0,,,2025-08,0.39167149272475443,8,0.39167149272475443,VIIRS DNB,nW/cm2/sr,2025,"{""type"":""MultiPoint"",""coordinates"":[]}"
139_0000000000000000000f,BA03050040,,,,,,,53.12,53,757.407641007,TASWIL5000020230907KABKOTA,Sumba Barat,,0.0623907023605,2.04212111278,4326,4,,,Sumba Barat,Nusa Tenggara Timur,,0,,,2025-08,0.3336539135577435,8,0.3336539135577435,VIIRS DNB,nW/cm2/sr,2025,"{""type"":""MultiPoint"",""coordinates"":[]}"
139_00000000000000000011,BA03050040,,,,,,,53.11,53,6984.01403441,TASWIL5000020230907KABKOTA,Sumba Timur,,0.575702142252,4.80415749282,4326,4,,,Sumba Timur,Nusa Tenggara Timur,,0,,,2025-08,0.25013534115901825,8,0.25013534115901825,VIIRS DNB,nW/cm2/sr,2025,"{""type"":""MultiPoint"",""coordinates"":[]}"
139_00000000000000000012,BA03050040,,,,,,,53.02,53,3933.15111495,TASWIL5000020230907KABKOTA,Timor Tengah Selatan,,0.324167140101,3.32375028444,4326,4,,,Timor Tengah Selatan,Nusa Tenggara Timur,,0,,,2025-08,0.3104430663647584,8,0.3104430663647584,VIIRS DNB,nW/cm2/sr,2025,"{""type"":""MultiPoint"",""coordinates"":[]}"
139_00000000000000000013,BA03050040,,,,,,,53.03,53,2623.19983128,TASWIL5000020230907KABKOTA,Timor Tengah Utara,,0.215921651765,3.4787254107,4326,4,,,Timor Tengah Utara,Nusa Tenggara Timur,,0,,,2025-08,0.3384782120556542,8,0.3384782120556542,VIIRS DNB,nW/cm2/sr,2025,"{""type"":""MultiPoint"",""coordinates"":[]}"
139_00000000000000000015,BA03050040,,,,,,,53.08,53,2085.24387061,TASWIL5000020230907KABKOTA,Ende,,0.171316232886,2.99297540949,4326,4,,,Ende,Nusa Tenggara Timur,,0,,,2025-08,0.32864549046285,8,0.32864549046285,VIIRS DNB,nW/cm2/sr,2025,"{""type"":""MultiPoint"",""coordinates"":[]}"
139_00000000000000000006,BA03050040,,,,,,,53.21,53,1109.16204574,TASWIL5000020230907KABKOTA,Malaka,,0.0913351434015,2.23370514726,4326,4,,,Malaka,Nusa Tenggara Timur,,0,Belu,,2025-08,0.3989060738212921,8,0.3989060738212921,VIIRS DNB,nW/cm2/sr,2025,"{""type"":""MultiPoint"",""coordinates"":[]}"
139_00000000000000000005,BA03050040,,,,,,,53.13,53,1268.10489804,TASWIL5000020230907KABKOTA,Lembata,,0.10410466891,3.45188597769,4326,4,,,Lembata,Nusa Tenggara Timur,,0,Flores Timur,,2025-08,0.31412782642302545,8,0.31412782642302545,VIIRS DNB,nW/cm2/sr,2025,"{""type"":""MultiPoint"",""coordinates"":[]}"
139_00000000000000000003,BA03050040,,,,,,,53.71,53,159.334041006,TASWIL5000020230907KABKOTA,Kota Kupang,,0.0131469663875,0.949087585397,4326,5,,,Kota Kupang,Nusa Tenggara Timur,,0,Kupang,,2025-08,10.59170139568449,8,10.59170139568449,VIIRS DNB,nW/cm2/sr,2025,"{""type"":""MultiPoint"",""coordinates"":[]}"
139_0000000000000000000c,BA03050040,,,,,,,53.14,53,1286.45281117,TASWIL5000020230907KABKOTA,Rote Ndao,,0.106321906477,4.76909476004,4326,4,,,Rote Ndao,Nusa Tenggara Timur,,0,Kupang,,2025-08,0.395754141515182,8,0.395754141515182,VIIRS DNB,nW/cm2/sr,2025,"{""type"":""MultiPoint"",""coordinates"":[]}"
139_0000000000000000000d,BA03050040,,,,,,,53.20,53,460.956594118,TASWIL5000020230907KABKOTA,Sabu Raijua,,0.0380736571077,1.23438979443,4326,4,,,Sabu Raijua,Nusa Tenggara Timur,,0,Kupang,,2025-08,0.4807925429708638,8,0.4807925429708638,VIIRS DNB,nW/cm2/sr,2025,"{""type"":""MultiPoint"",""coordinates"":[]}"
139_00000000000000000008,BA03050040,,,,,,,53.15,53,3128.99733567,TASWIL5000020230907KABKOTA,Manggarai Barat,,0.257018604578,10.7211601624,4326,4,,,Manggarai Barat,Nusa Tenggara Timur,,0,Manggarai,,2025-08,0.31499551417928423,8,0.31499551417928423,VIIRS DNB,nW/cm2/sr,2025,"{""type"":""MultiPoint"",""coordinates"":[]}"
139_00000000000000000009,BA03050040,,,,,,,53.19,53,2389.52959786,TASWIL5000020230907KABKOTA,Manggarai Timur,,0.196263276889,2.60910655519,4326,4,,,Manggarai Timur,Nusa Tenggara Timur,,0,Manggarai,,2025-08,0.2531952011048849,8,0.2531952011048849,VIIRS DNB,nW/cm2/sr,2025,"{""type"":""MultiPoint"",""coordinates"":[]}"
139_0000000000000000000a,BA03050040,,,,,,,53.16,53,1396.16423098,TASWIL5000020230907KABKOTA,Nagekeo,,0.114707914625,2.15252417923,4326,4,,,Nagekeo,Nusa Tenggara Timur,,0,Ngada,,2025-08,0.31290519593353405,8,0.31290519593353405,VIIRS DNB,nW/cm2/sr,2025,"{""type"":""MultiPoint"",""coordinates"":[]}"
139_00000000000000000010,BA03050040,,,,,,,53.17,53,1789.65872064,TASWIL5000020230907KABKOTA,Sumba Tengah,,0.147379835649,2.42469258111,4326,4,,,Sumba Tengah,Nusa Tenggara Timur,,0,Sumba Barat,,2025-08,0.1981415494299572,8,0.1981415494299572,VIIRS DNB,nW/cm2/sr,2025,"{""type"":""MultiPoint"",""coordinates"":[]}"
139_00000000000000000014,BA03050040,,,,,,,53.18,53,1383.31224571,TASWIL5000020230907KABKOTA,Sumba Barat Daya,,0.113913848979,1.59805558471,4326,4,,,Sumba Barat Daya,Nusa Tenggara Timur,,0,Sumba Barat,,2025-08,0.3190219112838415,8,0.3190219112838415,VIIRS DNB,nW/cm2/sr,2025,"{""type"":""MultiPoint"",""coordinates"":[]}"
140_00000000000000000000,BA03050040,,,,,,,53.05,53,2928.55881854,TASWIL5000020230907KABKOTA,Alor,,0.24037265184,5.67288749982,4326,4,,,Alor,Nusa Tenggara Timur,,0,,,2025-09,0.37722328349183776,9,0.37722328349183776,VIIRS DNB,nW/cm2/sr,2025,"{""type"":""MultiPoint"",""coordinates"":[]}"
140_00000000000000000001,BA03050040,,,,,,,53.04,53,1127.25008655,TASWIL5000020230907KABKOTA,Belu,,0.0927289736817,2.29261763369,4326,4,,,Belu,Nusa Tenggara Timur,,0,,,2025-09,0.5776136735982258,9,0.5776136735982258,VIIRS DNB,nW/cm2/sr,2025,"{""type"":""MultiPoint"",""coordinates"":[]}"
140_00000000000000000002,BA03050040,,,,,,,53.06,53,1748.5165523,TASWIL5000020230907KABKOTA,Flores Timur,,0.143538260694,4.68012528849,4326,4,,,Flores Timur,Nusa Tenggara Timur,,0,,,2025-09,0.39007037488619606,9,0.39007037488619606,VIIRS DNB,nW/cm2/sr,2025,"{""type"":""MultiPoint"",""coordinates"":[]}"
140_00000000000000000004,BA03050040,,,,,,,53.01,53,5136.51008742,TASWIL5000020230907KABKOTA,Kupang,,0.423459507198,6.26740520892,4326,4,,,Kupang,Nusa Tenggara Timur,,0,,,2025-09,0.46695156754552636,9,0.46695156754552636,VIIRS DNB,nW/cm2/sr,2025,"{""type"":""MultiPoint"",""coordinates"":[]}"
140_00000000000000000007,BA03050040,,,,,,,53.10,53,1343.83414797,TASWIL5000020230907KABKOTA,Manggarai,,0.11037433796,2.62044875269,4326,4,,,Manggarai,Nusa Tenggara Timur,,0,,,2025-09,0.4695000913604584,9,0.4695000913604584,VIIRS DNB,nW/cm2/sr,2025,"{""type"":""MultiPoint"",""coordinates"":[]}"
140_0000000000000000000b,BA03050040,,,,,,,53.09,53,1735.63521769,TASWIL5000020230907KABKOTA,Ngada,,0.142589549676,2.86650785507,4326,4,,,Ngada,Nusa Tenggara Timur,,0,,,2025-09,0.3553671142923816,9,0.3553671142923816,VIIRS DNB,nW/cm2/sr,2025,"{""type"":""MultiPoint"",""coordinates"":[]}"
140_0000000000000000000e,BA03050040,,,,,,,53.07,53,1671.64902391,TASWIL5000020230907KABKOTA,Sikka,,0.137312979206,3.89925449996,4326,4,,,Sikka,Nusa Tenggara Timur,,0,,,2025-09,0.4565828354877796,9,0.4565828354877796,VIIRS DNB,nW/cm2/sr,2025,"{""type"":""MultiPoint"",""coordinates"":[]}"
140_0000000000000000000f,BA03050040,,,,,,,53.12,53,757.407641007,TASWIL5000020230907KABKOTA,Sumba Barat,,0.0623907023605,2.04212111278,4326,4,,,Sumba Barat,Nusa Tenggara Timur,,0,,,2025-09,0.42551333773709055,9,0.42551333773709055,VIIRS DNB,nW/cm2/sr,2025,"{""type"":""MultiPoint"",""coordinates"":[]}"
140_00000000000000000011,BA03050040,,,,,,,53.11,53,6984.01403441,TASWIL5000020230907KABKOTA,Sumba Timur,,0.575702142252,4.80415749282,4326,4,,,Sumba Timur,Nusa Tenggara Timur,,0,,,2025-09,0.3330292403596539,9,0.3330292403596539,VIIRS DNB,nW/cm2/sr,2025,"{""type"":""MultiPoint"",""coordinates"":[]}"
140_00000000000000000012,BA03050040,,,,,,,53.02,53,3933.15111495,TASWIL5000020230907KABKOTA,Timor Tengah Selatan,,0.324167140101,3.32375028444,4326,4,,,Timor Tengah Selatan,Nusa Tenggara Timur,,0,,,2025-09,0.41527900925850225,9,0.41527900925850225,VIIRS DNB,nW/cm2/sr,2025,"{""type"":""MultiPoint"",""coordinates"":[]}"
140_00000000000000000013,BA03050040,,,,,,,53.03,53,2623.19983128,TASWIL5000020230907KABKOTA,Timor Tengah Utara,,0.215921651765,3.4787254107,4326,4,,,Timor Tengah Utara,Nusa Tenggara Timur,,0,,,2025-09,0.4355747578383486,9,0.4355747578383486,VIIRS DNB,nW/cm2/sr,2025,"{""type"":""MultiPoint"",""coordinates"":[]}"
140_00000000000000000015,BA03050040,,,,,,,53.08,53,2085.24387061,TASWIL5000020230907KABKOTA,Ende,,0.171316232886,2.99297540949,4326,4,,,Ende,Nusa Tenggara Timur,,0,,,2025-09,0.3864368341088735,9,0.3864368341088735,VIIRS DNB,nW/cm2/sr,2025,"{""type"":""MultiPoint"",""coordinates"":[]}"
140_00000000000000000006,BA03050040,,,,,,,53.21,53,1109.16204574,TASWIL5000020230907KABKOTA,Malaka,,0.0913351434015,2.23370514726,4326,4,,,Malaka,Nusa Tenggara Timur,,0,Belu,,2025-09,0.4877632807752397,9,0.4877632807752397,VIIRS DNB,nW/cm2/sr,2025,"{""type"":""MultiPoint"",""coordinates"":[]}"
140_00000000000000000005,BA03050040,,,,,,,53.13,53,1268.10489804,TASWIL5000020230907KABKOTA,Lembata,,0.10410466891,3.45188597769,4326,4,,,Lembata,Nusa Tenggara Timur,,0,Flores Timur,,2025-09,0.41117414455152923,9,0.41117414455152923,VIIRS DNB,nW/cm2/sr,2025,"{""type"":""MultiPoint"",""coordinates"":[]}"
140_00000000000000000003,BA03050040,,,,,,,53.71,53,159.334041006,TASWIL5000020230907KABKOTA,Kota Kupang,,0.0131469663875,0.949087585397,4326,5,,,Kota Kupang,Nusa Tenggara Timur,,0,Kupang,,2025-09,10.991623955272143,9,10.991623955272143,VIIRS DNB,nW/cm2/sr,2025,"{""type"":""MultiPoint"",""coordinates"":[]}"
140_0000000000000000000c,BA03050040,,,,,,,53.14,53,1286.45281117,TASWIL5000020230907KABKOTA,Rote Ndao,,0.106321906477,4.76909476004,4326,4,,,Rote Ndao,Nusa Tenggara Timur,,0,Kupang,,2025-09,0.4588824195724162,9,0.4588824195724162,VIIRS DNB,nW/cm2/sr,2025,"{""type"":""MultiPoint"",""coordinates"":[]}"
140_0000000000000000000d,BA03050040,,,,,,,53.20,53,460.956594118,TASWIL5000020230907KABKOTA,Sabu Raijua,,0.0380736571077,1.23438979443,4326,4,,,Sabu Raijua,Nusa Tenggara Timur,,0,Kupang,,2025-09,0.5856224947917846,9,0.5856224947917846,VIIRS DNB,nW/cm2/sr,2025,"{""type"":""MultiPoint"",""coordinates"":[]}"
140_00000000000000000008,BA03050040,,,,,,,53.15,53,3128.99733567,TASWIL5000020230907KABKOTA,Manggarai Barat,,0.257018604578,10.7211601624,4326,4,,,Manggarai Barat,Nusa Tenggara Timur,,0,Manggarai,,2025-09,0.3844169733243171,9,0.3844169733243171,VIIRS DNB,nW/cm2/sr,2025,"{""type"":""MultiPoint"",""coordinates"":[]}"
140_00000000000000000009,BA03050040,,,,,,,53.19,53,2389.52959786,TASWIL5000020230907KABKOTA,Manggarai Timur,,0.196263276889,2.60910655519,4326,4,,,Manggarai Timur,Nusa Tenggara Timur,,0,Manggarai,,2025-09,0.3432725175217788,9,0.3432725175217788,VIIRS DNB,nW/cm2/sr,2025,"{""type"":""MultiPoint"",""coordinates"":[]}"
140_0000000000000000000a,BA03050040,,,,,,,53.16,53,1396.16423098,TASWIL5000020230907KABKOTA,Nagekeo,,0.114707914625,2.15252417923,4326,4,,,Nagekeo,Nusa Tenggara Timur,,0,Ngada,,2025-09,0.3845315542401283,9,0.3845315542401283,VIIRS DNB,nW/cm2/sr,2025,"{""type"":""MultiPoint"",""coordinates"":[]}"
140_00000000000000000010,BA03050040,,,,,,,53.17,53,1789.65872064,TASWIL5000020230907KABKOTA,Sumba Tengah,,0.147379835649,2.42469258111,4326,4,,,Sumba Tengah,Nusa Tenggara Timur,,0,Sumba Barat,,2025-09,0.2901631097568679,9,0.2901631097568679,VIIRS DNB,nW/cm2/sr,2025,"{""type"":""MultiPoint"",""coordinates"":[]}"
140_00000000000000000014,BA03050040,,,,,,,53.18,53,1383.31224571,TASWIL5000020230907KABKOTA,Sumba Barat Daya,,0.113913848979,1.59805558471,4326,4,,,Sumba Barat Daya,Nusa Tenggara Timur,,0,Sumba Barat,,2025-09,0.4252212910292035,9,0.4252212910292035,VIIRS DNB,nW/cm2/sr,2025,"{""type"":""MultiPoint"",""coordinates"":[]}"
141_00000000000000000000,BA03050040,,,,,,,53.05,53,2928.55881854,TASWIL5000020230907KABKOTA,Alor,,0.24037265184,5.67288749982,4326,4,,,Alor,Nusa Tenggara Timur,,0,,,2025-10,0.36994527401244204,10,0.36994527401244204,VIIRS DNB,nW/cm2/sr,2025,"{""type"":""MultiPoint"",""coordinates"":[]}"
141_00000000000000000001,BA03050040,,,,,,,53.04,53,1127.25008655,TASWIL5000020230907KABKOTA,Belu,,0.0927289736817,2.29261763369,4326,4,,,Belu,Nusa Tenggara Timur,,0,,,2025-10,0.529515850958403,10,0.529515850958403,VIIRS DNB,nW/cm2/sr,2025,"{""type"":""MultiPoint"",""coordinates"":[]}"
141_00000000000000000002,BA03050040,,,,,,,53.06,53,1748.5165523,TASWIL5000020230907KABKOTA,Flores Timur,,0.143538260694,4.68012528849,4326,4,,,Flores Timur,Nusa Tenggara Timur,,0,,,2025-10,0.4152911858916067,10,0.4152911858916067,VIIRS DNB,nW/cm2/sr,2025,"{""type"":""MultiPoint"",""coordinates"":[]}"
141_00000000000000000004,BA03050040,,,,,,,53.01,53,5136.51008742,TASWIL5000020230907KABKOTA,Kupang,,0.423459507198,6.26740520892,4326,4,,,Kupang,Nusa Tenggara Timur,,0,,,2025-10,0.4735481532119478,10,0.4735481532119478,VIIRS DNB,nW/cm2/sr,2025,"{""type"":""MultiPoint"",""coordinates"":[]}"
141_00000000000000000007,BA03050040,,,,,,,53.10,53,1343.83414797,TASWIL5000020230907KABKOTA,Manggarai,,0.11037433796,2.62044875269,4326,4,,,Manggarai,Nusa Tenggara Timur,,0,,,2025-10,0.5030665156221501,10,0.5030665156221501,VIIRS DNB,nW/cm2/sr,2025,"{""type"":""MultiPoint"",""coordinates"":[]}"
141_0000000000000000000b,BA03050040,,,,,,,53.09,53,1735.63521769,TASWIL5000020230907KABKOTA,Ngada,,0.142589549676,2.86650785507,4326,4,,,Ngada,Nusa Tenggara Timur,,0,,,2025-10,0.368537207851244,10,0.368537207851244,VIIRS DNB,nW/cm2/sr,2025,"{""type"":""MultiPoint"",""coordinates"":[]}"
141_0000000000000000000e,BA03050040,,,,,,,53.07,53,1671.64902391,TASWIL5000020230907KABKOTA,Sikka,,0.137312979206,3.89925449996,4326,4,,,Sikka,Nusa Tenggara Timur,,0,,,2025-10,0.4735890286057836,10,0.4735890286057836,VIIRS DNB,nW/cm2/sr,2025,"{""type"":""MultiPoint"",""coordinates"":[]}"
141_0000000000000000000f,BA03050040,,,,,,,53.12,53,757.407641007,TASWIL5000020230907KABKOTA,Sumba Barat,,0.0623907023605,2.04212111278,4326,4,,,Sumba Barat,Nusa Tenggara Timur,,0,,,2025-10,0.454743290601497,10,0.454743290601497,VIIRS DNB,nW/cm2/sr,2025,"{""type"":""MultiPoint"",""coordinates"":[]}"
141_00000000000000000011,BA03050040,,,,,,,53.11,53,6984.01403441,TASWIL5000020230907KABKOTA,Sumba Timur,,0.575702142252,4.80415749282,4326,4,,,Sumba Timur,Nusa Tenggara Timur,,0,,,2025-10,0.362282666078991,10,0.362282666078991,VIIRS DNB,nW/cm2/sr,2025,"{""type"":""MultiPoint"",""coordinates"":[]}"
141_00000000000000000012,BA03050040,,,,,,,53.02,53,3933.15111495,TASWIL5000020230907KABKOTA,Timor Tengah Selatan,,0.324167140101,3.32375028444,4326,4,,,Timor Tengah Selatan,Nusa Tenggara Timur,,0,,,2025-10,0.4385580896276162,10,0.4385580896276162,VIIRS DNB,nW/cm2/sr,2025,"{""type"":""MultiPoint"",""coordinates"":[]}"
141_00000000000000000013,BA03050040,,,,,,,53.03,53,2623.19983128,TASWIL5000020230907KABKOTA,Timor Tengah Utara,,0.215921651765,3.4787254107,4326,4,,,Timor Tengah Utara,Nusa Tenggara Timur,,0,,,2025-10,0.4512636894285645,10,0.4512636894285645,VIIRS DNB,nW/cm2/sr,2025,"{""type"":""MultiPoint"",""coordinates"":[]}"
141_00000000000000000015,BA03050040,,,,,,,53.08,53,2085.24387061,TASWIL5000020230907KABKOTA,Ende,,0.171316232886,2.99297540949,4326,4,,,Ende,Nusa Tenggara Timur,,0,,,2025-10,0.4121000299392857,10,0.4121000299392857,VIIRS DNB,nW/cm2/sr,2025,"{""type"":""MultiPoint"",""coordinates"":[]}"
141_00000000000000000006,BA03050040,,,,,,,53.21,53,1109.16204574,TASWIL5000020230907KABKOTA,Malaka,,0.0913351434015,2.23370514726,4326,4,,,Malaka,Nusa Tenggara Timur,,0,Belu,,2025-10,0.49214205087043067,10,0.49214205087043067,VIIRS DNB,nW/cm2/sr,2025,"{""type"":""MultiPoint"",""coordinates"":[]}"
141_00000000000000000005,BA03050040,,,,,,,53.13,53,1268.10489804,TASWIL5000020230907KABKOTA,Lembata,,0.10410466891,3.45188597769,4326,4,,,Lembata,Nusa Tenggara Timur,,0,Flores Timur,,2025-10,0.42621923643733944,10,0.42621923643733944,VIIRS DNB,nW/cm2/sr,2025,"{""type"":""MultiPoint"",""coordinates"":[]}"
141_00000000000000000003,BA03050040,,,,,,,53.71,53,159.334041006,TASWIL5000020230907KABKOTA,Kota Kupang,,0.0131469663875,0.949087585397,4326,5,,,Kota Kupang,Nusa Tenggara Timur,,0,Kupang,,2025-10,10.391506721434707,10,10.391506721434707,VIIRS DNB,nW/cm2/sr,2025,"{""type"":""MultiPoint"",""coordinates"":[]}"
141_0000000000000000000c,BA03050040,,,,,,,53.14,53,1286.45281117,TASWIL5000020230907KABKOTA,Rote Ndao,,0.106321906477,4.76909476004,4326,4,,,Rote Ndao,Nusa Tenggara Timur,,0,Kupang,,2025-10,0.48424556797571494,10,0.48424556797571494,VIIRS DNB,nW/cm2/sr,2025,"{""type"":""MultiPoint"",""coordinates"":[]}"
141_0000000000000000000d,BA03050040,,,,,,,53.20,53,460.956594118,TASWIL5000020230907KABKOTA,Sabu Raijua,,0.0380736571077,1.23438979443,4326,4,,,Sabu Raijua,Nusa Tenggara Timur,,0,Kupang,,2025-10,0.6297233127353,10,0.6297233127353,VIIRS DNB,nW/cm2/sr,2025,"{""type"":""MultiPoint"",""coordinates"":[]}"
141_00000000000000000008,BA03050040,,,,,,,53.15,53,3128.99733567,TASWIL5000020230907KABKOTA,Manggarai Barat,,0.257018604578,10.7211601624,4326,4,,,Manggarai Barat,Nusa Tenggara Timur,,0,Manggarai,,2025-10,0.41047458989721786,10,0.41047458989721786,VIIRS DNB,nW/cm2/sr,2025,"{""type"":""MultiPoint"",""coordinates"":[]}"
141_00000000000000000009,BA03050040,,,,,,,53.19,53,2389.52959786,TASWIL5000020230907KABKOTA,Manggarai Timur,,0.196263276889,2.60910655519,4326,4,,,Manggarai Timur,Nusa Tenggara Timur,,0,Manggarai,,2025-10,0.3785798757300744,10,0.3785798757300744,VIIRS DNB,nW/cm2/sr,2025,"{""type"":""MultiPoint"",""coordinates"":[]}"
141_0000000000000000000a,BA03050040,,,,,,,53.16,53,1396.16423098,TASWIL5000020230907KABKOTA,Nagekeo,,0.114707914625,2.15252417923,4326,4,,,Nagekeo,Nusa Tenggara Timur,,0,Ngada,,2025-10,0.41757123135219143,10,0.41757123135219143,VIIRS DNB,nW/cm2/sr,2025,"{""type"":""MultiPoint"",""coordinates"":[]}"
141_00000000000000000010,BA03050040,,,,,,,53.17,53,1789.65872064,TASWIL5000020230907KABKOTA,Sumba Tengah,,0.147379835649,2.42469258111,4326,4,,,Sumba Tengah,Nusa Tenggara Timur,,0,Sumba Barat,,2025-10,0.32668342152207147,10,0.32668342152207147,VIIRS DNB,nW/cm2/sr,2025,"{""type"":""MultiPoint"",""coordinates"":[]}"
141_00000000000000000014,BA03050040,,,,,,,53.18,53,1383.31224571,TASWIL5000020230907KABKOTA,Sumba Barat Daya,,0.113913848979,1.59805558471,4326,4,,,Sumba Barat Daya,Nusa Tenggara Timur,,0,Sumba Barat,,2025-10,0.4514339020524485,10,0.4514339020524485,VIIRS DNB,nW/cm2/sr,2025,"{""type"":""MultiPoint"",""coordinates"":[]}"
