system:index,FCODE,KDBBPS,KDCBPS,KDCPUM,KDEBPS,KDEPUM,KDPBPS,KDPKAB,KDPPUM,LUASWH,METADATA,NAMOBJ,REMARK,SHAPE_Area,SHAPE_Leng,SRS_ID,TIPADM,WADMKC,WADMKD,WADMKK,WADMPR,WIADKC,WIADKD,WIADKK,WIADPR,date,mean,month,ntl_mean,source,unit,year,.geo
0_00000000000000000001,BA03050040,,,,,,,74.04,74,1669.32863016,TASWIL5000020230907KABKOTA,Buton,,0.136188299866,3.04087674144,4326,4,,,Buton,Sulawesi Tenggara,,0,,,2014-01,0.0043782539099136,1,0.0043782539099136,VIIRS DNB,nW/cm2/sr,2014,"{""type"":""MultiPoint"",""coordinates"":[]}"
0_00000000000000000005,BA03050040,,,,,,,74.01,74,2958.9208572,TASWIL5000020230907KABKOTA,Kolaka,,0.240980839474,5.39527306777,4326,4,,,Kolaka,Sulawesi Tenggara,,0,,,2014-01,0.071006291661175,1,0.071006291661175,VIIRS DNB,nW/cm2/sr,2014,"{""type"":""MultiPoint"",""coordinates"":[]}"
0_00000000000000000008,BA03050040,,,,,,,74.02,74,5351.85263389,TASWIL5000020230907KABKOTA,Konawe,,0.435602118514,6.84601568998,4326,4,,,Konawe,Sulawesi Tenggara,,0,,,2014-01,0.03187595042482155,1,0.03187595042482155,VIIRS DNB,nW/cm2/sr,2014,"{""type"":""MultiPoint"",""coordinates"":[]}"
0_0000000000000000000e,BA03050040,,,,,,,74.03,74,1858.09481163,TASWIL5000020230907KABKOTA,Muna,,0.151502694674,5.32849464874,4326,4,,,Muna,Sulawesi Tenggara,,0,,,2014-01,0.018612045327206273,1,0.018612045327206273,VIIRS DNB,nW/cm2/sr,2014,"{""type"":""MultiPoint"",""coordinates"":[]}"
0_00000000000000000015,BA03050040,,,,,,,74.03,74,0.17024708351,TASWIL5000020230907KABKOTA,Muna,Wilayah terapung,1.38839187565E-5,0.039960941818,4326,4,,,Muna,Sulawesi Tenggara,,0,,,2014-01,0.0,1,0.0,VIIRS DNB,nW/cm2/sr,2014,"{""type"":""MultiPoint"",""coordinates"":[]}"
0_00000000000000000016,BA03050040,,,,,,,74.04,74,0.188157250699,TASWIL5000020230907KABKOTA,Buton,Wilayah terapung,1.53526521797E-5,0.0397338812277,4326,4,,,Buton,Sulawesi Tenggara,,0,,,2014-01,0.0,1,0.0,VIIRS DNB,nW/cm2/sr,2014,"{""type"":""MultiPoint"",""coordinates"":[]}"
0_00000000000000000000,BA03050040,,,,,,,74.06,74,3293.96639913,TASWIL5000020230907KABKOTA,Bombana,,0.268524880662,5.47167246052,4326,4,,,Bombana,Sulawesi Tenggara,,0,Buton,,2014-01,0.013189978217297744,1,0.013189978217297744,VIIRS DNB,nW/cm2/sr,2014,"{""type"":""MultiPoint"",""coordinates"":[]}"
0_00000000000000000002,BA03050040,,,,,,,74.15,74,517.631463505,TASWIL5000020230907KABKOTA,Buton Selatan,,0.042249508051,1.85498741345,4326,4,,,Buton Selatan,Sulawesi Tenggara,,0,Buton,,2014-01,0.04544445573429534,1,0.04544445573429534,VIIRS DNB,nW/cm2/sr,2014,"{""type"":""MultiPoint"",""coordinates"":[]}"
0_00000000000000000003,BA03050040,,,,,,,74.14,74,836.955797791,TASWIL5000020230907KABKOTA,Buton Tengah,,0.0682810706644,2.98412837401,4326,4,,,Buton Tengah,Sulawesi Tenggara,,0,Buton,,2014-01,0.02266126839352547,1,0.02266126839352547,VIIRS DNB,nW/cm2/sr,2014,"{""type"":""MultiPoint"",""coordinates"":[]}"
0_0000000000000000000c,BA03050040,,,,,,,74.72,74,294.137423231,TASWIL5000020230907KABKOTA,Kota Bau Bau,,0.0240007870008,0.955179337168,4326,5,,,Kota Bau Bau,Sulawesi Tenggara,,0,Buton,,2014-01,0.24350749102251967,1,0.24350749102251967,VIIRS DNB,nW/cm2/sr,2014,"{""type"":""MultiPoint"",""coordinates"":[]}"
0_00000000000000000010,BA03050040,,,,,,,74.07,74,450.455914283,TASWIL5000020230907KABKOTA,Wakatobi,,0.0367648905913,3.71804674371,4326,4,,,Wakatobi,Sulawesi Tenggara,,0,Buton,,2014-01,0.015026007529840806,1,0.015026007529840806,VIIRS DNB,nW/cm2/sr,2014,"{""type"":""MultiPoint"",""coordinates"":[]}"
0_00000000000000000011,BA03050040,,,,,,,74.07,74,0.253355482028,TASWIL5000020230907KABKOTA,Wakatobi,Wilayah terapung,2.06703594498E-5,0.0291924563304,4326,4,,,Wakatobi,Sulawesi Tenggara,,0,Buton,,2014-01,2.5833934513173364,1,2.5833934513173364,VIIRS DNB,nW/cm2/sr,2014,"{""type"":""MultiPoint"",""coordinates"":[]}"
0_00000000000000000012,BA03050040,,,,,,,74.07,74,4.12006083394,TASWIL5000020230907KABKOTA,Wakatobi,Wilayah terapung,3.36232999688E-4,0.124432278786,4326,4,,,Wakatobi,Sulawesi Tenggara,,0,Buton,,2014-01,-0.05247596618581629,1,-0.05247596618581629,VIIRS DNB,nW/cm2/sr,2014,"{""type"":""MultiPoint"",""coordinates"":[]}"
0_0000000000000000000a,BA03050040,,,,,,,74.05,74,4237.74051506,TASWIL5000020230907KABKOTA,Konawe Selatan,,0.345208073275,5.59324280043,4326,4,,,Konawe Selatan,Sulawesi Tenggara,,0,Kendari,,2014-01,0.0034450641914127995,1,0.0034450641914127995,VIIRS DNB,nW/cm2/sr,2014,"{""type"":""MultiPoint"",""coordinates"":[]}"
0_0000000000000000000d,BA03050040,,,,,,,74.71,74,265.790696582,TASWIL5000020230907KABKOTA,Kota Kendari,,0.0216443348271,1.21929531969,4326,5,,,Kota Kendari,Sulawesi Tenggara,,0,Kendari,,2014-01,0.001343181696023018,1,0.001343181696023018,VIIRS DNB,nW/cm2/sr,2014,"{""type"":""MultiPoint"",""coordinates"":[]}"
0_00000000000000000006,BA03050040,,,,,,,74.11,74,3992.53107078,TASWIL5000020230907KABKOTA,Kolaka Timur,,0.325055960897,4.62416724675,4326,4,,,Kolaka Timur,Sulawesi Tenggara,,0,Kolaka,,2014-01,0.005024399395488102,1,0.005024399395488102,VIIRS DNB,nW/cm2/sr,2014,"{""type"":""MultiPoint"",""coordinates"":[]}"
0_00000000000000000007,BA03050040,,,,,,,74.08,74,2932.25192061,TASWIL5000020230907KABKOTA,Kolaka Utara,,0.238597308701,3.90865020949,4326,4,,,Kolaka Utara,Sulawesi Tenggara,,0,Kolaka,,2014-01,0.019879244615031984,1,0.019879244615031984,VIIRS DNB,nW/cm2/sr,2014,"{""type"":""MultiPoint"",""coordinates"":[]}"
0_00000000000000000009,BA03050040,,,,,,,74.12,74,705.711010277,TASWIL5000020230907KABKOTA,Konawe Kepulauan,,0.0574768178025,1.17136047971,4326,4,,,Konawe Kepulauan,Sulawesi Tenggara,,0,Konawe,,2014-01,-0.0018744756249911712,1,-0.0018744756249911712,VIIRS DNB,nW/cm2/sr,2014,"{""type"":""MultiPoint"",""coordinates"":[]}"
0_0000000000000000000b,BA03050040,,,,,,,74.09,74,4219.81180817,TASWIL5000020230907KABKOTA,Konawe Utara,,0.343408045869,6.15591332033,4326,4,,,Konawe Utara,Sulawesi Tenggara,,0,Konawe,,2014-01,0.03984590523186993,1,0.03984590523186993,VIIRS DNB,nW/cm2/sr,2014,"{""type"":""MultiPoint"",""coordinates"":[]}"
0_00000000000000000004,BA03050040,,,,,,,74.10,74,1755.8292261,TASWIL5000020230907KABKOTA,Buton Utara,,0.143115018242,4.67921811895,4326,4,,,Buton Utara,Sulawesi Tenggara,,0,Muna,,2014-01,0.004380467770188009,1,0.004380467770188009,VIIRS DNB,nW/cm2/sr,2014,"{""type"":""MultiPoint"",""coordinates"":[]}"
0_0000000000000000000f,BA03050040,,,,,,,74.13,74,818.701593571,TASWIL5000020230907KABKOTA,Muna Barat,,0.0667415576998,2.65906981122,4326,4,,,Muna Barat,Sulawesi Tenggara,,0,Muna,,2014-01,0.004947486357702871,1,0.004947486357702871,VIIRS DNB,nW/cm2/sr,2014,"{""type"":""MultiPoint"",""coordinates"":[]}"
0_00000000000000000013,BA03050040,,,,,,,74.13,74,0.273099429049,TASWIL5000020230907KABKOTA,Muna Barat,Wilayah terapung,2.22679841875E-5,0.0295594995644,4326,4,,,Muna Barat,Sulawesi Tenggara,,0,Muna,,2014-01,0.04092799455250213,1,0.04092799455250213,VIIRS DNB,nW/cm2/sr,2014,"{""type"":""MultiPoint"",""coordinates"":[]}"
0_00000000000000000014,BA03050040,,,,,,,74.10,74,0.0480497061255,TASWIL5000020230907KABKOTA,Buton Utara,Wilayah terapung,3.9169026899E-6,0.0168384250334,4326,4,,,Buton Utara,Sulawesi Tenggara,,0,Muna,,2014-01,0.0,1,0.0,VIIRS DNB,nW/cm2/sr,2014,"{""type"":""MultiPoint"",""coordinates"":[]}"
1_00000000000000000001,BA03050040,,,,,,,74.04,74,1669.32863016,TASWIL5000020230907KABKOTA,Buton,,0.136188299866,3.04087674144,4326,4,,,Buton,Sulawesi Tenggara,,0,,,2014-02,0.11086276461259251,2,0.11086276461259251,VIIRS DNB,nW/cm2/sr,2014,"{""type"":""MultiPoint"",""coordinates"":[]}"
1_00000000000000000005,BA03050040,,,,,,,74.01,74,2958.9208572,TASWIL5000020230907KABKOTA,Kolaka,,0.240980839474,5.39527306777,4326,4,,,Kolaka,Sulawesi Tenggara,,0,,,2014-02,0.10221170450982446,2,0.10221170450982446,VIIRS DNB,nW/cm2/sr,2014,"{""type"":""MultiPoint"",""coordinates"":[]}"
1_00000000000000000008,BA03050040,,,,,,,74.02,74,5351.85263389,TASWIL5000020230907KABKOTA,Konawe,,0.435602118514,6.84601568998,4326,4,,,Konawe,Sulawesi Tenggara,,0,,,2014-02,0.07599035172742852,2,0.07599035172742852,VIIRS DNB,nW/cm2/sr,2014,"{""type"":""MultiPoint"",""coordinates"":[]}"
1_0000000000000000000e,BA03050040,,,,,,,74.03,74,1858.09481163,TASWIL5000020230907KABKOTA,Muna,,0.151502694674,5.32849464874,4326,4,,,Muna,Sulawesi Tenggara,,0,,,2014-02,0.06269599184659343,2,0.06269599184659343,VIIRS DNB,nW/cm2/sr,2014,"{""type"":""MultiPoint"",""coordinates"":[]}"
1_00000000000000000015,BA03050040,,,,,,,74.03,74,0.17024708351,TASWIL5000020230907KABKOTA,Muna,Wilayah terapung,1.38839187565E-5,0.039960941818,4326,4,,,Muna,Sulawesi Tenggara,,0,,,2014-02,0.042187740283377594,2,0.042187740283377594,VIIRS DNB,nW/cm2/sr,2014,"{""type"":""MultiPoint"",""coordinates"":[]}"
1_00000000000000000016,BA03050040,,,,,,,74.04,74,0.188157250699,TASWIL5000020230907KABKOTA,Buton,Wilayah terapung,1.53526521797E-5,0.0397338812277,4326,4,,,Buton,Sulawesi Tenggara,,0,,,2014-02,0.13974871858954432,2,0.13974871858954432,VIIRS DNB,nW/cm2/sr,2014,"{""type"":""MultiPoint"",""coordinates"":[]}"
1_00000000000000000000,BA03050040,,,,,,,74.06,74,3293.96639913,TASWIL5000020230907KABKOTA,Bombana,,0.268524880662,5.47167246052,4326,4,,,Bombana,Sulawesi Tenggara,,0,Buton,,2014-02,0.061662708086852994,2,0.061662708086852994,VIIRS DNB,nW/cm2/sr,2014,"{""type"":""MultiPoint"",""coordinates"":[]}"
1_00000000000000000002,BA03050040,,,,,,,74.15,74,517.631463505,TASWIL5000020230907KABKOTA,Buton Selatan,,0.042249508051,1.85498741345,4326,4,,,Buton Selatan,Sulawesi Tenggara,,0,Buton,,2014-02,0.06975208046146059,2,0.06975208046146059,VIIRS DNB,nW/cm2/sr,2014,"{""type"":""MultiPoint"",""coordinates"":[]}"
1_00000000000000000003,BA03050040,,,,,,,74.14,74,836.955797791,TASWIL5000020230907KABKOTA,Buton Tengah,,0.0682810706644,2.98412837401,4326,4,,,Buton Tengah,Sulawesi Tenggara,,0,Buton,,2014-02,0.08469023752318879,2,0.08469023752318879,VIIRS DNB,nW/cm2/sr,2014,"{""type"":""MultiPoint"",""coordinates"":[]}"
1_0000000000000000000c,BA03050040,,,,,,,74.72,74,294.137423231,TASWIL5000020230907KABKOTA,Kota Bau Bau,,0.0240007870008,0.955179337168,4326,5,,,Kota Bau Bau,Sulawesi Tenggara,,0,Buton,,2014-02,0.39604547214051544,2,0.39604547214051544,VIIRS DNB,nW/cm2/sr,2014,"{""type"":""MultiPoint"",""coordinates"":[]}"
1_00000000000000000010,BA03050040,,,,,,,74.07,74,450.455914283,TASWIL5000020230907KABKOTA,Wakatobi,,0.0367648905913,3.71804674371,4326,4,,,Wakatobi,Sulawesi Tenggara,,0,Buton,,2014-02,0.0380560859741288,2,0.0380560859741288,VIIRS DNB,nW/cm2/sr,2014,"{""type"":""MultiPoint"",""coordinates"":[]}"
1_00000000000000000011,BA03050040,,,,,,,74.07,74,0.253355482028,TASWIL5000020230907KABKOTA,Wakatobi,Wilayah terapung,2.06703594498E-5,0.0291924563304,4326,4,,,Wakatobi,Sulawesi Tenggara,,0,Buton,,2014-02,0.0,2,0.0,VIIRS DNB,nW/cm2/sr,2014,"{""type"":""MultiPoint"",""coordinates"":[]}"
1_00000000000000000012,BA03050040,,,,,,,74.07,74,4.12006083394,TASWIL5000020230907KABKOTA,Wakatobi,Wilayah terapung,3.36232999688E-4,0.124432278786,4326,4,,,Wakatobi,Sulawesi Tenggara,,0,Buton,,2014-02,0.023835382528999853,2,0.023835382528999853,VIIRS DNB,nW/cm2/sr,2014,"{""type"":""MultiPoint"",""coordinates"":[]}"
1_0000000000000000000a,BA03050040,,,,,,,74.05,74,4237.74051506,TASWIL5000020230907KABKOTA,Konawe Selatan,,0.345208073275,5.59324280043,4326,4,,,Konawe Selatan,Sulawesi Tenggara,,0,Kendari,,2014-02,0.07714646293761582,2,0.07714646293761582,VIIRS DNB,nW/cm2/sr,2014,"{""type"":""MultiPoint"",""coordinates"":[]}"
1_0000000000000000000d,BA03050040,,,,,,,74.71,74,265.790696582,TASWIL5000020230907KABKOTA,Kota Kendari,,0.0216443348271,1.21929531969,4326,5,,,Kota Kendari,Sulawesi Tenggara,,0,Kendari,,2014-02,0.6563126498364459,2,0.6563126498364459,VIIRS DNB,nW/cm2/sr,2014,"{""type"":""MultiPoint"",""coordinates"":[]}"
1_00000000000000000006,BA03050040,,,,,,,74.11,74,3992.53107078,TASWIL5000020230907KABKOTA,Kolaka Timur,,0.325055960897,4.62416724675,4326,4,,,Kolaka Timur,Sulawesi Tenggara,,0,Kolaka,,2014-02,0.08483128413139875,2,0.08483128413139875,VIIRS DNB,nW/cm2/sr,2014,"{""type"":""MultiPoint"",""coordinates"":[]}"
1_00000000000000000007,BA03050040,,,,,,,74.08,74,2932.25192061,TASWIL5000020230907KABKOTA,Kolaka Utara,,0.238597308701,3.90865020949,4326,4,,,Kolaka Utara,Sulawesi Tenggara,,0,Kolaka,,2014-02,0.06288387251416189,2,0.06288387251416189,VIIRS DNB,nW/cm2/sr,2014,"{""type"":""MultiPoint"",""coordinates"":[]}"
1_00000000000000000009,BA03050040,,,,,,,74.12,74,705.711010277,TASWIL5000020230907KABKOTA,Konawe Kepulauan,,0.0574768178025,1.17136047971,4326,4,,,Konawe Kepulauan,Sulawesi Tenggara,,0,Konawe,,2014-02,0.024381526134725676,2,0.024381526134725676,VIIRS DNB,nW/cm2/sr,2014,"{""type"":""MultiPoint"",""coordinates"":[]}"
1_0000000000000000000b,BA03050040,,,,,,,74.09,74,4219.81180817,TASWIL5000020230907KABKOTA,Konawe Utara,,0.343408045869,6.15591332033,4326,4,,,Konawe Utara,Sulawesi Tenggara,,0,Konawe,,2014-02,0.05319540614948851,2,0.05319540614948851,VIIRS DNB,nW/cm2/sr,2014,"{""type"":""MultiPoint"",""coordinates"":[]}"
1_00000000000000000004,BA03050040,,,,,,,74.10,74,1755.8292261,TASWIL5000020230907KABKOTA,Buton Utara,,0.143115018242,4.67921811895,4326,4,,,Buton Utara,Sulawesi Tenggara,,0,Muna,,2014-02,0.01929257104178058,2,0.01929257104178058,VIIRS DNB,nW/cm2/sr,2014,"{""type"":""MultiPoint"",""coordinates"":[]}"
1_0000000000000000000f,BA03050040,,,,,,,74.13,74,818.701593571,TASWIL5000020230907KABKOTA,Muna Barat,,0.0667415576998,2.65906981122,4326,4,,,Muna Barat,Sulawesi Tenggara,,0,Muna,,2014-02,0.07964995982490548,2,0.07964995982490548,VIIRS DNB,nW/cm2/sr,2014,"{""type"":""MultiPoint"",""coordinates"":[]}"
1_00000000000000000013,BA03050040,,,,,,,74.13,74,0.273099429049,TASWIL5000020230907KABKOTA,Muna Barat,Wilayah terapung,2.22679841875E-5,0.0295594995644,4326,4,,,Muna Barat,Sulawesi Tenggara,,0,Muna,,2014-02,0.08020447308890226,2,0.08020447308890226,VIIRS DNB,nW/cm2/sr,2014,"{""type"":""MultiPoint"",""coordinates"":[]}"
1_00000000000000000014,BA03050040,,,,,,,74.10,74,0.0480497061255,TASWIL5000020230907KABKOTA,Buton Utara,Wilayah terapung,3.9169026899E-6,0.0168384250334,4326,4,,,Buton Utara,Sulawesi Tenggara,,0,Muna,,2014-02,0.5283235907554626,2,0.5283235907554626,VIIRS DNB,nW/cm2/sr,2014,"{""type"":""MultiPoint"",""coordinates"":[]}"
2_00000000000000000001,BA03050040,,,,,,,74.04,74,1669.32863016,TASWIL5000020230907KABKOTA,Buton,,0.136188299866,3.04087674144,4326,4,,,Buton,Sulawesi Tenggara,,0,,,2014-03,0.11947517299512218,3,0.11947517299512218,VIIRS DNB,nW/cm2/sr,2014,"{""type"":""MultiPoint"",""coordinates"":[]}"
2_00000000000000000005,BA03050040,,,,,,,74.01,74,2958.9208572,TASWIL5000020230907KABKOTA,Kolaka,,0.240980839474,5.39527306777,4326,4,,,Kolaka,Sulawesi Tenggara,,0,,,2014-03,0.16617557533749333,3,0.16617557533749333,VIIRS DNB,nW/cm2/sr,2014,"{""type"":""MultiPoint"",""coordinates"":[]}"
2_00000000000000000008,BA03050040,,,,,,,74.02,74,5351.85263389,TASWIL5000020230907KABKOTA,Konawe,,0.435602118514,6.84601568998,4326,4,,,Konawe,Sulawesi Tenggara,,0,,,2014-03,0.17449116456953886,3,0.17449116456953886,VIIRS DNB,nW/cm2/sr,2014,"{""type"":""MultiPoint"",""coordinates"":[]}"
2_0000000000000000000e,BA03050040,,,,,,,74.03,74,1858.09481163,TASWIL5000020230907KABKOTA,Muna,,0.151502694674,5.32849464874,4326,4,,,Muna,Sulawesi Tenggara,,0,,,2014-03,0.12379970328746137,3,0.12379970328746137,VIIRS DNB,nW/cm2/sr,2014,"{""type"":""MultiPoint"",""coordinates"":[]}"
2_00000000000000000015,BA03050040,,,,,,,74.03,74,0.17024708351,TASWIL5000020230907KABKOTA,Muna,Wilayah terapung,1.38839187565E-5,0.039960941818,4326,4,,,Muna,Sulawesi Tenggara,,0,,,2014-03,0.09041506567743815,3,0.09041506567743815,VIIRS DNB,nW/cm2/sr,2014,"{""type"":""MultiPoint"",""coordinates"":[]}"
2_00000000000000000016,BA03050040,,,,,,,74.04,74,0.188157250699,TASWIL5000020230907KABKOTA,Buton,Wilayah terapung,1.53526521797E-5,0.0397338812277,4326,4,,,Buton,Sulawesi Tenggara,,0,,,2014-03,0.2271914205149464,3,0.2271914205149464,VIIRS DNB,nW/cm2/sr,2014,"{""type"":""MultiPoint"",""coordinates"":[]}"
2_00000000000000000000,BA03050040,,,,,,,74.06,74,3293.96639913,TASWIL5000020230907KABKOTA,Bombana,,0.268524880662,5.47167246052,4326,4,,,Bombana,Sulawesi Tenggara,,0,Buton,,2014-03,0.1953233188446228,3,0.1953233188446228,VIIRS DNB,nW/cm2/sr,2014,"{""type"":""MultiPoint"",""coordinates"":[]}"
2_00000000000000000002,BA03050040,,,,,,,74.15,74,517.631463505,TASWIL5000020230907KABKOTA,Buton Selatan,,0.042249508051,1.85498741345,4326,4,,,Buton Selatan,Sulawesi Tenggara,,0,Buton,,2014-03,0.09066334863353105,3,0.09066334863353105,VIIRS DNB,nW/cm2/sr,2014,"{""type"":""MultiPoint"",""coordinates"":[]}"
2_00000000000000000003,BA03050040,,,,,,,74.14,74,836.955797791,TASWIL5000020230907KABKOTA,Buton Tengah,,0.0682810706644,2.98412837401,4326,4,,,Buton Tengah,Sulawesi Tenggara,,0,Buton,,2014-03,0.11443695453158491,3,0.11443695453158491,VIIRS DNB,nW/cm2/sr,2014,"{""type"":""MultiPoint"",""coordinates"":[]}"
2_0000000000000000000c,BA03050040,,,,,,,74.72,74,294.137423231,TASWIL5000020230907KABKOTA,Kota Bau Bau,,0.0240007870008,0.955179337168,4326,5,,,Kota Bau Bau,Sulawesi Tenggara,,0,Buton,,2014-03,0.4450664455682931,3,0.4450664455682931,VIIRS DNB,nW/cm2/sr,2014,"{""type"":""MultiPoint"",""coordinates"":[]}"
2_00000000000000000010,BA03050040,,,,,,,74.07,74,450.455914283,TASWIL5000020230907KABKOTA,Wakatobi,,0.0367648905913,3.71804674371,4326,4,,,Wakatobi,Sulawesi Tenggara,,0,Buton,,2014-03,0.17557344242939515,3,0.17557344242939515,VIIRS DNB,nW/cm2/sr,2014,"{""type"":""MultiPoint"",""coordinates"":[]}"
2_00000000000000000011,BA03050040,,,,,,,74.07,74,0.253355482028,TASWIL5000020230907KABKOTA,Wakatobi,Wilayah terapung,2.06703594498E-5,0.0291924563304,4326,4,,,Wakatobi,Sulawesi Tenggara,,0,Buton,,2014-03,1.5165627825167753,3,1.5165627825167753,VIIRS DNB,nW/cm2/sr,2014,"{""type"":""MultiPoint"",""coordinates"":[]}"
2_00000000000000000012,BA03050040,,,,,,,74.07,74,4.12006083394,TASWIL5000020230907KABKOTA,Wakatobi,Wilayah terapung,3.36232999688E-4,0.124432278786,4326,4,,,Wakatobi,Sulawesi Tenggara,,0,Buton,,2014-03,0.1193523262370414,3,0.1193523262370414,VIIRS DNB,nW/cm2/sr,2014,"{""type"":""MultiPoint"",""coordinates"":[]}"
2_0000000000000000000a,BA03050040,,,,,,,74.05,74,4237.74051506,TASWIL5000020230907KABKOTA,Konawe Selatan,,0.345208073275,5.59324280043,4326,4,,,Konawe Selatan,Sulawesi Tenggara,,0,Kendari,,2014-03,0.16309403855142113,3,0.16309403855142113,VIIRS DNB,nW/cm2/sr,2014,"{""type"":""MultiPoint"",""coordinates"":[]}"
2_0000000000000000000d,BA03050040,,,,,,,74.71,74,265.790696582,TASWIL5000020230907KABKOTA,Kota Kendari,,0.0216443348271,1.21929531969,4326,5,,,Kota Kendari,Sulawesi Tenggara,,0,Kendari,,2014-03,1.5930464867546412,3,1.5930464867546412,VIIRS DNB,nW/cm2/sr,2014,"{""type"":""MultiPoint"",""coordinates"":[]}"
2_00000000000000000006,BA03050040,,,,,,,74.11,74,3992.53107078,TASWIL5000020230907KABKOTA,Kolaka Timur,,0.325055960897,4.62416724675,4326,4,,,Kolaka Timur,Sulawesi Tenggara,,0,Kolaka,,2014-03,0.11723011994401919,3,0.11723011994401919,VIIRS DNB,nW/cm2/sr,2014,"{""type"":""MultiPoint"",""coordinates"":[]}"
2_00000000000000000007,BA03050040,,,,,,,74.08,74,2932.25192061,TASWIL5000020230907KABKOTA,Kolaka Utara,,0.238597308701,3.90865020949,4326,4,,,Kolaka Utara,Sulawesi Tenggara,,0,Kolaka,,2014-03,0.06741331754557556,3,0.06741331754557556,VIIRS DNB,nW/cm2/sr,2014,"{""type"":""MultiPoint"",""coordinates"":[]}"
2_00000000000000000009,BA03050040,,,,,,,74.12,74,705.711010277,TASWIL5000020230907KABKOTA,Konawe Kepulauan,,0.0574768178025,1.17136047971,4326,4,,,Konawe Kepulauan,Sulawesi Tenggara,,0,Konawe,,2014-03,0.13590100456294107,3,0.13590100456294107,VIIRS DNB,nW/cm2/sr,2014,"{""type"":""MultiPoint"",""coordinates"":[]}"
2_0000000000000000000b,BA03050040,,,,,,,74.09,74,4219.81180817,TASWIL5000020230907KABKOTA,Konawe Utara,,0.343408045869,6.15591332033,4326,4,,,Konawe Utara,Sulawesi Tenggara,,0,Konawe,,2014-03,0.11073602102393709,3,0.11073602102393709,VIIRS DNB,nW/cm2/sr,2014,"{""type"":""MultiPoint"",""coordinates"":[]}"
2_00000000000000000004,BA03050040,,,,,,,74.10,74,1755.8292261,TASWIL5000020230907KABKOTA,Buton Utara,,0.143115018242,4.67921811895,4326,4,,,Buton Utara,Sulawesi Tenggara,,0,Muna,,2014-03,0.09988522465617801,3,0.09988522465617801,VIIRS DNB,nW/cm2/sr,2014,"{""type"":""MultiPoint"",""coordinates"":[]}"
2_0000000000000000000f,BA03050040,,,,,,,74.13,74,818.701593571,TASWIL5000020230907KABKOTA,Muna Barat,,0.0667415576998,2.65906981122,4326,4,,,Muna Barat,Sulawesi Tenggara,,0,Muna,,2014-03,0.09758264940209847,3,0.09758264940209847,VIIRS DNB,nW/cm2/sr,2014,"{""type"":""MultiPoint"",""coordinates"":[]}"
2_00000000000000000013,BA03050040,,,,,,,74.13,74,0.273099429049,TASWIL5000020230907KABKOTA,Muna Barat,Wilayah terapung,2.22679841875E-5,0.0295594995644,4326,4,,,Muna Barat,Sulawesi Tenggara,,0,Muna,,2014-03,0.08102995622566891,3,0.08102995622566891,VIIRS DNB,nW/cm2/sr,2014,"{""type"":""MultiPoint"",""coordinates"":[]}"
2_00000000000000000014,BA03050040,,,,,,,74.10,74,0.0480497061255,TASWIL5000020230907KABKOTA,Buton Utara,Wilayah terapung,3.9169026899E-6,0.0168384250334,4326,4,,,Buton Utara,Sulawesi Tenggara,,0,Muna,,2014-03,0.48240871088845394,3,0.48240871088845394,VIIRS DNB,nW/cm2/sr,2014,"{""type"":""MultiPoint"",""coordinates"":[]}"
3_00000000000000000001,BA03050040,,,,,,,74.04,74,1669.32863016,TASWIL5000020230907KABKOTA,Buton,,0.136188299866,3.04087674144,4326,4,,,Buton,Sulawesi Tenggara,,0,,,2014-04,0.1262139614275753,4,0.1262139614275753,VIIRS DNB,nW/cm2/sr,2014,"{""type"":""MultiPoint"",""coordinates"":[]}"
3_00000000000000000005,BA03050040,,,,,,,74.01,74,2958.9208572,TASWIL5000020230907KABKOTA,Kolaka,,0.240980839474,5.39527306777,4326,4,,,Kolaka,Sulawesi Tenggara,,0,,,2014-04,0.17351364611077677,4,0.17351364611077677,VIIRS DNB,nW/cm2/sr,2014,"{""type"":""MultiPoint"",""coordinates"":[]}"
3_00000000000000000008,BA03050040,,,,,,,74.02,74,5351.85263389,TASWIL5000020230907KABKOTA,Konawe,,0.435602118514,6.84601568998,4326,4,,,Konawe,Sulawesi Tenggara,,0,,,2014-04,0.16115571051287358,4,0.16115571051287358,VIIRS DNB,nW/cm2/sr,2014,"{""type"":""MultiPoint"",""coordinates"":[]}"
3_0000000000000000000e,BA03050040,,,,,,,74.03,74,1858.09481163,TASWIL5000020230907KABKOTA,Muna,,0.151502694674,5.32849464874,4326,4,,,Muna,Sulawesi Tenggara,,0,,,2014-04,0.13787220528530789,4,0.13787220528530789,VIIRS DNB,nW/cm2/sr,2014,"{""type"":""MultiPoint"",""coordinates"":[]}"
3_00000000000000000015,BA03050040,,,,,,,74.03,74,0.17024708351,TASWIL5000020230907KABKOTA,Muna,Wilayah terapung,1.38839187565E-5,0.039960941818,4326,4,,,Muna,Sulawesi Tenggara,,0,,,2014-04,0.15495634996305307,4,0.15495634996305307,VIIRS DNB,nW/cm2/sr,2014,"{""type"":""MultiPoint"",""coordinates"":[]}"
3_00000000000000000016,BA03050040,,,,,,,74.04,74,0.188157250699,TASWIL5000020230907KABKOTA,Buton,Wilayah terapung,1.53526521797E-5,0.0397338812277,4326,4,,,Buton,Sulawesi Tenggara,,0,,,2014-04,0.18482706096509233,4,0.18482706096509233,VIIRS DNB,nW/cm2/sr,2014,"{""type"":""MultiPoint"",""coordinates"":[]}"
3_00000000000000000000,BA03050040,,,,,,,74.06,74,3293.96639913,TASWIL5000020230907KABKOTA,Bombana,,0.268524880662,5.47167246052,4326,4,,,Bombana,Sulawesi Tenggara,,0,Buton,,2014-04,0.14896671810291556,4,0.14896671810291556,VIIRS DNB,nW/cm2/sr,2014,"{""type"":""MultiPoint"",""coordinates"":[]}"
3_00000000000000000002,BA03050040,,,,,,,74.15,74,517.631463505,TASWIL5000020230907KABKOTA,Buton Selatan,,0.042249508051,1.85498741345,4326,4,,,Buton Selatan,Sulawesi Tenggara,,0,Buton,,2014-04,0.1433269531568707,4,0.1433269531568707,VIIRS DNB,nW/cm2/sr,2014,"{""type"":""MultiPoint"",""coordinates"":[]}"
3_00000000000000000003,BA03050040,,,,,,,74.14,74,836.955797791,TASWIL5000020230907KABKOTA,Buton Tengah,,0.0682810706644,2.98412837401,4326,4,,,Buton Tengah,Sulawesi Tenggara,,0,Buton,,2014-04,0.13202334890673778,4,0.13202334890673778,VIIRS DNB,nW/cm2/sr,2014,"{""type"":""MultiPoint"",""coordinates"":[]}"
3_0000000000000000000c,BA03050040,,,,,,,74.72,74,294.137423231,TASWIL5000020230907KABKOTA,Kota Bau Bau,,0.0240007870008,0.955179337168,4326,5,,,Kota Bau Bau,Sulawesi Tenggara,,0,Buton,,2014-04,0.563854221289213,4,0.563854221289213,VIIRS DNB,nW/cm2/sr,2014,"{""type"":""MultiPoint"",""coordinates"":[]}"
3_00000000000000000010,BA03050040,,,,,,,74.07,74,450.455914283,TASWIL5000020230907KABKOTA,Wakatobi,,0.0367648905913,3.71804674371,4326,4,,,Wakatobi,Sulawesi Tenggara,,0,Buton,,2014-04,0.22351335018404347,4,0.22351335018404347,VIIRS DNB,nW/cm2/sr,2014,"{""type"":""MultiPoint"",""coordinates"":[]}"
3_00000000000000000011,BA03050040,,,,,,,74.07,74,0.253355482028,TASWIL5000020230907KABKOTA,Wakatobi,Wilayah terapung,2.06703594498E-5,0.0291924563304,4326,4,,,Wakatobi,Sulawesi Tenggara,,0,Buton,,2014-04,1.234617210866869,4,1.234617210866869,VIIRS DNB,nW/cm2/sr,2014,"{""type"":""MultiPoint"",""coordinates"":[]}"
3_00000000000000000012,BA03050040,,,,,,,74.07,74,4.12006083394,TASWIL5000020230907KABKOTA,Wakatobi,Wilayah terapung,3.36232999688E-4,0.124432278786,4326,4,,,Wakatobi,Sulawesi Tenggara,,0,Buton,,2014-04,0.20238170742812242,4,0.20238170742812242,VIIRS DNB,nW/cm2/sr,2014,"{""type"":""MultiPoint"",""coordinates"":[]}"
3_0000000000000000000a,BA03050040,,,,,,,74.05,74,4237.74051506,TASWIL5000020230907KABKOTA,Konawe Selatan,,0.345208073275,5.59324280043,4326,4,,,Konawe Selatan,Sulawesi Tenggara,,0,Kendari,,2014-04,0.16385753702062109,4,0.16385753702062109,VIIRS DNB,nW/cm2/sr,2014,"{""type"":""MultiPoint"",""coordinates"":[]}"
3_0000000000000000000d,BA03050040,,,,,,,74.71,74,265.790696582,TASWIL5000020230907KABKOTA,Kota Kendari,,0.0216443348271,1.21929531969,4326,5,,,Kota Kendari,Sulawesi Tenggara,,0,Kendari,,2014-04,1.5844404529000184,4,1.5844404529000184,VIIRS DNB,nW/cm2/sr,2014,"{""type"":""MultiPoint"",""coordinates"":[]}"
3_00000000000000000006,BA03050040,,,,,,,74.11,74,3992.53107078,TASWIL5000020230907KABKOTA,Kolaka Timur,,0.325055960897,4.62416724675,4326,4,,,Kolaka Timur,Sulawesi Tenggara,,0,Kolaka,,2014-04,0.14055080532897182,4,0.14055080532897182,VIIRS DNB,nW/cm2/sr,2014,"{""type"":""MultiPoint"",""coordinates"":[]}"
3_00000000000000000007,BA03050040,,,,,,,74.08,74,2932.25192061,TASWIL5000020230907KABKOTA,Kolaka Utara,,0.238597308701,3.90865020949,4326,4,,,Kolaka Utara,Sulawesi Tenggara,,0,Kolaka,,2014-04,0.10227836325318883,4,0.10227836325318883,VIIRS DNB,nW/cm2/sr,2014,"{""type"":""MultiPoint"",""coordinates"":[]}"
3_00000000000000000009,BA03050040,,,,,,,74.12,74,705.711010277,TASWIL5000020230907KABKOTA,Konawe Kepulauan,,0.0574768178025,1.17136047971,4326,4,,,Konawe Kepulauan,Sulawesi Tenggara,,0,Konawe,,2014-04,0.1390761323423829,4,0.1390761323423829,VIIRS DNB,nW/cm2/sr,2014,"{""type"":""MultiPoint"",""coordinates"":[]}"
3_0000000000000000000b,BA03050040,,,,,,,74.09,74,4219.81180817,TASWIL5000020230907KABKOTA,Konawe Utara,,0.343408045869,6.15591332033,4326,4,,,Konawe Utara,Sulawesi Tenggara,,0,Konawe,,2014-04,0.13991632888493297,4,0.13991632888493297,VIIRS DNB,nW/cm2/sr,2014,"{""type"":""MultiPoint"",""coordinates"":[]}"
3_00000000000000000004,BA03050040,,,,,,,74.10,74,1755.8292261,TASWIL5000020230907KABKOTA,Buton Utara,,0.143115018242,4.67921811895,4326,4,,,Buton Utara,Sulawesi Tenggara,,0,Muna,,2014-04,0.13649210077140927,4,0.13649210077140927,VIIRS DNB,nW/cm2/sr,2014,"{""type"":""MultiPoint"",""coordinates"":[]}"
3_0000000000000000000f,BA03050040,,,,,,,74.13,74,818.701593571,TASWIL5000020230907KABKOTA,Muna Barat,,0.0667415576998,2.65906981122,4326,4,,,Muna Barat,Sulawesi Tenggara,,0,Muna,,2014-04,0.1259723568043731,4,0.1259723568043731,VIIRS DNB,nW/cm2/sr,2014,"{""type"":""MultiPoint"",""coordinates"":[]}"
3_00000000000000000013,BA03050040,,,,,,,74.13,74,0.273099429049,TASWIL5000020230907KABKOTA,Muna Barat,Wilayah terapung,2.22679841875E-5,0.0295594995644,4326,4,,,Muna Barat,Sulawesi Tenggara,,0,Muna,,2014-04,0.1889092313522466,4,0.1889092313522466,VIIRS DNB,nW/cm2/sr,2014,"{""type"":""MultiPoint"",""coordinates"":[]}"
3_00000000000000000014,BA03050040,,,,,,,74.10,74,0.0480497061255,TASWIL5000020230907KABKOTA,Buton Utara,Wilayah terapung,3.9169026899E-6,0.0168384250334,4326,4,,,Buton Utara,Sulawesi Tenggara,,0,Muna,,2014-04,0.41330178294863024,4,0.41330178294863024,VIIRS DNB,nW/cm2/sr,2014,"{""type"":""MultiPoint"",""coordinates"":[]}"
4_00000000000000000001,BA03050040,,,,,,,74.04,74,1669.32863016,TASWIL5000020230907KABKOTA,Buton,,0.136188299866,3.04087674144,4326,4,,,Buton,Sulawesi Tenggara,,0,,,2014-05,-0.004995481663791647,5,-0.004995481663791647,VIIRS DNB,nW/cm2/sr,2014,"{""type"":""MultiPoint"",""coordinates"":[]}"
4_00000000000000000005,BA03050040,,,,,,,74.01,74,2958.9208572,TASWIL5000020230907KABKOTA,Kolaka,,0.240980839474,5.39527306777,4326,4,,,Kolaka,Sulawesi Tenggara,,0,,,2014-05,0.06558206580735086,5,0.06558206580735086,VIIRS DNB,nW/cm2/sr,2014,"{""type"":""MultiPoint"",""coordinates"":[]}"
4_00000000000000000008,BA03050040,,,,,,,74.02,74,5351.85263389,TASWIL5000020230907KABKOTA,Konawe,,0.435602118514,6.84601568998,4326,4,,,Konawe,Sulawesi Tenggara,,0,,,2014-05,0.07003892183279375,5,0.07003892183279375,VIIRS DNB,nW/cm2/sr,2014,"{""type"":""MultiPoint"",""coordinates"":[]}"
4_0000000000000000000e,BA03050040,,,,,,,74.03,74,1858.09481163,TASWIL5000020230907KABKOTA,Muna,,0.151502694674,5.32849464874,4326,4,,,Muna,Sulawesi Tenggara,,0,,,2014-05,0.020214429281880233,5,0.020214429281880233,VIIRS DNB,nW/cm2/sr,2014,"{""type"":""MultiPoint"",""coordinates"":[]}"
4_00000000000000000015,BA03050040,,,,,,,74.03,74,0.17024708351,TASWIL5000020230907KABKOTA,Muna,Wilayah terapung,1.38839187565E-5,0.039960941818,4326,4,,,Muna,Sulawesi Tenggara,,0,,,2014-05,-0.0033459356323831966,5,-0.0033459356323831966,VIIRS DNB,nW/cm2/sr,2014,"{""type"":""MultiPoint"",""coordinates"":[]}"
4_00000000000000000016,BA03050040,,,,,,,74.04,74,0.188157250699,TASWIL5000020230907KABKOTA,Buton,Wilayah terapung,1.53526521797E-5,0.0397338812277,4326,4,,,Buton,Sulawesi Tenggara,,0,,,2014-05,0.10209367614563394,5,0.10209367614563394,VIIRS DNB,nW/cm2/sr,2014,"{""type"":""MultiPoint"",""coordinates"":[]}"
4_00000000000000000000,BA03050040,,,,,,,74.06,74,3293.96639913,TASWIL5000020230907KABKOTA,Bombana,,0.268524880662,5.47167246052,4326,4,,,Bombana,Sulawesi Tenggara,,0,Buton,,2014-05,-0.011244814883003136,5,-0.011244814883003136,VIIRS DNB,nW/cm2/sr,2014,"{""type"":""MultiPoint"",""coordinates"":[]}"
4_00000000000000000002,BA03050040,,,,,,,74.15,74,517.631463505,TASWIL5000020230907KABKOTA,Buton Selatan,,0.042249508051,1.85498741345,4326,4,,,Buton Selatan,Sulawesi Tenggara,,0,Buton,,2014-05,-0.010392507307723437,5,-0.010392507307723437,VIIRS DNB,nW/cm2/sr,2014,"{""type"":""MultiPoint"",""coordinates"":[]}"
4_00000000000000000003,BA03050040,,,,,,,74.14,74,836.955797791,TASWIL5000020230907KABKOTA,Buton Tengah,,0.0682810706644,2.98412837401,4326,4,,,Buton Tengah,Sulawesi Tenggara,,0,Buton,,2014-05,-0.007722132253584689,5,-0.007722132253584689,VIIRS DNB,nW/cm2/sr,2014,"{""type"":""MultiPoint"",""coordinates"":[]}"
4_0000000000000000000c,BA03050040,,,,,,,74.72,74,294.137423231,TASWIL5000020230907KABKOTA,Kota Bau Bau,,0.0240007870008,0.955179337168,4326,5,,,Kota Bau Bau,Sulawesi Tenggara,,0,Buton,,2014-05,0.39331492748779584,5,0.39331492748779584,VIIRS DNB,nW/cm2/sr,2014,"{""type"":""MultiPoint"",""coordinates"":[]}"
4_00000000000000000010,BA03050040,,,,,,,74.07,74,450.455914283,TASWIL5000020230907KABKOTA,Wakatobi,,0.0367648905913,3.71804674371,4326,4,,,Wakatobi,Sulawesi Tenggara,,0,Buton,,2014-05,0.05074773621366503,5,0.05074773621366503,VIIRS DNB,nW/cm2/sr,2014,"{""type"":""MultiPoint"",""coordinates"":[]}"
4_00000000000000000011,BA03050040,,,,,,,74.07,74,0.253355482028,TASWIL5000020230907KABKOTA,Wakatobi,Wilayah terapung,2.06703594498E-5,0.0291924563304,4326,4,,,Wakatobi,Sulawesi Tenggara,,0,Buton,,2014-05,1.4784786855989647,5,1.4784786855989647,VIIRS DNB,nW/cm2/sr,2014,"{""type"":""MultiPoint"",""coordinates"":[]}"
4_00000000000000000012,BA03050040,,,,,,,74.07,74,4.12006083394,TASWIL5000020230907KABKOTA,Wakatobi,Wilayah terapung,3.36232999688E-4,0.124432278786,4326,4,,,Wakatobi,Sulawesi Tenggara,,0,Buton,,2014-05,5.420570259021081E-4,5,5.420570259021081E-4,VIIRS DNB,nW/cm2/sr,2014,"{""type"":""MultiPoint"",""coordinates"":[]}"
4_0000000000000000000a,BA03050040,,,,,,,74.05,74,4237.74051506,TASWIL5000020230907KABKOTA,Konawe Selatan,,0.345208073275,5.59324280043,4326,4,,,Konawe Selatan,Sulawesi Tenggara,,0,Kendari,,2014-05,0.05597731201670072,5,0.05597731201670072,VIIRS DNB,nW/cm2/sr,2014,"{""type"":""MultiPoint"",""coordinates"":[]}"
4_0000000000000000000d,BA03050040,,,,,,,74.71,74,265.790696582,TASWIL5000020230907KABKOTA,Kota Kendari,,0.0216443348271,1.21929531969,4326,5,,,Kota Kendari,Sulawesi Tenggara,,0,Kendari,,2014-05,1.7313415658158204,5,1.7313415658158204,VIIRS DNB,nW/cm2/sr,2014,"{""type"":""MultiPoint"",""coordinates"":[]}"
4_00000000000000000006,BA03050040,,,,,,,74.11,74,3992.53107078,TASWIL5000020230907KABKOTA,Kolaka Timur,,0.325055960897,4.62416724675,4326,4,,,Kolaka Timur,Sulawesi Tenggara,,0,Kolaka,,2014-05,0.04973883519794421,5,0.04973883519794421,VIIRS DNB,nW/cm2/sr,2014,"{""type"":""MultiPoint"",""coordinates"":[]}"
4_00000000000000000007,BA03050040,,,,,,,74.08,74,2932.25192061,TASWIL5000020230907KABKOTA,Kolaka Utara,,0.238597308701,3.90865020949,4326,4,,,Kolaka Utara,Sulawesi Tenggara,,0,Kolaka,,2014-05,0.1388113432061326,5,0.1388113432061326,VIIRS DNB,nW/cm2/sr,2014,"{""type"":""MultiPoint"",""coordinates"":[]}"
4_00000000000000000009,BA03050040,,,,,,,74.12,74,705.711010277,TASWIL5000020230907KABKOTA,Konawe Kepulauan,,0.0574768178025,1.17136047971,4326,4,,,Konawe Kepulauan,Sulawesi Tenggara,,0,Konawe,,2014-05,0.008035689102135661,5,0.008035689102135661,VIIRS DNB,nW/cm2/sr,2014,"{""type"":""MultiPoint"",""coordinates"":[]}"
4_0000000000000000000b,BA03050040,,,,,,,74.09,74,4219.81180817,TASWIL5000020230907KABKOTA,Konawe Utara,,0.343408045869,6.15591332033,4326,4,,,Konawe Utara,Sulawesi Tenggara,,0,Konawe,,2014-05,0.059382704108006376,5,0.059382704108006376,VIIRS DNB,nW/cm2/sr,2014,"{""type"":""MultiPoint"",""coordinates"":[]}"
4_00000000000000000004,BA03050040,,,,,,,74.10,74,1755.8292261,TASWIL5000020230907KABKOTA,Buton Utara,,0.143115018242,4.67921811895,4326,4,,,Buton Utara,Sulawesi Tenggara,,0,Muna,,2014-05,-0.004695510606895091,5,-0.004695510606895091,VIIRS DNB,nW/cm2/sr,2014,"{""type"":""MultiPoint"",""coordinates"":[]}"
4_0000000000000000000f,BA03050040,,,,,,,74.13,74,818.701593571,TASWIL5000020230907KABKOTA,Muna Barat,,0.0667415576998,2.65906981122,4326,4,,,Muna Barat,Sulawesi Tenggara,,0,Muna,,2014-05,0.005419288862856443,5,0.005419288862856443,VIIRS DNB,nW/cm2/sr,2014,"{""type"":""MultiPoint"",""coordinates"":[]}"
4_00000000000000000013,BA03050040,,,,,,,74.13,74,0.273099429049,TASWIL5000020230907KABKOTA,Muna Barat,Wilayah terapung,2.22679841875E-5,0.0295594995644,4326,4,,,Muna Barat,Sulawesi Tenggara,,0,Muna,,2014-05,-0.029374879001495203,5,-0.029374879001495203,VIIRS DNB,nW/cm2/sr,2014,"{""type"":""MultiPoint"",""coordinates"":[]}"
4_00000000000000000014,BA03050040,,,,,,,74.10,74,0.0480497061255,TASWIL5000020230907KABKOTA,Buton Utara,Wilayah terapung,3.9169026899E-6,0.0168384250334,4326,4,,,Buton Utara,Sulawesi Tenggara,,0,Muna,,2014-05,0.14599735076938358,5,0.14599735076938358,VIIRS DNB,nW/cm2/sr,2014,"{""type"":""MultiPoint"",""coordinates"":[]}"
5_00000000000000000001,BA03050040,,,,,,,74.04,74,1669.32863016,TASWIL5000020230907KABKOTA,Buton,,0.136188299866,3.04087674144,4326,4,,,Buton,Sulawesi Tenggara,,0,,,2014-06,-0.054711275768022954,6,-0.054711275768022954,VIIRS DNB,nW/cm2/sr,2014,"{""type"":""MultiPoint"",""coordinates"":[]}"
5_00000000000000000005,BA03050040,,,,,,,74.01,74,2958.9208572,TASWIL5000020230907KABKOTA,Kolaka,,0.240980839474,5.39527306777,4326,4,,,Kolaka,Sulawesi Tenggara,,0,,,2014-06,0.02825757972959273,6,0.02825757972959273,VIIRS DNB,nW/cm2/sr,2014,"{""type"":""MultiPoint"",""coordinates"":[]}"
5_00000000000000000008,BA03050040,,,,,,,74.02,74,5351.85263389,TASWIL5000020230907KABKOTA,Konawe,,0.435602118514,6.84601568998,4326,4,,,Konawe,Sulawesi Tenggara,,0,,,2014-06,0.009850031137004436,6,0.009850031137004436,VIIRS DNB,nW/cm2/sr,2014,"{""type"":""MultiPoint"",""coordinates"":[]}"
5_0000000000000000000e,BA03050040,,,,,,,74.03,74,1858.09481163,TASWIL5000020230907KABKOTA,Muna,,0.151502694674,5.32849464874,4326,4,,,Muna,Sulawesi Tenggara,,0,,,2014-06,-0.036386951868801816,6,-0.036386951868801816,VIIRS DNB,nW/cm2/sr,2014,"{""type"":""MultiPoint"",""coordinates"":[]}"
5_00000000000000000015,BA03050040,,,,,,,74.03,74,0.17024708351,TASWIL5000020230907KABKOTA,Muna,Wilayah terapung,1.38839187565E-5,0.039960941818,4326,4,,,Muna,Sulawesi Tenggara,,0,,,2014-06,-0.023549446620779232,6,-0.023549446620779232,VIIRS DNB,nW/cm2/sr,2014,"{""type"":""MultiPoint"",""coordinates"":[]}"
5_00000000000000000016,BA03050040,,,,,,,74.04,74,0.188157250699,TASWIL5000020230907KABKOTA,Buton,Wilayah terapung,1.53526521797E-5,0.0397338812277,4326,4,,,Buton,Sulawesi Tenggara,,0,,,2014-06,0.05836670839673152,6,0.05836670839673152,VIIRS DNB,nW/cm2/sr,2014,"{""type"":""MultiPoint"",""coordinates"":[]}"
5_00000000000000000000,BA03050040,,,,,,,74.06,74,3293.96639913,TASWIL5000020230907KABKOTA,Bombana,,0.268524880662,5.47167246052,4326,4,,,Bombana,Sulawesi Tenggara,,0,Buton,,2014-06,-0.0627343120421409,6,-0.0627343120421409,VIIRS DNB,nW/cm2/sr,2014,"{""type"":""MultiPoint"",""coordinates"":[]}"
5_00000000000000000002,BA03050040,,,,,,,74.15,74,517.631463505,TASWIL5000020230907KABKOTA,Buton Selatan,,0.042249508051,1.85498741345,4326,4,,,Buton Selatan,Sulawesi Tenggara,,0,Buton,,2014-06,-0.054984395805898915,6,-0.054984395805898915,VIIRS DNB,nW/cm2/sr,2014,"{""type"":""MultiPoint"",""coordinates"":[]}"
5_00000000000000000003,BA03050040,,,,,,,74.14,74,836.955797791,TASWIL5000020230907KABKOTA,Buton Tengah,,0.0682810706644,2.98412837401,4326,4,,,Buton Tengah,Sulawesi Tenggara,,0,Buton,,2014-06,-0.06831179941886281,6,-0.06831179941886281,VIIRS DNB,nW/cm2/sr,2014,"{""type"":""MultiPoint"",""coordinates"":[]}"
5_0000000000000000000c,BA03050040,,,,,,,74.72,74,294.137423231,TASWIL5000020230907KABKOTA,Kota Bau Bau,,0.0240007870008,0.955179337168,4326,5,,,Kota Bau Bau,Sulawesi Tenggara,,0,Buton,,2014-06,0.3621624936869082,6,0.3621624936869082,VIIRS DNB,nW/cm2/sr,2014,"{""type"":""MultiPoint"",""coordinates"":[]}"
5_00000000000000000010,BA03050040,,,,,,,74.07,74,450.455914283,TASWIL5000020230907KABKOTA,Wakatobi,,0.0367648905913,3.71804674371,4326,4,,,Wakatobi,Sulawesi Tenggara,,0,Buton,,2014-06,0.016974908251885443,6,0.016974908251885443,VIIRS DNB,nW/cm2/sr,2014,"{""type"":""MultiPoint"",""coordinates"":[]}"
5_00000000000000000011,BA03050040,,,,,,,74.07,74,0.253355482028,TASWIL5000020230907KABKOTA,Wakatobi,Wilayah terapung,2.06703594498E-5,0.0291924563304,4326,4,,,Wakatobi,Sulawesi Tenggara,,0,Buton,,2014-06,1.1922146145456523,6,1.1922146145456523,VIIRS DNB,nW/cm2/sr,2014,"{""type"":""MultiPoint"",""coordinates"":[]}"
5_00000000000000000012,BA03050040,,,,,,,74.07,74,4.12006083394,TASWIL5000020230907KABKOTA,Wakatobi,Wilayah terapung,3.36232999688E-4,0.124432278786,4326,4,,,Wakatobi,Sulawesi Tenggara,,0,Buton,,2014-06,-0.07895330346503555,6,-0.07895330346503555,VIIRS DNB,nW/cm2/sr,2014,"{""type"":""MultiPoint"",""coordinates"":[]}"
5_0000000000000000000a,BA03050040,,,,,,,74.05,74,4237.74051506,TASWIL5000020230907KABKOTA,Konawe Selatan,,0.345208073275,5.59324280043,4326,4,,,Konawe Selatan,Sulawesi Tenggara,,0,Kendari,,2014-06,-0.014226367208798845,6,-0.014226367208798845,VIIRS DNB,nW/cm2/sr,2014,"{""type"":""MultiPoint"",""coordinates"":[]}"
5_0000000000000000000d,BA03050040,,,,,,,74.71,74,265.790696582,TASWIL5000020230907KABKOTA,Kota Kendari,,0.0216443348271,1.21929531969,4326,5,,,Kota Kendari,Sulawesi Tenggara,,0,Kendari,,2014-06,1.3071977688471361,6,1.3071977688471361,VIIRS DNB,nW/cm2/sr,2014,"{""type"":""MultiPoint"",""coordinates"":[]}"
5_00000000000000000006,BA03050040,,,,,,,74.11,74,3992.53107078,TASWIL5000020230907KABKOTA,Kolaka Timur,,0.325055960897,4.62416724675,4326,4,,,Kolaka Timur,Sulawesi Tenggara,,0,Kolaka,,2014-06,-0.0069657986931737975,6,-0.0069657986931737975,VIIRS DNB,nW/cm2/sr,2014,"{""type"":""MultiPoint"",""coordinates"":[]}"
5_00000000000000000007,BA03050040,,,,,,,74.08,74,2932.25192061,TASWIL5000020230907KABKOTA,Kolaka Utara,,0.238597308701,3.90865020949,4326,4,,,Kolaka Utara,Sulawesi Tenggara,,0,Kolaka,,2014-06,-0.05189783233682346,6,-0.05189783233682346,VIIRS DNB,nW/cm2/sr,2014,"{""type"":""MultiPoint"",""coordinates"":[]}"
5_00000000000000000009,BA03050040,,,,,,,74.12,74,705.711010277,TASWIL5000020230907KABKOTA,Konawe Kepulauan,,0.0574768178025,1.17136047971,4326,4,,,Konawe Kepulauan,Sulawesi Tenggara,,0,Konawe,,2014-06,-0.04544110332904635,6,-0.04544110332904635,VIIRS DNB,nW/cm2/sr,2014,"{""type"":""MultiPoint"",""coordinates"":[]}"
5_0000000000000000000b,BA03050040,,,,,,,74.09,74,4219.81180817,TASWIL5000020230907KABKOTA,Konawe Utara,,0.343408045869,6.15591332033,4326,4,,,Konawe Utara,Sulawesi Tenggara,,0,Konawe,,2014-06,0.006481238417842185,6,0.006481238417842185,VIIRS DNB,nW/cm2/sr,2014,"{""type"":""MultiPoint"",""coordinates"":[]}"
5_00000000000000000004,BA03050040,,,,,,,74.10,74,1755.8292261,TASWIL5000020230907KABKOTA,Buton Utara,,0.143115018242,4.67921811895,4326,4,,,Buton Utara,Sulawesi Tenggara,,0,Muna,,2014-06,-0.05756407118107624,6,-0.05756407118107624,VIIRS DNB,nW/cm2/sr,2014,"{""type"":""MultiPoint"",""coordinates"":[]}"
5_0000000000000000000f,BA03050040,,,,,,,74.13,74,818.701593571,TASWIL5000020230907KABKOTA,Muna Barat,,0.0667415576998,2.65906981122,4326,4,,,Muna Barat,Sulawesi Tenggara,,0,Muna,,2014-06,-0.05365473487458558,6,-0.05365473487458558,VIIRS DNB,nW/cm2/sr,2014,"{""type"":""MultiPoint"",""coordinates"":[]}"
5_00000000000000000013,BA03050040,,,,,,,74.13,74,0.273099429049,TASWIL5000020230907KABKOTA,Muna Barat,Wilayah terapung,2.22679841875E-5,0.0295594995644,4326,4,,,Muna Barat,Sulawesi Tenggara,,0,Muna,,2014-06,-0.05787217283507115,6,-0.05787217283507115,VIIRS DNB,nW/cm2/sr,2014,"{""type"":""MultiPoint"",""coordinates"":[]}"
5_00000000000000000014,BA03050040,,,,,,,74.10,74,0.0480497061255,TASWIL5000020230907KABKOTA,Buton Utara,Wilayah terapung,3.9169026899E-6,0.0168384250334,4326,4,,,Buton Utara,Sulawesi Tenggara,,0,Muna,,2014-06,0.2056090512445995,6,0.2056090512445995,VIIRS DNB,nW/cm2/sr,2014,"{""type"":""MultiPoint"",""coordinates"":[]}"
6_00000000000000000001,BA03050040,,,,,,,74.04,74,1669.32863016,TASWIL5000020230907KABKOTA,Buton,,0.136188299866,3.04087674144,4326,4,,,Buton,Sulawesi Tenggara,,0,,,2014-07,-0.03112148749484922,7,-0.03112148749484922,VIIRS DNB,nW/cm2/sr,2014,"{""type"":""MultiPoint"",""coordinates"":[]}"
6_00000000000000000005,BA03050040,,,,,,,74.01,74,2958.9208572,TASWIL5000020230907KABKOTA,Kolaka,,0.240980839474,5.39527306777,4326,4,,,Kolaka,Sulawesi Tenggara,,0,,,2014-07,0.023443408000779507,7,0.023443408000779507,VIIRS DNB,nW/cm2/sr,2014,"{""type"":""MultiPoint"",""coordinates"":[]}"
6_00000000000000000008,BA03050040,,,,,,,74.02,74,5351.85263389,TASWIL5000020230907KABKOTA,Konawe,,0.435602118514,6.84601568998,4326,4,,,Konawe,Sulawesi Tenggara,,0,,,2014-07,-0.006590330709310125,7,-0.006590330709310125,VIIRS DNB,nW/cm2/sr,2014,"{""type"":""MultiPoint"",""coordinates"":[]}"
6_0000000000000000000e,BA03050040,,,,,,,74.03,74,1858.09481163,TASWIL5000020230907KABKOTA,Muna,,0.151502694674,5.32849464874,4326,4,,,Muna,Sulawesi Tenggara,,0,,,2014-07,-0.016118133008139617,7,-0.016118133008139617,VIIRS DNB,nW/cm2/sr,2014,"{""type"":""MultiPoint"",""coordinates"":[]}"
6_00000000000000000015,BA03050040,,,,,,,74.03,74,0.17024708351,TASWIL5000020230907KABKOTA,Muna,Wilayah terapung,1.38839187565E-5,0.039960941818,4326,4,,,Muna,Sulawesi Tenggara,,0,,,2014-07,0.06407864658818768,7,0.06407864658818768,VIIRS DNB,nW/cm2/sr,2014,"{""type"":""MultiPoint"",""coordinates"":[]}"
6_00000000000000000016,BA03050040,,,,,,,74.04,74,0.188157250699,TASWIL5000020230907KABKOTA,Buton,Wilayah terapung,1.53526521797E-5,0.0397338812277,4326,4,,,Buton,Sulawesi Tenggara,,0,,,2014-07,0.09046409316563414,7,0.09046409316563414,VIIRS DNB,nW/cm2/sr,2014,"{""type"":""MultiPoint"",""coordinates"":[]}"
6_00000000000000000000,BA03050040,,,,,,,74.06,74,3293.96639913,TASWIL5000020230907KABKOTA,Bombana,,0.268524880662,5.47167246052,4326,4,,,Bombana,Sulawesi Tenggara,,0,Buton,,2014-07,-0.03900797651940429,7,-0.03900797651940429,VIIRS DNB,nW/cm2/sr,2014,"{""type"":""MultiPoint"",""coordinates"":[]}"
6_00000000000000000002,BA03050040,,,,,,,74.15,74,517.631463505,TASWIL5000020230907KABKOTA,Buton Selatan,,0.042249508051,1.85498741345,4326,4,,,Buton Selatan,Sulawesi Tenggara,,0,Buton,,2014-07,-0.01708835879987516,7,-0.01708835879987516,VIIRS DNB,nW/cm2/sr,2014,"{""type"":""MultiPoint"",""coordinates"":[]}"
6_00000000000000000003,BA03050040,,,,,,,74.14,74,836.955797791,TASWIL5000020230907KABKOTA,Buton Tengah,,0.0682810706644,2.98412837401,4326,4,,,Buton Tengah,Sulawesi Tenggara,,0,Buton,,2014-07,-0.031295379573370426,7,-0.031295379573370426,VIIRS DNB,nW/cm2/sr,2014,"{""type"":""MultiPoint"",""coordinates"":[]}"
6_0000000000000000000c,BA03050040,,,,,,,74.72,74,294.137423231,TASWIL5000020230907KABKOTA,Kota Bau Bau,,0.0240007870008,0.955179337168,4326,5,,,Kota Bau Bau,Sulawesi Tenggara,,0,Buton,,2014-07,0.37640112382610197,7,0.37640112382610197,VIIRS DNB,nW/cm2/sr,2014,"{""type"":""MultiPoint"",""coordinates"":[]}"
6_00000000000000000010,BA03050040,,,,,,,74.07,74,450.455914283,TASWIL5000020230907KABKOTA,Wakatobi,,0.0367648905913,3.71804674371,4326,4,,,Wakatobi,Sulawesi Tenggara,,0,Buton,,2014-07,0.06782001832513093,7,0.06782001832513093,VIIRS DNB,nW/cm2/sr,2014,"{""type"":""MultiPoint"",""coordinates"":[]}"
6_00000000000000000011,BA03050040,,,,,,,74.07,74,0.253355482028,TASWIL5000020230907KABKOTA,Wakatobi,Wilayah terapung,2.06703594498E-5,0.0291924563304,4326,4,,,Wakatobi,Sulawesi Tenggara,,0,Buton,,2014-07,1.220631388846294,7,1.220631388846294,VIIRS DNB,nW/cm2/sr,2014,"{""type"":""MultiPoint"",""coordinates"":[]}"
6_00000000000000000012,BA03050040,,,,,,,74.07,74,4.12006083394,TASWIL5000020230907KABKOTA,Wakatobi,Wilayah terapung,3.36232999688E-4,0.124432278786,4326,4,,,Wakatobi,Sulawesi Tenggara,,0,Buton,,2014-07,-0.00672433754484329,7,-0.00672433754484329,VIIRS DNB,nW/cm2/sr,2014,"{""type"":""MultiPoint"",""coordinates"":[]}"
6_0000000000000000000a,BA03050040,,,,,,,74.05,74,4237.74051506,TASWIL5000020230907KABKOTA,Konawe Selatan,,0.345208073275,5.59324280043,4326,4,,,Konawe Selatan,Sulawesi Tenggara,,0,Kendari,,2014-07,-9.22867670315737E-4,7,-9.22867670315737E-4,VIIRS DNB,nW/cm2/sr,2014,"{""type"":""MultiPoint"",""coordinates"":[]}"
6_0000000000000000000d,BA03050040,,,,,,,74.71,74,265.790696582,TASWIL5000020230907KABKOTA,Kota Kendari,,0.0216443348271,1.21929531969,4326,5,,,Kota Kendari,Sulawesi Tenggara,,0,Kendari,,2014-07,1.8267067726549466,7,1.8267067726549466,VIIRS DNB,nW/cm2/sr,2014,"{""type"":""MultiPoint"",""coordinates"":[]}"
6_00000000000000000006,BA03050040,,,,,,,74.11,74,3992.53107078,TASWIL5000020230907KABKOTA,Kolaka Timur,,0.325055960897,4.62416724675,4326,4,,,Kolaka Timur,Sulawesi Tenggara,,0,Kolaka,,2014-07,-0.04030075589464921,7,-0.04030075589464921,VIIRS DNB,nW/cm2/sr,2014,"{""type"":""MultiPoint"",""coordinates"":[]}"
6_00000000000000000007,BA03050040,,,,,,,74.08,74,2932.25192061,TASWIL5000020230907KABKOTA,Kolaka Utara,,0.238597308701,3.90865020949,4326,4,,,Kolaka Utara,Sulawesi Tenggara,,0,Kolaka,,2014-07,-0.033524018543017696,7,-0.033524018543017696,VIIRS DNB,nW/cm2/sr,2014,"{""type"":""MultiPoint"",""coordinates"":[]}"
6_00000000000000000009,BA03050040,,,,,,,74.12,74,705.711010277,TASWIL5000020230907KABKOTA,Konawe Kepulauan,,0.0574768178025,1.17136047971,4326,4,,,Konawe Kepulauan,Sulawesi Tenggara,,0,Konawe,,2014-07,-0.05235633028452961,7,-0.05235633028452961,VIIRS DNB,nW/cm2/sr,2014,"{""type"":""MultiPoint"",""coordinates"":[]}"
6_0000000000000000000b,BA03050040,,,,,,,74.09,74,4219.81180817,TASWIL5000020230907KABKOTA,Konawe Utara,,0.343408045869,6.15591332033,4326,4,,,Konawe Utara,Sulawesi Tenggara,,0,Konawe,,2014-07,-0.027142984572695695,7,-0.027142984572695695,VIIRS DNB,nW/cm2/sr,2014,"{""type"":""MultiPoint"",""coordinates"":[]}"
6_00000000000000000004,BA03050040,,,,,,,74.10,74,1755.8292261,TASWIL5000020230907KABKOTA,Buton Utara,,0.143115018242,4.67921811895,4326,4,,,Buton Utara,Sulawesi Tenggara,,0,Muna,,2014-07,-0.048411686131018664,7,-0.048411686131018664,VIIRS DNB,nW/cm2/sr,2014,"{""type"":""MultiPoint"",""coordinates"":[]}"
6_0000000000000000000f,BA03050040,,,,,,,74.13,74,818.701593571,TASWIL5000020230907KABKOTA,Muna Barat,,0.0667415576998,2.65906981122,4326,4,,,Muna Barat,Sulawesi Tenggara,,0,Muna,,2014-07,-0.02518575172728922,7,-0.02518575172728922,VIIRS DNB,nW/cm2/sr,2014,"{""type"":""MultiPoint"",""coordinates"":[]}"
6_00000000000000000013,BA03050040,,,,,,,74.13,74,0.273099429049,TASWIL5000020230907KABKOTA,Muna Barat,Wilayah terapung,2.22679841875E-5,0.0295594995644,4326,4,,,Muna Barat,Sulawesi Tenggara,,0,Muna,,2014-07,-0.09959650787420651,7,-0.09959650787420651,VIIRS DNB,nW/cm2/sr,2014,"{""type"":""MultiPoint"",""coordinates"":[]}"
6_00000000000000000014,BA03050040,,,,,,,74.10,74,0.0480497061255,TASWIL5000020230907KABKOTA,Buton Utara,Wilayah terapung,3.9169026899E-6,0.0168384250334,4326,4,,,Buton Utara,Sulawesi Tenggara,,0,Muna,,2014-07,0.1555825269648007,7,0.1555825269648007,VIIRS DNB,nW/cm2/sr,2014,"{""type"":""MultiPoint"",""coordinates"":[]}"
7_00000000000000000001,BA03050040,,,,,,,74.04,74,1669.32863016,TASWIL5000020230907KABKOTA,Buton,,0.136188299866,3.04087674144,4326,4,,,Buton,Sulawesi Tenggara,,0,,,2014-08,0.006910217080337688,8,0.006910217080337688,VIIRS DNB,nW/cm2/sr,2014,"{""type"":""MultiPoint"",""coordinates"":[]}"
7_00000000000000000005,BA03050040,,,,,,,74.01,74,2958.9208572,TASWIL5000020230907KABKOTA,Kolaka,,0.240980839474,5.39527306777,4326,4,,,Kolaka,Sulawesi Tenggara,,0,,,2014-08,0.07025842601563578,8,0.07025842601563578,VIIRS DNB,nW/cm2/sr,2014,"{""type"":""MultiPoint"",""coordinates"":[]}"
7_00000000000000000008,BA03050040,,,,,,,74.02,74,5351.85263389,TASWIL5000020230907KABKOTA,Konawe,,0.435602118514,6.84601568998,4326,4,,,Konawe,Sulawesi Tenggara,,0,,,2014-08,0.031245198513364315,8,0.031245198513364315,VIIRS DNB,nW/cm2/sr,2014,"{""type"":""MultiPoint"",""coordinates"":[]}"
7_0000000000000000000e,BA03050040,,,,,,,74.03,74,1858.09481163,TASWIL5000020230907KABKOTA,Muna,,0.151502694674,5.32849464874,4326,4,,,Muna,Sulawesi Tenggara,,0,,,2014-08,0.03509665419915498,8,0.03509665419915498,VIIRS DNB,nW/cm2/sr,2014,"{""type"":""MultiPoint"",""coordinates"":[]}"
7_00000000000000000015,BA03050040,,,,,,,74.03,74,0.17024708351,TASWIL5000020230907KABKOTA,Muna,Wilayah terapung,1.38839187565E-5,0.039960941818,4326,4,,,Muna,Sulawesi Tenggara,,0,,,2014-08,0.012261269086530444,8,0.012261269086530444,VIIRS DNB,nW/cm2/sr,2014,"{""type"":""MultiPoint"",""coordinates"":[]}"
7_00000000000000000016,BA03050040,,,,,,,74.04,74,0.188157250699,TASWIL5000020230907KABKOTA,Buton,Wilayah terapung,1.53526521797E-5,0.0397338812277,4326,4,,,Buton,Sulawesi Tenggara,,0,,,2014-08,0.11360026122597251,8,0.11360026122597251,VIIRS DNB,nW/cm2/sr,2014,"{""type"":""MultiPoint"",""coordinates"":[]}"
7_00000000000000000000,BA03050040,,,,,,,74.06,74,3293.96639913,TASWIL5000020230907KABKOTA,Bombana,,0.268524880662,5.47167246052,4326,4,,,Bombana,Sulawesi Tenggara,,0,Buton,,2014-08,6.358403120889676E-4,8,6.358403120889676E-4,VIIRS DNB,nW/cm2/sr,2014,"{""type"":""MultiPoint"",""coordinates"":[]}"
7_00000000000000000002,BA03050040,,,,,,,74.15,74,517.631463505,TASWIL5000020230907KABKOTA,Buton Selatan,,0.042249508051,1.85498741345,4326,4,,,Buton Selatan,Sulawesi Tenggara,,0,Buton,,2014-08,0.03947667660251042,8,0.03947667660251042,VIIRS DNB,nW/cm2/sr,2014,"{""type"":""MultiPoint"",""coordinates"":[]}"
7_00000000000000000003,BA03050040,,,,,,,74.14,74,836.955797791,TASWIL5000020230907KABKOTA,Buton Tengah,,0.0682810706644,2.98412837401,4326,4,,,Buton Tengah,Sulawesi Tenggara,,0,Buton,,2014-08,0.009362105481660773,8,0.009362105481660773,VIIRS DNB,nW/cm2/sr,2014,"{""type"":""MultiPoint"",""coordinates"":[]}"
7_0000000000000000000c,BA03050040,,,,,,,74.72,74,294.137423231,TASWIL5000020230907KABKOTA,Kota Bau Bau,,0.0240007870008,0.955179337168,4326,5,,,Kota Bau Bau,Sulawesi Tenggara,,0,Buton,,2014-08,0.4737377683934173,8,0.4737377683934173,VIIRS DNB,nW/cm2/sr,2014,"{""type"":""MultiPoint"",""coordinates"":[]}"
7_00000000000000000010,BA03050040,,,,,,,74.07,74,450.455914283,TASWIL5000020230907KABKOTA,Wakatobi,,0.0367648905913,3.71804674371,4326,4,,,Wakatobi,Sulawesi Tenggara,,0,Buton,,2014-08,0.12552157728366778,8,0.12552157728366778,VIIRS DNB,nW/cm2/sr,2014,"{""type"":""MultiPoint"",""coordinates"":[]}"
7_00000000000000000011,BA03050040,,,,,,,74.07,74,0.253355482028,TASWIL5000020230907KABKOTA,Wakatobi,Wilayah terapung,2.06703594498E-5,0.0291924563304,4326,4,,,Wakatobi,Sulawesi Tenggara,,0,Buton,,2014-08,1.6756253404210704,8,1.6756253404210704,VIIRS DNB,nW/cm2/sr,2014,"{""type"":""MultiPoint"",""coordinates"":[]}"
7_00000000000000000012,BA03050040,,,,,,,74.07,74,4.12006083394,TASWIL5000020230907KABKOTA,Wakatobi,Wilayah terapung,3.36232999688E-4,0.124432278786,4326,4,,,Wakatobi,Sulawesi Tenggara,,0,Buton,,2014-08,0.01292869731356781,8,0.01292869731356781,VIIRS DNB,nW/cm2/sr,2014,"{""type"":""MultiPoint"",""coordinates"":[]}"
7_0000000000000000000a,BA03050040,,,,,,,74.05,74,4237.74051506,TASWIL5000020230907KABKOTA,Konawe Selatan,,0.345208073275,5.59324280043,4326,4,,,Konawe Selatan,Sulawesi Tenggara,,0,Kendari,,2014-08,0.04833423443566517,8,0.04833423443566517,VIIRS DNB,nW/cm2/sr,2014,"{""type"":""MultiPoint"",""coordinates"":[]}"
7_0000000000000000000d,BA03050040,,,,,,,74.71,74,265.790696582,TASWIL5000020230907KABKOTA,Kota Kendari,,0.0216443348271,1.21929531969,4326,5,,,Kota Kendari,Sulawesi Tenggara,,0,Kendari,,2014-08,2.0041138939749876,8,2.0041138939749876,VIIRS DNB,nW/cm2/sr,2014,"{""type"":""MultiPoint"",""coordinates"":[]}"
7_00000000000000000006,BA03050040,,,,,,,74.11,74,3992.53107078,TASWIL5000020230907KABKOTA,Kolaka Timur,,0.325055960897,4.62416724675,4326,4,,,Kolaka Timur,Sulawesi Tenggara,,0,Kolaka,,2014-08,-1.2664490478305322E-4,8,-1.2664490478305322E-4,VIIRS DNB,nW/cm2/sr,2014,"{""type"":""MultiPoint"",""coordinates"":[]}"
7_00000000000000000007,BA03050040,,,,,,,74.08,74,2932.25192061,TASWIL5000020230907KABKOTA,Kolaka Utara,,0.238597308701,3.90865020949,4326,4,,,Kolaka Utara,Sulawesi Tenggara,,0,Kolaka,,2014-08,0.00402545136443378,8,0.00402545136443378,VIIRS DNB,nW/cm2/sr,2014,"{""type"":""MultiPoint"",""coordinates"":[]}"
7_00000000000000000009,BA03050040,,,,,,,74.12,74,705.711010277,TASWIL5000020230907KABKOTA,Konawe Kepulauan,,0.0574768178025,1.17136047971,4326,4,,,Konawe Kepulauan,Sulawesi Tenggara,,0,Konawe,,2014-08,0.007681621252536907,8,0.007681621252536907,VIIRS DNB,nW/cm2/sr,2014,"{""type"":""MultiPoint"",""coordinates"":[]}"
7_0000000000000000000b,BA03050040,,,,,,,74.09,74,4219.81180817,TASWIL5000020230907KABKOTA,Konawe Utara,,0.343408045869,6.15591332033,4326,4,,,Konawe Utara,Sulawesi Tenggara,,0,Konawe,,2014-08,0.005766743225816098,8,0.005766743225816098,VIIRS DNB,nW/cm2/sr,2014,"{""type"":""MultiPoint"",""coordinates"":[]}"
7_00000000000000000004,BA03050040,,,,,,,74.10,74,1755.8292261,TASWIL5000020230907KABKOTA,Buton Utara,,0.143115018242,4.67921811895,4326,4,,,Buton Utara,Sulawesi Tenggara,,0,Muna,,2014-08,-2.962903077814978E-4,8,-2.962903077814978E-4,VIIRS DNB,nW/cm2/sr,2014,"{""type"":""MultiPoint"",""coordinates"":[]}"
7_0000000000000000000f,BA03050040,,,,,,,74.13,74,818.701593571,TASWIL5000020230907KABKOTA,Muna Barat,,0.0667415576998,2.65906981122,4326,4,,,Muna Barat,Sulawesi Tenggara,,0,Muna,,2014-08,0.009410518458214284,8,0.009410518458214284,VIIRS DNB,nW/cm2/sr,2014,"{""type"":""MultiPoint"",""coordinates"":[]}"
7_00000000000000000013,BA03050040,,,,,,,74.13,74,0.273099429049,TASWIL5000020230907KABKOTA,Muna Barat,Wilayah terapung,2.22679841875E-5,0.0295594995644,4326,4,,,Muna Barat,Sulawesi Tenggara,,0,Muna,,2014-08,-0.013355971344272579,8,-0.013355971344272579,VIIRS DNB,nW/cm2/sr,2014,"{""type"":""MultiPoint"",""coordinates"":[]}"
7_00000000000000000014,BA03050040,,,,,,,74.10,74,0.0480497061255,TASWIL5000020230907KABKOTA,Buton Utara,Wilayah terapung,3.9169026899E-6,0.0168384250334,4326,4,,,Buton Utara,Sulawesi Tenggara,,0,Muna,,2014-08,0.2015805883066995,8,0.2015805883066995,VIIRS DNB,nW/cm2/sr,2014,"{""type"":""MultiPoint"",""coordinates"":[]}"
8_00000000000000000001,BA03050040,,,,,,,74.04,74,1669.32863016,TASWIL5000020230907KABKOTA,Buton,,0.136188299866,3.04087674144,4326,4,,,Buton,Sulawesi Tenggara,,0,,,2014-09,-0.012629683887545236,9,-0.012629683887545236,VIIRS DNB,nW/cm2/sr,2014,"{""type"":""MultiPoint"",""coordinates"":[]}"
8_00000000000000000005,BA03050040,,,,,,,74.01,74,2958.9208572,TASWIL5000020230907KABKOTA,Kolaka,,0.240980839474,5.39527306777,4326,4,,,Kolaka,Sulawesi Tenggara,,0,,,2014-09,0.08130967094983445,9,0.08130967094983445,VIIRS DNB,nW/cm2/sr,2014,"{""type"":""MultiPoint"",""coordinates"":[]}"
8_00000000000000000008,BA03050040,,,,,,,74.02,74,5351.85263389,TASWIL5000020230907KABKOTA,Konawe,,0.435602118514,6.84601568998,4326,4,,,Konawe,Sulawesi Tenggara,,0,,,2014-09,0.027615040333116368,9,0.027615040333116368,VIIRS DNB,nW/cm2/sr,2014,"{""type"":""MultiPoint"",""coordinates"":[]}"
8_0000000000000000000e,BA03050040,,,,,,,74.03,74,1858.09481163,TASWIL5000020230907KABKOTA,Muna,,0.151502694674,5.32849464874,4326,4,,,Muna,Sulawesi Tenggara,,0,,,2014-09,0.015728657145071927,9,0.015728657145071927,VIIRS DNB,nW/cm2/sr,2014,"{""type"":""MultiPoint"",""coordinates"":[]}"
8_00000000000000000015,BA03050040,,,,,,,74.03,74,0.17024708351,TASWIL5000020230907KABKOTA,Muna,Wilayah terapung,1.38839187565E-5,0.039960941818,4326,4,,,Muna,Sulawesi Tenggara,,0,,,2014-09,-0.03891614769623113,9,-0.03891614769623113,VIIRS DNB,nW/cm2/sr,2014,"{""type"":""MultiPoint"",""coordinates"":[]}"
8_00000000000000000016,BA03050040,,,,,,,74.04,74,0.188157250699,TASWIL5000020230907KABKOTA,Buton,Wilayah terapung,1.53526521797E-5,0.0397338812277,4326,4,,,Buton,Sulawesi Tenggara,,0,,,2014-09,0.18395950675577577,9,0.18395950675577577,VIIRS DNB,nW/cm2/sr,2014,"{""type"":""MultiPoint"",""coordinates"":[]}"
8_00000000000000000000,BA03050040,,,,,,,74.06,74,3293.96639913,TASWIL5000020230907KABKOTA,Bombana,,0.268524880662,5.47167246052,4326,4,,,Bombana,Sulawesi Tenggara,,0,Buton,,2014-09,6.283424785795905E-4,9,6.283424785795905E-4,VIIRS DNB,nW/cm2/sr,2014,"{""type"":""MultiPoint"",""coordinates"":[]}"
8_00000000000000000002,BA03050040,,,,,,,74.15,74,517.631463505,TASWIL5000020230907KABKOTA,Buton Selatan,,0.042249508051,1.85498741345,4326,4,,,Buton Selatan,Sulawesi Tenggara,,0,Buton,,2014-09,-0.011314721118648783,9,-0.011314721118648783,VIIRS DNB,nW/cm2/sr,2014,"{""type"":""MultiPoint"",""coordinates"":[]}"
8_00000000000000000003,BA03050040,,,,,,,74.14,74,836.955797791,TASWIL5000020230907KABKOTA,Buton Tengah,,0.0682810706644,2.98412837401,4326,4,,,Buton Tengah,Sulawesi Tenggara,,0,Buton,,2014-09,-0.007229443231711733,9,-0.007229443231711733,VIIRS DNB,nW/cm2/sr,2014,"{""type"":""MultiPoint"",""coordinates"":[]}"
8_0000000000000000000c,BA03050040,,,,,,,74.72,74,294.137423231,TASWIL5000020230907KABKOTA,Kota Bau Bau,,0.0240007870008,0.955179337168,4326,5,,,Kota Bau Bau,Sulawesi Tenggara,,0,Buton,,2014-09,0.487027370451064,9,0.487027370451064,VIIRS DNB,nW/cm2/sr,2014,"{""type"":""MultiPoint"",""coordinates"":[]}"
8_00000000000000000010,BA03050040,,,,,,,74.07,74,450.455914283,TASWIL5000020230907KABKOTA,Wakatobi,,0.0367648905913,3.71804674371,4326,4,,,Wakatobi,Sulawesi Tenggara,,0,Buton,,2014-09,0.05339907652386103,9,0.05339907652386103,VIIRS DNB,nW/cm2/sr,2014,"{""type"":""MultiPoint"",""coordinates"":[]}"
8_00000000000000000011,BA03050040,,,,,,,74.07,74,0.253355482028,TASWIL5000020230907KABKOTA,Wakatobi,Wilayah terapung,2.06703594498E-5,0.0291924563304,4326,4,,,Wakatobi,Sulawesi Tenggara,,0,Buton,,2014-09,1.9705381781555888,9,1.9705381781555888,VIIRS DNB,nW/cm2/sr,2014,"{""type"":""MultiPoint"",""coordinates"":[]}"
8_00000000000000000012,BA03050040,,,,,,,74.07,74,4.12006083394,TASWIL5000020230907KABKOTA,Wakatobi,Wilayah terapung,3.36232999688E-4,0.124432278786,4326,4,,,Wakatobi,Sulawesi Tenggara,,0,Buton,,2014-09,0.02273455323998613,9,0.02273455323998613,VIIRS DNB,nW/cm2/sr,2014,"{""type"":""MultiPoint"",""coordinates"":[]}"
8_0000000000000000000a,BA03050040,,,,,,,74.05,74,4237.74051506,TASWIL5000020230907KABKOTA,Konawe Selatan,,0.345208073275,5.59324280043,4326,4,,,Konawe Selatan,Sulawesi Tenggara,,0,Kendari,,2014-09,0.04120092253127231,9,0.04120092253127231,VIIRS DNB,nW/cm2/sr,2014,"{""type"":""MultiPoint"",""coordinates"":[]}"
8_0000000000000000000d,BA03050040,,,,,,,74.71,74,265.790696582,TASWIL5000020230907KABKOTA,Kota Kendari,,0.0216443348271,1.21929531969,4326,5,,,Kota Kendari,Sulawesi Tenggara,,0,Kendari,,2014-09,2.1427083013597747,9,2.1427083013597747,VIIRS DNB,nW/cm2/sr,2014,"{""type"":""MultiPoint"",""coordinates"":[]}"
8_00000000000000000006,BA03050040,,,,,,,74.11,74,3992.53107078,TASWIL5000020230907KABKOTA,Kolaka Timur,,0.325055960897,4.62416724675,4326,4,,,Kolaka Timur,Sulawesi Tenggara,,0,Kolaka,,2014-09,-0.00636053427940374,9,-0.00636053427940374,VIIRS DNB,nW/cm2/sr,2014,"{""type"":""MultiPoint"",""coordinates"":[]}"
8_00000000000000000007,BA03050040,,,,,,,74.08,74,2932.25192061,TASWIL5000020230907KABKOTA,Kolaka Utara,,0.238597308701,3.90865020949,4326,4,,,Kolaka Utara,Sulawesi Tenggara,,0,Kolaka,,2014-09,0.0019883240280164764,9,0.0019883240280164764,VIIRS DNB,nW/cm2/sr,2014,"{""type"":""MultiPoint"",""coordinates"":[]}"
8_00000000000000000009,BA03050040,,,,,,,74.12,74,705.711010277,TASWIL5000020230907KABKOTA,Konawe Kepulauan,,0.0574768178025,1.17136047971,4326,4,,,Konawe Kepulauan,Sulawesi Tenggara,,0,Konawe,,2014-09,-0.02353706824008392,9,-0.02353706824008392,VIIRS DNB,nW/cm2/sr,2014,"{""type"":""MultiPoint"",""coordinates"":[]}"
8_0000000000000000000b,BA03050040,,,,,,,74.09,74,4219.81180817,TASWIL5000020230907KABKOTA,Konawe Utara,,0.343408045869,6.15591332033,4326,4,,,Konawe Utara,Sulawesi Tenggara,,0,Konawe,,2014-09,8.770139446293172E-4,9,8.770139446293172E-4,VIIRS DNB,nW/cm2/sr,2014,"{""type"":""MultiPoint"",""coordinates"":[]}"
8_00000000000000000004,BA03050040,,,,,,,74.10,74,1755.8292261,TASWIL5000020230907KABKOTA,Buton Utara,,0.143115018242,4.67921811895,4326,4,,,Buton Utara,Sulawesi Tenggara,,0,Muna,,2014-09,-0.02683106539684861,9,-0.02683106539684861,VIIRS DNB,nW/cm2/sr,2014,"{""type"":""MultiPoint"",""coordinates"":[]}"
8_0000000000000000000f,BA03050040,,,,,,,74.13,74,818.701593571,TASWIL5000020230907KABKOTA,Muna Barat,,0.0667415576998,2.65906981122,4326,4,,,Muna Barat,Sulawesi Tenggara,,0,Muna,,2014-09,-0.009728133576884412,9,-0.009728133576884412,VIIRS DNB,nW/cm2/sr,2014,"{""type"":""MultiPoint"",""coordinates"":[]}"
8_00000000000000000013,BA03050040,,,,,,,74.13,74,0.273099429049,TASWIL5000020230907KABKOTA,Muna Barat,Wilayah terapung,2.22679841875E-5,0.0295594995644,4326,4,,,Muna Barat,Sulawesi Tenggara,,0,Muna,,2014-09,-0.006641179013876276,9,-0.006641179013876276,VIIRS DNB,nW/cm2/sr,2014,"{""type"":""MultiPoint"",""coordinates"":[]}"
8_00000000000000000014,BA03050040,,,,,,,74.10,74,0.0480497061255,TASWIL5000020230907KABKOTA,Buton Utara,Wilayah terapung,3.9169026899E-6,0.0168384250334,4326,4,,,Buton Utara,Sulawesi Tenggara,,0,Muna,,2014-09,0.34275768697261816,9,0.34275768697261816,VIIRS DNB,nW/cm2/sr,2014,"{""type"":""MultiPoint"",""coordinates"":[]}"
9_00000000000000000001,BA03050040,,,,,,,74.04,74,1669.32863016,TASWIL5000020230907KABKOTA,Buton,,0.136188299866,3.04087674144,4326,4,,,Buton,Sulawesi Tenggara,,0,,,2014-10,-0.046174367995511556,10,-0.046174367995511556,VIIRS DNB,nW/cm2/sr,2014,"{""type"":""MultiPoint"",""coordinates"":[]}"
9_00000000000000000005,BA03050040,,,,,,,74.01,74,2958.9208572,TASWIL5000020230907KABKOTA,Kolaka,,0.240980839474,5.39527306777,4326,4,,,Kolaka,Sulawesi Tenggara,,0,,,2014-10,0.027679880627584693,10,0.027679880627584693,VIIRS DNB,nW/cm2/sr,2014,"{""type"":""MultiPoint"",""coordinates"":[]}"
9_00000000000000000008,BA03050040,,,,,,,74.02,74,5351.85263389,TASWIL5000020230907KABKOTA,Konawe,,0.435602118514,6.84601568998,4326,4,,,Konawe,Sulawesi Tenggara,,0,,,2014-10,-0.023200249523307195,10,-0.023200249523307195,VIIRS DNB,nW/cm2/sr,2014,"{""type"":""MultiPoint"",""coordinates"":[]}"
9_0000000000000000000e,BA03050040,,,,,,,74.03,74,1858.09481163,TASWIL5000020230907KABKOTA,Muna,,0.151502694674,5.32849464874,4326,4,,,Muna,Sulawesi Tenggara,,0,,,2014-10,-0.017371231754070696,10,-0.017371231754070696,VIIRS DNB,nW/cm2/sr,2014,"{""type"":""MultiPoint"",""coordinates"":[]}"
9_00000000000000000015,BA03050040,,,,,,,74.03,74,0.17024708351,TASWIL5000020230907KABKOTA,Muna,Wilayah terapung,1.38839187565E-5,0.039960941818,4326,4,,,Muna,Sulawesi Tenggara,,0,,,2014-10,-0.03766912091631076,10,-0.03766912091631076,VIIRS DNB,nW/cm2/sr,2014,"{""type"":""MultiPoint"",""coordinates"":[]}"
9_00000000000000000016,BA03050040,,,,,,,74.04,74,0.188157250699,TASWIL5000020230907KABKOTA,Buton,Wilayah terapung,1.53526521797E-5,0.0397338812277,4326,4,,,Buton,Sulawesi Tenggara,,0,,,2014-10,0.03873525264055428,10,0.03873525264055428,VIIRS DNB,nW/cm2/sr,2014,"{""type"":""MultiPoint"",""coordinates"":[]}"
9_00000000000000000000,BA03050040,,,,,,,74.06,74,3293.96639913,TASWIL5000020230907KABKOTA,Bombana,,0.268524880662,5.47167246052,4326,4,,,Bombana,Sulawesi Tenggara,,0,Buton,,2014-10,-0.03819110075643157,10,-0.03819110075643157,VIIRS DNB,nW/cm2/sr,2014,"{""type"":""MultiPoint"",""coordinates"":[]}"
9_00000000000000000002,BA03050040,,,,,,,74.15,74,517.631463505,TASWIL5000020230907KABKOTA,Buton Selatan,,0.042249508051,1.85498741345,4326,4,,,Buton Selatan,Sulawesi Tenggara,,0,Buton,,2014-10,-0.03643605299217616,10,-0.03643605299217616,VIIRS DNB,nW/cm2/sr,2014,"{""type"":""MultiPoint"",""coordinates"":[]}"
9_00000000000000000003,BA03050040,,,,,,,74.14,74,836.955797791,TASWIL5000020230907KABKOTA,Buton Tengah,,0.0682810706644,2.98412837401,4326,4,,,Buton Tengah,Sulawesi Tenggara,,0,Buton,,2014-10,-0.035410203036698715,10,-0.035410203036698715,VIIRS DNB,nW/cm2/sr,2014,"{""type"":""MultiPoint"",""coordinates"":[]}"
9_0000000000000000000c,BA03050040,,,,,,,74.72,74,294.137423231,TASWIL5000020230907KABKOTA,Kota Bau Bau,,0.0240007870008,0.955179337168,4326,5,,,Kota Bau Bau,Sulawesi Tenggara,,0,Buton,,2014-10,0.35565763525879657,10,0.35565763525879657,VIIRS DNB,nW/cm2/sr,2014,"{""type"":""MultiPoint"",""coordinates"":[]}"
9_00000000000000000010,BA03050040,,,,,,,74.07,74,450.455914283,TASWIL5000020230907KABKOTA,Wakatobi,,0.0367648905913,3.71804674371,4326,4,,,Wakatobi,Sulawesi Tenggara,,0,Buton,,2014-10,0.017874887422774786,10,0.017874887422774786,VIIRS DNB,nW/cm2/sr,2014,"{""type"":""MultiPoint"",""coordinates"":[]}"
9_00000000000000000011,BA03050040,,,,,,,74.07,74,0.253355482028,TASWIL5000020230907KABKOTA,Wakatobi,Wilayah terapung,2.06703594498E-5,0.0291924563304,4326,4,,,Wakatobi,Sulawesi Tenggara,,0,Buton,,2014-10,1.5085491928481316,10,1.5085491928481316,VIIRS DNB,nW/cm2/sr,2014,"{""type"":""MultiPoint"",""coordinates"":[]}"
9_00000000000000000012,BA03050040,,,,,,,74.07,74,4.12006083394,TASWIL5000020230907KABKOTA,Wakatobi,Wilayah terapung,3.36232999688E-4,0.124432278786,4326,4,,,Wakatobi,Sulawesi Tenggara,,0,Buton,,2014-10,-0.0422178377625505,10,-0.0422178377625505,VIIRS DNB,nW/cm2/sr,2014,"{""type"":""MultiPoint"",""coordinates"":[]}"
9_0000000000000000000a,BA03050040,,,,,,,74.05,74,4237.74051506,TASWIL5000020230907KABKOTA,Konawe Selatan,,0.345208073275,5.59324280043,4326,4,,,Konawe Selatan,Sulawesi Tenggara,,0,Kendari,,2014-10,-0.019610705068640513,10,-0.019610705068640513,VIIRS DNB,nW/cm2/sr,2014,"{""type"":""MultiPoint"",""coordinates"":[]}"
9_0000000000000000000d,BA03050040,,,,,,,74.71,74,265.790696582,TASWIL5000020230907KABKOTA,Kota Kendari,,0.0216443348271,1.21929531969,4326,5,,,Kota Kendari,Sulawesi Tenggara,,0,Kendari,,2014-10,1.765704020640117,10,1.765704020640117,VIIRS DNB,nW/cm2/sr,2014,"{""type"":""MultiPoint"",""coordinates"":[]}"
9_00000000000000000006,BA03050040,,,,,,,74.11,74,3992.53107078,TASWIL5000020230907KABKOTA,Kolaka Timur,,0.325055960897,4.62416724675,4326,4,,,Kolaka Timur,Sulawesi Tenggara,,0,Kolaka,,2014-10,-0.04239712622056443,10,-0.04239712622056443,VIIRS DNB,nW/cm2/sr,2014,"{""type"":""MultiPoint"",""coordinates"":[]}"
9_00000000000000000007,BA03050040,,,,,,,74.08,74,2932.25192061,TASWIL5000020230907KABKOTA,Kolaka Utara,,0.238597308701,3.90865020949,4326,4,,,Kolaka Utara,Sulawesi Tenggara,,0,Kolaka,,2014-10,-0.061766844252152134,10,-0.061766844252152134,VIIRS DNB,nW/cm2/sr,2014,"{""type"":""MultiPoint"",""coordinates"":[]}"
9_00000000000000000009,BA03050040,,,,,,,74.12,74,705.711010277,TASWIL5000020230907KABKOTA,Konawe Kepulauan,,0.0574768178025,1.17136047971,4326,4,,,Konawe Kepulauan,Sulawesi Tenggara,,0,Konawe,,2014-10,-0.07318880313016285,10,-0.07318880313016285,VIIRS DNB,nW/cm2/sr,2014,"{""type"":""MultiPoint"",""coordinates"":[]}"
9_0000000000000000000b,BA03050040,,,,,,,74.09,74,4219.81180817,TASWIL5000020230907KABKOTA,Konawe Utara,,0.343408045869,6.15591332033,4326,4,,,Konawe Utara,Sulawesi Tenggara,,0,Konawe,,2014-10,-0.051883812927678186,10,-0.051883812927678186,VIIRS DNB,nW/cm2/sr,2014,"{""type"":""MultiPoint"",""coordinates"":[]}"
9_00000000000000000004,BA03050040,,,,,,,74.10,74,1755.8292261,TASWIL5000020230907KABKOTA,Buton Utara,,0.143115018242,4.67921811895,4326,4,,,Buton Utara,Sulawesi Tenggara,,0,Muna,,2014-10,-0.06928344614354112,10,-0.06928344614354112,VIIRS DNB,nW/cm2/sr,2014,"{""type"":""MultiPoint"",""coordinates"":[]}"
9_0000000000000000000f,BA03050040,,,,,,,74.13,74,818.701593571,TASWIL5000020230907KABKOTA,Muna Barat,,0.0667415576998,2.65906981122,4326,4,,,Muna Barat,Sulawesi Tenggara,,0,Muna,,2014-10,-0.03865437198084607,10,-0.03865437198084607,VIIRS DNB,nW/cm2/sr,2014,"{""type"":""MultiPoint"",""coordinates"":[]}"
9_00000000000000000013,BA03050040,,,,,,,74.13,74,0.273099429049,TASWIL5000020230907KABKOTA,Muna Barat,Wilayah terapung,2.22679841875E-5,0.0295594995644,4326,4,,,Muna Barat,Sulawesi Tenggara,,0,Muna,,2014-10,-0.02339084373134783,10,-0.02339084373134783,VIIRS DNB,nW/cm2/sr,2014,"{""type"":""MultiPoint"",""coordinates"":[]}"
9_00000000000000000014,BA03050040,,,,,,,74.10,74,0.0480497061255,TASWIL5000020230907KABKOTA,Buton Utara,Wilayah terapung,3.9169026899E-6,0.0168384250334,4326,4,,,Buton Utara,Sulawesi Tenggara,,0,Muna,,2014-10,0.13810785540512632,10,0.13810785540512632,VIIRS DNB,nW/cm2/sr,2014,"{""type"":""MultiPoint"",""coordinates"":[]}"
10_00000000000000000001,BA03050040,,,,,,,74.04,74,1669.32863016,TASWIL5000020230907KABKOTA,Buton,,0.136188299866,3.04087674144,4326,4,,,Buton,Sulawesi Tenggara,,0,,,2014-11,-0.19406007556881877,11,-0.19406007556881877,VIIRS DNB,nW/cm2/sr,2014,"{""type"":""MultiPoint"",""coordinates"":[]}"
10_00000000000000000005,BA03050040,,,,,,,74.01,74,2958.9208572,TASWIL5000020230907KABKOTA,Kolaka,,0.240980839474,5.39527306777,4326,4,,,Kolaka,Sulawesi Tenggara,,0,,,2014-11,-0.11219055875873336,11,-0.11219055875873336,VIIRS DNB,nW/cm2/sr,2014,"{""type"":""MultiPoint"",""coordinates"":[]}"
10_00000000000000000008,BA03050040,,,,,,,74.02,74,5351.85263389,TASWIL5000020230907KABKOTA,Konawe,,0.435602118514,6.84601568998,4326,4,,,Konawe,Sulawesi Tenggara,,0,,,2014-11,-0.16232951604595589,11,-0.16232951604595589,VIIRS DNB,nW/cm2/sr,2014,"{""type"":""MultiPoint"",""coordinates"":[]}"
10_0000000000000000000e,BA03050040,,,,,,,74.03,74,1858.09481163,TASWIL5000020230907KABKOTA,Muna,,0.151502694674,5.32849464874,4326,4,,,Muna,Sulawesi Tenggara,,0,,,2014-11,-0.14389049836879658,11,-0.14389049836879658,VIIRS DNB,nW/cm2/sr,2014,"{""type"":""MultiPoint"",""coordinates"":[]}"
10_00000000000000000015,BA03050040,,,,,,,74.03,74,0.17024708351,TASWIL5000020230907KABKOTA,Muna,Wilayah terapung,1.38839187565E-5,0.039960941818,4326,4,,,Muna,Sulawesi Tenggara,,0,,,2014-11,-0.1937240457775965,11,-0.1937240457775965,VIIRS DNB,nW/cm2/sr,2014,"{""type"":""MultiPoint"",""coordinates"":[]}"
10_00000000000000000016,BA03050040,,,,,,,74.04,74,0.188157250699,TASWIL5000020230907KABKOTA,Buton,Wilayah terapung,1.53526521797E-5,0.0397338812277,4326,4,,,Buton,Sulawesi Tenggara,,0,,,2014-11,-0.11314942124400938,11,-0.11314942124400938,VIIRS DNB,nW/cm2/sr,2014,"{""type"":""MultiPoint"",""coordinates"":[]}"
10_00000000000000000000,BA03050040,,,,,,,74.06,74,3293.96639913,TASWIL5000020230907KABKOTA,Bombana,,0.268524880662,5.47167246052,4326,4,,,Bombana,Sulawesi Tenggara,,0,Buton,,2014-11,-0.17499219170714744,11,-0.17499219170714744,VIIRS DNB,nW/cm2/sr,2014,"{""type"":""MultiPoint"",""coordinates"":[]}"
10_00000000000000000002,BA03050040,,,,,,,74.15,74,517.631463505,TASWIL5000020230907KABKOTA,Buton Selatan,,0.042249508051,1.85498741345,4326,4,,,Buton Selatan,Sulawesi Tenggara,,0,Buton,,2014-11,-0.1861742900699843,11,-0.1861742900699843,VIIRS DNB,nW/cm2/sr,2014,"{""type"":""MultiPoint"",""coordinates"":[]}"
10_00000000000000000003,BA03050040,,,,,,,74.14,74,836.955797791,TASWIL5000020230907KABKOTA,Buton Tengah,,0.0682810706644,2.98412837401,4326,4,,,Buton Tengah,Sulawesi Tenggara,,0,Buton,,2014-11,-0.18804370245860103,11,-0.18804370245860103,VIIRS DNB,nW/cm2/sr,2014,"{""type"":""MultiPoint"",""coordinates"":[]}"
10_0000000000000000000c,BA03050040,,,,,,,74.72,74,294.137423231,TASWIL5000020230907KABKOTA,Kota Bau Bau,,0.0240007870008,0.955179337168,4326,5,,,Kota Bau Bau,Sulawesi Tenggara,,0,Buton,,2014-11,0.22297928154621946,11,0.22297928154621946,VIIRS DNB,nW/cm2/sr,2014,"{""type"":""MultiPoint"",""coordinates"":[]}"
10_00000000000000000010,BA03050040,,,,,,,74.07,74,450.455914283,TASWIL5000020230907KABKOTA,Wakatobi,,0.0367648905913,3.71804674371,4326,4,,,Wakatobi,Sulawesi Tenggara,,0,Buton,,2014-11,-0.12457742818975147,11,-0.12457742818975147,VIIRS DNB,nW/cm2/sr,2014,"{""type"":""MultiPoint"",""coordinates"":[]}"
10_00000000000000000011,BA03050040,,,,,,,74.07,74,0.253355482028,TASWIL5000020230907KABKOTA,Wakatobi,Wilayah terapung,2.06703594498E-5,0.0291924563304,4326,4,,,Wakatobi,Sulawesi Tenggara,,0,Buton,,2014-11,1.3447037789710734,11,1.3447037789710734,VIIRS DNB,nW/cm2/sr,2014,"{""type"":""MultiPoint"",""coordinates"":[]}"
10_00000000000000000012,BA03050040,,,,,,,74.07,74,4.12006083394,TASWIL5000020230907KABKOTA,Wakatobi,Wilayah terapung,3.36232999688E-4,0.124432278786,4326,4,,,Wakatobi,Sulawesi Tenggara,,0,Buton,,2014-11,-0.19934149912299495,11,-0.19934149912299495,VIIRS DNB,nW/cm2/sr,2014,"{""type"":""MultiPoint"",""coordinates"":[]}"
10_0000000000000000000a,BA03050040,,,,,,,74.05,74,4237.74051506,TASWIL5000020230907KABKOTA,Konawe Selatan,,0.345208073275,5.59324280043,4326,4,,,Konawe Selatan,Sulawesi Tenggara,,0,Kendari,,2014-11,-0.14191382075532824,11,-0.14191382075532824,VIIRS DNB,nW/cm2/sr,2014,"{""type"":""MultiPoint"",""coordinates"":[]}"
10_0000000000000000000d,BA03050040,,,,,,,74.71,74,265.790696582,TASWIL5000020230907KABKOTA,Kota Kendari,,0.0216443348271,1.21929531969,4326,5,,,Kota Kendari,Sulawesi Tenggara,,0,Kendari,,2014-11,1.637338741353464,11,1.637338741353464,VIIRS DNB,nW/cm2/sr,2014,"{""type"":""MultiPoint"",""coordinates"":[]}"
10_00000000000000000006,BA03050040,,,,,,,74.11,74,3992.53107078,TASWIL5000020230907KABKOTA,Kolaka Timur,,0.325055960897,4.62416724675,4326,4,,,Kolaka Timur,Sulawesi Tenggara,,0,Kolaka,,2014-11,-0.18817776246699658,11,-0.18817776246699658,VIIRS DNB,nW/cm2/sr,2014,"{""type"":""MultiPoint"",""coordinates"":[]}"
10_00000000000000000007,BA03050040,,,,,,,74.08,74,2932.25192061,TASWIL5000020230907KABKOTA,Kolaka Utara,,0.238597308701,3.90865020949,4326,4,,,Kolaka Utara,Sulawesi Tenggara,,0,Kolaka,,2014-11,-0.17273890219575705,11,-0.17273890219575705,VIIRS DNB,nW/cm2/sr,2014,"{""type"":""MultiPoint"",""coordinates"":[]}"
10_00000000000000000009,BA03050040,,,,,,,74.12,74,705.711010277,TASWIL5000020230907KABKOTA,Konawe Kepulauan,,0.0574768178025,1.17136047971,4326,4,,,Konawe Kepulauan,Sulawesi Tenggara,,0,Konawe,,2014-11,-0.21249474816728525,11,-0.21249474816728525,VIIRS DNB,nW/cm2/sr,2014,"{""type"":""MultiPoint"",""coordinates"":[]}"
10_0000000000000000000b,BA03050040,,,,,,,74.09,74,4219.81180817,TASWIL5000020230907KABKOTA,Konawe Utara,,0.343408045869,6.15591332033,4326,4,,,Konawe Utara,Sulawesi Tenggara,,0,Konawe,,2014-11,-0.18511089793611618,11,-0.18511089793611618,VIIRS DNB,nW/cm2/sr,2014,"{""type"":""MultiPoint"",""coordinates"":[]}"
10_00000000000000000004,BA03050040,,,,,,,74.10,74,1755.8292261,TASWIL5000020230907KABKOTA,Buton Utara,,0.143115018242,4.67921811895,4326,4,,,Buton Utara,Sulawesi Tenggara,,0,Muna,,2014-11,-0.20497456435271105,11,-0.20497456435271105,VIIRS DNB,nW/cm2/sr,2014,"{""type"":""MultiPoint"",""coordinates"":[]}"
10_0000000000000000000f,BA03050040,,,,,,,74.13,74,818.701593571,TASWIL5000020230907KABKOTA,Muna Barat,,0.0667415576998,2.65906981122,4326,4,,,Muna Barat,Sulawesi Tenggara,,0,Muna,,2014-11,-0.18621884987965695,11,-0.18621884987965695,VIIRS DNB,nW/cm2/sr,2014,"{""type"":""MultiPoint"",""coordinates"":[]}"
10_00000000000000000013,BA03050040,,,,,,,74.13,74,0.273099429049,TASWIL5000020230907KABKOTA,Muna Barat,Wilayah terapung,2.22679841875E-5,0.0295594995644,4326,4,,,Muna Barat,Sulawesi Tenggara,,0,Muna,,2014-11,-0.2414470604395608,11,-0.2414470604395608,VIIRS DNB,nW/cm2/sr,2014,"{""type"":""MultiPoint"",""coordinates"":[]}"
10_00000000000000000014,BA03050040,,,,,,,74.10,74,0.0480497061255,TASWIL5000020230907KABKOTA,Buton Utara,Wilayah terapung,3.9169026899E-6,0.0168384250334,4326,4,,,Buton Utara,Sulawesi Tenggara,,0,Muna,,2014-11,0.09950458431350333,11,0.09950458431350333,VIIRS DNB,nW/cm2/sr,2014,"{""type"":""MultiPoint"",""coordinates"":[]}"
11_00000000000000000001,BA03050040,,,,,,,74.04,74,1669.32863016,TASWIL5000020230907KABKOTA,Buton,,0.136188299866,3.04087674144,4326,4,,,Buton,Sulawesi Tenggara,,0,,,2014-12,0.10278284389018505,12,0.10278284389018505,VIIRS DNB,nW/cm2/sr,2014,"{""type"":""MultiPoint"",""coordinates"":[]}"
11_00000000000000000005,BA03050040,,,,,,,74.01,74,2958.9208572,TASWIL5000020230907KABKOTA,Kolaka,,0.240980839474,5.39527306777,4326,4,,,Kolaka,Sulawesi Tenggara,,0,,,2014-12,0.004414781405722631,12,0.004414781405722631,VIIRS DNB,nW/cm2/sr,2014,"{""type"":""MultiPoint"",""coordinates"":[]}"
11_00000000000000000008,BA03050040,,,,,,,74.02,74,5351.85263389,TASWIL5000020230907KABKOTA,Konawe,,0.435602118514,6.84601568998,4326,4,,,Konawe,Sulawesi Tenggara,,0,,,2014-12,0.03561204489037315,12,0.03561204489037315,VIIRS DNB,nW/cm2/sr,2014,"{""type"":""MultiPoint"",""coordinates"":[]}"
11_0000000000000000000e,BA03050040,,,,,,,74.03,74,1858.09481163,TASWIL5000020230907KABKOTA,Muna,,0.151502694674,5.32849464874,4326,4,,,Muna,Sulawesi Tenggara,,0,,,2014-12,0.009674236663276669,12,0.009674236663276669,VIIRS DNB,nW/cm2/sr,2014,"{""type"":""MultiPoint"",""coordinates"":[]}"
11_00000000000000000015,BA03050040,,,,,,,74.03,74,0.17024708351,TASWIL5000020230907KABKOTA,Muna,Wilayah terapung,1.38839187565E-5,0.039960941818,4326,4,,,Muna,Sulawesi Tenggara,,0,,,2014-12,-0.010527741766906197,12,-0.010527741766906197,VIIRS DNB,nW/cm2/sr,2014,"{""type"":""MultiPoint"",""coordinates"":[]}"
11_00000000000000000016,BA03050040,,,,,,,74.04,74,0.188157250699,TASWIL5000020230907KABKOTA,Buton,Wilayah terapung,1.53526521797E-5,0.0397338812277,4326,4,,,Buton,Sulawesi Tenggara,,0,,,2014-12,0.2965358183111834,12,0.2965358183111834,VIIRS DNB,nW/cm2/sr,2014,"{""type"":""MultiPoint"",""coordinates"":[]}"
11_00000000000000000000,BA03050040,,,,,,,74.06,74,3293.96639913,TASWIL5000020230907KABKOTA,Bombana,,0.268524880662,5.47167246052,4326,4,,,Bombana,Sulawesi Tenggara,,0,Buton,,2014-12,0.06333678973462382,12,0.06333678973462382,VIIRS DNB,nW/cm2/sr,2014,"{""type"":""MultiPoint"",""coordinates"":[]}"
11_00000000000000000002,BA03050040,,,,,,,74.15,74,517.631463505,TASWIL5000020230907KABKOTA,Buton Selatan,,0.042249508051,1.85498741345,4326,4,,,Buton Selatan,Sulawesi Tenggara,,0,Buton,,2014-12,0.08694060050884025,12,0.08694060050884025,VIIRS DNB,nW/cm2/sr,2014,"{""type"":""MultiPoint"",""coordinates"":[]}"
11_00000000000000000003,BA03050040,,,,,,,74.14,74,836.955797791,TASWIL5000020230907KABKOTA,Buton Tengah,,0.0682810706644,2.98412837401,4326,4,,,Buton Tengah,Sulawesi Tenggara,,0,Buton,,2014-12,0.07704911699585798,12,0.07704911699585798,VIIRS DNB,nW/cm2/sr,2014,"{""type"":""MultiPoint"",""coordinates"":[]}"
11_0000000000000000000c,BA03050040,,,,,,,74.72,74,294.137423231,TASWIL5000020230907KABKOTA,Kota Bau Bau,,0.0240007870008,0.955179337168,4326,5,,,Kota Bau Bau,Sulawesi Tenggara,,0,Buton,,2014-12,0.4424310690392003,12,0.4424310690392003,VIIRS DNB,nW/cm2/sr,2014,"{""type"":""MultiPoint"",""coordinates"":[]}"
11_00000000000000000010,BA03050040,,,,,,,74.07,74,450.455914283,TASWIL5000020230907KABKOTA,Wakatobi,,0.0367648905913,3.71804674371,4326,4,,,Wakatobi,Sulawesi Tenggara,,0,Buton,,2014-12,0.16832899917112226,12,0.16832899917112226,VIIRS DNB,nW/cm2/sr,2014,"{""type"":""MultiPoint"",""coordinates"":[]}"
11_00000000000000000011,BA03050040,,,,,,,74.07,74,0.253355482028,TASWIL5000020230907KABKOTA,Wakatobi,Wilayah terapung,2.06703594498E-5,0.0291924563304,4326,4,,,Wakatobi,Sulawesi Tenggara,,0,Buton,,2014-12,1.16234100638896,12,1.16234100638896,VIIRS DNB,nW/cm2/sr,2014,"{""type"":""MultiPoint"",""coordinates"":[]}"
11_00000000000000000012,BA03050040,,,,,,,74.07,74,4.12006083394,TASWIL5000020230907KABKOTA,Wakatobi,Wilayah terapung,3.36232999688E-4,0.124432278786,4326,4,,,Wakatobi,Sulawesi Tenggara,,0,Buton,,2014-12,0.08235321970335685,12,0.08235321970335685,VIIRS DNB,nW/cm2/sr,2014,"{""type"":""MultiPoint"",""coordinates"":[]}"
11_0000000000000000000a,BA03050040,,,,,,,74.05,74,4237.74051506,TASWIL5000020230907KABKOTA,Konawe Selatan,,0.345208073275,5.59324280043,4326,4,,,Konawe Selatan,Sulawesi Tenggara,,0,Kendari,,2014-12,0.020976745507982012,12,0.020976745507982012,VIIRS DNB,nW/cm2/sr,2014,"{""type"":""MultiPoint"",""coordinates"":[]}"
11_0000000000000000000d,BA03050040,,,,,,,74.71,74,265.790696582,TASWIL5000020230907KABKOTA,Kota Kendari,,0.0216443348271,1.21929531969,4326,5,,,Kota Kendari,Sulawesi Tenggara,,0,Kendari,,2014-12,1.3471647038619163,12,1.3471647038619163,VIIRS DNB,nW/cm2/sr,2014,"{""type"":""MultiPoint"",""coordinates"":[]}"
11_00000000000000000006,BA03050040,,,,,,,74.11,74,3992.53107078,TASWIL5000020230907KABKOTA,Kolaka Timur,,0.325055960897,4.62416724675,4326,4,,,Kolaka Timur,Sulawesi Tenggara,,0,Kolaka,,2014-12,0.016389503220981386,12,0.016389503220981386,VIIRS DNB,nW/cm2/sr,2014,"{""type"":""MultiPoint"",""coordinates"":[]}"
11_00000000000000000007,BA03050040,,,,,,,74.08,74,2932.25192061,TASWIL5000020230907KABKOTA,Kolaka Utara,,0.238597308701,3.90865020949,4326,4,,,Kolaka Utara,Sulawesi Tenggara,,0,Kolaka,,2014-12,0.007163878908414754,12,0.007163878908414754,VIIRS DNB,nW/cm2/sr,2014,"{""type"":""MultiPoint"",""coordinates"":[]}"
11_00000000000000000009,BA03050040,,,,,,,74.12,74,705.711010277,TASWIL5000020230907KABKOTA,Konawe Kepulauan,,0.0574768178025,1.17136047971,4326,4,,,Konawe Kepulauan,Sulawesi Tenggara,,0,Konawe,,2014-12,0.04527374155768425,12,0.04527374155768425,VIIRS DNB,nW/cm2/sr,2014,"{""type"":""MultiPoint"",""coordinates"":[]}"
11_0000000000000000000b,BA03050040,,,,,,,74.09,74,4219.81180817,TASWIL5000020230907KABKOTA,Konawe Utara,,0.343408045869,6.15591332033,4326,4,,,Konawe Utara,Sulawesi Tenggara,,0,Konawe,,2014-12,0.016893353152697948,12,0.016893353152697948,VIIRS DNB,nW/cm2/sr,2014,"{""type"":""MultiPoint"",""coordinates"":[]}"
11_00000000000000000004,BA03050040,,,,,,,74.10,74,1755.8292261,TASWIL5000020230907KABKOTA,Buton Utara,,0.143115018242,4.67921811895,4326,4,,,Buton Utara,Sulawesi Tenggara,,0,Muna,,2014-12,-0.055810593956240266,12,-0.055810593956240266,VIIRS DNB,nW/cm2/sr,2014,"{""type"":""MultiPoint"",""coordinates"":[]}"
11_0000000000000000000f,BA03050040,,,,,,,74.13,74,818.701593571,TASWIL5000020230907KABKOTA,Muna Barat,,0.0667415576998,2.65906981122,4326,4,,,Muna Barat,Sulawesi Tenggara,,0,Muna,,2014-12,-0.022422685366857837,12,-0.022422685366857837,VIIRS DNB,nW/cm2/sr,2014,"{""type"":""MultiPoint"",""coordinates"":[]}"
11_00000000000000000013,BA03050040,,,,,,,74.13,74,0.273099429049,TASWIL5000020230907KABKOTA,Muna Barat,Wilayah terapung,2.22679841875E-5,0.0295594995644,4326,4,,,Muna Barat,Sulawesi Tenggara,,0,Muna,,2014-12,0.05066981401953454,12,0.05066981401953454,VIIRS DNB,nW/cm2/sr,2014,"{""type"":""MultiPoint"",""coordinates"":[]}"
11_00000000000000000014,BA03050040,,,,,,,74.10,74,0.0480497061255,TASWIL5000020230907KABKOTA,Buton Utara,Wilayah terapung,3.9169026899E-6,0.0168384250334,4326,4,,,Buton Utara,Sulawesi Tenggara,,0,Muna,,2014-12,0.09238231182098389,12,0.09238231182098389,VIIRS DNB,nW/cm2/sr,2014,"{""type"":""MultiPoint"",""coordinates"":[]}"
12_00000000000000000001,BA03050040,,,,,,,74.04,74,1669.32863016,TASWIL5000020230907KABKOTA,Buton,,0.136188299866,3.04087674144,4326,4,,,Buton,Sulawesi Tenggara,,0,,,2015-01,0.18592406136307293,1,0.18592406136307293,VIIRS DNB,nW/cm2/sr,2015,"{""type"":""MultiPoint"",""coordinates"":[]}"
12_00000000000000000005,BA03050040,,,,,,,74.01,74,2958.9208572,TASWIL5000020230907KABKOTA,Kolaka,,0.240980839474,5.39527306777,4326,4,,,Kolaka,Sulawesi Tenggara,,0,,,2015-01,0.21352902913407035,1,0.21352902913407035,VIIRS DNB,nW/cm2/sr,2015,"{""type"":""MultiPoint"",""coordinates"":[]}"
12_00000000000000000008,BA03050040,,,,,,,74.02,74,5351.85263389,TASWIL5000020230907KABKOTA,Konawe,,0.435602118514,6.84601568998,4326,4,,,Konawe,Sulawesi Tenggara,,0,,,2015-01,0.19427480817082335,1,0.19427480817082335,VIIRS DNB,nW/cm2/sr,2015,"{""type"":""MultiPoint"",""coordinates"":[]}"
12_0000000000000000000e,BA03050040,,,,,,,74.03,74,1858.09481163,TASWIL5000020230907KABKOTA,Muna,,0.151502694674,5.32849464874,4326,4,,,Muna,Sulawesi Tenggara,,0,,,2015-01,0.22474478879804127,1,0.22474478879804127,VIIRS DNB,nW/cm2/sr,2015,"{""type"":""MultiPoint"",""coordinates"":[]}"
12_00000000000000000015,BA03050040,,,,,,,74.03,74,0.17024708351,TASWIL5000020230907KABKOTA,Muna,Wilayah terapung,1.38839187565E-5,0.039960941818,4326,4,,,Muna,Sulawesi Tenggara,,0,,,2015-01,0.2602312986905864,1,0.2602312986905864,VIIRS DNB,nW/cm2/sr,2015,"{""type"":""MultiPoint"",""coordinates"":[]}"
12_00000000000000000016,BA03050040,,,,,,,74.04,74,0.188157250699,TASWIL5000020230907KABKOTA,Buton,Wilayah terapung,1.53526521797E-5,0.0397338812277,4326,4,,,Buton,Sulawesi Tenggara,,0,,,2015-01,0.3779444914797079,1,0.3779444914797079,VIIRS DNB,nW/cm2/sr,2015,"{""type"":""MultiPoint"",""coordinates"":[]}"
12_00000000000000000000,BA03050040,,,,,,,74.06,74,3293.96639913,TASWIL5000020230907KABKOTA,Bombana,,0.268524880662,5.47167246052,4326,4,,,Bombana,Sulawesi Tenggara,,0,Buton,,2015-01,0.12933078690652897,1,0.12933078690652897,VIIRS DNB,nW/cm2/sr,2015,"{""type"":""MultiPoint"",""coordinates"":[]}"
12_00000000000000000002,BA03050040,,,,,,,74.15,74,517.631463505,TASWIL5000020230907KABKOTA,Buton Selatan,,0.042249508051,1.85498741345,4326,4,,,Buton Selatan,Sulawesi Tenggara,,0,Buton,,2015-01,0.17817719439267926,1,0.17817719439267926,VIIRS DNB,nW/cm2/sr,2015,"{""type"":""MultiPoint"",""coordinates"":[]}"
12_00000000000000000003,BA03050040,,,,,,,74.14,74,836.955797791,TASWIL5000020230907KABKOTA,Buton Tengah,,0.0682810706644,2.98412837401,4326,4,,,Buton Tengah,Sulawesi Tenggara,,0,Buton,,2015-01,0.2811929445906343,1,0.2811929445906343,VIIRS DNB,nW/cm2/sr,2015,"{""type"":""MultiPoint"",""coordinates"":[]}"
12_0000000000000000000c,BA03050040,,,,,,,74.72,74,294.137423231,TASWIL5000020230907KABKOTA,Kota Bau Bau,,0.0240007870008,0.955179337168,4326,5,,,Kota Bau Bau,Sulawesi Tenggara,,0,Buton,,2015-01,0.644384201200166,1,0.644384201200166,VIIRS DNB,nW/cm2/sr,2015,"{""type"":""MultiPoint"",""coordinates"":[]}"
12_00000000000000000010,BA03050040,,,,,,,74.07,74,450.455914283,TASWIL5000020230907KABKOTA,Wakatobi,,0.0367648905913,3.71804674371,4326,4,,,Wakatobi,Sulawesi Tenggara,,0,Buton,,2015-01,0.2242874951458062,1,0.2242874951458062,VIIRS DNB,nW/cm2/sr,2015,"{""type"":""MultiPoint"",""coordinates"":[]}"
12_00000000000000000011,BA03050040,,,,,,,74.07,74,0.253355482028,TASWIL5000020230907KABKOTA,Wakatobi,Wilayah terapung,2.06703594498E-5,0.0291924563304,4326,4,,,Wakatobi,Sulawesi Tenggara,,0,Buton,,2015-01,1.1950781694216321,1,1.1950781694216321,VIIRS DNB,nW/cm2/sr,2015,"{""type"":""MultiPoint"",""coordinates"":[]}"
12_00000000000000000012,BA03050040,,,,,,,74.07,74,4.12006083394,TASWIL5000020230907KABKOTA,Wakatobi,Wilayah terapung,3.36232999688E-4,0.124432278786,4326,4,,,Wakatobi,Sulawesi Tenggara,,0,Buton,,2015-01,0.2181861379883699,1,0.2181861379883699,VIIRS DNB,nW/cm2/sr,2015,"{""type"":""MultiPoint"",""coordinates"":[]}"
12_0000000000000000000a,BA03050040,,,,,,,74.05,74,4237.74051506,TASWIL5000020230907KABKOTA,Konawe Selatan,,0.345208073275,5.59324280043,4326,4,,,Konawe Selatan,Sulawesi Tenggara,,0,Kendari,,2015-01,0.17684682804191698,1,0.17684682804191698,VIIRS DNB,nW/cm2/sr,2015,"{""type"":""MultiPoint"",""coordinates"":[]}"
12_0000000000000000000d,BA03050040,,,,,,,74.71,74,265.790696582,TASWIL5000020230907KABKOTA,Kota Kendari,,0.0216443348271,1.21929531969,4326,5,,,Kota Kendari,Sulawesi Tenggara,,0,Kendari,,2015-01,1.92770102806672,1,1.92770102806672,VIIRS DNB,nW/cm2/sr,2015,"{""type"":""MultiPoint"",""coordinates"":[]}"
12_00000000000000000006,BA03050040,,,,,,,74.11,74,3992.53107078,TASWIL5000020230907KABKOTA,Kolaka Timur,,0.325055960897,4.62416724675,4326,4,,,Kolaka Timur,Sulawesi Tenggara,,0,Kolaka,,2015-01,0.14680149379109092,1,0.14680149379109092,VIIRS DNB,nW/cm2/sr,2015,"{""type"":""MultiPoint"",""coordinates"":[]}"
12_00000000000000000007,BA03050040,,,,,,,74.08,74,2932.25192061,TASWIL5000020230907KABKOTA,Kolaka Utara,,0.238597308701,3.90865020949,4326,4,,,Kolaka Utara,Sulawesi Tenggara,,0,Kolaka,,2015-01,0.06855493117662713,1,0.06855493117662713,VIIRS DNB,nW/cm2/sr,2015,"{""type"":""MultiPoint"",""coordinates"":[]}"
12_00000000000000000009,BA03050040,,,,,,,74.12,74,705.711010277,TASWIL5000020230907KABKOTA,Konawe Kepulauan,,0.0574768178025,1.17136047971,4326,4,,,Konawe Kepulauan,Sulawesi Tenggara,,0,Konawe,,2015-01,0.12969109835954476,1,0.12969109835954476,VIIRS DNB,nW/cm2/sr,2015,"{""type"":""MultiPoint"",""coordinates"":[]}"
12_0000000000000000000b,BA03050040,,,,,,,74.09,74,4219.81180817,TASWIL5000020230907KABKOTA,Konawe Utara,,0.343408045869,6.15591332033,4326,4,,,Konawe Utara,Sulawesi Tenggara,,0,Konawe,,2015-01,0.1862852270355731,1,0.1862852270355731,VIIRS DNB,nW/cm2/sr,2015,"{""type"":""MultiPoint"",""coordinates"":[]}"
12_00000000000000000004,BA03050040,,,,,,,74.10,74,1755.8292261,TASWIL5000020230907KABKOTA,Buton Utara,,0.143115018242,4.67921811895,4326,4,,,Buton Utara,Sulawesi Tenggara,,0,Muna,,2015-01,0.16723003721053586,1,0.16723003721053586,VIIRS DNB,nW/cm2/sr,2015,"{""type"":""MultiPoint"",""coordinates"":[]}"
12_0000000000000000000f,BA03050040,,,,,,,74.13,74,818.701593571,TASWIL5000020230907KABKOTA,Muna Barat,,0.0667415576998,2.65906981122,4326,4,,,Muna Barat,Sulawesi Tenggara,,0,Muna,,2015-01,0.2500172110019337,1,0.2500172110019337,VIIRS DNB,nW/cm2/sr,2015,"{""type"":""MultiPoint"",""coordinates"":[]}"
12_00000000000000000013,BA03050040,,,,,,,74.13,74,0.273099429049,TASWIL5000020230907KABKOTA,Muna Barat,Wilayah terapung,2.22679841875E-5,0.0295594995644,4326,4,,,Muna Barat,Sulawesi Tenggara,,0,Muna,,2015-01,0.1688352719164497,1,0.1688352719164497,VIIRS DNB,nW/cm2/sr,2015,"{""type"":""MultiPoint"",""coordinates"":[]}"
12_00000000000000000014,BA03050040,,,,,,,74.10,74,0.0480497061255,TASWIL5000020230907KABKOTA,Buton Utara,Wilayah terapung,3.9169026899E-6,0.0168384250334,4326,4,,,Buton Utara,Sulawesi Tenggara,,0,Muna,,2015-01,0.3976099874292101,1,0.3976099874292101,VIIRS DNB,nW/cm2/sr,2015,"{""type"":""MultiPoint"",""coordinates"":[]}"
13_00000000000000000001,BA03050040,,,,,,,74.04,74,1669.32863016,TASWIL5000020230907KABKOTA,Buton,,0.136188299866,3.04087674144,4326,4,,,Buton,Sulawesi Tenggara,,0,,,2015-02,0.14103412673304402,2,0.14103412673304402,VIIRS DNB,nW/cm2/sr,2015,"{""type"":""MultiPoint"",""coordinates"":[]}"
13_00000000000000000005,BA03050040,,,,,,,74.01,74,2958.9208572,TASWIL5000020230907KABKOTA,Kolaka,,0.240980839474,5.39527306777,4326,4,,,Kolaka,Sulawesi Tenggara,,0,,,2015-02,0.14697489381843573,2,0.14697489381843573,VIIRS DNB,nW/cm2/sr,2015,"{""type"":""MultiPoint"",""coordinates"":[]}"
13_00000000000000000008,BA03050040,,,,,,,74.02,74,5351.85263389,TASWIL5000020230907KABKOTA,Konawe,,0.435602118514,6.84601568998,4326,4,,,Konawe,Sulawesi Tenggara,,0,,,2015-02,0.10200981527718596,2,0.10200981527718596,VIIRS DNB,nW/cm2/sr,2015,"{""type"":""MultiPoint"",""coordinates"":[]}"
13_0000000000000000000e,BA03050040,,,,,,,74.03,74,1858.09481163,TASWIL5000020230907KABKOTA,Muna,,0.151502694674,5.32849464874,4326,4,,,Muna,Sulawesi Tenggara,,0,,,2015-02,0.1223801496608575,2,0.1223801496608575,VIIRS DNB,nW/cm2/sr,2015,"{""type"":""MultiPoint"",""coordinates"":[]}"
13_00000000000000000015,BA03050040,,,,,,,74.03,74,0.17024708351,TASWIL5000020230907KABKOTA,Muna,Wilayah terapung,1.38839187565E-5,0.039960941818,4326,4,,,Muna,Sulawesi Tenggara,,0,,,2015-02,0.12957146109184087,2,0.12957146109184087,VIIRS DNB,nW/cm2/sr,2015,"{""type"":""MultiPoint"",""coordinates"":[]}"
13_00000000000000000016,BA03050040,,,,,,,74.04,74,0.188157250699,TASWIL5000020230907KABKOTA,Buton,Wilayah terapung,1.53526521797E-5,0.0397338812277,4326,4,,,Buton,Sulawesi Tenggara,,0,,,2015-02,0.2833387066164743,2,0.2833387066164743,VIIRS DNB,nW/cm2/sr,2015,"{""type"":""MultiPoint"",""coordinates"":[]}"
13_00000000000000000000,BA03050040,,,,,,,74.06,74,3293.96639913,TASWIL5000020230907KABKOTA,Bombana,,0.268524880662,5.47167246052,4326,4,,,Bombana,Sulawesi Tenggara,,0,Buton,,2015-02,0.12320839399807033,2,0.12320839399807033,VIIRS DNB,nW/cm2/sr,2015,"{""type"":""MultiPoint"",""coordinates"":[]}"
13_00000000000000000002,BA03050040,,,,,,,74.15,74,517.631463505,TASWIL5000020230907KABKOTA,Buton Selatan,,0.042249508051,1.85498741345,4326,4,,,Buton Selatan,Sulawesi Tenggara,,0,Buton,,2015-02,0.11283594592312303,2,0.11283594592312303,VIIRS DNB,nW/cm2/sr,2015,"{""type"":""MultiPoint"",""coordinates"":[]}"
13_00000000000000000003,BA03050040,,,,,,,74.14,74,836.955797791,TASWIL5000020230907KABKOTA,Buton Tengah,,0.0682810706644,2.98412837401,4326,4,,,Buton Tengah,Sulawesi Tenggara,,0,Buton,,2015-02,0.10593273940269378,2,0.10593273940269378,VIIRS DNB,nW/cm2/sr,2015,"{""type"":""MultiPoint"",""coordinates"":[]}"
13_0000000000000000000c,BA03050040,,,,,,,74.72,74,294.137423231,TASWIL5000020230907KABKOTA,Kota Bau Bau,,0.0240007870008,0.955179337168,4326,5,,,Kota Bau Bau,Sulawesi Tenggara,,0,Buton,,2015-02,0.5122916033654704,2,0.5122916033654704,VIIRS DNB,nW/cm2/sr,2015,"{""type"":""MultiPoint"",""coordinates"":[]}"
13_00000000000000000010,BA03050040,,,,,,,74.07,74,450.455914283,TASWIL5000020230907KABKOTA,Wakatobi,,0.0367648905913,3.71804674371,4326,4,,,Wakatobi,Sulawesi Tenggara,,0,Buton,,2015-02,0.20394745243561754,2,0.20394745243561754,VIIRS DNB,nW/cm2/sr,2015,"{""type"":""MultiPoint"",""coordinates"":[]}"
13_00000000000000000011,BA03050040,,,,,,,74.07,74,0.253355482028,TASWIL5000020230907KABKOTA,Wakatobi,Wilayah terapung,2.06703594498E-5,0.0291924563304,4326,4,,,Wakatobi,Sulawesi Tenggara,,0,Buton,,2015-02,1.6392441001511362,2,1.6392441001511362,VIIRS DNB,nW/cm2/sr,2015,"{""type"":""MultiPoint"",""coordinates"":[]}"
13_00000000000000000012,BA03050040,,,,,,,74.07,74,4.12006083394,TASWIL5000020230907KABKOTA,Wakatobi,Wilayah terapung,3.36232999688E-4,0.124432278786,4326,4,,,Wakatobi,Sulawesi Tenggara,,0,Buton,,2015-02,0.15267772967315463,2,0.15267772967315463,VIIRS DNB,nW/cm2/sr,2015,"{""type"":""MultiPoint"",""coordinates"":[]}"
13_0000000000000000000a,BA03050040,,,,,,,74.05,74,4237.74051506,TASWIL5000020230907KABKOTA,Konawe Selatan,,0.345208073275,5.59324280043,4326,4,,,Konawe Selatan,Sulawesi Tenggara,,0,Kendari,,2015-02,0.10131847899525613,2,0.10131847899525613,VIIRS DNB,nW/cm2/sr,2015,"{""type"":""MultiPoint"",""coordinates"":[]}"
13_0000000000000000000d,BA03050040,,,,,,,74.71,74,265.790696582,TASWIL5000020230907KABKOTA,Kota Kendari,,0.0216443348271,1.21929531969,4326,5,,,Kota Kendari,Sulawesi Tenggara,,0,Kendari,,2015-02,0.8736753705968787,2,0.8736753705968787,VIIRS DNB,nW/cm2/sr,2015,"{""type"":""MultiPoint"",""coordinates"":[]}"
13_00000000000000000006,BA03050040,,,,,,,74.11,74,3992.53107078,TASWIL5000020230907KABKOTA,Kolaka Timur,,0.325055960897,4.62416724675,4326,4,,,Kolaka Timur,Sulawesi Tenggara,,0,Kolaka,,2015-02,0.096175789593311,2,0.096175789593311,VIIRS DNB,nW/cm2/sr,2015,"{""type"":""MultiPoint"",""coordinates"":[]}"
13_00000000000000000007,BA03050040,,,,,,,74.08,74,2932.25192061,TASWIL5000020230907KABKOTA,Kolaka Utara,,0.238597308701,3.90865020949,4326,4,,,Kolaka Utara,Sulawesi Tenggara,,0,Kolaka,,2015-02,0.1136885345591588,2,0.1136885345591588,VIIRS DNB,nW/cm2/sr,2015,"{""type"":""MultiPoint"",""coordinates"":[]}"
13_00000000000000000009,BA03050040,,,,,,,74.12,74,705.711010277,TASWIL5000020230907KABKOTA,Konawe Kepulauan,,0.0574768178025,1.17136047971,4326,4,,,Konawe Kepulauan,Sulawesi Tenggara,,0,Konawe,,2015-02,0.16371909224964964,2,0.16371909224964964,VIIRS DNB,nW/cm2/sr,2015,"{""type"":""MultiPoint"",""coordinates"":[]}"
13_0000000000000000000b,BA03050040,,,,,,,74.09,74,4219.81180817,TASWIL5000020230907KABKOTA,Konawe Utara,,0.343408045869,6.15591332033,4326,4,,,Konawe Utara,Sulawesi Tenggara,,0,Konawe,,2015-02,0.11177581376924497,2,0.11177581376924497,VIIRS DNB,nW/cm2/sr,2015,"{""type"":""MultiPoint"",""coordinates"":[]}"
13_00000000000000000004,BA03050040,,,,,,,74.10,74,1755.8292261,TASWIL5000020230907KABKOTA,Buton Utara,,0.143115018242,4.67921811895,4326,4,,,Buton Utara,Sulawesi Tenggara,,0,Muna,,2015-02,0.11563706708830465,2,0.11563706708830465,VIIRS DNB,nW/cm2/sr,2015,"{""type"":""MultiPoint"",""coordinates"":[]}"
13_0000000000000000000f,BA03050040,,,,,,,74.13,74,818.701593571,TASWIL5000020230907KABKOTA,Muna Barat,,0.0667415576998,2.65906981122,4326,4,,,Muna Barat,Sulawesi Tenggara,,0,Muna,,2015-02,0.0937401747368122,2,0.0937401747368122,VIIRS DNB,nW/cm2/sr,2015,"{""type"":""MultiPoint"",""coordinates"":[]}"
13_00000000000000000013,BA03050040,,,,,,,74.13,74,0.273099429049,TASWIL5000020230907KABKOTA,Muna Barat,Wilayah terapung,2.22679841875E-5,0.0295594995644,4326,4,,,Muna Barat,Sulawesi Tenggara,,0,Muna,,2015-02,0.1032242852427899,2,0.1032242852427899,VIIRS DNB,nW/cm2/sr,2015,"{""type"":""MultiPoint"",""coordinates"":[]}"
13_00000000000000000014,BA03050040,,,,,,,74.10,74,0.0480497061255,TASWIL5000020230907KABKOTA,Buton Utara,Wilayah terapung,3.9169026899E-6,0.0168384250334,4326,4,,,Buton Utara,Sulawesi Tenggara,,0,Muna,,2015-02,0.0,2,0.0,VIIRS DNB,nW/cm2/sr,2015,"{""type"":""MultiPoint"",""coordinates"":[]}"
14_00000000000000000001,BA03050040,,,,,,,74.04,74,1669.32863016,TASWIL5000020230907KABKOTA,Buton,,0.136188299866,3.04087674144,4326,4,,,Buton,Sulawesi Tenggara,,0,,,2015-03,0.1688775672891739,3,0.1688775672891739,VIIRS DNB,nW/cm2/sr,2015,"{""type"":""MultiPoint"",""coordinates"":[]}"
14_00000000000000000005,BA03050040,,,,,,,74.01,74,2958.9208572,TASWIL5000020230907KABKOTA,Kolaka,,0.240980839474,5.39527306777,4326,4,,,Kolaka,Sulawesi Tenggara,,0,,,2015-03,0.23319949033271706,3,0.23319949033271706,VIIRS DNB,nW/cm2/sr,2015,"{""type"":""MultiPoint"",""coordinates"":[]}"
14_00000000000000000008,BA03050040,,,,,,,74.02,74,5351.85263389,TASWIL5000020230907KABKOTA,Konawe,,0.435602118514,6.84601568998,4326,4,,,Konawe,Sulawesi Tenggara,,0,,,2015-03,0.19346275908454946,3,0.19346275908454946,VIIRS DNB,nW/cm2/sr,2015,"{""type"":""MultiPoint"",""coordinates"":[]}"
14_0000000000000000000e,BA03050040,,,,,,,74.03,74,1858.09481163,TASWIL5000020230907KABKOTA,Muna,,0.151502694674,5.32849464874,4326,4,,,Muna,Sulawesi Tenggara,,0,,,2015-03,0.18559377578814987,3,0.18559377578814987,VIIRS DNB,nW/cm2/sr,2015,"{""type"":""MultiPoint"",""coordinates"":[]}"
14_00000000000000000015,BA03050040,,,,,,,74.03,74,0.17024708351,TASWIL5000020230907KABKOTA,Muna,Wilayah terapung,1.38839187565E-5,0.039960941818,4326,4,,,Muna,Sulawesi Tenggara,,0,,,2015-03,0.27889928230315963,3,0.27889928230315963,VIIRS DNB,nW/cm2/sr,2015,"{""type"":""MultiPoint"",""coordinates"":[]}"
14_00000000000000000016,BA03050040,,,,,,,74.04,74,0.188157250699,TASWIL5000020230907KABKOTA,Buton,Wilayah terapung,1.53526521797E-5,0.0397338812277,4326,4,,,Buton,Sulawesi Tenggara,,0,,,2015-03,0.2995804741006831,3,0.2995804741006831,VIIRS DNB,nW/cm2/sr,2015,"{""type"":""MultiPoint"",""coordinates"":[]}"
14_00000000000000000000,BA03050040,,,,,,,74.06,74,3293.96639913,TASWIL5000020230907KABKOTA,Bombana,,0.268524880662,5.47167246052,4326,4,,,Bombana,Sulawesi Tenggara,,0,Buton,,2015-03,0.1697492643850646,3,0.1697492643850646,VIIRS DNB,nW/cm2/sr,2015,"{""type"":""MultiPoint"",""coordinates"":[]}"
14_00000000000000000002,BA03050040,,,,,,,74.15,74,517.631463505,TASWIL5000020230907KABKOTA,Buton Selatan,,0.042249508051,1.85498741345,4326,4,,,Buton Selatan,Sulawesi Tenggara,,0,Buton,,2015-03,0.19761734896109862,3,0.19761734896109862,VIIRS DNB,nW/cm2/sr,2015,"{""type"":""MultiPoint"",""coordinates"":[]}"
14_00000000000000000003,BA03050040,,,,,,,74.14,74,836.955797791,TASWIL5000020230907KABKOTA,Buton Tengah,,0.0682810706644,2.98412837401,4326,4,,,Buton Tengah,Sulawesi Tenggara,,0,Buton,,2015-03,0.22274266849736055,3,0.22274266849736055,VIIRS DNB,nW/cm2/sr,2015,"{""type"":""MultiPoint"",""coordinates"":[]}"
14_0000000000000000000c,BA03050040,,,,,,,74.72,74,294.137423231,TASWIL5000020230907KABKOTA,Kota Bau Bau,,0.0240007870008,0.955179337168,4326,5,,,Kota Bau Bau,Sulawesi Tenggara,,0,Buton,,2015-03,0.6761391074750254,3,0.6761391074750254,VIIRS DNB,nW/cm2/sr,2015,"{""type"":""MultiPoint"",""coordinates"":[]}"
14_00000000000000000010,BA03050040,,,,,,,74.07,74,450.455914283,TASWIL5000020230907KABKOTA,Wakatobi,,0.0367648905913,3.71804674371,4326,4,,,Wakatobi,Sulawesi Tenggara,,0,Buton,,2015-03,0.21013430647243994,3,0.21013430647243994,VIIRS DNB,nW/cm2/sr,2015,"{""type"":""MultiPoint"",""coordinates"":[]}"
14_00000000000000000011,BA03050040,,,,,,,74.07,74,0.253355482028,TASWIL5000020230907KABKOTA,Wakatobi,Wilayah terapung,2.06703594498E-5,0.0291924563304,4326,4,,,Wakatobi,Sulawesi Tenggara,,0,Buton,,2015-03,1.6682012892046643,3,1.6682012892046643,VIIRS DNB,nW/cm2/sr,2015,"{""type"":""MultiPoint"",""coordinates"":[]}"
14_00000000000000000012,BA03050040,,,,,,,74.07,74,4.12006083394,TASWIL5000020230907KABKOTA,Wakatobi,Wilayah terapung,3.36232999688E-4,0.124432278786,4326,4,,,Wakatobi,Sulawesi Tenggara,,0,Buton,,2015-03,0.20716796267491125,3,0.20716796267491125,VIIRS DNB,nW/cm2/sr,2015,"{""type"":""MultiPoint"",""coordinates"":[]}"
14_0000000000000000000a,BA03050040,,,,,,,74.05,74,4237.74051506,TASWIL5000020230907KABKOTA,Konawe Selatan,,0.345208073275,5.59324280043,4326,4,,,Konawe Selatan,Sulawesi Tenggara,,0,Kendari,,2015-03,0.21413292503056705,3,0.21413292503056705,VIIRS DNB,nW/cm2/sr,2015,"{""type"":""MultiPoint"",""coordinates"":[]}"
14_0000000000000000000d,BA03050040,,,,,,,74.71,74,265.790696582,TASWIL5000020230907KABKOTA,Kota Kendari,,0.0216443348271,1.21929531969,4326,5,,,Kota Kendari,Sulawesi Tenggara,,0,Kendari,,2015-03,1.7975749848786522,3,1.7975749848786522,VIIRS DNB,nW/cm2/sr,2015,"{""type"":""MultiPoint"",""coordinates"":[]}"
14_00000000000000000006,BA03050040,,,,,,,74.11,74,3992.53107078,TASWIL5000020230907KABKOTA,Kolaka Timur,,0.325055960897,4.62416724675,4326,4,,,Kolaka Timur,Sulawesi Tenggara,,0,Kolaka,,2015-03,0.18866111043728953,3,0.18866111043728953,VIIRS DNB,nW/cm2/sr,2015,"{""type"":""MultiPoint"",""coordinates"":[]}"
14_00000000000000000007,BA03050040,,,,,,,74.08,74,2932.25192061,TASWIL5000020230907KABKOTA,Kolaka Utara,,0.238597308701,3.90865020949,4326,4,,,Kolaka Utara,Sulawesi Tenggara,,0,Kolaka,,2015-03,0.17216836523215587,3,0.17216836523215587,VIIRS DNB,nW/cm2/sr,2015,"{""type"":""MultiPoint"",""coordinates"":[]}"
14_00000000000000000009,BA03050040,,,,,,,74.12,74,705.711010277,TASWIL5000020230907KABKOTA,Konawe Kepulauan,,0.0574768178025,1.17136047971,4326,4,,,Konawe Kepulauan,Sulawesi Tenggara,,0,Konawe,,2015-03,0.16119861293406654,3,0.16119861293406654,VIIRS DNB,nW/cm2/sr,2015,"{""type"":""MultiPoint"",""coordinates"":[]}"
14_0000000000000000000b,BA03050040,,,,,,,74.09,74,4219.81180817,TASWIL5000020230907KABKOTA,Konawe Utara,,0.343408045869,6.15591332033,4326,4,,,Konawe Utara,Sulawesi Tenggara,,0,Konawe,,2015-03,0.14276929725072576,3,0.14276929725072576,VIIRS DNB,nW/cm2/sr,2015,"{""type"":""MultiPoint"",""coordinates"":[]}"
14_00000000000000000004,BA03050040,,,,,,,74.10,74,1755.8292261,TASWIL5000020230907KABKOTA,Buton Utara,,0.143115018242,4.67921811895,4326,4,,,Buton Utara,Sulawesi Tenggara,,0,Muna,,2015-03,0.1362865871857975,3,0.1362865871857975,VIIRS DNB,nW/cm2/sr,2015,"{""type"":""MultiPoint"",""coordinates"":[]}"
14_0000000000000000000f,BA03050040,,,,,,,74.13,74,818.701593571,TASWIL5000020230907KABKOTA,Muna Barat,,0.0667415576998,2.65906981122,4326,4,,,Muna Barat,Sulawesi Tenggara,,0,Muna,,2015-03,0.1924964394047217,3,0.1924964394047217,VIIRS DNB,nW/cm2/sr,2015,"{""type"":""MultiPoint"",""coordinates"":[]}"
14_00000000000000000013,BA03050040,,,,,,,74.13,74,0.273099429049,TASWIL5000020230907KABKOTA,Muna Barat,Wilayah terapung,2.22679841875E-5,0.0295594995644,4326,4,,,Muna Barat,Sulawesi Tenggara,,0,Muna,,2015-03,0.14783744887862393,3,0.14783744887862393,VIIRS DNB,nW/cm2/sr,2015,"{""type"":""MultiPoint"",""coordinates"":[]}"
14_00000000000000000014,BA03050040,,,,,,,74.10,74,0.0480497061255,TASWIL5000020230907KABKOTA,Buton Utara,Wilayah terapung,3.9169026899E-6,0.0168384250334,4326,4,,,Buton Utara,Sulawesi Tenggara,,0,Muna,,2015-03,0.45430749654769903,3,0.45430749654769903,VIIRS DNB,nW/cm2/sr,2015,"{""type"":""MultiPoint"",""coordinates"":[]}"
15_00000000000000000001,BA03050040,,,,,,,74.04,74,1669.32863016,TASWIL5000020230907KABKOTA,Buton,,0.136188299866,3.04087674144,4326,4,,,Buton,Sulawesi Tenggara,,0,,,2015-04,0.12934398840304914,4,0.12934398840304914,VIIRS DNB,nW/cm2/sr,2015,"{""type"":""MultiPoint"",""coordinates"":[]}"
15_00000000000000000005,BA03050040,,,,,,,74.01,74,2958.9208572,TASWIL5000020230907KABKOTA,Kolaka,,0.240980839474,5.39527306777,4326,4,,,Kolaka,Sulawesi Tenggara,,0,,,2015-04,0.21313303539515352,4,0.21313303539515352,VIIRS DNB,nW/cm2/sr,2015,"{""type"":""MultiPoint"",""coordinates"":[]}"
15_00000000000000000008,BA03050040,,,,,,,74.02,74,5351.85263389,TASWIL5000020230907KABKOTA,Konawe,,0.435602118514,6.84601568998,4326,4,,,Konawe,Sulawesi Tenggara,,0,,,2015-04,0.1103045471067859,4,0.1103045471067859,VIIRS DNB,nW/cm2/sr,2015,"{""type"":""MultiPoint"",""coordinates"":[]}"
15_0000000000000000000e,BA03050040,,,,,,,74.03,74,1858.09481163,TASWIL5000020230907KABKOTA,Muna,,0.151502694674,5.32849464874,4326,4,,,Muna,Sulawesi Tenggara,,0,,,2015-04,0.19852651138425867,4,0.19852651138425867,VIIRS DNB,nW/cm2/sr,2015,"{""type"":""MultiPoint"",""coordinates"":[]}"
15_00000000000000000015,BA03050040,,,,,,,74.03,74,0.17024708351,TASWIL5000020230907KABKOTA,Muna,Wilayah terapung,1.38839187565E-5,0.039960941818,4326,4,,,Muna,Sulawesi Tenggara,,0,,,2015-04,0.17584771296881527,4,0.17584771296881527,VIIRS DNB,nW/cm2/sr,2015,"{""type"":""MultiPoint"",""coordinates"":[]}"
15_00000000000000000016,BA03050040,,,,,,,74.04,74,0.188157250699,TASWIL5000020230907KABKOTA,Buton,Wilayah terapung,1.53526521797E-5,0.0397338812277,4326,4,,,Buton,Sulawesi Tenggara,,0,,,2015-04,0.31201079811738885,4,0.31201079811738885,VIIRS DNB,nW/cm2/sr,2015,"{""type"":""MultiPoint"",""coordinates"":[]}"
15_00000000000000000000,BA03050040,,,,,,,74.06,74,3293.96639913,TASWIL5000020230907KABKOTA,Bombana,,0.268524880662,5.47167246052,4326,4,,,Bombana,Sulawesi Tenggara,,0,Buton,,2015-04,0.07901151853625418,4,0.07901151853625418,VIIRS DNB,nW/cm2/sr,2015,"{""type"":""MultiPoint"",""coordinates"":[]}"
15_00000000000000000002,BA03050040,,,,,,,74.15,74,517.631463505,TASWIL5000020230907KABKOTA,Buton Selatan,,0.042249508051,1.85498741345,4326,4,,,Buton Selatan,Sulawesi Tenggara,,0,Buton,,2015-04,0.1399814971415807,4,0.1399814971415807,VIIRS DNB,nW/cm2/sr,2015,"{""type"":""MultiPoint"",""coordinates"":[]}"
15_00000000000000000003,BA03050040,,,,,,,74.14,74,836.955797791,TASWIL5000020230907KABKOTA,Buton Tengah,,0.0682810706644,2.98412837401,4326,4,,,Buton Tengah,Sulawesi Tenggara,,0,Buton,,2015-04,0.2008616973374531,4,0.2008616973374531,VIIRS DNB,nW/cm2/sr,2015,"{""type"":""MultiPoint"",""coordinates"":[]}"
15_0000000000000000000c,BA03050040,,,,,,,74.72,74,294.137423231,TASWIL5000020230907KABKOTA,Kota Bau Bau,,0.0240007870008,0.955179337168,4326,5,,,Kota Bau Bau,Sulawesi Tenggara,,0,Buton,,2015-04,0.6005516124812224,4,0.6005516124812224,VIIRS DNB,nW/cm2/sr,2015,"{""type"":""MultiPoint"",""coordinates"":[]}"
15_00000000000000000010,BA03050040,,,,,,,74.07,74,450.455914283,TASWIL5000020230907KABKOTA,Wakatobi,,0.0367648905913,3.71804674371,4326,4,,,Wakatobi,Sulawesi Tenggara,,0,Buton,,2015-04,0.11073459136187723,4,0.11073459136187723,VIIRS DNB,nW/cm2/sr,2015,"{""type"":""MultiPoint"",""coordinates"":[]}"
15_00000000000000000011,BA03050040,,,,,,,74.07,74,0.253355482028,TASWIL5000020230907KABKOTA,Wakatobi,Wilayah terapung,2.06703594498E-5,0.0291924563304,4326,4,,,Wakatobi,Sulawesi Tenggara,,0,Buton,,2015-04,1.7516483991414076,4,1.7516483991414076,VIIRS DNB,nW/cm2/sr,2015,"{""type"":""MultiPoint"",""coordinates"":[]}"
15_00000000000000000012,BA03050040,,,,,,,74.07,74,4.12006083394,TASWIL5000020230907KABKOTA,Wakatobi,Wilayah terapung,3.36232999688E-4,0.124432278786,4326,4,,,Wakatobi,Sulawesi Tenggara,,0,Buton,,2015-04,0.0010389394794739612,4,0.0010389394794739612,VIIRS DNB,nW/cm2/sr,2015,"{""type"":""MultiPoint"",""coordinates"":[]}"
15_0000000000000000000a,BA03050040,,,,,,,74.05,74,4237.74051506,TASWIL5000020230907KABKOTA,Konawe Selatan,,0.345208073275,5.59324280043,4326,4,,,Konawe Selatan,Sulawesi Tenggara,,0,Kendari,,2015-04,0.13125724406141925,4,0.13125724406141925,VIIRS DNB,nW/cm2/sr,2015,"{""type"":""MultiPoint"",""coordinates"":[]}"
15_0000000000000000000d,BA03050040,,,,,,,74.71,74,265.790696582,TASWIL5000020230907KABKOTA,Kota Kendari,,0.0216443348271,1.21929531969,4326,5,,,Kota Kendari,Sulawesi Tenggara,,0,Kendari,,2015-04,1.7762092950614436,4,1.7762092950614436,VIIRS DNB,nW/cm2/sr,2015,"{""type"":""MultiPoint"",""coordinates"":[]}"
15_00000000000000000006,BA03050040,,,,,,,74.11,74,3992.53107078,TASWIL5000020230907KABKOTA,Kolaka Timur,,0.325055960897,4.62416724675,4326,4,,,Kolaka Timur,Sulawesi Tenggara,,0,Kolaka,,2015-04,0.08525487947053122,4,0.08525487947053122,VIIRS DNB,nW/cm2/sr,2015,"{""type"":""MultiPoint"",""coordinates"":[]}"
15_00000000000000000007,BA03050040,,,,,,,74.08,74,2932.25192061,TASWIL5000020230907KABKOTA,Kolaka Utara,,0.238597308701,3.90865020949,4326,4,,,Kolaka Utara,Sulawesi Tenggara,,0,Kolaka,,2015-04,0.11837988497508138,4,0.11837988497508138,VIIRS DNB,nW/cm2/sr,2015,"{""type"":""MultiPoint"",""coordinates"":[]}"
15_00000000000000000009,BA03050040,,,,,,,74.12,74,705.711010277,TASWIL5000020230907KABKOTA,Konawe Kepulauan,,0.0574768178025,1.17136047971,4326,4,,,Konawe Kepulauan,Sulawesi Tenggara,,0,Konawe,,2015-04,0.11730856637832833,4,0.11730856637832833,VIIRS DNB,nW/cm2/sr,2015,"{""type"":""MultiPoint"",""coordinates"":[]}"
15_0000000000000000000b,BA03050040,,,,,,,74.09,74,4219.81180817,TASWIL5000020230907KABKOTA,Konawe Utara,,0.343408045869,6.15591332033,4326,4,,,Konawe Utara,Sulawesi Tenggara,,0,Konawe,,2015-04,0.06979383755802529,4,0.06979383755802529,VIIRS DNB,nW/cm2/sr,2015,"{""type"":""MultiPoint"",""coordinates"":[]}"
15_00000000000000000004,BA03050040,,,,,,,74.10,74,1755.8292261,TASWIL5000020230907KABKOTA,Buton Utara,,0.143115018242,4.67921811895,4326,4,,,Buton Utara,Sulawesi Tenggara,,0,Muna,,2015-04,0.10013249068614918,4,0.10013249068614918,VIIRS DNB,nW/cm2/sr,2015,"{""type"":""MultiPoint"",""coordinates"":[]}"
15_0000000000000000000f,BA03050040,,,,,,,74.13,74,818.701593571,TASWIL5000020230907KABKOTA,Muna Barat,,0.0667415576998,2.65906981122,4326,4,,,Muna Barat,Sulawesi Tenggara,,0,Muna,,2015-04,0.16164861759932758,4,0.16164861759932758,VIIRS DNB,nW/cm2/sr,2015,"{""type"":""MultiPoint"",""coordinates"":[]}"
15_00000000000000000013,BA03050040,,,,,,,74.13,74,0.273099429049,TASWIL5000020230907KABKOTA,Muna Barat,Wilayah terapung,2.22679841875E-5,0.0295594995644,4326,4,,,Muna Barat,Sulawesi Tenggara,,0,Muna,,2015-04,0.01656981394878363,4,0.01656981394878363,VIIRS DNB,nW/cm2/sr,2015,"{""type"":""MultiPoint"",""coordinates"":[]}"
15_00000000000000000014,BA03050040,,,,,,,74.10,74,0.0480497061255,TASWIL5000020230907KABKOTA,Buton Utara,Wilayah terapung,3.9169026899E-6,0.0168384250334,4326,4,,,Buton Utara,Sulawesi Tenggara,,0,Muna,,2015-04,0.49818640095847,4,0.49818640095847,VIIRS DNB,nW/cm2/sr,2015,"{""type"":""MultiPoint"",""coordinates"":[]}"
16_00000000000000000001,BA03050040,,,,,,,74.04,74,1669.32863016,TASWIL5000020230907KABKOTA,Buton,,0.136188299866,3.04087674144,4326,4,,,Buton,Sulawesi Tenggara,,0,,,2015-05,0.07774525463147962,5,0.07774525463147962,VIIRS DNB,nW/cm2/sr,2015,"{""type"":""MultiPoint"",""coordinates"":[]}"
16_00000000000000000005,BA03050040,,,,,,,74.01,74,2958.9208572,TASWIL5000020230907KABKOTA,Kolaka,,0.240980839474,5.39527306777,4326,4,,,Kolaka,Sulawesi Tenggara,,0,,,2015-05,0.1527966785879618,5,0.1527966785879618,VIIRS DNB,nW/cm2/sr,2015,"{""type"":""MultiPoint"",""coordinates"":[]}"
16_00000000000000000008,BA03050040,,,,,,,74.02,74,5351.85263389,TASWIL5000020230907KABKOTA,Konawe,,0.435602118514,6.84601568998,4326,4,,,Konawe,Sulawesi Tenggara,,0,,,2015-05,0.10653496571913533,5,0.10653496571913533,VIIRS DNB,nW/cm2/sr,2015,"{""type"":""MultiPoint"",""coordinates"":[]}"
16_0000000000000000000e,BA03050040,,,,,,,74.03,74,1858.09481163,TASWIL5000020230907KABKOTA,Muna,,0.151502694674,5.32849464874,4326,4,,,Muna,Sulawesi Tenggara,,0,,,2015-05,0.10516080383427356,5,0.10516080383427356,VIIRS DNB,nW/cm2/sr,2015,"{""type"":""MultiPoint"",""coordinates"":[]}"
16_00000000000000000015,BA03050040,,,,,,,74.03,74,0.17024708351,TASWIL5000020230907KABKOTA,Muna,Wilayah terapung,1.38839187565E-5,0.039960941818,4326,4,,,Muna,Sulawesi Tenggara,,0,,,2015-05,0.1601396600333597,5,0.1601396600333597,VIIRS DNB,nW/cm2/sr,2015,"{""type"":""MultiPoint"",""coordinates"":[]}"
16_00000000000000000016,BA03050040,,,,,,,74.04,74,0.188157250699,TASWIL5000020230907KABKOTA,Buton,Wilayah terapung,1.53526521797E-5,0.0397338812277,4326,4,,,Buton,Sulawesi Tenggara,,0,,,2015-05,0.20732878958401477,5,0.20732878958401477,VIIRS DNB,nW/cm2/sr,2015,"{""type"":""MultiPoint"",""coordinates"":[]}"
16_00000000000000000000,BA03050040,,,,,,,74.06,74,3293.96639913,TASWIL5000020230907KABKOTA,Bombana,,0.268524880662,5.47167246052,4326,4,,,Bombana,Sulawesi Tenggara,,0,Buton,,2015-05,0.08562097416275768,5,0.08562097416275768,VIIRS DNB,nW/cm2/sr,2015,"{""type"":""MultiPoint"",""coordinates"":[]}"
16_00000000000000000002,BA03050040,,,,,,,74.15,74,517.631463505,TASWIL5000020230907KABKOTA,Buton Selatan,,0.042249508051,1.85498741345,4326,4,,,Buton Selatan,Sulawesi Tenggara,,0,Buton,,2015-05,0.07746879653383353,5,0.07746879653383353,VIIRS DNB,nW/cm2/sr,2015,"{""type"":""MultiPoint"",""coordinates"":[]}"
16_00000000000000000003,BA03050040,,,,,,,74.14,74,836.955797791,TASWIL5000020230907KABKOTA,Buton Tengah,,0.0682810706644,2.98412837401,4326,4,,,Buton Tengah,Sulawesi Tenggara,,0,Buton,,2015-05,0.07827733471553548,5,0.07827733471553548,VIIRS DNB,nW/cm2/sr,2015,"{""type"":""MultiPoint"",""coordinates"":[]}"
16_0000000000000000000c,BA03050040,,,,,,,74.72,74,294.137423231,TASWIL5000020230907KABKOTA,Kota Bau Bau,,0.0240007870008,0.955179337168,4326,5,,,Kota Bau Bau,Sulawesi Tenggara,,0,Buton,,2015-05,0.5519050292162547,5,0.5519050292162547,VIIRS DNB,nW/cm2/sr,2015,"{""type"":""MultiPoint"",""coordinates"":[]}"
16_00000000000000000010,BA03050040,,,,,,,74.07,74,450.455914283,TASWIL5000020230907KABKOTA,Wakatobi,,0.0367648905913,3.71804674371,4326,4,,,Wakatobi,Sulawesi Tenggara,,0,Buton,,2015-05,0.1234726290167923,5,0.1234726290167923,VIIRS DNB,nW/cm2/sr,2015,"{""type"":""MultiPoint"",""coordinates"":[]}"
16_00000000000000000011,BA03050040,,,,,,,74.07,74,0.253355482028,TASWIL5000020230907KABKOTA,Wakatobi,Wilayah terapung,2.06703594498E-5,0.0291924563304,4326,4,,,Wakatobi,Sulawesi Tenggara,,0,Buton,,2015-05,1.6925373102805412,5,1.6925373102805412,VIIRS DNB,nW/cm2/sr,2015,"{""type"":""MultiPoint"",""coordinates"":[]}"
16_00000000000000000012,BA03050040,,,,,,,74.07,74,4.12006083394,TASWIL5000020230907KABKOTA,Wakatobi,Wilayah terapung,3.36232999688E-4,0.124432278786,4326,4,,,Wakatobi,Sulawesi Tenggara,,0,Buton,,2015-05,0.10025460337823225,5,0.10025460337823225,VIIRS DNB,nW/cm2/sr,2015,"{""type"":""MultiPoint"",""coordinates"":[]}"
16_0000000000000000000a,BA03050040,,,,,,,74.05,74,4237.74051506,TASWIL5000020230907KABKOTA,Konawe Selatan,,0.345208073275,5.59324280043,4326,4,,,Konawe Selatan,Sulawesi Tenggara,,0,Kendari,,2015-05,0.13561970972762158,5,0.13561970972762158,VIIRS DNB,nW/cm2/sr,2015,"{""type"":""MultiPoint"",""coordinates"":[]}"
16_0000000000000000000d,BA03050040,,,,,,,74.71,74,265.790696582,TASWIL5000020230907KABKOTA,Kota Kendari,,0.0216443348271,1.21929531969,4326,5,,,Kota Kendari,Sulawesi Tenggara,,0,Kendari,,2015-05,1.9680699948757934,5,1.9680699948757934,VIIRS DNB,nW/cm2/sr,2015,"{""type"":""MultiPoint"",""coordinates"":[]}"
16_00000000000000000006,BA03050040,,,,,,,74.11,74,3992.53107078,TASWIL5000020230907KABKOTA,Kolaka Timur,,0.325055960897,4.62416724675,4326,4,,,Kolaka Timur,Sulawesi Tenggara,,0,Kolaka,,2015-05,0.07588780969396712,5,0.07588780969396712,VIIRS DNB,nW/cm2/sr,2015,"{""type"":""MultiPoint"",""coordinates"":[]}"
16_00000000000000000007,BA03050040,,,,,,,74.08,74,2932.25192061,TASWIL5000020230907KABKOTA,Kolaka Utara,,0.238597308701,3.90865020949,4326,4,,,Kolaka Utara,Sulawesi Tenggara,,0,Kolaka,,2015-05,0.07776131751040195,5,0.07776131751040195,VIIRS DNB,nW/cm2/sr,2015,"{""type"":""MultiPoint"",""coordinates"":[]}"
16_00000000000000000009,BA03050040,,,,,,,74.12,74,705.711010277,TASWIL5000020230907KABKOTA,Konawe Kepulauan,,0.0574768178025,1.17136047971,4326,4,,,Konawe Kepulauan,Sulawesi Tenggara,,0,Konawe,,2015-05,0.10445777943235862,5,0.10445777943235862,VIIRS DNB,nW/cm2/sr,2015,"{""type"":""MultiPoint"",""coordinates"":[]}"
16_0000000000000000000b,BA03050040,,,,,,,74.09,74,4219.81180817,TASWIL5000020230907KABKOTA,Konawe Utara,,0.343408045869,6.15591332033,4326,4,,,Konawe Utara,Sulawesi Tenggara,,0,Konawe,,2015-05,0.08573361840367087,5,0.08573361840367087,VIIRS DNB,nW/cm2/sr,2015,"{""type"":""MultiPoint"",""coordinates"":[]}"
16_00000000000000000004,BA03050040,,,,,,,74.10,74,1755.8292261,TASWIL5000020230907KABKOTA,Buton Utara,,0.143115018242,4.67921811895,4326,4,,,Buton Utara,Sulawesi Tenggara,,0,Muna,,2015-05,0.08555621888463627,5,0.08555621888463627,VIIRS DNB,nW/cm2/sr,2015,"{""type"":""MultiPoint"",""coordinates"":[]}"
16_0000000000000000000f,BA03050040,,,,,,,74.13,74,818.701593571,TASWIL5000020230907KABKOTA,Muna Barat,,0.0667415576998,2.65906981122,4326,4,,,Muna Barat,Sulawesi Tenggara,,0,Muna,,2015-05,0.07932417770149254,5,0.07932417770149254,VIIRS DNB,nW/cm2/sr,2015,"{""type"":""MultiPoint"",""coordinates"":[]}"
16_00000000000000000013,BA03050040,,,,,,,74.13,74,0.273099429049,TASWIL5000020230907KABKOTA,Muna Barat,Wilayah terapung,2.22679841875E-5,0.0295594995644,4326,4,,,Muna Barat,Sulawesi Tenggara,,0,Muna,,2015-05,0.030879485192254776,5,0.030879485192254776,VIIRS DNB,nW/cm2/sr,2015,"{""type"":""MultiPoint"",""coordinates"":[]}"
16_00000000000000000014,BA03050040,,,,,,,74.10,74,0.0480497061255,TASWIL5000020230907KABKOTA,Buton Utara,Wilayah terapung,3.9169026899E-6,0.0168384250334,4326,4,,,Buton Utara,Sulawesi Tenggara,,0,Muna,,2015-05,0.2945361584424973,5,0.2945361584424973,VIIRS DNB,nW/cm2/sr,2015,"{""type"":""MultiPoint"",""coordinates"":[]}"
17_00000000000000000001,BA03050040,,,,,,,74.04,74,1669.32863016,TASWIL5000020230907KABKOTA,Buton,,0.136188299866,3.04087674144,4326,4,,,Buton,Sulawesi Tenggara,,0,,,2015-06,-0.022782440580626385,6,-0.022782440580626385,VIIRS DNB,nW/cm2/sr,2015,"{""type"":""MultiPoint"",""coordinates"":[]}"
17_00000000000000000005,BA03050040,,,,,,,74.01,74,2958.9208572,TASWIL5000020230907KABKOTA,Kolaka,,0.240980839474,5.39527306777,4326,4,,,Kolaka,Sulawesi Tenggara,,0,,,2015-06,0.00806957783380632,6,0.00806957783380632,VIIRS DNB,nW/cm2/sr,2015,"{""type"":""MultiPoint"",""coordinates"":[]}"
17_00000000000000000008,BA03050040,,,,,,,74.02,74,5351.85263389,TASWIL5000020230907KABKOTA,Konawe,,0.435602118514,6.84601568998,4326,4,,,Konawe,Sulawesi Tenggara,,0,,,2015-06,-0.020816248489760544,6,-0.020816248489760544,VIIRS DNB,nW/cm2/sr,2015,"{""type"":""MultiPoint"",""coordinates"":[]}"
17_0000000000000000000e,BA03050040,,,,,,,74.03,74,1858.09481163,TASWIL5000020230907KABKOTA,Muna,,0.151502694674,5.32849464874,4326,4,,,Muna,Sulawesi Tenggara,,0,,,2015-06,-0.029918706726839165,6,-0.029918706726839165,VIIRS DNB,nW/cm2/sr,2015,"{""type"":""MultiPoint"",""coordinates"":[]}"
17_00000000000000000015,BA03050040,,,,,,,74.03,74,0.17024708351,TASWIL5000020230907KABKOTA,Muna,Wilayah terapung,1.38839187565E-5,0.039960941818,4326,4,,,Muna,Sulawesi Tenggara,,0,,,2015-06,0.03177695444682774,6,0.03177695444682774,VIIRS DNB,nW/cm2/sr,2015,"{""type"":""MultiPoint"",""coordinates"":[]}"
17_00000000000000000016,BA03050040,,,,,,,74.04,74,0.188157250699,TASWIL5000020230907KABKOTA,Buton,Wilayah terapung,1.53526521797E-5,0.0397338812277,4326,4,,,Buton,Sulawesi Tenggara,,0,,,2015-06,0.2007530897440713,6,0.2007530897440713,VIIRS DNB,nW/cm2/sr,2015,"{""type"":""MultiPoint"",""coordinates"":[]}"
17_00000000000000000000,BA03050040,,,,,,,74.06,74,3293.96639913,TASWIL5000020230907KABKOTA,Bombana,,0.268524880662,5.47167246052,4326,4,,,Bombana,Sulawesi Tenggara,,0,Buton,,2015-06,-0.05306760116737015,6,-0.05306760116737015,VIIRS DNB,nW/cm2/sr,2015,"{""type"":""MultiPoint"",""coordinates"":[]}"
17_00000000000000000002,BA03050040,,,,,,,74.15,74,517.631463505,TASWIL5000020230907KABKOTA,Buton Selatan,,0.042249508051,1.85498741345,4326,4,,,Buton Selatan,Sulawesi Tenggara,,0,Buton,,2015-06,-0.03268934465127437,6,-0.03268934465127437,VIIRS DNB,nW/cm2/sr,2015,"{""type"":""MultiPoint"",""coordinates"":[]}"
17_00000000000000000003,BA03050040,,,,,,,74.14,74,836.955797791,TASWIL5000020230907KABKOTA,Buton Tengah,,0.0682810706644,2.98412837401,4326,4,,,Buton Tengah,Sulawesi Tenggara,,0,Buton,,2015-06,-0.03983126837955156,6,-0.03983126837955156,VIIRS DNB,nW/cm2/sr,2015,"{""type"":""MultiPoint"",""coordinates"":[]}"
17_0000000000000000000c,BA03050040,,,,,,,74.72,74,294.137423231,TASWIL5000020230907KABKOTA,Kota Bau Bau,,0.0240007870008,0.955179337168,4326,5,,,Kota Bau Bau,Sulawesi Tenggara,,0,Buton,,2015-06,0.4301729147633545,6,0.4301729147633545,VIIRS DNB,nW/cm2/sr,2015,"{""type"":""MultiPoint"",""coordinates"":[]}"
17_00000000000000000010,BA03050040,,,,,,,74.07,74,450.455914283,TASWIL5000020230907KABKOTA,Wakatobi,,0.0367648905913,3.71804674371,4326,4,,,Wakatobi,Sulawesi Tenggara,,0,Buton,,2015-06,0.005367010465224881,6,0.005367010465224881,VIIRS DNB,nW/cm2/sr,2015,"{""type"":""MultiPoint"",""coordinates"":[]}"
17_00000000000000000011,BA03050040,,,,,,,74.07,74,0.253355482028,TASWIL5000020230907KABKOTA,Wakatobi,Wilayah terapung,2.06703594498E-5,0.0291924563304,4326,4,,,Wakatobi,Sulawesi Tenggara,,0,Buton,,2015-06,1.277183719152628,6,1.277183719152628,VIIRS DNB,nW/cm2/sr,2015,"{""type"":""MultiPoint"",""coordinates"":[]}"
17_00000000000000000012,BA03050040,,,,,,,74.07,74,4.12006083394,TASWIL5000020230907KABKOTA,Wakatobi,Wilayah terapung,3.36232999688E-4,0.124432278786,4326,4,,,Wakatobi,Sulawesi Tenggara,,0,Buton,,2015-06,-0.044361209894073085,6,-0.044361209894073085,VIIRS DNB,nW/cm2/sr,2015,"{""type"":""MultiPoint"",""coordinates"":[]}"
17_0000000000000000000a,BA03050040,,,,,,,74.05,74,4237.74051506,TASWIL5000020230907KABKOTA,Konawe Selatan,,0.345208073275,5.59324280043,4326,4,,,Konawe Selatan,Sulawesi Tenggara,,0,Kendari,,2015-06,-0.026445184014509918,6,-0.026445184014509918,VIIRS DNB,nW/cm2/sr,2015,"{""type"":""MultiPoint"",""coordinates"":[]}"
17_0000000000000000000d,BA03050040,,,,,,,74.71,74,265.790696582,TASWIL5000020230907KABKOTA,Kota Kendari,,0.0216443348271,1.21929531969,4326,5,,,Kota Kendari,Sulawesi Tenggara,,0,Kendari,,2015-06,1.687847488489955,6,1.687847488489955,VIIRS DNB,nW/cm2/sr,2015,"{""type"":""MultiPoint"",""coordinates"":[]}"
17_00000000000000000006,BA03050040,,,,,,,74.11,74,3992.53107078,TASWIL5000020230907KABKOTA,Kolaka Timur,,0.325055960897,4.62416724675,4326,4,,,Kolaka Timur,Sulawesi Tenggara,,0,Kolaka,,2015-06,-0.030924218881535327,6,-0.030924218881535327,VIIRS DNB,nW/cm2/sr,2015,"{""type"":""MultiPoint"",""coordinates"":[]}"
17_00000000000000000007,BA03050040,,,,,,,74.08,74,2932.25192061,TASWIL5000020230907KABKOTA,Kolaka Utara,,0.238597308701,3.90865020949,4326,4,,,Kolaka Utara,Sulawesi Tenggara,,0,Kolaka,,2015-06,-0.04773351889449728,6,-0.04773351889449728,VIIRS DNB,nW/cm2/sr,2015,"{""type"":""MultiPoint"",""coordinates"":[]}"
17_00000000000000000009,BA03050040,,,,,,,74.12,74,705.711010277,TASWIL5000020230907KABKOTA,Konawe Kepulauan,,0.0574768178025,1.17136047971,4326,4,,,Konawe Kepulauan,Sulawesi Tenggara,,0,Konawe,,2015-06,-0.047150063757819285,6,-0.047150063757819285,VIIRS DNB,nW/cm2/sr,2015,"{""type"":""MultiPoint"",""coordinates"":[]}"
17_0000000000000000000b,BA03050040,,,,,,,74.09,74,4219.81180817,TASWIL5000020230907KABKOTA,Konawe Utara,,0.343408045869,6.15591332033,4326,4,,,Konawe Utara,Sulawesi Tenggara,,0,Konawe,,2015-06,-0.052884513615378576,6,-0.052884513615378576,VIIRS DNB,nW/cm2/sr,2015,"{""type"":""MultiPoint"",""coordinates"":[]}"
17_00000000000000000004,BA03050040,,,,,,,74.10,74,1755.8292261,TASWIL5000020230907KABKOTA,Buton Utara,,0.143115018242,4.67921811895,4326,4,,,Buton Utara,Sulawesi Tenggara,,0,Muna,,2015-06,-0.060867680826062184,6,-0.060867680826062184,VIIRS DNB,nW/cm2/sr,2015,"{""type"":""MultiPoint"",""coordinates"":[]}"
17_0000000000000000000f,BA03050040,,,,,,,74.13,74,818.701593571,TASWIL5000020230907KABKOTA,Muna Barat,,0.0667415576998,2.65906981122,4326,4,,,Muna Barat,Sulawesi Tenggara,,0,Muna,,2015-06,-0.0708646949080887,6,-0.0708646949080887,VIIRS DNB,nW/cm2/sr,2015,"{""type"":""MultiPoint"",""coordinates"":[]}"
17_00000000000000000013,BA03050040,,,,,,,74.13,74,0.273099429049,TASWIL5000020230907KABKOTA,Muna Barat,Wilayah terapung,2.22679841875E-5,0.0295594995644,4326,4,,,Muna Barat,Sulawesi Tenggara,,0,Muna,,2015-06,-0.09173304769160084,6,-0.09173304769160084,VIIRS DNB,nW/cm2/sr,2015,"{""type"":""MultiPoint"",""coordinates"":[]}"
17_00000000000000000014,BA03050040,,,,,,,74.10,74,0.0480497061255,TASWIL5000020230907KABKOTA,Buton Utara,Wilayah terapung,3.9169026899E-6,0.0168384250334,4326,4,,,Buton Utara,Sulawesi Tenggara,,0,Muna,,2015-06,0.09386807467256274,6,0.09386807467256274,VIIRS DNB,nW/cm2/sr,2015,"{""type"":""MultiPoint"",""coordinates"":[]}"
18_00000000000000000001,BA03050040,,,,,,,74.04,74,1669.32863016,TASWIL5000020230907KABKOTA,Buton,,0.136188299866,3.04087674144,4326,4,,,Buton,Sulawesi Tenggara,,0,,,2015-07,-0.010557444118560048,7,-0.010557444118560048,VIIRS DNB,nW/cm2/sr,2015,"{""type"":""MultiPoint"",""coordinates"":[]}"
18_00000000000000000005,BA03050040,,,,,,,74.01,74,2958.9208572,TASWIL5000020230907KABKOTA,Kolaka,,0.240980839474,5.39527306777,4326,4,,,Kolaka,Sulawesi Tenggara,,0,,,2015-07,0.09239928517583033,7,0.09239928517583033,VIIRS DNB,nW/cm2/sr,2015,"{""type"":""MultiPoint"",""coordinates"":[]}"
18_00000000000000000008,BA03050040,,,,,,,74.02,74,5351.85263389,TASWIL5000020230907KABKOTA,Konawe,,0.435602118514,6.84601568998,4326,4,,,Konawe,Sulawesi Tenggara,,0,,,2015-07,0.06455109414570592,7,0.06455109414570592,VIIRS DNB,nW/cm2/sr,2015,"{""type"":""MultiPoint"",""coordinates"":[]}"
18_0000000000000000000e,BA03050040,,,,,,,74.03,74,1858.09481163,TASWIL5000020230907KABKOTA,Muna,,0.151502694674,5.32849464874,4326,4,,,Muna,Sulawesi Tenggara,,0,,,2015-07,0.031609204502150816,7,0.031609204502150816,VIIRS DNB,nW/cm2/sr,2015,"{""type"":""MultiPoint"",""coordinates"":[]}"
18_00000000000000000015,BA03050040,,,,,,,74.03,74,0.17024708351,TASWIL5000020230907KABKOTA,Muna,Wilayah terapung,1.38839187565E-5,0.039960941818,4326,4,,,Muna,Sulawesi Tenggara,,0,,,2015-07,0.016174250591890833,7,0.016174250591890833,VIIRS DNB,nW/cm2/sr,2015,"{""type"":""MultiPoint"",""coordinates"":[]}"
18_00000000000000000016,BA03050040,,,,,,,74.04,74,0.188157250699,TASWIL5000020230907KABKOTA,Buton,Wilayah terapung,1.53526521797E-5,0.0397338812277,4326,4,,,Buton,Sulawesi Tenggara,,0,,,2015-07,0.11739283437719165,7,0.11739283437719165,VIIRS DNB,nW/cm2/sr,2015,"{""type"":""MultiPoint"",""coordinates"":[]}"
18_00000000000000000000,BA03050040,,,,,,,74.06,74,3293.96639913,TASWIL5000020230907KABKOTA,Bombana,,0.268524880662,5.47167246052,4326,4,,,Bombana,Sulawesi Tenggara,,0,Buton,,2015-07,0.004171095018688892,7,0.004171095018688892,VIIRS DNB,nW/cm2/sr,2015,"{""type"":""MultiPoint"",""coordinates"":[]}"
18_00000000000000000002,BA03050040,,,,,,,74.15,74,517.631463505,TASWIL5000020230907KABKOTA,Buton Selatan,,0.042249508051,1.85498741345,4326,4,,,Buton Selatan,Sulawesi Tenggara,,0,Buton,,2015-07,0.002470890930671495,7,0.002470890930671495,VIIRS DNB,nW/cm2/sr,2015,"{""type"":""MultiPoint"",""coordinates"":[]}"
18_00000000000000000003,BA03050040,,,,,,,74.14,74,836.955797791,TASWIL5000020230907KABKOTA,Buton Tengah,,0.0682810706644,2.98412837401,4326,4,,,Buton Tengah,Sulawesi Tenggara,,0,Buton,,2015-07,0.01941184640242028,7,0.01941184640242028,VIIRS DNB,nW/cm2/sr,2015,"{""type"":""MultiPoint"",""coordinates"":[]}"
18_0000000000000000000c,BA03050040,,,,,,,74.72,74,294.137423231,TASWIL5000020230907KABKOTA,Kota Bau Bau,,0.0240007870008,0.955179337168,4326,5,,,Kota Bau Bau,Sulawesi Tenggara,,0,Buton,,2015-07,0.4715253680057492,7,0.4715253680057492,VIIRS DNB,nW/cm2/sr,2015,"{""type"":""MultiPoint"",""coordinates"":[]}"
18_00000000000000000010,BA03050040,,,,,,,74.07,74,450.455914283,TASWIL5000020230907KABKOTA,Wakatobi,,0.0367648905913,3.71804674371,4326,4,,,Wakatobi,Sulawesi Tenggara,,0,Buton,,2015-07,0.07341886268331806,7,0.07341886268331806,VIIRS DNB,nW/cm2/sr,2015,"{""type"":""MultiPoint"",""coordinates"":[]}"
18_00000000000000000011,BA03050040,,,,,,,74.07,74,0.253355482028,TASWIL5000020230907KABKOTA,Wakatobi,Wilayah terapung,2.06703594498E-5,0.0291924563304,4326,4,,,Wakatobi,Sulawesi Tenggara,,0,Buton,,2015-07,1.5476537490075872,7,1.5476537490075872,VIIRS DNB,nW/cm2/sr,2015,"{""type"":""MultiPoint"",""coordinates"":[]}"
18_00000000000000000012,BA03050040,,,,,,,74.07,74,4.12006083394,TASWIL5000020230907KABKOTA,Wakatobi,Wilayah terapung,3.36232999688E-4,0.124432278786,4326,4,,,Wakatobi,Sulawesi Tenggara,,0,Buton,,2015-07,9.759851834411664E-4,7,9.759851834411664E-4,VIIRS DNB,nW/cm2/sr,2015,"{""type"":""MultiPoint"",""coordinates"":[]}"
18_0000000000000000000a,BA03050040,,,,,,,74.05,74,4237.74051506,TASWIL5000020230907KABKOTA,Konawe Selatan,,0.345208073275,5.59324280043,4326,4,,,Konawe Selatan,Sulawesi Tenggara,,0,Kendari,,2015-07,0.06226928510905202,7,0.06226928510905202,VIIRS DNB,nW/cm2/sr,2015,"{""type"":""MultiPoint"",""coordinates"":[]}"
18_0000000000000000000d,BA03050040,,,,,,,74.71,74,265.790696582,TASWIL5000020230907KABKOTA,Kota Kendari,,0.0216443348271,1.21929531969,4326,5,,,Kota Kendari,Sulawesi Tenggara,,0,Kendari,,2015-07,2.021760254938375,7,2.021760254938375,VIIRS DNB,nW/cm2/sr,2015,"{""type"":""MultiPoint"",""coordinates"":[]}"
18_00000000000000000006,BA03050040,,,,,,,74.11,74,3992.53107078,TASWIL5000020230907KABKOTA,Kolaka Timur,,0.325055960897,4.62416724675,4326,4,,,Kolaka Timur,Sulawesi Tenggara,,0,Kolaka,,2015-07,0.029455970954949236,7,0.029455970954949236,VIIRS DNB,nW/cm2/sr,2015,"{""type"":""MultiPoint"",""coordinates"":[]}"
18_00000000000000000007,BA03050040,,,,,,,74.08,74,2932.25192061,TASWIL5000020230907KABKOTA,Kolaka Utara,,0.238597308701,3.90865020949,4326,4,,,Kolaka Utara,Sulawesi Tenggara,,0,Kolaka,,2015-07,0.027458911262812864,7,0.027458911262812864,VIIRS DNB,nW/cm2/sr,2015,"{""type"":""MultiPoint"",""coordinates"":[]}"
18_00000000000000000009,BA03050040,,,,,,,74.12,74,705.711010277,TASWIL5000020230907KABKOTA,Konawe Kepulauan,,0.0574768178025,1.17136047971,4326,4,,,Konawe Kepulauan,Sulawesi Tenggara,,0,Konawe,,2015-07,-0.01035899518190662,7,-0.01035899518190662,VIIRS DNB,nW/cm2/sr,2015,"{""type"":""MultiPoint"",""coordinates"":[]}"
18_0000000000000000000b,BA03050040,,,,,,,74.09,74,4219.81180817,TASWIL5000020230907KABKOTA,Konawe Utara,,0.343408045869,6.15591332033,4326,4,,,Konawe Utara,Sulawesi Tenggara,,0,Konawe,,2015-07,0.03914271921298998,7,0.03914271921298998,VIIRS DNB,nW/cm2/sr,2015,"{""type"":""MultiPoint"",""coordinates"":[]}"
18_00000000000000000004,BA03050040,,,,,,,74.10,74,1755.8292261,TASWIL5000020230907KABKOTA,Buton Utara,,0.143115018242,4.67921811895,4326,4,,,Buton Utara,Sulawesi Tenggara,,0,Muna,,2015-07,-0.0013284501466667962,7,-0.0013284501466667962,VIIRS DNB,nW/cm2/sr,2015,"{""type"":""MultiPoint"",""coordinates"":[]}"
18_0000000000000000000f,BA03050040,,,,,,,74.13,74,818.701593571,TASWIL5000020230907KABKOTA,Muna Barat,,0.0667415576998,2.65906981122,4326,4,,,Muna Barat,Sulawesi Tenggara,,0,Muna,,2015-07,0.0018501523877850876,7,0.0018501523877850876,VIIRS DNB,nW/cm2/sr,2015,"{""type"":""MultiPoint"",""coordinates"":[]}"
18_00000000000000000013,BA03050040,,,,,,,74.13,74,0.273099429049,TASWIL5000020230907KABKOTA,Muna Barat,Wilayah terapung,2.22679841875E-5,0.0295594995644,4326,4,,,Muna Barat,Sulawesi Tenggara,,0,Muna,,2015-07,-0.02479309934974792,7,-0.02479309934974792,VIIRS DNB,nW/cm2/sr,2015,"{""type"":""MultiPoint"",""coordinates"":[]}"
18_00000000000000000014,BA03050040,,,,,,,74.10,74,0.0480497061255,TASWIL5000020230907KABKOTA,Buton Utara,Wilayah terapung,3.9169026899E-6,0.0168384250334,4326,4,,,Buton Utara,Sulawesi Tenggara,,0,Muna,,2015-07,0.13782159824456489,7,0.13782159824456489,VIIRS DNB,nW/cm2/sr,2015,"{""type"":""MultiPoint"",""coordinates"":[]}"
19_00000000000000000001,BA03050040,,,,,,,74.04,74,1669.32863016,TASWIL5000020230907KABKOTA,Buton,,0.136188299866,3.04087674144,4326,4,,,Buton,Sulawesi Tenggara,,0,,,2015-08,0.09660832961781977,8,0.09660832961781977,VIIRS DNB,nW/cm2/sr,2015,"{""type"":""MultiPoint"",""coordinates"":[]}"
19_00000000000000000005,BA03050040,,,,,,,74.01,74,2958.9208572,TASWIL5000020230907KABKOTA,Kolaka,,0.240980839474,5.39527306777,4326,4,,,Kolaka,Sulawesi Tenggara,,0,,,2015-08,0.16873053407586003,8,0.16873053407586003,VIIRS DNB,nW/cm2/sr,2015,"{""type"":""MultiPoint"",""coordinates"":[]}"
19_00000000000000000008,BA03050040,,,,,,,74.02,74,5351.85263389,TASWIL5000020230907KABKOTA,Konawe,,0.435602118514,6.84601568998,4326,4,,,Konawe,Sulawesi Tenggara,,0,,,2015-08,0.13022847685896569,8,0.13022847685896569,VIIRS DNB,nW/cm2/sr,2015,"{""type"":""MultiPoint"",""coordinates"":[]}"
19_0000000000000000000e,BA03050040,,,,,,,74.03,74,1858.09481163,TASWIL5000020230907KABKOTA,Muna,,0.151502694674,5.32849464874,4326,4,,,Muna,Sulawesi Tenggara,,0,,,2015-08,0.12730365357126316,8,0.12730365357126316,VIIRS DNB,nW/cm2/sr,2015,"{""type"":""MultiPoint"",""coordinates"":[]}"
19_00000000000000000015,BA03050040,,,,,,,74.03,74,0.17024708351,TASWIL5000020230907KABKOTA,Muna,Wilayah terapung,1.38839187565E-5,0.039960941818,4326,4,,,Muna,Sulawesi Tenggara,,0,,,2015-08,0.04713397122101287,8,0.04713397122101287,VIIRS DNB,nW/cm2/sr,2015,"{""type"":""MultiPoint"",""coordinates"":[]}"
19_00000000000000000016,BA03050040,,,,,,,74.04,74,0.188157250699,TASWIL5000020230907KABKOTA,Buton,Wilayah terapung,1.53526521797E-5,0.0397338812277,4326,4,,,Buton,Sulawesi Tenggara,,0,,,2015-08,0.25356624664171884,8,0.25356624664171884,VIIRS DNB,nW/cm2/sr,2015,"{""type"":""MultiPoint"",""coordinates"":[]}"
19_00000000000000000000,BA03050040,,,,,,,74.06,74,3293.96639913,TASWIL5000020230907KABKOTA,Bombana,,0.268524880662,5.47167246052,4326,4,,,Bombana,Sulawesi Tenggara,,0,Buton,,2015-08,0.08752322586483824,8,0.08752322586483824,VIIRS DNB,nW/cm2/sr,2015,"{""type"":""MultiPoint"",""coordinates"":[]}"
19_00000000000000000002,BA03050040,,,,,,,74.15,74,517.631463505,TASWIL5000020230907KABKOTA,Buton Selatan,,0.042249508051,1.85498741345,4326,4,,,Buton Selatan,Sulawesi Tenggara,,0,Buton,,2015-08,0.0718755167985576,8,0.0718755167985576,VIIRS DNB,nW/cm2/sr,2015,"{""type"":""MultiPoint"",""coordinates"":[]}"
19_00000000000000000003,BA03050040,,,,,,,74.14,74,836.955797791,TASWIL5000020230907KABKOTA,Buton Tengah,,0.0682810706644,2.98412837401,4326,4,,,Buton Tengah,Sulawesi Tenggara,,0,Buton,,2015-08,0.09840714512179416,8,0.09840714512179416,VIIRS DNB,nW/cm2/sr,2015,"{""type"":""MultiPoint"",""coordinates"":[]}"
19_0000000000000000000c,BA03050040,,,,,,,74.72,74,294.137423231,TASWIL5000020230907KABKOTA,Kota Bau Bau,,0.0240007870008,0.955179337168,4326,5,,,Kota Bau Bau,Sulawesi Tenggara,,0,Buton,,2015-08,0.5758836776267745,8,0.5758836776267745,VIIRS DNB,nW/cm2/sr,2015,"{""type"":""MultiPoint"",""coordinates"":[]}"
19_00000000000000000010,BA03050040,,,,,,,74.07,74,450.455914283,TASWIL5000020230907KABKOTA,Wakatobi,,0.0367648905913,3.71804674371,4326,4,,,Wakatobi,Sulawesi Tenggara,,0,Buton,,2015-08,0.14711687515645586,8,0.14711687515645586,VIIRS DNB,nW/cm2/sr,2015,"{""type"":""MultiPoint"",""coordinates"":[]}"
19_00000000000000000011,BA03050040,,,,,,,74.07,74,0.253355482028,TASWIL5000020230907KABKOTA,Wakatobi,Wilayah terapung,2.06703594498E-5,0.0291924563304,4326,4,,,Wakatobi,Sulawesi Tenggara,,0,Buton,,2015-08,1.5281858823096108,8,1.5281858823096108,VIIRS DNB,nW/cm2/sr,2015,"{""type"":""MultiPoint"",""coordinates"":[]}"
19_00000000000000000012,BA03050040,,,,,,,74.07,74,4.12006083394,TASWIL5000020230907KABKOTA,Wakatobi,Wilayah terapung,3.36232999688E-4,0.124432278786,4326,4,,,Wakatobi,Sulawesi Tenggara,,0,Buton,,2015-08,0.05267428519308965,8,0.05267428519308965,VIIRS DNB,nW/cm2/sr,2015,"{""type"":""MultiPoint"",""coordinates"":[]}"
19_0000000000000000000a,BA03050040,,,,,,,74.05,74,4237.74051506,TASWIL5000020230907KABKOTA,Konawe Selatan,,0.345208073275,5.59324280043,4326,4,,,Konawe Selatan,Sulawesi Tenggara,,0,Kendari,,2015-08,0.1322982327775306,8,0.1322982327775306,VIIRS DNB,nW/cm2/sr,2015,"{""type"":""MultiPoint"",""coordinates"":[]}"
19_0000000000000000000d,BA03050040,,,,,,,74.71,74,265.790696582,TASWIL5000020230907KABKOTA,Kota Kendari,,0.0216443348271,1.21929531969,4326,5,,,Kota Kendari,Sulawesi Tenggara,,0,Kendari,,2015-08,2.296605926656239,8,2.296605926656239,VIIRS DNB,nW/cm2/sr,2015,"{""type"":""MultiPoint"",""coordinates"":[]}"
19_00000000000000000006,BA03050040,,,,,,,74.11,74,3992.53107078,TASWIL5000020230907KABKOTA,Kolaka Timur,,0.325055960897,4.62416724675,4326,4,,,Kolaka Timur,Sulawesi Tenggara,,0,Kolaka,,2015-08,0.10836061933740433,8,0.10836061933740433,VIIRS DNB,nW/cm2/sr,2015,"{""type"":""MultiPoint"",""coordinates"":[]}"
19_00000000000000000007,BA03050040,,,,,,,74.08,74,2932.25192061,TASWIL5000020230907KABKOTA,Kolaka Utara,,0.238597308701,3.90865020949,4326,4,,,Kolaka Utara,Sulawesi Tenggara,,0,Kolaka,,2015-08,0.10390457034841875,8,0.10390457034841875,VIIRS DNB,nW/cm2/sr,2015,"{""type"":""MultiPoint"",""coordinates"":[]}"
19_00000000000000000009,BA03050040,,,,,,,74.12,74,705.711010277,TASWIL5000020230907KABKOTA,Konawe Kepulauan,,0.0574768178025,1.17136047971,4326,4,,,Konawe Kepulauan,Sulawesi Tenggara,,0,Konawe,,2015-08,0.09304051334918118,8,0.09304051334918118,VIIRS DNB,nW/cm2/sr,2015,"{""type"":""MultiPoint"",""coordinates"":[]}"
19_0000000000000000000b,BA03050040,,,,,,,74.09,74,4219.81180817,TASWIL5000020230907KABKOTA,Konawe Utara,,0.343408045869,6.15591332033,4326,4,,,Konawe Utara,Sulawesi Tenggara,,0,Konawe,,2015-08,0.09937569378971448,8,0.09937569378971448,VIIRS DNB,nW/cm2/sr,2015,"{""type"":""MultiPoint"",""coordinates"":[]}"
19_00000000000000000004,BA03050040,,,,,,,74.10,74,1755.8292261,TASWIL5000020230907KABKOTA,Buton Utara,,0.143115018242,4.67921811895,4326,4,,,Buton Utara,Sulawesi Tenggara,,0,Muna,,2015-08,0.08391837704517097,8,0.08391837704517097,VIIRS DNB,nW/cm2/sr,2015,"{""type"":""MultiPoint"",""coordinates"":[]}"
19_0000000000000000000f,BA03050040,,,,,,,74.13,74,818.701593571,TASWIL5000020230907KABKOTA,Muna Barat,,0.0667415576998,2.65906981122,4326,4,,,Muna Barat,Sulawesi Tenggara,,0,Muna,,2015-08,0.10647219798331965,8,0.10647219798331965,VIIRS DNB,nW/cm2/sr,2015,"{""type"":""MultiPoint"",""coordinates"":[]}"
19_00000000000000000013,BA03050040,,,,,,,74.13,74,0.273099429049,TASWIL5000020230907KABKOTA,Muna Barat,Wilayah terapung,2.22679841875E-5,0.0295594995644,4326,4,,,Muna Barat,Sulawesi Tenggara,,0,Muna,,2015-08,0.04242222625694981,8,0.04242222625694981,VIIRS DNB,nW/cm2/sr,2015,"{""type"":""MultiPoint"",""coordinates"":[]}"
19_00000000000000000014,BA03050040,,,,,,,74.10,74,0.0480497061255,TASWIL5000020230907KABKOTA,Buton Utara,Wilayah terapung,3.9169026899E-6,0.0168384250334,4326,4,,,Buton Utara,Sulawesi Tenggara,,0,Muna,,2015-08,0.41701111197471624,8,0.41701111197471624,VIIRS DNB,nW/cm2/sr,2015,"{""type"":""MultiPoint"",""coordinates"":[]}"
20_00000000000000000001,BA03050040,,,,,,,74.04,74,1669.32863016,TASWIL5000020230907KABKOTA,Buton,,0.136188299866,3.04087674144,4326,4,,,Buton,Sulawesi Tenggara,,0,,,2015-09,0.06800725104733053,9,0.06800725104733053,VIIRS DNB,nW/cm2/sr,2015,"{""type"":""MultiPoint"",""coordinates"":[]}"
20_00000000000000000005,BA03050040,,,,,,,74.01,74,2958.9208572,TASWIL5000020230907KABKOTA,Kolaka,,0.240980839474,5.39527306777,4326,4,,,Kolaka,Sulawesi Tenggara,,0,,,2015-09,0.22400121641434595,9,0.22400121641434595,VIIRS DNB,nW/cm2/sr,2015,"{""type"":""MultiPoint"",""coordinates"":[]}"
20_00000000000000000008,BA03050040,,,,,,,74.02,74,5351.85263389,TASWIL5000020230907KABKOTA,Konawe,,0.435602118514,6.84601568998,4326,4,,,Konawe,Sulawesi Tenggara,,0,,,2015-09,0.08949749557037802,9,0.08949749557037802,VIIRS DNB,nW/cm2/sr,2015,"{""type"":""MultiPoint"",""coordinates"":[]}"
20_0000000000000000000e,BA03050040,,,,,,,74.03,74,1858.09481163,TASWIL5000020230907KABKOTA,Muna,,0.151502694674,5.32849464874,4326,4,,,Muna,Sulawesi Tenggara,,0,,,2015-09,0.09766207358596504,9,0.09766207358596504,VIIRS DNB,nW/cm2/sr,2015,"{""type"":""MultiPoint"",""coordinates"":[]}"
20_00000000000000000015,BA03050040,,,,,,,74.03,74,0.17024708351,TASWIL5000020230907KABKOTA,Muna,Wilayah terapung,1.38839187565E-5,0.039960941818,4326,4,,,Muna,Sulawesi Tenggara,,0,,,2015-09,0.03616661997242814,9,0.03616661997242814,VIIRS DNB,nW/cm2/sr,2015,"{""type"":""MultiPoint"",""coordinates"":[]}"
20_00000000000000000016,BA03050040,,,,,,,74.04,74,0.188157250699,TASWIL5000020230907KABKOTA,Buton,Wilayah terapung,1.53526521797E-5,0.0397338812277,4326,4,,,Buton,Sulawesi Tenggara,,0,,,2015-09,0.2209447387443937,9,0.2209447387443937,VIIRS DNB,nW/cm2/sr,2015,"{""type"":""MultiPoint"",""coordinates"":[]}"
20_00000000000000000000,BA03050040,,,,,,,74.06,74,3293.96639913,TASWIL5000020230907KABKOTA,Bombana,,0.268524880662,5.47167246052,4326,4,,,Bombana,Sulawesi Tenggara,,0,Buton,,2015-09,0.0516631138814706,9,0.0516631138814706,VIIRS DNB,nW/cm2/sr,2015,"{""type"":""MultiPoint"",""coordinates"":[]}"
20_00000000000000000002,BA03050040,,,,,,,74.15,74,517.631463505,TASWIL5000020230907KABKOTA,Buton Selatan,,0.042249508051,1.85498741345,4326,4,,,Buton Selatan,Sulawesi Tenggara,,0,Buton,,2015-09,0.06579012672141898,9,0.06579012672141898,VIIRS DNB,nW/cm2/sr,2015,"{""type"":""MultiPoint"",""coordinates"":[]}"
20_00000000000000000003,BA03050040,,,,,,,74.14,74,836.955797791,TASWIL5000020230907KABKOTA,Buton Tengah,,0.0682810706644,2.98412837401,4326,4,,,Buton Tengah,Sulawesi Tenggara,,0,Buton,,2015-09,0.0720689958181806,9,0.0720689958181806,VIIRS DNB,nW/cm2/sr,2015,"{""type"":""MultiPoint"",""coordinates"":[]}"
20_0000000000000000000c,BA03050040,,,,,,,74.72,74,294.137423231,TASWIL5000020230907KABKOTA,Kota Bau Bau,,0.0240007870008,0.955179337168,4326,5,,,Kota Bau Bau,Sulawesi Tenggara,,0,Buton,,2015-09,0.5646841505165286,9,0.5646841505165286,VIIRS DNB,nW/cm2/sr,2015,"{""type"":""MultiPoint"",""coordinates"":[]}"
20_00000000000000000010,BA03050040,,,,,,,74.07,74,450.455914283,TASWIL5000020230907KABKOTA,Wakatobi,,0.0367648905913,3.71804674371,4326,4,,,Wakatobi,Sulawesi Tenggara,,0,Buton,,2015-09,0.12843834820173738,9,0.12843834820173738,VIIRS DNB,nW/cm2/sr,2015,"{""type"":""MultiPoint"",""coordinates"":[]}"
20_00000000000000000011,BA03050040,,,,,,,74.07,74,0.253355482028,TASWIL5000020230907KABKOTA,Wakatobi,Wilayah terapung,2.06703594498E-5,0.0291924563304,4326,4,,,Wakatobi,Sulawesi Tenggara,,0,Buton,,2015-09,1.420248595550079,9,1.420248595550079,VIIRS DNB,nW/cm2/sr,2015,"{""type"":""MultiPoint"",""coordinates"":[]}"
20_00000000000000000012,BA03050040,,,,,,,74.07,74,4.12006083394,TASWIL5000020230907KABKOTA,Wakatobi,Wilayah terapung,3.36232999688E-4,0.124432278786,4326,4,,,Wakatobi,Sulawesi Tenggara,,0,Buton,,2015-09,0.07039138819779871,9,0.07039138819779871,VIIRS DNB,nW/cm2/sr,2015,"{""type"":""MultiPoint"",""coordinates"":[]}"
20_0000000000000000000a,BA03050040,,,,,,,74.05,74,4237.74051506,TASWIL5000020230907KABKOTA,Konawe Selatan,,0.345208073275,5.59324280043,4326,4,,,Konawe Selatan,Sulawesi Tenggara,,0,Kendari,,2015-09,0.12811525670237536,9,0.12811525670237536,VIIRS DNB,nW/cm2/sr,2015,"{""type"":""MultiPoint"",""coordinates"":[]}"
20_0000000000000000000d,BA03050040,,,,,,,74.71,74,265.790696582,TASWIL5000020230907KABKOTA,Kota Kendari,,0.0216443348271,1.21929531969,4326,5,,,Kota Kendari,Sulawesi Tenggara,,0,Kendari,,2015-09,2.337728521556376,9,2.337728521556376,VIIRS DNB,nW/cm2/sr,2015,"{""type"":""MultiPoint"",""coordinates"":[]}"
20_00000000000000000006,BA03050040,,,,,,,74.11,74,3992.53107078,TASWIL5000020230907KABKOTA,Kolaka Timur,,0.325055960897,4.62416724675,4326,4,,,Kolaka Timur,Sulawesi Tenggara,,0,Kolaka,,2015-09,0.06110477989549642,9,0.06110477989549642,VIIRS DNB,nW/cm2/sr,2015,"{""type"":""MultiPoint"",""coordinates"":[]}"
20_00000000000000000007,BA03050040,,,,,,,74.08,74,2932.25192061,TASWIL5000020230907KABKOTA,Kolaka Utara,,0.238597308701,3.90865020949,4326,4,,,Kolaka Utara,Sulawesi Tenggara,,0,Kolaka,,2015-09,0.06781980688960695,9,0.06781980688960695,VIIRS DNB,nW/cm2/sr,2015,"{""type"":""MultiPoint"",""coordinates"":[]}"
20_00000000000000000009,BA03050040,,,,,,,74.12,74,705.711010277,TASWIL5000020230907KABKOTA,Konawe Kepulauan,,0.0574768178025,1.17136047971,4326,4,,,Konawe Kepulauan,Sulawesi Tenggara,,0,Konawe,,2015-09,0.04755043405038268,9,0.04755043405038268,VIIRS DNB,nW/cm2/sr,2015,"{""type"":""MultiPoint"",""coordinates"":[]}"
20_0000000000000000000b,BA03050040,,,,,,,74.09,74,4219.81180817,TASWIL5000020230907KABKOTA,Konawe Utara,,0.343408045869,6.15591332033,4326,4,,,Konawe Utara,Sulawesi Tenggara,,0,Konawe,,2015-09,0.058630597362861914,9,0.058630597362861914,VIIRS DNB,nW/cm2/sr,2015,"{""type"":""MultiPoint"",""coordinates"":[]}"
20_00000000000000000004,BA03050040,,,,,,,74.10,74,1755.8292261,TASWIL5000020230907KABKOTA,Buton Utara,,0.143115018242,4.67921811895,4326,4,,,Buton Utara,Sulawesi Tenggara,,0,Muna,,2015-09,0.03812285580788981,9,0.03812285580788981,VIIRS DNB,nW/cm2/sr,2015,"{""type"":""MultiPoint"",""coordinates"":[]}"
20_0000000000000000000f,BA03050040,,,,,,,74.13,74,818.701593571,TASWIL5000020230907KABKOTA,Muna Barat,,0.0667415576998,2.65906981122,4326,4,,,Muna Barat,Sulawesi Tenggara,,0,Muna,,2015-09,0.0813109939228497,9,0.0813109939228497,VIIRS DNB,nW/cm2/sr,2015,"{""type"":""MultiPoint"",""coordinates"":[]}"
20_00000000000000000013,BA03050040,,,,,,,74.13,74,0.273099429049,TASWIL5000020230907KABKOTA,Muna Barat,Wilayah terapung,2.22679841875E-5,0.0295594995644,4326,4,,,Muna Barat,Sulawesi Tenggara,,0,Muna,,2015-09,-0.00897984636362494,9,-0.00897984636362494,VIIRS DNB,nW/cm2/sr,2015,"{""type"":""MultiPoint"",""coordinates"":[]}"
20_00000000000000000014,BA03050040,,,,,,,74.10,74,0.0480497061255,TASWIL5000020230907KABKOTA,Buton Utara,Wilayah terapung,3.9169026899E-6,0.0168384250334,4326,4,,,Buton Utara,Sulawesi Tenggara,,0,Muna,,2015-09,0.3543242492846081,9,0.3543242492846081,VIIRS DNB,nW/cm2/sr,2015,"{""type"":""MultiPoint"",""coordinates"":[]}"
21_00000000000000000001,BA03050040,,,,,,,74.04,74,1669.32863016,TASWIL5000020230907KABKOTA,Buton,,0.136188299866,3.04087674144,4326,4,,,Buton,Sulawesi Tenggara,,0,,,2015-10,0.06557076232370476,10,0.06557076232370476,VIIRS DNB,nW/cm2/sr,2015,"{""type"":""MultiPoint"",""coordinates"":[]}"
21_00000000000000000005,BA03050040,,,,,,,74.01,74,2958.9208572,TASWIL5000020230907KABKOTA,Kolaka,,0.240980839474,5.39527306777,4326,4,,,Kolaka,Sulawesi Tenggara,,0,,,2015-10,0.22993237865642294,10,0.22993237865642294,VIIRS DNB,nW/cm2/sr,2015,"{""type"":""MultiPoint"",""coordinates"":[]}"
21_00000000000000000008,BA03050040,,,,,,,74.02,74,5351.85263389,TASWIL5000020230907KABKOTA,Konawe,,0.435602118514,6.84601568998,4326,4,,,Konawe,Sulawesi Tenggara,,0,,,2015-10,0.10400188878257023,10,0.10400188878257023,VIIRS DNB,nW/cm2/sr,2015,"{""type"":""MultiPoint"",""coordinates"":[]}"
21_0000000000000000000e,BA03050040,,,,,,,74.03,74,1858.09481163,TASWIL5000020230907KABKOTA,Muna,,0.151502694674,5.32849464874,4326,4,,,Muna,Sulawesi Tenggara,,0,,,2015-10,0.1112389536815984,10,0.1112389536815984,VIIRS DNB,nW/cm2/sr,2015,"{""type"":""MultiPoint"",""coordinates"":[]}"
21_00000000000000000015,BA03050040,,,,,,,74.03,74,0.17024708351,TASWIL5000020230907KABKOTA,Muna,Wilayah terapung,1.38839187565E-5,0.039960941818,4326,4,,,Muna,Sulawesi Tenggara,,0,,,2015-10,0.033160574260474626,10,0.033160574260474626,VIIRS DNB,nW/cm2/sr,2015,"{""type"":""MultiPoint"",""coordinates"":[]}"
21_00000000000000000016,BA03050040,,,,,,,74.04,74,0.188157250699,TASWIL5000020230907KABKOTA,Buton,Wilayah terapung,1.53526521797E-5,0.0397338812277,4326,4,,,Buton,Sulawesi Tenggara,,0,,,2015-10,0.24343336851376557,10,0.24343336851376557,VIIRS DNB,nW/cm2/sr,2015,"{""type"":""MultiPoint"",""coordinates"":[]}"
21_00000000000000000000,BA03050040,,,,,,,74.06,74,3293.96639913,TASWIL5000020230907KABKOTA,Bombana,,0.268524880662,5.47167246052,4326,4,,,Bombana,Sulawesi Tenggara,,0,Buton,,2015-10,0.1394232980876885,10,0.1394232980876885,VIIRS DNB,nW/cm2/sr,2015,"{""type"":""MultiPoint"",""coordinates"":[]}"
21_00000000000000000002,BA03050040,,,,,,,74.15,74,517.631463505,TASWIL5000020230907KABKOTA,Buton Selatan,,0.042249508051,1.85498741345,4326,4,,,Buton Selatan,Sulawesi Tenggara,,0,Buton,,2015-10,0.0784602736210637,10,0.0784602736210637,VIIRS DNB,nW/cm2/sr,2015,"{""type"":""MultiPoint"",""coordinates"":[]}"
21_00000000000000000003,BA03050040,,,,,,,74.14,74,836.955797791,TASWIL5000020230907KABKOTA,Buton Tengah,,0.0682810706644,2.98412837401,4326,4,,,Buton Tengah,Sulawesi Tenggara,,0,Buton,,2015-10,0.08849515025422258,10,0.08849515025422258,VIIRS DNB,nW/cm2/sr,2015,"{""type"":""MultiPoint"",""coordinates"":[]}"
21_0000000000000000000c,BA03050040,,,,,,,74.72,74,294.137423231,TASWIL5000020230907KABKOTA,Kota Bau Bau,,0.0240007870008,0.955179337168,4326,5,,,Kota Bau Bau,Sulawesi Tenggara,,0,Buton,,2015-10,0.5760409559451446,10,0.5760409559451446,VIIRS DNB,nW/cm2/sr,2015,"{""type"":""MultiPoint"",""coordinates"":[]}"
21_00000000000000000010,BA03050040,,,,,,,74.07,74,450.455914283,TASWIL5000020230907KABKOTA,Wakatobi,,0.0367648905913,3.71804674371,4326,4,,,Wakatobi,Sulawesi Tenggara,,0,Buton,,2015-10,0.15322599057674344,10,0.15322599057674344,VIIRS DNB,nW/cm2/sr,2015,"{""type"":""MultiPoint"",""coordinates"":[]}"
21_00000000000000000011,BA03050040,,,,,,,74.07,74,0.253355482028,TASWIL5000020230907KABKOTA,Wakatobi,Wilayah terapung,2.06703594498E-5,0.0291924563304,4326,4,,,Wakatobi,Sulawesi Tenggara,,0,Buton,,2015-10,1.59993753876797,10,1.59993753876797,VIIRS DNB,nW/cm2/sr,2015,"{""type"":""MultiPoint"",""coordinates"":[]}"
21_00000000000000000012,BA03050040,,,,,,,74.07,74,4.12006083394,TASWIL5000020230907KABKOTA,Wakatobi,Wilayah terapung,3.36232999688E-4,0.124432278786,4326,4,,,Wakatobi,Sulawesi Tenggara,,0,Buton,,2015-10,0.10486327334224477,10,0.10486327334224477,VIIRS DNB,nW/cm2/sr,2015,"{""type"":""MultiPoint"",""coordinates"":[]}"
21_0000000000000000000a,BA03050040,,,,,,,74.05,74,4237.74051506,TASWIL5000020230907KABKOTA,Konawe Selatan,,0.345208073275,5.59324280043,4326,4,,,Konawe Selatan,Sulawesi Tenggara,,0,Kendari,,2015-10,0.14416735260494332,10,0.14416735260494332,VIIRS DNB,nW/cm2/sr,2015,"{""type"":""MultiPoint"",""coordinates"":[]}"
21_0000000000000000000d,BA03050040,,,,,,,74.71,74,265.790696582,TASWIL5000020230907KABKOTA,Kota Kendari,,0.0216443348271,1.21929531969,4326,5,,,Kota Kendari,Sulawesi Tenggara,,0,Kendari,,2015-10,2.352008664947282,10,2.352008664947282,VIIRS DNB,nW/cm2/sr,2015,"{""type"":""MultiPoint"",""coordinates"":[]}"
21_00000000000000000006,BA03050040,,,,,,,74.11,74,3992.53107078,TASWIL5000020230907KABKOTA,Kolaka Timur,,0.325055960897,4.62416724675,4326,4,,,Kolaka Timur,Sulawesi Tenggara,,0,Kolaka,,2015-10,0.06817950927894643,10,0.06817950927894643,VIIRS DNB,nW/cm2/sr,2015,"{""type"":""MultiPoint"",""coordinates"":[]}"
21_00000000000000000007,BA03050040,,,,,,,74.08,74,2932.25192061,TASWIL5000020230907KABKOTA,Kolaka Utara,,0.238597308701,3.90865020949,4326,4,,,Kolaka Utara,Sulawesi Tenggara,,0,Kolaka,,2015-10,0.0871494780772732,10,0.0871494780772732,VIIRS DNB,nW/cm2/sr,2015,"{""type"":""MultiPoint"",""coordinates"":[]}"
21_00000000000000000009,BA03050040,,,,,,,74.12,74,705.711010277,TASWIL5000020230907KABKOTA,Konawe Kepulauan,,0.0574768178025,1.17136047971,4326,4,,,Konawe Kepulauan,Sulawesi Tenggara,,0,Konawe,,2015-10,0.05209554650984908,10,0.05209554650984908,VIIRS DNB,nW/cm2/sr,2015,"{""type"":""MultiPoint"",""coordinates"":[]}"
21_0000000000000000000b,BA03050040,,,,,,,74.09,74,4219.81180817,TASWIL5000020230907KABKOTA,Konawe Utara,,0.343408045869,6.15591332033,4326,4,,,Konawe Utara,Sulawesi Tenggara,,0,Konawe,,2015-10,0.06972478410029068,10,0.06972478410029068,VIIRS DNB,nW/cm2/sr,2015,"{""type"":""MultiPoint"",""coordinates"":[]}"
21_00000000000000000004,BA03050040,,,,,,,74.10,74,1755.8292261,TASWIL5000020230907KABKOTA,Buton Utara,,0.143115018242,4.67921811895,4326,4,,,Buton Utara,Sulawesi Tenggara,,0,Muna,,2015-10,0.049606555684379855,10,0.049606555684379855,VIIRS DNB,nW/cm2/sr,2015,"{""type"":""MultiPoint"",""coordinates"":[]}"
21_0000000000000000000f,BA03050040,,,,,,,74.13,74,818.701593571,TASWIL5000020230907KABKOTA,Muna Barat,,0.0667415576998,2.65906981122,4326,4,,,Muna Barat,Sulawesi Tenggara,,0,Muna,,2015-10,0.12486874906080218,10,0.12486874906080218,VIIRS DNB,nW/cm2/sr,2015,"{""type"":""MultiPoint"",""coordinates"":[]}"
21_00000000000000000013,BA03050040,,,,,,,74.13,74,0.273099429049,TASWIL5000020230907KABKOTA,Muna Barat,Wilayah terapung,2.22679841875E-5,0.0295594995644,4326,4,,,Muna Barat,Sulawesi Tenggara,,0,Muna,,2015-10,0.03015903998603405,10,0.03015903998603405,VIIRS DNB,nW/cm2/sr,2015,"{""type"":""MultiPoint"",""coordinates"":[]}"
21_00000000000000000014,BA03050040,,,,,,,74.10,74,0.0480497061255,TASWIL5000020230907KABKOTA,Buton Utara,Wilayah terapung,3.9169026899E-6,0.0168384250334,4326,4,,,Buton Utara,Sulawesi Tenggara,,0,Muna,,2015-10,0.3616049864462444,10,0.3616049864462444,VIIRS DNB,nW/cm2/sr,2015,"{""type"":""MultiPoint"",""coordinates"":[]}"
22_00000000000000000001,BA03050040,,,,,,,74.04,74,1669.32863016,TASWIL5000020230907KABKOTA,Buton,,0.136188299866,3.04087674144,4326,4,,,Buton,Sulawesi Tenggara,,0,,,2015-11,0.021309287209174282,11,0.021309287209174282,VIIRS DNB,nW/cm2/sr,2015,"{""type"":""MultiPoint"",""coordinates"":[]}"
22_00000000000000000005,BA03050040,,,,,,,74.01,74,2958.9208572,TASWIL5000020230907KABKOTA,Kolaka,,0.240980839474,5.39527306777,4326,4,,,Kolaka,Sulawesi Tenggara,,0,,,2015-11,0.09848828253362352,11,0.09848828253362352,VIIRS DNB,nW/cm2/sr,2015,"{""type"":""MultiPoint"",""coordinates"":[]}"
22_00000000000000000008,BA03050040,,,,,,,74.02,74,5351.85263389,TASWIL5000020230907KABKOTA,Konawe,,0.435602118514,6.84601568998,4326,4,,,Konawe,Sulawesi Tenggara,,0,,,2015-11,0.06066935293689334,11,0.06066935293689334,VIIRS DNB,nW/cm2/sr,2015,"{""type"":""MultiPoint"",""coordinates"":[]}"
22_0000000000000000000e,BA03050040,,,,,,,74.03,74,1858.09481163,TASWIL5000020230907KABKOTA,Muna,,0.151502694674,5.32849464874,4326,4,,,Muna,Sulawesi Tenggara,,0,,,2015-11,0.048673202065667096,11,0.048673202065667096,VIIRS DNB,nW/cm2/sr,2015,"{""type"":""MultiPoint"",""coordinates"":[]}"
22_00000000000000000015,BA03050040,,,,,,,74.03,74,0.17024708351,TASWIL5000020230907KABKOTA,Muna,Wilayah terapung,1.38839187565E-5,0.039960941818,4326,4,,,Muna,Sulawesi Tenggara,,0,,,2015-11,0.01825460433593892,11,0.01825460433593892,VIIRS DNB,nW/cm2/sr,2015,"{""type"":""MultiPoint"",""coordinates"":[]}"
22_00000000000000000016,BA03050040,,,,,,,74.04,74,0.188157250699,TASWIL5000020230907KABKOTA,Buton,Wilayah terapung,1.53526521797E-5,0.0397338812277,4326,4,,,Buton,Sulawesi Tenggara,,0,,,2015-11,0.16254090234313323,11,0.16254090234313323,VIIRS DNB,nW/cm2/sr,2015,"{""type"":""MultiPoint"",""coordinates"":[]}"
22_00000000000000000000,BA03050040,,,,,,,74.06,74,3293.96639913,TASWIL5000020230907KABKOTA,Bombana,,0.268524880662,5.47167246052,4326,4,,,Bombana,Sulawesi Tenggara,,0,Buton,,2015-11,0.06807280646856785,11,0.06807280646856785,VIIRS DNB,nW/cm2/sr,2015,"{""type"":""MultiPoint"",""coordinates"":[]}"
22_00000000000000000002,BA03050040,,,,,,,74.15,74,517.631463505,TASWIL5000020230907KABKOTA,Buton Selatan,,0.042249508051,1.85498741345,4326,4,,,Buton Selatan,Sulawesi Tenggara,,0,Buton,,2015-11,0.04076042704571792,11,0.04076042704571792,VIIRS DNB,nW/cm2/sr,2015,"{""type"":""MultiPoint"",""coordinates"":[]}"
22_00000000000000000003,BA03050040,,,,,,,74.14,74,836.955797791,TASWIL5000020230907KABKOTA,Buton Tengah,,0.0682810706644,2.98412837401,4326,4,,,Buton Tengah,Sulawesi Tenggara,,0,Buton,,2015-11,0.06030784359934575,11,0.06030784359934575,VIIRS DNB,nW/cm2/sr,2015,"{""type"":""MultiPoint"",""coordinates"":[]}"
22_0000000000000000000c,BA03050040,,,,,,,74.72,74,294.137423231,TASWIL5000020230907KABKOTA,Kota Bau Bau,,0.0240007870008,0.955179337168,4326,5,,,Kota Bau Bau,Sulawesi Tenggara,,0,Buton,,2015-11,0.5468477387395639,11,0.5468477387395639,VIIRS DNB,nW/cm2/sr,2015,"{""type"":""MultiPoint"",""coordinates"":[]}"
22_00000000000000000010,BA03050040,,,,,,,74.07,74,450.455914283,TASWIL5000020230907KABKOTA,Wakatobi,,0.0367648905913,3.71804674371,4326,4,,,Wakatobi,Sulawesi Tenggara,,0,Buton,,2015-11,0.4599563376310292,11,0.4599563376310292,VIIRS DNB,nW/cm2/sr,2015,"{""type"":""MultiPoint"",""coordinates"":[]}"
22_00000000000000000011,BA03050040,,,,,,,74.07,74,0.253355482028,TASWIL5000020230907KABKOTA,Wakatobi,Wilayah terapung,2.06703594498E-5,0.0291924563304,4326,4,,,Wakatobi,Sulawesi Tenggara,,0,Buton,,2015-11,2.1408717632293706,11,2.1408717632293706,VIIRS DNB,nW/cm2/sr,2015,"{""type"":""MultiPoint"",""coordinates"":[]}"
22_00000000000000000012,BA03050040,,,,,,,74.07,74,4.12006083394,TASWIL5000020230907KABKOTA,Wakatobi,Wilayah terapung,3.36232999688E-4,0.124432278786,4326,4,,,Wakatobi,Sulawesi Tenggara,,0,Buton,,2015-11,0.021432011010863724,11,0.021432011010863724,VIIRS DNB,nW/cm2/sr,2015,"{""type"":""MultiPoint"",""coordinates"":[]}"
22_0000000000000000000a,BA03050040,,,,,,,74.05,74,4237.74051506,TASWIL5000020230907KABKOTA,Konawe Selatan,,0.345208073275,5.59324280043,4326,4,,,Konawe Selatan,Sulawesi Tenggara,,0,Kendari,,2015-11,0.10400074821775944,11,0.10400074821775944,VIIRS DNB,nW/cm2/sr,2015,"{""type"":""MultiPoint"",""coordinates"":[]}"
22_0000000000000000000d,BA03050040,,,,,,,74.71,74,265.790696582,TASWIL5000020230907KABKOTA,Kota Kendari,,0.0216443348271,1.21929531969,4326,5,,,Kota Kendari,Sulawesi Tenggara,,0,Kendari,,2015-11,2.2066872413013887,11,2.2066872413013887,VIIRS DNB,nW/cm2/sr,2015,"{""type"":""MultiPoint"",""coordinates"":[]}"
22_00000000000000000006,BA03050040,,,,,,,74.11,74,3992.53107078,TASWIL5000020230907KABKOTA,Kolaka Timur,,0.325055960897,4.62416724675,4326,4,,,Kolaka Timur,Sulawesi Tenggara,,0,Kolaka,,2015-11,0.024301718483680478,11,0.024301718483680478,VIIRS DNB,nW/cm2/sr,2015,"{""type"":""MultiPoint"",""coordinates"":[]}"
22_00000000000000000007,BA03050040,,,,,,,74.08,74,2932.25192061,TASWIL5000020230907KABKOTA,Kolaka Utara,,0.238597308701,3.90865020949,4326,4,,,Kolaka Utara,Sulawesi Tenggara,,0,Kolaka,,2015-11,0.03843193193043303,11,0.03843193193043303,VIIRS DNB,nW/cm2/sr,2015,"{""type"":""MultiPoint"",""coordinates"":[]}"
22_00000000000000000009,BA03050040,,,,,,,74.12,74,705.711010277,TASWIL5000020230907KABKOTA,Konawe Kepulauan,,0.0574768178025,1.17136047971,4326,4,,,Konawe Kepulauan,Sulawesi Tenggara,,0,Konawe,,2015-11,-0.004124049856904855,11,-0.004124049856904855,VIIRS DNB,nW/cm2/sr,2015,"{""type"":""MultiPoint"",""coordinates"":[]}"
22_0000000000000000000b,BA03050040,,,,,,,74.09,74,4219.81180817,TASWIL5000020230907KABKOTA,Konawe Utara,,0.343408045869,6.15591332033,4326,4,,,Konawe Utara,Sulawesi Tenggara,,0,Konawe,,2015-11,0.022452451548552604,11,0.022452451548552604,VIIRS DNB,nW/cm2/sr,2015,"{""type"":""MultiPoint"",""coordinates"":[]}"
22_00000000000000000004,BA03050040,,,,,,,74.10,74,1755.8292261,TASWIL5000020230907KABKOTA,Buton Utara,,0.143115018242,4.67921811895,4326,4,,,Buton Utara,Sulawesi Tenggara,,0,Muna,,2015-11,0.0028609576922686234,11,0.0028609576922686234,VIIRS DNB,nW/cm2/sr,2015,"{""type"":""MultiPoint"",""coordinates"":[]}"
22_0000000000000000000f,BA03050040,,,,,,,74.13,74,818.701593571,TASWIL5000020230907KABKOTA,Muna Barat,,0.0667415576998,2.65906981122,4326,4,,,Muna Barat,Sulawesi Tenggara,,0,Muna,,2015-11,0.021481008269848344,11,0.021481008269848344,VIIRS DNB,nW/cm2/sr,2015,"{""type"":""MultiPoint"",""coordinates"":[]}"
22_00000000000000000013,BA03050040,,,,,,,74.13,74,0.273099429049,TASWIL5000020230907KABKOTA,Muna Barat,Wilayah terapung,2.22679841875E-5,0.0295594995644,4326,4,,,Muna Barat,Sulawesi Tenggara,,0,Muna,,2015-11,-0.035012313457279856,11,-0.035012313457279856,VIIRS DNB,nW/cm2/sr,2015,"{""type"":""MultiPoint"",""coordinates"":[]}"
22_00000000000000000014,BA03050040,,,,,,,74.10,74,0.0480497061255,TASWIL5000020230907KABKOTA,Buton Utara,Wilayah terapung,3.9169026899E-6,0.0168384250334,4326,4,,,Buton Utara,Sulawesi Tenggara,,0,Muna,,2015-11,0.38152764418295454,11,0.38152764418295454,VIIRS DNB,nW/cm2/sr,2015,"{""type"":""MultiPoint"",""coordinates"":[]}"
23_00000000000000000001,BA03050040,,,,,,,74.04,74,1669.32863016,TASWIL5000020230907KABKOTA,Buton,,0.136188299866,3.04087674144,4326,4,,,Buton,Sulawesi Tenggara,,0,,,2015-12,0.02483832252232703,12,0.02483832252232703,VIIRS DNB,nW/cm2/sr,2015,"{""type"":""MultiPoint"",""coordinates"":[]}"
23_00000000000000000005,BA03050040,,,,,,,74.01,74,2958.9208572,TASWIL5000020230907KABKOTA,Kolaka,,0.240980839474,5.39527306777,4326,4,,,Kolaka,Sulawesi Tenggara,,0,,,2015-12,0.09098820133659395,12,0.09098820133659395,VIIRS DNB,nW/cm2/sr,2015,"{""type"":""MultiPoint"",""coordinates"":[]}"
23_00000000000000000008,BA03050040,,,,,,,74.02,74,5351.85263389,TASWIL5000020230907KABKOTA,Konawe,,0.435602118514,6.84601568998,4326,4,,,Konawe,Sulawesi Tenggara,,0,,,2015-12,0.05333715216801395,12,0.05333715216801395,VIIRS DNB,nW/cm2/sr,2015,"{""type"":""MultiPoint"",""coordinates"":[]}"
23_0000000000000000000e,BA03050040,,,,,,,74.03,74,1858.09481163,TASWIL5000020230907KABKOTA,Muna,,0.151502694674,5.32849464874,4326,4,,,Muna,Sulawesi Tenggara,,0,,,2015-12,0.048668171930457124,12,0.048668171930457124,VIIRS DNB,nW/cm2/sr,2015,"{""type"":""MultiPoint"",""coordinates"":[]}"
23_00000000000000000015,BA03050040,,,,,,,74.03,74,0.17024708351,TASWIL5000020230907KABKOTA,Muna,Wilayah terapung,1.38839187565E-5,0.039960941818,4326,4,,,Muna,Sulawesi Tenggara,,0,,,2015-12,0.01949934450360392,12,0.01949934450360392,VIIRS DNB,nW/cm2/sr,2015,"{""type"":""MultiPoint"",""coordinates"":[]}"
23_00000000000000000016,BA03050040,,,,,,,74.04,74,0.188157250699,TASWIL5000020230907KABKOTA,Buton,Wilayah terapung,1.53526521797E-5,0.0397338812277,4326,4,,,Buton,Sulawesi Tenggara,,0,,,2015-12,0.3186174829935899,12,0.3186174829935899,VIIRS DNB,nW/cm2/sr,2015,"{""type"":""MultiPoint"",""coordinates"":[]}"
23_00000000000000000000,BA03050040,,,,,,,74.06,74,3293.96639913,TASWIL5000020230907KABKOTA,Bombana,,0.268524880662,5.47167246052,4326,4,,,Bombana,Sulawesi Tenggara,,0,Buton,,2015-12,0.0056144783145464896,12,0.0056144783145464896,VIIRS DNB,nW/cm2/sr,2015,"{""type"":""MultiPoint"",""coordinates"":[]}"
23_00000000000000000002,BA03050040,,,,,,,74.15,74,517.631463505,TASWIL5000020230907KABKOTA,Buton Selatan,,0.042249508051,1.85498741345,4326,4,,,Buton Selatan,Sulawesi Tenggara,,0,Buton,,2015-12,0.0327874901691837,12,0.0327874901691837,VIIRS DNB,nW/cm2/sr,2015,"{""type"":""MultiPoint"",""coordinates"":[]}"
23_00000000000000000003,BA03050040,,,,,,,74.14,74,836.955797791,TASWIL5000020230907KABKOTA,Buton Tengah,,0.0682810706644,2.98412837401,4326,4,,,Buton Tengah,Sulawesi Tenggara,,0,Buton,,2015-12,0.040903619409103614,12,0.040903619409103614,VIIRS DNB,nW/cm2/sr,2015,"{""type"":""MultiPoint"",""coordinates"":[]}"
23_0000000000000000000c,BA03050040,,,,,,,74.72,74,294.137423231,TASWIL5000020230907KABKOTA,Kota Bau Bau,,0.0240007870008,0.955179337168,4326,5,,,Kota Bau Bau,Sulawesi Tenggara,,0,Buton,,2015-12,0.5359587571428692,12,0.5359587571428692,VIIRS DNB,nW/cm2/sr,2015,"{""type"":""MultiPoint"",""coordinates"":[]}"
23_00000000000000000010,BA03050040,,,,,,,74.07,74,450.455914283,TASWIL5000020230907KABKOTA,Wakatobi,,0.0367648905913,3.71804674371,4326,4,,,Wakatobi,Sulawesi Tenggara,,0,Buton,,2015-12,0.089598383575155,12,0.089598383575155,VIIRS DNB,nW/cm2/sr,2015,"{""type"":""MultiPoint"",""coordinates"":[]}"
23_00000000000000000011,BA03050040,,,,,,,74.07,74,0.253355482028,TASWIL5000020230907KABKOTA,Wakatobi,Wilayah terapung,2.06703594498E-5,0.0291924563304,4326,4,,,Wakatobi,Sulawesi Tenggara,,0,Buton,,2015-12,1.9293048667122228,12,1.9293048667122228,VIIRS DNB,nW/cm2/sr,2015,"{""type"":""MultiPoint"",""coordinates"":[]}"
23_00000000000000000012,BA03050040,,,,,,,74.07,74,4.12006083394,TASWIL5000020230907KABKOTA,Wakatobi,Wilayah terapung,3.36232999688E-4,0.124432278786,4326,4,,,Wakatobi,Sulawesi Tenggara,,0,Buton,,2015-12,0.025438310643327394,12,0.025438310643327394,VIIRS DNB,nW/cm2/sr,2015,"{""type"":""MultiPoint"",""coordinates"":[]}"
23_0000000000000000000a,BA03050040,,,,,,,74.05,74,4237.74051506,TASWIL5000020230907KABKOTA,Konawe Selatan,,0.345208073275,5.59324280043,4326,4,,,Konawe Selatan,Sulawesi Tenggara,,0,Kendari,,2015-12,0.09358241765702344,12,0.09358241765702344,VIIRS DNB,nW/cm2/sr,2015,"{""type"":""MultiPoint"",""coordinates"":[]}"
23_0000000000000000000d,BA03050040,,,,,,,74.71,74,265.790696582,TASWIL5000020230907KABKOTA,Kota Kendari,,0.0216443348271,1.21929531969,4326,5,,,Kota Kendari,Sulawesi Tenggara,,0,Kendari,,2015-12,2.0389679105071963,12,2.0389679105071963,VIIRS DNB,nW/cm2/sr,2015,"{""type"":""MultiPoint"",""coordinates"":[]}"
23_00000000000000000006,BA03050040,,,,,,,74.11,74,3992.53107078,TASWIL5000020230907KABKOTA,Kolaka Timur,,0.325055960897,4.62416724675,4326,4,,,Kolaka Timur,Sulawesi Tenggara,,0,Kolaka,,2015-12,0.023908957613164243,12,0.023908957613164243,VIIRS DNB,nW/cm2/sr,2015,"{""type"":""MultiPoint"",""coordinates"":[]}"
23_00000000000000000007,BA03050040,,,,,,,74.08,74,2932.25192061,TASWIL5000020230907KABKOTA,Kolaka Utara,,0.238597308701,3.90865020949,4326,4,,,Kolaka Utara,Sulawesi Tenggara,,0,Kolaka,,2015-12,0.026058992087765777,12,0.026058992087765777,VIIRS DNB,nW/cm2/sr,2015,"{""type"":""MultiPoint"",""coordinates"":[]}"
23_00000000000000000009,BA03050040,,,,,,,74.12,74,705.711010277,TASWIL5000020230907KABKOTA,Konawe Kepulauan,,0.0574768178025,1.17136047971,4326,4,,,Konawe Kepulauan,Sulawesi Tenggara,,0,Konawe,,2015-12,0.018329392620212125,12,0.018329392620212125,VIIRS DNB,nW/cm2/sr,2015,"{""type"":""MultiPoint"",""coordinates"":[]}"
23_0000000000000000000b,BA03050040,,,,,,,74.09,74,4219.81180817,TASWIL5000020230907KABKOTA,Konawe Utara,,0.343408045869,6.15591332033,4326,4,,,Konawe Utara,Sulawesi Tenggara,,0,Konawe,,2015-12,0.018559293399031878,12,0.018559293399031878,VIIRS DNB,nW/cm2/sr,2015,"{""type"":""MultiPoint"",""coordinates"":[]}"
23_00000000000000000004,BA03050040,,,,,,,74.10,74,1755.8292261,TASWIL5000020230907KABKOTA,Buton Utara,,0.143115018242,4.67921811895,4326,4,,,Buton Utara,Sulawesi Tenggara,,0,Muna,,2015-12,0.01147250672079321,12,0.01147250672079321,VIIRS DNB,nW/cm2/sr,2015,"{""type"":""MultiPoint"",""coordinates"":[]}"
23_0000000000000000000f,BA03050040,,,,,,,74.13,74,818.701593571,TASWIL5000020230907KABKOTA,Muna Barat,,0.0667415576998,2.65906981122,4326,4,,,Muna Barat,Sulawesi Tenggara,,0,Muna,,2015-12,0.03022007306639216,12,0.03022007306639216,VIIRS DNB,nW/cm2/sr,2015,"{""type"":""MultiPoint"",""coordinates"":[]}"
23_00000000000000000013,BA03050040,,,,,,,74.13,74,0.273099429049,TASWIL5000020230907KABKOTA,Muna Barat,Wilayah terapung,2.22679841875E-5,0.0295594995644,4326,4,,,Muna Barat,Sulawesi Tenggara,,0,Muna,,2015-12,-0.032458096298822854,12,-0.032458096298822854,VIIRS DNB,nW/cm2/sr,2015,"{""type"":""MultiPoint"",""coordinates"":[]}"
23_00000000000000000014,BA03050040,,,,,,,74.10,74,0.0480497061255,TASWIL5000020230907KABKOTA,Buton Utara,Wilayah terapung,3.9169026899E-6,0.0168384250334,4326,4,,,Buton Utara,Sulawesi Tenggara,,0,Muna,,2015-12,0.43980985028403147,12,0.43980985028403147,VIIRS DNB,nW/cm2/sr,2015,"{""type"":""MultiPoint"",""coordinates"":[]}"
24_00000000000000000001,BA03050040,,,,,,,74.04,74,1669.32863016,TASWIL5000020230907KABKOTA,Buton,,0.136188299866,3.04087674144,4326,4,,,Buton,Sulawesi Tenggara,,0,,,2016-01,-0.05399123398534192,1,-0.05399123398534192,VIIRS DNB,nW/cm2/sr,2016,"{""type"":""MultiPoint"",""coordinates"":[]}"
24_00000000000000000005,BA03050040,,,,,,,74.01,74,2958.9208572,TASWIL5000020230907KABKOTA,Kolaka,,0.240980839474,5.39527306777,4326,4,,,Kolaka,Sulawesi Tenggara,,0,,,2016-01,0.012311762745234331,1,0.012311762745234331,VIIRS DNB,nW/cm2/sr,2016,"{""type"":""MultiPoint"",""coordinates"":[]}"
24_00000000000000000008,BA03050040,,,,,,,74.02,74,5351.85263389,TASWIL5000020230907KABKOTA,Konawe,,0.435602118514,6.84601568998,4326,4,,,Konawe,Sulawesi Tenggara,,0,,,2016-01,-0.03736652035169142,1,-0.03736652035169142,VIIRS DNB,nW/cm2/sr,2016,"{""type"":""MultiPoint"",""coordinates"":[]}"
24_0000000000000000000e,BA03050040,,,,,,,74.03,74,1858.09481163,TASWIL5000020230907KABKOTA,Muna,,0.151502694674,5.32849464874,4326,4,,,Muna,Sulawesi Tenggara,,0,,,2016-01,-0.017111475865035877,1,-0.017111475865035877,VIIRS DNB,nW/cm2/sr,2016,"{""type"":""MultiPoint"",""coordinates"":[]}"
24_00000000000000000015,BA03050040,,,,,,,74.03,74,0.17024708351,TASWIL5000020230907KABKOTA,Muna,Wilayah terapung,1.38839187565E-5,0.039960941818,4326,4,,,Muna,Sulawesi Tenggara,,0,,,2016-01,-0.04779156921915926,1,-0.04779156921915926,VIIRS DNB,nW/cm2/sr,2016,"{""type"":""MultiPoint"",""coordinates"":[]}"
24_00000000000000000016,BA03050040,,,,,,,74.04,74,0.188157250699,TASWIL5000020230907KABKOTA,Buton,Wilayah terapung,1.53526521797E-5,0.0397338812277,4326,4,,,Buton,Sulawesi Tenggara,,0,,,2016-01,0.12264811231390292,1,0.12264811231390292,VIIRS DNB,nW/cm2/sr,2016,"{""type"":""MultiPoint"",""coordinates"":[]}"
24_00000000000000000000,BA03050040,,,,,,,74.06,74,3293.96639913,TASWIL5000020230907KABKOTA,Bombana,,0.268524880662,5.47167246052,4326,4,,,Bombana,Sulawesi Tenggara,,0,Buton,,2016-01,-0.05220863676093011,1,-0.05220863676093011,VIIRS DNB,nW/cm2/sr,2016,"{""type"":""MultiPoint"",""coordinates"":[]}"
24_00000000000000000002,BA03050040,,,,,,,74.15,74,517.631463505,TASWIL5000020230907KABKOTA,Buton Selatan,,0.042249508051,1.85498741345,4326,4,,,Buton Selatan,Sulawesi Tenggara,,0,Buton,,2016-01,-0.02379518926008905,1,-0.02379518926008905,VIIRS DNB,nW/cm2/sr,2016,"{""type"":""MultiPoint"",""coordinates"":[]}"
24_00000000000000000003,BA03050040,,,,,,,74.14,74,836.955797791,TASWIL5000020230907KABKOTA,Buton Tengah,,0.0682810706644,2.98412837401,4326,4,,,Buton Tengah,Sulawesi Tenggara,,0,Buton,,2016-01,-0.030873581524993574,1,-0.030873581524993574,VIIRS DNB,nW/cm2/sr,2016,"{""type"":""MultiPoint"",""coordinates"":[]}"
24_0000000000000000000c,BA03050040,,,,,,,74.72,74,294.137423231,TASWIL5000020230907KABKOTA,Kota Bau Bau,,0.0240007870008,0.955179337168,4326,5,,,Kota Bau Bau,Sulawesi Tenggara,,0,Buton,,2016-01,0.4025993933594034,1,0.4025993933594034,VIIRS DNB,nW/cm2/sr,2016,"{""type"":""MultiPoint"",""coordinates"":[]}"
24_00000000000000000010,BA03050040,,,,,,,74.07,74,450.455914283,TASWIL5000020230907KABKOTA,Wakatobi,,0.0367648905913,3.71804674371,4326,4,,,Wakatobi,Sulawesi Tenggara,,0,Buton,,2016-01,0.01510815546517905,1,0.01510815546517905,VIIRS DNB,nW/cm2/sr,2016,"{""type"":""MultiPoint"",""coordinates"":[]}"
24_00000000000000000011,BA03050040,,,,,,,74.07,74,0.253355482028,TASWIL5000020230907KABKOTA,Wakatobi,Wilayah terapung,2.06703594498E-5,0.0291924563304,4326,4,,,Wakatobi,Sulawesi Tenggara,,0,Buton,,2016-01,1.7051844145207444,1,1.7051844145207444,VIIRS DNB,nW/cm2/sr,2016,"{""type"":""MultiPoint"",""coordinates"":[]}"
24_00000000000000000012,BA03050040,,,,,,,74.07,74,4.12006083394,TASWIL5000020230907KABKOTA,Wakatobi,Wilayah terapung,3.36232999688E-4,0.124432278786,4326,4,,,Wakatobi,Sulawesi Tenggara,,0,Buton,,2016-01,-0.033968330373072765,1,-0.033968330373072765,VIIRS DNB,nW/cm2/sr,2016,"{""type"":""MultiPoint"",""coordinates"":[]}"
24_0000000000000000000a,BA03050040,,,,,,,74.05,74,4237.74051506,TASWIL5000020230907KABKOTA,Konawe Selatan,,0.345208073275,5.59324280043,4326,4,,,Konawe Selatan,Sulawesi Tenggara,,0,Kendari,,2016-01,0.00876051560719595,1,0.00876051560719595,VIIRS DNB,nW/cm2/sr,2016,"{""type"":""MultiPoint"",""coordinates"":[]}"
24_0000000000000000000d,BA03050040,,,,,,,74.71,74,265.790696582,TASWIL5000020230907KABKOTA,Kota Kendari,,0.0216443348271,1.21929531969,4326,5,,,Kota Kendari,Sulawesi Tenggara,,0,Kendari,,2016-01,2.1645369913508636,1,2.1645369913508636,VIIRS DNB,nW/cm2/sr,2016,"{""type"":""MultiPoint"",""coordinates"":[]}"
24_00000000000000000006,BA03050040,,,,,,,74.11,74,3992.53107078,TASWIL5000020230907KABKOTA,Kolaka Timur,,0.325055960897,4.62416724675,4326,4,,,Kolaka Timur,Sulawesi Tenggara,,0,Kolaka,,2016-01,-0.05104175286788583,1,-0.05104175286788583,VIIRS DNB,nW/cm2/sr,2016,"{""type"":""MultiPoint"",""coordinates"":[]}"
24_00000000000000000007,BA03050040,,,,,,,74.08,74,2932.25192061,TASWIL5000020230907KABKOTA,Kolaka Utara,,0.238597308701,3.90865020949,4326,4,,,Kolaka Utara,Sulawesi Tenggara,,0,Kolaka,,2016-01,-0.0529237688977607,1,-0.0529237688977607,VIIRS DNB,nW/cm2/sr,2016,"{""type"":""MultiPoint"",""coordinates"":[]}"
24_00000000000000000009,BA03050040,,,,,,,74.12,74,705.711010277,TASWIL5000020230907KABKOTA,Konawe Kepulauan,,0.0574768178025,1.17136047971,4326,4,,,Konawe Kepulauan,Sulawesi Tenggara,,0,Konawe,,2016-01,-0.05979118730900722,1,-0.05979118730900722,VIIRS DNB,nW/cm2/sr,2016,"{""type"":""MultiPoint"",""coordinates"":[]}"
24_0000000000000000000b,BA03050040,,,,,,,74.09,74,4219.81180817,TASWIL5000020230907KABKOTA,Konawe Utara,,0.343408045869,6.15591332033,4326,4,,,Konawe Utara,Sulawesi Tenggara,,0,Konawe,,2016-01,-0.08687004352095007,1,-0.08687004352095007,VIIRS DNB,nW/cm2/sr,2016,"{""type"":""MultiPoint"",""coordinates"":[]}"
24_00000000000000000004,BA03050040,,,,,,,74.10,74,1755.8292261,TASWIL5000020230907KABKOTA,Buton Utara,,0.143115018242,4.67921811895,4326,4,,,Buton Utara,Sulawesi Tenggara,,0,Muna,,2016-01,-0.06335349584037579,1,-0.06335349584037579,VIIRS DNB,nW/cm2/sr,2016,"{""type"":""MultiPoint"",""coordinates"":[]}"
24_0000000000000000000f,BA03050040,,,,,,,74.13,74,818.701593571,TASWIL5000020230907KABKOTA,Muna Barat,,0.0667415576998,2.65906981122,4326,4,,,Muna Barat,Sulawesi Tenggara,,0,Muna,,2016-01,-0.026039960011540096,1,-0.026039960011540096,VIIRS DNB,nW/cm2/sr,2016,"{""type"":""MultiPoint"",""coordinates"":[]}"
24_00000000000000000013,BA03050040,,,,,,,74.13,74,0.273099429049,TASWIL5000020230907KABKOTA,Muna Barat,Wilayah terapung,2.22679841875E-5,0.0295594995644,4326,4,,,Muna Barat,Sulawesi Tenggara,,0,Muna,,2016-01,-0.052031396582238515,1,-0.052031396582238515,VIIRS DNB,nW/cm2/sr,2016,"{""type"":""MultiPoint"",""coordinates"":[]}"
24_00000000000000000014,BA03050040,,,,,,,74.10,74,0.0480497061255,TASWIL5000020230907KABKOTA,Buton Utara,Wilayah terapung,3.9169026899E-6,0.0168384250334,4326,4,,,Buton Utara,Sulawesi Tenggara,,0,Muna,,2016-01,0.27695877104997635,1,0.27695877104997635,VIIRS DNB,nW/cm2/sr,2016,"{""type"":""MultiPoint"",""coordinates"":[]}"
25_00000000000000000001,BA03050040,,,,,,,74.04,74,1669.32863016,TASWIL5000020230907KABKOTA,Buton,,0.136188299866,3.04087674144,4326,4,,,Buton,Sulawesi Tenggara,,0,,,2016-02,-1.4481483086331416E-4,2,-1.4481483086331416E-4,VIIRS DNB,nW/cm2/sr,2016,"{""type"":""MultiPoint"",""coordinates"":[]}"
25_00000000000000000005,BA03050040,,,,,,,74.01,74,2958.9208572,TASWIL5000020230907KABKOTA,Kolaka,,0.240980839474,5.39527306777,4326,4,,,Kolaka,Sulawesi Tenggara,,0,,,2016-02,-0.006315692268551463,2,-0.006315692268551463,VIIRS DNB,nW/cm2/sr,2016,"{""type"":""MultiPoint"",""coordinates"":[]}"
25_00000000000000000008,BA03050040,,,,,,,74.02,74,5351.85263389,TASWIL5000020230907KABKOTA,Konawe,,0.435602118514,6.84601568998,4326,4,,,Konawe,Sulawesi Tenggara,,0,,,2016-02,0.009931636725323975,2,0.009931636725323975,VIIRS DNB,nW/cm2/sr,2016,"{""type"":""MultiPoint"",""coordinates"":[]}"
25_0000000000000000000e,BA03050040,,,,,,,74.03,74,1858.09481163,TASWIL5000020230907KABKOTA,Muna,,0.151502694674,5.32849464874,4326,4,,,Muna,Sulawesi Tenggara,,0,,,2016-02,0.07653688281916878,2,0.07653688281916878,VIIRS DNB,nW/cm2/sr,2016,"{""type"":""MultiPoint"",""coordinates"":[]}"
25_00000000000000000015,BA03050040,,,,,,,74.03,74,0.17024708351,TASWIL5000020230907KABKOTA,Muna,Wilayah terapung,1.38839187565E-5,0.039960941818,4326,4,,,Muna,Sulawesi Tenggara,,0,,,2016-02,0.5595439489866268,2,0.5595439489866268,VIIRS DNB,nW/cm2/sr,2016,"{""type"":""MultiPoint"",""coordinates"":[]}"
25_00000000000000000016,BA03050040,,,,,,,74.04,74,0.188157250699,TASWIL5000020230907KABKOTA,Buton,Wilayah terapung,1.53526521797E-5,0.0397338812277,4326,4,,,Buton,Sulawesi Tenggara,,0,,,2016-02,0.0,2,0.0,VIIRS DNB,nW/cm2/sr,2016,"{""type"":""MultiPoint"",""coordinates"":[]}"
25_00000000000000000000,BA03050040,,,,,,,74.06,74,3293.96639913,TASWIL5000020230907KABKOTA,Bombana,,0.268524880662,5.47167246052,4326,4,,,Bombana,Sulawesi Tenggara,,0,Buton,,2016-02,-0.011102212682687978,2,-0.011102212682687978,VIIRS DNB,nW/cm2/sr,2016,"{""type"":""MultiPoint"",""coordinates"":[]}"
25_00000000000000000002,BA03050040,,,,,,,74.15,74,517.631463505,TASWIL5000020230907KABKOTA,Buton Selatan,,0.042249508051,1.85498741345,4326,4,,,Buton Selatan,Sulawesi Tenggara,,0,Buton,,2016-02,0.019555755618067962,2,0.019555755618067962,VIIRS DNB,nW/cm2/sr,2016,"{""type"":""MultiPoint"",""coordinates"":[]}"
25_00000000000000000003,BA03050040,,,,,,,74.14,74,836.955797791,TASWIL5000020230907KABKOTA,Buton Tengah,,0.0682810706644,2.98412837401,4326,4,,,Buton Tengah,Sulawesi Tenggara,,0,Buton,,2016-02,0.10094940094453082,2,0.10094940094453082,VIIRS DNB,nW/cm2/sr,2016,"{""type"":""MultiPoint"",""coordinates"":[]}"
25_0000000000000000000c,BA03050040,,,,,,,74.72,74,294.137423231,TASWIL5000020230907KABKOTA,Kota Bau Bau,,0.0240007870008,0.955179337168,4326,5,,,Kota Bau Bau,Sulawesi Tenggara,,0,Buton,,2016-02,0.01087386852411103,2,0.01087386852411103,VIIRS DNB,nW/cm2/sr,2016,"{""type"":""MultiPoint"",""coordinates"":[]}"
25_00000000000000000010,BA03050040,,,,,,,74.07,74,450.455914283,TASWIL5000020230907KABKOTA,Wakatobi,,0.0367648905913,3.71804674371,4326,4,,,Wakatobi,Sulawesi Tenggara,,0,Buton,,2016-02,-0.0016819847502843896,2,-0.0016819847502843896,VIIRS DNB,nW/cm2/sr,2016,"{""type"":""MultiPoint"",""coordinates"":[]}"
25_00000000000000000011,BA03050040,,,,,,,74.07,74,0.253355482028,TASWIL5000020230907KABKOTA,Wakatobi,Wilayah terapung,2.06703594498E-5,0.0291924563304,4326,4,,,Wakatobi,Sulawesi Tenggara,,0,Buton,,2016-02,0.0,2,0.0,VIIRS DNB,nW/cm2/sr,2016,"{""type"":""MultiPoint"",""coordinates"":[]}"
25_00000000000000000012,BA03050040,,,,,,,74.07,74,4.12006083394,TASWIL5000020230907KABKOTA,Wakatobi,Wilayah terapung,3.36232999688E-4,0.124432278786,4326,4,,,Wakatobi,Sulawesi Tenggara,,0,Buton,,2016-02,-4.3181902646313063E-4,2,-4.3181902646313063E-4,VIIRS DNB,nW/cm2/sr,2016,"{""type"":""MultiPoint"",""coordinates"":[]}"
25_0000000000000000000a,BA03050040,,,,,,,74.05,74,4237.74051506,TASWIL5000020230907KABKOTA,Konawe Selatan,,0.345208073275,5.59324280043,4326,4,,,Konawe Selatan,Sulawesi Tenggara,,0,Kendari,,2016-02,0.028227924180408013,2,0.028227924180408013,VIIRS DNB,nW/cm2/sr,2016,"{""type"":""MultiPoint"",""coordinates"":[]}"
25_0000000000000000000d,BA03050040,,,,,,,74.71,74,265.790696582,TASWIL5000020230907KABKOTA,Kota Kendari,,0.0216443348271,1.21929531969,4326,5,,,Kota Kendari,Sulawesi Tenggara,,0,Kendari,,2016-02,1.7341954824858226,2,1.7341954824858226,VIIRS DNB,nW/cm2/sr,2016,"{""type"":""MultiPoint"",""coordinates"":[]}"
25_00000000000000000006,BA03050040,,,,,,,74.11,74,3992.53107078,TASWIL5000020230907KABKOTA,Kolaka Timur,,0.325055960897,4.62416724675,4326,4,,,Kolaka Timur,Sulawesi Tenggara,,0,Kolaka,,2016-02,-0.022870190568458182,2,-0.022870190568458182,VIIRS DNB,nW/cm2/sr,2016,"{""type"":""MultiPoint"",""coordinates"":[]}"
25_00000000000000000007,BA03050040,,,,,,,74.08,74,2932.25192061,TASWIL5000020230907KABKOTA,Kolaka Utara,,0.238597308701,3.90865020949,4326,4,,,Kolaka Utara,Sulawesi Tenggara,,0,Kolaka,,2016-02,-0.0359188363548464,2,-0.0359188363548464,VIIRS DNB,nW/cm2/sr,2016,"{""type"":""MultiPoint"",""coordinates"":[]}"
25_00000000000000000009,BA03050040,,,,,,,74.12,74,705.711010277,TASWIL5000020230907KABKOTA,Konawe Kepulauan,,0.0574768178025,1.17136047971,4326,4,,,Konawe Kepulauan,Sulawesi Tenggara,,0,Konawe,,2016-02,-0.028512253808725255,2,-0.028512253808725255,VIIRS DNB,nW/cm2/sr,2016,"{""type"":""MultiPoint"",""coordinates"":[]}"
25_0000000000000000000b,BA03050040,,,,,,,74.09,74,4219.81180817,TASWIL5000020230907KABKOTA,Konawe Utara,,0.343408045869,6.15591332033,4326,4,,,Konawe Utara,Sulawesi Tenggara,,0,Konawe,,2016-02,-0.029289206162612245,2,-0.029289206162612245,VIIRS DNB,nW/cm2/sr,2016,"{""type"":""MultiPoint"",""coordinates"":[]}"
25_00000000000000000004,BA03050040,,,,,,,74.10,74,1755.8292261,TASWIL5000020230907KABKOTA,Buton Utara,,0.143115018242,4.67921811895,4326,4,,,Buton Utara,Sulawesi Tenggara,,0,Muna,,2016-02,-0.015399888111849747,2,-0.015399888111849747,VIIRS DNB,nW/cm2/sr,2016,"{""type"":""MultiPoint"",""coordinates"":[]}"
25_0000000000000000000f,BA03050040,,,,,,,74.13,74,818.701593571,TASWIL5000020230907KABKOTA,Muna Barat,,0.0667415576998,2.65906981122,4326,4,,,Muna Barat,Sulawesi Tenggara,,0,Muna,,2016-02,0.12391153016407236,2,0.12391153016407236,VIIRS DNB,nW/cm2/sr,2016,"{""type"":""MultiPoint"",""coordinates"":[]}"
25_00000000000000000013,BA03050040,,,,,,,74.13,74,0.273099429049,TASWIL5000020230907KABKOTA,Muna Barat,Wilayah terapung,2.22679841875E-5,0.0295594995644,4326,4,,,Muna Barat,Sulawesi Tenggara,,0,Muna,,2016-02,0.0010848166521921054,2,0.0010848166521921054,VIIRS DNB,nW/cm2/sr,2016,"{""type"":""MultiPoint"",""coordinates"":[]}"
25_00000000000000000014,BA03050040,,,,,,,74.10,74,0.0480497061255,TASWIL5000020230907KABKOTA,Buton Utara,Wilayah terapung,3.9169026899E-6,0.0168384250334,4326,4,,,Buton Utara,Sulawesi Tenggara,,0,Muna,,2016-02,0.03842560414757047,2,0.03842560414757047,VIIRS DNB,nW/cm2/sr,2016,"{""type"":""MultiPoint"",""coordinates"":[]}"
26_00000000000000000001,BA03050040,,,,,,,74.04,74,1669.32863016,TASWIL5000020230907KABKOTA,Buton,,0.136188299866,3.04087674144,4326,4,,,Buton,Sulawesi Tenggara,,0,,,2016-03,-0.05853466460410974,3,-0.05853466460410974,VIIRS DNB,nW/cm2/sr,2016,"{""type"":""MultiPoint"",""coordinates"":[]}"
26_00000000000000000005,BA03050040,,,,,,,74.01,74,2958.9208572,TASWIL5000020230907KABKOTA,Kolaka,,0.240980839474,5.39527306777,4326,4,,,Kolaka,Sulawesi Tenggara,,0,,,2016-03,0.06954378725841923,3,0.06954378725841923,VIIRS DNB,nW/cm2/sr,2016,"{""type"":""MultiPoint"",""coordinates"":[]}"
26_00000000000000000008,BA03050040,,,,,,,74.02,74,5351.85263389,TASWIL5000020230907KABKOTA,Konawe,,0.435602118514,6.84601568998,4326,4,,,Konawe,Sulawesi Tenggara,,0,,,2016-03,0.0471885929783127,3,0.0471885929783127,VIIRS DNB,nW/cm2/sr,2016,"{""type"":""MultiPoint"",""coordinates"":[]}"
26_0000000000000000000e,BA03050040,,,,,,,74.03,74,1858.09481163,TASWIL5000020230907KABKOTA,Muna,,0.151502694674,5.32849464874,4326,4,,,Muna,Sulawesi Tenggara,,0,,,2016-03,-0.005536323571901857,3,-0.005536323571901857,VIIRS DNB,nW/cm2/sr,2016,"{""type"":""MultiPoint"",""coordinates"":[]}"
26_00000000000000000015,BA03050040,,,,,,,74.03,74,0.17024708351,TASWIL5000020230907KABKOTA,Muna,Wilayah terapung,1.38839187565E-5,0.039960941818,4326,4,,,Muna,Sulawesi Tenggara,,0,,,2016-03,-0.009680991760869591,3,-0.009680991760869591,VIIRS DNB,nW/cm2/sr,2016,"{""type"":""MultiPoint"",""coordinates"":[]}"
26_00000000000000000016,BA03050040,,,,,,,74.04,74,0.188157250699,TASWIL5000020230907KABKOTA,Buton,Wilayah terapung,1.53526521797E-5,0.0397338812277,4326,4,,,Buton,Sulawesi Tenggara,,0,,,2016-03,0.07211685161430229,3,0.07211685161430229,VIIRS DNB,nW/cm2/sr,2016,"{""type"":""MultiPoint"",""coordinates"":[]}"
26_00000000000000000000,BA03050040,,,,,,,74.06,74,3293.96639913,TASWIL5000020230907KABKOTA,Bombana,,0.268524880662,5.47167246052,4326,4,,,Bombana,Sulawesi Tenggara,,0,Buton,,2016-03,-0.058036977911230206,3,-0.058036977911230206,VIIRS DNB,nW/cm2/sr,2016,"{""type"":""MultiPoint"",""coordinates"":[]}"
26_00000000000000000002,BA03050040,,,,,,,74.15,74,517.631463505,TASWIL5000020230907KABKOTA,Buton Selatan,,0.042249508051,1.85498741345,4326,4,,,Buton Selatan,Sulawesi Tenggara,,0,Buton,,2016-03,-0.04843664886366703,3,-0.04843664886366703,VIIRS DNB,nW/cm2/sr,2016,"{""type"":""MultiPoint"",""coordinates"":[]}"
26_00000000000000000003,BA03050040,,,,,,,74.14,74,836.955797791,TASWIL5000020230907KABKOTA,Buton Tengah,,0.0682810706644,2.98412837401,4326,4,,,Buton Tengah,Sulawesi Tenggara,,0,Buton,,2016-03,-0.03732537529752604,3,-0.03732537529752604,VIIRS DNB,nW/cm2/sr,2016,"{""type"":""MultiPoint"",""coordinates"":[]}"
26_0000000000000000000c,BA03050040,,,,,,,74.72,74,294.137423231,TASWIL5000020230907KABKOTA,Kota Bau Bau,,0.0240007870008,0.955179337168,4326,5,,,Kota Bau Bau,Sulawesi Tenggara,,0,Buton,,2016-03,0.37814058253577265,3,0.37814058253577265,VIIRS DNB,nW/cm2/sr,2016,"{""type"":""MultiPoint"",""coordinates"":[]}"
26_00000000000000000010,BA03050040,,,,,,,74.07,74,450.455914283,TASWIL5000020230907KABKOTA,Wakatobi,,0.0367648905913,3.71804674371,4326,4,,,Wakatobi,Sulawesi Tenggara,,0,Buton,,2016-03,-0.007714695929128586,3,-0.007714695929128586,VIIRS DNB,nW/cm2/sr,2016,"{""type"":""MultiPoint"",""coordinates"":[]}"
26_00000000000000000011,BA03050040,,,,,,,74.07,74,0.253355482028,TASWIL5000020230907KABKOTA,Wakatobi,Wilayah terapung,2.06703594498E-5,0.0291924563304,4326,4,,,Wakatobi,Sulawesi Tenggara,,0,Buton,,2016-03,2.3122441454451215,3,2.3122441454451215,VIIRS DNB,nW/cm2/sr,2016,"{""type"":""MultiPoint"",""coordinates"":[]}"
26_00000000000000000012,BA03050040,,,,,,,74.07,74,4.12006083394,TASWIL5000020230907KABKOTA,Wakatobi,Wilayah terapung,3.36232999688E-4,0.124432278786,4326,4,,,Wakatobi,Sulawesi Tenggara,,0,Buton,,2016-03,-0.07566071858508347,3,-0.07566071858508347,VIIRS DNB,nW/cm2/sr,2016,"{""type"":""MultiPoint"",""coordinates"":[]}"
26_0000000000000000000a,BA03050040,,,,,,,74.05,74,4237.74051506,TASWIL5000020230907KABKOTA,Konawe Selatan,,0.345208073275,5.59324280043,4326,4,,,Konawe Selatan,Sulawesi Tenggara,,0,Kendari,,2016-03,0.019879641558028162,3,0.019879641558028162,VIIRS DNB,nW/cm2/sr,2016,"{""type"":""MultiPoint"",""coordinates"":[]}"
26_0000000000000000000d,BA03050040,,,,,,,74.71,74,265.790696582,TASWIL5000020230907KABKOTA,Kota Kendari,,0.0216443348271,1.21929531969,4326,5,,,Kota Kendari,Sulawesi Tenggara,,0,Kendari,,2016-03,1.9559995783107629,3,1.9559995783107629,VIIRS DNB,nW/cm2/sr,2016,"{""type"":""MultiPoint"",""coordinates"":[]}"
26_00000000000000000006,BA03050040,,,,,,,74.11,74,3992.53107078,TASWIL5000020230907KABKOTA,Kolaka Timur,,0.325055960897,4.62416724675,4326,4,,,Kolaka Timur,Sulawesi Tenggara,,0,Kolaka,,2016-03,0.0032291188123680765,3,0.0032291188123680765,VIIRS DNB,nW/cm2/sr,2016,"{""type"":""MultiPoint"",""coordinates"":[]}"
26_00000000000000000007,BA03050040,,,,,,,74.08,74,2932.25192061,TASWIL5000020230907KABKOTA,Kolaka Utara,,0.238597308701,3.90865020949,4326,4,,,Kolaka Utara,Sulawesi Tenggara,,0,Kolaka,,2016-03,0.026470623300338947,3,0.026470623300338947,VIIRS DNB,nW/cm2/sr,2016,"{""type"":""MultiPoint"",""coordinates"":[]}"
26_00000000000000000009,BA03050040,,,,,,,74.12,74,705.711010277,TASWIL5000020230907KABKOTA,Konawe Kepulauan,,0.0574768178025,1.17136047971,4326,4,,,Konawe Kepulauan,Sulawesi Tenggara,,0,Konawe,,2016-03,-0.03404678506458998,3,-0.03404678506458998,VIIRS DNB,nW/cm2/sr,2016,"{""type"":""MultiPoint"",""coordinates"":[]}"
26_0000000000000000000b,BA03050040,,,,,,,74.09,74,4219.81180817,TASWIL5000020230907KABKOTA,Konawe Utara,,0.343408045869,6.15591332033,4326,4,,,Konawe Utara,Sulawesi Tenggara,,0,Konawe,,2016-03,0.023105559330723495,3,0.023105559330723495,VIIRS DNB,nW/cm2/sr,2016,"{""type"":""MultiPoint"",""coordinates"":[]}"
26_00000000000000000004,BA03050040,,,,,,,74.10,74,1755.8292261,TASWIL5000020230907KABKOTA,Buton Utara,,0.143115018242,4.67921811895,4326,4,,,Buton Utara,Sulawesi Tenggara,,0,Muna,,2016-03,-0.05804833905363655,3,-0.05804833905363655,VIIRS DNB,nW/cm2/sr,2016,"{""type"":""MultiPoint"",""coordinates"":[]}"
26_0000000000000000000f,BA03050040,,,,,,,74.13,74,818.701593571,TASWIL5000020230907KABKOTA,Muna Barat,,0.0667415576998,2.65906981122,4326,4,,,Muna Barat,Sulawesi Tenggara,,0,Muna,,2016-03,-0.01203598386380998,3,-0.01203598386380998,VIIRS DNB,nW/cm2/sr,2016,"{""type"":""MultiPoint"",""coordinates"":[]}"
26_00000000000000000013,BA03050040,,,,,,,74.13,74,0.273099429049,TASWIL5000020230907KABKOTA,Muna Barat,Wilayah terapung,2.22679841875E-5,0.0295594995644,4326,4,,,Muna Barat,Sulawesi Tenggara,,0,Muna,,2016-03,-0.07217897359106944,3,-0.07217897359106944,VIIRS DNB,nW/cm2/sr,2016,"{""type"":""MultiPoint"",""coordinates"":[]}"
26_00000000000000000014,BA03050040,,,,,,,74.10,74,0.0480497061255,TASWIL5000020230907KABKOTA,Buton Utara,Wilayah terapung,3.9169026899E-6,0.0168384250334,4326,4,,,Buton Utara,Sulawesi Tenggara,,0,Muna,,2016-03,0.14882604139191763,3,0.14882604139191763,VIIRS DNB,nW/cm2/sr,2016,"{""type"":""MultiPoint"",""coordinates"":[]}"
27_00000000000000000001,BA03050040,,,,,,,74.04,74,1669.32863016,TASWIL5000020230907KABKOTA,Buton,,0.136188299866,3.04087674144,4326,4,,,Buton,Sulawesi Tenggara,,0,,,2016-04,0.21740738920216823,4,0.21740738920216823,VIIRS DNB,nW/cm2/sr,2016,"{""type"":""MultiPoint"",""coordinates"":[]}"
27_00000000000000000005,BA03050040,,,,,,,74.01,74,2958.9208572,TASWIL5000020230907KABKOTA,Kolaka,,0.240980839474,5.39527306777,4326,4,,,Kolaka,Sulawesi Tenggara,,0,,,2016-04,0.27536705763003244,4,0.27536705763003244,VIIRS DNB,nW/cm2/sr,2016,"{""type"":""MultiPoint"",""coordinates"":[]}"
27_00000000000000000008,BA03050040,,,,,,,74.02,74,5351.85263389,TASWIL5000020230907KABKOTA,Konawe,,0.435602118514,6.84601568998,4326,4,,,Konawe,Sulawesi Tenggara,,0,,,2016-04,0.26396426959211045,4,0.26396426959211045,VIIRS DNB,nW/cm2/sr,2016,"{""type"":""MultiPoint"",""coordinates"":[]}"
27_0000000000000000000e,BA03050040,,,,,,,74.03,74,1858.09481163,TASWIL5000020230907KABKOTA,Muna,,0.151502694674,5.32849464874,4326,4,,,Muna,Sulawesi Tenggara,,0,,,2016-04,0.25251064667031115,4,0.25251064667031115,VIIRS DNB,nW/cm2/sr,2016,"{""type"":""MultiPoint"",""coordinates"":[]}"
27_00000000000000000015,BA03050040,,,,,,,74.03,74,0.17024708351,TASWIL5000020230907KABKOTA,Muna,Wilayah terapung,1.38839187565E-5,0.039960941818,4326,4,,,Muna,Sulawesi Tenggara,,0,,,2016-04,0.168220467908534,4,0.168220467908534,VIIRS DNB,nW/cm2/sr,2016,"{""type"":""MultiPoint"",""coordinates"":[]}"
27_00000000000000000016,BA03050040,,,,,,,74.04,74,0.188157250699,TASWIL5000020230907KABKOTA,Buton,Wilayah terapung,1.53526521797E-5,0.0397338812277,4326,4,,,Buton,Sulawesi Tenggara,,0,,,2016-04,0.3364096309827722,4,0.3364096309827722,VIIRS DNB,nW/cm2/sr,2016,"{""type"":""MultiPoint"",""coordinates"":[]}"
27_00000000000000000000,BA03050040,,,,,,,74.06,74,3293.96639913,TASWIL5000020230907KABKOTA,Bombana,,0.268524880662,5.47167246052,4326,4,,,Bombana,Sulawesi Tenggara,,0,Buton,,2016-04,0.20986210105808317,4,0.20986210105808317,VIIRS DNB,nW/cm2/sr,2016,"{""type"":""MultiPoint"",""coordinates"":[]}"
27_00000000000000000002,BA03050040,,,,,,,74.15,74,517.631463505,TASWIL5000020230907KABKOTA,Buton Selatan,,0.042249508051,1.85498741345,4326,4,,,Buton Selatan,Sulawesi Tenggara,,0,Buton,,2016-04,0.22945561894078054,4,0.22945561894078054,VIIRS DNB,nW/cm2/sr,2016,"{""type"":""MultiPoint"",""coordinates"":[]}"
27_00000000000000000003,BA03050040,,,,,,,74.14,74,836.955797791,TASWIL5000020230907KABKOTA,Buton Tengah,,0.0682810706644,2.98412837401,4326,4,,,Buton Tengah,Sulawesi Tenggara,,0,Buton,,2016-04,0.22311080385071563,4,0.22311080385071563,VIIRS DNB,nW/cm2/sr,2016,"{""type"":""MultiPoint"",""coordinates"":[]}"
27_0000000000000000000c,BA03050040,,,,,,,74.72,74,294.137423231,TASWIL5000020230907KABKOTA,Kota Bau Bau,,0.0240007870008,0.955179337168,4326,5,,,Kota Bau Bau,Sulawesi Tenggara,,0,Buton,,2016-04,0.6184806246634319,4,0.6184806246634319,VIIRS DNB,nW/cm2/sr,2016,"{""type"":""MultiPoint"",""coordinates"":[]}"
27_00000000000000000010,BA03050040,,,,,,,74.07,74,450.455914283,TASWIL5000020230907KABKOTA,Wakatobi,,0.0367648905913,3.71804674371,4326,4,,,Wakatobi,Sulawesi Tenggara,,0,Buton,,2016-04,0.23928521617986043,4,0.23928521617986043,VIIRS DNB,nW/cm2/sr,2016,"{""type"":""MultiPoint"",""coordinates"":[]}"
27_00000000000000000011,BA03050040,,,,,,,74.07,74,0.253355482028,TASWIL5000020230907KABKOTA,Wakatobi,Wilayah terapung,2.06703594498E-5,0.0291924563304,4326,4,,,Wakatobi,Sulawesi Tenggara,,0,Buton,,2016-04,1.3789783013883488,4,1.3789783013883488,VIIRS DNB,nW/cm2/sr,2016,"{""type"":""MultiPoint"",""coordinates"":[]}"
27_00000000000000000012,BA03050040,,,,,,,74.07,74,4.12006083394,TASWIL5000020230907KABKOTA,Wakatobi,Wilayah terapung,3.36232999688E-4,0.124432278786,4326,4,,,Wakatobi,Sulawesi Tenggara,,0,Buton,,2016-04,0.17246378433774923,4,0.17246378433774923,VIIRS DNB,nW/cm2/sr,2016,"{""type"":""MultiPoint"",""coordinates"":[]}"
27_0000000000000000000a,BA03050040,,,,,,,74.05,74,4237.74051506,TASWIL5000020230907KABKOTA,Konawe Selatan,,0.345208073275,5.59324280043,4326,4,,,Konawe Selatan,Sulawesi Tenggara,,0,Kendari,,2016-04,0.2533317983973433,4,0.2533317983973433,VIIRS DNB,nW/cm2/sr,2016,"{""type"":""MultiPoint"",""coordinates"":[]}"
27_0000000000000000000d,BA03050040,,,,,,,74.71,74,265.790696582,TASWIL5000020230907KABKOTA,Kota Kendari,,0.0216443348271,1.21929531969,4326,5,,,Kota Kendari,Sulawesi Tenggara,,0,Kendari,,2016-04,1.8042318049275616,4,1.8042318049275616,VIIRS DNB,nW/cm2/sr,2016,"{""type"":""MultiPoint"",""coordinates"":[]}"
27_00000000000000000006,BA03050040,,,,,,,74.11,74,3992.53107078,TASWIL5000020230907KABKOTA,Kolaka Timur,,0.325055960897,4.62416724675,4326,4,,,Kolaka Timur,Sulawesi Tenggara,,0,Kolaka,,2016-04,0.23643351382151204,4,0.23643351382151204,VIIRS DNB,nW/cm2/sr,2016,"{""type"":""MultiPoint"",""coordinates"":[]}"
27_00000000000000000007,BA03050040,,,,,,,74.08,74,2932.25192061,TASWIL5000020230907KABKOTA,Kolaka Utara,,0.238597308701,3.90865020949,4326,4,,,Kolaka Utara,Sulawesi Tenggara,,0,Kolaka,,2016-04,0.22691420082407185,4,0.22691420082407185,VIIRS DNB,nW/cm2/sr,2016,"{""type"":""MultiPoint"",""coordinates"":[]}"
27_00000000000000000009,BA03050040,,,,,,,74.12,74,705.711010277,TASWIL5000020230907KABKOTA,Konawe Kepulauan,,0.0574768178025,1.17136047971,4326,4,,,Konawe Kepulauan,Sulawesi Tenggara,,0,Konawe,,2016-04,0.21778325016869315,4,0.21778325016869315,VIIRS DNB,nW/cm2/sr,2016,"{""type"":""MultiPoint"",""coordinates"":[]}"
27_0000000000000000000b,BA03050040,,,,,,,74.09,74,4219.81180817,TASWIL5000020230907KABKOTA,Konawe Utara,,0.343408045869,6.15591332033,4326,4,,,Konawe Utara,Sulawesi Tenggara,,0,Konawe,,2016-04,0.24133336301899236,4,0.24133336301899236,VIIRS DNB,nW/cm2/sr,2016,"{""type"":""MultiPoint"",""coordinates"":[]}"
27_00000000000000000004,BA03050040,,,,,,,74.10,74,1755.8292261,TASWIL5000020230907KABKOTA,Buton Utara,,0.143115018242,4.67921811895,4326,4,,,Buton Utara,Sulawesi Tenggara,,0,Muna,,2016-04,0.1818006182206544,4,0.1818006182206544,VIIRS DNB,nW/cm2/sr,2016,"{""type"":""MultiPoint"",""coordinates"":[]}"
27_0000000000000000000f,BA03050040,,,,,,,74.13,74,818.701593571,TASWIL5000020230907KABKOTA,Muna Barat,,0.0667415576998,2.65906981122,4326,4,,,Muna Barat,Sulawesi Tenggara,,0,Muna,,2016-04,0.2595802828996475,4,0.2595802828996475,VIIRS DNB,nW/cm2/sr,2016,"{""type"":""MultiPoint"",""coordinates"":[]}"
27_00000000000000000013,BA03050040,,,,,,,74.13,74,0.273099429049,TASWIL5000020230907KABKOTA,Muna Barat,Wilayah terapung,2.22679841875E-5,0.0295594995644,4326,4,,,Muna Barat,Sulawesi Tenggara,,0,Muna,,2016-04,0.17572054105545207,4,0.17572054105545207,VIIRS DNB,nW/cm2/sr,2016,"{""type"":""MultiPoint"",""coordinates"":[]}"
27_00000000000000000014,BA03050040,,,,,,,74.10,74,0.0480497061255,TASWIL5000020230907KABKOTA,Buton Utara,Wilayah terapung,3.9169026899E-6,0.0168384250334,4326,4,,,Buton Utara,Sulawesi Tenggara,,0,Muna,,2016-04,0.4107208911861693,4,0.4107208911861693,VIIRS DNB,nW/cm2/sr,2016,"{""type"":""MultiPoint"",""coordinates"":[]}"
28_00000000000000000001,BA03050040,,,,,,,74.04,74,1669.32863016,TASWIL5000020230907KABKOTA,Buton,,0.136188299866,3.04087674144,4326,4,,,Buton,Sulawesi Tenggara,,0,,,2016-05,0.1072142436745469,5,0.1072142436745469,VIIRS DNB,nW/cm2/sr,2016,"{""type"":""MultiPoint"",""coordinates"":[]}"
28_00000000000000000005,BA03050040,,,,,,,74.01,74,2958.9208572,TASWIL5000020230907KABKOTA,Kolaka,,0.240980839474,5.39527306777,4326,4,,,Kolaka,Sulawesi Tenggara,,0,,,2016-05,0.17752061312252632,5,0.17752061312252632,VIIRS DNB,nW/cm2/sr,2016,"{""type"":""MultiPoint"",""coordinates"":[]}"
28_00000000000000000008,BA03050040,,,,,,,74.02,74,5351.85263389,TASWIL5000020230907KABKOTA,Konawe,,0.435602118514,6.84601568998,4326,4,,,Konawe,Sulawesi Tenggara,,0,,,2016-05,0.1455957831273355,5,0.1455957831273355,VIIRS DNB,nW/cm2/sr,2016,"{""type"":""MultiPoint"",""coordinates"":[]}"
28_0000000000000000000e,BA03050040,,,,,,,74.03,74,1858.09481163,TASWIL5000020230907KABKOTA,Muna,,0.151502694674,5.32849464874,4326,4,,,Muna,Sulawesi Tenggara,,0,,,2016-05,0.15114494912486423,5,0.15114494912486423,VIIRS DNB,nW/cm2/sr,2016,"{""type"":""MultiPoint"",""coordinates"":[]}"
28_00000000000000000015,BA03050040,,,,,,,74.03,74,0.17024708351,TASWIL5000020230907KABKOTA,Muna,Wilayah terapung,1.38839187565E-5,0.039960941818,4326,4,,,Muna,Sulawesi Tenggara,,0,,,2016-05,0.13262512556390266,5,0.13262512556390266,VIIRS DNB,nW/cm2/sr,2016,"{""type"":""MultiPoint"",""coordinates"":[]}"
28_00000000000000000016,BA03050040,,,,,,,74.04,74,0.188157250699,TASWIL5000020230907KABKOTA,Buton,Wilayah terapung,1.53526521797E-5,0.0397338812277,4326,4,,,Buton,Sulawesi Tenggara,,0,,,2016-05,0.29623566669128515,5,0.29623566669128515,VIIRS DNB,nW/cm2/sr,2016,"{""type"":""MultiPoint"",""coordinates"":[]}"
28_00000000000000000000,BA03050040,,,,,,,74.06,74,3293.96639913,TASWIL5000020230907KABKOTA,Bombana,,0.268524880662,5.47167246052,4326,4,,,Bombana,Sulawesi Tenggara,,0,Buton,,2016-05,0.09239085572492507,5,0.09239085572492507,VIIRS DNB,nW/cm2/sr,2016,"{""type"":""MultiPoint"",""coordinates"":[]}"
28_00000000000000000002,BA03050040,,,,,,,74.15,74,517.631463505,TASWIL5000020230907KABKOTA,Buton Selatan,,0.042249508051,1.85498741345,4326,4,,,Buton Selatan,Sulawesi Tenggara,,0,Buton,,2016-05,0.10606535194297932,5,0.10606535194297932,VIIRS DNB,nW/cm2/sr,2016,"{""type"":""MultiPoint"",""coordinates"":[]}"
28_00000000000000000003,BA03050040,,,,,,,74.14,74,836.955797791,TASWIL5000020230907KABKOTA,Buton Tengah,,0.0682810706644,2.98412837401,4326,4,,,Buton Tengah,Sulawesi Tenggara,,0,Buton,,2016-05,0.12144148291383869,5,0.12144148291383869,VIIRS DNB,nW/cm2/sr,2016,"{""type"":""MultiPoint"",""coordinates"":[]}"
28_0000000000000000000c,BA03050040,,,,,,,74.72,74,294.137423231,TASWIL5000020230907KABKOTA,Kota Bau Bau,,0.0240007870008,0.955179337168,4326,5,,,Kota Bau Bau,Sulawesi Tenggara,,0,Buton,,2016-05,0.591667075541622,5,0.591667075541622,VIIRS DNB,nW/cm2/sr,2016,"{""type"":""MultiPoint"",""coordinates"":[]}"
28_00000000000000000010,BA03050040,,,,,,,74.07,74,450.455914283,TASWIL5000020230907KABKOTA,Wakatobi,,0.0367648905913,3.71804674371,4326,4,,,Wakatobi,Sulawesi Tenggara,,0,Buton,,2016-05,0.16519169660662064,5,0.16519169660662064,VIIRS DNB,nW/cm2/sr,2016,"{""type"":""MultiPoint"",""coordinates"":[]}"
28_00000000000000000011,BA03050040,,,,,,,74.07,74,0.253355482028,TASWIL5000020230907KABKOTA,Wakatobi,Wilayah terapung,2.06703594498E-5,0.0291924563304,4326,4,,,Wakatobi,Sulawesi Tenggara,,0,Buton,,2016-05,2.4353979805181196,5,2.4353979805181196,VIIRS DNB,nW/cm2/sr,2016,"{""type"":""MultiPoint"",""coordinates"":[]}"
28_00000000000000000012,BA03050040,,,,,,,74.07,74,4.12006083394,TASWIL5000020230907KABKOTA,Wakatobi,Wilayah terapung,3.36232999688E-4,0.124432278786,4326,4,,,Wakatobi,Sulawesi Tenggara,,0,Buton,,2016-05,0.09240306718605598,5,0.09240306718605598,VIIRS DNB,nW/cm2/sr,2016,"{""type"":""MultiPoint"",""coordinates"":[]}"
28_0000000000000000000a,BA03050040,,,,,,,74.05,74,4237.74051506,TASWIL5000020230907KABKOTA,Konawe Selatan,,0.345208073275,5.59324280043,4326,4,,,Konawe Selatan,Sulawesi Tenggara,,0,Kendari,,2016-05,0.15836335861839912,5,0.15836335861839912,VIIRS DNB,nW/cm2/sr,2016,"{""type"":""MultiPoint"",""coordinates"":[]}"
28_0000000000000000000d,BA03050040,,,,,,,74.71,74,265.790696582,TASWIL5000020230907KABKOTA,Kota Kendari,,0.0216443348271,1.21929531969,4326,5,,,Kota Kendari,Sulawesi Tenggara,,0,Kendari,,2016-05,2.341297458557412,5,2.341297458557412,VIIRS DNB,nW/cm2/sr,2016,"{""type"":""MultiPoint"",""coordinates"":[]}"
28_00000000000000000006,BA03050040,,,,,,,74.11,74,3992.53107078,TASWIL5000020230907KABKOTA,Kolaka Timur,,0.325055960897,4.62416724675,4326,4,,,Kolaka Timur,Sulawesi Tenggara,,0,Kolaka,,2016-05,0.13161982323012736,5,0.13161982323012736,VIIRS DNB,nW/cm2/sr,2016,"{""type"":""MultiPoint"",""coordinates"":[]}"
28_00000000000000000007,BA03050040,,,,,,,74.08,74,2932.25192061,TASWIL5000020230907KABKOTA,Kolaka Utara,,0.238597308701,3.90865020949,4326,4,,,Kolaka Utara,Sulawesi Tenggara,,0,Kolaka,,2016-05,0.16488793541212815,5,0.16488793541212815,VIIRS DNB,nW/cm2/sr,2016,"{""type"":""MultiPoint"",""coordinates"":[]}"
28_00000000000000000009,BA03050040,,,,,,,74.12,74,705.711010277,TASWIL5000020230907KABKOTA,Konawe Kepulauan,,0.0574768178025,1.17136047971,4326,4,,,Konawe Kepulauan,Sulawesi Tenggara,,0,Konawe,,2016-05,0.09709398593737287,5,0.09709398593737287,VIIRS DNB,nW/cm2/sr,2016,"{""type"":""MultiPoint"",""coordinates"":[]}"
28_0000000000000000000b,BA03050040,,,,,,,74.09,74,4219.81180817,TASWIL5000020230907KABKOTA,Konawe Utara,,0.343408045869,6.15591332033,4326,4,,,Konawe Utara,Sulawesi Tenggara,,0,Konawe,,2016-05,0.10419045109943509,5,0.10419045109943509,VIIRS DNB,nW/cm2/sr,2016,"{""type"":""MultiPoint"",""coordinates"":[]}"
28_00000000000000000004,BA03050040,,,,,,,74.10,74,1755.8292261,TASWIL5000020230907KABKOTA,Buton Utara,,0.143115018242,4.67921811895,4326,4,,,Buton Utara,Sulawesi Tenggara,,0,Muna,,2016-05,0.10921830252543796,5,0.10921830252543796,VIIRS DNB,nW/cm2/sr,2016,"{""type"":""MultiPoint"",""coordinates"":[]}"
28_0000000000000000000f,BA03050040,,,,,,,74.13,74,818.701593571,TASWIL5000020230907KABKOTA,Muna Barat,,0.0667415576998,2.65906981122,4326,4,,,Muna Barat,Sulawesi Tenggara,,0,Muna,,2016-05,0.12983518317097215,5,0.12983518317097215,VIIRS DNB,nW/cm2/sr,2016,"{""type"":""MultiPoint"",""coordinates"":[]}"
28_00000000000000000013,BA03050040,,,,,,,74.13,74,0.273099429049,TASWIL5000020230907KABKOTA,Muna Barat,Wilayah terapung,2.22679841875E-5,0.0295594995644,4326,4,,,Muna Barat,Sulawesi Tenggara,,0,Muna,,2016-05,0.05073629518708598,5,0.05073629518708598,VIIRS DNB,nW/cm2/sr,2016,"{""type"":""MultiPoint"",""coordinates"":[]}"
28_00000000000000000014,BA03050040,,,,,,,74.10,74,0.0480497061255,TASWIL5000020230907KABKOTA,Buton Utara,Wilayah terapung,3.9169026899E-6,0.0168384250334,4326,4,,,Buton Utara,Sulawesi Tenggara,,0,Muna,,2016-05,0.45515518529074533,5,0.45515518529074533,VIIRS DNB,nW/cm2/sr,2016,"{""type"":""MultiPoint"",""coordinates"":[]}"
29_00000000000000000001,BA03050040,,,,,,,74.04,74,1669.32863016,TASWIL5000020230907KABKOTA,Buton,,0.136188299866,3.04087674144,4326,4,,,Buton,Sulawesi Tenggara,,0,,,2016-06,0.02393284127817402,6,0.02393284127817402,VIIRS DNB,nW/cm2/sr,2016,"{""type"":""MultiPoint"",""coordinates"":[]}"
29_00000000000000000005,BA03050040,,,,,,,74.01,74,2958.9208572,TASWIL5000020230907KABKOTA,Kolaka,,0.240980839474,5.39527306777,4326,4,,,Kolaka,Sulawesi Tenggara,,0,,,2016-06,0.11996435602281351,6,0.11996435602281351,VIIRS DNB,nW/cm2/sr,2016,"{""type"":""MultiPoint"",""coordinates"":[]}"
29_00000000000000000008,BA03050040,,,,,,,74.02,74,5351.85263389,TASWIL5000020230907KABKOTA,Konawe,,0.435602118514,6.84601568998,4326,4,,,Konawe,Sulawesi Tenggara,,0,,,2016-06,0.07689698925860955,6,0.07689698925860955,VIIRS DNB,nW/cm2/sr,2016,"{""type"":""MultiPoint"",""coordinates"":[]}"
29_0000000000000000000e,BA03050040,,,,,,,74.03,74,1858.09481163,TASWIL5000020230907KABKOTA,Muna,,0.151502694674,5.32849464874,4326,4,,,Muna,Sulawesi Tenggara,,0,,,2016-06,0.06679234026537255,6,0.06679234026537255,VIIRS DNB,nW/cm2/sr,2016,"{""type"":""MultiPoint"",""coordinates"":[]}"
29_00000000000000000015,BA03050040,,,,,,,74.03,74,0.17024708351,TASWIL5000020230907KABKOTA,Muna,Wilayah terapung,1.38839187565E-5,0.039960941818,4326,4,,,Muna,Sulawesi Tenggara,,0,,,2016-06,0.07440997925560082,6,0.07440997925560082,VIIRS DNB,nW/cm2/sr,2016,"{""type"":""MultiPoint"",""coordinates"":[]}"
29_00000000000000000016,BA03050040,,,,,,,74.04,74,0.188157250699,TASWIL5000020230907KABKOTA,Buton,Wilayah terapung,1.53526521797E-5,0.0397338812277,4326,4,,,Buton,Sulawesi Tenggara,,0,,,2016-06,0.1946033330067345,6,0.1946033330067345,VIIRS DNB,nW/cm2/sr,2016,"{""type"":""MultiPoint"",""coordinates"":[]}"
29_00000000000000000000,BA03050040,,,,,,,74.06,74,3293.96639913,TASWIL5000020230907KABKOTA,Bombana,,0.268524880662,5.47167246052,4326,4,,,Bombana,Sulawesi Tenggara,,0,Buton,,2016-06,0.03044599608258206,6,0.03044599608258206,VIIRS DNB,nW/cm2/sr,2016,"{""type"":""MultiPoint"",""coordinates"":[]}"
29_00000000000000000002,BA03050040,,,,,,,74.15,74,517.631463505,TASWIL5000020230907KABKOTA,Buton Selatan,,0.042249508051,1.85498741345,4326,4,,,Buton Selatan,Sulawesi Tenggara,,0,Buton,,2016-06,0.03445490410597797,6,0.03445490410597797,VIIRS DNB,nW/cm2/sr,2016,"{""type"":""MultiPoint"",""coordinates"":[]}"
29_00000000000000000003,BA03050040,,,,,,,74.14,74,836.955797791,TASWIL5000020230907KABKOTA,Buton Tengah,,0.0682810706644,2.98412837401,4326,4,,,Buton Tengah,Sulawesi Tenggara,,0,Buton,,2016-06,0.047737838811848066,6,0.047737838811848066,VIIRS DNB,nW/cm2/sr,2016,"{""type"":""MultiPoint"",""coordinates"":[]}"
29_0000000000000000000c,BA03050040,,,,,,,74.72,74,294.137423231,TASWIL5000020230907KABKOTA,Kota Bau Bau,,0.0240007870008,0.955179337168,4326,5,,,Kota Bau Bau,Sulawesi Tenggara,,0,Buton,,2016-06,0.5117530780671743,6,0.5117530780671743,VIIRS DNB,nW/cm2/sr,2016,"{""type"":""MultiPoint"",""coordinates"":[]}"
29_00000000000000000010,BA03050040,,,,,,,74.07,74,450.455914283,TASWIL5000020230907KABKOTA,Wakatobi,,0.0367648905913,3.71804674371,4326,4,,,Wakatobi,Sulawesi Tenggara,,0,Buton,,2016-06,0.10561513522280623,6,0.10561513522280623,VIIRS DNB,nW/cm2/sr,2016,"{""type"":""MultiPoint"",""coordinates"":[]}"
29_00000000000000000011,BA03050040,,,,,,,74.07,74,0.253355482028,TASWIL5000020230907KABKOTA,Wakatobi,Wilayah terapung,2.06703594498E-5,0.0291924563304,4326,4,,,Wakatobi,Sulawesi Tenggara,,0,Buton,,2016-06,1.8632635314797246,6,1.8632635314797246,VIIRS DNB,nW/cm2/sr,2016,"{""type"":""MultiPoint"",""coordinates"":[]}"
29_00000000000000000012,BA03050040,,,,,,,74.07,74,4.12006083394,TASWIL5000020230907KABKOTA,Wakatobi,Wilayah terapung,3.36232999688E-4,0.124432278786,4326,4,,,Wakatobi,Sulawesi Tenggara,,0,Buton,,2016-06,0.02927750185887004,6,0.02927750185887004,VIIRS DNB,nW/cm2/sr,2016,"{""type"":""MultiPoint"",""coordinates"":[]}"
29_0000000000000000000a,BA03050040,,,,,,,74.05,74,4237.74051506,TASWIL5000020230907KABKOTA,Konawe Selatan,,0.345208073275,5.59324280043,4326,4,,,Konawe Selatan,Sulawesi Tenggara,,0,Kendari,,2016-06,0.07189786868522673,6,0.07189786868522673,VIIRS DNB,nW/cm2/sr,2016,"{""type"":""MultiPoint"",""coordinates"":[]}"
29_0000000000000000000d,BA03050040,,,,,,,74.71,74,265.790696582,TASWIL5000020230907KABKOTA,Kota Kendari,,0.0216443348271,1.21929531969,4326,5,,,Kota Kendari,Sulawesi Tenggara,,0,Kendari,,2016-06,2.1761084697290594,6,2.1761084697290594,VIIRS DNB,nW/cm2/sr,2016,"{""type"":""MultiPoint"",""coordinates"":[]}"
29_00000000000000000006,BA03050040,,,,,,,74.11,74,3992.53107078,TASWIL5000020230907KABKOTA,Kolaka Timur,,0.325055960897,4.62416724675,4326,4,,,Kolaka Timur,Sulawesi Tenggara,,0,Kolaka,,2016-06,0.0429141891879963,6,0.0429141891879963,VIIRS DNB,nW/cm2/sr,2016,"{""type"":""MultiPoint"",""coordinates"":[]}"
29_00000000000000000007,BA03050040,,,,,,,74.08,74,2932.25192061,TASWIL5000020230907KABKOTA,Kolaka Utara,,0.238597308701,3.90865020949,4326,4,,,Kolaka Utara,Sulawesi Tenggara,,0,Kolaka,,2016-06,0.040548194357595505,6,0.040548194357595505,VIIRS DNB,nW/cm2/sr,2016,"{""type"":""MultiPoint"",""coordinates"":[]}"
29_00000000000000000009,BA03050040,,,,,,,74.12,74,705.711010277,TASWIL5000020230907KABKOTA,Konawe Kepulauan,,0.0574768178025,1.17136047971,4326,4,,,Konawe Kepulauan,Sulawesi Tenggara,,0,Konawe,,2016-06,0.053303975700349025,6,0.053303975700349025,VIIRS DNB,nW/cm2/sr,2016,"{""type"":""MultiPoint"",""coordinates"":[]}"
29_0000000000000000000b,BA03050040,,,,,,,74.09,74,4219.81180817,TASWIL5000020230907KABKOTA,Konawe Utara,,0.343408045869,6.15591332033,4326,4,,,Konawe Utara,Sulawesi Tenggara,,0,Konawe,,2016-06,0.05381035785413219,6,0.05381035785413219,VIIRS DNB,nW/cm2/sr,2016,"{""type"":""MultiPoint"",""coordinates"":[]}"
29_00000000000000000004,BA03050040,,,,,,,74.10,74,1755.8292261,TASWIL5000020230907KABKOTA,Buton Utara,,0.143115018242,4.67921811895,4326,4,,,Buton Utara,Sulawesi Tenggara,,0,Muna,,2016-06,0.03529045287981891,6,0.03529045287981891,VIIRS DNB,nW/cm2/sr,2016,"{""type"":""MultiPoint"",""coordinates"":[]}"
29_0000000000000000000f,BA03050040,,,,,,,74.13,74,818.701593571,TASWIL5000020230907KABKOTA,Muna Barat,,0.0667415576998,2.65906981122,4326,4,,,Muna Barat,Sulawesi Tenggara,,0,Muna,,2016-06,0.04840699473002398,6,0.04840699473002398,VIIRS DNB,nW/cm2/sr,2016,"{""type"":""MultiPoint"",""coordinates"":[]}"
29_00000000000000000013,BA03050040,,,,,,,74.13,74,0.273099429049,TASWIL5000020230907KABKOTA,Muna Barat,Wilayah terapung,2.22679841875E-5,0.0295594995644,4326,4,,,Muna Barat,Sulawesi Tenggara,,0,Muna,,2016-06,0.042793108164652205,6,0.042793108164652205,VIIRS DNB,nW/cm2/sr,2016,"{""type"":""MultiPoint"",""coordinates"":[]}"
29_00000000000000000014,BA03050040,,,,,,,74.10,74,0.0480497061255,TASWIL5000020230907KABKOTA,Buton Utara,Wilayah terapung,3.9169026899E-6,0.0168384250334,4326,4,,,Buton Utara,Sulawesi Tenggara,,0,Muna,,2016-06,0.1936435036893402,6,0.1936435036893402,VIIRS DNB,nW/cm2/sr,2016,"{""type"":""MultiPoint"",""coordinates"":[]}"
30_00000000000000000001,BA03050040,,,,,,,74.04,74,1669.32863016,TASWIL5000020230907KABKOTA,Buton,,0.136188299866,3.04087674144,4326,4,,,Buton,Sulawesi Tenggara,,0,,,2016-07,0.03901994316450776,7,0.03901994316450776,VIIRS DNB,nW/cm2/sr,2016,"{""type"":""MultiPoint"",""coordinates"":[]}"
30_00000000000000000005,BA03050040,,,,,,,74.01,74,2958.9208572,TASWIL5000020230907KABKOTA,Kolaka,,0.240980839474,5.39527306777,4326,4,,,Kolaka,Sulawesi Tenggara,,0,,,2016-07,0.13931973333735329,7,0.13931973333735329,VIIRS DNB,nW/cm2/sr,2016,"{""type"":""MultiPoint"",""coordinates"":[]}"
30_00000000000000000008,BA03050040,,,,,,,74.02,74,5351.85263389,TASWIL5000020230907KABKOTA,Konawe,,0.435602118514,6.84601568998,4326,4,,,Konawe,Sulawesi Tenggara,,0,,,2016-07,0.08945300353419798,7,0.08945300353419798,VIIRS DNB,nW/cm2/sr,2016,"{""type"":""MultiPoint"",""coordinates"":[]}"
30_0000000000000000000e,BA03050040,,,,,,,74.03,74,1858.09481163,TASWIL5000020230907KABKOTA,Muna,,0.151502694674,5.32849464874,4326,4,,,Muna,Sulawesi Tenggara,,0,,,2016-07,0.07452433408551006,7,0.07452433408551006,VIIRS DNB,nW/cm2/sr,2016,"{""type"":""MultiPoint"",""coordinates"":[]}"
30_00000000000000000015,BA03050040,,,,,,,74.03,74,0.17024708351,TASWIL5000020230907KABKOTA,Muna,Wilayah terapung,1.38839187565E-5,0.039960941818,4326,4,,,Muna,Sulawesi Tenggara,,0,,,2016-07,0.03842522344831916,7,0.03842522344831916,VIIRS DNB,nW/cm2/sr,2016,"{""type"":""MultiPoint"",""coordinates"":[]}"
30_00000000000000000016,BA03050040,,,,,,,74.04,74,0.188157250699,TASWIL5000020230907KABKOTA,Buton,Wilayah terapung,1.53526521797E-5,0.0397338812277,4326,4,,,Buton,Sulawesi Tenggara,,0,,,2016-07,0.21724065575424745,7,0.21724065575424745,VIIRS DNB,nW/cm2/sr,2016,"{""type"":""MultiPoint"",""coordinates"":[]}"
30_00000000000000000000,BA03050040,,,,,,,74.06,74,3293.96639913,TASWIL5000020230907KABKOTA,Bombana,,0.268524880662,5.47167246052,4326,4,,,Bombana,Sulawesi Tenggara,,0,Buton,,2016-07,0.04962149296014996,7,0.04962149296014996,VIIRS DNB,nW/cm2/sr,2016,"{""type"":""MultiPoint"",""coordinates"":[]}"
30_00000000000000000002,BA03050040,,,,,,,74.15,74,517.631463505,TASWIL5000020230907KABKOTA,Buton Selatan,,0.042249508051,1.85498741345,4326,4,,,Buton Selatan,Sulawesi Tenggara,,0,Buton,,2016-07,0.06927824963148381,7,0.06927824963148381,VIIRS DNB,nW/cm2/sr,2016,"{""type"":""MultiPoint"",""coordinates"":[]}"
30_00000000000000000003,BA03050040,,,,,,,74.14,74,836.955797791,TASWIL5000020230907KABKOTA,Buton Tengah,,0.0682810706644,2.98412837401,4326,4,,,Buton Tengah,Sulawesi Tenggara,,0,Buton,,2016-07,0.05101531091265551,7,0.05101531091265551,VIIRS DNB,nW/cm2/sr,2016,"{""type"":""MultiPoint"",""coordinates"":[]}"
30_0000000000000000000c,BA03050040,,,,,,,74.72,74,294.137423231,TASWIL5000020230907KABKOTA,Kota Bau Bau,,0.0240007870008,0.955179337168,4326,5,,,Kota Bau Bau,Sulawesi Tenggara,,0,Buton,,2016-07,0.5639592782256776,7,0.5639592782256776,VIIRS DNB,nW/cm2/sr,2016,"{""type"":""MultiPoint"",""coordinates"":[]}"
30_00000000000000000010,BA03050040,,,,,,,74.07,74,450.455914283,TASWIL5000020230907KABKOTA,Wakatobi,,0.0367648905913,3.71804674371,4326,4,,,Wakatobi,Sulawesi Tenggara,,0,Buton,,2016-07,0.11023416301775538,7,0.11023416301775538,VIIRS DNB,nW/cm2/sr,2016,"{""type"":""MultiPoint"",""coordinates"":[]}"
30_00000000000000000011,BA03050040,,,,,,,74.07,74,0.253355482028,TASWIL5000020230907KABKOTA,Wakatobi,Wilayah terapung,2.06703594498E-5,0.0291924563304,4326,4,,,Wakatobi,Sulawesi Tenggara,,0,Buton,,2016-07,2.1962349756743555,7,2.1962349756743555,VIIRS DNB,nW/cm2/sr,2016,"{""type"":""MultiPoint"",""coordinates"":[]}"
30_00000000000000000012,BA03050040,,,,,,,74.07,74,4.12006083394,TASWIL5000020230907KABKOTA,Wakatobi,Wilayah terapung,3.36232999688E-4,0.124432278786,4326,4,,,Wakatobi,Sulawesi Tenggara,,0,Buton,,2016-07,0.031939144218891595,7,0.031939144218891595,VIIRS DNB,nW/cm2/sr,2016,"{""type"":""MultiPoint"",""coordinates"":[]}"
30_0000000000000000000a,BA03050040,,,,,,,74.05,74,4237.74051506,TASWIL5000020230907KABKOTA,Konawe Selatan,,0.345208073275,5.59324280043,4326,4,,,Konawe Selatan,Sulawesi Tenggara,,0,Kendari,,2016-07,0.09585361474198965,7,0.09585361474198965,VIIRS DNB,nW/cm2/sr,2016,"{""type"":""MultiPoint"",""coordinates"":[]}"
30_0000000000000000000d,BA03050040,,,,,,,74.71,74,265.790696582,TASWIL5000020230907KABKOTA,Kota Kendari,,0.0216443348271,1.21929531969,4326,5,,,Kota Kendari,Sulawesi Tenggara,,0,Kendari,,2016-07,2.23978541190459,7,2.23978541190459,VIIRS DNB,nW/cm2/sr,2016,"{""type"":""MultiPoint"",""coordinates"":[]}"
30_00000000000000000006,BA03050040,,,,,,,74.11,74,3992.53107078,TASWIL5000020230907KABKOTA,Kolaka Timur,,0.325055960897,4.62416724675,4326,4,,,Kolaka Timur,Sulawesi Tenggara,,0,Kolaka,,2016-07,0.05928461928926004,7,0.05928461928926004,VIIRS DNB,nW/cm2/sr,2016,"{""type"":""MultiPoint"",""coordinates"":[]}"
30_00000000000000000007,BA03050040,,,,,,,74.08,74,2932.25192061,TASWIL5000020230907KABKOTA,Kolaka Utara,,0.238597308701,3.90865020949,4326,4,,,Kolaka Utara,Sulawesi Tenggara,,0,Kolaka,,2016-07,0.05051326578431497,7,0.05051326578431497,VIIRS DNB,nW/cm2/sr,2016,"{""type"":""MultiPoint"",""coordinates"":[]}"
30_00000000000000000009,BA03050040,,,,,,,74.12,74,705.711010277,TASWIL5000020230907KABKOTA,Konawe Kepulauan,,0.0574768178025,1.17136047971,4326,4,,,Konawe Kepulauan,Sulawesi Tenggara,,0,Konawe,,2016-07,0.05271803174937007,7,0.05271803174937007,VIIRS DNB,nW/cm2/sr,2016,"{""type"":""MultiPoint"",""coordinates"":[]}"
30_0000000000000000000b,BA03050040,,,,,,,74.09,74,4219.81180817,TASWIL5000020230907KABKOTA,Konawe Utara,,0.343408045869,6.15591332033,4326,4,,,Konawe Utara,Sulawesi Tenggara,,0,Konawe,,2016-07,0.05495531668233213,7,0.05495531668233213,VIIRS DNB,nW/cm2/sr,2016,"{""type"":""MultiPoint"",""coordinates"":[]}"
30_00000000000000000004,BA03050040,,,,,,,74.10,74,1755.8292261,TASWIL5000020230907KABKOTA,Buton Utara,,0.143115018242,4.67921811895,4326,4,,,Buton Utara,Sulawesi Tenggara,,0,Muna,,2016-07,0.034298911024293735,7,0.034298911024293735,VIIRS DNB,nW/cm2/sr,2016,"{""type"":""MultiPoint"",""coordinates"":[]}"
30_0000000000000000000f,BA03050040,,,,,,,74.13,74,818.701593571,TASWIL5000020230907KABKOTA,Muna Barat,,0.0667415576998,2.65906981122,4326,4,,,Muna Barat,Sulawesi Tenggara,,0,Muna,,2016-07,0.055729479410768015,7,0.055729479410768015,VIIRS DNB,nW/cm2/sr,2016,"{""type"":""MultiPoint"",""coordinates"":[]}"
30_00000000000000000013,BA03050040,,,,,,,74.13,74,0.273099429049,TASWIL5000020230907KABKOTA,Muna Barat,Wilayah terapung,2.22679841875E-5,0.0295594995644,4326,4,,,Muna Barat,Sulawesi Tenggara,,0,Muna,,2016-07,-0.023305419568537267,7,-0.023305419568537267,VIIRS DNB,nW/cm2/sr,2016,"{""type"":""MultiPoint"",""coordinates"":[]}"
30_00000000000000000014,BA03050040,,,,,,,74.10,74,0.0480497061255,TASWIL5000020230907KABKOTA,Buton Utara,Wilayah terapung,3.9169026899E-6,0.0168384250334,4326,4,,,Buton Utara,Sulawesi Tenggara,,0,Muna,,2016-07,0.26929227582045967,7,0.26929227582045967,VIIRS DNB,nW/cm2/sr,2016,"{""type"":""MultiPoint"",""coordinates"":[]}"
31_00000000000000000001,BA03050040,,,,,,,74.04,74,1669.32863016,TASWIL5000020230907KABKOTA,Buton,,0.136188299866,3.04087674144,4326,4,,,Buton,Sulawesi Tenggara,,0,,,2016-08,0.038111591781850376,8,0.038111591781850376,VIIRS DNB,nW/cm2/sr,2016,"{""type"":""MultiPoint"",""coordinates"":[]}"
31_00000000000000000005,BA03050040,,,,,,,74.01,74,2958.9208572,TASWIL5000020230907KABKOTA,Kolaka,,0.240980839474,5.39527306777,4326,4,,,Kolaka,Sulawesi Tenggara,,0,,,2016-08,0.0919278169269941,8,0.0919278169269941,VIIRS DNB,nW/cm2/sr,2016,"{""type"":""MultiPoint"",""coordinates"":[]}"
31_00000000000000000008,BA03050040,,,,,,,74.02,74,5351.85263389,TASWIL5000020230907KABKOTA,Konawe,,0.435602118514,6.84601568998,4326,4,,,Konawe,Sulawesi Tenggara,,0,,,2016-08,0.030274637641908155,8,0.030274637641908155,VIIRS DNB,nW/cm2/sr,2016,"{""type"":""MultiPoint"",""coordinates"":[]}"
31_0000000000000000000e,BA03050040,,,,,,,74.03,74,1858.09481163,TASWIL5000020230907KABKOTA,Muna,,0.151502694674,5.32849464874,4326,4,,,Muna,Sulawesi Tenggara,,0,,,2016-08,0.07998231553886029,8,0.07998231553886029,VIIRS DNB,nW/cm2/sr,2016,"{""type"":""MultiPoint"",""coordinates"":[]}"
31_00000000000000000015,BA03050040,,,,,,,74.03,74,0.17024708351,TASWIL5000020230907KABKOTA,Muna,Wilayah terapung,1.38839187565E-5,0.039960941818,4326,4,,,Muna,Sulawesi Tenggara,,0,,,2016-08,0.04270614830594014,8,0.04270614830594014,VIIRS DNB,nW/cm2/sr,2016,"{""type"":""MultiPoint"",""coordinates"":[]}"
31_00000000000000000016,BA03050040,,,,,,,74.04,74,0.188157250699,TASWIL5000020230907KABKOTA,Buton,Wilayah terapung,1.53526521797E-5,0.0397338812277,4326,4,,,Buton,Sulawesi Tenggara,,0,,,2016-08,0.22294792954040615,8,0.22294792954040615,VIIRS DNB,nW/cm2/sr,2016,"{""type"":""MultiPoint"",""coordinates"":[]}"
31_00000000000000000000,BA03050040,,,,,,,74.06,74,3293.96639913,TASWIL5000020230907KABKOTA,Bombana,,0.268524880662,5.47167246052,4326,4,,,Bombana,Sulawesi Tenggara,,0,Buton,,2016-08,0.02267438447577661,8,0.02267438447577661,VIIRS DNB,nW/cm2/sr,2016,"{""type"":""MultiPoint"",""coordinates"":[]}"
31_00000000000000000002,BA03050040,,,,,,,74.15,74,517.631463505,TASWIL5000020230907KABKOTA,Buton Selatan,,0.042249508051,1.85498741345,4326,4,,,Buton Selatan,Sulawesi Tenggara,,0,Buton,,2016-08,0.0675672862465045,8,0.0675672862465045,VIIRS DNB,nW/cm2/sr,2016,"{""type"":""MultiPoint"",""coordinates"":[]}"
31_00000000000000000003,BA03050040,,,,,,,74.14,74,836.955797791,TASWIL5000020230907KABKOTA,Buton Tengah,,0.0682810706644,2.98412837401,4326,4,,,Buton Tengah,Sulawesi Tenggara,,0,Buton,,2016-08,0.039823106052596306,8,0.039823106052596306,VIIRS DNB,nW/cm2/sr,2016,"{""type"":""MultiPoint"",""coordinates"":[]}"
31_0000000000000000000c,BA03050040,,,,,,,74.72,74,294.137423231,TASWIL5000020230907KABKOTA,Kota Bau Bau,,0.0240007870008,0.955179337168,4326,5,,,Kota Bau Bau,Sulawesi Tenggara,,0,Buton,,2016-08,0.5930713631209449,8,0.5930713631209449,VIIRS DNB,nW/cm2/sr,2016,"{""type"":""MultiPoint"",""coordinates"":[]}"
31_00000000000000000010,BA03050040,,,,,,,74.07,74,450.455914283,TASWIL5000020230907KABKOTA,Wakatobi,,0.0367648905913,3.71804674371,4326,4,,,Wakatobi,Sulawesi Tenggara,,0,Buton,,2016-08,0.12432537573547578,8,0.12432537573547578,VIIRS DNB,nW/cm2/sr,2016,"{""type"":""MultiPoint"",""coordinates"":[]}"
31_00000000000000000011,BA03050040,,,,,,,74.07,74,0.253355482028,TASWIL5000020230907KABKOTA,Wakatobi,Wilayah terapung,2.06703594498E-5,0.0291924563304,4326,4,,,Wakatobi,Sulawesi Tenggara,,0,Buton,,2016-08,2.4423528121885405,8,2.4423528121885405,VIIRS DNB,nW/cm2/sr,2016,"{""type"":""MultiPoint"",""coordinates"":[]}"
31_00000000000000000012,BA03050040,,,,,,,74.07,74,4.12006083394,TASWIL5000020230907KABKOTA,Wakatobi,Wilayah terapung,3.36232999688E-4,0.124432278786,4326,4,,,Wakatobi,Sulawesi Tenggara,,0,Buton,,2016-08,0.044307868830231446,8,0.044307868830231446,VIIRS DNB,nW/cm2/sr,2016,"{""type"":""MultiPoint"",""coordinates"":[]}"
31_0000000000000000000a,BA03050040,,,,,,,74.05,74,4237.74051506,TASWIL5000020230907KABKOTA,Konawe Selatan,,0.345208073275,5.59324280043,4326,4,,,Konawe Selatan,Sulawesi Tenggara,,0,Kendari,,2016-08,0.081868108499923,8,0.081868108499923,VIIRS DNB,nW/cm2/sr,2016,"{""type"":""MultiPoint"",""coordinates"":[]}"
31_0000000000000000000d,BA03050040,,,,,,,74.71,74,265.790696582,TASWIL5000020230907KABKOTA,Kota Kendari,,0.0216443348271,1.21929531969,4326,5,,,Kota Kendari,Sulawesi Tenggara,,0,Kendari,,2016-08,2.3831826287606734,8,2.3831826287606734,VIIRS DNB,nW/cm2/sr,2016,"{""type"":""MultiPoint"",""coordinates"":[]}"
31_00000000000000000006,BA03050040,,,,,,,74.11,74,3992.53107078,TASWIL5000020230907KABKOTA,Kolaka Timur,,0.325055960897,4.62416724675,4326,4,,,Kolaka Timur,Sulawesi Tenggara,,0,Kolaka,,2016-08,-0.0038803605906008454,8,-0.0038803605906008454,VIIRS DNB,nW/cm2/sr,2016,"{""type"":""MultiPoint"",""coordinates"":[]}"
31_00000000000000000007,BA03050040,,,,,,,74.08,74,2932.25192061,TASWIL5000020230907KABKOTA,Kolaka Utara,,0.238597308701,3.90865020949,4326,4,,,Kolaka Utara,Sulawesi Tenggara,,0,Kolaka,,2016-08,-0.012273388506517612,8,-0.012273388506517612,VIIRS DNB,nW/cm2/sr,2016,"{""type"":""MultiPoint"",""coordinates"":[]}"
31_00000000000000000009,BA03050040,,,,,,,74.12,74,705.711010277,TASWIL5000020230907KABKOTA,Konawe Kepulauan,,0.0574768178025,1.17136047971,4326,4,,,Konawe Kepulauan,Sulawesi Tenggara,,0,Konawe,,2016-08,0.041198338983623156,8,0.041198338983623156,VIIRS DNB,nW/cm2/sr,2016,"{""type"":""MultiPoint"",""coordinates"":[]}"
31_0000000000000000000b,BA03050040,,,,,,,74.09,74,4219.81180817,TASWIL5000020230907KABKOTA,Konawe Utara,,0.343408045869,6.15591332033,4326,4,,,Konawe Utara,Sulawesi Tenggara,,0,Konawe,,2016-08,0.007837522330105831,8,0.007837522330105831,VIIRS DNB,nW/cm2/sr,2016,"{""type"":""MultiPoint"",""coordinates"":[]}"
31_00000000000000000004,BA03050040,,,,,,,74.10,74,1755.8292261,TASWIL5000020230907KABKOTA,Buton Utara,,0.143115018242,4.67921811895,4326,4,,,Buton Utara,Sulawesi Tenggara,,0,Muna,,2016-08,0.041282857713854926,8,0.041282857713854926,VIIRS DNB,nW/cm2/sr,2016,"{""type"":""MultiPoint"",""coordinates"":[]}"
31_0000000000000000000f,BA03050040,,,,,,,74.13,74,818.701593571,TASWIL5000020230907KABKOTA,Muna Barat,,0.0667415576998,2.65906981122,4326,4,,,Muna Barat,Sulawesi Tenggara,,0,Muna,,2016-08,0.06167166043681056,8,0.06167166043681056,VIIRS DNB,nW/cm2/sr,2016,"{""type"":""MultiPoint"",""coordinates"":[]}"
31_00000000000000000013,BA03050040,,,,,,,74.13,74,0.273099429049,TASWIL5000020230907KABKOTA,Muna Barat,Wilayah terapung,2.22679841875E-5,0.0295594995644,4326,4,,,Muna Barat,Sulawesi Tenggara,,0,Muna,,2016-08,0.0196090936055575,8,0.0196090936055575,VIIRS DNB,nW/cm2/sr,2016,"{""type"":""MultiPoint"",""coordinates"":[]}"
31_00000000000000000014,BA03050040,,,,,,,74.10,74,0.0480497061255,TASWIL5000020230907KABKOTA,Buton Utara,Wilayah terapung,3.9169026899E-6,0.0168384250334,4326,4,,,Buton Utara,Sulawesi Tenggara,,0,Muna,,2016-08,0.45273000001907354,8,0.45273000001907354,VIIRS DNB,nW/cm2/sr,2016,"{""type"":""MultiPoint"",""coordinates"":[]}"
32_00000000000000000001,BA03050040,,,,,,,74.04,74,1669.32863016,TASWIL5000020230907KABKOTA,Buton,,0.136188299866,3.04087674144,4326,4,,,Buton,Sulawesi Tenggara,,0,,,2016-09,-0.04209157638506407,9,-0.04209157638506407,VIIRS DNB,nW/cm2/sr,2016,"{""type"":""MultiPoint"",""coordinates"":[]}"
32_00000000000000000005,BA03050040,,,,,,,74.01,74,2958.9208572,TASWIL5000020230907KABKOTA,Kolaka,,0.240980839474,5.39527306777,4326,4,,,Kolaka,Sulawesi Tenggara,,0,,,2016-09,0.03928549945512792,9,0.03928549945512792,VIIRS DNB,nW/cm2/sr,2016,"{""type"":""MultiPoint"",""coordinates"":[]}"
32_00000000000000000008,BA03050040,,,,,,,74.02,74,5351.85263389,TASWIL5000020230907KABKOTA,Konawe,,0.435602118514,6.84601568998,4326,4,,,Konawe,Sulawesi Tenggara,,0,,,2016-09,-0.017920300757216862,9,-0.017920300757216862,VIIRS DNB,nW/cm2/sr,2016,"{""type"":""MultiPoint"",""coordinates"":[]}"
32_0000000000000000000e,BA03050040,,,,,,,74.03,74,1858.09481163,TASWIL5000020230907KABKOTA,Muna,,0.151502694674,5.32849464874,4326,4,,,Muna,Sulawesi Tenggara,,0,,,2016-09,-0.016645314974154057,9,-0.016645314974154057,VIIRS DNB,nW/cm2/sr,2016,"{""type"":""MultiPoint"",""coordinates"":[]}"
32_00000000000000000015,BA03050040,,,,,,,74.03,74,0.17024708351,TASWIL5000020230907KABKOTA,Muna,Wilayah terapung,1.38839187565E-5,0.039960941818,4326,4,,,Muna,Sulawesi Tenggara,,0,,,2016-09,-0.030450595316687073,9,-0.030450595316687073,VIIRS DNB,nW/cm2/sr,2016,"{""type"":""MultiPoint"",""coordinates"":[]}"
32_00000000000000000016,BA03050040,,,,,,,74.04,74,0.188157250699,TASWIL5000020230907KABKOTA,Buton,Wilayah terapung,1.53526521797E-5,0.0397338812277,4326,4,,,Buton,Sulawesi Tenggara,,0,,,2016-09,0.14771457789870712,9,0.14771457789870712,VIIRS DNB,nW/cm2/sr,2016,"{""type"":""MultiPoint"",""coordinates"":[]}"
32_00000000000000000000,BA03050040,,,,,,,74.06,74,3293.96639913,TASWIL5000020230907KABKOTA,Bombana,,0.268524880662,5.47167246052,4326,4,,,Bombana,Sulawesi Tenggara,,0,Buton,,2016-09,-0.05695098324677527,9,-0.05695098324677527,VIIRS DNB,nW/cm2/sr,2016,"{""type"":""MultiPoint"",""coordinates"":[]}"
32_00000000000000000002,BA03050040,,,,,,,74.15,74,517.631463505,TASWIL5000020230907KABKOTA,Buton Selatan,,0.042249508051,1.85498741345,4326,4,,,Buton Selatan,Sulawesi Tenggara,,0,Buton,,2016-09,-0.00891360173457008,9,-0.00891360173457008,VIIRS DNB,nW/cm2/sr,2016,"{""type"":""MultiPoint"",""coordinates"":[]}"
32_00000000000000000003,BA03050040,,,,,,,74.14,74,836.955797791,TASWIL5000020230907KABKOTA,Buton Tengah,,0.0682810706644,2.98412837401,4326,4,,,Buton Tengah,Sulawesi Tenggara,,0,Buton,,2016-09,-0.03312490490522612,9,-0.03312490490522612,VIIRS DNB,nW/cm2/sr,2016,"{""type"":""MultiPoint"",""coordinates"":[]}"
32_0000000000000000000c,BA03050040,,,,,,,74.72,74,294.137423231,TASWIL5000020230907KABKOTA,Kota Bau Bau,,0.0240007870008,0.955179337168,4326,5,,,Kota Bau Bau,Sulawesi Tenggara,,0,Buton,,2016-09,0.5238138600150591,9,0.5238138600150591,VIIRS DNB,nW/cm2/sr,2016,"{""type"":""MultiPoint"",""coordinates"":[]}"
32_00000000000000000010,BA03050040,,,,,,,74.07,74,450.455914283,TASWIL5000020230907KABKOTA,Wakatobi,,0.0367648905913,3.71804674371,4326,4,,,Wakatobi,Sulawesi Tenggara,,0,Buton,,2016-09,0.06039719746344784,9,0.06039719746344784,VIIRS DNB,nW/cm2/sr,2016,"{""type"":""MultiPoint"",""coordinates"":[]}"
32_00000000000000000011,BA03050040,,,,,,,74.07,74,0.253355482028,TASWIL5000020230907KABKOTA,Wakatobi,Wilayah terapung,2.06703594498E-5,0.0291924563304,4326,4,,,Wakatobi,Sulawesi Tenggara,,0,Buton,,2016-09,2.125593737576359,9,2.125593737576359,VIIRS DNB,nW/cm2/sr,2016,"{""type"":""MultiPoint"",""coordinates"":[]}"
32_00000000000000000012,BA03050040,,,,,,,74.07,74,4.12006083394,TASWIL5000020230907KABKOTA,Wakatobi,Wilayah terapung,3.36232999688E-4,0.124432278786,4326,4,,,Wakatobi,Sulawesi Tenggara,,0,Buton,,2016-09,-0.0031484911100354775,9,-0.0031484911100354775,VIIRS DNB,nW/cm2/sr,2016,"{""type"":""MultiPoint"",""coordinates"":[]}"
32_0000000000000000000a,BA03050040,,,,,,,74.05,74,4237.74051506,TASWIL5000020230907KABKOTA,Konawe Selatan,,0.345208073275,5.59324280043,4326,4,,,Konawe Selatan,Sulawesi Tenggara,,0,Kendari,,2016-09,6.18029507505243E-4,9,6.18029507505243E-4,VIIRS DNB,nW/cm2/sr,2016,"{""type"":""MultiPoint"",""coordinates"":[]}"
32_0000000000000000000d,BA03050040,,,,,,,74.71,74,265.790696582,TASWIL5000020230907KABKOTA,Kota Kendari,,0.0216443348271,1.21929531969,4326,5,,,Kota Kendari,Sulawesi Tenggara,,0,Kendari,,2016-09,2.296962993056228,9,2.296962993056228,VIIRS DNB,nW/cm2/sr,2016,"{""type"":""MultiPoint"",""coordinates"":[]}"
32_00000000000000000006,BA03050040,,,,,,,74.11,74,3992.53107078,TASWIL5000020230907KABKOTA,Kolaka Timur,,0.325055960897,4.62416724675,4326,4,,,Kolaka Timur,Sulawesi Tenggara,,0,Kolaka,,2016-09,-0.045464353066498125,9,-0.045464353066498125,VIIRS DNB,nW/cm2/sr,2016,"{""type"":""MultiPoint"",""coordinates"":[]}"
32_00000000000000000007,BA03050040,,,,,,,74.08,74,2932.25192061,TASWIL5000020230907KABKOTA,Kolaka Utara,,0.238597308701,3.90865020949,4326,4,,,Kolaka Utara,Sulawesi Tenggara,,0,Kolaka,,2016-09,-0.03646134898830262,9,-0.03646134898830262,VIIRS DNB,nW/cm2/sr,2016,"{""type"":""MultiPoint"",""coordinates"":[]}"
32_00000000000000000009,BA03050040,,,,,,,74.12,74,705.711010277,TASWIL5000020230907KABKOTA,Konawe Kepulauan,,0.0574768178025,1.17136047971,4326,4,,,Konawe Kepulauan,Sulawesi Tenggara,,0,Konawe,,2016-09,-0.015098015863763069,9,-0.015098015863763069,VIIRS DNB,nW/cm2/sr,2016,"{""type"":""MultiPoint"",""coordinates"":[]}"
32_0000000000000000000b,BA03050040,,,,,,,74.09,74,4219.81180817,TASWIL5000020230907KABKOTA,Konawe Utara,,0.343408045869,6.15591332033,4326,4,,,Konawe Utara,Sulawesi Tenggara,,0,Konawe,,2016-09,-0.05685517346975683,9,-0.05685517346975683,VIIRS DNB,nW/cm2/sr,2016,"{""type"":""MultiPoint"",""coordinates"":[]}"
32_00000000000000000004,BA03050040,,,,,,,74.10,74,1755.8292261,TASWIL5000020230907KABKOTA,Buton Utara,,0.143115018242,4.67921811895,4326,4,,,Buton Utara,Sulawesi Tenggara,,0,Muna,,2016-09,-0.06272755880312181,9,-0.06272755880312181,VIIRS DNB,nW/cm2/sr,2016,"{""type"":""MultiPoint"",""coordinates"":[]}"
32_0000000000000000000f,BA03050040,,,,,,,74.13,74,818.701593571,TASWIL5000020230907KABKOTA,Muna Barat,,0.0667415576998,2.65906981122,4326,4,,,Muna Barat,Sulawesi Tenggara,,0,Muna,,2016-09,-0.04038981438209286,9,-0.04038981438209286,VIIRS DNB,nW/cm2/sr,2016,"{""type"":""MultiPoint"",""coordinates"":[]}"
32_00000000000000000013,BA03050040,,,,,,,74.13,74,0.273099429049,TASWIL5000020230907KABKOTA,Muna Barat,Wilayah terapung,2.22679841875E-5,0.0295594995644,4326,4,,,Muna Barat,Sulawesi Tenggara,,0,Muna,,2016-09,-0.0682209318550808,9,-0.0682209318550808,VIIRS DNB,nW/cm2/sr,2016,"{""type"":""MultiPoint"",""coordinates"":[]}"
32_00000000000000000014,BA03050040,,,,,,,74.10,74,0.0480497061255,TASWIL5000020230907KABKOTA,Buton Utara,Wilayah terapung,3.9169026899E-6,0.0168384250334,4326,4,,,Buton Utara,Sulawesi Tenggara,,0,Muna,,2016-09,0.43645805546215605,9,0.43645805546215605,VIIRS DNB,nW/cm2/sr,2016,"{""type"":""MultiPoint"",""coordinates"":[]}"
33_00000000000000000001,BA03050040,,,,,,,74.04,74,1669.32863016,TASWIL5000020230907KABKOTA,Buton,,0.136188299866,3.04087674144,4326,4,,,Buton,Sulawesi Tenggara,,0,,,2016-10,-2.492499990291709E-4,10,-2.492499990291709E-4,VIIRS DNB,nW/cm2/sr,2016,"{""type"":""MultiPoint"",""coordinates"":[]}"
33_00000000000000000005,BA03050040,,,,,,,74.01,74,2958.9208572,TASWIL5000020230907KABKOTA,Kolaka,,0.240980839474,5.39527306777,4326,4,,,Kolaka,Sulawesi Tenggara,,0,,,2016-10,0.09985248025276801,10,0.09985248025276801,VIIRS DNB,nW/cm2/sr,2016,"{""type"":""MultiPoint"",""coordinates"":[]}"
33_00000000000000000008,BA03050040,,,,,,,74.02,74,5351.85263389,TASWIL5000020230907KABKOTA,Konawe,,0.435602118514,6.84601568998,4326,4,,,Konawe,Sulawesi Tenggara,,0,,,2016-10,0.038926099052759316,10,0.038926099052759316,VIIRS DNB,nW/cm2/sr,2016,"{""type"":""MultiPoint"",""coordinates"":[]}"
33_0000000000000000000e,BA03050040,,,,,,,74.03,74,1858.09481163,TASWIL5000020230907KABKOTA,Muna,,0.151502694674,5.32849464874,4326,4,,,Muna,Sulawesi Tenggara,,0,,,2016-10,0.024909430354245556,10,0.024909430354245556,VIIRS DNB,nW/cm2/sr,2016,"{""type"":""MultiPoint"",""coordinates"":[]}"
33_00000000000000000015,BA03050040,,,,,,,74.03,74,0.17024708351,TASWIL5000020230907KABKOTA,Muna,Wilayah terapung,1.38839187565E-5,0.039960941818,4326,4,,,Muna,Sulawesi Tenggara,,0,,,2016-10,0.07354270709904633,10,0.07354270709904633,VIIRS DNB,nW/cm2/sr,2016,"{""type"":""MultiPoint"",""coordinates"":[]}"
33_00000000000000000016,BA03050040,,,,,,,74.04,74,0.188157250699,TASWIL5000020230907KABKOTA,Buton,Wilayah terapung,1.53526521797E-5,0.0397338812277,4326,4,,,Buton,Sulawesi Tenggara,,0,,,2016-10,0.23888372289745707,10,0.23888372289745707,VIIRS DNB,nW/cm2/sr,2016,"{""type"":""MultiPoint"",""coordinates"":[]}"
33_00000000000000000000,BA03050040,,,,,,,74.06,74,3293.96639913,TASWIL5000020230907KABKOTA,Bombana,,0.268524880662,5.47167246052,4326,4,,,Bombana,Sulawesi Tenggara,,0,Buton,,2016-10,0.028665953319244358,10,0.028665953319244358,VIIRS DNB,nW/cm2/sr,2016,"{""type"":""MultiPoint"",""coordinates"":[]}"
33_00000000000000000002,BA03050040,,,,,,,74.15,74,517.631463505,TASWIL5000020230907KABKOTA,Buton Selatan,,0.042249508051,1.85498741345,4326,4,,,Buton Selatan,Sulawesi Tenggara,,0,Buton,,2016-10,0.037871743778847965,10,0.037871743778847965,VIIRS DNB,nW/cm2/sr,2016,"{""type"":""MultiPoint"",""coordinates"":[]}"
33_00000000000000000003,BA03050040,,,,,,,74.14,74,836.955797791,TASWIL5000020230907KABKOTA,Buton Tengah,,0.0682810706644,2.98412837401,4326,4,,,Buton Tengah,Sulawesi Tenggara,,0,Buton,,2016-10,0.020023725482097878,10,0.020023725482097878,VIIRS DNB,nW/cm2/sr,2016,"{""type"":""MultiPoint"",""coordinates"":[]}"
33_0000000000000000000c,BA03050040,,,,,,,74.72,74,294.137423231,TASWIL5000020230907KABKOTA,Kota Bau Bau,,0.0240007870008,0.955179337168,4326,5,,,Kota Bau Bau,Sulawesi Tenggara,,0,Buton,,2016-10,0.5855635524147892,10,0.5855635524147892,VIIRS DNB,nW/cm2/sr,2016,"{""type"":""MultiPoint"",""coordinates"":[]}"
33_00000000000000000010,BA03050040,,,,,,,74.07,74,450.455914283,TASWIL5000020230907KABKOTA,Wakatobi,,0.0367648905913,3.71804674371,4326,4,,,Wakatobi,Sulawesi Tenggara,,0,Buton,,2016-10,0.08156493218517862,10,0.08156493218517862,VIIRS DNB,nW/cm2/sr,2016,"{""type"":""MultiPoint"",""coordinates"":[]}"
33_00000000000000000011,BA03050040,,,,,,,74.07,74,0.253355482028,TASWIL5000020230907KABKOTA,Wakatobi,Wilayah terapung,2.06703594498E-5,0.0291924563304,4326,4,,,Wakatobi,Sulawesi Tenggara,,0,Buton,,2016-10,2.0859612113283585,10,2.0859612113283585,VIIRS DNB,nW/cm2/sr,2016,"{""type"":""MultiPoint"",""coordinates"":[]}"
33_00000000000000000012,BA03050040,,,,,,,74.07,74,4.12006083394,TASWIL5000020230907KABKOTA,Wakatobi,Wilayah terapung,3.36232999688E-4,0.124432278786,4326,4,,,Wakatobi,Sulawesi Tenggara,,0,Buton,,2016-10,0.027339563102808568,10,0.027339563102808568,VIIRS DNB,nW/cm2/sr,2016,"{""type"":""MultiPoint"",""coordinates"":[]}"
33_0000000000000000000a,BA03050040,,,,,,,74.05,74,4237.74051506,TASWIL5000020230907KABKOTA,Konawe Selatan,,0.345208073275,5.59324280043,4326,4,,,Konawe Selatan,Sulawesi Tenggara,,0,Kendari,,2016-10,0.0584864076385578,10,0.0584864076385578,VIIRS DNB,nW/cm2/sr,2016,"{""type"":""MultiPoint"",""coordinates"":[]}"
33_0000000000000000000d,BA03050040,,,,,,,74.71,74,265.790696582,TASWIL5000020230907KABKOTA,Kota Kendari,,0.0216443348271,1.21929531969,4326,5,,,Kota Kendari,Sulawesi Tenggara,,0,Kendari,,2016-10,2.241025247836792,10,2.241025247836792,VIIRS DNB,nW/cm2/sr,2016,"{""type"":""MultiPoint"",""coordinates"":[]}"
33_00000000000000000006,BA03050040,,,,,,,74.11,74,3992.53107078,TASWIL5000020230907KABKOTA,Kolaka Timur,,0.325055960897,4.62416724675,4326,4,,,Kolaka Timur,Sulawesi Tenggara,,0,Kolaka,,2016-10,0.01540869963968239,10,0.01540869963968239,VIIRS DNB,nW/cm2/sr,2016,"{""type"":""MultiPoint"",""coordinates"":[]}"
33_00000000000000000007,BA03050040,,,,,,,74.08,74,2932.25192061,TASWIL5000020230907KABKOTA,Kolaka Utara,,0.238597308701,3.90865020949,4326,4,,,Kolaka Utara,Sulawesi Tenggara,,0,Kolaka,,2016-10,0.004305304334364614,10,0.004305304334364614,VIIRS DNB,nW/cm2/sr,2016,"{""type"":""MultiPoint"",""coordinates"":[]}"
33_00000000000000000009,BA03050040,,,,,,,74.12,74,705.711010277,TASWIL5000020230907KABKOTA,Konawe Kepulauan,,0.0574768178025,1.17136047971,4326,4,,,Konawe Kepulauan,Sulawesi Tenggara,,0,Konawe,,2016-10,-0.028686471467741653,10,-0.028686471467741653,VIIRS DNB,nW/cm2/sr,2016,"{""type"":""MultiPoint"",""coordinates"":[]}"
33_0000000000000000000b,BA03050040,,,,,,,74.09,74,4219.81180817,TASWIL5000020230907KABKOTA,Konawe Utara,,0.343408045869,6.15591332033,4326,4,,,Konawe Utara,Sulawesi Tenggara,,0,Konawe,,2016-10,0.015672650535085195,10,0.015672650535085195,VIIRS DNB,nW/cm2/sr,2016,"{""type"":""MultiPoint"",""coordinates"":[]}"
33_00000000000000000004,BA03050040,,,,,,,74.10,74,1755.8292261,TASWIL5000020230907KABKOTA,Buton Utara,,0.143115018242,4.67921811895,4326,4,,,Buton Utara,Sulawesi Tenggara,,0,Muna,,2016-10,-0.01797146013302243,10,-0.01797146013302243,VIIRS DNB,nW/cm2/sr,2016,"{""type"":""MultiPoint"",""coordinates"":[]}"
33_0000000000000000000f,BA03050040,,,,,,,74.13,74,818.701593571,TASWIL5000020230907KABKOTA,Muna Barat,,0.0667415576998,2.65906981122,4326,4,,,Muna Barat,Sulawesi Tenggara,,0,Muna,,2016-10,0.027924443119646758,10,0.027924443119646758,VIIRS DNB,nW/cm2/sr,2016,"{""type"":""MultiPoint"",""coordinates"":[]}"
33_00000000000000000013,BA03050040,,,,,,,74.13,74,0.273099429049,TASWIL5000020230907KABKOTA,Muna Barat,Wilayah terapung,2.22679841875E-5,0.0295594995644,4326,4,,,Muna Barat,Sulawesi Tenggara,,0,Muna,,2016-10,0.028250821425650087,10,0.028250821425650087,VIIRS DNB,nW/cm2/sr,2016,"{""type"":""MultiPoint"",""coordinates"":[]}"
33_00000000000000000014,BA03050040,,,,,,,74.10,74,0.0480497061255,TASWIL5000020230907KABKOTA,Buton Utara,Wilayah terapung,3.9169026899E-6,0.0168384250334,4326,4,,,Buton Utara,Sulawesi Tenggara,,0,Muna,,2016-10,0.38255637245518825,10,0.38255637245518825,VIIRS DNB,nW/cm2/sr,2016,"{""type"":""MultiPoint"",""coordinates"":[]}"
34_00000000000000000001,BA03050040,,,,,,,74.04,74,1669.32863016,TASWIL5000020230907KABKOTA,Buton,,0.136188299866,3.04087674144,4326,4,,,Buton,Sulawesi Tenggara,,0,,,2016-11,-0.10776436802482747,11,-0.10776436802482747,VIIRS DNB,nW/cm2/sr,2016,"{""type"":""MultiPoint"",""coordinates"":[]}"
34_00000000000000000005,BA03050040,,,,,,,74.01,74,2958.9208572,TASWIL5000020230907KABKOTA,Kolaka,,0.240980839474,5.39527306777,4326,4,,,Kolaka,Sulawesi Tenggara,,0,,,2016-11,0.0632232710902847,11,0.0632232710902847,VIIRS DNB,nW/cm2/sr,2016,"{""type"":""MultiPoint"",""coordinates"":[]}"
34_00000000000000000008,BA03050040,,,,,,,74.02,74,5351.85263389,TASWIL5000020230907KABKOTA,Konawe,,0.435602118514,6.84601568998,4326,4,,,Konawe,Sulawesi Tenggara,,0,,,2016-11,-0.06947701413964977,11,-0.06947701413964977,VIIRS DNB,nW/cm2/sr,2016,"{""type"":""MultiPoint"",""coordinates"":[]}"
34_0000000000000000000e,BA03050040,,,,,,,74.03,74,1858.09481163,TASWIL5000020230907KABKOTA,Muna,,0.151502694674,5.32849464874,4326,4,,,Muna,Sulawesi Tenggara,,0,,,2016-11,-0.06687843255460635,11,-0.06687843255460635,VIIRS DNB,nW/cm2/sr,2016,"{""type"":""MultiPoint"",""coordinates"":[]}"
34_00000000000000000015,BA03050040,,,,,,,74.03,74,0.17024708351,TASWIL5000020230907KABKOTA,Muna,Wilayah terapung,1.38839187565E-5,0.039960941818,4326,4,,,Muna,Sulawesi Tenggara,,0,,,2016-11,0.07106732374670877,11,0.07106732374670877,VIIRS DNB,nW/cm2/sr,2016,"{""type"":""MultiPoint"",""coordinates"":[]}"
34_00000000000000000016,BA03050040,,,,,,,74.04,74,0.188157250699,TASWIL5000020230907KABKOTA,Buton,Wilayah terapung,1.53526521797E-5,0.0397338812277,4326,4,,,Buton,Sulawesi Tenggara,,0,,,2016-11,0.15742020434497492,11,0.15742020434497492,VIIRS DNB,nW/cm2/sr,2016,"{""type"":""MultiPoint"",""coordinates"":[]}"
34_00000000000000000000,BA03050040,,,,,,,74.06,74,3293.96639913,TASWIL5000020230907KABKOTA,Bombana,,0.268524880662,5.47167246052,4326,4,,,Bombana,Sulawesi Tenggara,,0,Buton,,2016-11,-0.0559586935628662,11,-0.0559586935628662,VIIRS DNB,nW/cm2/sr,2016,"{""type"":""MultiPoint"",""coordinates"":[]}"
34_00000000000000000002,BA03050040,,,,,,,74.15,74,517.631463505,TASWIL5000020230907KABKOTA,Buton Selatan,,0.042249508051,1.85498741345,4326,4,,,Buton Selatan,Sulawesi Tenggara,,0,Buton,,2016-11,-0.056753244666480775,11,-0.056753244666480775,VIIRS DNB,nW/cm2/sr,2016,"{""type"":""MultiPoint"",""coordinates"":[]}"
34_00000000000000000003,BA03050040,,,,,,,74.14,74,836.955797791,TASWIL5000020230907KABKOTA,Buton Tengah,,0.0682810706644,2.98412837401,4326,4,,,Buton Tengah,Sulawesi Tenggara,,0,Buton,,2016-11,-0.05686622289766634,11,-0.05686622289766634,VIIRS DNB,nW/cm2/sr,2016,"{""type"":""MultiPoint"",""coordinates"":[]}"
34_0000000000000000000c,BA03050040,,,,,,,74.72,74,294.137423231,TASWIL5000020230907KABKOTA,Kota Bau Bau,,0.0240007870008,0.955179337168,4326,5,,,Kota Bau Bau,Sulawesi Tenggara,,0,Buton,,2016-11,0.44891451353285894,11,0.44891451353285894,VIIRS DNB,nW/cm2/sr,2016,"{""type"":""MultiPoint"",""coordinates"":[]}"
34_00000000000000000010,BA03050040,,,,,,,74.07,74,450.455914283,TASWIL5000020230907KABKOTA,Wakatobi,,0.0367648905913,3.71804674371,4326,4,,,Wakatobi,Sulawesi Tenggara,,0,Buton,,2016-11,-0.027789693255867342,11,-0.027789693255867342,VIIRS DNB,nW/cm2/sr,2016,"{""type"":""MultiPoint"",""coordinates"":[]}"
34_00000000000000000011,BA03050040,,,,,,,74.07,74,0.253355482028,TASWIL5000020230907KABKOTA,Wakatobi,Wilayah terapung,2.06703594498E-5,0.0291924563304,4326,4,,,Wakatobi,Sulawesi Tenggara,,0,Buton,,2016-11,0.06485253295233083,11,0.06485253295233083,VIIRS DNB,nW/cm2/sr,2016,"{""type"":""MultiPoint"",""coordinates"":[]}"
34_00000000000000000012,BA03050040,,,,,,,74.07,74,4.12006083394,TASWIL5000020230907KABKOTA,Wakatobi,Wilayah terapung,3.36232999688E-4,0.124432278786,4326,4,,,Wakatobi,Sulawesi Tenggara,,0,Buton,,2016-11,-0.035112752954547216,11,-0.035112752954547216,VIIRS DNB,nW/cm2/sr,2016,"{""type"":""MultiPoint"",""coordinates"":[]}"
34_0000000000000000000a,BA03050040,,,,,,,74.05,74,4237.74051506,TASWIL5000020230907KABKOTA,Konawe Selatan,,0.345208073275,5.59324280043,4326,4,,,Konawe Selatan,Sulawesi Tenggara,,0,Kendari,,2016-11,-0.021522872160993366,11,-0.021522872160993366,VIIRS DNB,nW/cm2/sr,2016,"{""type"":""MultiPoint"",""coordinates"":[]}"
34_0000000000000000000d,BA03050040,,,,,,,74.71,74,265.790696582,TASWIL5000020230907KABKOTA,Kota Kendari,,0.0216443348271,1.21929531969,4326,5,,,Kota Kendari,Sulawesi Tenggara,,0,Kendari,,2016-11,2.3972294242756087,11,2.3972294242756087,VIIRS DNB,nW/cm2/sr,2016,"{""type"":""MultiPoint"",""coordinates"":[]}"
34_00000000000000000006,BA03050040,,,,,,,74.11,74,3992.53107078,TASWIL5000020230907KABKOTA,Kolaka Timur,,0.325055960897,4.62416724675,4326,4,,,Kolaka Timur,Sulawesi Tenggara,,0,Kolaka,,2016-11,-0.06270851529262582,11,-0.06270851529262582,VIIRS DNB,nW/cm2/sr,2016,"{""type"":""MultiPoint"",""coordinates"":[]}"
34_00000000000000000007,BA03050040,,,,,,,74.08,74,2932.25192061,TASWIL5000020230907KABKOTA,Kolaka Utara,,0.238597308701,3.90865020949,4326,4,,,Kolaka Utara,Sulawesi Tenggara,,0,Kolaka,,2016-11,-0.06986514618390015,11,-0.06986514618390015,VIIRS DNB,nW/cm2/sr,2016,"{""type"":""MultiPoint"",""coordinates"":[]}"
34_00000000000000000009,BA03050040,,,,,,,74.12,74,705.711010277,TASWIL5000020230907KABKOTA,Konawe Kepulauan,,0.0574768178025,1.17136047971,4326,4,,,Konawe Kepulauan,Sulawesi Tenggara,,0,Konawe,,2016-11,-0.14283989710246123,11,-0.14283989710246123,VIIRS DNB,nW/cm2/sr,2016,"{""type"":""MultiPoint"",""coordinates"":[]}"
34_0000000000000000000b,BA03050040,,,,,,,74.09,74,4219.81180817,TASWIL5000020230907KABKOTA,Konawe Utara,,0.343408045869,6.15591332033,4326,4,,,Konawe Utara,Sulawesi Tenggara,,0,Konawe,,2016-11,-0.11525092396762641,11,-0.11525092396762641,VIIRS DNB,nW/cm2/sr,2016,"{""type"":""MultiPoint"",""coordinates"":[]}"
34_00000000000000000004,BA03050040,,,,,,,74.10,74,1755.8292261,TASWIL5000020230907KABKOTA,Buton Utara,,0.143115018242,4.67921811895,4326,4,,,Buton Utara,Sulawesi Tenggara,,0,Muna,,2016-11,-0.06528731841619366,11,-0.06528731841619366,VIIRS DNB,nW/cm2/sr,2016,"{""type"":""MultiPoint"",""coordinates"":[]}"
34_0000000000000000000f,BA03050040,,,,,,,74.13,74,818.701593571,TASWIL5000020230907KABKOTA,Muna Barat,,0.0667415576998,2.65906981122,4326,4,,,Muna Barat,Sulawesi Tenggara,,0,Muna,,2016-11,-0.06701131092725376,11,-0.06701131092725376,VIIRS DNB,nW/cm2/sr,2016,"{""type"":""MultiPoint"",""coordinates"":[]}"
34_00000000000000000013,BA03050040,,,,,,,74.13,74,0.273099429049,TASWIL5000020230907KABKOTA,Muna Barat,Wilayah terapung,2.22679841875E-5,0.0295594995644,4326,4,,,Muna Barat,Sulawesi Tenggara,,0,Muna,,2016-11,-0.17636116506659597,11,-0.17636116506659597,VIIRS DNB,nW/cm2/sr,2016,"{""type"":""MultiPoint"",""coordinates"":[]}"
34_00000000000000000014,BA03050040,,,,,,,74.10,74,0.0480497061255,TASWIL5000020230907KABKOTA,Buton Utara,Wilayah terapung,3.9169026899E-6,0.0168384250334,4326,4,,,Buton Utara,Sulawesi Tenggara,,0,Muna,,2016-11,0.1582701951265335,11,0.1582701951265335,VIIRS DNB,nW/cm2/sr,2016,"{""type"":""MultiPoint"",""coordinates"":[]}"
35_00000000000000000001,BA03050040,,,,,,,74.04,74,1669.32863016,TASWIL5000020230907KABKOTA,Buton,,0.136188299866,3.04087674144,4326,4,,,Buton,Sulawesi Tenggara,,0,,,2016-12,-0.025209345239248573,12,-0.025209345239248573,VIIRS DNB,nW/cm2/sr,2016,"{""type"":""MultiPoint"",""coordinates"":[]}"
35_00000000000000000005,BA03050040,,,,,,,74.01,74,2958.9208572,TASWIL5000020230907KABKOTA,Kolaka,,0.240980839474,5.39527306777,4326,4,,,Kolaka,Sulawesi Tenggara,,0,,,2016-12,0.03643161666625786,12,0.03643161666625786,VIIRS DNB,nW/cm2/sr,2016,"{""type"":""MultiPoint"",""coordinates"":[]}"
35_00000000000000000008,BA03050040,,,,,,,74.02,74,5351.85263389,TASWIL5000020230907KABKOTA,Konawe,,0.435602118514,6.84601568998,4326,4,,,Konawe,Sulawesi Tenggara,,0,,,2016-12,-0.0298683815695743,12,-0.0298683815695743,VIIRS DNB,nW/cm2/sr,2016,"{""type"":""MultiPoint"",""coordinates"":[]}"
35_0000000000000000000e,BA03050040,,,,,,,74.03,74,1858.09481163,TASWIL5000020230907KABKOTA,Muna,,0.151502694674,5.32849464874,4326,4,,,Muna,Sulawesi Tenggara,,0,,,2016-12,-0.013701567662450103,12,-0.013701567662450103,VIIRS DNB,nW/cm2/sr,2016,"{""type"":""MultiPoint"",""coordinates"":[]}"
35_00000000000000000015,BA03050040,,,,,,,74.03,74,0.17024708351,TASWIL5000020230907KABKOTA,Muna,Wilayah terapung,1.38839187565E-5,0.039960941818,4326,4,,,Muna,Sulawesi Tenggara,,0,,,2016-12,0.005540925449546361,12,0.005540925449546361,VIIRS DNB,nW/cm2/sr,2016,"{""type"":""MultiPoint"",""coordinates"":[]}"
35_00000000000000000016,BA03050040,,,,,,,74.04,74,0.188157250699,TASWIL5000020230907KABKOTA,Buton,Wilayah terapung,1.53526521797E-5,0.0397338812277,4326,4,,,Buton,Sulawesi Tenggara,,0,,,2016-12,0.15928404851128228,12,0.15928404851128228,VIIRS DNB,nW/cm2/sr,2016,"{""type"":""MultiPoint"",""coordinates"":[]}"
35_00000000000000000000,BA03050040,,,,,,,74.06,74,3293.96639913,TASWIL5000020230907KABKOTA,Bombana,,0.268524880662,5.47167246052,4326,4,,,Bombana,Sulawesi Tenggara,,0,Buton,,2016-12,-0.003414033938294816,12,-0.003414033938294816,VIIRS DNB,nW/cm2/sr,2016,"{""type"":""MultiPoint"",""coordinates"":[]}"
35_00000000000000000002,BA03050040,,,,,,,74.15,74,517.631463505,TASWIL5000020230907KABKOTA,Buton Selatan,,0.042249508051,1.85498741345,4326,4,,,Buton Selatan,Sulawesi Tenggara,,0,Buton,,2016-12,0.015496603847568173,12,0.015496603847568173,VIIRS DNB,nW/cm2/sr,2016,"{""type"":""MultiPoint"",""coordinates"":[]}"
35_00000000000000000003,BA03050040,,,,,,,74.14,74,836.955797791,TASWIL5000020230907KABKOTA,Buton Tengah,,0.0682810706644,2.98412837401,4326,4,,,Buton Tengah,Sulawesi Tenggara,,0,Buton,,2016-12,-0.012980765388165208,12,-0.012980765388165208,VIIRS DNB,nW/cm2/sr,2016,"{""type"":""MultiPoint"",""coordinates"":[]}"
35_0000000000000000000c,BA03050040,,,,,,,74.72,74,294.137423231,TASWIL5000020230907KABKOTA,Kota Bau Bau,,0.0240007870008,0.955179337168,4326,5,,,Kota Bau Bau,Sulawesi Tenggara,,0,Buton,,2016-12,0.4817724387859608,12,0.4817724387859608,VIIRS DNB,nW/cm2/sr,2016,"{""type"":""MultiPoint"",""coordinates"":[]}"
35_00000000000000000010,BA03050040,,,,,,,74.07,74,450.455914283,TASWIL5000020230907KABKOTA,Wakatobi,,0.0367648905913,3.71804674371,4326,4,,,Wakatobi,Sulawesi Tenggara,,0,Buton,,2016-12,0.02648564670120588,12,0.02648564670120588,VIIRS DNB,nW/cm2/sr,2016,"{""type"":""MultiPoint"",""coordinates"":[]}"
35_00000000000000000011,BA03050040,,,,,,,74.07,74,0.253355482028,TASWIL5000020230907KABKOTA,Wakatobi,Wilayah terapung,2.06703594498E-5,0.0291924563304,4326,4,,,Wakatobi,Sulawesi Tenggara,,0,Buton,,2016-12,0.5443663463111996,12,0.5443663463111996,VIIRS DNB,nW/cm2/sr,2016,"{""type"":""MultiPoint"",""coordinates"":[]}"
35_00000000000000000012,BA03050040,,,,,,,74.07,74,4.12006083394,TASWIL5000020230907KABKOTA,Wakatobi,Wilayah terapung,3.36232999688E-4,0.124432278786,4326,4,,,Wakatobi,Sulawesi Tenggara,,0,Buton,,2016-12,-0.017369384236589694,12,-0.017369384236589694,VIIRS DNB,nW/cm2/sr,2016,"{""type"":""MultiPoint"",""coordinates"":[]}"
35_0000000000000000000a,BA03050040,,,,,,,74.05,74,4237.74051506,TASWIL5000020230907KABKOTA,Konawe Selatan,,0.345208073275,5.59324280043,4326,4,,,Konawe Selatan,Sulawesi Tenggara,,0,Kendari,,2016-12,-0.01601221960867793,12,-0.01601221960867793,VIIRS DNB,nW/cm2/sr,2016,"{""type"":""MultiPoint"",""coordinates"":[]}"
35_0000000000000000000d,BA03050040,,,,,,,74.71,74,265.790696582,TASWIL5000020230907KABKOTA,Kota Kendari,,0.0216443348271,1.21929531969,4326,5,,,Kota Kendari,Sulawesi Tenggara,,0,Kendari,,2016-12,1.7932255078941735,12,1.7932255078941735,VIIRS DNB,nW/cm2/sr,2016,"{""type"":""MultiPoint"",""coordinates"":[]}"
35_00000000000000000006,BA03050040,,,,,,,74.11,74,3992.53107078,TASWIL5000020230907KABKOTA,Kolaka Timur,,0.325055960897,4.62416724675,4326,4,,,Kolaka Timur,Sulawesi Tenggara,,0,Kolaka,,2016-12,-0.024347853100054107,12,-0.024347853100054107,VIIRS DNB,nW/cm2/sr,2016,"{""type"":""MultiPoint"",""coordinates"":[]}"
35_00000000000000000007,BA03050040,,,,,,,74.08,74,2932.25192061,TASWIL5000020230907KABKOTA,Kolaka Utara,,0.238597308701,3.90865020949,4326,4,,,Kolaka Utara,Sulawesi Tenggara,,0,Kolaka,,2016-12,-0.01898563299480936,12,-0.01898563299480936,VIIRS DNB,nW/cm2/sr,2016,"{""type"":""MultiPoint"",""coordinates"":[]}"
35_00000000000000000009,BA03050040,,,,,,,74.12,74,705.711010277,TASWIL5000020230907KABKOTA,Konawe Kepulauan,,0.0574768178025,1.17136047971,4326,4,,,Konawe Kepulauan,Sulawesi Tenggara,,0,Konawe,,2016-12,-0.04647132984165799,12,-0.04647132984165799,VIIRS DNB,nW/cm2/sr,2016,"{""type"":""MultiPoint"",""coordinates"":[]}"
35_0000000000000000000b,BA03050040,,,,,,,74.09,74,4219.81180817,TASWIL5000020230907KABKOTA,Konawe Utara,,0.343408045869,6.15591332033,4326,4,,,Konawe Utara,Sulawesi Tenggara,,0,Konawe,,2016-12,-0.06246156044669795,12,-0.06246156044669795,VIIRS DNB,nW/cm2/sr,2016,"{""type"":""MultiPoint"",""coordinates"":[]}"
35_00000000000000000004,BA03050040,,,,,,,74.10,74,1755.8292261,TASWIL5000020230907KABKOTA,Buton Utara,,0.143115018242,4.67921811895,4326,4,,,Buton Utara,Sulawesi Tenggara,,0,Muna,,2016-12,-0.062467765845054736,12,-0.062467765845054736,VIIRS DNB,nW/cm2/sr,2016,"{""type"":""MultiPoint"",""coordinates"":[]}"
35_0000000000000000000f,BA03050040,,,,,,,74.13,74,818.701593571,TASWIL5000020230907KABKOTA,Muna Barat,,0.0667415576998,2.65906981122,4326,4,,,Muna Barat,Sulawesi Tenggara,,0,Muna,,2016-12,-0.02255143535288867,12,-0.02255143535288867,VIIRS DNB,nW/cm2/sr,2016,"{""type"":""MultiPoint"",""coordinates"":[]}"
35_00000000000000000013,BA03050040,,,,,,,74.13,74,0.273099429049,TASWIL5000020230907KABKOTA,Muna Barat,Wilayah terapung,2.22679841875E-5,0.0295594995644,4326,4,,,Muna Barat,Sulawesi Tenggara,,0,Muna,,2016-12,-0.05672724745051416,12,-0.05672724745051416,VIIRS DNB,nW/cm2/sr,2016,"{""type"":""MultiPoint"",""coordinates"":[]}"
35_00000000000000000014,BA03050040,,,,,,,74.10,74,0.0480497061255,TASWIL5000020230907KABKOTA,Buton Utara,Wilayah terapung,3.9169026899E-6,0.0168384250334,4326,4,,,Buton Utara,Sulawesi Tenggara,,0,Muna,,2016-12,0.5862884760967323,12,0.5862884760967323,VIIRS DNB,nW/cm2/sr,2016,"{""type"":""MultiPoint"",""coordinates"":[]}"
36_00000000000000000001,BA03050040,,,,,,,74.04,74,1669.32863016,TASWIL5000020230907KABKOTA,Buton,,0.136188299866,3.04087674144,4326,4,,,Buton,Sulawesi Tenggara,,0,,,2017-01,0.12202238012598238,1,0.12202238012598238,VIIRS DNB,nW/cm2/sr,2017,"{""type"":""MultiPoint"",""coordinates"":[]}"
36_00000000000000000005,BA03050040,,,,,,,74.01,74,2958.9208572,TASWIL5000020230907KABKOTA,Kolaka,,0.240980839474,5.39527306777,4326,4,,,Kolaka,Sulawesi Tenggara,,0,,,2017-01,0.05531551063403167,1,0.05531551063403167,VIIRS DNB,nW/cm2/sr,2017,"{""type"":""MultiPoint"",""coordinates"":[]}"
36_00000000000000000008,BA03050040,,,,,,,74.02,74,5351.85263389,TASWIL5000020230907KABKOTA,Konawe,,0.435602118514,6.84601568998,4326,4,,,Konawe,Sulawesi Tenggara,,0,,,2017-01,0.11416610691952944,1,0.11416610691952944,VIIRS DNB,nW/cm2/sr,2017,"{""type"":""MultiPoint"",""coordinates"":[]}"
36_0000000000000000000e,BA03050040,,,,,,,74.03,74,1858.09481163,TASWIL5000020230907KABKOTA,Muna,,0.151502694674,5.32849464874,4326,4,,,Muna,Sulawesi Tenggara,,0,,,2017-01,0.08886025897227831,1,0.08886025897227831,VIIRS DNB,nW/cm2/sr,2017,"{""type"":""MultiPoint"",""coordinates"":[]}"
36_00000000000000000015,BA03050040,,,,,,,74.03,74,0.17024708351,TASWIL5000020230907KABKOTA,Muna,Wilayah terapung,1.38839187565E-5,0.039960941818,4326,4,,,Muna,Sulawesi Tenggara,,0,,,2017-01,0.16702832225602485,1,0.16702832225602485,VIIRS DNB,nW/cm2/sr,2017,"{""type"":""MultiPoint"",""coordinates"":[]}"
36_00000000000000000016,BA03050040,,,,,,,74.04,74,0.188157250699,TASWIL5000020230907KABKOTA,Buton,Wilayah terapung,1.53526521797E-5,0.0397338812277,4326,4,,,Buton,Sulawesi Tenggara,,0,,,2017-01,0.2727514808673574,1,0.2727514808673574,VIIRS DNB,nW/cm2/sr,2017,"{""type"":""MultiPoint"",""coordinates"":[]}"
36_00000000000000000000,BA03050040,,,,,,,74.06,74,3293.96639913,TASWIL5000020230907KABKOTA,Bombana,,0.268524880662,5.47167246052,4326,4,,,Bombana,Sulawesi Tenggara,,0,Buton,,2017-01,0.1743487808339347,1,0.1743487808339347,VIIRS DNB,nW/cm2/sr,2017,"{""type"":""MultiPoint"",""coordinates"":[]}"
36_00000000000000000002,BA03050040,,,,,,,74.15,74,517.631463505,TASWIL5000020230907KABKOTA,Buton Selatan,,0.042249508051,1.85498741345,4326,4,,,Buton Selatan,Sulawesi Tenggara,,0,Buton,,2017-01,0.20624679674881383,1,0.20624679674881383,VIIRS DNB,nW/cm2/sr,2017,"{""type"":""MultiPoint"",""coordinates"":[]}"
36_00000000000000000003,BA03050040,,,,,,,74.14,74,836.955797791,TASWIL5000020230907KABKOTA,Buton Tengah,,0.0682810706644,2.98412837401,4326,4,,,Buton Tengah,Sulawesi Tenggara,,0,Buton,,2017-01,0.21248386924319795,1,0.21248386924319795,VIIRS DNB,nW/cm2/sr,2017,"{""type"":""MultiPoint"",""coordinates"":[]}"
36_0000000000000000000c,BA03050040,,,,,,,74.72,74,294.137423231,TASWIL5000020230907KABKOTA,Kota Bau Bau,,0.0240007870008,0.955179337168,4326,5,,,Kota Bau Bau,Sulawesi Tenggara,,0,Buton,,2017-01,0.6447362136497906,1,0.6447362136497906,VIIRS DNB,nW/cm2/sr,2017,"{""type"":""MultiPoint"",""coordinates"":[]}"
36_00000000000000000010,BA03050040,,,,,,,74.07,74,450.455914283,TASWIL5000020230907KABKOTA,Wakatobi,,0.0367648905913,3.71804674371,4326,4,,,Wakatobi,Sulawesi Tenggara,,0,Buton,,2017-01,0.11959101500610676,1,0.11959101500610676,VIIRS DNB,nW/cm2/sr,2017,"{""type"":""MultiPoint"",""coordinates"":[]}"
36_00000000000000000011,BA03050040,,,,,,,74.07,74,0.253355482028,TASWIL5000020230907KABKOTA,Wakatobi,Wilayah terapung,2.06703594498E-5,0.0291924563304,4326,4,,,Wakatobi,Sulawesi Tenggara,,0,Buton,,2017-01,1.0497831272524458,1,1.0497831272524458,VIIRS DNB,nW/cm2/sr,2017,"{""type"":""MultiPoint"",""coordinates"":[]}"
36_00000000000000000012,BA03050040,,,,,,,74.07,74,4.12006083394,TASWIL5000020230907KABKOTA,Wakatobi,Wilayah terapung,3.36232999688E-4,0.124432278786,4326,4,,,Wakatobi,Sulawesi Tenggara,,0,Buton,,2017-01,0.19963970229823214,1,0.19963970229823214,VIIRS DNB,nW/cm2/sr,2017,"{""type"":""MultiPoint"",""coordinates"":[]}"
36_0000000000000000000a,BA03050040,,,,,,,74.05,74,4237.74051506,TASWIL5000020230907KABKOTA,Konawe Selatan,,0.345208073275,5.59324280043,4326,4,,,Konawe Selatan,Sulawesi Tenggara,,0,Kendari,,2017-01,0.06763998459300398,1,0.06763998459300398,VIIRS DNB,nW/cm2/sr,2017,"{""type"":""MultiPoint"",""coordinates"":[]}"
36_0000000000000000000d,BA03050040,,,,,,,74.71,74,265.790696582,TASWIL5000020230907KABKOTA,Kota Kendari,,0.0216443348271,1.21929531969,4326,5,,,Kota Kendari,Sulawesi Tenggara,,0,Kendari,,2017-01,1.295344636108491,1,1.295344636108491,VIIRS DNB,nW/cm2/sr,2017,"{""type"":""MultiPoint"",""coordinates"":[]}"
36_00000000000000000006,BA03050040,,,,,,,74.11,74,3992.53107078,TASWIL5000020230907KABKOTA,Kolaka Timur,,0.325055960897,4.62416724675,4326,4,,,Kolaka Timur,Sulawesi Tenggara,,0,Kolaka,,2017-01,0.04644111571526113,1,0.04644111571526113,VIIRS DNB,nW/cm2/sr,2017,"{""type"":""MultiPoint"",""coordinates"":[]}"
36_00000000000000000007,BA03050040,,,,,,,74.08,74,2932.25192061,TASWIL5000020230907KABKOTA,Kolaka Utara,,0.238597308701,3.90865020949,4326,4,,,Kolaka Utara,Sulawesi Tenggara,,0,Kolaka,,2017-01,0.08150928439738024,1,0.08150928439738024,VIIRS DNB,nW/cm2/sr,2017,"{""type"":""MultiPoint"",""coordinates"":[]}"
36_00000000000000000009,BA03050040,,,,,,,74.12,74,705.711010277,TASWIL5000020230907KABKOTA,Konawe Kepulauan,,0.0574768178025,1.17136047971,4326,4,,,Konawe Kepulauan,Sulawesi Tenggara,,0,Konawe,,2017-01,0.01852079956099424,1,0.01852079956099424,VIIRS DNB,nW/cm2/sr,2017,"{""type"":""MultiPoint"",""coordinates"":[]}"
36_0000000000000000000b,BA03050040,,,,,,,74.09,74,4219.81180817,TASWIL5000020230907KABKOTA,Konawe Utara,,0.343408045869,6.15591332033,4326,4,,,Konawe Utara,Sulawesi Tenggara,,0,Konawe,,2017-01,0.1073318821533949,1,0.1073318821533949,VIIRS DNB,nW/cm2/sr,2017,"{""type"":""MultiPoint"",""coordinates"":[]}"
36_00000000000000000004,BA03050040,,,,,,,74.10,74,1755.8292261,TASWIL5000020230907KABKOTA,Buton Utara,,0.143115018242,4.67921811895,4326,4,,,Buton Utara,Sulawesi Tenggara,,0,Muna,,2017-01,0.07276901040797935,1,0.07276901040797935,VIIRS DNB,nW/cm2/sr,2017,"{""type"":""MultiPoint"",""coordinates"":[]}"
36_0000000000000000000f,BA03050040,,,,,,,74.13,74,818.701593571,TASWIL5000020230907KABKOTA,Muna Barat,,0.0667415576998,2.65906981122,4326,4,,,Muna Barat,Sulawesi Tenggara,,0,Muna,,2017-01,0.10686161263592042,1,0.10686161263592042,VIIRS DNB,nW/cm2/sr,2017,"{""type"":""MultiPoint"",""coordinates"":[]}"
36_00000000000000000013,BA03050040,,,,,,,74.13,74,0.273099429049,TASWIL5000020230907KABKOTA,Muna Barat,Wilayah terapung,2.22679841875E-5,0.0295594995644,4326,4,,,Muna Barat,Sulawesi Tenggara,,0,Muna,,2017-01,0.08774507944119107,1,0.08774507944119107,VIIRS DNB,nW/cm2/sr,2017,"{""type"":""MultiPoint"",""coordinates"":[]}"
36_00000000000000000014,BA03050040,,,,,,,74.10,74,0.0480497061255,TASWIL5000020230907KABKOTA,Buton Utara,Wilayah terapung,3.9169026899E-6,0.0168384250334,4326,4,,,Buton Utara,Sulawesi Tenggara,,0,Muna,,2017-01,0.6888370854513987,1,0.6888370854513987,VIIRS DNB,nW/cm2/sr,2017,"{""type"":""MultiPoint"",""coordinates"":[]}"
37_00000000000000000001,BA03050040,,,,,,,74.04,74,1669.32863016,TASWIL5000020230907KABKOTA,Buton,,0.136188299866,3.04087674144,4326,4,,,Buton,Sulawesi Tenggara,,0,,,2017-02,0.14727158179538705,2,0.14727158179538705,VIIRS DNB,nW/cm2/sr,2017,"{""type"":""MultiPoint"",""coordinates"":[]}"
37_00000000000000000005,BA03050040,,,,,,,74.01,74,2958.9208572,TASWIL5000020230907KABKOTA,Kolaka,,0.240980839474,5.39527306777,4326,4,,,Kolaka,Sulawesi Tenggara,,0,,,2017-02,0.026299970287090996,2,0.026299970287090996,VIIRS DNB,nW/cm2/sr,2017,"{""type"":""MultiPoint"",""coordinates"":[]}"
37_00000000000000000008,BA03050040,,,,,,,74.02,74,5351.85263389,TASWIL5000020230907KABKOTA,Konawe,,0.435602118514,6.84601568998,4326,4,,,Konawe,Sulawesi Tenggara,,0,,,2017-02,0.06362990945208861,2,0.06362990945208861,VIIRS DNB,nW/cm2/sr,2017,"{""type"":""MultiPoint"",""coordinates"":[]}"
37_0000000000000000000e,BA03050040,,,,,,,74.03,74,1858.09481163,TASWIL5000020230907KABKOTA,Muna,,0.151502694674,5.32849464874,4326,4,,,Muna,Sulawesi Tenggara,,0,,,2017-02,0.12585477471583295,2,0.12585477471583295,VIIRS DNB,nW/cm2/sr,2017,"{""type"":""MultiPoint"",""coordinates"":[]}"
37_00000000000000000015,BA03050040,,,,,,,74.03,74,0.17024708351,TASWIL5000020230907KABKOTA,Muna,Wilayah terapung,1.38839187565E-5,0.039960941818,4326,4,,,Muna,Sulawesi Tenggara,,0,,,2017-02,0.18666194809999076,2,0.18666194809999076,VIIRS DNB,nW/cm2/sr,2017,"{""type"":""MultiPoint"",""coordinates"":[]}"
37_00000000000000000016,BA03050040,,,,,,,74.04,74,0.188157250699,TASWIL5000020230907KABKOTA,Buton,Wilayah terapung,1.53526521797E-5,0.0397338812277,4326,4,,,Buton,Sulawesi Tenggara,,0,,,2017-02,0.19512567345214932,2,0.19512567345214932,VIIRS DNB,nW/cm2/sr,2017,"{""type"":""MultiPoint"",""coordinates"":[]}"
37_00000000000000000000,BA03050040,,,,,,,74.06,74,3293.96639913,TASWIL5000020230907KABKOTA,Bombana,,0.268524880662,5.47167246052,4326,4,,,Bombana,Sulawesi Tenggara,,0,Buton,,2017-02,0.04221096418368137,2,0.04221096418368137,VIIRS DNB,nW/cm2/sr,2017,"{""type"":""MultiPoint"",""coordinates"":[]}"
37_00000000000000000002,BA03050040,,,,,,,74.15,74,517.631463505,TASWIL5000020230907KABKOTA,Buton Selatan,,0.042249508051,1.85498741345,4326,4,,,Buton Selatan,Sulawesi Tenggara,,0,Buton,,2017-02,0.2184879699795863,2,0.2184879699795863,VIIRS DNB,nW/cm2/sr,2017,"{""type"":""MultiPoint"",""coordinates"":[]}"
37_00000000000000000003,BA03050040,,,,,,,74.14,74,836.955797791,TASWIL5000020230907KABKOTA,Buton Tengah,,0.0682810706644,2.98412837401,4326,4,,,Buton Tengah,Sulawesi Tenggara,,0,Buton,,2017-02,0.15610668923231028,2,0.15610668923231028,VIIRS DNB,nW/cm2/sr,2017,"{""type"":""MultiPoint"",""coordinates"":[]}"
37_0000000000000000000c,BA03050040,,,,,,,74.72,74,294.137423231,TASWIL5000020230907KABKOTA,Kota Bau Bau,,0.0240007870008,0.955179337168,4326,5,,,Kota Bau Bau,Sulawesi Tenggara,,0,Buton,,2017-02,0.2631511097465982,2,0.2631511097465982,VIIRS DNB,nW/cm2/sr,2017,"{""type"":""MultiPoint"",""coordinates"":[]}"
37_00000000000000000010,BA03050040,,,,,,,74.07,74,450.455914283,TASWIL5000020230907KABKOTA,Wakatobi,,0.0367648905913,3.71804674371,4326,4,,,Wakatobi,Sulawesi Tenggara,,0,Buton,,2017-02,0.21823002981940864,2,0.21823002981940864,VIIRS DNB,nW/cm2/sr,2017,"{""type"":""MultiPoint"",""coordinates"":[]}"
37_00000000000000000011,BA03050040,,,,,,,74.07,74,0.253355482028,TASWIL5000020230907KABKOTA,Wakatobi,Wilayah terapung,2.06703594498E-5,0.0291924563304,4326,4,,,Wakatobi,Sulawesi Tenggara,,0,Buton,,2017-02,2.0459763322227684,2,2.0459763322227684,VIIRS DNB,nW/cm2/sr,2017,"{""type"":""MultiPoint"",""coordinates"":[]}"
37_00000000000000000012,BA03050040,,,,,,,74.07,74,4.12006083394,TASWIL5000020230907KABKOTA,Wakatobi,Wilayah terapung,3.36232999688E-4,0.124432278786,4326,4,,,Wakatobi,Sulawesi Tenggara,,0,Buton,,2017-02,0.16875527489996525,2,0.16875527489996525,VIIRS DNB,nW/cm2/sr,2017,"{""type"":""MultiPoint"",""coordinates"":[]}"
37_0000000000000000000a,BA03050040,,,,,,,74.05,74,4237.74051506,TASWIL5000020230907KABKOTA,Konawe Selatan,,0.345208073275,5.59324280043,4326,4,,,Konawe Selatan,Sulawesi Tenggara,,0,Kendari,,2017-02,0.09900413826005676,2,0.09900413826005676,VIIRS DNB,nW/cm2/sr,2017,"{""type"":""MultiPoint"",""coordinates"":[]}"
37_0000000000000000000d,BA03050040,,,,,,,74.71,74,265.790696582,TASWIL5000020230907KABKOTA,Kota Kendari,,0.0216443348271,1.21929531969,4326,5,,,Kota Kendari,Sulawesi Tenggara,,0,Kendari,,2017-02,0.6311576750739026,2,0.6311576750739026,VIIRS DNB,nW/cm2/sr,2017,"{""type"":""MultiPoint"",""coordinates"":[]}"
37_00000000000000000006,BA03050040,,,,,,,74.11,74,3992.53107078,TASWIL5000020230907KABKOTA,Kolaka Timur,,0.325055960897,4.62416724675,4326,4,,,Kolaka Timur,Sulawesi Tenggara,,0,Kolaka,,2017-02,0.04272588172471292,2,0.04272588172471292,VIIRS DNB,nW/cm2/sr,2017,"{""type"":""MultiPoint"",""coordinates"":[]}"
37_00000000000000000007,BA03050040,,,,,,,74.08,74,2932.25192061,TASWIL5000020230907KABKOTA,Kolaka Utara,,0.238597308701,3.90865020949,4326,4,,,Kolaka Utara,Sulawesi Tenggara,,0,Kolaka,,2017-02,0.06099318336895591,2,0.06099318336895591,VIIRS DNB,nW/cm2/sr,2017,"{""type"":""MultiPoint"",""coordinates"":[]}"
37_00000000000000000009,BA03050040,,,,,,,74.12,74,705.711010277,TASWIL5000020230907KABKOTA,Konawe Kepulauan,,0.0574768178025,1.17136047971,4326,4,,,Konawe Kepulauan,Sulawesi Tenggara,,0,Konawe,,2017-02,0.08088974943896912,2,0.08088974943896912,VIIRS DNB,nW/cm2/sr,2017,"{""type"":""MultiPoint"",""coordinates"":[]}"
37_0000000000000000000b,BA03050040,,,,,,,74.09,74,4219.81180817,TASWIL5000020230907KABKOTA,Konawe Utara,,0.343408045869,6.15591332033,4326,4,,,Konawe Utara,Sulawesi Tenggara,,0,Konawe,,2017-02,0.02145500985673597,2,0.02145500985673597,VIIRS DNB,nW/cm2/sr,2017,"{""type"":""MultiPoint"",""coordinates"":[]}"
37_00000000000000000004,BA03050040,,,,,,,74.10,74,1755.8292261,TASWIL5000020230907KABKOTA,Buton Utara,,0.143115018242,4.67921811895,4326,4,,,Buton Utara,Sulawesi Tenggara,,0,Muna,,2017-02,0.12016717958378034,2,0.12016717958378034,VIIRS DNB,nW/cm2/sr,2017,"{""type"":""MultiPoint"",""coordinates"":[]}"
37_0000000000000000000f,BA03050040,,,,,,,74.13,74,818.701593571,TASWIL5000020230907KABKOTA,Muna Barat,,0.0667415576998,2.65906981122,4326,4,,,Muna Barat,Sulawesi Tenggara,,0,Muna,,2017-02,0.10966324457775066,2,0.10966324457775066,VIIRS DNB,nW/cm2/sr,2017,"{""type"":""MultiPoint"",""coordinates"":[]}"
37_00000000000000000013,BA03050040,,,,,,,74.13,74,0.273099429049,TASWIL5000020230907KABKOTA,Muna Barat,Wilayah terapung,2.22679841875E-5,0.0295594995644,4326,4,,,Muna Barat,Sulawesi Tenggara,,0,Muna,,2017-02,0.060054879003483455,2,0.060054879003483455,VIIRS DNB,nW/cm2/sr,2017,"{""type"":""MultiPoint"",""coordinates"":[]}"
37_00000000000000000014,BA03050040,,,,,,,74.10,74,0.0480497061255,TASWIL5000020230907KABKOTA,Buton Utara,Wilayah terapung,3.9169026899E-6,0.0168384250334,4326,4,,,Buton Utara,Sulawesi Tenggara,,0,Muna,,2017-02,0.3655044436454773,2,0.3655044436454773,VIIRS DNB,nW/cm2/sr,2017,"{""type"":""MultiPoint"",""coordinates"":[]}"
38_00000000000000000001,BA03050040,,,,,,,74.04,74,1669.32863016,TASWIL5000020230907KABKOTA,Buton,,0.136188299866,3.04087674144,4326,4,,,Buton,Sulawesi Tenggara,,0,,,2017-03,0.2825162168128474,3,0.2825162168128474,VIIRS DNB,nW/cm2/sr,2017,"{""type"":""MultiPoint"",""coordinates"":[]}"
38_00000000000000000005,BA03050040,,,,,,,74.01,74,2958.9208572,TASWIL5000020230907KABKOTA,Kolaka,,0.240980839474,5.39527306777,4326,4,,,Kolaka,Sulawesi Tenggara,,0,,,2017-03,0.28189982343334324,3,0.28189982343334324,VIIRS DNB,nW/cm2/sr,2017,"{""type"":""MultiPoint"",""coordinates"":[]}"
38_00000000000000000008,BA03050040,,,,,,,74.02,74,5351.85263389,TASWIL5000020230907KABKOTA,Konawe,,0.435602118514,6.84601568998,4326,4,,,Konawe,Sulawesi Tenggara,,0,,,2017-03,0.15311319740903423,3,0.15311319740903423,VIIRS DNB,nW/cm2/sr,2017,"{""type"":""MultiPoint"",""coordinates"":[]}"
38_0000000000000000000e,BA03050040,,,,,,,74.03,74,1858.09481163,TASWIL5000020230907KABKOTA,Muna,,0.151502694674,5.32849464874,4326,4,,,Muna,Sulawesi Tenggara,,0,,,2017-03,0.21199776595755673,3,0.21199776595755673,VIIRS DNB,nW/cm2/sr,2017,"{""type"":""MultiPoint"",""coordinates"":[]}"
38_00000000000000000015,BA03050040,,,,,,,74.03,74,0.17024708351,TASWIL5000020230907KABKOTA,Muna,Wilayah terapung,1.38839187565E-5,0.039960941818,4326,4,,,Muna,Sulawesi Tenggara,,0,,,2017-03,0.30431343227452623,3,0.30431343227452623,VIIRS DNB,nW/cm2/sr,2017,"{""type"":""MultiPoint"",""coordinates"":[]}"
38_00000000000000000016,BA03050040,,,,,,,74.04,74,0.188157250699,TASWIL5000020230907KABKOTA,Buton,Wilayah terapung,1.53526521797E-5,0.0397338812277,4326,4,,,Buton,Sulawesi Tenggara,,0,,,2017-03,0.6317079329620238,3,0.6317079329620238,VIIRS DNB,nW/cm2/sr,2017,"{""type"":""MultiPoint"",""coordinates"":[]}"
38_00000000000000000000,BA03050040,,,,,,,74.06,74,3293.96639913,TASWIL5000020230907KABKOTA,Bombana,,0.268524880662,5.47167246052,4326,4,,,Bombana,Sulawesi Tenggara,,0,Buton,,2017-03,0.34284642082100736,3,0.34284642082100736,VIIRS DNB,nW/cm2/sr,2017,"{""type"":""MultiPoint"",""coordinates"":[]}"
38_00000000000000000002,BA03050040,,,,,,,74.15,74,517.631463505,TASWIL5000020230907KABKOTA,Buton Selatan,,0.042249508051,1.85498741345,4326,4,,,Buton Selatan,Sulawesi Tenggara,,0,Buton,,2017-03,0.2846121373227609,3,0.2846121373227609,VIIRS DNB,nW/cm2/sr,2017,"{""type"":""MultiPoint"",""coordinates"":[]}"
38_00000000000000000003,BA03050040,,,,,,,74.14,74,836.955797791,TASWIL5000020230907KABKOTA,Buton Tengah,,0.0682810706644,2.98412837401,4326,4,,,Buton Tengah,Sulawesi Tenggara,,0,Buton,,2017-03,0.3031737017303815,3,0.3031737017303815,VIIRS DNB,nW/cm2/sr,2017,"{""type"":""MultiPoint"",""coordinates"":[]}"
38_0000000000000000000c,BA03050040,,,,,,,74.72,74,294.137423231,TASWIL5000020230907KABKOTA,Kota Bau Bau,,0.0240007870008,0.955179337168,4326,5,,,Kota Bau Bau,Sulawesi Tenggara,,0,Buton,,2017-03,0.21115195660000954,3,0.21115195660000954,VIIRS DNB,nW/cm2/sr,2017,"{""type"":""MultiPoint"",""coordinates"":[]}"
38_00000000000000000010,BA03050040,,,,,,,74.07,74,450.455914283,TASWIL5000020230907KABKOTA,Wakatobi,,0.0367648905913,3.71804674371,4326,4,,,Wakatobi,Sulawesi Tenggara,,0,Buton,,2017-03,0.33641133522122835,3,0.33641133522122835,VIIRS DNB,nW/cm2/sr,2017,"{""type"":""MultiPoint"",""coordinates"":[]}"
38_00000000000000000011,BA03050040,,,,,,,74.07,74,0.253355482028,TASWIL5000020230907KABKOTA,Wakatobi,Wilayah terapung,2.06703594498E-5,0.0291924563304,4326,4,,,Wakatobi,Sulawesi Tenggara,,0,Buton,,2017-03,2.4456358198509656,3,2.4456358198509656,VIIRS DNB,nW/cm2/sr,2017,"{""type"":""MultiPoint"",""coordinates"":[]}"
38_00000000000000000012,BA03050040,,,,,,,74.07,74,4.12006083394,TASWIL5000020230907KABKOTA,Wakatobi,Wilayah terapung,3.36232999688E-4,0.124432278786,4326,4,,,Wakatobi,Sulawesi Tenggara,,0,Buton,,2017-03,0.26692142780186867,3,0.26692142780186867,VIIRS DNB,nW/cm2/sr,2017,"{""type"":""MultiPoint"",""coordinates"":[]}"
38_0000000000000000000a,BA03050040,,,,,,,74.05,74,4237.74051506,TASWIL5000020230907KABKOTA,Konawe Selatan,,0.345208073275,5.59324280043,4326,4,,,Konawe Selatan,Sulawesi Tenggara,,0,Kendari,,2017-03,0.2762089790067643,3,0.2762089790067643,VIIRS DNB,nW/cm2/sr,2017,"{""type"":""MultiPoint"",""coordinates"":[]}"
38_0000000000000000000d,BA03050040,,,,,,,74.71,74,265.790696582,TASWIL5000020230907KABKOTA,Kota Kendari,,0.0216443348271,1.21929531969,4326,5,,,Kota Kendari,Sulawesi Tenggara,,0,Kendari,,2017-03,2.007654208572851,3,2.007654208572851,VIIRS DNB,nW/cm2/sr,2017,"{""type"":""MultiPoint"",""coordinates"":[]}"
38_00000000000000000006,BA03050040,,,,,,,74.11,74,3992.53107078,TASWIL5000020230907KABKOTA,Kolaka Timur,,0.325055960897,4.62416724675,4326,4,,,Kolaka Timur,Sulawesi Tenggara,,0,Kolaka,,2017-03,0.1790960602941184,3,0.1790960602941184,VIIRS DNB,nW/cm2/sr,2017,"{""type"":""MultiPoint"",""coordinates"":[]}"
38_00000000000000000007,BA03050040,,,,,,,74.08,74,2932.25192061,TASWIL5000020230907KABKOTA,Kolaka Utara,,0.238597308701,3.90865020949,4326,4,,,Kolaka Utara,Sulawesi Tenggara,,0,Kolaka,,2017-03,0.1374314187751256,3,0.1374314187751256,VIIRS DNB,nW/cm2/sr,2017,"{""type"":""MultiPoint"",""coordinates"":[]}"
38_00000000000000000009,BA03050040,,,,,,,74.12,74,705.711010277,TASWIL5000020230907KABKOTA,Konawe Kepulauan,,0.0574768178025,1.17136047971,4326,4,,,Konawe Kepulauan,Sulawesi Tenggara,,0,Konawe,,2017-03,0.2585353440916616,3,0.2585353440916616,VIIRS DNB,nW/cm2/sr,2017,"{""type"":""MultiPoint"",""coordinates"":[]}"
38_0000000000000000000b,BA03050040,,,,,,,74.09,74,4219.81180817,TASWIL5000020230907KABKOTA,Konawe Utara,,0.343408045869,6.15591332033,4326,4,,,Konawe Utara,Sulawesi Tenggara,,0,Konawe,,2017-03,0.18457340429535904,3,0.18457340429535904,VIIRS DNB,nW/cm2/sr,2017,"{""type"":""MultiPoint"",""coordinates"":[]}"
38_00000000000000000004,BA03050040,,,,,,,74.10,74,1755.8292261,TASWIL5000020230907KABKOTA,Buton Utara,,0.143115018242,4.67921811895,4326,4,,,Buton Utara,Sulawesi Tenggara,,0,Muna,,2017-03,0.23165854876487021,3,0.23165854876487021,VIIRS DNB,nW/cm2/sr,2017,"{""type"":""MultiPoint"",""coordinates"":[]}"
38_0000000000000000000f,BA03050040,,,,,,,74.13,74,818.701593571,TASWIL5000020230907KABKOTA,Muna Barat,,0.0667415576998,2.65906981122,4326,4,,,Muna Barat,Sulawesi Tenggara,,0,Muna,,2017-03,0.2821863306800998,3,0.2821863306800998,VIIRS DNB,nW/cm2/sr,2017,"{""type"":""MultiPoint"",""coordinates"":[]}"
38_00000000000000000013,BA03050040,,,,,,,74.13,74,0.273099429049,TASWIL5000020230907KABKOTA,Muna Barat,Wilayah terapung,2.22679841875E-5,0.0295594995644,4326,4,,,Muna Barat,Sulawesi Tenggara,,0,Muna,,2017-03,0.39133604500267904,3,0.39133604500267904,VIIRS DNB,nW/cm2/sr,2017,"{""type"":""MultiPoint"",""coordinates"":[]}"
38_00000000000000000014,BA03050040,,,,,,,74.10,74,0.0480497061255,TASWIL5000020230907KABKOTA,Buton Utara,Wilayah terapung,3.9169026899E-6,0.0168384250334,4326,4,,,Buton Utara,Sulawesi Tenggara,,0,Muna,,2017-03,0.4284549270357405,3,0.4284549270357405,VIIRS DNB,nW/cm2/sr,2017,"{""type"":""MultiPoint"",""coordinates"":[]}"
39_00000000000000000001,BA03050040,,,,,,,74.04,74,1669.32863016,TASWIL5000020230907KABKOTA,Buton,,0.136188299866,3.04087674144,4326,4,,,Buton,Sulawesi Tenggara,,0,,,2017-04,0.36228005831604215,4,0.36228005831604215,VIIRS DNB,nW/cm2/sr,2017,"{""type"":""MultiPoint"",""coordinates"":[]}"
39_00000000000000000005,BA03050040,,,,,,,74.01,74,2958.9208572,TASWIL5000020230907KABKOTA,Kolaka,,0.240980839474,5.39527306777,4326,4,,,Kolaka,Sulawesi Tenggara,,0,,,2017-04,0.4815433818643808,4,0.4815433818643808,VIIRS DNB,nW/cm2/sr,2017,"{""type"":""MultiPoint"",""coordinates"":[]}"
39_00000000000000000008,BA03050040,,,,,,,74.02,74,5351.85263389,TASWIL5000020230907KABKOTA,Konawe,,0.435602118514,6.84601568998,4326,4,,,Konawe,Sulawesi Tenggara,,0,,,2017-04,0.4745183297570868,4,0.4745183297570868,VIIRS DNB,nW/cm2/sr,2017,"{""type"":""MultiPoint"",""coordinates"":[]}"
39_0000000000000000000e,BA03050040,,,,,,,74.03,74,1858.09481163,TASWIL5000020230907KABKOTA,Muna,,0.151502694674,5.32849464874,4326,4,,,Muna,Sulawesi Tenggara,,0,,,2017-04,0.4236708893542754,4,0.4236708893542754,VIIRS DNB,nW/cm2/sr,2017,"{""type"":""MultiPoint"",""coordinates"":[]}"
39_00000000000000000015,BA03050040,,,,,,,74.03,74,0.17024708351,TASWIL5000020230907KABKOTA,Muna,Wilayah terapung,1.38839187565E-5,0.039960941818,4326,4,,,Muna,Sulawesi Tenggara,,0,,,2017-04,0.38802616565213727,4,0.38802616565213727,VIIRS DNB,nW/cm2/sr,2017,"{""type"":""MultiPoint"",""coordinates"":[]}"
39_00000000000000000016,BA03050040,,,,,,,74.04,74,0.188157250699,TASWIL5000020230907KABKOTA,Buton,Wilayah terapung,1.53526521797E-5,0.0397338812277,4326,4,,,Buton,Sulawesi Tenggara,,0,,,2017-04,0.5711396900208101,4,0.5711396900208101,VIIRS DNB,nW/cm2/sr,2017,"{""type"":""MultiPoint"",""coordinates"":[]}"
39_00000000000000000000,BA03050040,,,,,,,74.06,74,3293.96639913,TASWIL5000020230907KABKOTA,Bombana,,0.268524880662,5.47167246052,4326,4,,,Bombana,Sulawesi Tenggara,,0,Buton,,2017-04,0.37312654521387884,4,0.37312654521387884,VIIRS DNB,nW/cm2/sr,2017,"{""type"":""MultiPoint"",""coordinates"":[]}"
39_00000000000000000002,BA03050040,,,,,,,74.15,74,517.631463505,TASWIL5000020230907KABKOTA,Buton Selatan,,0.042249508051,1.85498741345,4326,4,,,Buton Selatan,Sulawesi Tenggara,,0,Buton,,2017-04,0.4174370852396372,4,0.4174370852396372,VIIRS DNB,nW/cm2/sr,2017,"{""type"":""MultiPoint"",""coordinates"":[]}"
39_00000000000000000003,BA03050040,,,,,,,74.14,74,836.955797791,TASWIL5000020230907KABKOTA,Buton Tengah,,0.0682810706644,2.98412837401,4326,4,,,Buton Tengah,Sulawesi Tenggara,,0,Buton,,2017-04,0.3845134494102096,4,0.3845134494102096,VIIRS DNB,nW/cm2/sr,2017,"{""type"":""MultiPoint"",""coordinates"":[]}"
39_0000000000000000000c,BA03050040,,,,,,,74.72,74,294.137423231,TASWIL5000020230907KABKOTA,Kota Bau Bau,,0.0240007870008,0.955179337168,4326,5,,,Kota Bau Bau,Sulawesi Tenggara,,0,Buton,,2017-04,0.8595325863260991,4,0.8595325863260991,VIIRS DNB,nW/cm2/sr,2017,"{""type"":""MultiPoint"",""coordinates"":[]}"
39_00000000000000000010,BA03050040,,,,,,,74.07,74,450.455914283,TASWIL5000020230907KABKOTA,Wakatobi,,0.0367648905913,3.71804674371,4326,4,,,Wakatobi,Sulawesi Tenggara,,0,Buton,,2017-04,0.35891653325160855,4,0.35891653325160855,VIIRS DNB,nW/cm2/sr,2017,"{""type"":""MultiPoint"",""coordinates"":[]}"
39_00000000000000000011,BA03050040,,,,,,,74.07,74,0.253355482028,TASWIL5000020230907KABKOTA,Wakatobi,Wilayah terapung,2.06703594498E-5,0.0291924563304,4326,4,,,Wakatobi,Sulawesi Tenggara,,0,Buton,,2017-04,1.5914248375929605,4,1.5914248375929605,VIIRS DNB,nW/cm2/sr,2017,"{""type"":""MultiPoint"",""coordinates"":[]}"
39_00000000000000000012,BA03050040,,,,,,,74.07,74,4.12006083394,TASWIL5000020230907KABKOTA,Wakatobi,Wilayah terapung,3.36232999688E-4,0.124432278786,4326,4,,,Wakatobi,Sulawesi Tenggara,,0,Buton,,2017-04,0.2915847290091261,4,0.2915847290091261,VIIRS DNB,nW/cm2/sr,2017,"{""type"":""MultiPoint"",""coordinates"":[]}"
39_0000000000000000000a,BA03050040,,,,,,,74.05,74,4237.74051506,TASWIL5000020230907KABKOTA,Konawe Selatan,,0.345208073275,5.59324280043,4326,4,,,Konawe Selatan,Sulawesi Tenggara,,0,Kendari,,2017-04,0.4718781151360201,4,0.4718781151360201,VIIRS DNB,nW/cm2/sr,2017,"{""type"":""MultiPoint"",""coordinates"":[]}"
39_0000000000000000000d,BA03050040,,,,,,,74.71,74,265.790696582,TASWIL5000020230907KABKOTA,Kota Kendari,,0.0216443348271,1.21929531969,4326,5,,,Kota Kendari,Sulawesi Tenggara,,0,Kendari,,2017-04,3.048339203763935,4,3.048339203763935,VIIRS DNB,nW/cm2/sr,2017,"{""type"":""MultiPoint"",""coordinates"":[]}"
39_00000000000000000006,BA03050040,,,,,,,74.11,74,3992.53107078,TASWIL5000020230907KABKOTA,Kolaka Timur,,0.325055960897,4.62416724675,4326,4,,,Kolaka Timur,Sulawesi Tenggara,,0,Kolaka,,2017-04,0.4206311302991419,4,0.4206311302991419,VIIRS DNB,nW/cm2/sr,2017,"{""type"":""MultiPoint"",""coordinates"":[]}"
39_00000000000000000007,BA03050040,,,,,,,74.08,74,2932.25192061,TASWIL5000020230907KABKOTA,Kolaka Utara,,0.238597308701,3.90865020949,4326,4,,,Kolaka Utara,Sulawesi Tenggara,,0,Kolaka,,2017-04,0.418173161683607,4,0.418173161683607,VIIRS DNB,nW/cm2/sr,2017,"{""type"":""MultiPoint"",""coordinates"":[]}"
39_00000000000000000009,BA03050040,,,,,,,74.12,74,705.711010277,TASWIL5000020230907KABKOTA,Konawe Kepulauan,,0.0574768178025,1.17136047971,4326,4,,,Konawe Kepulauan,Sulawesi Tenggara,,0,Konawe,,2017-04,0.4204675958214667,4,0.4204675958214667,VIIRS DNB,nW/cm2/sr,2017,"{""type"":""MultiPoint"",""coordinates"":[]}"
39_0000000000000000000b,BA03050040,,,,,,,74.09,74,4219.81180817,TASWIL5000020230907KABKOTA,Konawe Utara,,0.343408045869,6.15591332033,4326,4,,,Konawe Utara,Sulawesi Tenggara,,0,Konawe,,2017-04,0.41811850829368,4,0.41811850829368,VIIRS DNB,nW/cm2/sr,2017,"{""type"":""MultiPoint"",""coordinates"":[]}"
39_00000000000000000004,BA03050040,,,,,,,74.10,74,1755.8292261,TASWIL5000020230907KABKOTA,Buton Utara,,0.143115018242,4.67921811895,4326,4,,,Buton Utara,Sulawesi Tenggara,,0,Muna,,2017-04,0.3860267644169584,4,0.3860267644169584,VIIRS DNB,nW/cm2/sr,2017,"{""type"":""MultiPoint"",""coordinates"":[]}"
39_0000000000000000000f,BA03050040,,,,,,,74.13,74,818.701593571,TASWIL5000020230907KABKOTA,Muna Barat,,0.0667415576998,2.65906981122,4326,4,,,Muna Barat,Sulawesi Tenggara,,0,Muna,,2017-04,0.4265226770637481,4,0.4265226770637481,VIIRS DNB,nW/cm2/sr,2017,"{""type"":""MultiPoint"",""coordinates"":[]}"
39_00000000000000000013,BA03050040,,,,,,,74.13,74,0.273099429049,TASWIL5000020230907KABKOTA,Muna Barat,Wilayah terapung,2.22679841875E-5,0.0295594995644,4326,4,,,Muna Barat,Sulawesi Tenggara,,0,Muna,,2017-04,0.31596133866034687,4,0.31596133866034687,VIIRS DNB,nW/cm2/sr,2017,"{""type"":""MultiPoint"",""coordinates"":[]}"
39_00000000000000000014,BA03050040,,,,,,,74.10,74,0.0480497061255,TASWIL5000020230907KABKOTA,Buton Utara,Wilayah terapung,3.9169026899E-6,0.0168384250334,4326,4,,,Buton Utara,Sulawesi Tenggara,,0,Muna,,2017-04,0.714360739503588,4,0.714360739503588,VIIRS DNB,nW/cm2/sr,2017,"{""type"":""MultiPoint"",""coordinates"":[]}"
40_00000000000000000001,BA03050040,,,,,,,74.04,74,1669.32863016,TASWIL5000020230907KABKOTA,Buton,,0.136188299866,3.04087674144,4326,4,,,Buton,Sulawesi Tenggara,,0,,,2017-05,0.26144074609006374,5,0.26144074609006374,VIIRS DNB,nW/cm2/sr,2017,"{""type"":""MultiPoint"",""coordinates"":[]}"
40_00000000000000000005,BA03050040,,,,,,,74.01,74,2958.9208572,TASWIL5000020230907KABKOTA,Kolaka,,0.240980839474,5.39527306777,4326,4,,,Kolaka,Sulawesi Tenggara,,0,,,2017-05,0.3589706536135378,5,0.3589706536135378,VIIRS DNB,nW/cm2/sr,2017,"{""type"":""MultiPoint"",""coordinates"":[]}"
40_00000000000000000008,BA03050040,,,,,,,74.02,74,5351.85263389,TASWIL5000020230907KABKOTA,Konawe,,0.435602118514,6.84601568998,4326,4,,,Konawe,Sulawesi Tenggara,,0,,,2017-05,0.2863486851309242,5,0.2863486851309242,VIIRS DNB,nW/cm2/sr,2017,"{""type"":""MultiPoint"",""coordinates"":[]}"
40_0000000000000000000e,BA03050040,,,,,,,74.03,74,1858.09481163,TASWIL5000020230907KABKOTA,Muna,,0.151502694674,5.32849464874,4326,4,,,Muna,Sulawesi Tenggara,,0,,,2017-05,0.2732307794777447,5,0.2732307794777447,VIIRS DNB,nW/cm2/sr,2017,"{""type"":""MultiPoint"",""coordinates"":[]}"
40_00000000000000000015,BA03050040,,,,,,,74.03,74,0.17024708351,TASWIL5000020230907KABKOTA,Muna,Wilayah terapung,1.38839187565E-5,0.039960941818,4326,4,,,Muna,Sulawesi Tenggara,,0,,,2017-05,0.22188321996286425,5,0.22188321996286425,VIIRS DNB,nW/cm2/sr,2017,"{""type"":""MultiPoint"",""coordinates"":[]}"
40_00000000000000000016,BA03050040,,,,,,,74.04,74,0.188157250699,TASWIL5000020230907KABKOTA,Buton,Wilayah terapung,1.53526521797E-5,0.0397338812277,4326,4,,,Buton,Sulawesi Tenggara,,0,,,2017-05,0.5509585916348126,5,0.5509585916348126,VIIRS DNB,nW/cm2/sr,2017,"{""type"":""MultiPoint"",""coordinates"":[]}"
40_00000000000000000000,BA03050040,,,,,,,74.06,74,3293.96639913,TASWIL5000020230907KABKOTA,Bombana,,0.268524880662,5.47167246052,4326,4,,,Bombana,Sulawesi Tenggara,,0,Buton,,2017-05,0.24665473426979095,5,0.24665473426979095,VIIRS DNB,nW/cm2/sr,2017,"{""type"":""MultiPoint"",""coordinates"":[]}"
40_00000000000000000002,BA03050040,,,,,,,74.15,74,517.631463505,TASWIL5000020230907KABKOTA,Buton Selatan,,0.042249508051,1.85498741345,4326,4,,,Buton Selatan,Sulawesi Tenggara,,0,Buton,,2017-05,0.297896594377283,5,0.297896594377283,VIIRS DNB,nW/cm2/sr,2017,"{""type"":""MultiPoint"",""coordinates"":[]}"
40_00000000000000000003,BA03050040,,,,,,,74.14,74,836.955797791,TASWIL5000020230907KABKOTA,Buton Tengah,,0.0682810706644,2.98412837401,4326,4,,,Buton Tengah,Sulawesi Tenggara,,0,Buton,,2017-05,0.2663348044964973,5,0.2663348044964973,VIIRS DNB,nW/cm2/sr,2017,"{""type"":""MultiPoint"",""coordinates"":[]}"
40_0000000000000000000c,BA03050040,,,,,,,74.72,74,294.137423231,TASWIL5000020230907KABKOTA,Kota Bau Bau,,0.0240007870008,0.955179337168,4326,5,,,Kota Bau Bau,Sulawesi Tenggara,,0,Buton,,2017-05,0.7971138707397046,5,0.7971138707397046,VIIRS DNB,nW/cm2/sr,2017,"{""type"":""MultiPoint"",""coordinates"":[]}"
40_00000000000000000010,BA03050040,,,,,,,74.07,74,450.455914283,TASWIL5000020230907KABKOTA,Wakatobi,,0.0367648905913,3.71804674371,4326,4,,,Wakatobi,Sulawesi Tenggara,,0,Buton,,2017-05,0.32623426183303217,5,0.32623426183303217,VIIRS DNB,nW/cm2/sr,2017,"{""type"":""MultiPoint"",""coordinates"":[]}"
40_00000000000000000011,BA03050040,,,,,,,74.07,74,0.253355482028,TASWIL5000020230907KABKOTA,Wakatobi,Wilayah terapung,2.06703594498E-5,0.0291924563304,4326,4,,,Wakatobi,Sulawesi Tenggara,,0,Buton,,2017-05,2.295968596787416,5,2.295968596787416,VIIRS DNB,nW/cm2/sr,2017,"{""type"":""MultiPoint"",""coordinates"":[]}"
40_00000000000000000012,BA03050040,,,,,,,74.07,74,4.12006083394,TASWIL5000020230907KABKOTA,Wakatobi,Wilayah terapung,3.36232999688E-4,0.124432278786,4326,4,,,Wakatobi,Sulawesi Tenggara,,0,Buton,,2017-05,0.26403950308906965,5,0.26403950308906965,VIIRS DNB,nW/cm2/sr,2017,"{""type"":""MultiPoint"",""coordinates"":[]}"
40_0000000000000000000a,BA03050040,,,,,,,74.05,74,4237.74051506,TASWIL5000020230907KABKOTA,Konawe Selatan,,0.345208073275,5.59324280043,4326,4,,,Konawe Selatan,Sulawesi Tenggara,,0,Kendari,,2017-05,0.3108906543605,5,0.3108906543605,VIIRS DNB,nW/cm2/sr,2017,"{""type"":""MultiPoint"",""coordinates"":[]}"
40_0000000000000000000d,BA03050040,,,,,,,74.71,74,265.790696582,TASWIL5000020230907KABKOTA,Kota Kendari,,0.0216443348271,1.21929531969,4326,5,,,Kota Kendari,Sulawesi Tenggara,,0,Kendari,,2017-05,2.0301575907424256,5,2.0301575907424256,VIIRS DNB,nW/cm2/sr,2017,"{""type"":""MultiPoint"",""coordinates"":[]}"
40_00000000000000000006,BA03050040,,,,,,,74.11,74,3992.53107078,TASWIL5000020230907KABKOTA,Kolaka Timur,,0.325055960897,4.62416724675,4326,4,,,Kolaka Timur,Sulawesi Tenggara,,0,Kolaka,,2017-05,0.2670676418248663,5,0.2670676418248663,VIIRS DNB,nW/cm2/sr,2017,"{""type"":""MultiPoint"",""coordinates"":[]}"
40_00000000000000000007,BA03050040,,,,,,,74.08,74,2932.25192061,TASWIL5000020230907KABKOTA,Kolaka Utara,,0.238597308701,3.90865020949,4326,4,,,Kolaka Utara,Sulawesi Tenggara,,0,Kolaka,,2017-05,0.25038595015904247,5,0.25038595015904247,VIIRS DNB,nW/cm2/sr,2017,"{""type"":""MultiPoint"",""coordinates"":[]}"
40_00000000000000000009,BA03050040,,,,,,,74.12,74,705.711010277,TASWIL5000020230907KABKOTA,Konawe Kepulauan,,0.0574768178025,1.17136047971,4326,4,,,Konawe Kepulauan,Sulawesi Tenggara,,0,Konawe,,2017-05,0.2670070871066531,5,0.2670070871066531,VIIRS DNB,nW/cm2/sr,2017,"{""type"":""MultiPoint"",""coordinates"":[]}"
40_0000000000000000000b,BA03050040,,,,,,,74.09,74,4219.81180817,TASWIL5000020230907KABKOTA,Konawe Utara,,0.343408045869,6.15591332033,4326,4,,,Konawe Utara,Sulawesi Tenggara,,0,Konawe,,2017-05,0.25254891951172603,5,0.25254891951172603,VIIRS DNB,nW/cm2/sr,2017,"{""type"":""MultiPoint"",""coordinates"":[]}"
40_00000000000000000004,BA03050040,,,,,,,74.10,74,1755.8292261,TASWIL5000020230907KABKOTA,Buton Utara,,0.143115018242,4.67921811895,4326,4,,,Buton Utara,Sulawesi Tenggara,,0,Muna,,2017-05,0.2537987241733247,5,0.2537987241733247,VIIRS DNB,nW/cm2/sr,2017,"{""type"":""MultiPoint"",""coordinates"":[]}"
40_0000000000000000000f,BA03050040,,,,,,,74.13,74,818.701593571,TASWIL5000020230907KABKOTA,Muna Barat,,0.0667415576998,2.65906981122,4326,4,,,Muna Barat,Sulawesi Tenggara,,0,Muna,,2017-05,0.2544975348674531,5,0.2544975348674531,VIIRS DNB,nW/cm2/sr,2017,"{""type"":""MultiPoint"",""coordinates"":[]}"
40_00000000000000000013,BA03050040,,,,,,,74.13,74,0.273099429049,TASWIL5000020230907KABKOTA,Muna Barat,Wilayah terapung,2.22679841875E-5,0.0295594995644,4326,4,,,Muna Barat,Sulawesi Tenggara,,0,Muna,,2017-05,0.2016449311364859,5,0.2016449311364859,VIIRS DNB,nW/cm2/sr,2017,"{""type"":""MultiPoint"",""coordinates"":[]}"
40_00000000000000000014,BA03050040,,,,,,,74.10,74,0.0480497061255,TASWIL5000020230907KABKOTA,Buton Utara,Wilayah terapung,3.9169026899E-6,0.0168384250334,4326,4,,,Buton Utara,Sulawesi Tenggara,,0,Muna,,2017-05,0.5613151618412563,5,0.5613151618412563,VIIRS DNB,nW/cm2/sr,2017,"{""type"":""MultiPoint"",""coordinates"":[]}"
41_00000000000000000001,BA03050040,,,,,,,74.04,74,1669.32863016,TASWIL5000020230907KABKOTA,Buton,,0.136188299866,3.04087674144,4326,4,,,Buton,Sulawesi Tenggara,,0,,,2017-06,0.16936553427217865,6,0.16936553427217865,VIIRS DNB,nW/cm2/sr,2017,"{""type"":""MultiPoint"",""coordinates"":[]}"
41_00000000000000000005,BA03050040,,,,,,,74.01,74,2958.9208572,TASWIL5000020230907KABKOTA,Kolaka,,0.240980839474,5.39527306777,4326,4,,,Kolaka,Sulawesi Tenggara,,0,,,2017-06,0.253289520048484,6,0.253289520048484,VIIRS DNB,nW/cm2/sr,2017,"{""type"":""MultiPoint"",""coordinates"":[]}"
41_00000000000000000008,BA03050040,,,,,,,74.02,74,5351.85263389,TASWIL5000020230907KABKOTA,Konawe,,0.435602118514,6.84601568998,4326,4,,,Konawe,Sulawesi Tenggara,,0,,,2017-06,0.23004869470735004,6,0.23004869470735004,VIIRS DNB,nW/cm2/sr,2017,"{""type"":""MultiPoint"",""coordinates"":[]}"
41_0000000000000000000e,BA03050040,,,,,,,74.03,74,1858.09481163,TASWIL5000020230907KABKOTA,Muna,,0.151502694674,5.32849464874,4326,4,,,Muna,Sulawesi Tenggara,,0,,,2017-06,0.18879574985546474,6,0.18879574985546474,VIIRS DNB,nW/cm2/sr,2017,"{""type"":""MultiPoint"",""coordinates"":[]}"
41_00000000000000000015,BA03050040,,,,,,,74.03,74,0.17024708351,TASWIL5000020230907KABKOTA,Muna,Wilayah terapung,1.38839187565E-5,0.039960941818,4326,4,,,Muna,Sulawesi Tenggara,,0,,,2017-06,0.18236019061824488,6,0.18236019061824488,VIIRS DNB,nW/cm2/sr,2017,"{""type"":""MultiPoint"",""coordinates"":[]}"
41_00000000000000000016,BA03050040,,,,,,,74.04,74,0.188157250699,TASWIL5000020230907KABKOTA,Buton,Wilayah terapung,1.53526521797E-5,0.0397338812277,4326,4,,,Buton,Sulawesi Tenggara,,0,,,2017-06,0.3214726130599561,6,0.3214726130599561,VIIRS DNB,nW/cm2/sr,2017,"{""type"":""MultiPoint"",""coordinates"":[]}"
41_00000000000000000000,BA03050040,,,,,,,74.06,74,3293.96639913,TASWIL5000020230907KABKOTA,Bombana,,0.268524880662,5.47167246052,4326,4,,,Bombana,Sulawesi Tenggara,,0,Buton,,2017-06,0.1451762016599011,6,0.1451762016599011,VIIRS DNB,nW/cm2/sr,2017,"{""type"":""MultiPoint"",""coordinates"":[]}"
41_00000000000000000002,BA03050040,,,,,,,74.15,74,517.631463505,TASWIL5000020230907KABKOTA,Buton Selatan,,0.042249508051,1.85498741345,4326,4,,,Buton Selatan,Sulawesi Tenggara,,0,Buton,,2017-06,0.18717773646836883,6,0.18717773646836883,VIIRS DNB,nW/cm2/sr,2017,"{""type"":""MultiPoint"",""coordinates"":[]}"
41_00000000000000000003,BA03050040,,,,,,,74.14,74,836.955797791,TASWIL5000020230907KABKOTA,Buton Tengah,,0.0682810706644,2.98412837401,4326,4,,,Buton Tengah,Sulawesi Tenggara,,0,Buton,,2017-06,0.16465834625714443,6,0.16465834625714443,VIIRS DNB,nW/cm2/sr,2017,"{""type"":""MultiPoint"",""coordinates"":[]}"
41_0000000000000000000c,BA03050040,,,,,,,74.72,74,294.137423231,TASWIL5000020230907KABKOTA,Kota Bau Bau,,0.0240007870008,0.955179337168,4326,5,,,Kota Bau Bau,Sulawesi Tenggara,,0,Buton,,2017-06,0.6409041968603768,6,0.6409041968603768,VIIRS DNB,nW/cm2/sr,2017,"{""type"":""MultiPoint"",""coordinates"":[]}"
41_00000000000000000010,BA03050040,,,,,,,74.07,74,450.455914283,TASWIL5000020230907KABKOTA,Wakatobi,,0.0367648905913,3.71804674371,4326,4,,,Wakatobi,Sulawesi Tenggara,,0,Buton,,2017-06,0.22002517523639303,6,0.22002517523639303,VIIRS DNB,nW/cm2/sr,2017,"{""type"":""MultiPoint"",""coordinates"":[]}"
41_00000000000000000011,BA03050040,,,,,,,74.07,74,0.253355482028,TASWIL5000020230907KABKOTA,Wakatobi,Wilayah terapung,2.06703594498E-5,0.0291924563304,4326,4,,,Wakatobi,Sulawesi Tenggara,,0,Buton,,2017-06,1.5548741258392038,6,1.5548741258392038,VIIRS DNB,nW/cm2/sr,2017,"{""type"":""MultiPoint"",""coordinates"":[]}"
41_00000000000000000012,BA03050040,,,,,,,74.07,74,4.12006083394,TASWIL5000020230907KABKOTA,Wakatobi,Wilayah terapung,3.36232999688E-4,0.124432278786,4326,4,,,Wakatobi,Sulawesi Tenggara,,0,Buton,,2017-06,0.16104533592977477,6,0.16104533592977477,VIIRS DNB,nW/cm2/sr,2017,"{""type"":""MultiPoint"",""coordinates"":[]}"
41_0000000000000000000a,BA03050040,,,,,,,74.05,74,4237.74051506,TASWIL5000020230907KABKOTA,Konawe Selatan,,0.345208073275,5.59324280043,4326,4,,,Konawe Selatan,Sulawesi Tenggara,,0,Kendari,,2017-06,0.20550999485574276,6,0.20550999485574276,VIIRS DNB,nW/cm2/sr,2017,"{""type"":""MultiPoint"",""coordinates"":[]}"
41_0000000000000000000d,BA03050040,,,,,,,74.71,74,265.790696582,TASWIL5000020230907KABKOTA,Kota Kendari,,0.0216443348271,1.21929531969,4326,5,,,Kota Kendari,Sulawesi Tenggara,,0,Kendari,,2017-06,1.8654747375137428,6,1.8654747375137428,VIIRS DNB,nW/cm2/sr,2017,"{""type"":""MultiPoint"",""coordinates"":[]}"
41_00000000000000000006,BA03050040,,,,,,,74.11,74,3992.53107078,TASWIL5000020230907KABKOTA,Kolaka Timur,,0.325055960897,4.62416724675,4326,4,,,Kolaka Timur,Sulawesi Tenggara,,0,Kolaka,,2017-06,0.1962656616053444,6,0.1962656616053444,VIIRS DNB,nW/cm2/sr,2017,"{""type"":""MultiPoint"",""coordinates"":[]}"
41_00000000000000000007,BA03050040,,,,,,,74.08,74,2932.25192061,TASWIL5000020230907KABKOTA,Kolaka Utara,,0.238597308701,3.90865020949,4326,4,,,Kolaka Utara,Sulawesi Tenggara,,0,Kolaka,,2017-06,0.1595741574698976,6,0.1595741574698976,VIIRS DNB,nW/cm2/sr,2017,"{""type"":""MultiPoint"",""coordinates"":[]}"
41_00000000000000000009,BA03050040,,,,,,,74.12,74,705.711010277,TASWIL5000020230907KABKOTA,Konawe Kepulauan,,0.0574768178025,1.17136047971,4326,4,,,Konawe Kepulauan,Sulawesi Tenggara,,0,Konawe,,2017-06,0.1954631233968717,6,0.1954631233968717,VIIRS DNB,nW/cm2/sr,2017,"{""type"":""MultiPoint"",""coordinates"":[]}"
41_0000000000000000000b,BA03050040,,,,,,,74.09,74,4219.81180817,TASWIL5000020230907KABKOTA,Konawe Utara,,0.343408045869,6.15591332033,4326,4,,,Konawe Utara,Sulawesi Tenggara,,0,Konawe,,2017-06,0.20423775665817956,6,0.20423775665817956,VIIRS DNB,nW/cm2/sr,2017,"{""type"":""MultiPoint"",""coordinates"":[]}"
41_00000000000000000004,BA03050040,,,,,,,74.10,74,1755.8292261,TASWIL5000020230907KABKOTA,Buton Utara,,0.143115018242,4.67921811895,4326,4,,,Buton Utara,Sulawesi Tenggara,,0,Muna,,2017-06,0.1619311233257659,6,0.1619311233257659,VIIRS DNB,nW/cm2/sr,2017,"{""type"":""MultiPoint"",""coordinates"":[]}"
41_0000000000000000000f,BA03050040,,,,,,,74.13,74,818.701593571,TASWIL5000020230907KABKOTA,Muna Barat,,0.0667415576998,2.65906981122,4326,4,,,Muna Barat,Sulawesi Tenggara,,0,Muna,,2017-06,0.1906725492953972,6,0.1906725492953972,VIIRS DNB,nW/cm2/sr,2017,"{""type"":""MultiPoint"",""coordinates"":[]}"
41_00000000000000000013,BA03050040,,,,,,,74.13,74,0.273099429049,TASWIL5000020230907KABKOTA,Muna Barat,Wilayah terapung,2.22679841875E-5,0.0295594995644,4326,4,,,Muna Barat,Sulawesi Tenggara,,0,Muna,,2017-06,0.10256374865393773,6,0.10256374865393773,VIIRS DNB,nW/cm2/sr,2017,"{""type"":""MultiPoint"",""coordinates"":[]}"
41_00000000000000000014,BA03050040,,,,,,,74.10,74,0.0480497061255,TASWIL5000020230907KABKOTA,Buton Utara,Wilayah terapung,3.9169026899E-6,0.0168384250334,4326,4,,,Buton Utara,Sulawesi Tenggara,,0,Muna,,2017-06,0.5481873431376049,6,0.5481873431376049,VIIRS DNB,nW/cm2/sr,2017,"{""type"":""MultiPoint"",""coordinates"":[]}"
42_00000000000000000001,BA03050040,,,,,,,74.04,74,1669.32863016,TASWIL5000020230907KABKOTA,Buton,,0.136188299866,3.04087674144,4326,4,,,Buton,Sulawesi Tenggara,,0,,,2017-07,0.10693601056485846,7,0.10693601056485846,VIIRS DNB,nW/cm2/sr,2017,"{""type"":""MultiPoint"",""coordinates"":[]}"
42_00000000000000000005,BA03050040,,,,,,,74.01,74,2958.9208572,TASWIL5000020230907KABKOTA,Kolaka,,0.240980839474,5.39527306777,4326,4,,,Kolaka,Sulawesi Tenggara,,0,,,2017-07,0.15882785623217055,7,0.15882785623217055,VIIRS DNB,nW/cm2/sr,2017,"{""type"":""MultiPoint"",""coordinates"":[]}"
42_00000000000000000008,BA03050040,,,,,,,74.02,74,5351.85263389,TASWIL5000020230907KABKOTA,Konawe,,0.435602118514,6.84601568998,4326,4,,,Konawe,Sulawesi Tenggara,,0,,,2017-07,0.12881086873118247,7,0.12881086873118247,VIIRS DNB,nW/cm2/sr,2017,"{""type"":""MultiPoint"",""coordinates"":[]}"
42_0000000000000000000e,BA03050040,,,,,,,74.03,74,1858.09481163,TASWIL5000020230907KABKOTA,Muna,,0.151502694674,5.32849464874,4326,4,,,Muna,Sulawesi Tenggara,,0,,,2017-07,0.15690695234925334,7,0.15690695234925334,VIIRS DNB,nW/cm2/sr,2017,"{""type"":""MultiPoint"",""coordinates"":[]}"
42_00000000000000000015,BA03050040,,,,,,,74.03,74,0.17024708351,TASWIL5000020230907KABKOTA,Muna,Wilayah terapung,1.38839187565E-5,0.039960941818,4326,4,,,Muna,Sulawesi Tenggara,,0,,,2017-07,0.11975173622025226,7,0.11975173622025226,VIIRS DNB,nW/cm2/sr,2017,"{""type"":""MultiPoint"",""coordinates"":[]}"
42_00000000000000000016,BA03050040,,,,,,,74.04,74,0.188157250699,TASWIL5000020230907KABKOTA,Buton,Wilayah terapung,1.53526521797E-5,0.0397338812277,4326,4,,,Buton,Sulawesi Tenggara,,0,,,2017-07,0.3622647840934603,7,0.3622647840934603,VIIRS DNB,nW/cm2/sr,2017,"{""type"":""MultiPoint"",""coordinates"":[]}"
42_00000000000000000000,BA03050040,,,,,,,74.06,74,3293.96639913,TASWIL5000020230907KABKOTA,Bombana,,0.268524880662,5.47167246052,4326,4,,,Bombana,Sulawesi Tenggara,,0,Buton,,2017-07,0.0877100421286724,7,0.0877100421286724,VIIRS DNB,nW/cm2/sr,2017,"{""type"":""MultiPoint"",""coordinates"":[]}"
42_00000000000000000002,BA03050040,,,,,,,74.15,74,517.631463505,TASWIL5000020230907KABKOTA,Buton Selatan,,0.042249508051,1.85498741345,4326,4,,,Buton Selatan,Sulawesi Tenggara,,0,Buton,,2017-07,0.2352590728766354,7,0.2352590728766354,VIIRS DNB,nW/cm2/sr,2017,"{""type"":""MultiPoint"",""coordinates"":[]}"
42_00000000000000000003,BA03050040,,,,,,,74.14,74,836.955797791,TASWIL5000020230907KABKOTA,Buton Tengah,,0.0682810706644,2.98412837401,4326,4,,,Buton Tengah,Sulawesi Tenggara,,0,Buton,,2017-07,0.15125585969724342,7,0.15125585969724342,VIIRS DNB,nW/cm2/sr,2017,"{""type"":""MultiPoint"",""coordinates"":[]}"
42_0000000000000000000c,BA03050040,,,,,,,74.72,74,294.137423231,TASWIL5000020230907KABKOTA,Kota Bau Bau,,0.0240007870008,0.955179337168,4326,5,,,Kota Bau Bau,Sulawesi Tenggara,,0,Buton,,2017-07,0.7102908767169563,7,0.7102908767169563,VIIRS DNB,nW/cm2/sr,2017,"{""type"":""MultiPoint"",""coordinates"":[]}"
42_00000000000000000010,BA03050040,,,,,,,74.07,74,450.455914283,TASWIL5000020230907KABKOTA,Wakatobi,,0.0367648905913,3.71804674371,4326,4,,,Wakatobi,Sulawesi Tenggara,,0,Buton,,2017-07,0.20157579749364224,7,0.20157579749364224,VIIRS DNB,nW/cm2/sr,2017,"{""type"":""MultiPoint"",""coordinates"":[]}"
42_00000000000000000011,BA03050040,,,,,,,74.07,74,0.253355482028,TASWIL5000020230907KABKOTA,Wakatobi,Wilayah terapung,2.06703594498E-5,0.0291924563304,4326,4,,,Wakatobi,Sulawesi Tenggara,,0,Buton,,2017-07,1.8006502306738563,7,1.8006502306738563,VIIRS DNB,nW/cm2/sr,2017,"{""type"":""MultiPoint"",""coordinates"":[]}"
42_00000000000000000012,BA03050040,,,,,,,74.07,74,4.12006083394,TASWIL5000020230907KABKOTA,Wakatobi,Wilayah terapung,3.36232999688E-4,0.124432278786,4326,4,,,Wakatobi,Sulawesi Tenggara,,0,Buton,,2017-07,0.12098020595746366,7,0.12098020595746366,VIIRS DNB,nW/cm2/sr,2017,"{""type"":""MultiPoint"",""coordinates"":[]}"
42_0000000000000000000a,BA03050040,,,,,,,74.05,74,4237.74051506,TASWIL5000020230907KABKOTA,Konawe Selatan,,0.345208073275,5.59324280043,4326,4,,,Konawe Selatan,Sulawesi Tenggara,,0,Kendari,,2017-07,0.11844710236110886,7,0.11844710236110886,VIIRS DNB,nW/cm2/sr,2017,"{""type"":""MultiPoint"",""coordinates"":[]}"
42_0000000000000000000d,BA03050040,,,,,,,74.71,74,265.790696582,TASWIL5000020230907KABKOTA,Kota Kendari,,0.0216443348271,1.21929531969,4326,5,,,Kota Kendari,Sulawesi Tenggara,,0,Kendari,,2017-07,2.170384638297235,7,2.170384638297235,VIIRS DNB,nW/cm2/sr,2017,"{""type"":""MultiPoint"",""coordinates"":[]}"
42_00000000000000000006,BA03050040,,,,,,,74.11,74,3992.53107078,TASWIL5000020230907KABKOTA,Kolaka Timur,,0.325055960897,4.62416724675,4326,4,,,Kolaka Timur,Sulawesi Tenggara,,0,Kolaka,,2017-07,0.09852723538166804,7,0.09852723538166804,VIIRS DNB,nW/cm2/sr,2017,"{""type"":""MultiPoint"",""coordinates"":[]}"
42_00000000000000000007,BA03050040,,,,,,,74.08,74,2932.25192061,TASWIL5000020230907KABKOTA,Kolaka Utara,,0.238597308701,3.90865020949,4326,4,,,Kolaka Utara,Sulawesi Tenggara,,0,Kolaka,,2017-07,0.08086670327302752,7,0.08086670327302752,VIIRS DNB,nW/cm2/sr,2017,"{""type"":""MultiPoint"",""coordinates"":[]}"
42_00000000000000000009,BA03050040,,,,,,,74.12,74,705.711010277,TASWIL5000020230907KABKOTA,Konawe Kepulauan,,0.0574768178025,1.17136047971,4326,4,,,Konawe Kepulauan,Sulawesi Tenggara,,0,Konawe,,2017-07,0.0869824326352349,7,0.0869824326352349,VIIRS DNB,nW/cm2/sr,2017,"{""type"":""MultiPoint"",""coordinates"":[]}"
42_0000000000000000000b,BA03050040,,,,,,,74.09,74,4219.81180817,TASWIL5000020230907KABKOTA,Konawe Utara,,0.343408045869,6.15591332033,4326,4,,,Konawe Utara,Sulawesi Tenggara,,0,Konawe,,2017-07,0.10264008985764099,7,0.10264008985764099,VIIRS DNB,nW/cm2/sr,2017,"{""type"":""MultiPoint"",""coordinates"":[]}"
42_00000000000000000004,BA03050040,,,,,,,74.10,74,1755.8292261,TASWIL5000020230907KABKOTA,Buton Utara,,0.143115018242,4.67921811895,4326,4,,,Buton Utara,Sulawesi Tenggara,,0,Muna,,2017-07,0.07516029686750436,7,0.07516029686750436,VIIRS DNB,nW/cm2/sr,2017,"{""type"":""MultiPoint"",""coordinates"":[]}"
42_0000000000000000000f,BA03050040,,,,,,,74.13,74,818.701593571,TASWIL5000020230907KABKOTA,Muna Barat,,0.0667415576998,2.65906981122,4326,4,,,Muna Barat,Sulawesi Tenggara,,0,Muna,,2017-07,0.1631833882615274,7,0.1631833882615274,VIIRS DNB,nW/cm2/sr,2017,"{""type"":""MultiPoint"",""coordinates"":[]}"
42_00000000000000000013,BA03050040,,,,,,,74.13,74,0.273099429049,TASWIL5000020230907KABKOTA,Muna Barat,Wilayah terapung,2.22679841875E-5,0.0295594995644,4326,4,,,Muna Barat,Sulawesi Tenggara,,0,Muna,,2017-07,0.12439815291213642,7,0.12439815291213642,VIIRS DNB,nW/cm2/sr,2017,"{""type"":""MultiPoint"",""coordinates"":[]}"
42_00000000000000000014,BA03050040,,,,,,,74.10,74,0.0480497061255,TASWIL5000020230907KABKOTA,Buton Utara,Wilayah terapung,3.9169026899E-6,0.0168384250334,4326,4,,,Buton Utara,Sulawesi Tenggara,,0,Muna,,2017-07,0.39752320306641714,7,0.39752320306641714,VIIRS DNB,nW/cm2/sr,2017,"{""type"":""MultiPoint"",""coordinates"":[]}"
43_00000000000000000001,BA03050040,,,,,,,74.04,74,1669.32863016,TASWIL5000020230907KABKOTA,Buton,,0.136188299866,3.04087674144,4326,4,,,Buton,Sulawesi Tenggara,,0,,,2017-08,0.09499237205045996,8,0.09499237205045996,VIIRS DNB,nW/cm2/sr,2017,"{""type"":""MultiPoint"",""coordinates"":[]}"
43_00000000000000000005,BA03050040,,,,,,,74.01,74,2958.9208572,TASWIL5000020230907KABKOTA,Kolaka,,0.240980839474,5.39527306777,4326,4,,,Kolaka,Sulawesi Tenggara,,0,,,2017-08,0.16732654050236495,8,0.16732654050236495,VIIRS DNB,nW/cm2/sr,2017,"{""type"":""MultiPoint"",""coordinates"":[]}"
43_00000000000000000008,BA03050040,,,,,,,74.02,74,5351.85263389,TASWIL5000020230907KABKOTA,Konawe,,0.435602118514,6.84601568998,4326,4,,,Konawe,Sulawesi Tenggara,,0,,,2017-08,0.17507146285017983,8,0.17507146285017983,VIIRS DNB,nW/cm2/sr,2017,"{""type"":""MultiPoint"",""coordinates"":[]}"
43_0000000000000000000e,BA03050040,,,,,,,74.03,74,1858.09481163,TASWIL5000020230907KABKOTA,Muna,,0.151502694674,5.32849464874,4326,4,,,Muna,Sulawesi Tenggara,,0,,,2017-08,0.12391366478324013,8,0.12391366478324013,VIIRS DNB,nW/cm2/sr,2017,"{""type"":""MultiPoint"",""coordinates"":[]}"
43_00000000000000000015,BA03050040,,,,,,,74.03,74,0.17024708351,TASWIL5000020230907KABKOTA,Muna,Wilayah terapung,1.38839187565E-5,0.039960941818,4326,4,,,Muna,Sulawesi Tenggara,,0,,,2017-08,0.1309100760286943,8,0.1309100760286943,VIIRS DNB,nW/cm2/sr,2017,"{""type"":""MultiPoint"",""coordinates"":[]}"
43_00000000000000000016,BA03050040,,,,,,,74.04,74,0.188157250699,TASWIL5000020230907KABKOTA,Buton,Wilayah terapung,1.53526521797E-5,0.0397338812277,4326,4,,,Buton,Sulawesi Tenggara,,0,,,2017-08,0.34655549280021514,8,0.34655549280021514,VIIRS DNB,nW/cm2/sr,2017,"{""type"":""MultiPoint"",""coordinates"":[]}"
43_00000000000000000000,BA03050040,,,,,,,74.06,74,3293.96639913,TASWIL5000020230907KABKOTA,Bombana,,0.268524880662,5.47167246052,4326,4,,,Bombana,Sulawesi Tenggara,,0,Buton,,2017-08,0.08798284812579069,8,0.08798284812579069,VIIRS DNB,nW/cm2/sr,2017,"{""type"":""MultiPoint"",""coordinates"":[]}"
43_00000000000000000002,BA03050040,,,,,,,74.15,74,517.631463505,TASWIL5000020230907KABKOTA,Buton Selatan,,0.042249508051,1.85498741345,4326,4,,,Buton Selatan,Sulawesi Tenggara,,0,Buton,,2017-08,0.14085313505588012,8,0.14085313505588012,VIIRS DNB,nW/cm2/sr,2017,"{""type"":""MultiPoint"",""coordinates"":[]}"
43_00000000000000000003,BA03050040,,,,,,,74.14,74,836.955797791,TASWIL5000020230907KABKOTA,Buton Tengah,,0.0682810706644,2.98412837401,4326,4,,,Buton Tengah,Sulawesi Tenggara,,0,Buton,,2017-08,0.1124184500785293,8,0.1124184500785293,VIIRS DNB,nW/cm2/sr,2017,"{""type"":""MultiPoint"",""coordinates"":[]}"
43_0000000000000000000c,BA03050040,,,,,,,74.72,74,294.137423231,TASWIL5000020230907KABKOTA,Kota Bau Bau,,0.0240007870008,0.955179337168,4326,5,,,Kota Bau Bau,Sulawesi Tenggara,,0,Buton,,2017-08,0.6980238531137141,8,0.6980238531137141,VIIRS DNB,nW/cm2/sr,2017,"{""type"":""MultiPoint"",""coordinates"":[]}"
43_00000000000000000010,BA03050040,,,,,,,74.07,74,450.455914283,TASWIL5000020230907KABKOTA,Wakatobi,,0.0367648905913,3.71804674371,4326,4,,,Wakatobi,Sulawesi Tenggara,,0,Buton,,2017-08,0.23512088528130115,8,0.23512088528130115,VIIRS DNB,nW/cm2/sr,2017,"{""type"":""MultiPoint"",""coordinates"":[]}"
43_00000000000000000011,BA03050040,,,,,,,74.07,74,0.253355482028,TASWIL5000020230907KABKOTA,Wakatobi,Wilayah terapung,2.06703594498E-5,0.0291924563304,4326,4,,,Wakatobi,Sulawesi Tenggara,,0,Buton,,2017-08,1.8772522922634158,8,1.8772522922634158,VIIRS DNB,nW/cm2/sr,2017,"{""type"":""MultiPoint"",""coordinates"":[]}"
43_00000000000000000012,BA03050040,,,,,,,74.07,74,4.12006083394,TASWIL5000020230907KABKOTA,Wakatobi,Wilayah terapung,3.36232999688E-4,0.124432278786,4326,4,,,Wakatobi,Sulawesi Tenggara,,0,Buton,,2017-08,0.13557790646362589,8,0.13557790646362589,VIIRS DNB,nW/cm2/sr,2017,"{""type"":""MultiPoint"",""coordinates"":[]}"
43_0000000000000000000a,BA03050040,,,,,,,74.05,74,4237.74051506,TASWIL5000020230907KABKOTA,Konawe Selatan,,0.345208073275,5.59324280043,4326,4,,,Konawe Selatan,Sulawesi Tenggara,,0,Kendari,,2017-08,0.15064365557896084,8,0.15064365557896084,VIIRS DNB,nW/cm2/sr,2017,"{""type"":""MultiPoint"",""coordinates"":[]}"
43_0000000000000000000d,BA03050040,,,,,,,74.71,74,265.790696582,TASWIL5000020230907KABKOTA,Kota Kendari,,0.0216443348271,1.21929531969,4326,5,,,Kota Kendari,Sulawesi Tenggara,,0,Kendari,,2017-08,2.2031239562057783,8,2.2031239562057783,VIIRS DNB,nW/cm2/sr,2017,"{""type"":""MultiPoint"",""coordinates"":[]}"
43_00000000000000000006,BA03050040,,,,,,,74.11,74,3992.53107078,TASWIL5000020230907KABKOTA,Kolaka Timur,,0.325055960897,4.62416724675,4326,4,,,Kolaka Timur,Sulawesi Tenggara,,0,Kolaka,,2017-08,0.10494173571228696,8,0.10494173571228696,VIIRS DNB,nW/cm2/sr,2017,"{""type"":""MultiPoint"",""coordinates"":[]}"
43_00000000000000000007,BA03050040,,,,,,,74.08,74,2932.25192061,TASWIL5000020230907KABKOTA,Kolaka Utara,,0.238597308701,3.90865020949,4326,4,,,Kolaka Utara,Sulawesi Tenggara,,0,Kolaka,,2017-08,0.10083572443825829,8,0.10083572443825829,VIIRS DNB,nW/cm2/sr,2017,"{""type"":""MultiPoint"",""coordinates"":[]}"
43_00000000000000000009,BA03050040,,,,,,,74.12,74,705.711010277,TASWIL5000020230907KABKOTA,Konawe Kepulauan,,0.0574768178025,1.17136047971,4326,4,,,Konawe Kepulauan,Sulawesi Tenggara,,0,Konawe,,2017-08,0.09162808262465282,8,0.09162808262465282,VIIRS DNB,nW/cm2/sr,2017,"{""type"":""MultiPoint"",""coordinates"":[]}"
43_0000000000000000000b,BA03050040,,,,,,,74.09,74,4219.81180817,TASWIL5000020230907KABKOTA,Konawe Utara,,0.343408045869,6.15591332033,4326,4,,,Konawe Utara,Sulawesi Tenggara,,0,Konawe,,2017-08,0.10302106292631528,8,0.10302106292631528,VIIRS DNB,nW/cm2/sr,2017,"{""type"":""MultiPoint"",""coordinates"":[]}"
43_00000000000000000004,BA03050040,,,,,,,74.10,74,1755.8292261,TASWIL5000020230907KABKOTA,Buton Utara,,0.143115018242,4.67921811895,4326,4,,,Buton Utara,Sulawesi Tenggara,,0,Muna,,2017-08,0.07467926298376398,8,0.07467926298376398,VIIRS DNB,nW/cm2/sr,2017,"{""type"":""MultiPoint"",""coordinates"":[]}"
43_0000000000000000000f,BA03050040,,,,,,,74.13,74,818.701593571,TASWIL5000020230907KABKOTA,Muna Barat,,0.0667415576998,2.65906981122,4326,4,,,Muna Barat,Sulawesi Tenggara,,0,Muna,,2017-08,0.11033044058756229,8,0.11033044058756229,VIIRS DNB,nW/cm2/sr,2017,"{""type"":""MultiPoint"",""coordinates"":[]}"
43_00000000000000000013,BA03050040,,,,,,,74.13,74,0.273099429049,TASWIL5000020230907KABKOTA,Muna Barat,Wilayah terapung,2.22679841875E-5,0.0295594995644,4326,4,,,Muna Barat,Sulawesi Tenggara,,0,Muna,,2017-08,0.1073399651459408,8,0.1073399651459408,VIIRS DNB,nW/cm2/sr,2017,"{""type"":""MultiPoint"",""coordinates"":[]}"
43_00000000000000000014,BA03050040,,,,,,,74.10,74,0.0480497061255,TASWIL5000020230907KABKOTA,Buton Utara,Wilayah terapung,3.9169026899E-6,0.0168384250334,4326,4,,,Buton Utara,Sulawesi Tenggara,,0,Muna,,2017-08,0.662266458783831,8,0.662266458783831,VIIRS DNB,nW/cm2/sr,2017,"{""type"":""MultiPoint"",""coordinates"":[]}"
44_00000000000000000001,BA03050040,,,,,,,74.04,74,1669.32863016,TASWIL5000020230907KABKOTA,Buton,,0.136188299866,3.04087674144,4326,4,,,Buton,Sulawesi Tenggara,,0,,,2017-09,0.23940816409151083,9,0.23940816409151083,VIIRS DNB,nW/cm2/sr,2017,"{""type"":""MultiPoint"",""coordinates"":[]}"
44_00000000000000000005,BA03050040,,,,,,,74.01,74,2958.9208572,TASWIL5000020230907KABKOTA,Kolaka,,0.240980839474,5.39527306777,4326,4,,,Kolaka,Sulawesi Tenggara,,0,,,2017-09,0.3026011762603832,9,0.3026011762603832,VIIRS DNB,nW/cm2/sr,2017,"{""type"":""MultiPoint"",""coordinates"":[]}"
44_00000000000000000008,BA03050040,,,,,,,74.02,74,5351.85263389,TASWIL5000020230907KABKOTA,Konawe,,0.435602118514,6.84601568998,4326,4,,,Konawe,Sulawesi Tenggara,,0,,,2017-09,0.2534608223094903,9,0.2534608223094903,VIIRS DNB,nW/cm2/sr,2017,"{""type"":""MultiPoint"",""coordinates"":[]}"
44_0000000000000000000e,BA03050040,,,,,,,74.03,74,1858.09481163,TASWIL5000020230907KABKOTA,Muna,,0.151502694674,5.32849464874,4326,4,,,Muna,Sulawesi Tenggara,,0,,,2017-09,0.26061400996117845,9,0.26061400996117845,VIIRS DNB,nW/cm2/sr,2017,"{""type"":""MultiPoint"",""coordinates"":[]}"
44_00000000000000000015,BA03050040,,,,,,,74.03,74,0.17024708351,TASWIL5000020230907KABKOTA,Muna,Wilayah terapung,1.38839187565E-5,0.039960941818,4326,4,,,Muna,Sulawesi Tenggara,,0,,,2017-09,0.3200809021044329,9,0.3200809021044329,VIIRS DNB,nW/cm2/sr,2017,"{""type"":""MultiPoint"",""coordinates"":[]}"
44_00000000000000000016,BA03050040,,,,,,,74.04,74,0.188157250699,TASWIL5000020230907KABKOTA,Buton,Wilayah terapung,1.53526521797E-5,0.0397338812277,4326,4,,,Buton,Sulawesi Tenggara,,0,,,2017-09,0.42860411965976597,9,0.42860411965976597,VIIRS DNB,nW/cm2/sr,2017,"{""type"":""MultiPoint"",""coordinates"":[]}"
44_00000000000000000000,BA03050040,,,,,,,74.06,74,3293.96639913,TASWIL5000020230907KABKOTA,Bombana,,0.268524880662,5.47167246052,4326,4,,,Bombana,Sulawesi Tenggara,,0,Buton,,2017-09,0.23256970779264846,9,0.23256970779264846,VIIRS DNB,nW/cm2/sr,2017,"{""type"":""MultiPoint"",""coordinates"":[]}"
44_00000000000000000002,BA03050040,,,,,,,74.15,74,517.631463505,TASWIL5000020230907KABKOTA,Buton Selatan,,0.042249508051,1.85498741345,4326,4,,,Buton Selatan,Sulawesi Tenggara,,0,Buton,,2017-09,0.2895250513307399,9,0.2895250513307399,VIIRS DNB,nW/cm2/sr,2017,"{""type"":""MultiPoint"",""coordinates"":[]}"
44_00000000000000000003,BA03050040,,,,,,,74.14,74,836.955797791,TASWIL5000020230907KABKOTA,Buton Tengah,,0.0682810706644,2.98412837401,4326,4,,,Buton Tengah,Sulawesi Tenggara,,0,Buton,,2017-09,0.25602273872182785,9,0.25602273872182785,VIIRS DNB,nW/cm2/sr,2017,"{""type"":""MultiPoint"",""coordinates"":[]}"
44_0000000000000000000c,BA03050040,,,,,,,74.72,74,294.137423231,TASWIL5000020230907KABKOTA,Kota Bau Bau,,0.0240007870008,0.955179337168,4326,5,,,Kota Bau Bau,Sulawesi Tenggara,,0,Buton,,2017-09,0.7692522901131864,9,0.7692522901131864,VIIRS DNB,nW/cm2/sr,2017,"{""type"":""MultiPoint"",""coordinates"":[]}"
44_00000000000000000010,BA03050040,,,,,,,74.07,74,450.455914283,TASWIL5000020230907KABKOTA,Wakatobi,,0.0367648905913,3.71804674371,4326,4,,,Wakatobi,Sulawesi Tenggara,,0,Buton,,2017-09,0.3113453057062894,9,0.3113453057062894,VIIRS DNB,nW/cm2/sr,2017,"{""type"":""MultiPoint"",""coordinates"":[]}"
44_00000000000000000011,BA03050040,,,,,,,74.07,74,0.253355482028,TASWIL5000020230907KABKOTA,Wakatobi,Wilayah terapung,2.06703594498E-5,0.0291924563304,4326,4,,,Wakatobi,Sulawesi Tenggara,,0,Buton,,2017-09,1.9540090288302694,9,1.9540090288302694,VIIRS DNB,nW/cm2/sr,2017,"{""type"":""MultiPoint"",""coordinates"":[]}"
44_00000000000000000012,BA03050040,,,,,,,74.07,74,4.12006083394,TASWIL5000020230907KABKOTA,Wakatobi,Wilayah terapung,3.36232999688E-4,0.124432278786,4326,4,,,Wakatobi,Sulawesi Tenggara,,0,Buton,,2017-09,0.28374805134429043,9,0.28374805134429043,VIIRS DNB,nW/cm2/sr,2017,"{""type"":""MultiPoint"",""coordinates"":[]}"
44_0000000000000000000a,BA03050040,,,,,,,74.05,74,4237.74051506,TASWIL5000020230907KABKOTA,Konawe Selatan,,0.345208073275,5.59324280043,4326,4,,,Konawe Selatan,Sulawesi Tenggara,,0,Kendari,,2017-09,0.27807153912669696,9,0.27807153912669696,VIIRS DNB,nW/cm2/sr,2017,"{""type"":""MultiPoint"",""coordinates"":[]}"
44_0000000000000000000d,BA03050040,,,,,,,74.71,74,265.790696582,TASWIL5000020230907KABKOTA,Kota Kendari,,0.0216443348271,1.21929531969,4326,5,,,Kota Kendari,Sulawesi Tenggara,,0,Kendari,,2017-09,2.2742797155689227,9,2.2742797155689227,VIIRS DNB,nW/cm2/sr,2017,"{""type"":""MultiPoint"",""coordinates"":[]}"
44_00000000000000000006,BA03050040,,,,,,,74.11,74,3992.53107078,TASWIL5000020230907KABKOTA,Kolaka Timur,,0.325055960897,4.62416724675,4326,4,,,Kolaka Timur,Sulawesi Tenggara,,0,Kolaka,,2017-09,0.22582089764552904,9,0.22582089764552904,VIIRS DNB,nW/cm2/sr,2017,"{""type"":""MultiPoint"",""coordinates"":[]}"
44_00000000000000000007,BA03050040,,,,,,,74.08,74,2932.25192061,TASWIL5000020230907KABKOTA,Kolaka Utara,,0.238597308701,3.90865020949,4326,4,,,Kolaka Utara,Sulawesi Tenggara,,0,Kolaka,,2017-09,0.21880791979114747,9,0.21880791979114747,VIIRS DNB,nW/cm2/sr,2017,"{""type"":""MultiPoint"",""coordinates"":[]}"
44_00000000000000000009,BA03050040,,,,,,,74.12,74,705.711010277,TASWIL5000020230907KABKOTA,Konawe Kepulauan,,0.0574768178025,1.17136047971,4326,4,,,Konawe Kepulauan,Sulawesi Tenggara,,0,Konawe,,2017-09,0.2266318087416087,9,0.2266318087416087,VIIRS DNB,nW/cm2/sr,2017,"{""type"":""MultiPoint"",""coordinates"":[]}"
44_0000000000000000000b,BA03050040,,,,,,,74.09,74,4219.81180817,TASWIL5000020230907KABKOTA,Konawe Utara,,0.343408045869,6.15591332033,4326,4,,,Konawe Utara,Sulawesi Tenggara,,0,Konawe,,2017-09,0.22831856253405342,9,0.22831856253405342,VIIRS DNB,nW/cm2/sr,2017,"{""type"":""MultiPoint"",""coordinates"":[]}"
44_00000000000000000004,BA03050040,,,,,,,74.10,74,1755.8292261,TASWIL5000020230907KABKOTA,Buton Utara,,0.143115018242,4.67921811895,4326,4,,,Buton Utara,Sulawesi Tenggara,,0,Muna,,2017-09,0.2181414319752646,9,0.2181414319752646,VIIRS DNB,nW/cm2/sr,2017,"{""type"":""MultiPoint"",""coordinates"":[]}"
44_0000000000000000000f,BA03050040,,,,,,,74.13,74,818.701593571,TASWIL5000020230907KABKOTA,Muna Barat,,0.0667415576998,2.65906981122,4326,4,,,Muna Barat,Sulawesi Tenggara,,0,Muna,,2017-09,0.24447592235927143,9,0.24447592235927143,VIIRS DNB,nW/cm2/sr,2017,"{""type"":""MultiPoint"",""coordinates"":[]}"
44_00000000000000000013,BA03050040,,,,,,,74.13,74,0.273099429049,TASWIL5000020230907KABKOTA,Muna Barat,Wilayah terapung,2.22679841875E-5,0.0295594995644,4326,4,,,Muna Barat,Sulawesi Tenggara,,0,Muna,,2017-09,0.18439171820986572,9,0.18439171820986572,VIIRS DNB,nW/cm2/sr,2017,"{""type"":""MultiPoint"",""coordinates"":[]}"
44_00000000000000000014,BA03050040,,,,,,,74.10,74,0.0480497061255,TASWIL5000020230907KABKOTA,Buton Utara,Wilayah terapung,3.9169026899E-6,0.0168384250334,4326,4,,,Buton Utara,Sulawesi Tenggara,,0,Muna,,2017-09,0.6435664934771402,9,0.6435664934771402,VIIRS DNB,nW/cm2/sr,2017,"{""type"":""MultiPoint"",""coordinates"":[]}"
45_00000000000000000001,BA03050040,,,,,,,74.04,74,1669.32863016,TASWIL5000020230907KABKOTA,Buton,,0.136188299866,3.04087674144,4326,4,,,Buton,Sulawesi Tenggara,,0,,,2017-10,0.25592099915098343,10,0.25592099915098343,VIIRS DNB,nW/cm2/sr,2017,"{""type"":""MultiPoint"",""coordinates"":[]}"
45_00000000000000000005,BA03050040,,,,,,,74.01,74,2958.9208572,TASWIL5000020230907KABKOTA,Kolaka,,0.240980839474,5.39527306777,4326,4,,,Kolaka,Sulawesi Tenggara,,0,,,2017-10,0.3597825161211016,10,0.3597825161211016,VIIRS DNB,nW/cm2/sr,2017,"{""type"":""MultiPoint"",""coordinates"":[]}"
45_00000000000000000008,BA03050040,,,,,,,74.02,74,5351.85263389,TASWIL5000020230907KABKOTA,Konawe,,0.435602118514,6.84601568998,4326,4,,,Konawe,Sulawesi Tenggara,,0,,,2017-10,0.2794772096447587,10,0.2794772096447587,VIIRS DNB,nW/cm2/sr,2017,"{""type"":""MultiPoint"",""coordinates"":[]}"
45_0000000000000000000e,BA03050040,,,,,,,74.03,74,1858.09481163,TASWIL5000020230907KABKOTA,Muna,,0.151502694674,5.32849464874,4326,4,,,Muna,Sulawesi Tenggara,,0,,,2017-10,0.2863595994655124,10,0.2863595994655124,VIIRS DNB,nW/cm2/sr,2017,"{""type"":""MultiPoint"",""coordinates"":[]}"
45_00000000000000000015,BA03050040,,,,,,,74.03,74,0.17024708351,TASWIL5000020230907KABKOTA,Muna,Wilayah terapung,1.38839187565E-5,0.039960941818,4326,4,,,Muna,Sulawesi Tenggara,,0,,,2017-10,0.22063583979716878,10,0.22063583979716878,VIIRS DNB,nW/cm2/sr,2017,"{""type"":""MultiPoint"",""coordinates"":[]}"
45_00000000000000000016,BA03050040,,,,,,,74.04,74,0.188157250699,TASWIL5000020230907KABKOTA,Buton,Wilayah terapung,1.53526521797E-5,0.0397338812277,4326,4,,,Buton,Sulawesi Tenggara,,0,,,2017-10,0.5653260981907017,10,0.5653260981907017,VIIRS DNB,nW/cm2/sr,2017,"{""type"":""MultiPoint"",""coordinates"":[]}"
45_00000000000000000000,BA03050040,,,,,,,74.06,74,3293.96639913,TASWIL5000020230907KABKOTA,Bombana,,0.268524880662,5.47167246052,4326,4,,,Bombana,Sulawesi Tenggara,,0,Buton,,2017-10,0.27675121820807547,10,0.27675121820807547,VIIRS DNB,nW/cm2/sr,2017,"{""type"":""MultiPoint"",""coordinates"":[]}"
45_00000000000000000002,BA03050040,,,,,,,74.15,74,517.631463505,TASWIL5000020230907KABKOTA,Buton Selatan,,0.042249508051,1.85498741345,4326,4,,,Buton Selatan,Sulawesi Tenggara,,0,Buton,,2017-10,0.32705967953107695,10,0.32705967953107695,VIIRS DNB,nW/cm2/sr,2017,"{""type"":""MultiPoint"",""coordinates"":[]}"
45_00000000000000000003,BA03050040,,,,,,,74.14,74,836.955797791,TASWIL5000020230907KABKOTA,Buton Tengah,,0.0682810706644,2.98412837401,4326,4,,,Buton Tengah,Sulawesi Tenggara,,0,Buton,,2017-10,0.28995543921360284,10,0.28995543921360284,VIIRS DNB,nW/cm2/sr,2017,"{""type"":""MultiPoint"",""coordinates"":[]}"
45_0000000000000000000c,BA03050040,,,,,,,74.72,74,294.137423231,TASWIL5000020230907KABKOTA,Kota Bau Bau,,0.0240007870008,0.955179337168,4326,5,,,Kota Bau Bau,Sulawesi Tenggara,,0,Buton,,2017-10,0.861977792290104,10,0.861977792290104,VIIRS DNB,nW/cm2/sr,2017,"{""type"":""MultiPoint"",""coordinates"":[]}"
45_00000000000000000010,BA03050040,,,,,,,74.07,74,450.455914283,TASWIL5000020230907KABKOTA,Wakatobi,,0.0367648905913,3.71804674371,4326,4,,,Wakatobi,Sulawesi Tenggara,,0,Buton,,2017-10,0.33621285091727116,10,0.33621285091727116,VIIRS DNB,nW/cm2/sr,2017,"{""type"":""MultiPoint"",""coordinates"":[]}"
45_00000000000000000011,BA03050040,,,,,,,74.07,74,0.253355482028,TASWIL5000020230907KABKOTA,Wakatobi,Wilayah terapung,2.06703594498E-5,0.0291924563304,4326,4,,,Wakatobi,Sulawesi Tenggara,,0,Buton,,2017-10,2.0881783319998157,10,2.0881783319998157,VIIRS DNB,nW/cm2/sr,2017,"{""type"":""MultiPoint"",""coordinates"":[]}"
45_00000000000000000012,BA03050040,,,,,,,74.07,74,4.12006083394,TASWIL5000020230907KABKOTA,Wakatobi,Wilayah terapung,3.36232999688E-4,0.124432278786,4326,4,,,Wakatobi,Sulawesi Tenggara,,0,Buton,,2017-10,0.2776568028101554,10,0.2776568028101554,VIIRS DNB,nW/cm2/sr,2017,"{""type"":""MultiPoint"",""coordinates"":[]}"
45_0000000000000000000a,BA03050040,,,,,,,74.05,74,4237.74051506,TASWIL5000020230907KABKOTA,Konawe Selatan,,0.345208073275,5.59324280043,4326,4,,,Konawe Selatan,Sulawesi Tenggara,,0,Kendari,,2017-10,0.31571311529971446,10,0.31571311529971446,VIIRS DNB,nW/cm2/sr,2017,"{""type"":""MultiPoint"",""coordinates"":[]}"
45_0000000000000000000d,BA03050040,,,,,,,74.71,74,265.790696582,TASWIL5000020230907KABKOTA,Kota Kendari,,0.0216443348271,1.21929531969,4326,5,,,Kota Kendari,Sulawesi Tenggara,,0,Kendari,,2017-10,2.617479393045994,10,2.617479393045994,VIIRS DNB,nW/cm2/sr,2017,"{""type"":""MultiPoint"",""coordinates"":[]}"
45_00000000000000000006,BA03050040,,,,,,,74.11,74,3992.53107078,TASWIL5000020230907KABKOTA,Kolaka Timur,,0.325055960897,4.62416724675,4326,4,,,Kolaka Timur,Sulawesi Tenggara,,0,Kolaka,,2017-10,0.23611171575328607,10,0.23611171575328607,VIIRS DNB,nW/cm2/sr,2017,"{""type"":""MultiPoint"",""coordinates"":[]}"
45_00000000000000000007,BA03050040,,,,,,,74.08,74,2932.25192061,TASWIL5000020230907KABKOTA,Kolaka Utara,,0.238597308701,3.90865020949,4326,4,,,Kolaka Utara,Sulawesi Tenggara,,0,Kolaka,,2017-10,0.20177599916861644,10,0.20177599916861644,VIIRS DNB,nW/cm2/sr,2017,"{""type"":""MultiPoint"",""coordinates"":[]}"
45_00000000000000000009,BA03050040,,,,,,,74.12,74,705.711010277,TASWIL5000020230907KABKOTA,Konawe Kepulauan,,0.0574768178025,1.17136047971,4326,4,,,Konawe Kepulauan,Sulawesi Tenggara,,0,Konawe,,2017-10,0.24160798928282118,10,0.24160798928282118,VIIRS DNB,nW/cm2/sr,2017,"{""type"":""MultiPoint"",""coordinates"":[]}"
45_0000000000000000000b,BA03050040,,,,,,,74.09,74,4219.81180817,TASWIL5000020230907KABKOTA,Konawe Utara,,0.343408045869,6.15591332033,4326,4,,,Konawe Utara,Sulawesi Tenggara,,0,Konawe,,2017-10,0.2406358959858324,10,0.2406358959858324,VIIRS DNB,nW/cm2/sr,2017,"{""type"":""MultiPoint"",""coordinates"":[]}"
45_00000000000000000004,BA03050040,,,,,,,74.10,74,1755.8292261,TASWIL5000020230907KABKOTA,Buton Utara,,0.143115018242,4.67921811895,4326,4,,,Buton Utara,Sulawesi Tenggara,,0,Muna,,2017-10,0.23648148660097504,10,0.23648148660097504,VIIRS DNB,nW/cm2/sr,2017,"{""type"":""MultiPoint"",""coordinates"":[]}"
45_0000000000000000000f,BA03050040,,,,,,,74.13,74,818.701593571,TASWIL5000020230907KABKOTA,Muna Barat,,0.0667415576998,2.65906981122,4326,4,,,Muna Barat,Sulawesi Tenggara,,0,Muna,,2017-10,0.28668068201767444,10,0.28668068201767444,VIIRS DNB,nW/cm2/sr,2017,"{""type"":""MultiPoint"",""coordinates"":[]}"
45_00000000000000000013,BA03050040,,,,,,,74.13,74,0.273099429049,TASWIL5000020230907KABKOTA,Muna Barat,Wilayah terapung,2.22679841875E-5,0.0295594995644,4326,4,,,Muna Barat,Sulawesi Tenggara,,0,Muna,,2017-10,0.23216606854101382,10,0.23216606854101382,VIIRS DNB,nW/cm2/sr,2017,"{""type"":""MultiPoint"",""coordinates"":[]}"
45_00000000000000000014,BA03050040,,,,,,,74.10,74,0.0480497061255,TASWIL5000020230907KABKOTA,Buton Utara,Wilayah terapung,3.9169026899E-6,0.0168384250334,4326,4,,,Buton Utara,Sulawesi Tenggara,,0,Muna,,2017-10,0.4971428556101663,10,0.4971428556101663,VIIRS DNB,nW/cm2/sr,2017,"{""type"":""MultiPoint"",""coordinates"":[]}"
46_00000000000000000001,BA03050040,,,,,,,74.04,74,1669.32863016,TASWIL5000020230907KABKOTA,Buton,,0.136188299866,3.04087674144,4326,4,,,Buton,Sulawesi Tenggara,,0,,,2017-11,0.19216760114236284,11,0.19216760114236284,VIIRS DNB,nW/cm2/sr,2017,"{""type"":""MultiPoint"",""coordinates"":[]}"
46_00000000000000000005,BA03050040,,,,,,,74.01,74,2958.9208572,TASWIL5000020230907KABKOTA,Kolaka,,0.240980839474,5.39527306777,4326,4,,,Kolaka,Sulawesi Tenggara,,0,,,2017-11,0.26689940465526285,11,0.26689940465526285,VIIRS DNB,nW/cm2/sr,2017,"{""type"":""MultiPoint"",""coordinates"":[]}"
46_00000000000000000008,BA03050040,,,,,,,74.02,74,5351.85263389,TASWIL5000020230907KABKOTA,Konawe,,0.435602118514,6.84601568998,4326,4,,,Konawe,Sulawesi Tenggara,,0,,,2017-11,0.2183166244364551,11,0.2183166244364551,VIIRS DNB,nW/cm2/sr,2017,"{""type"":""MultiPoint"",""coordinates"":[]}"
46_0000000000000000000e,BA03050040,,,,,,,74.03,74,1858.09481163,TASWIL5000020230907KABKOTA,Muna,,0.151502694674,5.32849464874,4326,4,,,Muna,Sulawesi Tenggara,,0,,,2017-11,0.1773927070544836,11,0.1773927070544836,VIIRS DNB,nW/cm2/sr,2017,"{""type"":""MultiPoint"",""coordinates"":[]}"
46_00000000000000000015,BA03050040,,,,,,,74.03,74,0.17024708351,TASWIL5000020230907KABKOTA,Muna,Wilayah terapung,1.38839187565E-5,0.039960941818,4326,4,,,Muna,Sulawesi Tenggara,,0,,,2017-11,0.12572254242666195,11,0.12572254242666195,VIIRS DNB,nW/cm2/sr,2017,"{""type"":""MultiPoint"",""coordinates"":[]}"
46_00000000000000000016,BA03050040,,,,,,,74.04,74,0.188157250699,TASWIL5000020230907KABKOTA,Buton,Wilayah terapung,1.53526521797E-5,0.0397338812277,4326,4,,,Buton,Sulawesi Tenggara,,0,,,2017-11,0.4963043356395287,11,0.4963043356395287,VIIRS DNB,nW/cm2/sr,2017,"{""type"":""MultiPoint"",""coordinates"":[]}"
46_00000000000000000000,BA03050040,,,,,,,74.06,74,3293.96639913,TASWIL5000020230907KABKOTA,Bombana,,0.268524880662,5.47167246052,4326,4,,,Bombana,Sulawesi Tenggara,,0,Buton,,2017-11,0.18108652716076226,11,0.18108652716076226,VIIRS DNB,nW/cm2/sr,2017,"{""type"":""MultiPoint"",""coordinates"":[]}"
46_00000000000000000002,BA03050040,,,,,,,74.15,74,517.631463505,TASWIL5000020230907KABKOTA,Buton Selatan,,0.042249508051,1.85498741345,4326,4,,,Buton Selatan,Sulawesi Tenggara,,0,Buton,,2017-11,0.25761673262066626,11,0.25761673262066626,VIIRS DNB,nW/cm2/sr,2017,"{""type"":""MultiPoint"",""coordinates"":[]}"
46_00000000000000000003,BA03050040,,,,,,,74.14,74,836.955797791,TASWIL5000020230907KABKOTA,Buton Tengah,,0.0682810706644,2.98412837401,4326,4,,,Buton Tengah,Sulawesi Tenggara,,0,Buton,,2017-11,0.21321453160935458,11,0.21321453160935458,VIIRS DNB,nW/cm2/sr,2017,"{""type"":""MultiPoint"",""coordinates"":[]}"
46_0000000000000000000c,BA03050040,,,,,,,74.72,74,294.137423231,TASWIL5000020230907KABKOTA,Kota Bau Bau,,0.0240007870008,0.955179337168,4326,5,,,Kota Bau Bau,Sulawesi Tenggara,,0,Buton,,2017-11,0.8854488001034735,11,0.8854488001034735,VIIRS DNB,nW/cm2/sr,2017,"{""type"":""MultiPoint"",""coordinates"":[]}"
46_00000000000000000010,BA03050040,,,,,,,74.07,74,450.455914283,TASWIL5000020230907KABKOTA,Wakatobi,,0.0367648905913,3.71804674371,4326,4,,,Wakatobi,Sulawesi Tenggara,,0,Buton,,2017-11,0.25088158780973085,11,0.25088158780973085,VIIRS DNB,nW/cm2/sr,2017,"{""type"":""MultiPoint"",""coordinates"":[]}"
46_00000000000000000011,BA03050040,,,,,,,74.07,74,0.253355482028,TASWIL5000020230907KABKOTA,Wakatobi,Wilayah terapung,2.06703594498E-5,0.0291924563304,4326,4,,,Wakatobi,Sulawesi Tenggara,,0,Buton,,2017-11,0.9124806259953699,11,0.9124806259953699,VIIRS DNB,nW/cm2/sr,2017,"{""type"":""MultiPoint"",""coordinates"":[]}"
46_00000000000000000012,BA03050040,,,,,,,74.07,74,4.12006083394,TASWIL5000020230907KABKOTA,Wakatobi,Wilayah terapung,3.36232999688E-4,0.124432278786,4326,4,,,Wakatobi,Sulawesi Tenggara,,0,Buton,,2017-11,0.11809704028819439,11,0.11809704028819439,VIIRS DNB,nW/cm2/sr,2017,"{""type"":""MultiPoint"",""coordinates"":[]}"
46_0000000000000000000a,BA03050040,,,,,,,74.05,74,4237.74051506,TASWIL5000020230907KABKOTA,Konawe Selatan,,0.345208073275,5.59324280043,4326,4,,,Konawe Selatan,Sulawesi Tenggara,,0,Kendari,,2017-11,0.20142698206806953,11,0.20142698206806953,VIIRS DNB,nW/cm2/sr,2017,"{""type"":""MultiPoint"",""coordinates"":[]}"
46_0000000000000000000d,BA03050040,,,,,,,74.71,74,265.790696582,TASWIL5000020230907KABKOTA,Kota Kendari,,0.0216443348271,1.21929531969,4326,5,,,Kota Kendari,Sulawesi Tenggara,,0,Kendari,,2017-11,1.9989875078350556,11,1.9989875078350556,VIIRS DNB,nW/cm2/sr,2017,"{""type"":""MultiPoint"",""coordinates"":[]}"
46_00000000000000000006,BA03050040,,,,,,,74.11,74,3992.53107078,TASWIL5000020230907KABKOTA,Kolaka Timur,,0.325055960897,4.62416724675,4326,4,,,Kolaka Timur,Sulawesi Tenggara,,0,Kolaka,,2017-11,0.16009135758784618,11,0.16009135758784618,VIIRS DNB,nW/cm2/sr,2017,"{""type"":""MultiPoint"",""coordinates"":[]}"
46_00000000000000000007,BA03050040,,,,,,,74.08,74,2932.25192061,TASWIL5000020230907KABKOTA,Kolaka Utara,,0.238597308701,3.90865020949,4326,4,,,Kolaka Utara,Sulawesi Tenggara,,0,Kolaka,,2017-11,0.18209794287726153,11,0.18209794287726153,VIIRS DNB,nW/cm2/sr,2017,"{""type"":""MultiPoint"",""coordinates"":[]}"
46_00000000000000000009,BA03050040,,,,,,,74.12,74,705.711010277,TASWIL5000020230907KABKOTA,Konawe Kepulauan,,0.0574768178025,1.17136047971,4326,4,,,Konawe Kepulauan,Sulawesi Tenggara,,0,Konawe,,2017-11,0.13447957231215715,11,0.13447957231215715,VIIRS DNB,nW/cm2/sr,2017,"{""type"":""MultiPoint"",""coordinates"":[]}"
46_0000000000000000000b,BA03050040,,,,,,,74.09,74,4219.81180817,TASWIL5000020230907KABKOTA,Konawe Utara,,0.343408045869,6.15591332033,4326,4,,,Konawe Utara,Sulawesi Tenggara,,0,Konawe,,2017-11,0.166939404422195,11,0.166939404422195,VIIRS DNB,nW/cm2/sr,2017,"{""type"":""MultiPoint"",""coordinates"":[]}"
46_00000000000000000004,BA03050040,,,,,,,74.10,74,1755.8292261,TASWIL5000020230907KABKOTA,Buton Utara,,0.143115018242,4.67921811895,4326,4,,,Buton Utara,Sulawesi Tenggara,,0,Muna,,2017-11,0.13246495381201803,11,0.13246495381201803,VIIRS DNB,nW/cm2/sr,2017,"{""type"":""MultiPoint"",""coordinates"":[]}"
46_0000000000000000000f,BA03050040,,,,,,,74.13,74,818.701593571,TASWIL5000020230907KABKOTA,Muna Barat,,0.0667415576998,2.65906981122,4326,4,,,Muna Barat,Sulawesi Tenggara,,0,Muna,,2017-11,0.17392503563494827,11,0.17392503563494827,VIIRS DNB,nW/cm2/sr,2017,"{""type"":""MultiPoint"",""coordinates"":[]}"
46_00000000000000000013,BA03050040,,,,,,,74.13,74,0.273099429049,TASWIL5000020230907KABKOTA,Muna Barat,Wilayah terapung,2.22679841875E-5,0.0295594995644,4326,4,,,Muna Barat,Sulawesi Tenggara,,0,Muna,,2017-11,0.17090252532694308,11,0.17090252532694308,VIIRS DNB,nW/cm2/sr,2017,"{""type"":""MultiPoint"",""coordinates"":[]}"
46_00000000000000000014,BA03050040,,,,,,,74.10,74,0.0480497061255,TASWIL5000020230907KABKOTA,Buton Utara,Wilayah terapung,3.9169026899E-6,0.0168384250334,4326,4,,,Buton Utara,Sulawesi Tenggara,,0,Muna,,2017-11,0.18857142754963468,11,0.18857142754963468,VIIRS DNB,nW/cm2/sr,2017,"{""type"":""MultiPoint"",""coordinates"":[]}"
47_00000000000000000001,BA03050040,,,,,,,74.04,74,1669.32863016,TASWIL5000020230907KABKOTA,Buton,,0.136188299866,3.04087674144,4326,4,,,Buton,Sulawesi Tenggara,,0,,,2017-12,0.30639711236974915,12,0.30639711236974915,VIIRS DNB,nW/cm2/sr,2017,"{""type"":""MultiPoint"",""coordinates"":[]}"
47_00000000000000000005,BA03050040,,,,,,,74.01,74,2958.9208572,TASWIL5000020230907KABKOTA,Kolaka,,0.240980839474,5.39527306777,4326,4,,,Kolaka,Sulawesi Tenggara,,0,,,2017-12,0.37623597802071823,12,0.37623597802071823,VIIRS DNB,nW/cm2/sr,2017,"{""type"":""MultiPoint"",""coordinates"":[]}"
47_00000000000000000008,BA03050040,,,,,,,74.02,74,5351.85263389,TASWIL5000020230907KABKOTA,Konawe,,0.435602118514,6.84601568998,4326,4,,,Konawe,Sulawesi Tenggara,,0,,,2017-12,0.3048471960243229,12,0.3048471960243229,VIIRS DNB,nW/cm2/sr,2017,"{""type"":""MultiPoint"",""coordinates"":[]}"
47_0000000000000000000e,BA03050040,,,,,,,74.03,74,1858.09481163,TASWIL5000020230907KABKOTA,Muna,,0.151502694674,5.32849464874,4326,4,,,Muna,Sulawesi Tenggara,,0,,,2017-12,0.3430756450806851,12,0.3430756450806851,VIIRS DNB,nW/cm2/sr,2017,"{""type"":""MultiPoint"",""coordinates"":[]}"
47_00000000000000000015,BA03050040,,,,,,,74.03,74,0.17024708351,TASWIL5000020230907KABKOTA,Muna,Wilayah terapung,1.38839187565E-5,0.039960941818,4326,4,,,Muna,Sulawesi Tenggara,,0,,,2017-12,0.40265895624381265,12,0.40265895624381265,VIIRS DNB,nW/cm2/sr,2017,"{""type"":""MultiPoint"",""coordinates"":[]}"
47_00000000000000000016,BA03050040,,,,,,,74.04,74,0.188157250699,TASWIL5000020230907KABKOTA,Buton,Wilayah terapung,1.53526521797E-5,0.0397338812277,4326,4,,,Buton,Sulawesi Tenggara,,0,,,2017-12,0.5291847887894383,12,0.5291847887894383,VIIRS DNB,nW/cm2/sr,2017,"{""type"":""MultiPoint"",""coordinates"":[]}"
47_00000000000000000000,BA03050040,,,,,,,74.06,74,3293.96639913,TASWIL5000020230907KABKOTA,Bombana,,0.268524880662,5.47167246052,4326,4,,,Bombana,Sulawesi Tenggara,,0,Buton,,2017-12,0.2902514261603417,12,0.2902514261603417,VIIRS DNB,nW/cm2/sr,2017,"{""type"":""MultiPoint"",""coordinates"":[]}"
47_00000000000000000002,BA03050040,,,,,,,74.15,74,517.631463505,TASWIL5000020230907KABKOTA,Buton Selatan,,0.042249508051,1.85498741345,4326,4,,,Buton Selatan,Sulawesi Tenggara,,0,Buton,,2017-12,0.2897678744895484,12,0.2897678744895484,VIIRS DNB,nW/cm2/sr,2017,"{""type"":""MultiPoint"",""coordinates"":[]}"
47_00000000000000000003,BA03050040,,,,,,,74.14,74,836.955797791,TASWIL5000020230907KABKOTA,Buton Tengah,,0.0682810706644,2.98412837401,4326,4,,,Buton Tengah,Sulawesi Tenggara,,0,Buton,,2017-12,0.3102212510231703,12,0.3102212510231703,VIIRS DNB,nW/cm2/sr,2017,"{""type"":""MultiPoint"",""coordinates"":[]}"
47_0000000000000000000c,BA03050040,,,,,,,74.72,74,294.137423231,TASWIL5000020230907KABKOTA,Kota Bau Bau,,0.0240007870008,0.955179337168,4326,5,,,Kota Bau Bau,Sulawesi Tenggara,,0,Buton,,2017-12,0.8791954805540905,12,0.8791954805540905,VIIRS DNB,nW/cm2/sr,2017,"{""type"":""MultiPoint"",""coordinates"":[]}"
47_00000000000000000010,BA03050040,,,,,,,74.07,74,450.455914283,TASWIL5000020230907KABKOTA,Wakatobi,,0.0367648905913,3.71804674371,4326,4,,,Wakatobi,Sulawesi Tenggara,,0,Buton,,2017-12,0.33931819959546977,12,0.33931819959546977,VIIRS DNB,nW/cm2/sr,2017,"{""type"":""MultiPoint"",""coordinates"":[]}"
47_00000000000000000011,BA03050040,,,,,,,74.07,74,0.253355482028,TASWIL5000020230907KABKOTA,Wakatobi,Wilayah terapung,2.06703594498E-5,0.0291924563304,4326,4,,,Wakatobi,Sulawesi Tenggara,,0,Buton,,2017-12,1.7244573806145396,12,1.7244573806145396,VIIRS DNB,nW/cm2/sr,2017,"{""type"":""MultiPoint"",""coordinates"":[]}"
47_00000000000000000012,BA03050040,,,,,,,74.07,74,4.12006083394,TASWIL5000020230907KABKOTA,Wakatobi,Wilayah terapung,3.36232999688E-4,0.124432278786,4326,4,,,Wakatobi,Sulawesi Tenggara,,0,Buton,,2017-12,0.2840946740476336,12,0.2840946740476336,VIIRS DNB,nW/cm2/sr,2017,"{""type"":""MultiPoint"",""coordinates"":[]}"
47_0000000000000000000a,BA03050040,,,,,,,74.05,74,4237.74051506,TASWIL5000020230907KABKOTA,Konawe Selatan,,0.345208073275,5.59324280043,4326,4,,,Konawe Selatan,Sulawesi Tenggara,,0,Kendari,,2017-12,0.34639308981108147,12,0.34639308981108147,VIIRS DNB,nW/cm2/sr,2017,"{""type"":""MultiPoint"",""coordinates"":[]}"
47_0000000000000000000d,BA03050040,,,,,,,74.71,74,265.790696582,TASWIL5000020230907KABKOTA,Kota Kendari,,0.0216443348271,1.21929531969,4326,5,,,Kota Kendari,Sulawesi Tenggara,,0,Kendari,,2017-12,2.653122537476229,12,2.653122537476229,VIIRS DNB,nW/cm2/sr,2017,"{""type"":""MultiPoint"",""coordinates"":[]}"
47_00000000000000000006,BA03050040,,,,,,,74.11,74,3992.53107078,TASWIL5000020230907KABKOTA,Kolaka Timur,,0.325055960897,4.62416724675,4326,4,,,Kolaka Timur,Sulawesi Tenggara,,0,Kolaka,,2017-12,0.2943331258243051,12,0.2943331258243051,VIIRS DNB,nW/cm2/sr,2017,"{""type"":""MultiPoint"",""coordinates"":[]}"
47_00000000000000000007,BA03050040,,,,,,,74.08,74,2932.25192061,TASWIL5000020230907KABKOTA,Kolaka Utara,,0.238597308701,3.90865020949,4326,4,,,Kolaka Utara,Sulawesi Tenggara,,0,Kolaka,,2017-12,0.19134856922795976,12,0.19134856922795976,VIIRS DNB,nW/cm2/sr,2017,"{""type"":""MultiPoint"",""coordinates"":[]}"
47_00000000000000000009,BA03050040,,,,,,,74.12,74,705.711010277,TASWIL5000020230907KABKOTA,Konawe Kepulauan,,0.0574768178025,1.17136047971,4326,4,,,Konawe Kepulauan,Sulawesi Tenggara,,0,Konawe,,2017-12,0.31717780760080394,12,0.31717780760080394,VIIRS DNB,nW/cm2/sr,2017,"{""type"":""MultiPoint"",""coordinates"":[]}"
47_0000000000000000000b,BA03050040,,,,,,,74.09,74,4219.81180817,TASWIL5000020230907KABKOTA,Konawe Utara,,0.343408045869,6.15591332033,4326,4,,,Konawe Utara,Sulawesi Tenggara,,0,Konawe,,2017-12,0.27165053200966816,12,0.27165053200966816,VIIRS DNB,nW/cm2/sr,2017,"{""type"":""MultiPoint"",""coordinates"":[]}"
47_00000000000000000004,BA03050040,,,,,,,74.10,74,1755.8292261,TASWIL5000020230907KABKOTA,Buton Utara,,0.143115018242,4.67921811895,4326,4,,,Buton Utara,Sulawesi Tenggara,,0,Muna,,2017-12,0.29674711147624533,12,0.29674711147624533,VIIRS DNB,nW/cm2/sr,2017,"{""type"":""MultiPoint"",""coordinates"":[]}"
47_0000000000000000000f,BA03050040,,,,,,,74.13,74,818.701593571,TASWIL5000020230907KABKOTA,Muna Barat,,0.0667415576998,2.65906981122,4326,4,,,Muna Barat,Sulawesi Tenggara,,0,Muna,,2017-12,0.3186223137044419,12,0.3186223137044419,VIIRS DNB,nW/cm2/sr,2017,"{""type"":""MultiPoint"",""coordinates"":[]}"
47_00000000000000000013,BA03050040,,,,,,,74.13,74,0.273099429049,TASWIL5000020230907KABKOTA,Muna Barat,Wilayah terapung,2.22679841875E-5,0.0295594995644,4326,4,,,Muna Barat,Sulawesi Tenggara,,0,Muna,,2017-12,0.35534296574790547,12,0.35534296574790547,VIIRS DNB,nW/cm2/sr,2017,"{""type"":""MultiPoint"",""coordinates"":[]}"
47_00000000000000000014,BA03050040,,,,,,,74.10,74,0.0480497061255,TASWIL5000020230907KABKOTA,Buton Utara,Wilayah terapung,3.9169026899E-6,0.0168384250334,4326,4,,,Buton Utara,Sulawesi Tenggara,,0,Muna,,2017-12,0.7457142855439868,12,0.7457142855439868,VIIRS DNB,nW/cm2/sr,2017,"{""type"":""MultiPoint"",""coordinates"":[]}"
48_00000000000000000001,BA03050040,,,,,,,74.04,74,1669.32863016,TASWIL5000020230907KABKOTA,Buton,,0.136188299866,3.04087674144,4326,4,,,Buton,Sulawesi Tenggara,,0,,,2018-01,0.1276593806561715,1,0.1276593806561715,VIIRS DNB,nW/cm2/sr,2018,"{""type"":""MultiPoint"",""coordinates"":[]}"
48_00000000000000000005,BA03050040,,,,,,,74.01,74,2958.9208572,TASWIL5000020230907KABKOTA,Kolaka,,0.240980839474,5.39527306777,4326,4,,,Kolaka,Sulawesi Tenggara,,0,,,2018-01,0.011557274850179784,1,0.011557274850179784,VIIRS DNB,nW/cm2/sr,2018,"{""type"":""MultiPoint"",""coordinates"":[]}"
48_00000000000000000008,BA03050040,,,,,,,74.02,74,5351.85263389,TASWIL5000020230907KABKOTA,Konawe,,0.435602118514,6.84601568998,4326,4,,,Konawe,Sulawesi Tenggara,,0,,,2018-01,7.899215408725847E-6,1,7.899215408725847E-6,VIIRS DNB,nW/cm2/sr,2018,"{""type"":""MultiPoint"",""coordinates"":[]}"
48_0000000000000000000e,BA03050040,,,,,,,74.03,74,1858.09481163,TASWIL5000020230907KABKOTA,Muna,,0.151502694674,5.32849464874,4326,4,,,Muna,Sulawesi Tenggara,,0,,,2018-01,0.0011540347975630952,1,0.0011540347975630952,VIIRS DNB,nW/cm2/sr,2018,"{""type"":""MultiPoint"",""coordinates"":[]}"
48_00000000000000000015,BA03050040,,,,,,,74.03,74,0.17024708351,TASWIL5000020230907KABKOTA,Muna,Wilayah terapung,1.38839187565E-5,0.039960941818,4326,4,,,Muna,Sulawesi Tenggara,,0,,,2018-01,0.0,1,0.0,VIIRS DNB,nW/cm2/sr,2018,"{""type"":""MultiPoint"",""coordinates"":[]}"
48_00000000000000000016,BA03050040,,,,,,,74.04,74,0.188157250699,TASWIL5000020230907KABKOTA,Buton,Wilayah terapung,1.53526521797E-5,0.0397338812277,4326,4,,,Buton,Sulawesi Tenggara,,0,,,2018-01,0.5324456523294036,1,0.5324456523294036,VIIRS DNB,nW/cm2/sr,2018,"{""type"":""MultiPoint"",""coordinates"":[]}"
48_00000000000000000000,BA03050040,,,,,,,74.06,74,3293.96639913,TASWIL5000020230907KABKOTA,Bombana,,0.268524880662,5.47167246052,4326,4,,,Bombana,Sulawesi Tenggara,,0,Buton,,2018-01,3.2381835902143973E-6,1,3.2381835902143973E-6,VIIRS DNB,nW/cm2/sr,2018,"{""type"":""MultiPoint"",""coordinates"":[]}"
48_00000000000000000002,BA03050040,,,,,,,74.15,74,517.631463505,TASWIL5000020230907KABKOTA,Buton Selatan,,0.042249508051,1.85498741345,4326,4,,,Buton Selatan,Sulawesi Tenggara,,0,Buton,,2018-01,0.0,1,0.0,VIIRS DNB,nW/cm2/sr,2018,"{""type"":""MultiPoint"",""coordinates"":[]}"
48_00000000000000000003,BA03050040,,,,,,,74.14,74,836.955797791,TASWIL5000020230907KABKOTA,Buton Tengah,,0.0682810706644,2.98412837401,4326,4,,,Buton Tengah,Sulawesi Tenggara,,0,Buton,,2018-01,0.001090493750354113,1,0.001090493750354113,VIIRS DNB,nW/cm2/sr,2018,"{""type"":""MultiPoint"",""coordinates"":[]}"
48_0000000000000000000c,BA03050040,,,,,,,74.72,74,294.137423231,TASWIL5000020230907KABKOTA,Kota Bau Bau,,0.0240007870008,0.955179337168,4326,5,,,Kota Bau Bau,Sulawesi Tenggara,,0,Buton,,2018-01,0.01927438350578645,1,0.01927438350578645,VIIRS DNB,nW/cm2/sr,2018,"{""type"":""MultiPoint"",""coordinates"":[]}"
48_00000000000000000010,BA03050040,,,,,,,74.07,74,450.455914283,TASWIL5000020230907KABKOTA,Wakatobi,,0.0367648905913,3.71804674371,4326,4,,,Wakatobi,Sulawesi Tenggara,,0,Buton,,2018-01,0.1532241399718677,1,0.1532241399718677,VIIRS DNB,nW/cm2/sr,2018,"{""type"":""MultiPoint"",""coordinates"":[]}"
48_00000000000000000011,BA03050040,,,,,,,74.07,74,0.253355482028,TASWIL5000020230907KABKOTA,Wakatobi,Wilayah terapung,2.06703594498E-5,0.0291924563304,4326,4,,,Wakatobi,Sulawesi Tenggara,,0,Buton,,2018-01,0.46139533852421966,1,0.46139533852421966,VIIRS DNB,nW/cm2/sr,2018,"{""type"":""MultiPoint"",""coordinates"":[]}"
48_00000000000000000012,BA03050040,,,,,,,74.07,74,4.12006083394,TASWIL5000020230907KABKOTA,Wakatobi,Wilayah terapung,3.36232999688E-4,0.124432278786,4326,4,,,Wakatobi,Sulawesi Tenggara,,0,Buton,,2018-01,0.12203786786138661,1,0.12203786786138661,VIIRS DNB,nW/cm2/sr,2018,"{""type"":""MultiPoint"",""coordinates"":[]}"
48_0000000000000000000a,BA03050040,,,,,,,74.05,74,4237.74051506,TASWIL5000020230907KABKOTA,Konawe Selatan,,0.345208073275,5.59324280043,4326,4,,,Konawe Selatan,Sulawesi Tenggara,,0,Kendari,,2018-01,0.0032909890607160657,1,0.0032909890607160657,VIIRS DNB,nW/cm2/sr,2018,"{""type"":""MultiPoint"",""coordinates"":[]}"
48_0000000000000000000d,BA03050040,,,,,,,74.71,74,265.790696582,TASWIL5000020230907KABKOTA,Kota Kendari,,0.0216443348271,1.21929531969,4326,5,,,Kota Kendari,Sulawesi Tenggara,,0,Kendari,,2018-01,0.0,1,0.0,VIIRS DNB,nW/cm2/sr,2018,"{""type"":""MultiPoint"",""coordinates"":[]}"
48_00000000000000000006,BA03050040,,,,,,,74.11,74,3992.53107078,TASWIL5000020230907KABKOTA,Kolaka Timur,,0.325055960897,4.62416724675,4326,4,,,Kolaka Timur,Sulawesi Tenggara,,0,Kolaka,,2018-01,9.88350121102176E-5,1,9.88350121102176E-5,VIIRS DNB,nW/cm2/sr,2018,"{""type"":""MultiPoint"",""coordinates"":[]}"
48_00000000000000000007,BA03050040,,,,,,,74.08,74,2932.25192061,TASWIL5000020230907KABKOTA,Kolaka Utara,,0.238597308701,3.90865020949,4326,4,,,Kolaka Utara,Sulawesi Tenggara,,0,Kolaka,,2018-01,0.0,1,0.0,VIIRS DNB,nW/cm2/sr,2018,"{""type"":""MultiPoint"",""coordinates"":[]}"
48_00000000000000000009,BA03050040,,,,,,,74.12,74,705.711010277,TASWIL5000020230907KABKOTA,Konawe Kepulauan,,0.0574768178025,1.17136047971,4326,4,,,Konawe Kepulauan,Sulawesi Tenggara,,0,Konawe,,2018-01,0.0,1,0.0,VIIRS DNB,nW/cm2/sr,2018,"{""type"":""MultiPoint"",""coordinates"":[]}"
48_0000000000000000000b,BA03050040,,,,,,,74.09,74,4219.81180817,TASWIL5000020230907KABKOTA,Konawe Utara,,0.343408045869,6.15591332033,4326,4,,,Konawe Utara,Sulawesi Tenggara,,0,Konawe,,2018-01,0.006009397424576276,1,0.006009397424576276,VIIRS DNB,nW/cm2/sr,2018,"{""type"":""MultiPoint"",""coordinates"":[]}"
48_00000000000000000004,BA03050040,,,,,,,74.10,74,1755.8292261,TASWIL5000020230907KABKOTA,Buton Utara,,0.143115018242,4.67921811895,4326,4,,,Buton Utara,Sulawesi Tenggara,,0,Muna,,2018-01,0.0016276392006363027,1,0.0016276392006363027,VIIRS DNB,nW/cm2/sr,2018,"{""type"":""MultiPoint"",""coordinates"":[]}"
48_0000000000000000000f,BA03050040,,,,,,,74.13,74,818.701593571,TASWIL5000020230907KABKOTA,Muna Barat,,0.0667415576998,2.65906981122,4326,4,,,Muna Barat,Sulawesi Tenggara,,0,Muna,,2018-01,0.0,1,0.0,VIIRS DNB,nW/cm2/sr,2018,"{""type"":""MultiPoint"",""coordinates"":[]}"
48_00000000000000000013,BA03050040,,,,,,,74.13,74,0.273099429049,TASWIL5000020230907KABKOTA,Muna Barat,Wilayah terapung,2.22679841875E-5,0.0295594995644,4326,4,,,Muna Barat,Sulawesi Tenggara,,0,Muna,,2018-01,0.0,1,0.0,VIIRS DNB,nW/cm2/sr,2018,"{""type"":""MultiPoint"",""coordinates"":[]}"
48_00000000000000000014,BA03050040,,,,,,,74.10,74,0.0480497061255,TASWIL5000020230907KABKOTA,Buton Utara,Wilayah terapung,3.9169026899E-6,0.0168384250334,4326,4,,,Buton Utara,Sulawesi Tenggara,,0,Muna,,2018-01,0.0,1,0.0,VIIRS DNB,nW/cm2/sr,2018,"{""type"":""MultiPoint"",""coordinates"":[]}"
49_00000000000000000001,BA03050040,,,,,,,74.04,74,1669.32863016,TASWIL5000020230907KABKOTA,Buton,,0.136188299866,3.04087674144,4326,4,,,Buton,Sulawesi Tenggara,,0,,,2018-02,0.16224845424903847,2,0.16224845424903847,VIIRS DNB,nW/cm2/sr,2018,"{""type"":""MultiPoint"",""coordinates"":[]}"
49_00000000000000000005,BA03050040,,,,,,,74.01,74,2958.9208572,TASWIL5000020230907KABKOTA,Kolaka,,0.240980839474,5.39527306777,4326,4,,,Kolaka,Sulawesi Tenggara,,0,,,2018-02,0.13587319177722101,2,0.13587319177722101,VIIRS DNB,nW/cm2/sr,2018,"{""type"":""MultiPoint"",""coordinates"":[]}"
49_00000000000000000008,BA03050040,,,,,,,74.02,74,5351.85263389,TASWIL5000020230907KABKOTA,Konawe,,0.435602118514,6.84601568998,4326,4,,,Konawe,Sulawesi Tenggara,,0,,,2018-02,0.182467806158517,2,0.182467806158517,VIIRS DNB,nW/cm2/sr,2018,"{""type"":""MultiPoint"",""coordinates"":[]}"
49_0000000000000000000e,BA03050040,,,,,,,74.03,74,1858.09481163,TASWIL5000020230907KABKOTA,Muna,,0.151502694674,5.32849464874,4326,4,,,Muna,Sulawesi Tenggara,,0,,,2018-02,0.20009721820937107,2,0.20009721820937107,VIIRS DNB,nW/cm2/sr,2018,"{""type"":""MultiPoint"",""coordinates"":[]}"
49_00000000000000000015,BA03050040,,,,,,,74.03,74,0.17024708351,TASWIL5000020230907KABKOTA,Muna,Wilayah terapung,1.38839187565E-5,0.039960941818,4326,4,,,Muna,Sulawesi Tenggara,,0,,,2018-02,0.24416184408127228,2,0.24416184408127228,VIIRS DNB,nW/cm2/sr,2018,"{""type"":""MultiPoint"",""coordinates"":[]}"
49_00000000000000000016,BA03050040,,,,,,,74.04,74,0.188157250699,TASWIL5000020230907KABKOTA,Buton,Wilayah terapung,1.53526521797E-5,0.0397338812277,4326,4,,,Buton,Sulawesi Tenggara,,0,,,2018-02,0.3453260789746824,2,0.3453260789746824,VIIRS DNB,nW/cm2/sr,2018,"{""type"":""MultiPoint"",""coordinates"":[]}"
49_00000000000000000000,BA03050040,,,,,,,74.06,74,3293.96639913,TASWIL5000020230907KABKOTA,Bombana,,0.268524880662,5.47167246052,4326,4,,,Bombana,Sulawesi Tenggara,,0,Buton,,2018-02,0.16492312347187332,2,0.16492312347187332,VIIRS DNB,nW/cm2/sr,2018,"{""type"":""MultiPoint"",""coordinates"":[]}"
49_00000000000000000002,BA03050040,,,,,,,74.15,74,517.631463505,TASWIL5000020230907KABKOTA,Buton Selatan,,0.042249508051,1.85498741345,4326,4,,,Buton Selatan,Sulawesi Tenggara,,0,Buton,,2018-02,0.24018667079729145,2,0.24018667079729145,VIIRS DNB,nW/cm2/sr,2018,"{""type"":""MultiPoint"",""coordinates"":[]}"
49_00000000000000000003,BA03050040,,,,,,,74.14,74,836.955797791,TASWIL5000020230907KABKOTA,Buton Tengah,,0.0682810706644,2.98412837401,4326,4,,,Buton Tengah,Sulawesi Tenggara,,0,Buton,,2018-02,0.17261322162734233,2,0.17261322162734233,VIIRS DNB,nW/cm2/sr,2018,"{""type"":""MultiPoint"",""coordinates"":[]}"
49_0000000000000000000c,BA03050040,,,,,,,74.72,74,294.137423231,TASWIL5000020230907KABKOTA,Kota Bau Bau,,0.0240007870008,0.955179337168,4326,5,,,Kota Bau Bau,Sulawesi Tenggara,,0,Buton,,2018-02,0.6748769994569367,2,0.6748769994569367,VIIRS DNB,nW/cm2/sr,2018,"{""type"":""MultiPoint"",""coordinates"":[]}"
49_00000000000000000010,BA03050040,,,,,,,74.07,74,450.455914283,TASWIL5000020230907KABKOTA,Wakatobi,,0.0367648905913,3.71804674371,4326,4,,,Wakatobi,Sulawesi Tenggara,,0,Buton,,2018-02,0.24731599860645165,2,0.24731599860645165,VIIRS DNB,nW/cm2/sr,2018,"{""type"":""MultiPoint"",""coordinates"":[]}"
49_00000000000000000011,BA03050040,,,,,,,74.07,74,0.253355482028,TASWIL5000020230907KABKOTA,Wakatobi,Wilayah terapung,2.06703594498E-5,0.0291924563304,4326,4,,,Wakatobi,Sulawesi Tenggara,,0,Buton,,2018-02,2.396976763656897,2,2.396976763656897,VIIRS DNB,nW/cm2/sr,2018,"{""type"":""MultiPoint"",""coordinates"":[]}"
49_00000000000000000012,BA03050040,,,,,,,74.07,74,4.12006083394,TASWIL5000020230907KABKOTA,Wakatobi,Wilayah terapung,3.36232999688E-4,0.124432278786,4326,4,,,Wakatobi,Sulawesi Tenggara,,0,Buton,,2018-02,0.17006390506434724,2,0.17006390506434724,VIIRS DNB,nW/cm2/sr,2018,"{""type"":""MultiPoint"",""coordinates"":[]}"
49_0000000000000000000a,BA03050040,,,,,,,74.05,74,4237.74051506,TASWIL5000020230907KABKOTA,Konawe Selatan,,0.345208073275,5.59324280043,4326,4,,,Konawe Selatan,Sulawesi Tenggara,,0,Kendari,,2018-02,0.19724878510983992,2,0.19724878510983992,VIIRS DNB,nW/cm2/sr,2018,"{""type"":""MultiPoint"",""coordinates"":[]}"
49_0000000000000000000d,BA03050040,,,,,,,74.71,74,265.790696582,TASWIL5000020230907KABKOTA,Kota Kendari,,0.0216443348271,1.21929531969,4326,5,,,Kota Kendari,Sulawesi Tenggara,,0,Kendari,,2018-02,2.0262280444051557,2,2.0262280444051557,VIIRS DNB,nW/cm2/sr,2018,"{""type"":""MultiPoint"",""coordinates"":[]}"
49_00000000000000000006,BA03050040,,,,,,,74.11,74,3992.53107078,TASWIL5000020230907KABKOTA,Kolaka Timur,,0.325055960897,4.62416724675,4326,4,,,Kolaka Timur,Sulawesi Tenggara,,0,Kolaka,,2018-02,0.10012302713414938,2,0.10012302713414938,VIIRS DNB,nW/cm2/sr,2018,"{""type"":""MultiPoint"",""coordinates"":[]}"
49_00000000000000000007,BA03050040,,,,,,,74.08,74,2932.25192061,TASWIL5000020230907KABKOTA,Kolaka Utara,,0.238597308701,3.90865020949,4326,4,,,Kolaka Utara,Sulawesi Tenggara,,0,Kolaka,,2018-02,0.09010330751406241,2,0.09010330751406241,VIIRS DNB,nW/cm2/sr,2018,"{""type"":""MultiPoint"",""coordinates"":[]}"
49_00000000000000000009,BA03050040,,,,,,,74.12,74,705.711010277,TASWIL5000020230907KABKOTA,Konawe Kepulauan,,0.0574768178025,1.17136047971,4326,4,,,Konawe Kepulauan,Sulawesi Tenggara,,0,Konawe,,2018-02,0.13593626631228914,2,0.13593626631228914,VIIRS DNB,nW/cm2/sr,2018,"{""type"":""MultiPoint"",""coordinates"":[]}"
49_0000000000000000000b,BA03050040,,,,,,,74.09,74,4219.81180817,TASWIL5000020230907KABKOTA,Konawe Utara,,0.343408045869,6.15591332033,4326,4,,,Konawe Utara,Sulawesi Tenggara,,0,Konawe,,2018-02,0.10470344546762553,2,0.10470344546762553,VIIRS DNB,nW/cm2/sr,2018,"{""type"":""MultiPoint"",""coordinates"":[]}"
49_00000000000000000004,BA03050040,,,,,,,74.10,74,1755.8292261,TASWIL5000020230907KABKOTA,Buton Utara,,0.143115018242,4.67921811895,4326,4,,,Buton Utara,Sulawesi Tenggara,,0,Muna,,2018-02,0.16293354376580907,2,0.16293354376580907,VIIRS DNB,nW/cm2/sr,2018,"{""type"":""MultiPoint"",""coordinates"":[]}"
49_0000000000000000000f,BA03050040,,,,,,,74.13,74,818.701593571,TASWIL5000020230907KABKOTA,Muna Barat,,0.0667415576998,2.65906981122,4326,4,,,Muna Barat,Sulawesi Tenggara,,0,Muna,,2018-02,0.18421561070092482,2,0.18421561070092482,VIIRS DNB,nW/cm2/sr,2018,"{""type"":""MultiPoint"",""coordinates"":[]}"
49_00000000000000000013,BA03050040,,,,,,,74.13,74,0.273099429049,TASWIL5000020230907KABKOTA,Muna Barat,Wilayah terapung,2.22679841875E-5,0.0295594995644,4326,4,,,Muna Barat,Sulawesi Tenggara,,0,Muna,,2018-02,0.25855595712627305,2,0.25855595712627305,VIIRS DNB,nW/cm2/sr,2018,"{""type"":""MultiPoint"",""coordinates"":[]}"
49_00000000000000000014,BA03050040,,,,,,,74.10,74,0.0480497061255,TASWIL5000020230907KABKOTA,Buton Utara,Wilayah terapung,3.9169026899E-6,0.0168384250334,4326,4,,,Buton Utara,Sulawesi Tenggara,,0,Muna,,2018-02,1.271428576537541,2,1.271428576537541,VIIRS DNB,nW/cm2/sr,2018,"{""type"":""MultiPoint"",""coordinates"":[]}"
50_00000000000000000001,BA03050040,,,,,,,74.04,74,1669.32863016,TASWIL5000020230907KABKOTA,Buton,,0.136188299866,3.04087674144,4326,4,,,Buton,Sulawesi Tenggara,,0,,,2018-03,0.24179447796981401,3,0.24179447796981401,VIIRS DNB,nW/cm2/sr,2018,"{""type"":""MultiPoint"",""coordinates"":[]}"
50_00000000000000000005,BA03050040,,,,,,,74.01,74,2958.9208572,TASWIL5000020230907KABKOTA,Kolaka,,0.240980839474,5.39527306777,4326,4,,,Kolaka,Sulawesi Tenggara,,0,,,2018-03,0.40759298694830015,3,0.40759298694830015,VIIRS DNB,nW/cm2/sr,2018,"{""type"":""MultiPoint"",""coordinates"":[]}"
50_00000000000000000008,BA03050040,,,,,,,74.02,74,5351.85263389,TASWIL5000020230907KABKOTA,Konawe,,0.435602118514,6.84601568998,4326,4,,,Konawe,Sulawesi Tenggara,,0,,,2018-03,0.28691613986923026,3,0.28691613986923026,VIIRS DNB,nW/cm2/sr,2018,"{""type"":""MultiPoint"",""coordinates"":[]}"
50_0000000000000000000e,BA03050040,,,,,,,74.03,74,1858.09481163,TASWIL5000020230907KABKOTA,Muna,,0.151502694674,5.32849464874,4326,4,,,Muna,Sulawesi Tenggara,,0,,,2018-03,0.3122514269670768,3,0.3122514269670768,VIIRS DNB,nW/cm2/sr,2018,"{""type"":""MultiPoint"",""coordinates"":[]}"
50_00000000000000000015,BA03050040,,,,,,,74.03,74,0.17024708351,TASWIL5000020230907KABKOTA,Muna,Wilayah terapung,1.38839187565E-5,0.039960941818,4326,4,,,Muna,Sulawesi Tenggara,,0,,,2018-03,0.2783815076929986,3,0.2783815076929986,VIIRS DNB,nW/cm2/sr,2018,"{""type"":""MultiPoint"",""coordinates"":[]}"
50_00000000000000000016,BA03050040,,,,,,,74.04,74,0.188157250699,TASWIL5000020230907KABKOTA,Buton,Wilayah terapung,1.53526521797E-5,0.0397338812277,4326,4,,,Buton,Sulawesi Tenggara,,0,,,2018-03,0.4885326154206111,3,0.4885326154206111,VIIRS DNB,nW/cm2/sr,2018,"{""type"":""MultiPoint"",""coordinates"":[]}"
50_00000000000000000000,BA03050040,,,,,,,74.06,74,3293.96639913,TASWIL5000020230907KABKOTA,Bombana,,0.268524880662,5.47167246052,4326,4,,,Bombana,Sulawesi Tenggara,,0,Buton,,2018-03,0.2939234001263709,3,0.2939234001263709,VIIRS DNB,nW/cm2/sr,2018,"{""type"":""MultiPoint"",""coordinates"":[]}"
50_00000000000000000002,BA03050040,,,,,,,74.15,74,517.631463505,TASWIL5000020230907KABKOTA,Buton Selatan,,0.042249508051,1.85498741345,4326,4,,,Buton Selatan,Sulawesi Tenggara,,0,Buton,,2018-03,0.31733446991260733,3,0.31733446991260733,VIIRS DNB,nW/cm2/sr,2018,"{""type"":""MultiPoint"",""coordinates"":[]}"
50_00000000000000000003,BA03050040,,,,,,,74.14,74,836.955797791,TASWIL5000020230907KABKOTA,Buton Tengah,,0.0682810706644,2.98412837401,4326,4,,,Buton Tengah,Sulawesi Tenggara,,0,Buton,,2018-03,0.2828226864973443,3,0.2828226864973443,VIIRS DNB,nW/cm2/sr,2018,"{""type"":""MultiPoint"",""coordinates"":[]}"
50_0000000000000000000c,BA03050040,,,,,,,74.72,74,294.137423231,TASWIL5000020230907KABKOTA,Kota Bau Bau,,0.0240007870008,0.955179337168,4326,5,,,Kota Bau Bau,Sulawesi Tenggara,,0,Buton,,2018-03,0.8249857398686633,3,0.8249857398686633,VIIRS DNB,nW/cm2/sr,2018,"{""type"":""MultiPoint"",""coordinates"":[]}"
50_00000000000000000010,BA03050040,,,,,,,74.07,74,450.455914283,TASWIL5000020230907KABKOTA,Wakatobi,,0.0367648905913,3.71804674371,4326,4,,,Wakatobi,Sulawesi Tenggara,,0,Buton,,2018-03,0.3210187495399405,3,0.3210187495399405,VIIRS DNB,nW/cm2/sr,2018,"{""type"":""MultiPoint"",""coordinates"":[]}"
50_00000000000000000011,BA03050040,,,,,,,74.07,74,0.253355482028,TASWIL5000020230907KABKOTA,Wakatobi,Wilayah terapung,2.06703594498E-5,0.0291924563304,4326,4,,,Wakatobi,Sulawesi Tenggara,,0,Buton,,2018-03,2.0316279382668725,3,2.0316279382668725,VIIRS DNB,nW/cm2/sr,2018,"{""type"":""MultiPoint"",""coordinates"":[]}"
50_00000000000000000012,BA03050040,,,,,,,74.07,74,4.12006083394,TASWIL5000020230907KABKOTA,Wakatobi,Wilayah terapung,3.36232999688E-4,0.124432278786,4326,4,,,Wakatobi,Sulawesi Tenggara,,0,Buton,,2018-03,0.2688899399260798,3,0.2688899399260798,VIIRS DNB,nW/cm2/sr,2018,"{""type"":""MultiPoint"",""coordinates"":[]}"
50_0000000000000000000a,BA03050040,,,,,,,74.05,74,4237.74051506,TASWIL5000020230907KABKOTA,Konawe Selatan,,0.345208073275,5.59324280043,4326,4,,,Konawe Selatan,Sulawesi Tenggara,,0,Kendari,,2018-03,0.34729414127972447,3,0.34729414127972447,VIIRS DNB,nW/cm2/sr,2018,"{""type"":""MultiPoint"",""coordinates"":[]}"
50_0000000000000000000d,BA03050040,,,,,,,74.71,74,265.790696582,TASWIL5000020230907KABKOTA,Kota Kendari,,0.0216443348271,1.21929531969,4326,5,,,Kota Kendari,Sulawesi Tenggara,,0,Kendari,,2018-03,2.503670078080096,3,2.503670078080096,VIIRS DNB,nW/cm2/sr,2018,"{""type"":""MultiPoint"",""coordinates"":[]}"
50_00000000000000000006,BA03050040,,,,,,,74.11,74,3992.53107078,TASWIL5000020230907KABKOTA,Kolaka Timur,,0.325055960897,4.62416724675,4326,4,,,Kolaka Timur,Sulawesi Tenggara,,0,Kolaka,,2018-03,0.2695089287149947,3,0.2695089287149947,VIIRS DNB,nW/cm2/sr,2018,"{""type"":""MultiPoint"",""coordinates"":[]}"
50_00000000000000000007,BA03050040,,,,,,,74.08,74,2932.25192061,TASWIL5000020230907KABKOTA,Kolaka Utara,,0.238597308701,3.90865020949,4326,4,,,Kolaka Utara,Sulawesi Tenggara,,0,Kolaka,,2018-03,0.09290951043700048,3,0.09290951043700048,VIIRS DNB,nW/cm2/sr,2018,"{""type"":""MultiPoint"",""coordinates"":[]}"
50_00000000000000000009,BA03050040,,,,,,,74.12,74,705.711010277,TASWIL5000020230907KABKOTA,Konawe Kepulauan,,0.0574768178025,1.17136047971,4326,4,,,Konawe Kepulauan,Sulawesi Tenggara,,0,Konawe,,2018-03,0.28888946448860975,3,0.28888946448860975,VIIRS DNB,nW/cm2/sr,2018,"{""type"":""MultiPoint"",""coordinates"":[]}"
50_0000000000000000000b,BA03050040,,,,,,,74.09,74,4219.81180817,TASWIL5000020230907KABKOTA,Konawe Utara,,0.343408045869,6.15591332033,4326,4,,,Konawe Utara,Sulawesi Tenggara,,0,Konawe,,2018-03,0.19787156339694656,3,0.19787156339694656,VIIRS DNB,nW/cm2/sr,2018,"{""type"":""MultiPoint"",""coordinates"":[]}"
50_00000000000000000004,BA03050040,,,,,,,74.10,74,1755.8292261,TASWIL5000020230907KABKOTA,Buton Utara,,0.143115018242,4.67921811895,4326,4,,,Buton Utara,Sulawesi Tenggara,,0,Muna,,2018-03,0.2697400891906246,3,0.2697400891906246,VIIRS DNB,nW/cm2/sr,2018,"{""type"":""MultiPoint"",""coordinates"":[]}"
50_0000000000000000000f,BA03050040,,,,,,,74.13,74,818.701593571,TASWIL5000020230907KABKOTA,Muna Barat,,0.0667415576998,2.65906981122,4326,4,,,Muna Barat,Sulawesi Tenggara,,0,Muna,,2018-03,0.3126130153183442,3,0.3126130153183442,VIIRS DNB,nW/cm2/sr,2018,"{""type"":""MultiPoint"",""coordinates"":[]}"
50_00000000000000000013,BA03050040,,,,,,,74.13,74,0.273099429049,TASWIL5000020230907KABKOTA,Muna Barat,Wilayah terapung,2.22679841875E-5,0.0295594995644,4326,4,,,Muna Barat,Sulawesi Tenggara,,0,Muna,,2018-03,0.3288086605954256,3,0.3288086605954256,VIIRS DNB,nW/cm2/sr,2018,"{""type"":""MultiPoint"",""coordinates"":[]}"
50_00000000000000000014,BA03050040,,,,,,,74.10,74,0.0480497061255,TASWIL5000020230907KABKOTA,Buton Utara,Wilayah terapung,3.9169026899E-6,0.0168384250334,4326,4,,,Buton Utara,Sulawesi Tenggara,,0,Muna,,2018-03,0.5614285596779415,3,0.5614285596779415,VIIRS DNB,nW/cm2/sr,2018,"{""type"":""MultiPoint"",""coordinates"":[]}"
51_00000000000000000001,BA03050040,,,,,,,74.04,74,1669.32863016,TASWIL5000020230907KABKOTA,Buton,,0.136188299866,3.04087674144,4326,4,,,Buton,Sulawesi Tenggara,,0,,,2018-04,0.40114205183827784,4,0.40114205183827784,VIIRS DNB,nW/cm2/sr,2018,"{""type"":""MultiPoint"",""coordinates"":[]}"
51_00000000000000000005,BA03050040,,,,,,,74.01,74,2958.9208572,TASWIL5000020230907KABKOTA,Kolaka,,0.240980839474,5.39527306777,4326,4,,,Kolaka,Sulawesi Tenggara,,0,,,2018-04,0.6394553131683973,4,0.6394553131683973,VIIRS DNB,nW/cm2/sr,2018,"{""type"":""MultiPoint"",""coordinates"":[]}"
51_00000000000000000008,BA03050040,,,,,,,74.02,74,5351.85263389,TASWIL5000020230907KABKOTA,Konawe,,0.435602118514,6.84601568998,4326,4,,,Konawe,Sulawesi Tenggara,,0,,,2018-04,0.5920732846988058,4,0.5920732846988058,VIIRS DNB,nW/cm2/sr,2018,"{""type"":""MultiPoint"",""coordinates"":[]}"
51_0000000000000000000e,BA03050040,,,,,,,74.03,74,1858.09481163,TASWIL5000020230907KABKOTA,Muna,,0.151502694674,5.32849464874,4326,4,,,Muna,Sulawesi Tenggara,,0,,,2018-04,0.4761992126520631,4,0.4761992126520631,VIIRS DNB,nW/cm2/sr,2018,"{""type"":""MultiPoint"",""coordinates"":[]}"
51_00000000000000000015,BA03050040,,,,,,,74.03,74,0.17024708351,TASWIL5000020230907KABKOTA,Muna,Wilayah terapung,1.38839187565E-5,0.039960941818,4326,4,,,Muna,Sulawesi Tenggara,,0,,,2018-04,0.3331791884292757,4,0.3331791884292757,VIIRS DNB,nW/cm2/sr,2018,"{""type"":""MultiPoint"",""coordinates"":[]}"
51_00000000000000000016,BA03050040,,,,,,,74.04,74,0.188157250699,TASWIL5000020230907KABKOTA,Buton,Wilayah terapung,1.53526521797E-5,0.0397338812277,4326,4,,,Buton,Sulawesi Tenggara,,0,,,2018-04,0.48304347272800374,4,0.48304347272800374,VIIRS DNB,nW/cm2/sr,2018,"{""type"":""MultiPoint"",""coordinates"":[]}"
51_00000000000000000000,BA03050040,,,,,,,74.06,74,3293.96639913,TASWIL5000020230907KABKOTA,Bombana,,0.268524880662,5.47167246052,4326,4,,,Bombana,Sulawesi Tenggara,,0,Buton,,2018-04,0.5317686207225593,4,0.5317686207225593,VIIRS DNB,nW/cm2/sr,2018,"{""type"":""MultiPoint"",""coordinates"":[]}"
51_00000000000000000002,BA03050040,,,,,,,74.15,74,517.631463505,TASWIL5000020230907KABKOTA,Buton Selatan,,0.042249508051,1.85498741345,4326,4,,,Buton Selatan,Sulawesi Tenggara,,0,Buton,,2018-04,0.5479485306741777,4,0.5479485306741777,VIIRS DNB,nW/cm2/sr,2018,"{""type"":""MultiPoint"",""coordinates"":[]}"
51_00000000000000000003,BA03050040,,,,,,,74.14,74,836.955797791,TASWIL5000020230907KABKOTA,Buton Tengah,,0.0682810706644,2.98412837401,4326,4,,,Buton Tengah,Sulawesi Tenggara,,0,Buton,,2018-04,0.5123240664476708,4,0.5123240664476708,VIIRS DNB,nW/cm2/sr,2018,"{""type"":""MultiPoint"",""coordinates"":[]}"
51_0000000000000000000c,BA03050040,,,,,,,74.72,74,294.137423231,TASWIL5000020230907KABKOTA,Kota Bau Bau,,0.0240007870008,0.955179337168,4326,5,,,Kota Bau Bau,Sulawesi Tenggara,,0,Buton,,2018-04,1.0688485806202939,4,1.0688485806202939,VIIRS DNB,nW/cm2/sr,2018,"{""type"":""MultiPoint"",""coordinates"":[]}"
51_00000000000000000010,BA03050040,,,,,,,74.07,74,450.455914283,TASWIL5000020230907KABKOTA,Wakatobi,,0.0367648905913,3.71804674371,4326,4,,,Wakatobi,Sulawesi Tenggara,,0,Buton,,2018-04,0.49016317515230806,4,0.49016317515230806,VIIRS DNB,nW/cm2/sr,2018,"{""type"":""MultiPoint"",""coordinates"":[]}"
51_00000000000000000011,BA03050040,,,,,,,74.07,74,0.253355482028,TASWIL5000020230907KABKOTA,Wakatobi,Wilayah terapung,2.06703594498E-5,0.0291924563304,4326,4,,,Wakatobi,Sulawesi Tenggara,,0,Buton,,2018-04,2.3101162600886913,4,2.3101162600886913,VIIRS DNB,nW/cm2/sr,2018,"{""type"":""MultiPoint"",""coordinates"":[]}"
51_00000000000000000012,BA03050040,,,,,,,74.07,74,4.12006083394,TASWIL5000020230907KABKOTA,Wakatobi,Wilayah terapung,3.36232999688E-4,0.124432278786,4326,4,,,Wakatobi,Sulawesi Tenggara,,0,Buton,,2018-04,0.3248994120373529,4,0.3248994120373529,VIIRS DNB,nW/cm2/sr,2018,"{""type"":""MultiPoint"",""coordinates"":[]}"
51_0000000000000000000a,BA03050040,,,,,,,74.05,74,4237.74051506,TASWIL5000020230907KABKOTA,Konawe Selatan,,0.345208073275,5.59324280043,4326,4,,,Konawe Selatan,Sulawesi Tenggara,,0,Kendari,,2018-04,0.49025955272416066,4,0.49025955272416066,VIIRS DNB,nW/cm2/sr,2018,"{""type"":""MultiPoint"",""coordinates"":[]}"
51_0000000000000000000d,BA03050040,,,,,,,74.71,74,265.790696582,TASWIL5000020230907KABKOTA,Kota Kendari,,0.0216443348271,1.21929531969,4326,5,,,Kota Kendari,Sulawesi Tenggara,,0,Kendari,,2018-04,2.786308799453308,4,2.786308799453308,VIIRS DNB,nW/cm2/sr,2018,"{""type"":""MultiPoint"",""coordinates"":[]}"
51_00000000000000000006,BA03050040,,,,,,,74.11,74,3992.53107078,TASWIL5000020230907KABKOTA,Kolaka Timur,,0.325055960897,4.62416724675,4326,4,,,Kolaka Timur,Sulawesi Tenggara,,0,Kolaka,,2018-04,0.5359891412303742,4,0.5359891412303742,VIIRS DNB,nW/cm2/sr,2018,"{""type"":""MultiPoint"",""coordinates"":[]}"
51_00000000000000000007,BA03050040,,,,,,,74.08,74,2932.25192061,TASWIL5000020230907KABKOTA,Kolaka Utara,,0.238597308701,3.90865020949,4326,4,,,Kolaka Utara,Sulawesi Tenggara,,0,Kolaka,,2018-04,0.6049782697594221,4,0.6049782697594221,VIIRS DNB,nW/cm2/sr,2018,"{""type"":""MultiPoint"",""coordinates"":[]}"
51_00000000000000000009,BA03050040,,,,,,,74.12,74,705.711010277,TASWIL5000020230907KABKOTA,Konawe Kepulauan,,0.0574768178025,1.17136047971,4326,4,,,Konawe Kepulauan,Sulawesi Tenggara,,0,Konawe,,2018-04,0.42923990102972004,4,0.42923990102972004,VIIRS DNB,nW/cm2/sr,2018,"{""type"":""MultiPoint"",""coordinates"":[]}"
51_0000000000000000000b,BA03050040,,,,,,,74.09,74,4219.81180817,TASWIL5000020230907KABKOTA,Konawe Utara,,0.343408045869,6.15591332033,4326,4,,,Konawe Utara,Sulawesi Tenggara,,0,Konawe,,2018-04,0.5217641612807952,4,0.5217641612807952,VIIRS DNB,nW/cm2/sr,2018,"{""type"":""MultiPoint"",""coordinates"":[]}"
51_00000000000000000004,BA03050040,,,,,,,74.10,74,1755.8292261,TASWIL5000020230907KABKOTA,Buton Utara,,0.143115018242,4.67921811895,4326,4,,,Buton Utara,Sulawesi Tenggara,,0,Muna,,2018-04,0.4252756832188317,4,0.4252756832188317,VIIRS DNB,nW/cm2/sr,2018,"{""type"":""MultiPoint"",""coordinates"":[]}"
51_0000000000000000000f,BA03050040,,,,,,,74.13,74,818.701593571,TASWIL5000020230907KABKOTA,Muna Barat,,0.0667415576998,2.65906981122,4326,4,,,Muna Barat,Sulawesi Tenggara,,0,Muna,,2018-04,0.5072444349555555,4,0.5072444349555555,VIIRS DNB,nW/cm2/sr,2018,"{""type"":""MultiPoint"",""coordinates"":[]}"
51_00000000000000000013,BA03050040,,,,,,,74.13,74,0.273099429049,TASWIL5000020230907KABKOTA,Muna Barat,Wilayah terapung,2.22679841875E-5,0.0295594995644,4326,4,,,Muna Barat,Sulawesi Tenggara,,0,Muna,,2018-04,0.430974736110398,4,0.430974736110398,VIIRS DNB,nW/cm2/sr,2018,"{""type"":""MultiPoint"",""coordinates"":[]}"
51_00000000000000000014,BA03050040,,,,,,,74.10,74,0.0480497061255,TASWIL5000020230907KABKOTA,Buton Utara,Wilayah terapung,3.9169026899E-6,0.0168384250334,4326,4,,,Buton Utara,Sulawesi Tenggara,,0,Muna,,2018-04,0.742857141154153,4,0.742857141154153,VIIRS DNB,nW/cm2/sr,2018,"{""type"":""MultiPoint"",""coordinates"":[]}"
52_00000000000000000001,BA03050040,,,,,,,74.04,74,1669.32863016,TASWIL5000020230907KABKOTA,Buton,,0.136188299866,3.04087674144,4326,4,,,Buton,Sulawesi Tenggara,,0,,,2018-05,0.2272558707852859,5,0.2272558707852859,VIIRS DNB,nW/cm2/sr,2018,"{""type"":""MultiPoint"",""coordinates"":[]}"
52_00000000000000000005,BA03050040,,,,,,,74.01,74,2958.9208572,TASWIL5000020230907KABKOTA,Kolaka,,0.240980839474,5.39527306777,4326,4,,,Kolaka,Sulawesi Tenggara,,0,,,2018-05,0.2950273147682997,5,0.2950273147682997,VIIRS DNB,nW/cm2/sr,2018,"{""type"":""MultiPoint"",""coordinates"":[]}"
52_00000000000000000008,BA03050040,,,,,,,74.02,74,5351.85263389,TASWIL5000020230907KABKOTA,Konawe,,0.435602118514,6.84601568998,4326,4,,,Konawe,Sulawesi Tenggara,,0,,,2018-05,0.28902117272333844,5,0.28902117272333844,VIIRS DNB,nW/cm2/sr,2018,"{""type"":""MultiPoint"",""coordinates"":[]}"
52_0000000000000000000e,BA03050040,,,,,,,74.03,74,1858.09481163,TASWIL5000020230907KABKOTA,Muna,,0.151502694674,5.32849464874,4326,4,,,Muna,Sulawesi Tenggara,,0,,,2018-05,0.24036715392350866,5,0.24036715392350866,VIIRS DNB,nW/cm2/sr,2018,"{""type"":""MultiPoint"",""coordinates"":[]}"
52_00000000000000000015,BA03050040,,,,,,,74.03,74,0.17024708351,TASWIL5000020230907KABKOTA,Muna,Wilayah terapung,1.38839187565E-5,0.039960941818,4326,4,,,Muna,Sulawesi Tenggara,,0,,,2018-05,0.17658959286061326,5,0.17658959286061326,VIIRS DNB,nW/cm2/sr,2018,"{""type"":""MultiPoint"",""coordinates"":[]}"
52_00000000000000000016,BA03050040,,,,,,,74.04,74,0.188157250699,TASWIL5000020230907KABKOTA,Buton,Wilayah terapung,1.53526521797E-5,0.0397338812277,4326,4,,,Buton,Sulawesi Tenggara,,0,,,2018-05,0.45217389710571454,5,0.45217389710571454,VIIRS DNB,nW/cm2/sr,2018,"{""type"":""MultiPoint"",""coordinates"":[]}"
52_00000000000000000000,BA03050040,,,,,,,74.06,74,3293.96639913,TASWIL5000020230907KABKOTA,Bombana,,0.268524880662,5.47167246052,4326,4,,,Bombana,Sulawesi Tenggara,,0,Buton,,2018-05,0.19367305196042703,5,0.19367305196042703,VIIRS DNB,nW/cm2/sr,2018,"{""type"":""MultiPoint"",""coordinates"":[]}"
52_00000000000000000002,BA03050040,,,,,,,74.15,74,517.631463505,TASWIL5000020230907KABKOTA,Buton Selatan,,0.042249508051,1.85498741345,4326,4,,,Buton Selatan,Sulawesi Tenggara,,0,Buton,,2018-05,0.275014842809177,5,0.275014842809177,VIIRS DNB,nW/cm2/sr,2018,"{""type"":""MultiPoint"",""coordinates"":[]}"
52_00000000000000000003,BA03050040,,,,,,,74.14,74,836.955797791,TASWIL5000020230907KABKOTA,Buton Tengah,,0.0682810706644,2.98412837401,4326,4,,,Buton Tengah,Sulawesi Tenggara,,0,Buton,,2018-05,0.22394556065476529,5,0.22394556065476529,VIIRS DNB,nW/cm2/sr,2018,"{""type"":""MultiPoint"",""coordinates"":[]}"
52_0000000000000000000c,BA03050040,,,,,,,74.72,74,294.137423231,TASWIL5000020230907KABKOTA,Kota Bau Bau,,0.0240007870008,0.955179337168,4326,5,,,Kota Bau Bau,Sulawesi Tenggara,,0,Buton,,2018-05,0.7925258224994277,5,0.7925258224994277,VIIRS DNB,nW/cm2/sr,2018,"{""type"":""MultiPoint"",""coordinates"":[]}"
52_00000000000000000010,BA03050040,,,,,,,74.07,74,450.455914283,TASWIL5000020230907KABKOTA,Wakatobi,,0.0367648905913,3.71804674371,4326,4,,,Wakatobi,Sulawesi Tenggara,,0,Buton,,2018-05,0.26668586263472066,5,0.26668586263472066,VIIRS DNB,nW/cm2/sr,2018,"{""type"":""MultiPoint"",""coordinates"":[]}"
52_00000000000000000011,BA03050040,,,,,,,74.07,74,0.253355482028,TASWIL5000020230907KABKOTA,Wakatobi,Wilayah terapung,2.06703594498E-5,0.0291924563304,4326,4,,,Wakatobi,Sulawesi Tenggara,,0,Buton,,2018-05,1.2652325638273891,5,1.2652325638273891,VIIRS DNB,nW/cm2/sr,2018,"{""type"":""MultiPoint"",""coordinates"":[]}"
52_00000000000000000012,BA03050040,,,,,,,74.07,74,4.12006083394,TASWIL5000020230907KABKOTA,Wakatobi,Wilayah terapung,3.36232999688E-4,0.124432278786,4326,4,,,Wakatobi,Sulawesi Tenggara,,0,Buton,,2018-05,0.15326627316295047,5,0.15326627316295047,VIIRS DNB,nW/cm2/sr,2018,"{""type"":""MultiPoint"",""coordinates"":[]}"
52_0000000000000000000a,BA03050040,,,,,,,74.05,74,4237.74051506,TASWIL5000020230907KABKOTA,Konawe Selatan,,0.345208073275,5.59324280043,4326,4,,,Konawe Selatan,Sulawesi Tenggara,,0,Kendari,,2018-05,0.29887912973944464,5,0.29887912973944464,VIIRS DNB,nW/cm2/sr,2018,"{""type"":""MultiPoint"",""coordinates"":[]}"
52_0000000000000000000d,BA03050040,,,,,,,74.71,74,265.790696582,TASWIL5000020230907KABKOTA,Kota Kendari,,0.0216443348271,1.21929531969,4326,5,,,Kota Kendari,Sulawesi Tenggara,,0,Kendari,,2018-05,1.9367896153362787,5,1.9367896153362787,VIIRS DNB,nW/cm2/sr,2018,"{""type"":""MultiPoint"",""coordinates"":[]}"
52_00000000000000000006,BA03050040,,,,,,,74.11,74,3992.53107078,TASWIL5000020230907KABKOTA,Kolaka Timur,,0.325055960897,4.62416724675,4326,4,,,Kolaka Timur,Sulawesi Tenggara,,0,Kolaka,,2018-05,0.26429458551431667,5,0.26429458551431667,VIIRS DNB,nW/cm2/sr,2018,"{""type"":""MultiPoint"",""coordinates"":[]}"
52_00000000000000000007,BA03050040,,,,,,,74.08,74,2932.25192061,TASWIL5000020230907KABKOTA,Kolaka Utara,,0.238597308701,3.90865020949,4326,4,,,Kolaka Utara,Sulawesi Tenggara,,0,Kolaka,,2018-05,0.21692310439804327,5,0.21692310439804327,VIIRS DNB,nW/cm2/sr,2018,"{""type"":""MultiPoint"",""coordinates"":[]}"
52_00000000000000000009,BA03050040,,,,,,,74.12,74,705.711010277,TASWIL5000020230907KABKOTA,Konawe Kepulauan,,0.0574768178025,1.17136047971,4326,4,,,Konawe Kepulauan,Sulawesi Tenggara,,0,Konawe,,2018-05,0.23430673412245492,5,0.23430673412245492,VIIRS DNB,nW/cm2/sr,2018,"{""type"":""MultiPoint"",""coordinates"":[]}"
52_0000000000000000000b,BA03050040,,,,,,,74.09,74,4219.81180817,TASWIL5000020230907KABKOTA,Konawe Utara,,0.343408045869,6.15591332033,4326,4,,,Konawe Utara,Sulawesi Tenggara,,0,Konawe,,2018-05,0.24863084721893985,5,0.24863084721893985,VIIRS DNB,nW/cm2/sr,2018,"{""type"":""MultiPoint"",""coordinates"":[]}"
52_00000000000000000004,BA03050040,,,,,,,74.10,74,1755.8292261,TASWIL5000020230907KABKOTA,Buton Utara,,0.143115018242,4.67921811895,4326,4,,,Buton Utara,Sulawesi Tenggara,,0,Muna,,2018-05,0.22715780963790033,5,0.22715780963790033,VIIRS DNB,nW/cm2/sr,2018,"{""type"":""MultiPoint"",""coordinates"":[]}"
52_0000000000000000000f,BA03050040,,,,,,,74.13,74,818.701593571,TASWIL5000020230907KABKOTA,Muna Barat,,0.0667415576998,2.65906981122,4326,4,,,Muna Barat,Sulawesi Tenggara,,0,Muna,,2018-05,0.2261352704601835,5,0.2261352704601835,VIIRS DNB,nW/cm2/sr,2018,"{""type"":""MultiPoint"",""coordinates"":[]}"
52_00000000000000000013,BA03050040,,,,,,,74.13,74,0.273099429049,TASWIL5000020230907KABKOTA,Muna Barat,Wilayah terapung,2.22679841875E-5,0.0295594995644,4326,4,,,Muna Barat,Sulawesi Tenggara,,0,Muna,,2018-05,0.19241877013165165,5,0.19241877013165165,VIIRS DNB,nW/cm2/sr,2018,"{""type"":""MultiPoint"",""coordinates"":[]}"
52_00000000000000000014,BA03050040,,,,,,,74.10,74,0.0480497061255,TASWIL5000020230907KABKOTA,Buton Utara,Wilayah terapung,3.9169026899E-6,0.0168384250334,4326,4,,,Buton Utara,Sulawesi Tenggara,,0,Muna,,2018-05,0.8500000068119594,5,0.8500000068119594,VIIRS DNB,nW/cm2/sr,2018,"{""type"":""MultiPoint"",""coordinates"":[]}"
53_00000000000000000001,BA03050040,,,,,,,74.04,74,1669.32863016,TASWIL5000020230907KABKOTA,Buton,,0.136188299866,3.04087674144,4326,4,,,Buton,Sulawesi Tenggara,,0,,,2018-06,0.19584222631276438,6,0.19584222631276438,VIIRS DNB,nW/cm2/sr,2018,"{""type"":""MultiPoint"",""coordinates"":[]}"
53_00000000000000000005,BA03050040,,,,,,,74.01,74,2958.9208572,TASWIL5000020230907KABKOTA,Kolaka,,0.240980839474,5.39527306777,4326,4,,,Kolaka,Sulawesi Tenggara,,0,,,2018-06,0.2830893657594528,6,0.2830893657594528,VIIRS DNB,nW/cm2/sr,2018,"{""type"":""MultiPoint"",""coordinates"":[]}"
53_00000000000000000008,BA03050040,,,,,,,74.02,74,5351.85263389,TASWIL5000020230907KABKOTA,Konawe,,0.435602118514,6.84601568998,4326,4,,,Konawe,Sulawesi Tenggara,,0,,,2018-06,0.2665853663355366,6,0.2665853663355366,VIIRS DNB,nW/cm2/sr,2018,"{""type"":""MultiPoint"",""coordinates"":[]}"
53_0000000000000000000e,BA03050040,,,,,,,74.03,74,1858.09481163,TASWIL5000020230907KABKOTA,Muna,,0.151502694674,5.32849464874,4326,4,,,Muna,Sulawesi Tenggara,,0,,,2018-06,0.22134240158915747,6,0.22134240158915747,VIIRS DNB,nW/cm2/sr,2018,"{""type"":""MultiPoint"",""coordinates"":[]}"
53_00000000000000000015,BA03050040,,,,,,,74.03,74,0.17024708351,TASWIL5000020230907KABKOTA,Muna,Wilayah terapung,1.38839187565E-5,0.039960941818,4326,4,,,Muna,Sulawesi Tenggara,,0,,,2018-06,0.20664740142794702,6,0.20664740142794702,VIIRS DNB,nW/cm2/sr,2018,"{""type"":""MultiPoint"",""coordinates"":[]}"
53_00000000000000000016,BA03050040,,,,,,,74.04,74,0.188157250699,TASWIL5000020230907KABKOTA,Buton,Wilayah terapung,1.53526521797E-5,0.0397338812277,4326,4,,,Buton,Sulawesi Tenggara,,0,,,2018-06,0.3657065241233163,6,0.3657065241233163,VIIRS DNB,nW/cm2/sr,2018,"{""type"":""MultiPoint"",""coordinates"":[]}"
53_00000000000000000000,BA03050040,,,,,,,74.06,74,3293.96639913,TASWIL5000020230907KABKOTA,Bombana,,0.268524880662,5.47167246052,4326,4,,,Bombana,Sulawesi Tenggara,,0,Buton,,2018-06,0.18131524773378715,6,0.18131524773378715,VIIRS DNB,nW/cm2/sr,2018,"{""type"":""MultiPoint"",""coordinates"":[]}"
53_00000000000000000002,BA03050040,,,,,,,74.15,74,517.631463505,TASWIL5000020230907KABKOTA,Buton Selatan,,0.042249508051,1.85498741345,4326,4,,,Buton Selatan,Sulawesi Tenggara,,0,Buton,,2018-06,0.22105160741446153,6,0.22105160741446153,VIIRS DNB,nW/cm2/sr,2018,"{""type"":""MultiPoint"",""coordinates"":[]}"
53_00000000000000000003,BA03050040,,,,,,,74.14,74,836.955797791,TASWIL5000020230907KABKOTA,Buton Tengah,,0.0682810706644,2.98412837401,4326,4,,,Buton Tengah,Sulawesi Tenggara,,0,Buton,,2018-06,0.21046091755290305,6,0.21046091755290305,VIIRS DNB,nW/cm2/sr,2018,"{""type"":""MultiPoint"",""coordinates"":[]}"
53_0000000000000000000c,BA03050040,,,,,,,74.72,74,294.137423231,TASWIL5000020230907KABKOTA,Kota Bau Bau,,0.0240007870008,0.955179337168,4326,5,,,Kota Bau Bau,Sulawesi Tenggara,,0,Buton,,2018-06,0.7922933374102371,6,0.7922933374102371,VIIRS DNB,nW/cm2/sr,2018,"{""type"":""MultiPoint"",""coordinates"":[]}"
53_00000000000000000010,BA03050040,,,,,,,74.07,74,450.455914283,TASWIL5000020230907KABKOTA,Wakatobi,,0.0367648905913,3.71804674371,4326,4,,,Wakatobi,Sulawesi Tenggara,,0,Buton,,2018-06,0.2699386660269105,6,0.2699386660269105,VIIRS DNB,nW/cm2/sr,2018,"{""type"":""MultiPoint"",""coordinates"":[]}"
53_00000000000000000011,BA03050040,,,,,,,74.07,74,0.253355482028,TASWIL5000020230907KABKOTA,Wakatobi,Wilayah terapung,2.06703594498E-5,0.0291924563304,4326,4,,,Wakatobi,Sulawesi Tenggara,,0,Buton,,2018-06,2.5544573951137157,6,2.5544573951137157,VIIRS DNB,nW/cm2/sr,2018,"{""type"":""MultiPoint"",""coordinates"":[]}"
53_00000000000000000012,BA03050040,,,,,,,74.07,74,4.12006083394,TASWIL5000020230907KABKOTA,Wakatobi,Wilayah terapung,3.36232999688E-4,0.124432278786,4326,4,,,Wakatobi,Sulawesi Tenggara,,0,Buton,,2018-06,0.16303905294227178,6,0.16303905294227178,VIIRS DNB,nW/cm2/sr,2018,"{""type"":""MultiPoint"",""coordinates"":[]}"
53_0000000000000000000a,BA03050040,,,,,,,74.05,74,4237.74051506,TASWIL5000020230907KABKOTA,Konawe Selatan,,0.345208073275,5.59324280043,4326,4,,,Konawe Selatan,Sulawesi Tenggara,,0,Kendari,,2018-06,0.2441649173561736,6,0.2441649173561736,VIIRS DNB,nW/cm2/sr,2018,"{""type"":""MultiPoint"",""coordinates"":[]}"
53_0000000000000000000d,BA03050040,,,,,,,74.71,74,265.790696582,TASWIL5000020230907KABKOTA,Kota Kendari,,0.0216443348271,1.21929531969,4326,5,,,Kota Kendari,Sulawesi Tenggara,,0,Kendari,,2018-06,2.55019341536057,6,2.55019341536057,VIIRS DNB,nW/cm2/sr,2018,"{""type"":""MultiPoint"",""coordinates"":[]}"
53_00000000000000000006,BA03050040,,,,,,,74.11,74,3992.53107078,TASWIL5000020230907KABKOTA,Kolaka Timur,,0.325055960897,4.62416724675,4326,4,,,Kolaka Timur,Sulawesi Tenggara,,0,Kolaka,,2018-06,0.2045206312955703,6,0.2045206312955703,VIIRS DNB,nW/cm2/sr,2018,"{""type"":""MultiPoint"",""coordinates"":[]}"
53_00000000000000000007,BA03050040,,,,,,,74.08,74,2932.25192061,TASWIL5000020230907KABKOTA,Kolaka Utara,,0.238597308701,3.90865020949,4326,4,,,Kolaka Utara,Sulawesi Tenggara,,0,Kolaka,,2018-06,0.20839328300792515,6,0.20839328300792515,VIIRS DNB,nW/cm2/sr,2018,"{""type"":""MultiPoint"",""coordinates"":[]}"
53_00000000000000000009,BA03050040,,,,,,,74.12,74,705.711010277,TASWIL5000020230907KABKOTA,Konawe Kepulauan,,0.0574768178025,1.17136047971,4326,4,,,Konawe Kepulauan,Sulawesi Tenggara,,0,Konawe,,2018-06,0.17714176983341895,6,0.17714176983341895,VIIRS DNB,nW/cm2/sr,2018,"{""type"":""MultiPoint"",""coordinates"":[]}"
53_0000000000000000000b,BA03050040,,,,,,,74.09,74,4219.81180817,TASWIL5000020230907KABKOTA,Konawe Utara,,0.343408045869,6.15591332033,4326,4,,,Konawe Utara,Sulawesi Tenggara,,0,Konawe,,2018-06,0.22338308136902335,6,0.22338308136902335,VIIRS DNB,nW/cm2/sr,2018,"{""type"":""MultiPoint"",""coordinates"":[]}"
53_00000000000000000004,BA03050040,,,,,,,74.10,74,1755.8292261,TASWIL5000020230907KABKOTA,Buton Utara,,0.143115018242,4.67921811895,4326,4,,,Buton Utara,Sulawesi Tenggara,,0,Muna,,2018-06,0.1729664245554785,6,0.1729664245554785,VIIRS DNB,nW/cm2/sr,2018,"{""type"":""MultiPoint"",""coordinates"":[]}"
53_0000000000000000000f,BA03050040,,,,,,,74.13,74,818.701593571,TASWIL5000020230907KABKOTA,Muna Barat,,0.0667415576998,2.65906981122,4326,4,,,Muna Barat,Sulawesi Tenggara,,0,Muna,,2018-06,0.22179430431231434,6,0.22179430431231434,VIIRS DNB,nW/cm2/sr,2018,"{""type"":""MultiPoint"",""coordinates"":[]}"
53_00000000000000000013,BA03050040,,,,,,,74.13,74,0.273099429049,TASWIL5000020230907KABKOTA,Muna Barat,Wilayah terapung,2.22679841875E-5,0.0295594995644,4326,4,,,Muna Barat,Sulawesi Tenggara,,0,Muna,,2018-06,0.10978339353596475,6,0.10978339353596475,VIIRS DNB,nW/cm2/sr,2018,"{""type"":""MultiPoint"",""coordinates"":[]}"
53_00000000000000000014,BA03050040,,,,,,,74.10,74,0.0480497061255,TASWIL5000020230907KABKOTA,Buton Utara,Wilayah terapung,3.9169026899E-6,0.0168384250334,4326,4,,,Buton Utara,Sulawesi Tenggara,,0,Muna,,2018-06,0.8185714398111616,6,0.8185714398111616,VIIRS DNB,nW/cm2/sr,2018,"{""type"":""MultiPoint"",""coordinates"":[]}"
54_00000000000000000001,BA03050040,,,,,,,74.04,74,1669.32863016,TASWIL5000020230907KABKOTA,Buton,,0.136188299866,3.04087674144,4326,4,,,Buton,Sulawesi Tenggara,,0,,,2018-07,0.22913215416163404,7,0.22913215416163404,VIIRS DNB,nW/cm2/sr,2018,"{""type"":""MultiPoint"",""coordinates"":[]}"
54_00000000000000000005,BA03050040,,,,,,,74.01,74,2958.9208572,TASWIL5000020230907KABKOTA,Kolaka,,0.240980839474,5.39527306777,4326,4,,,Kolaka,Sulawesi Tenggara,,0,,,2018-07,0.3637247746569991,7,0.3637247746569991,VIIRS DNB,nW/cm2/sr,2018,"{""type"":""MultiPoint"",""coordinates"":[]}"
54_00000000000000000008,BA03050040,,,,,,,74.02,74,5351.85263389,TASWIL5000020230907KABKOTA,Konawe,,0.435602118514,6.84601568998,4326,4,,,Konawe,Sulawesi Tenggara,,0,,,2018-07,0.3260413376052908,7,0.3260413376052908,VIIRS DNB,nW/cm2/sr,2018,"{""type"":""MultiPoint"",""coordinates"":[]}"
54_0000000000000000000e,BA03050040,,,,,,,74.03,74,1858.09481163,TASWIL5000020230907KABKOTA,Muna,,0.151502694674,5.32849464874,4326,4,,,Muna,Sulawesi Tenggara,,0,,,2018-07,0.2680179133216837,7,0.2680179133216837,VIIRS DNB,nW/cm2/sr,2018,"{""type"":""MultiPoint"",""coordinates"":[]}"
54_00000000000000000015,BA03050040,,,,,,,74.03,74,0.17024708351,TASWIL5000020230907KABKOTA,Muna,Wilayah terapung,1.38839187565E-5,0.039960941818,4326,4,,,Muna,Sulawesi Tenggara,,0,,,2018-07,0.292485550132101,7,0.292485550132101,VIIRS DNB,nW/cm2/sr,2018,"{""type"":""MultiPoint"",""coordinates"":[]}"
54_00000000000000000016,BA03050040,,,,,,,74.04,74,0.188157250699,TASWIL5000020230907KABKOTA,Buton,Wilayah terapung,1.53526521797E-5,0.0397338812277,4326,4,,,Buton,Sulawesi Tenggara,,0,,,2018-07,0.4569565211625204,7,0.4569565211625204,VIIRS DNB,nW/cm2/sr,2018,"{""type"":""MultiPoint"",""coordinates"":[]}"
54_00000000000000000000,BA03050040,,,,,,,74.06,74,3293.96639913,TASWIL5000020230907KABKOTA,Bombana,,0.268524880662,5.47167246052,4326,4,,,Bombana,Sulawesi Tenggara,,0,Buton,,2018-07,0.2766915338809159,7,0.2766915338809159,VIIRS DNB,nW/cm2/sr,2018,"{""type"":""MultiPoint"",""coordinates"":[]}"
54_00000000000000000002,BA03050040,,,,,,,74.15,74,517.631463505,TASWIL5000020230907KABKOTA,Buton Selatan,,0.042249508051,1.85498741345,4326,4,,,Buton Selatan,Sulawesi Tenggara,,0,Buton,,2018-07,0.26045996248708836,7,0.26045996248708836,VIIRS DNB,nW/cm2/sr,2018,"{""type"":""MultiPoint"",""coordinates"":[]}"
54_00000000000000000003,BA03050040,,,,,,,74.14,74,836.955797791,TASWIL5000020230907KABKOTA,Buton Tengah,,0.0682810706644,2.98412837401,4326,4,,,Buton Tengah,Sulawesi Tenggara,,0,Buton,,2018-07,0.2537005978588303,7,0.2537005978588303,VIIRS DNB,nW/cm2/sr,2018,"{""type"":""MultiPoint"",""coordinates"":[]}"
54_0000000000000000000c,BA03050040,,,,,,,74.72,74,294.137423231,TASWIL5000020230907KABKOTA,Kota Bau Bau,,0.0240007870008,0.955179337168,4326,5,,,Kota Bau Bau,Sulawesi Tenggara,,0,Buton,,2018-07,0.8723380151755461,7,0.8723380151755461,VIIRS DNB,nW/cm2/sr,2018,"{""type"":""MultiPoint"",""coordinates"":[]}"
54_00000000000000000010,BA03050040,,,,,,,74.07,74,450.455914283,TASWIL5000020230907KABKOTA,Wakatobi,,0.0367648905913,3.71804674371,4326,4,,,Wakatobi,Sulawesi Tenggara,,0,Buton,,2018-07,0.31387813763347,7,0.31387813763347,VIIRS DNB,nW/cm2/sr,2018,"{""type"":""MultiPoint"",""coordinates"":[]}"
54_00000000000000000011,BA03050040,,,,,,,74.07,74,0.253355482028,TASWIL5000020230907KABKOTA,Wakatobi,Wilayah terapung,2.06703594498E-5,0.0291924563304,4326,4,,,Wakatobi,Sulawesi Tenggara,,0,Buton,,2018-07,2.155852744745654,7,2.155852744745654,VIIRS DNB,nW/cm2/sr,2018,"{""type"":""MultiPoint"",""coordinates"":[]}"
54_00000000000000000012,BA03050040,,,,,,,74.07,74,4.12006083394,TASWIL5000020230907KABKOTA,Wakatobi,Wilayah terapung,3.36232999688E-4,0.124432278786,4326,4,,,Wakatobi,Sulawesi Tenggara,,0,Buton,,2018-07,0.20275739715120497,7,0.20275739715120497,VIIRS DNB,nW/cm2/sr,2018,"{""type"":""MultiPoint"",""coordinates"":[]}"
54_0000000000000000000a,BA03050040,,,,,,,74.05,74,4237.74051506,TASWIL5000020230907KABKOTA,Konawe Selatan,,0.345208073275,5.59324280043,4326,4,,,Konawe Selatan,Sulawesi Tenggara,,0,Kendari,,2018-07,0.31026916961026285,7,0.31026916961026285,VIIRS DNB,nW/cm2/sr,2018,"{""type"":""MultiPoint"",""coordinates"":[]}"
54_0000000000000000000d,BA03050040,,,,,,,74.71,74,265.790696582,TASWIL5000020230907KABKOTA,Kota Kendari,,0.0216443348271,1.21929531969,4326,5,,,Kota Kendari,Sulawesi Tenggara,,0,Kendari,,2018-07,2.528023273994519,7,2.528023273994519,VIIRS DNB,nW/cm2/sr,2018,"{""type"":""MultiPoint"",""coordinates"":[]}"
54_00000000000000000006,BA03050040,,,,,,,74.11,74,3992.53107078,TASWIL5000020230907KABKOTA,Kolaka Timur,,0.325055960897,4.62416724675,4326,4,,,Kolaka Timur,Sulawesi Tenggara,,0,Kolaka,,2018-07,0.27878631706579265,7,0.27878631706579265,VIIRS DNB,nW/cm2/sr,2018,"{""type"":""MultiPoint"",""coordinates"":[]}"
54_00000000000000000007,BA03050040,,,,,,,74.08,74,2932.25192061,TASWIL5000020230907KABKOTA,Kolaka Utara,,0.238597308701,3.90865020949,4326,4,,,Kolaka Utara,Sulawesi Tenggara,,0,Kolaka,,2018-07,0.2840504732468375,7,0.2840504732468375,VIIRS DNB,nW/cm2/sr,2018,"{""type"":""MultiPoint"",""coordinates"":[]}"
54_00000000000000000009,BA03050040,,,,,,,74.12,74,705.711010277,TASWIL5000020230907KABKOTA,Konawe Kepulauan,,0.0574768178025,1.17136047971,4326,4,,,Konawe Kepulauan,Sulawesi Tenggara,,0,Konawe,,2018-07,0.25997578656637094,7,0.25997578656637094,VIIRS DNB,nW/cm2/sr,2018,"{""type"":""MultiPoint"",""coordinates"":[]}"
54_0000000000000000000b,BA03050040,,,,,,,74.09,74,4219.81180817,TASWIL5000020230907KABKOTA,Konawe Utara,,0.343408045869,6.15591332033,4326,4,,,Konawe Utara,Sulawesi Tenggara,,0,Konawe,,2018-07,0.26028987402341036,7,0.26028987402341036,VIIRS DNB,nW/cm2/sr,2018,"{""type"":""MultiPoint"",""coordinates"":[]}"
54_00000000000000000004,BA03050040,,,,,,,74.10,74,1755.8292261,TASWIL5000020230907KABKOTA,Buton Utara,,0.143115018242,4.67921811895,4326,4,,,Buton Utara,Sulawesi Tenggara,,0,Muna,,2018-07,0.23459234910867088,7,0.23459234910867088,VIIRS DNB,nW/cm2/sr,2018,"{""type"":""MultiPoint"",""coordinates"":[]}"
54_0000000000000000000f,BA03050040,,,,,,,74.13,74,818.701593571,TASWIL5000020230907KABKOTA,Muna Barat,,0.0667415576998,2.65906981122,4326,4,,,Muna Barat,Sulawesi Tenggara,,0,Muna,,2018-07,0.2677877496915145,7,0.2677877496915145,VIIRS DNB,nW/cm2/sr,2018,"{""type"":""MultiPoint"",""coordinates"":[]}"
54_00000000000000000013,BA03050040,,,,,,,74.13,74,0.273099429049,TASWIL5000020230907KABKOTA,Muna Barat,Wilayah terapung,2.22679841875E-5,0.0295594995644,4326,4,,,Muna Barat,Sulawesi Tenggara,,0,Muna,,2018-07,0.22148014481317266,7,0.22148014481317266,VIIRS DNB,nW/cm2/sr,2018,"{""type"":""MultiPoint"",""coordinates"":[]}"
54_00000000000000000014,BA03050040,,,,,,,74.10,74,0.0480497061255,TASWIL5000020230907KABKOTA,Buton Utara,Wilayah terapung,3.9169026899E-6,0.0168384250334,4326,4,,,Buton Utara,Sulawesi Tenggara,,0,Muna,,2018-07,0.575714294399534,7,0.575714294399534,VIIRS DNB,nW/cm2/sr,2018,"{""type"":""MultiPoint"",""coordinates"":[]}"
55_00000000000000000001,BA03050040,,,,,,,74.04,74,1669.32863016,TASWIL5000020230907KABKOTA,Buton,,0.136188299866,3.04087674144,4326,4,,,Buton,Sulawesi Tenggara,,0,,,2018-08,0.2504155833680721,8,0.2504155833680721,VIIRS DNB,nW/cm2/sr,2018,"{""type"":""MultiPoint"",""coordinates"":[]}"
55_00000000000000000005,BA03050040,,,,,,,74.01,74,2958.9208572,TASWIL5000020230907KABKOTA,Kolaka,,0.240980839474,5.39527306777,4326,4,,,Kolaka,Sulawesi Tenggara,,0,,,2018-08,0.32469294988927827,8,0.32469294988927827,VIIRS DNB,nW/cm2/sr,2018,"{""type"":""MultiPoint"",""coordinates"":[]}"
55_00000000000000000008,BA03050040,,,,,,,74.02,74,5351.85263389,TASWIL5000020230907KABKOTA,Konawe,,0.435602118514,6.84601568998,4326,4,,,Konawe,Sulawesi Tenggara,,0,,,2018-08,0.3032064843544108,8,0.3032064843544108,VIIRS DNB,nW/cm2/sr,2018,"{""type"":""MultiPoint"",""coordinates"":[]}"
55_0000000000000000000e,BA03050040,,,,,,,74.03,74,1858.09481163,TASWIL5000020230907KABKOTA,Muna,,0.151502694674,5.32849464874,4326,4,,,Muna,Sulawesi Tenggara,,0,,,2018-08,0.2872779384467845,8,0.2872779384467845,VIIRS DNB,nW/cm2/sr,2018,"{""type"":""MultiPoint"",""coordinates"":[]}"
55_00000000000000000015,BA03050040,,,,,,,74.03,74,0.17024708351,TASWIL5000020230907KABKOTA,Muna,Wilayah terapung,1.38839187565E-5,0.039960941818,4326,4,,,Muna,Sulawesi Tenggara,,0,,,2018-08,0.23901734565723834,8,0.23901734565723834,VIIRS DNB,nW/cm2/sr,2018,"{""type"":""MultiPoint"",""coordinates"":[]}"
55_00000000000000000016,BA03050040,,,,,,,74.04,74,0.188157250699,TASWIL5000020230907KABKOTA,Buton,Wilayah terapung,1.53526521797E-5,0.0397338812277,4326,4,,,Buton,Sulawesi Tenggara,,0,,,2018-08,0.47304347481416625,8,0.47304347481416625,VIIRS DNB,nW/cm2/sr,2018,"{""type"":""MultiPoint"",""coordinates"":[]}"
55_00000000000000000000,BA03050040,,,,,,,74.06,74,3293.96639913,TASWIL5000020230907KABKOTA,Bombana,,0.268524880662,5.47167246052,4326,4,,,Bombana,Sulawesi Tenggara,,0,Buton,,2018-08,0.2576128251297128,8,0.2576128251297128,VIIRS DNB,nW/cm2/sr,2018,"{""type"":""MultiPoint"",""coordinates"":[]}"
55_00000000000000000002,BA03050040,,,,,,,74.15,74,517.631463505,TASWIL5000020230907KABKOTA,Buton Selatan,,0.042249508051,1.85498741345,4326,4,,,Buton Selatan,Sulawesi Tenggara,,0,Buton,,2018-08,0.28907561790055164,8,0.28907561790055164,VIIRS DNB,nW/cm2/sr,2018,"{""type"":""MultiPoint"",""coordinates"":[]}"
55_00000000000000000003,BA03050040,,,,,,,74.14,74,836.955797791,TASWIL5000020230907KABKOTA,Buton Tengah,,0.0682810706644,2.98412837401,4326,4,,,Buton Tengah,Sulawesi Tenggara,,0,Buton,,2018-08,0.26024168280557586,8,0.26024168280557586,VIIRS DNB,nW/cm2/sr,2018,"{""type"":""MultiPoint"",""coordinates"":[]}"
55_0000000000000000000c,BA03050040,,,,,,,74.72,74,294.137423231,TASWIL5000020230907KABKOTA,Kota Bau Bau,,0.0240007870008,0.955179337168,4326,5,,,Kota Bau Bau,Sulawesi Tenggara,,0,Buton,,2018-08,0.8878365048431234,8,0.8878365048431234,VIIRS DNB,nW/cm2/sr,2018,"{""type"":""MultiPoint"",""coordinates"":[]}"
55_00000000000000000010,BA03050040,,,,,,,74.07,74,450.455914283,TASWIL5000020230907KABKOTA,Wakatobi,,0.0367648905913,3.71804674371,4326,4,,,Wakatobi,Sulawesi Tenggara,,0,Buton,,2018-08,0.33990786972303155,8,0.33990786972303155,VIIRS DNB,nW/cm2/sr,2018,"{""type"":""MultiPoint"",""coordinates"":[]}"
55_00000000000000000011,BA03050040,,,,,,,74.07,74,0.253355482028,TASWIL5000020230907KABKOTA,Wakatobi,Wilayah terapung,2.06703594498E-5,0.0291924563304,4326,4,,,Wakatobi,Sulawesi Tenggara,,0,Buton,,2018-08,2.6551938458930615,8,2.6551938458930615,VIIRS DNB,nW/cm2/sr,2018,"{""type"":""MultiPoint"",""coordinates"":[]}"
55_00000000000000000012,BA03050040,,,,,,,74.07,74,4.12006083394,TASWIL5000020230907KABKOTA,Wakatobi,Wilayah terapung,3.36232999688E-4,0.124432278786,4326,4,,,Wakatobi,Sulawesi Tenggara,,0,Buton,,2018-08,0.24177041469241042,8,0.24177041469241042,VIIRS DNB,nW/cm2/sr,2018,"{""type"":""MultiPoint"",""coordinates"":[]}"
55_0000000000000000000a,BA03050040,,,,,,,74.05,74,4237.74051506,TASWIL5000020230907KABKOTA,Konawe Selatan,,0.345208073275,5.59324280043,4326,4,,,Konawe Selatan,Sulawesi Tenggara,,0,Kendari,,2018-08,0.3182045966527306,8,0.3182045966527306,VIIRS DNB,nW/cm2/sr,2018,"{""type"":""MultiPoint"",""coordinates"":[]}"
55_0000000000000000000d,BA03050040,,,,,,,74.71,74,265.790696582,TASWIL5000020230907KABKOTA,Kota Kendari,,0.0216443348271,1.21929531969,4326,5,,,Kota Kendari,Sulawesi Tenggara,,0,Kendari,,2018-08,2.3772720150023345,8,2.3772720150023345,VIIRS DNB,nW/cm2/sr,2018,"{""type"":""MultiPoint"",""coordinates"":[]}"
55_00000000000000000006,BA03050040,,,,,,,74.11,74,3992.53107078,TASWIL5000020230907KABKOTA,Kolaka Timur,,0.325055960897,4.62416724675,4326,4,,,Kolaka Timur,Sulawesi Tenggara,,0,Kolaka,,2018-08,0.24605863130563138,8,0.24605863130563138,VIIRS DNB,nW/cm2/sr,2018,"{""type"":""MultiPoint"",""coordinates"":[]}"
55_00000000000000000007,BA03050040,,,,,,,74.08,74,2932.25192061,TASWIL5000020230907KABKOTA,Kolaka Utara,,0.238597308701,3.90865020949,4326,4,,,Kolaka Utara,Sulawesi Tenggara,,0,Kolaka,,2018-08,0.22894100573216258,8,0.22894100573216258,VIIRS DNB,nW/cm2/sr,2018,"{""type"":""MultiPoint"",""coordinates"":[]}"
55_00000000000000000009,BA03050040,,,,,,,74.12,74,705.711010277,TASWIL5000020230907KABKOTA,Konawe Kepulauan,,0.0574768178025,1.17136047971,4326,4,,,Konawe Kepulauan,Sulawesi Tenggara,,0,Konawe,,2018-08,0.27080297631543876,8,0.27080297631543876,VIIRS DNB,nW/cm2/sr,2018,"{""type"":""MultiPoint"",""coordinates"":[]}"
55_0000000000000000000b,BA03050040,,,,,,,74.09,74,4219.81180817,TASWIL5000020230907KABKOTA,Konawe Utara,,0.343408045869,6.15591332033,4326,4,,,Konawe Utara,Sulawesi Tenggara,,0,Konawe,,2018-08,0.232463843993404,8,0.232463843993404,VIIRS DNB,nW/cm2/sr,2018,"{""type"":""MultiPoint"",""coordinates"":[]}"
55_00000000000000000004,BA03050040,,,,,,,74.10,74,1755.8292261,TASWIL5000020230907KABKOTA,Buton Utara,,0.143115018242,4.67921811895,4326,4,,,Buton Utara,Sulawesi Tenggara,,0,Muna,,2018-08,0.24225640219232655,8,0.24225640219232655,VIIRS DNB,nW/cm2/sr,2018,"{""type"":""MultiPoint"",""coordinates"":[]}"
55_0000000000000000000f,BA03050040,,,,,,,74.13,74,818.701593571,TASWIL5000020230907KABKOTA,Muna Barat,,0.0667415576998,2.65906981122,4326,4,,,Muna Barat,Sulawesi Tenggara,,0,Muna,,2018-08,0.28088498074432816,8,0.28088498074432816,VIIRS DNB,nW/cm2/sr,2018,"{""type"":""MultiPoint"",""coordinates"":[]}"
55_00000000000000000013,BA03050040,,,,,,,74.13,74,0.273099429049,TASWIL5000020230907KABKOTA,Muna Barat,Wilayah terapung,2.22679841875E-5,0.0295594995644,4326,4,,,Muna Barat,Sulawesi Tenggara,,0,Muna,,2018-08,0.23472924498229247,8,0.23472924498229247,VIIRS DNB,nW/cm2/sr,2018,"{""type"":""MultiPoint"",""coordinates"":[]}"
55_00000000000000000014,BA03050040,,,,,,,74.10,74,0.0480497061255,TASWIL5000020230907KABKOTA,Buton Utara,Wilayah terapung,3.9169026899E-6,0.0168384250334,4326,4,,,Buton Utara,Sulawesi Tenggara,,0,Muna,,2018-08,0.7271428661687034,8,0.7271428661687034,VIIRS DNB,nW/cm2/sr,2018,"{""type"":""MultiPoint"",""coordinates"":[]}"
56_00000000000000000001,BA03050040,,,,,,,74.04,74,1669.32863016,TASWIL5000020230907KABKOTA,Buton,,0.136188299866,3.04087674144,4326,4,,,Buton,Sulawesi Tenggara,,0,,,2018-09,0.1653033821511716,9,0.1653033821511716,VIIRS DNB,nW/cm2/sr,2018,"{""type"":""MultiPoint"",""coordinates"":[]}"
56_00000000000000000005,BA03050040,,,,,,,74.01,74,2958.9208572,TASWIL5000020230907KABKOTA,Kolaka,,0.240980839474,5.39527306777,4326,4,,,Kolaka,Sulawesi Tenggara,,0,,,2018-09,0.25068637486257106,9,0.25068637486257106,VIIRS DNB,nW/cm2/sr,2018,"{""type"":""MultiPoint"",""coordinates"":[]}"
56_00000000000000000008,BA03050040,,,,,,,74.02,74,5351.85263389,TASWIL5000020230907KABKOTA,Konawe,,0.435602118514,6.84601568998,4326,4,,,Konawe,Sulawesi Tenggara,,0,,,2018-09,0.25175270458409277,9,0.25175270458409277,VIIRS DNB,nW/cm2/sr,2018,"{""type"":""MultiPoint"",""coordinates"":[]}"
56_0000000000000000000e,BA03050040,,,,,,,74.03,74,1858.09481163,TASWIL5000020230907KABKOTA,Muna,,0.151502694674,5.32849464874,4326,4,,,Muna,Sulawesi Tenggara,,0,,,2018-09,0.18181023160007626,9,0.18181023160007626,VIIRS DNB,nW/cm2/sr,2018,"{""type"":""MultiPoint"",""coordinates"":[]}"
56_00000000000000000015,BA03050040,,,,,,,74.03,74,0.17024708351,TASWIL5000020230907KABKOTA,Muna,Wilayah terapung,1.38839187565E-5,0.039960941818,4326,4,,,Muna,Sulawesi Tenggara,,0,,,2018-09,0.17485549193241692,9,0.17485549193241692,VIIRS DNB,nW/cm2/sr,2018,"{""type"":""MultiPoint"",""coordinates"":[]}"
56_00000000000000000016,BA03050040,,,,,,,74.04,74,0.188157250699,TASWIL5000020230907KABKOTA,Buton,Wilayah terapung,1.53526521797E-5,0.0397338812277,4326,4,,,Buton,Sulawesi Tenggara,,0,,,2018-09,0.3691304275847001,9,0.3691304275847001,VIIRS DNB,nW/cm2/sr,2018,"{""type"":""MultiPoint"",""coordinates"":[]}"
56_00000000000000000000,BA03050040,,,,,,,74.06,74,3293.96639913,TASWIL5000020230907KABKOTA,Bombana,,0.268524880662,5.47167246052,4326,4,,,Bombana,Sulawesi Tenggara,,0,Buton,,2018-09,0.1506248634265218,9,0.1506248634265218,VIIRS DNB,nW/cm2/sr,2018,"{""type"":""MultiPoint"",""coordinates"":[]}"
56_00000000000000000002,BA03050040,,,,,,,74.15,74,517.631463505,TASWIL5000020230907KABKOTA,Buton Selatan,,0.042249508051,1.85498741345,4326,4,,,Buton Selatan,Sulawesi Tenggara,,0,Buton,,2018-09,0.23735168208084037,9,0.23735168208084037,VIIRS DNB,nW/cm2/sr,2018,"{""type"":""MultiPoint"",""coordinates"":[]}"
56_00000000000000000003,BA03050040,,,,,,,74.14,74,836.955797791,TASWIL5000020230907KABKOTA,Buton Tengah,,0.0682810706644,2.98412837401,4326,4,,,Buton Tengah,Sulawesi Tenggara,,0,Buton,,2018-09,0.18166323642924387,9,0.18166323642924387,VIIRS DNB,nW/cm2/sr,2018,"{""type"":""MultiPoint"",""coordinates"":[]}"
56_0000000000000000000c,BA03050040,,,,,,,74.72,74,294.137423231,TASWIL5000020230907KABKOTA,Kota Bau Bau,,0.0240007870008,0.955179337168,4326,5,,,Kota Bau Bau,Sulawesi Tenggara,,0,Buton,,2018-09,0.8823212022812508,9,0.8823212022812508,VIIRS DNB,nW/cm2/sr,2018,"{""type"":""MultiPoint"",""coordinates"":[]}"
56_00000000000000000010,BA03050040,,,,,,,74.07,74,450.455914283,TASWIL5000020230907KABKOTA,Wakatobi,,0.0367648905913,3.71804674371,4326,4,,,Wakatobi,Sulawesi Tenggara,,0,Buton,,2018-09,0.25796103785327673,9,0.25796103785327673,VIIRS DNB,nW/cm2/sr,2018,"{""type"":""MultiPoint"",""coordinates"":[]}"
56_00000000000000000011,BA03050040,,,,,,,74.07,74,0.253355482028,TASWIL5000020230907KABKOTA,Wakatobi,Wilayah terapung,2.06703594498E-5,0.0291924563304,4326,4,,,Wakatobi,Sulawesi Tenggara,,0,Buton,,2018-09,2.2044185834337577,9,2.2044185834337577,VIIRS DNB,nW/cm2/sr,2018,"{""type"":""MultiPoint"",""coordinates"":[]}"
56_00000000000000000012,BA03050040,,,,,,,74.07,74,4.12006083394,TASWIL5000020230907KABKOTA,Wakatobi,Wilayah terapung,3.36232999688E-4,0.124432278786,4326,4,,,Wakatobi,Sulawesi Tenggara,,0,Buton,,2018-09,0.18114792983031136,9,0.18114792983031136,VIIRS DNB,nW/cm2/sr,2018,"{""type"":""MultiPoint"",""coordinates"":[]}"
56_0000000000000000000a,BA03050040,,,,,,,74.05,74,4237.74051506,TASWIL5000020230907KABKOTA,Konawe Selatan,,0.345208073275,5.59324280043,4326,4,,,Konawe Selatan,Sulawesi Tenggara,,0,Kendari,,2018-09,0.20748344451706321,9,0.20748344451706321,VIIRS DNB,nW/cm2/sr,2018,"{""type"":""MultiPoint"",""coordinates"":[]}"
56_0000000000000000000d,BA03050040,,,,,,,74.71,74,265.790696582,TASWIL5000020230907KABKOTA,Kota Kendari,,0.0216443348271,1.21929531969,4326,5,,,Kota Kendari,Sulawesi Tenggara,,0,Kendari,,2018-09,2.6103574062634354,9,2.6103574062634354,VIIRS DNB,nW/cm2/sr,2018,"{""type"":""MultiPoint"",""coordinates"":[]}"
56_00000000000000000006,BA03050040,,,,,,,74.11,74,3992.53107078,TASWIL5000020230907KABKOTA,Kolaka Timur,,0.325055960897,4.62416724675,4326,4,,,Kolaka Timur,Sulawesi Tenggara,,0,Kolaka,,2018-09,0.1479203829275933,9,0.1479203829275933,VIIRS DNB,nW/cm2/sr,2018,"{""type"":""MultiPoint"",""coordinates"":[]}"
56_00000000000000000007,BA03050040,,,,,,,74.08,74,2932.25192061,TASWIL5000020230907KABKOTA,Kolaka Utara,,0.238597308701,3.90865020949,4326,4,,,Kolaka Utara,Sulawesi Tenggara,,0,Kolaka,,2018-09,0.15239608316535905,9,0.15239608316535905,VIIRS DNB,nW/cm2/sr,2018,"{""type"":""MultiPoint"",""coordinates"":[]}"
56_00000000000000000009,BA03050040,,,,,,,74.12,74,705.711010277,TASWIL5000020230907KABKOTA,Konawe Kepulauan,,0.0574768178025,1.17136047971,4326,4,,,Konawe Kepulauan,Sulawesi Tenggara,,0,Konawe,,2018-09,0.15022079664572816,9,0.15022079664572816,VIIRS DNB,nW/cm2/sr,2018,"{""type"":""MultiPoint"",""coordinates"":[]}"
56_0000000000000000000b,BA03050040,,,,,,,74.09,74,4219.81180817,TASWIL5000020230907KABKOTA,Konawe Utara,,0.343408045869,6.15591332033,4326,4,,,Konawe Utara,Sulawesi Tenggara,,0,Konawe,,2018-09,0.14893139826825696,9,0.14893139826825696,VIIRS DNB,nW/cm2/sr,2018,"{""type"":""MultiPoint"",""coordinates"":[]}"
56_00000000000000000004,BA03050040,,,,,,,74.10,74,1755.8292261,TASWIL5000020230907KABKOTA,Buton Utara,,0.143115018242,4.67921811895,4326,4,,,Buton Utara,Sulawesi Tenggara,,0,Muna,,2018-09,0.13565446486538738,9,0.13565446486538738,VIIRS DNB,nW/cm2/sr,2018,"{""type"":""MultiPoint"",""coordinates"":[]}"
56_0000000000000000000f,BA03050040,,,,,,,74.13,74,818.701593571,TASWIL5000020230907KABKOTA,Muna Barat,,0.0667415576998,2.65906981122,4326,4,,,Muna Barat,Sulawesi Tenggara,,0,Muna,,2018-09,0.17258988131736194,9,0.17258988131736194,VIIRS DNB,nW/cm2/sr,2018,"{""type"":""MultiPoint"",""coordinates"":[]}"
56_00000000000000000013,BA03050040,,,,,,,74.13,74,0.273099429049,TASWIL5000020230907KABKOTA,Muna Barat,Wilayah terapung,2.22679841875E-5,0.0295594995644,4326,4,,,Muna Barat,Sulawesi Tenggara,,0,Muna,,2018-09,0.1234657033363404,9,0.1234657033363404,VIIRS DNB,nW/cm2/sr,2018,"{""type"":""MultiPoint"",""coordinates"":[]}"
56_00000000000000000014,BA03050040,,,,,,,74.10,74,0.0480497061255,TASWIL5000020230907KABKOTA,Buton Utara,Wilayah terapung,3.9169026899E-6,0.0168384250334,4326,4,,,Buton Utara,Sulawesi Tenggara,,0,Muna,,2018-09,0.46714284590312416,9,0.46714284590312416,VIIRS DNB,nW/cm2/sr,2018,"{""type"":""MultiPoint"",""coordinates"":[]}"
57_00000000000000000001,BA03050040,,,,,,,74.04,74,1669.32863016,TASWIL5000020230907KABKOTA,Buton,,0.136188299866,3.04087674144,4326,4,,,Buton,Sulawesi Tenggara,,0,,,2018-10,0.18376716240718036,10,0.18376716240718036,VIIRS DNB,nW/cm2/sr,2018,"{""type"":""MultiPoint"",""coordinates"":[]}"
57_00000000000000000005,BA03050040,,,,,,,74.01,74,2958.9208572,TASWIL5000020230907KABKOTA,Kolaka,,0.240980839474,5.39527306777,4326,4,,,Kolaka,Sulawesi Tenggara,,0,,,2018-10,0.24408019019640645,10,0.24408019019640645,VIIRS DNB,nW/cm2/sr,2018,"{""type"":""MultiPoint"",""coordinates"":[]}"
57_00000000000000000008,BA03050040,,,,,,,74.02,74,5351.85263389,TASWIL5000020230907KABKOTA,Konawe,,0.435602118514,6.84601568998,4326,4,,,Konawe,Sulawesi Tenggara,,0,,,2018-10,0.21652009910837852,10,0.21652009910837852,VIIRS DNB,nW/cm2/sr,2018,"{""type"":""MultiPoint"",""coordinates"":[]}"
57_0000000000000000000e,BA03050040,,,,,,,74.03,74,1858.09481163,TASWIL5000020230907KABKOTA,Muna,,0.151502694674,5.32849464874,4326,4,,,Muna,Sulawesi Tenggara,,0,,,2018-10,0.2229828514276194,10,0.2229828514276194,VIIRS DNB,nW/cm2/sr,2018,"{""type"":""MultiPoint"",""coordinates"":[]}"
57_00000000000000000015,BA03050040,,,,,,,74.03,74,0.17024708351,TASWIL5000020230907KABKOTA,Muna,Wilayah terapung,1.38839187565E-5,0.039960941818,4326,4,,,Muna,Sulawesi Tenggara,,0,,,2018-10,0.20121387319068687,10,0.20121387319068687,VIIRS DNB,nW/cm2/sr,2018,"{""type"":""MultiPoint"",""coordinates"":[]}"
57_00000000000000000016,BA03050040,,,,,,,74.04,74,0.188157250699,TASWIL5000020230907KABKOTA,Buton,Wilayah terapung,1.53526521797E-5,0.0397338812277,4326,4,,,Buton,Sulawesi Tenggara,,0,,,2018-10,0.46733695398206304,10,0.46733695398206304,VIIRS DNB,nW/cm2/sr,2018,"{""type"":""MultiPoint"",""coordinates"":[]}"
57_00000000000000000000,BA03050040,,,,,,,74.06,74,3293.96639913,TASWIL5000020230907KABKOTA,Bombana,,0.268524880662,5.47167246052,4326,4,,,Bombana,Sulawesi Tenggara,,0,Buton,,2018-10,0.20662836461740927,10,0.20662836461740927,VIIRS DNB,nW/cm2/sr,2018,"{""type"":""MultiPoint"",""coordinates"":[]}"
57_00000000000000000002,BA03050040,,,,,,,74.15,74,517.631463505,TASWIL5000020230907KABKOTA,Buton Selatan,,0.042249508051,1.85498741345,4326,4,,,Buton Selatan,Sulawesi Tenggara,,0,Buton,,2018-10,0.24481961301414704,10,0.24481961301414704,VIIRS DNB,nW/cm2/sr,2018,"{""type"":""MultiPoint"",""coordinates"":[]}"
57_00000000000000000003,BA03050040,,,,,,,74.14,74,836.955797791,TASWIL5000020230907KABKOTA,Buton Tengah,,0.0682810706644,2.98412837401,4326,4,,,Buton Tengah,Sulawesi Tenggara,,0,Buton,,2018-10,0.20864574582277823,10,0.20864574582277823,VIIRS DNB,nW/cm2/sr,2018,"{""type"":""MultiPoint"",""coordinates"":[]}"
57_0000000000000000000c,BA03050040,,,,,,,74.72,74,294.137423231,TASWIL5000020230907KABKOTA,Kota Bau Bau,,0.0240007870008,0.955179337168,4326,5,,,Kota Bau Bau,Sulawesi Tenggara,,0,Buton,,2018-10,0.989729066723384,10,0.989729066723384,VIIRS DNB,nW/cm2/sr,2018,"{""type"":""MultiPoint"",""coordinates"":[]}"
57_00000000000000000010,BA03050040,,,,,,,74.07,74,450.455914283,TASWIL5000020230907KABKOTA,Wakatobi,,0.0367648905913,3.71804674371,4326,4,,,Wakatobi,Sulawesi Tenggara,,0,Buton,,2018-10,0.29843168000684606,10,0.29843168000684606,VIIRS DNB,nW/cm2/sr,2018,"{""type"":""MultiPoint"",""coordinates"":[]}"
57_00000000000000000011,BA03050040,,,,,,,74.07,74,0.253355482028,TASWIL5000020230907KABKOTA,Wakatobi,Wilayah terapung,2.06703594498E-5,0.0291924563304,4326,4,,,Wakatobi,Sulawesi Tenggara,,0,Buton,,2018-10,2.4318604746530226,10,2.4318604746530226,VIIRS DNB,nW/cm2/sr,2018,"{""type"":""MultiPoint"",""coordinates"":[]}"
57_00000000000000000012,BA03050040,,,,,,,74.07,74,4.12006083394,TASWIL5000020230907KABKOTA,Wakatobi,Wilayah terapung,3.36232999688E-4,0.124432278786,4326,4,,,Wakatobi,Sulawesi Tenggara,,0,Buton,,2018-10,0.18621775217839245,10,0.18621775217839245,VIIRS DNB,nW/cm2/sr,2018,"{""type"":""MultiPoint"",""coordinates"":[]}"
57_0000000000000000000a,BA03050040,,,,,,,74.05,74,4237.74051506,TASWIL5000020230907KABKOTA,Konawe Selatan,,0.345208073275,5.59324280043,4326,4,,,Konawe Selatan,Sulawesi Tenggara,,0,Kendari,,2018-10,0.24142299648728163,10,0.24142299648728163,VIIRS DNB,nW/cm2/sr,2018,"{""type"":""MultiPoint"",""coordinates"":[]}"
57_0000000000000000000d,BA03050040,,,,,,,74.71,74,265.790696582,TASWIL5000020230907KABKOTA,Kota Kendari,,0.0216443348271,1.21929531969,4326,5,,,Kota Kendari,Sulawesi Tenggara,,0,Kendari,,2018-10,2.757899167347445,10,2.757899167347445,VIIRS DNB,nW/cm2/sr,2018,"{""type"":""MultiPoint"",""coordinates"":[]}"
57_00000000000000000006,BA03050040,,,,,,,74.11,74,3992.53107078,TASWIL5000020230907KABKOTA,Kolaka Timur,,0.325055960897,4.62416724675,4326,4,,,Kolaka Timur,Sulawesi Tenggara,,0,Kolaka,,2018-10,0.15427990778629608,10,0.15427990778629608,VIIRS DNB,nW/cm2/sr,2018,"{""type"":""MultiPoint"",""coordinates"":[]}"
57_00000000000000000007,BA03050040,,,,,,,74.08,74,2932.25192061,TASWIL5000020230907KABKOTA,Kolaka Utara,,0.238597308701,3.90865020949,4326,4,,,Kolaka Utara,Sulawesi Tenggara,,0,Kolaka,,2018-10,0.1460769729023121,10,0.1460769729023121,VIIRS DNB,nW/cm2/sr,2018,"{""type"":""MultiPoint"",""coordinates"":[]}"
57_00000000000000000009,BA03050040,,,,,,,74.12,74,705.711010277,TASWIL5000020230907KABKOTA,Konawe Kepulauan,,0.0574768178025,1.17136047971,4326,4,,,Konawe Kepulauan,Sulawesi Tenggara,,0,Konawe,,2018-10,0.17216272084707004,10,0.17216272084707004,VIIRS DNB,nW/cm2/sr,2018,"{""type"":""MultiPoint"",""coordinates"":[]}"
57_0000000000000000000b,BA03050040,,,,,,,74.09,74,4219.81180817,TASWIL5000020230907KABKOTA,Konawe Utara,,0.343408045869,6.15591332033,4326,4,,,Konawe Utara,Sulawesi Tenggara,,0,Konawe,,2018-10,0.1551613374734205,10,0.1551613374734205,VIIRS DNB,nW/cm2/sr,2018,"{""type"":""MultiPoint"",""coordinates"":[]}"
57_00000000000000000004,BA03050040,,,,,,,74.10,74,1755.8292261,TASWIL5000020230907KABKOTA,Buton Utara,,0.143115018242,4.67921811895,4326,4,,,Buton Utara,Sulawesi Tenggara,,0,Muna,,2018-10,0.16479090101024707,10,0.16479090101024707,VIIRS DNB,nW/cm2/sr,2018,"{""type"":""MultiPoint"",""coordinates"":[]}"
57_0000000000000000000f,BA03050040,,,,,,,74.13,74,818.701593571,TASWIL5000020230907KABKOTA,Muna Barat,,0.0667415576998,2.65906981122,4326,4,,,Muna Barat,Sulawesi Tenggara,,0,Muna,,2018-10,0.2141288867743769,10,0.2141288867743769,VIIRS DNB,nW/cm2/sr,2018,"{""type"":""MultiPoint"",""coordinates"":[]}"
57_00000000000000000013,BA03050040,,,,,,,74.13,74,0.273099429049,TASWIL5000020230907KABKOTA,Muna Barat,Wilayah terapung,2.22679841875E-5,0.0295594995644,4326,4,,,Muna Barat,Sulawesi Tenggara,,0,Muna,,2018-10,0.19407941938952847,10,0.19407941938952847,VIIRS DNB,nW/cm2/sr,2018,"{""type"":""MultiPoint"",""coordinates"":[]}"
57_00000000000000000014,BA03050040,,,,,,,74.10,74,0.0480497061255,TASWIL5000020230907KABKOTA,Buton Utara,Wilayah terapung,3.9169026899E-6,0.0168384250334,4326,4,,,Buton Utara,Sulawesi Tenggara,,0,Muna,,2018-10,0.7685714449201312,10,0.7685714449201312,VIIRS DNB,nW/cm2/sr,2018,"{""type"":""MultiPoint"",""coordinates"":[]}"
58_00000000000000000001,BA03050040,,,,,,,74.04,74,1669.32863016,TASWIL5000020230907KABKOTA,Buton,,0.136188299866,3.04087674144,4326,4,,,Buton,Sulawesi Tenggara,,0,,,2018-11,0.16072976916527396,11,0.16072976916527396,VIIRS DNB,nW/cm2/sr,2018,"{""type"":""MultiPoint"",""coordinates"":[]}"
58_00000000000000000005,BA03050040,,,,,,,74.01,74,2958.9208572,TASWIL5000020230907KABKOTA,Kolaka,,0.240980839474,5.39527306777,4326,4,,,Kolaka,Sulawesi Tenggara,,0,,,2018-11,0.2604068921262432,11,0.2604068921262432,VIIRS DNB,nW/cm2/sr,2018,"{""type"":""MultiPoint"",""coordinates"":[]}"
58_00000000000000000008,BA03050040,,,,,,,74.02,74,5351.85263389,TASWIL5000020230907KABKOTA,Konawe,,0.435602118514,6.84601568998,4326,4,,,Konawe,Sulawesi Tenggara,,0,,,2018-11,0.23063483813865243,11,0.23063483813865243,VIIRS DNB,nW/cm2/sr,2018,"{""type"":""MultiPoint"",""coordinates"":[]}"
58_0000000000000000000e,BA03050040,,,,,,,74.03,74,1858.09481163,TASWIL5000020230907KABKOTA,Muna,,0.151502694674,5.32849464874,4326,4,,,Muna,Sulawesi Tenggara,,0,,,2018-11,0.20294992783981505,11,0.20294992783981505,VIIRS DNB,nW/cm2/sr,2018,"{""type"":""MultiPoint"",""coordinates"":[]}"
58_00000000000000000015,BA03050040,,,,,,,74.03,74,0.17024708351,TASWIL5000020230907KABKOTA,Muna,Wilayah terapung,1.38839187565E-5,0.039960941818,4326,4,,,Muna,Sulawesi Tenggara,,0,,,2018-11,0.2039884397749267,11,0.2039884397749267,VIIRS DNB,nW/cm2/sr,2018,"{""type"":""MultiPoint"",""coordinates"":[]}"
58_00000000000000000016,BA03050040,,,,,,,74.04,74,0.188157250699,TASWIL5000020230907KABKOTA,Buton,Wilayah terapung,1.53526521797E-5,0.0397338812277,4326,4,,,Buton,Sulawesi Tenggara,,0,,,2018-11,0.4810869515590046,11,0.4810869515590046,VIIRS DNB,nW/cm2/sr,2018,"{""type"":""MultiPoint"",""coordinates"":[]}"
58_00000000000000000000,BA03050040,,,,,,,74.06,74,3293.96639913,TASWIL5000020230907KABKOTA,Bombana,,0.268524880662,5.47167246052,4326,4,,,Bombana,Sulawesi Tenggara,,0,Buton,,2018-11,0.19383637549776395,11,0.19383637549776395,VIIRS DNB,nW/cm2/sr,2018,"{""type"":""MultiPoint"",""coordinates"":[]}"
58_00000000000000000002,BA03050040,,,,,,,74.15,74,517.631463505,TASWIL5000020230907KABKOTA,Buton Selatan,,0.042249508051,1.85498741345,4326,4,,,Buton Selatan,Sulawesi Tenggara,,0,Buton,,2018-11,0.2182516223560145,11,0.2182516223560145,VIIRS DNB,nW/cm2/sr,2018,"{""type"":""MultiPoint"",""coordinates"":[]}"
58_00000000000000000003,BA03050040,,,,,,,74.14,74,836.955797791,TASWIL5000020230907KABKOTA,Buton Tengah,,0.0682810706644,2.98412837401,4326,4,,,Buton Tengah,Sulawesi Tenggara,,0,Buton,,2018-11,0.1860721598068338,11,0.1860721598068338,VIIRS DNB,nW/cm2/sr,2018,"{""type"":""MultiPoint"",""coordinates"":[]}"
58_0000000000000000000c,BA03050040,,,,,,,74.72,74,294.137423231,TASWIL5000020230907KABKOTA,Kota Bau Bau,,0.0240007870008,0.955179337168,4326,5,,,Kota Bau Bau,Sulawesi Tenggara,,0,Buton,,2018-11,0.8773908251590748,11,0.8773908251590748,VIIRS DNB,nW/cm2/sr,2018,"{""type"":""MultiPoint"",""coordinates"":[]}"
58_00000000000000000010,BA03050040,,,,,,,74.07,74,450.455914283,TASWIL5000020230907KABKOTA,Wakatobi,,0.0367648905913,3.71804674371,4326,4,,,Wakatobi,Sulawesi Tenggara,,0,Buton,,2018-11,0.2560381313255071,11,0.2560381313255071,VIIRS DNB,nW/cm2/sr,2018,"{""type"":""MultiPoint"",""coordinates"":[]}"
58_00000000000000000011,BA03050040,,,,,,,74.07,74,0.253355482028,TASWIL5000020230907KABKOTA,Wakatobi,Wilayah terapung,2.06703594498E-5,0.0291924563304,4326,4,,,Wakatobi,Sulawesi Tenggara,,0,Buton,,2018-11,1.806937963694565,11,1.806937963694565,VIIRS DNB,nW/cm2/sr,2018,"{""type"":""MultiPoint"",""coordinates"":[]}"
58_00000000000000000012,BA03050040,,,,,,,74.07,74,4.12006083394,TASWIL5000020230907KABKOTA,Wakatobi,Wilayah terapung,3.36232999688E-4,0.124432278786,4326,4,,,Wakatobi,Sulawesi Tenggara,,0,Buton,,2018-11,0.19219408352434994,11,0.19219408352434994,VIIRS DNB,nW/cm2/sr,2018,"{""type"":""MultiPoint"",""coordinates"":[]}"
58_0000000000000000000a,BA03050040,,,,,,,74.05,74,4237.74051506,TASWIL5000020230907KABKOTA,Konawe Selatan,,0.345208073275,5.59324280043,4326,4,,,Konawe Selatan,Sulawesi Tenggara,,0,Kendari,,2018-11,0.2545075791842741,11,0.2545075791842741,VIIRS DNB,nW/cm2/sr,2018,"{""type"":""MultiPoint"",""coordinates"":[]}"
58_0000000000000000000d,BA03050040,,,,,,,74.71,74,265.790696582,TASWIL5000020230907KABKOTA,Kota Kendari,,0.0216443348271,1.21929531969,4326,5,,,Kota Kendari,Sulawesi Tenggara,,0,Kendari,,2018-11,2.8517001098367696,11,2.8517001098367696,VIIRS DNB,nW/cm2/sr,2018,"{""type"":""MultiPoint"",""coordinates"":[]}"
58_00000000000000000006,BA03050040,,,,,,,74.11,74,3992.53107078,TASWIL5000020230907KABKOTA,Kolaka Timur,,0.325055960897,4.62416724675,4326,4,,,Kolaka Timur,Sulawesi Tenggara,,0,Kolaka,,2018-11,0.16477146856118507,11,0.16477146856118507,VIIRS DNB,nW/cm2/sr,2018,"{""type"":""MultiPoint"",""coordinates"":[]}"
58_00000000000000000007,BA03050040,,,,,,,74.08,74,2932.25192061,TASWIL5000020230907KABKOTA,Kolaka Utara,,0.238597308701,3.90865020949,4326,4,,,Kolaka Utara,Sulawesi Tenggara,,0,Kolaka,,2018-11,0.1333362504429284,11,0.1333362504429284,VIIRS DNB,nW/cm2/sr,2018,"{""type"":""MultiPoint"",""coordinates"":[]}"
58_00000000000000000009,BA03050040,,,,,,,74.12,74,705.711010277,TASWIL5000020230907KABKOTA,Konawe Kepulauan,,0.0574768178025,1.17136047971,4326,4,,,Konawe Kepulauan,Sulawesi Tenggara,,0,Konawe,,2018-11,0.17815998137181613,11,0.17815998137181613,VIIRS DNB,nW/cm2/sr,2018,"{""type"":""MultiPoint"",""coordinates"":[]}"
58_0000000000000000000b,BA03050040,,,,,,,74.09,74,4219.81180817,TASWIL5000020230907KABKOTA,Konawe Utara,,0.343408045869,6.15591332033,4326,4,,,Konawe Utara,Sulawesi Tenggara,,0,Konawe,,2018-11,0.1690632513629633,11,0.1690632513629633,VIIRS DNB,nW/cm2/sr,2018,"{""type"":""MultiPoint"",""coordinates"":[]}"
58_00000000000000000004,BA03050040,,,,,,,74.10,74,1755.8292261,TASWIL5000020230907KABKOTA,Buton Utara,,0.143115018242,4.67921811895,4326,4,,,Buton Utara,Sulawesi Tenggara,,0,Muna,,2018-11,0.15088357474781128,11,0.15088357474781128,VIIRS DNB,nW/cm2/sr,2018,"{""type"":""MultiPoint"",""coordinates"":[]}"
58_0000000000000000000f,BA03050040,,,,,,,74.13,74,818.701593571,TASWIL5000020230907KABKOTA,Muna Barat,,0.0667415576998,2.65906981122,4326,4,,,Muna Barat,Sulawesi Tenggara,,0,Muna,,2018-11,0.20004962286964179,11,0.20004962286964179,VIIRS DNB,nW/cm2/sr,2018,"{""type"":""MultiPoint"",""coordinates"":[]}"
58_00000000000000000013,BA03050040,,,,,,,74.13,74,0.273099429049,TASWIL5000020230907KABKOTA,Muna Barat,Wilayah terapung,2.22679841875E-5,0.0295594995644,4326,4,,,Muna Barat,Sulawesi Tenggara,,0,Muna,,2018-11,0.11292418756855091,11,0.11292418756855091,VIIRS DNB,nW/cm2/sr,2018,"{""type"":""MultiPoint"",""coordinates"":[]}"
58_00000000000000000014,BA03050040,,,,,,,74.10,74,0.0480497061255,TASWIL5000020230907KABKOTA,Buton Utara,Wilayah terapung,3.9169026899E-6,0.0168384250334,4326,4,,,Buton Utara,Sulawesi Tenggara,,0,Muna,,2018-11,0.5885714249951499,11,0.5885714249951499,VIIRS DNB,nW/cm2/sr,2018,"{""type"":""MultiPoint"",""coordinates"":[]}"
59_00000000000000000001,BA03050040,,,,,,,74.04,74,1669.32863016,TASWIL5000020230907KABKOTA,Buton,,0.136188299866,3.04087674144,4326,4,,,Buton,Sulawesi Tenggara,,0,,,2018-12,0.19814534151716154,12,0.19814534151716154,VIIRS DNB,nW/cm2/sr,2018,"{""type"":""MultiPoint"",""coordinates"":[]}"
59_00000000000000000005,BA03050040,,,,,,,74.01,74,2958.9208572,TASWIL5000020230907KABKOTA,Kolaka,,0.240980839474,5.39527306777,4326,4,,,Kolaka,Sulawesi Tenggara,,0,,,2018-12,0.2807921537286551,12,0.2807921537286551,VIIRS DNB,nW/cm2/sr,2018,"{""type"":""MultiPoint"",""coordinates"":[]}"
59_00000000000000000008,BA03050040,,,,,,,74.02,74,5351.85263389,TASWIL5000020230907KABKOTA,Konawe,,0.435602118514,6.84601568998,4326,4,,,Konawe,Sulawesi Tenggara,,0,,,2018-12,0.2948277076981411,12,0.2948277076981411,VIIRS DNB,nW/cm2/sr,2018,"{""type"":""MultiPoint"",""coordinates"":[]}"
59_0000000000000000000e,BA03050040,,,,,,,74.03,74,1858.09481163,TASWIL5000020230907KABKOTA,Muna,,0.151502694674,5.32849464874,4326,4,,,Muna,Sulawesi Tenggara,,0,,,2018-12,0.22923856759094774,12,0.22923856759094774,VIIRS DNB,nW/cm2/sr,2018,"{""type"":""MultiPoint"",""coordinates"":[]}"
59_00000000000000000015,BA03050040,,,,,,,74.03,74,0.17024708351,TASWIL5000020230907KABKOTA,Muna,Wilayah terapung,1.38839187565E-5,0.039960941818,4326,4,,,Muna,Sulawesi Tenggara,,0,,,2018-12,0.1863583852617727,12,0.1863583852617727,VIIRS DNB,nW/cm2/sr,2018,"{""type"":""MultiPoint"",""coordinates"":[]}"
59_00000000000000000016,BA03050040,,,,,,,74.04,74,0.188157250699,TASWIL5000020230907KABKOTA,Buton,Wilayah terapung,1.53526521797E-5,0.0397338812277,4326,4,,,Buton,Sulawesi Tenggara,,0,,,2018-12,0.5273369388735814,12,0.5273369388735814,VIIRS DNB,nW/cm2/sr,2018,"{""type"":""MultiPoint"",""coordinates"":[]}"
59_00000000000000000000,BA03050040,,,,,,,74.06,74,3293.96639913,TASWIL5000020230907KABKOTA,Bombana,,0.268524880662,5.47167246052,4326,4,,,Bombana,Sulawesi Tenggara,,0,Buton,,2018-12,0.21343378002344984,12,0.21343378002344984,VIIRS DNB,nW/cm2/sr,2018,"{""type"":""MultiPoint"",""coordinates"":[]}"
59_00000000000000000002,BA03050040,,,,,,,74.15,74,517.631463505,TASWIL5000020230907KABKOTA,Buton Selatan,,0.042249508051,1.85498741345,4326,4,,,Buton Selatan,Sulawesi Tenggara,,0,Buton,,2018-12,0.24077303408507528,12,0.24077303408507528,VIIRS DNB,nW/cm2/sr,2018,"{""type"":""MultiPoint"",""coordinates"":[]}"
59_00000000000000000003,BA03050040,,,,,,,74.14,74,836.955797791,TASWIL5000020230907KABKOTA,Buton Tengah,,0.0682810706644,2.98412837401,4326,4,,,Buton Tengah,Sulawesi Tenggara,,0,Buton,,2018-12,0.22630516241066323,12,0.22630516241066323,VIIRS DNB,nW/cm2/sr,2018,"{""type"":""MultiPoint"",""coordinates"":[]}"
59_0000000000000000000c,BA03050040,,,,,,,74.72,74,294.137423231,TASWIL5000020230907KABKOTA,Kota Bau Bau,,0.0240007870008,0.955179337168,4326,5,,,Kota Bau Bau,Sulawesi Tenggara,,0,Buton,,2018-12,0.800631876440299,12,0.800631876440299,VIIRS DNB,nW/cm2/sr,2018,"{""type"":""MultiPoint"",""coordinates"":[]}"
59_00000000000000000010,BA03050040,,,,,,,74.07,74,450.455914283,TASWIL5000020230907KABKOTA,Wakatobi,,0.0367648905913,3.71804674371,4326,4,,,Wakatobi,Sulawesi Tenggara,,0,Buton,,2018-12,0.2920662049676477,12,0.2920662049676477,VIIRS DNB,nW/cm2/sr,2018,"{""type"":""MultiPoint"",""coordinates"":[]}"
59_00000000000000000011,BA03050040,,,,,,,74.07,74,0.253355482028,TASWIL5000020230907KABKOTA,Wakatobi,Wilayah terapung,2.06703594498E-5,0.0291924563304,4326,4,,,Wakatobi,Sulawesi Tenggara,,0,Buton,,2018-12,1.311627913353055,12,1.311627913353055,VIIRS DNB,nW/cm2/sr,2018,"{""type"":""MultiPoint"",""coordinates"":[]}"
59_00000000000000000012,BA03050040,,,,,,,74.07,74,4.12006083394,TASWIL5000020230907KABKOTA,Wakatobi,Wilayah terapung,3.36232999688E-4,0.124432278786,4326,4,,,Wakatobi,Sulawesi Tenggara,,0,Buton,,2018-12,0.25336094936763753,12,0.25336094936763753,VIIRS DNB,nW/cm2/sr,2018,"{""type"":""MultiPoint"",""coordinates"":[]}"
59_0000000000000000000a,BA03050040,,,,,,,74.05,74,4237.74051506,TASWIL5000020230907KABKOTA,Konawe Selatan,,0.345208073275,5.59324280043,4326,4,,,Konawe Selatan,Sulawesi Tenggara,,0,Kendari,,2018-12,0.2610188935294866,12,0.2610188935294866,VIIRS DNB,nW/cm2/sr,2018,"{""type"":""MultiPoint"",""coordinates"":[]}"
59_0000000000000000000d,BA03050040,,,,,,,74.71,74,265.790696582,TASWIL5000020230907KABKOTA,Kota Kendari,,0.0216443348271,1.21929531969,4326,5,,,Kota Kendari,Sulawesi Tenggara,,0,Kendari,,2018-12,2.4541956374906655,12,2.4541956374906655,VIIRS DNB,nW/cm2/sr,2018,"{""type"":""MultiPoint"",""coordinates"":[]}"
59_00000000000000000006,BA03050040,,,,,,,74.11,74,3992.53107078,TASWIL5000020230907KABKOTA,Kolaka Timur,,0.325055960897,4.62416724675,4326,4,,,Kolaka Timur,Sulawesi Tenggara,,0,Kolaka,,2018-12,0.20821196885900833,12,0.20821196885900833,VIIRS DNB,nW/cm2/sr,2018,"{""type"":""MultiPoint"",""coordinates"":[]}"
59_00000000000000000007,BA03050040,,,,,,,74.08,74,2932.25192061,TASWIL5000020230907KABKOTA,Kolaka Utara,,0.238597308701,3.90865020949,4326,4,,,Kolaka Utara,Sulawesi Tenggara,,0,Kolaka,,2018-12,0.21351434036227915,12,0.21351434036227915,VIIRS DNB,nW/cm2/sr,2018,"{""type"":""MultiPoint"",""coordinates"":[]}"
59_00000000000000000009,BA03050040,,,,,,,74.12,74,705.711010277,TASWIL5000020230907KABKOTA,Konawe Kepulauan,,0.0574768178025,1.17136047971,4326,4,,,Konawe Kepulauan,Sulawesi Tenggara,,0,Konawe,,2018-12,0.21932098092505142,12,0.21932098092505142,VIIRS DNB,nW/cm2/sr,2018,"{""type"":""MultiPoint"",""coordinates"":[]}"
59_0000000000000000000b,BA03050040,,,,,,,74.09,74,4219.81180817,TASWIL5000020230907KABKOTA,Konawe Utara,,0.343408045869,6.15591332033,4326,4,,,Konawe Utara,Sulawesi Tenggara,,0,Konawe,,2018-12,0.20413233115897186,12,0.20413233115897186,VIIRS DNB,nW/cm2/sr,2018,"{""type"":""MultiPoint"",""coordinates"":[]}"
59_00000000000000000004,BA03050040,,,,,,,74.10,74,1755.8292261,TASWIL5000020230907KABKOTA,Buton Utara,,0.143115018242,4.67921811895,4326,4,,,Buton Utara,Sulawesi Tenggara,,0,Muna,,2018-12,0.17467541124096317,12,0.17467541124096317,VIIRS DNB,nW/cm2/sr,2018,"{""type"":""MultiPoint"",""coordinates"":[]}"
59_0000000000000000000f,BA03050040,,,,,,,74.13,74,818.701593571,TASWIL5000020230907KABKOTA,Muna Barat,,0.0667415576998,2.65906981122,4326,4,,,Muna Barat,Sulawesi Tenggara,,0,Muna,,2018-12,0.2243835691974641,12,0.2243835691974641,VIIRS DNB,nW/cm2/sr,2018,"{""type"":""MultiPoint"",""coordinates"":[]}"
59_00000000000000000013,BA03050040,,,,,,,74.13,74,0.273099429049,TASWIL5000020230907KABKOTA,Muna Barat,Wilayah terapung,2.22679841875E-5,0.0295594995644,4326,4,,,Muna Barat,Sulawesi Tenggara,,0,Muna,,2018-12,0.26628158981188965,12,0.26628158981188965,VIIRS DNB,nW/cm2/sr,2018,"{""type"":""MultiPoint"",""coordinates"":[]}"
59_00000000000000000014,BA03050040,,,,,,,74.10,74,0.0480497061255,TASWIL5000020230907KABKOTA,Buton Utara,Wilayah terapung,3.9169026899E-6,0.0168384250334,4326,4,,,Buton Utara,Sulawesi Tenggara,,0,Muna,,2018-12,0.7228571389402663,12,0.7228571389402663,VIIRS DNB,nW/cm2/sr,2018,"{""type"":""MultiPoint"",""coordinates"":[]}"
60_00000000000000000001,BA03050040,,,,,,,74.04,74,1669.32863016,TASWIL5000020230907KABKOTA,Buton,,0.136188299866,3.04087674144,4326,4,,,Buton,Sulawesi Tenggara,,0,,,2019-01,0.09692366760179354,1,0.09692366760179354,VIIRS DNB,nW/cm2/sr,2019,"{""type"":""MultiPoint"",""coordinates"":[]}"
60_00000000000000000005,BA03050040,,,,,,,74.01,74,2958.9208572,TASWIL5000020230907KABKOTA,Kolaka,,0.240980839474,5.39527306777,4326,4,,,Kolaka,Sulawesi Tenggara,,0,,,2019-01,0.147924577549977,1,0.147924577549977,VIIRS DNB,nW/cm2/sr,2019,"{""type"":""MultiPoint"",""coordinates"":[]}"
60_00000000000000000008,BA03050040,,,,,,,74.02,74,5351.85263389,TASWIL5000020230907KABKOTA,Konawe,,0.435602118514,6.84601568998,4326,4,,,Konawe,Sulawesi Tenggara,,0,,,2019-01,0.22660630537452991,1,0.22660630537452991,VIIRS DNB,nW/cm2/sr,2019,"{""type"":""MultiPoint"",""coordinates"":[]}"
60_0000000000000000000e,BA03050040,,,,,,,74.03,74,1858.09481163,TASWIL5000020230907KABKOTA,Muna,,0.151502694674,5.32849464874,4326,4,,,Muna,Sulawesi Tenggara,,0,,,2019-01,0.10404265536197893,1,0.10404265536197893,VIIRS DNB,nW/cm2/sr,2019,"{""type"":""MultiPoint"",""coordinates"":[]}"
60_00000000000000000015,BA03050040,,,,,,,74.03,74,0.17024708351,TASWIL5000020230907KABKOTA,Muna,Wilayah terapung,1.38839187565E-5,0.039960941818,4326,4,,,Muna,Sulawesi Tenggara,,0,,,2019-01,0.05086705137065724,1,0.05086705137065724,VIIRS DNB,nW/cm2/sr,2019,"{""type"":""MultiPoint"",""coordinates"":[]}"
60_00000000000000000016,BA03050040,,,,,,,74.04,74,0.188157250699,TASWIL5000020230907KABKOTA,Buton,Wilayah terapung,1.53526521797E-5,0.0397338812277,4326,4,,,Buton,Sulawesi Tenggara,,0,,,2019-01,0.3177173839801032,1,0.3177173839801032,VIIRS DNB,nW/cm2/sr,2019,"{""type"":""MultiPoint"",""coordinates"":[]}"
60_00000000000000000000,BA03050040,,,,,,,74.06,74,3293.96639913,TASWIL5000020230907KABKOTA,Bombana,,0.268524880662,5.47167246052,4326,4,,,Bombana,Sulawesi Tenggara,,0,Buton,,2019-01,0.06499525014705572,1,0.06499525014705572,VIIRS DNB,nW/cm2/sr,2019,"{""type"":""MultiPoint"",""coordinates"":[]}"
60_00000000000000000002,BA03050040,,,,,,,74.15,74,517.631463505,TASWIL5000020230907KABKOTA,Buton Selatan,,0.042249508051,1.85498741345,4326,4,,,Buton Selatan,Sulawesi Tenggara,,0,Buton,,2019-01,0.18411016324836518,1,0.18411016324836518,VIIRS DNB,nW/cm2/sr,2019,"{""type"":""MultiPoint"",""coordinates"":[]}"
60_00000000000000000003,BA03050040,,,,,,,74.14,74,836.955797791,TASWIL5000020230907KABKOTA,Buton Tengah,,0.0682810706644,2.98412837401,4326,4,,,Buton Tengah,Sulawesi Tenggara,,0,Buton,,2019-01,0.12308894995650478,1,0.12308894995650478,VIIRS DNB,nW/cm2/sr,2019,"{""type"":""MultiPoint"",""coordinates"":[]}"
60_0000000000000000000c,BA03050040,,,,,,,74.72,74,294.137423231,TASWIL5000020230907KABKOTA,Kota Bau Bau,,0.0240007870008,0.955179337168,4326,5,,,Kota Bau Bau,Sulawesi Tenggara,,0,Buton,,2019-01,0.7257002787239877,1,0.7257002787239877,VIIRS DNB,nW/cm2/sr,2019,"{""type"":""MultiPoint"",""coordinates"":[]}"
60_00000000000000000010,BA03050040,,,,,,,74.07,74,450.455914283,TASWIL5000020230907KABKOTA,Wakatobi,,0.0367648905913,3.71804674371,4326,4,,,Wakatobi,Sulawesi Tenggara,,0,Buton,,2019-01,0.17937632456023817,1,0.17937632456023817,VIIRS DNB,nW/cm2/sr,2019,"{""type"":""MultiPoint"",""coordinates"":[]}"
60_00000000000000000011,BA03050040,,,,,,,74.07,74,0.253355482028,TASWIL5000020230907KABKOTA,Wakatobi,Wilayah terapung,2.06703594498E-5,0.0291924563304,4326,4,,,Wakatobi,Sulawesi Tenggara,,0,Buton,,2019-01,1.700155029925265,1,1.700155029925265,VIIRS DNB,nW/cm2/sr,2019,"{""type"":""MultiPoint"",""coordinates"":[]}"
60_00000000000000000012,BA03050040,,,,,,,74.07,74,4.12006083394,TASWIL5000020230907KABKOTA,Wakatobi,Wilayah terapung,3.36232999688E-4,0.124432278786,4326,4,,,Wakatobi,Sulawesi Tenggara,,0,Buton,,2019-01,0.07532070994333051,1,0.07532070994333051,VIIRS DNB,nW/cm2/sr,2019,"{""type"":""MultiPoint"",""coordinates"":[]}"
60_0000000000000000000a,BA03050040,,,,,,,74.05,74,4237.74051506,TASWIL5000020230907KABKOTA,Konawe Selatan,,0.345208073275,5.59324280043,4326,4,,,Konawe Selatan,Sulawesi Tenggara,,0,Kendari,,2019-01,0.13337921402272757,1,0.13337921402272757,VIIRS DNB,nW/cm2/sr,2019,"{""type"":""MultiPoint"",""coordinates"":[]}"
60_0000000000000000000d,BA03050040,,,,,,,74.71,74,265.790696582,TASWIL5000020230907KABKOTA,Kota Kendari,,0.0216443348271,1.21929531969,4326,5,,,Kota Kendari,Sulawesi Tenggara,,0,Kendari,,2019-01,2.4016087537844863,1,2.4016087537844863,VIIRS DNB,nW/cm2/sr,2019,"{""type"":""MultiPoint"",""coordinates"":[]}"
60_00000000000000000006,BA03050040,,,,,,,74.11,74,3992.53107078,TASWIL5000020230907KABKOTA,Kolaka Timur,,0.325055960897,4.62416724675,4326,4,,,Kolaka Timur,Sulawesi Tenggara,,0,Kolaka,,2019-01,0.05944237865195933,1,0.05944237865195933,VIIRS DNB,nW/cm2/sr,2019,"{""type"":""MultiPoint"",""coordinates"":[]}"
60_00000000000000000007,BA03050040,,,,,,,74.08,74,2932.25192061,TASWIL5000020230907KABKOTA,Kolaka Utara,,0.238597308701,3.90865020949,4326,4,,,Kolaka Utara,Sulawesi Tenggara,,0,Kolaka,,2019-01,0.03703420489361407,1,0.03703420489361407,VIIRS DNB,nW/cm2/sr,2019,"{""type"":""MultiPoint"",""coordinates"":[]}"
60_00000000000000000009,BA03050040,,,,,,,74.12,74,705.711010277,TASWIL5000020230907KABKOTA,Konawe Kepulauan,,0.0574768178025,1.17136047971,4326,4,,,Konawe Kepulauan,Sulawesi Tenggara,,0,Konawe,,2019-01,0.07162270458622624,1,0.07162270458622624,VIIRS DNB,nW/cm2/sr,2019,"{""type"":""MultiPoint"",""coordinates"":[]}"
60_0000000000000000000b,BA03050040,,,,,,,74.09,74,4219.81180817,TASWIL5000020230907KABKOTA,Konawe Utara,,0.343408045869,6.15591332033,4326,4,,,Konawe Utara,Sulawesi Tenggara,,0,Konawe,,2019-01,0.05750221471689407,1,0.05750221471689407,VIIRS DNB,nW/cm2/sr,2019,"{""type"":""MultiPoint"",""coordinates"":[]}"
60_00000000000000000004,BA03050040,,,,,,,74.10,74,1755.8292261,TASWIL5000020230907KABKOTA,Buton Utara,,0.143115018242,4.67921811895,4326,4,,,Buton Utara,Sulawesi Tenggara,,0,Muna,,2019-01,0.038950112819600695,1,0.038950112819600695,VIIRS DNB,nW/cm2/sr,2019,"{""type"":""MultiPoint"",""coordinates"":[]}"
60_0000000000000000000f,BA03050040,,,,,,,74.13,74,818.701593571,TASWIL5000020230907KABKOTA,Muna Barat,,0.0667415576998,2.65906981122,4326,4,,,Muna Barat,Sulawesi Tenggara,,0,Muna,,2019-01,0.08338522078762843,1,0.08338522078762843,VIIRS DNB,nW/cm2/sr,2019,"{""type"":""MultiPoint"",""coordinates"":[]}"
60_00000000000000000013,BA03050040,,,,,,,74.13,74,0.273099429049,TASWIL5000020230907KABKOTA,Muna Barat,Wilayah terapung,2.22679841875E-5,0.0295594995644,4326,4,,,Muna Barat,Sulawesi Tenggara,,0,Muna,,2019-01,-0.058014439156662254,1,-0.058014439156662254,VIIRS DNB,nW/cm2/sr,2019,"{""type"":""MultiPoint"",""coordinates"":[]}"
60_00000000000000000014,BA03050040,,,,,,,74.10,74,0.0480497061255,TASWIL5000020230907KABKOTA,Buton Utara,Wilayah terapung,3.9169026899E-6,0.0168384250334,4326,4,,,Buton Utara,Sulawesi Tenggara,,0,Muna,,2019-01,0.3885714284011296,1,0.3885714284011296,VIIRS DNB,nW/cm2/sr,2019,"{""type"":""MultiPoint"",""coordinates"":[]}"
61_00000000000000000001,BA03050040,,,,,,,74.04,74,1669.32863016,TASWIL5000020230907KABKOTA,Buton,,0.136188299866,3.04087674144,4326,4,,,Buton,Sulawesi Tenggara,,0,,,2019-02,0.18365149536846512,2,0.18365149536846512,VIIRS DNB,nW/cm2/sr,2019,"{""type"":""MultiPoint"",""coordinates"":[]}"
61_00000000000000000005,BA03050040,,,,,,,74.01,74,2958.9208572,TASWIL5000020230907KABKOTA,Kolaka,,0.240980839474,5.39527306777,4326,4,,,Kolaka,Sulawesi Tenggara,,0,,,2019-02,0.06214006387651251,2,0.06214006387651251,VIIRS DNB,nW/cm2/sr,2019,"{""type"":""MultiPoint"",""coordinates"":[]}"
61_00000000000000000008,BA03050040,,,,,,,74.02,74,5351.85263389,TASWIL5000020230907KABKOTA,Konawe,,0.435602118514,6.84601568998,4326,4,,,Konawe,Sulawesi Tenggara,,0,,,2019-02,0.15595825697740678,2,0.15595825697740678,VIIRS DNB,nW/cm2/sr,2019,"{""type"":""MultiPoint"",""coordinates"":[]}"
61_0000000000000000000e,BA03050040,,,,,,,74.03,74,1858.09481163,TASWIL5000020230907KABKOTA,Muna,,0.151502694674,5.32849464874,4326,4,,,Muna,Sulawesi Tenggara,,0,,,2019-02,0.1905936879524736,2,0.1905936879524736,VIIRS DNB,nW/cm2/sr,2019,"{""type"":""MultiPoint"",""coordinates"":[]}"
61_00000000000000000015,BA03050040,,,,,,,74.03,74,0.17024708351,TASWIL5000020230907KABKOTA,Muna,Wilayah terapung,1.38839187565E-5,0.039960941818,4326,4,,,Muna,Sulawesi Tenggara,,0,,,2019-02,0.1985549109777963,2,0.1985549109777963,VIIRS DNB,nW/cm2/sr,2019,"{""type"":""MultiPoint"",""coordinates"":[]}"
61_00000000000000000016,BA03050040,,,,,,,74.04,74,0.188157250699,TASWIL5000020230907KABKOTA,Buton,Wilayah terapung,1.53526521797E-5,0.0397338812277,4326,4,,,Buton,Sulawesi Tenggara,,0,,,2019-02,0.43777173563190136,2,0.43777173563190136,VIIRS DNB,nW/cm2/sr,2019,"{""type"":""MultiPoint"",""coordinates"":[]}"
61_00000000000000000000,BA03050040,,,,,,,74.06,74,3293.96639913,TASWIL5000020230907KABKOTA,Bombana,,0.268524880662,5.47167246052,4326,4,,,Bombana,Sulawesi Tenggara,,0,Buton,,2019-02,0.1484068579331902,2,0.1484068579331902,VIIRS DNB,nW/cm2/sr,2019,"{""type"":""MultiPoint"",""coordinates"":[]}"
61_00000000000000000002,BA03050040,,,,,,,74.15,74,517.631463505,TASWIL5000020230907KABKOTA,Buton Selatan,,0.042249508051,1.85498741345,4326,4,,,Buton Selatan,Sulawesi Tenggara,,0,Buton,,2019-02,0.21276063552024438,2,0.21276063552024438,VIIRS DNB,nW/cm2/sr,2019,"{""type"":""MultiPoint"",""coordinates"":[]}"
61_00000000000000000003,BA03050040,,,,,,,74.14,74,836.955797791,TASWIL5000020230907KABKOTA,Buton Tengah,,0.0682810706644,2.98412837401,4326,4,,,Buton Tengah,Sulawesi Tenggara,,0,Buton,,2019-02,0.18265486190536315,2,0.18265486190536315,VIIRS DNB,nW/cm2/sr,2019,"{""type"":""MultiPoint"",""coordinates"":[]}"
61_0000000000000000000c,BA03050040,,,,,,,74.72,74,294.137423231,TASWIL5000020230907KABKOTA,Kota Bau Bau,,0.0240007870008,0.955179337168,4326,5,,,Kota Bau Bau,Sulawesi Tenggara,,0,Buton,,2019-02,0.7953434533081952,2,0.7953434533081952,VIIRS DNB,nW/cm2/sr,2019,"{""type"":""MultiPoint"",""coordinates"":[]}"
61_00000000000000000010,BA03050040,,,,,,,74.07,74,450.455914283,TASWIL5000020230907KABKOTA,Wakatobi,,0.0367648905913,3.71804674371,4326,4,,,Wakatobi,Sulawesi Tenggara,,0,Buton,,2019-02,0.2866640248604182,2,0.2866640248604182,VIIRS DNB,nW/cm2/sr,2019,"{""type"":""MultiPoint"",""coordinates"":[]}"
61_00000000000000000011,BA03050040,,,,,,,74.07,74,0.253355482028,TASWIL5000020230907KABKOTA,Wakatobi,Wilayah terapung,2.06703594498E-5,0.0291924563304,4326,4,,,Wakatobi,Sulawesi Tenggara,,0,Buton,,2019-02,1.9269380120112916,2,1.9269380120112916,VIIRS DNB,nW/cm2/sr,2019,"{""type"":""MultiPoint"",""coordinates"":[]}"
61_00000000000000000012,BA03050040,,,,,,,74.07,74,4.12006083394,TASWIL5000020230907KABKOTA,Wakatobi,Wilayah terapung,3.36232999688E-4,0.124432278786,4326,4,,,Wakatobi,Sulawesi Tenggara,,0,Buton,,2019-02,0.16648520810452447,2,0.16648520810452447,VIIRS DNB,nW/cm2/sr,2019,"{""type"":""MultiPoint"",""coordinates"":[]}"
61_0000000000000000000a,BA03050040,,,,,,,74.05,74,4237.74051506,TASWIL5000020230907KABKOTA,Konawe Selatan,,0.345208073275,5.59324280043,4326,4,,,Konawe Selatan,Sulawesi Tenggara,,0,Kendari,,2019-02,0.21452477361775293,2,0.21452477361775293,VIIRS DNB,nW/cm2/sr,2019,"{""type"":""MultiPoint"",""coordinates"":[]}"
61_0000000000000000000d,BA03050040,,,,,,,74.71,74,265.790696582,TASWIL5000020230907KABKOTA,Kota Kendari,,0.0216443348271,1.21929531969,4326,5,,,Kota Kendari,Sulawesi Tenggara,,0,Kendari,,2019-02,2.0526158341445613,2,2.0526158341445613,VIIRS DNB,nW/cm2/sr,2019,"{""type"":""MultiPoint"",""coordinates"":[]}"
61_00000000000000000006,BA03050040,,,,,,,74.11,74,3992.53107078,TASWIL5000020230907KABKOTA,Kolaka Timur,,0.325055960897,4.62416724675,4326,4,,,Kolaka Timur,Sulawesi Tenggara,,0,Kolaka,,2019-02,0.09385293945176935,2,0.09385293945176935,VIIRS DNB,nW/cm2/sr,2019,"{""type"":""MultiPoint"",""coordinates"":[]}"
61_00000000000000000007,BA03050040,,,,,,,74.08,74,2932.25192061,TASWIL5000020230907KABKOTA,Kolaka Utara,,0.238597308701,3.90865020949,4326,4,,,Kolaka Utara,Sulawesi Tenggara,,0,Kolaka,,2019-02,0.05412185607048398,2,0.05412185607048398,VIIRS DNB,nW/cm2/sr,2019,"{""type"":""MultiPoint"",""coordinates"":[]}"
61_00000000000000000009,BA03050040,,,,,,,74.12,74,705.711010277,TASWIL5000020230907KABKOTA,Konawe Kepulauan,,0.0574768178025,1.17136047971,4326,4,,,Konawe Kepulauan,Sulawesi Tenggara,,0,Konawe,,2019-02,0.17183599963381824,2,0.17183599963381824,VIIRS DNB,nW/cm2/sr,2019,"{""type"":""MultiPoint"",""coordinates"":[]}"
61_0000000000000000000b,BA03050040,,,,,,,74.09,74,4219.81180817,TASWIL5000020230907KABKOTA,Konawe Utara,,0.343408045869,6.15591332033,4326,4,,,Konawe Utara,Sulawesi Tenggara,,0,Konawe,,2019-02,0.10840675701537547,2,0.10840675701537547,VIIRS DNB,nW/cm2/sr,2019,"{""type"":""MultiPoint"",""coordinates"":[]}"
61_00000000000000000004,BA03050040,,,,,,,74.10,74,1755.8292261,TASWIL5000020230907KABKOTA,Buton Utara,,0.143115018242,4.67921811895,4326,4,,,Buton Utara,Sulawesi Tenggara,,0,Muna,,2019-02,0.16530020898740022,2,0.16530020898740022,VIIRS DNB,nW/cm2/sr,2019,"{""type"":""MultiPoint"",""coordinates"":[]}"
61_0000000000000000000f,BA03050040,,,,,,,74.13,74,818.701593571,TASWIL5000020230907KABKOTA,Muna Barat,,0.0667415576998,2.65906981122,4326,4,,,Muna Barat,Sulawesi Tenggara,,0,Muna,,2019-02,0.1935399584307069,2,0.1935399584307069,VIIRS DNB,nW/cm2/sr,2019,"{""type"":""MultiPoint"",""coordinates"":[]}"
61_00000000000000000013,BA03050040,,,,,,,74.13,74,0.273099429049,TASWIL5000020230907KABKOTA,Muna Barat,Wilayah terapung,2.22679841875E-5,0.0295594995644,4326,4,,,Muna Barat,Sulawesi Tenggara,,0,Muna,,2019-02,0.13664259986165198,2,0.13664259986165198,VIIRS DNB,nW/cm2/sr,2019,"{""type"":""MultiPoint"",""coordinates"":[]}"
61_00000000000000000014,BA03050040,,,,,,,74.10,74,0.0480497061255,TASWIL5000020230907KABKOTA,Buton Utara,Wilayah terapung,3.9169026899E-6,0.0168384250334,4326,4,,,Buton Utara,Sulawesi Tenggara,,0,Muna,,2019-02,0.23857142669813977,2,0.23857142669813977,VIIRS DNB,nW/cm2/sr,2019,"{""type"":""MultiPoint"",""coordinates"":[]}"
62_00000000000000000001,BA03050040,,,,,,,74.04,74,1669.32863016,TASWIL5000020230907KABKOTA,Buton,,0.136188299866,3.04087674144,4326,4,,,Buton,Sulawesi Tenggara,,0,,,2019-03,0.21274045746627523,3,0.21274045746627523,VIIRS DNB,nW/cm2/sr,2019,"{""type"":""MultiPoint"",""coordinates"":[]}"
62_00000000000000000005,BA03050040,,,,,,,74.01,74,2958.9208572,TASWIL5000020230907KABKOTA,Kolaka,,0.240980839474,5.39527306777,4326,4,,,Kolaka,Sulawesi Tenggara,,0,,,2019-03,0.20942453647045062,3,0.20942453647045062,VIIRS DNB,nW/cm2/sr,2019,"{""type"":""MultiPoint"",""coordinates"":[]}"
62_00000000000000000008,BA03050040,,,,,,,74.02,74,5351.85263389,TASWIL5000020230907KABKOTA,Konawe,,0.435602118514,6.84601568998,4326,4,,,Konawe,Sulawesi Tenggara,,0,,,2019-03,0.45537694816928914,3,0.45537694816928914,VIIRS DNB,nW/cm2/sr,2019,"{""type"":""MultiPoint"",""coordinates"":[]}"
62_0000000000000000000e,BA03050040,,,,,,,74.03,74,1858.09481163,TASWIL5000020230907KABKOTA,Muna,,0.151502694674,5.32849464874,4326,4,,,Muna,Sulawesi Tenggara,,0,,,2019-03,0.22716493012676658,3,0.22716493012676658,VIIRS DNB,nW/cm2/sr,2019,"{""type"":""MultiPoint"",""coordinates"":[]}"
62_00000000000000000015,BA03050040,,,,,,,74.03,74,0.17024708351,TASWIL5000020230907KABKOTA,Muna,Wilayah terapung,1.38839187565E-5,0.039960941818,4326,4,,,Muna,Sulawesi Tenggara,,0,,,2019-03,0.2349132954471373,3,0.2349132954471373,VIIRS DNB,nW/cm2/sr,2019,"{""type"":""MultiPoint"",""coordinates"":[]}"
62_00000000000000000016,BA03050040,,,,,,,74.04,74,0.188157250699,TASWIL5000020230907KABKOTA,Buton,Wilayah terapung,1.53526521797E-5,0.0397338812277,4326,4,,,Buton,Sulawesi Tenggara,,0,,,2019-03,0.4586956426501275,3,0.4586956426501275,VIIRS DNB,nW/cm2/sr,2019,"{""type"":""MultiPoint"",""coordinates"":[]}"
62_00000000000000000000,BA03050040,,,,,,,74.06,74,3293.96639913,TASWIL5000020230907KABKOTA,Bombana,,0.268524880662,5.47167246052,4326,4,,,Bombana,Sulawesi Tenggara,,0,Buton,,2019-03,0.19794194427826378,3,0.19794194427826378,VIIRS DNB,nW/cm2/sr,2019,"{""type"":""MultiPoint"",""coordinates"":[]}"
62_00000000000000000002,BA03050040,,,,,,,74.15,74,517.631463505,TASWIL5000020230907KABKOTA,Buton Selatan,,0.042249508051,1.85498741345,4326,4,,,Buton Selatan,Sulawesi Tenggara,,0,Buton,,2019-03,0.25086561101211224,3,0.25086561101211224,VIIRS DNB,nW/cm2/sr,2019,"{""type"":""MultiPoint"",""coordinates"":[]}"
62_00000000000000000003,BA03050040,,,,,,,74.14,74,836.955797791,TASWIL5000020230907KABKOTA,Buton Tengah,,0.0682810706644,2.98412837401,4326,4,,,Buton Tengah,Sulawesi Tenggara,,0,Buton,,2019-03,0.2111499584410413,3,0.2111499584410413,VIIRS DNB,nW/cm2/sr,2019,"{""type"":""MultiPoint"",""coordinates"":[]}"
62_0000000000000000000c,BA03050040,,,,,,,74.72,74,294.137423231,TASWIL5000020230907KABKOTA,Kota Bau Bau,,0.0240007870008,0.955179337168,4326,5,,,Kota Bau Bau,Sulawesi Tenggara,,0,Buton,,2019-03,0.829247147409713,3,0.829247147409713,VIIRS DNB,nW/cm2/sr,2019,"{""type"":""MultiPoint"",""coordinates"":[]}"
62_00000000000000000010,BA03050040,,,,,,,74.07,74,450.455914283,TASWIL5000020230907KABKOTA,Wakatobi,,0.0367648905913,3.71804674371,4326,4,,,Wakatobi,Sulawesi Tenggara,,0,Buton,,2019-03,0.32001242523030154,3,0.32001242523030154,VIIRS DNB,nW/cm2/sr,2019,"{""type"":""MultiPoint"",""coordinates"":[]}"
62_00000000000000000011,BA03050040,,,,,,,74.07,74,0.253355482028,TASWIL5000020230907KABKOTA,Wakatobi,Wilayah terapung,2.06703594498E-5,0.0291924563304,4326,4,,,Wakatobi,Sulawesi Tenggara,,0,Buton,,2019-03,2.988720881846524,3,2.988720881846524,VIIRS DNB,nW/cm2/sr,2019,"{""type"":""MultiPoint"",""coordinates"":[]}"
62_00000000000000000012,BA03050040,,,,,,,74.07,74,4.12006083394,TASWIL5000020230907KABKOTA,Wakatobi,Wilayah terapung,3.36232999688E-4,0.124432278786,4326,4,,,Wakatobi,Sulawesi Tenggara,,0,Buton,,2019-03,0.14829585987435295,3,0.14829585987435295,VIIRS DNB,nW/cm2/sr,2019,"{""type"":""MultiPoint"",""coordinates"":[]}"
62_0000000000000000000a,BA03050040,,,,,,,74.05,74,4237.74051506,TASWIL5000020230907KABKOTA,Konawe Selatan,,0.345208073275,5.59324280043,4326,4,,,Konawe Selatan,Sulawesi Tenggara,,0,Kendari,,2019-03,0.17446002531310964,3,0.17446002531310964,VIIRS DNB,nW/cm2/sr,2019,"{""type"":""MultiPoint"",""coordinates"":[]}"
62_0000000000000000000d,BA03050040,,,,,,,74.71,74,265.790696582,TASWIL5000020230907KABKOTA,Kota Kendari,,0.0216443348271,1.21929531969,4326,5,,,Kota Kendari,Sulawesi Tenggara,,0,Kendari,,2019-03,2.7333735306789126,3,2.7333735306789126,VIIRS DNB,nW/cm2/sr,2019,"{""type"":""MultiPoint"",""coordinates"":[]}"
62_00000000000000000006,BA03050040,,,,,,,74.11,74,3992.53107078,TASWIL5000020230907KABKOTA,Kolaka Timur,,0.325055960897,4.62416724675,4326,4,,,Kolaka Timur,Sulawesi Tenggara,,0,Kolaka,,2019-03,0.17106411040700847,3,0.17106411040700847,VIIRS DNB,nW/cm2/sr,2019,"{""type"":""MultiPoint"",""coordinates"":[]}"
62_00000000000000000007,BA03050040,,,,,,,74.08,74,2932.25192061,TASWIL5000020230907KABKOTA,Kolaka Utara,,0.238597308701,3.90865020949,4326,4,,,Kolaka Utara,Sulawesi Tenggara,,0,Kolaka,,2019-03,0.18933396108009823,3,0.18933396108009823,VIIRS DNB,nW/cm2/sr,2019,"{""type"":""MultiPoint"",""coordinates"":[]}"
62_00000000000000000009,BA03050040,,,,,,,74.12,74,705.711010277,TASWIL5000020230907KABKOTA,Konawe Kepulauan,,0.0574768178025,1.17136047971,4326,4,,,Konawe Kepulauan,Sulawesi Tenggara,,0,Konawe,,2019-03,0.11900618098856396,3,0.11900618098856396,VIIRS DNB,nW/cm2/sr,2019,"{""type"":""MultiPoint"",""coordinates"":[]}"
62_0000000000000000000b,BA03050040,,,,,,,74.09,74,4219.81180817,TASWIL5000020230907KABKOTA,Konawe Utara,,0.343408045869,6.15591332033,4326,4,,,Konawe Utara,Sulawesi Tenggara,,0,Konawe,,2019-03,0.20571419426888793,3,0.20571419426888793,VIIRS DNB,nW/cm2/sr,2019,"{""type"":""MultiPoint"",""coordinates"":[]}"
62_00000000000000000004,BA03050040,,,,,,,74.10,74,1755.8292261,TASWIL5000020230907KABKOTA,Buton Utara,,0.143115018242,4.67921811895,4326,4,,,Buton Utara,Sulawesi Tenggara,,0,Muna,,2019-03,0.18931046973706167,3,0.18931046973706167,VIIRS DNB,nW/cm2/sr,2019,"{""type"":""MultiPoint"",""coordinates"":[]}"
62_0000000000000000000f,BA03050040,,,,,,,74.13,74,818.701593571,TASWIL5000020230907KABKOTA,Muna Barat,,0.0667415576998,2.65906981122,4326,4,,,Muna Barat,Sulawesi Tenggara,,0,Muna,,2019-03,0.22109939611462637,3,0.22109939611462637,VIIRS DNB,nW/cm2/sr,2019,"{""type"":""MultiPoint"",""coordinates"":[]}"
62_00000000000000000013,BA03050040,,,,,,,74.13,74,0.273099429049,TASWIL5000020230907KABKOTA,Muna Barat,Wilayah terapung,2.22679841875E-5,0.0295594995644,4326,4,,,Muna Barat,Sulawesi Tenggara,,0,Muna,,2019-03,0.17678700747903073,3,0.17678700747903073,VIIRS DNB,nW/cm2/sr,2019,"{""type"":""MultiPoint"",""coordinates"":[]}"
62_00000000000000000014,BA03050040,,,,,,,74.10,74,0.0480497061255,TASWIL5000020230907KABKOTA,Buton Utara,Wilayah terapung,3.9169026899E-6,0.0168384250334,4326,4,,,Buton Utara,Sulawesi Tenggara,,0,Muna,,2019-03,0.685714295932225,3,0.685714295932225,VIIRS DNB,nW/cm2/sr,2019,"{""type"":""MultiPoint"",""coordinates"":[]}"
63_00000000000000000001,BA03050040,,,,,,,74.04,74,1669.32863016,TASWIL5000020230907KABKOTA,Buton,,0.136188299866,3.04087674144,4326,4,,,Buton,Sulawesi Tenggara,,0,,,2019-04,0.3405497040319341,4,0.3405497040319341,VIIRS DNB,nW/cm2/sr,2019,"{""type"":""MultiPoint"",""coordinates"":[]}"
63_00000000000000000005,BA03050040,,,,,,,74.01,74,2958.9208572,TASWIL5000020230907KABKOTA,Kolaka,,0.240980839474,5.39527306777,4326,4,,,Kolaka,Sulawesi Tenggara,,0,,,2019-04,0.34984302967879044,4,0.34984302967879044,VIIRS DNB,nW/cm2/sr,2019,"{""type"":""MultiPoint"",""coordinates"":[]}"
63_00000000000000000008,BA03050040,,,,,,,74.02,74,5351.85263389,TASWIL5000020230907KABKOTA,Konawe,,0.435602118514,6.84601568998,4326,4,,,Konawe,Sulawesi Tenggara,,0,,,2019-04,0.42341561280410295,4,0.42341561280410295,VIIRS DNB,nW/cm2/sr,2019,"{""type"":""MultiPoint"",""coordinates"":[]}"
63_0000000000000000000e,BA03050040,,,,,,,74.03,74,1858.09481163,TASWIL5000020230907KABKOTA,Muna,,0.151502694674,5.32849464874,4326,4,,,Muna,Sulawesi Tenggara,,0,,,2019-04,0.3455208769133521,4,0.3455208769133521,VIIRS DNB,nW/cm2/sr,2019,"{""type"":""MultiPoint"",""coordinates"":[]}"
63_00000000000000000015,BA03050040,,,,,,,74.03,74,0.17024708351,TASWIL5000020230907KABKOTA,Muna,Wilayah terapung,1.38839187565E-5,0.039960941818,4326,4,,,Muna,Sulawesi Tenggara,,0,,,2019-04,0.3808092504222958,4,0.3808092504222958,VIIRS DNB,nW/cm2/sr,2019,"{""type"":""MultiPoint"",""coordinates"":[]}"
63_00000000000000000016,BA03050040,,,,,,,74.04,74,0.188157250699,TASWIL5000020230907KABKOTA,Buton,Wilayah terapung,1.53526521797E-5,0.0397338812277,4326,4,,,Buton,Sulawesi Tenggara,,0,,,2019-04,0.6326087052407473,4,0.6326087052407473,VIIRS DNB,nW/cm2/sr,2019,"{""type"":""MultiPoint"",""coordinates"":[]}"
63_00000000000000000000,BA03050040,,,,,,,74.06,74,3293.96639913,TASWIL5000020230907KABKOTA,Bombana,,0.268524880662,5.47167246052,4326,4,,,Bombana,Sulawesi Tenggara,,0,Buton,,2019-04,0.35985656841191105,4,0.35985656841191105,VIIRS DNB,nW/cm2/sr,2019,"{""type"":""MultiPoint"",""coordinates"":[]}"
63_00000000000000000002,BA03050040,,,,,,,74.15,74,517.631463505,TASWIL5000020230907KABKOTA,Buton Selatan,,0.042249508051,1.85498741345,4326,4,,,Buton Selatan,Sulawesi Tenggara,,0,Buton,,2019-04,0.40143727266793583,4,0.40143727266793583,VIIRS DNB,nW/cm2/sr,2019,"{""type"":""MultiPoint"",""coordinates"":[]}"
63_00000000000000000003,BA03050040,,,,,,,74.14,74,836.955797791,TASWIL5000020230907KABKOTA,Buton Tengah,,0.0682810706644,2.98412837401,4326,4,,,Buton Tengah,Sulawesi Tenggara,,0,Buton,,2019-04,0.3340284706200509,4,0.3340284706200509,VIIRS DNB,nW/cm2/sr,2019,"{""type"":""MultiPoint"",""coordinates"":[]}"
63_0000000000000000000c,BA03050040,,,,,,,74.72,74,294.137423231,TASWIL5000020230907KABKOTA,Kota Bau Bau,,0.0240007870008,0.955179337168,4326,5,,,Kota Bau Bau,Sulawesi Tenggara,,0,Buton,,2019-04,1.0105964279119355,4,1.0105964279119355,VIIRS DNB,nW/cm2/sr,2019,"{""type"":""MultiPoint"",""coordinates"":[]}"
63_00000000000000000010,BA03050040,,,,,,,74.07,74,450.455914283,TASWIL5000020230907KABKOTA,Wakatobi,,0.0367648905913,3.71804674371,4326,4,,,Wakatobi,Sulawesi Tenggara,,0,Buton,,2019-04,0.44172187039939487,4,0.44172187039939487,VIIRS DNB,nW/cm2/sr,2019,"{""type"":""MultiPoint"",""coordinates"":[]}"
63_00000000000000000011,BA03050040,,,,,,,74.07,74,0.253355482028,TASWIL5000020230907KABKOTA,Wakatobi,Wilayah terapung,2.06703594498E-5,0.0291924563304,4326,4,,,Wakatobi,Sulawesi Tenggara,,0,Buton,,2019-04,2.895775209101596,4,2.895775209101596,VIIRS DNB,nW/cm2/sr,2019,"{""type"":""MultiPoint"",""coordinates"":[]}"
63_00000000000000000012,BA03050040,,,,,,,74.07,74,4.12006083394,TASWIL5000020230907KABKOTA,Wakatobi,Wilayah terapung,3.36232999688E-4,0.124432278786,4326,4,,,Wakatobi,Sulawesi Tenggara,,0,Buton,,2019-04,0.3473633145580631,4,0.3473633145580631,VIIRS DNB,nW/cm2/sr,2019,"{""type"":""MultiPoint"",""coordinates"":[]}"
63_0000000000000000000a,BA03050040,,,,,,,74.05,74,4237.74051506,TASWIL5000020230907KABKOTA,Konawe Selatan,,0.345208073275,5.59324280043,4326,4,,,Konawe Selatan,Sulawesi Tenggara,,0,Kendari,,2019-04,0.43627901066669006,4,0.43627901066669006,VIIRS DNB,nW/cm2/sr,2019,"{""type"":""MultiPoint"",""coordinates"":[]}"
63_0000000000000000000d,BA03050040,,,,,,,74.71,74,265.790696582,TASWIL5000020230907KABKOTA,Kota Kendari,,0.0216443348271,1.21929531969,4326,5,,,Kota Kendari,Sulawesi Tenggara,,0,Kendari,,2019-04,2.872928468157314,4,2.872928468157314,VIIRS DNB,nW/cm2/sr,2019,"{""type"":""MultiPoint"",""coordinates"":[]}"
63_00000000000000000006,BA03050040,,,,,,,74.11,74,3992.53107078,TASWIL5000020230907KABKOTA,Kolaka Timur,,0.325055960897,4.62416724675,4326,4,,,Kolaka Timur,Sulawesi Tenggara,,0,Kolaka,,2019-04,0.24562877636641445,4,0.24562877636641445,VIIRS DNB,nW/cm2/sr,2019,"{""type"":""MultiPoint"",""coordinates"":[]}"
63_00000000000000000007,BA03050040,,,,,,,74.08,74,2932.25192061,TASWIL5000020230907KABKOTA,Kolaka Utara,,0.238597308701,3.90865020949,4326,4,,,Kolaka Utara,Sulawesi Tenggara,,0,Kolaka,,2019-04,0.048090722102822454,4,0.048090722102822454,VIIRS DNB,nW/cm2/sr,2019,"{""type"":""MultiPoint"",""coordinates"":[]}"
63_00000000000000000009,BA03050040,,,,,,,74.12,74,705.711010277,TASWIL5000020230907KABKOTA,Konawe Kepulauan,,0.0574768178025,1.17136047971,4326,4,,,Konawe Kepulauan,Sulawesi Tenggara,,0,Konawe,,2019-04,0.3588953284594475,4,0.3588953284594475,VIIRS DNB,nW/cm2/sr,2019,"{""type"":""MultiPoint"",""coordinates"":[]}"
63_0000000000000000000b,BA03050040,,,,,,,74.09,74,4219.81180817,TASWIL5000020230907KABKOTA,Konawe Utara,,0.343408045869,6.15591332033,4326,4,,,Konawe Utara,Sulawesi Tenggara,,0,Konawe,,2019-04,0.3395405457260317,4,0.3395405457260317,VIIRS DNB,nW/cm2/sr,2019,"{""type"":""MultiPoint"",""coordinates"":[]}"
63_00000000000000000004,BA03050040,,,,,,,74.10,74,1755.8292261,TASWIL5000020230907KABKOTA,Buton Utara,,0.143115018242,4.67921811895,4326,4,,,Buton Utara,Sulawesi Tenggara,,0,Muna,,2019-04,0.32316484425069797,4,0.32316484425069797,VIIRS DNB,nW/cm2/sr,2019,"{""type"":""MultiPoint"",""coordinates"":[]}"
63_0000000000000000000f,BA03050040,,,,,,,74.13,74,818.701593571,TASWIL5000020230907KABKOTA,Muna Barat,,0.0667415576998,2.65906981122,4326,4,,,Muna Barat,Sulawesi Tenggara,,0,Muna,,2019-04,0.35919060998964336,4,0.35919060998964336,VIIRS DNB,nW/cm2/sr,2019,"{""type"":""MultiPoint"",""coordinates"":[]}"
63_00000000000000000013,BA03050040,,,,,,,74.13,74,0.273099429049,TASWIL5000020230907KABKOTA,Muna Barat,Wilayah terapung,2.22679841875E-5,0.0295594995644,4326,4,,,Muna Barat,Sulawesi Tenggara,,0,Muna,,2019-04,0.24447653117162654,4,0.24447653117162654,VIIRS DNB,nW/cm2/sr,2019,"{""type"":""MultiPoint"",""coordinates"":[]}"
63_00000000000000000014,BA03050040,,,,,,,74.10,74,0.0480497061255,TASWIL5000020230907KABKOTA,Buton Utara,Wilayah terapung,3.9169026899E-6,0.0168384250334,4326,4,,,Buton Utara,Sulawesi Tenggara,,0,Muna,,2019-04,1.1285714081355505,4,1.1285714081355505,VIIRS DNB,nW/cm2/sr,2019,"{""type"":""MultiPoint"",""coordinates"":[]}"
64_00000000000000000001,BA03050040,,,,,,,74.04,74,1669.32863016,TASWIL5000020230907KABKOTA,Buton,,0.136188299866,3.04087674144,4326,4,,,Buton,Sulawesi Tenggara,,0,,,2019-05,0.18821222746521732,5,0.18821222746521732,VIIRS DNB,nW/cm2/sr,2019,"{""type"":""MultiPoint"",""coordinates"":[]}"
64_00000000000000000005,BA03050040,,,,,,,74.01,74,2958.9208572,TASWIL5000020230907KABKOTA,Kolaka,,0.240980839474,5.39527306777,4326,4,,,Kolaka,Sulawesi Tenggara,,0,,,2019-05,0.3013968496379034,5,0.3013968496379034,VIIRS DNB,nW/cm2/sr,2019,"{""type"":""MultiPoint"",""coordinates"":[]}"
64_00000000000000000008,BA03050040,,,,,,,74.02,74,5351.85263389,TASWIL5000020230907KABKOTA,Konawe,,0.435602118514,6.84601568998,4326,4,,,Konawe,Sulawesi Tenggara,,0,,,2019-05,0.48765622498225636,5,0.48765622498225636,VIIRS DNB,nW/cm2/sr,2019,"{""type"":""MultiPoint"",""coordinates"":[]}"
64_0000000000000000000e,BA03050040,,,,,,,74.03,74,1858.09481163,TASWIL5000020230907KABKOTA,Muna,,0.151502694674,5.32849464874,4326,4,,,Muna,Sulawesi Tenggara,,0,,,2019-05,0.21335134188844007,5,0.21335134188844007,VIIRS DNB,nW/cm2/sr,2019,"{""type"":""MultiPoint"",""coordinates"":[]}"
64_00000000000000000015,BA03050040,,,,,,,74.03,74,0.17024708351,TASWIL5000020230907KABKOTA,Muna,Wilayah terapung,1.38839187565E-5,0.039960941818,4326,4,,,Muna,Sulawesi Tenggara,,0,,,2019-05,0.2084393059414935,5,0.2084393059414935,VIIRS DNB,nW/cm2/sr,2019,"{""type"":""MultiPoint"",""coordinates"":[]}"
64_00000000000000000016,BA03050040,,,,,,,74.04,74,0.188157250699,TASWIL5000020230907KABKOTA,Buton,Wilayah terapung,1.53526521797E-5,0.0397338812277,4326,4,,,Buton,Sulawesi Tenggara,,0,,,2019-05,0.5608152063644452,5,0.5608152063644452,VIIRS DNB,nW/cm2/sr,2019,"{""type"":""MultiPoint"",""coordinates"":[]}"
64_00000000000000000000,BA03050040,,,,,,,74.06,74,3293.96639913,TASWIL5000020230907KABKOTA,Bombana,,0.268524880662,5.47167246052,4326,4,,,Bombana,Sulawesi Tenggara,,0,Buton,,2019-05,0.20225391440520007,5,0.20225391440520007,VIIRS DNB,nW/cm2/sr,2019,"{""type"":""MultiPoint"",""coordinates"":[]}"
64_00000000000000000002,BA03050040,,,,,,,74.15,74,517.631463505,TASWIL5000020230907KABKOTA,Buton Selatan,,0.042249508051,1.85498741345,4326,4,,,Buton Selatan,Sulawesi Tenggara,,0,Buton,,2019-05,0.22833588371734434,5,0.22833588371734434,VIIRS DNB,nW/cm2/sr,2019,"{""type"":""MultiPoint"",""coordinates"":[]}"
64_00000000000000000003,BA03050040,,,,,,,74.14,74,836.955797791,TASWIL5000020230907KABKOTA,Buton Tengah,,0.0682810706644,2.98412837401,4326,4,,,Buton Tengah,Sulawesi Tenggara,,0,Buton,,2019-05,0.21044789133765257,5,0.21044789133765257,VIIRS DNB,nW/cm2/sr,2019,"{""type"":""MultiPoint"",""coordinates"":[]}"
64_0000000000000000000c,BA03050040,,,,,,,74.72,74,294.137423231,TASWIL5000020230907KABKOTA,Kota Bau Bau,,0.0240007870008,0.955179337168,4326,5,,,Kota Bau Bau,Sulawesi Tenggara,,0,Buton,,2019-05,0.9444650107116325,5,0.9444650107116325,VIIRS DNB,nW/cm2/sr,2019,"{""type"":""MultiPoint"",""coordinates"":[]}"
64_00000000000000000010,BA03050040,,,,,,,74.07,74,450.455914283,TASWIL5000020230907KABKOTA,Wakatobi,,0.0367648905913,3.71804674371,4326,4,,,Wakatobi,Sulawesi Tenggara,,0,Buton,,2019-05,0.2757841818710405,5,0.2757841818710405,VIIRS DNB,nW/cm2/sr,2019,"{""type"":""MultiPoint"",""coordinates"":[]}"
64_00000000000000000011,BA03050040,,,,,,,74.07,74,0.253355482028,TASWIL5000020230907KABKOTA,Wakatobi,Wilayah terapung,2.06703594498E-5,0.0291924563304,4326,4,,,Wakatobi,Sulawesi Tenggara,,0,Buton,,2019-05,1.6810853026171986,5,1.6810853026171986,VIIRS DNB,nW/cm2/sr,2019,"{""type"":""MultiPoint"",""coordinates"":[]}"
64_00000000000000000012,BA03050040,,,,,,,74.07,74,4.12006083394,TASWIL5000020230907KABKOTA,Wakatobi,Wilayah terapung,3.36232999688E-4,0.124432278786,4326,4,,,Wakatobi,Sulawesi Tenggara,,0,Buton,,2019-05,0.21309586011799128,5,0.21309586011799128,VIIRS DNB,nW/cm2/sr,2019,"{""type"":""MultiPoint"",""coordinates"":[]}"
64_0000000000000000000a,BA03050040,,,,,,,74.05,74,4237.74051506,TASWIL5000020230907KABKOTA,Konawe Selatan,,0.345208073275,5.59324280043,4326,4,,,Konawe Selatan,Sulawesi Tenggara,,0,Kendari,,2019-05,0.28662288310474376,5,0.28662288310474376,VIIRS DNB,nW/cm2/sr,2019,"{""type"":""MultiPoint"",""coordinates"":[]}"
64_0000000000000000000d,BA03050040,,,,,,,74.71,74,265.790696582,TASWIL5000020230907KABKOTA,Kota Kendari,,0.0216443348271,1.21929531969,4326,5,,,Kota Kendari,Sulawesi Tenggara,,0,Kendari,,2019-05,2.429391048837981,5,2.429391048837981,VIIRS DNB,nW/cm2/sr,2019,"{""type"":""MultiPoint"",""coordinates"":[]}"
64_00000000000000000006,BA03050040,,,,,,,74.11,74,3992.53107078,TASWIL5000020230907KABKOTA,Kolaka Timur,,0.325055960897,4.62416724675,4326,4,,,Kolaka Timur,Sulawesi Tenggara,,0,Kolaka,,2019-05,0.2116666594200173,5,0.2116666594200173,VIIRS DNB,nW/cm2/sr,2019,"{""type"":""MultiPoint"",""coordinates"":[]}"
64_00000000000000000007,BA03050040,,,,,,,74.08,74,2932.25192061,TASWIL5000020230907KABKOTA,Kolaka Utara,,0.238597308701,3.90865020949,4326,4,,,Kolaka Utara,Sulawesi Tenggara,,0,Kolaka,,2019-05,0.21007102827697183,5,0.21007102827697183,VIIRS DNB,nW/cm2/sr,2019,"{""type"":""MultiPoint"",""coordinates"":[]}"
64_00000000000000000009,BA03050040,,,,,,,74.12,74,705.711010277,TASWIL5000020230907KABKOTA,Konawe Kepulauan,,0.0574768178025,1.17136047971,4326,4,,,Konawe Kepulauan,Sulawesi Tenggara,,0,Konawe,,2019-05,0.20809423782563066,5,0.20809423782563066,VIIRS DNB,nW/cm2/sr,2019,"{""type"":""MultiPoint"",""coordinates"":[]}"
64_0000000000000000000b,BA03050040,,,,,,,74.09,74,4219.81180817,TASWIL5000020230907KABKOTA,Konawe Utara,,0.343408045869,6.15591332033,4326,4,,,Konawe Utara,Sulawesi Tenggara,,0,Konawe,,2019-05,0.2315546266250961,5,0.2315546266250961,VIIRS DNB,nW/cm2/sr,2019,"{""type"":""MultiPoint"",""coordinates"":[]}"
64_00000000000000000004,BA03050040,,,,,,,74.10,74,1755.8292261,TASWIL5000020230907KABKOTA,Buton Utara,,0.143115018242,4.67921811895,4326,4,,,Buton Utara,Sulawesi Tenggara,,0,Muna,,2019-05,0.16819131984868413,5,0.16819131984868413,VIIRS DNB,nW/cm2/sr,2019,"{""type"":""MultiPoint"",""coordinates"":[]}"
64_0000000000000000000f,BA03050040,,,,,,,74.13,74,818.701593571,TASWIL5000020230907KABKOTA,Muna Barat,,0.0667415576998,2.65906981122,4326,4,,,Muna Barat,Sulawesi Tenggara,,0,Muna,,2019-05,0.21823914498333646,5,0.21823914498333646,VIIRS DNB,nW/cm2/sr,2019,"{""type"":""MultiPoint"",""coordinates"":[]}"
64_00000000000000000013,BA03050040,,,,,,,74.13,74,0.273099429049,TASWIL5000020230907KABKOTA,Muna Barat,Wilayah terapung,2.22679841875E-5,0.0295594995644,4326,4,,,Muna Barat,Sulawesi Tenggara,,0,Muna,,2019-05,0.17841155310615303,5,0.17841155310615303,VIIRS DNB,nW/cm2/sr,2019,"{""type"":""MultiPoint"",""coordinates"":[]}"
64_00000000000000000014,BA03050040,,,,,,,74.10,74,0.0480497061255,TASWIL5000020230907KABKOTA,Buton Utara,Wilayah terapung,3.9169026899E-6,0.0168384250334,4326,4,,,Buton Utara,Sulawesi Tenggara,,0,Muna,,2019-05,0.4657142843518938,5,0.4657142843518938,VIIRS DNB,nW/cm2/sr,2019,"{""type"":""MultiPoint"",""coordinates"":[]}"
65_00000000000000000001,BA03050040,,,,,,,74.04,74,1669.32863016,TASWIL5000020230907KABKOTA,Buton,,0.136188299866,3.04087674144,4326,4,,,Buton,Sulawesi Tenggara,,0,,,2019-06,0.17699537014074876,6,0.17699537014074876,VIIRS DNB,nW/cm2/sr,2019,"{""type"":""MultiPoint"",""coordinates"":[]}"
65_00000000000000000005,BA03050040,,,,,,,74.01,74,2958.9208572,TASWIL5000020230907KABKOTA,Kolaka,,0.240980839474,5.39527306777,4326,4,,,Kolaka,Sulawesi Tenggara,,0,,,2019-06,0.27584810022019834,6,0.27584810022019834,VIIRS DNB,nW/cm2/sr,2019,"{""type"":""MultiPoint"",""coordinates"":[]}"
65_00000000000000000008,BA03050040,,,,,,,74.02,74,5351.85263389,TASWIL5000020230907KABKOTA,Konawe,,0.435602118514,6.84601568998,4326,4,,,Konawe,Sulawesi Tenggara,,0,,,2019-06,0.34649877419247216,6,0.34649877419247216,VIIRS DNB,nW/cm2/sr,2019,"{""type"":""MultiPoint"",""coordinates"":[]}"
65_0000000000000000000e,BA03050040,,,,,,,74.03,74,1858.09481163,TASWIL5000020230907KABKOTA,Muna,,0.151502694674,5.32849464874,4326,4,,,Muna,Sulawesi Tenggara,,0,,,2019-06,0.18439688630825274,6,0.18439688630825274,VIIRS DNB,nW/cm2/sr,2019,"{""type"":""MultiPoint"",""coordinates"":[]}"
65_00000000000000000015,BA03050040,,,,,,,74.03,74,0.17024708351,TASWIL5000020230907KABKOTA,Muna,Wilayah terapung,1.38839187565E-5,0.039960941818,4326,4,,,Muna,Sulawesi Tenggara,,0,,,2019-06,0.15641618860250261,6,0.15641618860250261,VIIRS DNB,nW/cm2/sr,2019,"{""type"":""MultiPoint"",""coordinates"":[]}"
65_00000000000000000016,BA03050040,,,,,,,74.04,74,0.188157250699,TASWIL5000020230907KABKOTA,Buton,Wilayah terapung,1.53526521797E-5,0.0397338812277,4326,4,,,Buton,Sulawesi Tenggara,,0,,,2019-06,0.5288586865948596,6,0.5288586865948596,VIIRS DNB,nW/cm2/sr,2019,"{""type"":""MultiPoint"",""coordinates"":[]}"
65_00000000000000000000,BA03050040,,,,,,,74.06,74,3293.96639913,TASWIL5000020230907KABKOTA,Bombana,,0.268524880662,5.47167246052,4326,4,,,Bombana,Sulawesi Tenggara,,0,Buton,,2019-06,0.17638316687970612,6,0.17638316687970612,VIIRS DNB,nW/cm2/sr,2019,"{""type"":""MultiPoint"",""coordinates"":[]}"
65_00000000000000000002,BA03050040,,,,,,,74.15,74,517.631463505,TASWIL5000020230907KABKOTA,Buton Selatan,,0.042249508051,1.85498741345,4326,4,,,Buton Selatan,Sulawesi Tenggara,,0,Buton,,2019-06,0.21132606044918553,6,0.21132606044918553,VIIRS DNB,nW/cm2/sr,2019,"{""type"":""MultiPoint"",""coordinates"":[]}"
65_00000000000000000003,BA03050040,,,,,,,74.14,74,836.955797791,TASWIL5000020230907KABKOTA,Buton Tengah,,0.0682810706644,2.98412837401,4326,4,,,Buton Tengah,Sulawesi Tenggara,,0,Buton,,2019-06,0.15757743377554273,6,0.15757743377554273,VIIRS DNB,nW/cm2/sr,2019,"{""type"":""MultiPoint"",""coordinates"":[]}"
65_0000000000000000000c,BA03050040,,,,,,,74.72,74,294.137423231,TASWIL5000020230907KABKOTA,Kota Bau Bau,,0.0240007870008,0.955179337168,4326,5,,,Kota Bau Bau,Sulawesi Tenggara,,0,Buton,,2019-06,0.812111960889302,6,0.812111960889302,VIIRS DNB,nW/cm2/sr,2019,"{""type"":""MultiPoint"",""coordinates"":[]}"
65_00000000000000000010,BA03050040,,,,,,,74.07,74,450.455914283,TASWIL5000020230907KABKOTA,Wakatobi,,0.0367648905913,3.71804674371,4326,4,,,Wakatobi,Sulawesi Tenggara,,0,Buton,,2019-06,0.26541665227485434,6,0.26541665227485434,VIIRS DNB,nW/cm2/sr,2019,"{""type"":""MultiPoint"",""coordinates"":[]}"
65_00000000000000000011,BA03050040,,,,,,,74.07,74,0.253355482028,TASWIL5000020230907KABKOTA,Wakatobi,Wilayah terapung,2.06703594498E-5,0.0291924563304,4326,4,,,Wakatobi,Sulawesi Tenggara,,0,Buton,,2019-06,1.8438759778821192,6,1.8438759778821192,VIIRS DNB,nW/cm2/sr,2019,"{""type"":""MultiPoint"",""coordinates"":[]}"
65_00000000000000000012,BA03050040,,,,,,,74.07,74,4.12006083394,TASWIL5000020230907KABKOTA,Wakatobi,Wilayah terapung,3.36232999688E-4,0.124432278786,4326,4,,,Wakatobi,Sulawesi Tenggara,,0,Buton,,2019-06,0.20344615515608053,6,0.20344615515608053,VIIRS DNB,nW/cm2/sr,2019,"{""type"":""MultiPoint"",""coordinates"":[]}"
65_0000000000000000000a,BA03050040,,,,,,,74.05,74,4237.74051506,TASWIL5000020230907KABKOTA,Konawe Selatan,,0.345208073275,5.59324280043,4326,4,,,Konawe Selatan,Sulawesi Tenggara,,0,Kendari,,2019-06,0.24927581576569183,6,0.24927581576569183,VIIRS DNB,nW/cm2/sr,2019,"{""type"":""MultiPoint"",""coordinates"":[]}"
65_0000000000000000000d,BA03050040,,,,,,,74.71,74,265.790696582,TASWIL5000020230907KABKOTA,Kota Kendari,,0.0216443348271,1.21929531969,4326,5,,,Kota Kendari,Sulawesi Tenggara,,0,Kendari,,2019-06,2.304433692534988,6,2.304433692534988,VIIRS DNB,nW/cm2/sr,2019,"{""type"":""MultiPoint"",""coordinates"":[]}"
65_00000000000000000006,BA03050040,,,,,,,74.11,74,3992.53107078,TASWIL5000020230907KABKOTA,Kolaka Timur,,0.325055960897,4.62416724675,4326,4,,,Kolaka Timur,Sulawesi Tenggara,,0,Kolaka,,2019-06,0.17894894372950665,6,0.17894894372950665,VIIRS DNB,nW/cm2/sr,2019,"{""type"":""MultiPoint"",""coordinates"":[]}"
65_00000000000000000007,BA03050040,,,,,,,74.08,74,2932.25192061,TASWIL5000020230907KABKOTA,Kolaka Utara,,0.238597308701,3.90865020949,4326,4,,,Kolaka Utara,Sulawesi Tenggara,,0,Kolaka,,2019-06,0.16788908794663954,6,0.16788908794663954,VIIRS DNB,nW/cm2/sr,2019,"{""type"":""MultiPoint"",""coordinates"":[]}"
65_00000000000000000009,BA03050040,,,,,,,74.12,74,705.711010277,TASWIL5000020230907KABKOTA,Konawe Kepulauan,,0.0574768178025,1.17136047971,4326,4,,,Konawe Kepulauan,Sulawesi Tenggara,,0,Konawe,,2019-06,0.16587341365774697,6,0.16587341365774697,VIIRS DNB,nW/cm2/sr,2019,"{""type"":""MultiPoint"",""coordinates"":[]}"
65_0000000000000000000b,BA03050040,,,,,,,74.09,74,4219.81180817,TASWIL5000020230907KABKOTA,Konawe Utara,,0.343408045869,6.15591332033,4326,4,,,Konawe Utara,Sulawesi Tenggara,,0,Konawe,,2019-06,0.2289051410350611,6,0.2289051410350611,VIIRS DNB,nW/cm2/sr,2019,"{""type"":""MultiPoint"",""coordinates"":[]}"
65_00000000000000000004,BA03050040,,,,,,,74.10,74,1755.8292261,TASWIL5000020230907KABKOTA,Buton Utara,,0.143115018242,4.67921811895,4326,4,,,Buton Utara,Sulawesi Tenggara,,0,Muna,,2019-06,0.16586736930493473,6,0.16586736930493473,VIIRS DNB,nW/cm2/sr,2019,"{""type"":""MultiPoint"",""coordinates"":[]}"
65_0000000000000000000f,BA03050040,,,,,,,74.13,74,818.701593571,TASWIL5000020230907KABKOTA,Muna Barat,,0.0667415576998,2.65906981122,4326,4,,,Muna Barat,Sulawesi Tenggara,,0,Muna,,2019-06,0.18773052669877854,6,0.18773052669877854,VIIRS DNB,nW/cm2/sr,2019,"{""type"":""MultiPoint"",""coordinates"":[]}"
65_00000000000000000013,BA03050040,,,,,,,74.13,74,0.273099429049,TASWIL5000020230907KABKOTA,Muna Barat,Wilayah terapung,2.22679841875E-5,0.0295594995644,4326,4,,,Muna Barat,Sulawesi Tenggara,,0,Muna,,2019-06,0.14111913284723937,6,0.14111913284723937,VIIRS DNB,nW/cm2/sr,2019,"{""type"":""MultiPoint"",""coordinates"":[]}"
65_00000000000000000014,BA03050040,,,,,,,74.10,74,0.0480497061255,TASWIL5000020230907KABKOTA,Buton Utara,Wilayah terapung,3.9169026899E-6,0.0168384250334,4326,4,,,Buton Utara,Sulawesi Tenggara,,0,Muna,,2019-06,1.0085714374269759,6,1.0085714374269759,VIIRS DNB,nW/cm2/sr,2019,"{""type"":""MultiPoint"",""coordinates"":[]}"
66_00000000000000000001,BA03050040,,,,,,,74.04,74,1669.32863016,TASWIL5000020230907KABKOTA,Buton,,0.136188299866,3.04087674144,4326,4,,,Buton,Sulawesi Tenggara,,0,,,2019-07,0.11471600627701228,7,0.11471600627701228,VIIRS DNB,nW/cm2/sr,2019,"{""type"":""MultiPoint"",""coordinates"":[]}"
66_00000000000000000005,BA03050040,,,,,,,74.01,74,2958.9208572,TASWIL5000020230907KABKOTA,Kolaka,,0.240980839474,5.39527306777,4326,4,,,Kolaka,Sulawesi Tenggara,,0,,,2019-07,0.23083383042364408,7,0.23083383042364408,VIIRS DNB,nW/cm2/sr,2019,"{""type"":""MultiPoint"",""coordinates"":[]}"
66_00000000000000000008,BA03050040,,,,,,,74.02,74,5351.85263389,TASWIL5000020230907KABKOTA,Konawe,,0.435602118514,6.84601568998,4326,4,,,Konawe,Sulawesi Tenggara,,0,,,2019-07,0.2722604975530202,7,0.2722604975530202,VIIRS DNB,nW/cm2/sr,2019,"{""type"":""MultiPoint"",""coordinates"":[]}"
66_0000000000000000000e,BA03050040,,,,,,,74.03,74,1858.09481163,TASWIL5000020230907KABKOTA,Muna,,0.151502694674,5.32849464874,4326,4,,,Muna,Sulawesi Tenggara,,0,,,2019-07,0.1483107115446137,7,0.1483107115446137,VIIRS DNB,nW/cm2/sr,2019,"{""type"":""MultiPoint"",""coordinates"":[]}"
66_00000000000000000015,BA03050040,,,,,,,74.03,74,0.17024708351,TASWIL5000020230907KABKOTA,Muna,Wilayah terapung,1.38839187565E-5,0.039960941818,4326,4,,,Muna,Sulawesi Tenggara,,0,,,2019-07,0.12121387118893551,7,0.12121387118893551,VIIRS DNB,nW/cm2/sr,2019,"{""type"":""MultiPoint"",""coordinates"":[]}"
66_00000000000000000016,BA03050040,,,,,,,74.04,74,0.188157250699,TASWIL5000020230907KABKOTA,Buton,Wilayah terapung,1.53526521797E-5,0.0397338812277,4326,4,,,Buton,Sulawesi Tenggara,,0,,,2019-07,0.4500543502685817,7,0.4500543502685817,VIIRS DNB,nW/cm2/sr,2019,"{""type"":""MultiPoint"",""coordinates"":[]}"
66_00000000000000000000,BA03050040,,,,,,,74.06,74,3293.96639913,TASWIL5000020230907KABKOTA,Bombana,,0.268524880662,5.47167246052,4326,4,,,Bombana,Sulawesi Tenggara,,0,Buton,,2019-07,0.13022233556941218,7,0.13022233556941218,VIIRS DNB,nW/cm2/sr,2019,"{""type"":""MultiPoint"",""coordinates"":[]}"
66_00000000000000000002,BA03050040,,,,,,,74.15,74,517.631463505,TASWIL5000020230907KABKOTA,Buton Selatan,,0.042249508051,1.85498741345,4326,4,,,Buton Selatan,Sulawesi Tenggara,,0,Buton,,2019-07,0.17638853045843825,7,0.17638853045843825,VIIRS DNB,nW/cm2/sr,2019,"{""type"":""MultiPoint"",""coordinates"":[]}"
66_00000000000000000003,BA03050040,,,,,,,74.14,74,836.955797791,TASWIL5000020230907KABKOTA,Buton Tengah,,0.0682810706644,2.98412837401,4326,4,,,Buton Tengah,Sulawesi Tenggara,,0,Buton,,2019-07,0.15381817087563499,7,0.15381817087563499,VIIRS DNB,nW/cm2/sr,2019,"{""type"":""MultiPoint"",""coordinates"":[]}"
66_0000000000000000000c,BA03050040,,,,,,,74.72,74,294.137423231,TASWIL5000020230907KABKOTA,Kota Bau Bau,,0.0240007870008,0.955179337168,4326,5,,,Kota Bau Bau,Sulawesi Tenggara,,0,Buton,,2019-07,0.937035813292611,7,0.937035813292611,VIIRS DNB,nW/cm2/sr,2019,"{""type"":""MultiPoint"",""coordinates"":[]}"
66_00000000000000000010,BA03050040,,,,,,,74.07,74,450.455914283,TASWIL5000020230907KABKOTA,Wakatobi,,0.0367648905913,3.71804674371,4326,4,,,Wakatobi,Sulawesi Tenggara,,0,Buton,,2019-07,0.23131232442719352,7,0.23131232442719352,VIIRS DNB,nW/cm2/sr,2019,"{""type"":""MultiPoint"",""coordinates"":[]}"
66_00000000000000000011,BA03050040,,,,,,,74.07,74,0.253355482028,TASWIL5000020230907KABKOTA,Wakatobi,Wilayah terapung,2.06703594498E-5,0.0291924563304,4326,4,,,Wakatobi,Sulawesi Tenggara,,0,Buton,,2019-07,2.4518604957780177,7,2.4518604957780177,VIIRS DNB,nW/cm2/sr,2019,"{""type"":""MultiPoint"",""coordinates"":[]}"
66_00000000000000000012,BA03050040,,,,,,,74.07,74,4.12006083394,TASWIL5000020230907KABKOTA,Wakatobi,Wilayah terapung,3.36232999688E-4,0.124432278786,4326,4,,,Wakatobi,Sulawesi Tenggara,,0,Buton,,2019-07,0.14115266237826746,7,0.14115266237826746,VIIRS DNB,nW/cm2/sr,2019,"{""type"":""MultiPoint"",""coordinates"":[]}"
66_0000000000000000000a,BA03050040,,,,,,,74.05,74,4237.74051506,TASWIL5000020230907KABKOTA,Konawe Selatan,,0.345208073275,5.59324280043,4326,4,,,Konawe Selatan,Sulawesi Tenggara,,0,Kendari,,2019-07,0.2047373314632811,7,0.2047373314632811,VIIRS DNB,nW/cm2/sr,2019,"{""type"":""MultiPoint"",""coordinates"":[]}"
66_0000000000000000000d,BA03050040,,,,,,,74.71,74,265.790696582,TASWIL5000020230907KABKOTA,Kota Kendari,,0.0216443348271,1.21929531969,4326,5,,,Kota Kendari,Sulawesi Tenggara,,0,Kendari,,2019-07,2.747819729447035,7,2.747819729447035,VIIRS DNB,nW/cm2/sr,2019,"{""type"":""MultiPoint"",""coordinates"":[]}"
66_00000000000000000006,BA03050040,,,,,,,74.11,74,3992.53107078,TASWIL5000020230907KABKOTA,Kolaka Timur,,0.325055960897,4.62416724675,4326,4,,,Kolaka Timur,Sulawesi Tenggara,,0,Kolaka,,2019-07,0.1385480588315876,7,0.1385480588315876,VIIRS DNB,nW/cm2/sr,2019,"{""type"":""MultiPoint"",""coordinates"":[]}"
66_00000000000000000007,BA03050040,,,,,,,74.08,74,2932.25192061,TASWIL5000020230907KABKOTA,Kolaka Utara,,0.238597308701,3.90865020949,4326,4,,,Kolaka Utara,Sulawesi Tenggara,,0,Kolaka,,2019-07,0.13760160887969025,7,0.13760160887969025,VIIRS DNB,nW/cm2/sr,2019,"{""type"":""MultiPoint"",""coordinates"":[]}"
66_00000000000000000009,BA03050040,,,,,,,74.12,74,705.711010277,TASWIL5000020230907KABKOTA,Konawe Kepulauan,,0.0574768178025,1.17136047971,4326,4,,,Konawe Kepulauan,Sulawesi Tenggara,,0,Konawe,,2019-07,0.1353682789313716,7,0.1353682789313716,VIIRS DNB,nW/cm2/sr,2019,"{""type"":""MultiPoint"",""coordinates"":[]}"
66_0000000000000000000b,BA03050040,,,,,,,74.09,74,4219.81180817,TASWIL5000020230907KABKOTA,Konawe Utara,,0.343408045869,6.15591332033,4326,4,,,Konawe Utara,Sulawesi Tenggara,,0,Konawe,,2019-07,0.13101968623757862,7,0.13101968623757862,VIIRS DNB,nW/cm2/sr,2019,"{""type"":""MultiPoint"",""coordinates"":[]}"
66_00000000000000000004,BA03050040,,,,,,,74.10,74,1755.8292261,TASWIL5000020230907KABKOTA,Buton Utara,,0.143115018242,4.67921811895,4326,4,,,Buton Utara,Sulawesi Tenggara,,0,Muna,,2019-07,0.09299999106630592,7,0.09299999106630592,VIIRS DNB,nW/cm2/sr,2019,"{""type"":""MultiPoint"",""coordinates"":[]}"
66_0000000000000000000f,BA03050040,,,,,,,74.13,74,818.701593571,TASWIL5000020230907KABKOTA,Muna Barat,,0.0667415576998,2.65906981122,4326,4,,,Muna Barat,Sulawesi Tenggara,,0,Muna,,2019-07,0.1378100414015014,7,0.1378100414015014,VIIRS DNB,nW/cm2/sr,2019,"{""type"":""MultiPoint"",""coordinates"":[]}"
66_00000000000000000013,BA03050040,,,,,,,74.13,74,0.273099429049,TASWIL5000020230907KABKOTA,Muna Barat,Wilayah terapung,2.22679841875E-5,0.0295594995644,4326,4,,,Muna Barat,Sulawesi Tenggara,,0,Muna,,2019-07,0.11101082994834612,7,0.11101082994834612,VIIRS DNB,nW/cm2/sr,2019,"{""type"":""MultiPoint"",""coordinates"":[]}"
66_00000000000000000014,BA03050040,,,,,,,74.10,74,0.0480497061255,TASWIL5000020230907KABKOTA,Buton Utara,Wilayah terapung,3.9169026899E-6,0.0168384250334,4326,4,,,Buton Utara,Sulawesi Tenggara,,0,Muna,,2019-07,0.4528571452413287,7,0.4528571452413287,VIIRS DNB,nW/cm2/sr,2019,"{""type"":""MultiPoint"",""coordinates"":[]}"
67_00000000000000000001,BA03050040,,,,,,,74.04,74,1669.32863016,TASWIL5000020230907KABKOTA,Buton,,0.136188299866,3.04087674144,4326,4,,,Buton,Sulawesi Tenggara,,0,,,2019-08,0.07264579936995613,8,0.07264579936995613,VIIRS DNB,nW/cm2/sr,2019,"{""type"":""MultiPoint"",""coordinates"":[]}"
67_00000000000000000005,BA03050040,,,,,,,74.01,74,2958.9208572,TASWIL5000020230907KABKOTA,Kolaka,,0.240980839474,5.39527306777,4326,4,,,Kolaka,Sulawesi Tenggara,,0,,,2019-08,0.17953012129271512,8,0.17953012129271512,VIIRS DNB,nW/cm2/sr,2019,"{""type"":""MultiPoint"",""coordinates"":[]}"
67_00000000000000000008,BA03050040,,,,,,,74.02,74,5351.85263389,TASWIL5000020230907KABKOTA,Konawe,,0.435602118514,6.84601568998,4326,4,,,Konawe,Sulawesi Tenggara,,0,,,2019-08,0.18450795029014225,8,0.18450795029014225,VIIRS DNB,nW/cm2/sr,2019,"{""type"":""MultiPoint"",""coordinates"":[]}"
67_0000000000000000000e,BA03050040,,,,,,,74.03,74,1858.09481163,TASWIL5000020230907KABKOTA,Muna,,0.151502694674,5.32849464874,4326,4,,,Muna,Sulawesi Tenggara,,0,,,2019-08,0.11436197814525917,8,0.11436197814525917,VIIRS DNB,nW/cm2/sr,2019,"{""type"":""MultiPoint"",""coordinates"":[]}"
67_00000000000000000015,BA03050040,,,,,,,74.03,74,0.17024708351,TASWIL5000020230907KABKOTA,Muna,Wilayah terapung,1.38839187565E-5,0.039960941818,4326,4,,,Muna,Sulawesi Tenggara,,0,,,2019-08,0.1147398883207685,8,0.1147398883207685,VIIRS DNB,nW/cm2/sr,2019,"{""type"":""MultiPoint"",""coordinates"":[]}"
67_00000000000000000016,BA03050040,,,,,,,74.04,74,0.188157250699,TASWIL5000020230907KABKOTA,Buton,Wilayah terapung,1.53526521797E-5,0.0397338812277,4326,4,,,Buton,Sulawesi Tenggara,,0,,,2019-08,0.5082608675179274,8,0.5082608675179274,VIIRS DNB,nW/cm2/sr,2019,"{""type"":""MultiPoint"",""coordinates"":[]}"
67_00000000000000000000,BA03050040,,,,,,,74.06,74,3293.96639913,TASWIL5000020230907KABKOTA,Bombana,,0.268524880662,5.47167246052,4326,4,,,Bombana,Sulawesi Tenggara,,0,Buton,,2019-08,0.0791277233992283,8,0.0791277233992283,VIIRS DNB,nW/cm2/sr,2019,"{""type"":""MultiPoint"",""coordinates"":[]}"
67_00000000000000000002,BA03050040,,,,,,,74.15,74,517.631463505,TASWIL5000020230907KABKOTA,Buton Selatan,,0.042249508051,1.85498741345,4326,4,,,Buton Selatan,Sulawesi Tenggara,,0,Buton,,2019-08,0.1970900576032794,8,0.1970900576032794,VIIRS DNB,nW/cm2/sr,2019,"{""type"":""MultiPoint"",""coordinates"":[]}"
67_00000000000000000003,BA03050040,,,,,,,74.14,74,836.955797791,TASWIL5000020230907KABKOTA,Buton Tengah,,0.0682810706644,2.98412837401,4326,4,,,Buton Tengah,Sulawesi Tenggara,,0,Buton,,2019-08,0.12655268616137938,8,0.12655268616137938,VIIRS DNB,nW/cm2/sr,2019,"{""type"":""MultiPoint"",""coordinates"":[]}"
67_0000000000000000000c,BA03050040,,,,,,,74.72,74,294.137423231,TASWIL5000020230907KABKOTA,Kota Bau Bau,,0.0240007870008,0.955179337168,4326,5,,,Kota Bau Bau,Sulawesi Tenggara,,0,Buton,,2019-08,1.026129706015053,8,1.026129706015053,VIIRS DNB,nW/cm2/sr,2019,"{""type"":""MultiPoint"",""coordinates"":[]}"
67_00000000000000000010,BA03050040,,,,,,,74.07,74,450.455914283,TASWIL5000020230907KABKOTA,Wakatobi,,0.0367648905913,3.71804674371,4326,4,,,Wakatobi,Sulawesi Tenggara,,0,Buton,,2019-08,0.2180159752756747,8,0.2180159752756747,VIIRS DNB,nW/cm2/sr,2019,"{""type"":""MultiPoint"",""coordinates"":[]}"
67_00000000000000000011,BA03050040,,,,,,,74.07,74,0.253355482028,TASWIL5000020230907KABKOTA,Wakatobi,Wilayah terapung,2.06703594498E-5,0.0291924563304,4326,4,,,Wakatobi,Sulawesi Tenggara,,0,Buton,,2019-08,2.4137209512928655,8,2.4137209512928655,VIIRS DNB,nW/cm2/sr,2019,"{""type"":""MultiPoint"",""coordinates"":[]}"
67_00000000000000000012,BA03050040,,,,,,,74.07,74,4.12006083394,TASWIL5000020230907KABKOTA,Wakatobi,Wilayah terapung,3.36232999688E-4,0.124432278786,4326,4,,,Wakatobi,Sulawesi Tenggara,,0,Buton,,2019-08,0.12956686476851714,8,0.12956686476851714,VIIRS DNB,nW/cm2/sr,2019,"{""type"":""MultiPoint"",""coordinates"":[]}"
67_0000000000000000000a,BA03050040,,,,,,,74.05,74,4237.74051506,TASWIL5000020230907KABKOTA,Konawe Selatan,,0.345208073275,5.59324280043,4326,4,,,Konawe Selatan,Sulawesi Tenggara,,0,Kendari,,2019-08,0.15358613603592286,8,0.15358613603592286,VIIRS DNB,nW/cm2/sr,2019,"{""type"":""MultiPoint"",""coordinates"":[]}"
67_0000000000000000000d,BA03050040,,,,,,,74.71,74,265.790696582,TASWIL5000020230907KABKOTA,Kota Kendari,,0.0216443348271,1.21929531969,4326,5,,,Kota Kendari,Sulawesi Tenggara,,0,Kendari,,2019-08,2.8313280364195035,8,2.8313280364195035,VIIRS DNB,nW/cm2/sr,2019,"{""type"":""MultiPoint"",""coordinates"":[]}"
67_00000000000000000006,BA03050040,,,,,,,74.11,74,3992.53107078,TASWIL5000020230907KABKOTA,Kolaka Timur,,0.325055960897,4.62416724675,4326,4,,,Kolaka Timur,Sulawesi Tenggara,,0,Kolaka,,2019-08,0.0757403605795748,8,0.0757403605795748,VIIRS DNB,nW/cm2/sr,2019,"{""type"":""MultiPoint"",""coordinates"":[]}"
67_00000000000000000007,BA03050040,,,,,,,74.08,74,2932.25192061,TASWIL5000020230907KABKOTA,Kolaka Utara,,0.238597308701,3.90865020949,4326,4,,,Kolaka Utara,Sulawesi Tenggara,,0,Kolaka,,2019-08,0.06040879306575525,8,0.06040879306575525,VIIRS DNB,nW/cm2/sr,2019,"{""type"":""MultiPoint"",""coordinates"":[]}"
67_00000000000000000009,BA03050040,,,,,,,74.12,74,705.711010277,TASWIL5000020230907KABKOTA,Konawe Kepulauan,,0.0574768178025,1.17136047971,4326,4,,,Konawe Kepulauan,Sulawesi Tenggara,,0,Konawe,,2019-08,0.06942764911276282,8,0.06942764911276282,VIIRS DNB,nW/cm2/sr,2019,"{""type"":""MultiPoint"",""coordinates"":[]}"
67_0000000000000000000b,BA03050040,,,,,,,74.09,74,4219.81180817,TASWIL5000020230907KABKOTA,Konawe Utara,,0.343408045869,6.15591332033,4326,4,,,Konawe Utara,Sulawesi Tenggara,,0,Konawe,,2019-08,0.08258301520538411,8,0.08258301520538411,VIIRS DNB,nW/cm2/sr,2019,"{""type"":""MultiPoint"",""coordinates"":[]}"
67_00000000000000000004,BA03050040,,,,,,,74.10,74,1755.8292261,TASWIL5000020230907KABKOTA,Buton Utara,,0.143115018242,4.67921811895,4326,4,,,Buton Utara,Sulawesi Tenggara,,0,Muna,,2019-08,0.041174037863779725,8,0.041174037863779725,VIIRS DNB,nW/cm2/sr,2019,"{""type"":""MultiPoint"",""coordinates"":[]}"
67_0000000000000000000f,BA03050040,,,,,,,74.13,74,818.701593571,TASWIL5000020230907KABKOTA,Muna Barat,,0.0667415576998,2.65906981122,4326,4,,,Muna Barat,Sulawesi Tenggara,,0,Muna,,2019-08,0.10673224926548823,8,0.10673224926548823,VIIRS DNB,nW/cm2/sr,2019,"{""type"":""MultiPoint"",""coordinates"":[]}"
67_00000000000000000013,BA03050040,,,,,,,74.13,74,0.273099429049,TASWIL5000020230907KABKOTA,Muna Barat,Wilayah terapung,2.22679841875E-5,0.0295594995644,4326,4,,,Muna Barat,Sulawesi Tenggara,,0,Muna,,2019-08,0.06924187741662621,8,0.06924187741662621,VIIRS DNB,nW/cm2/sr,2019,"{""type"":""MultiPoint"",""coordinates"":[]}"
67_00000000000000000014,BA03050040,,,,,,,74.10,74,0.0480497061255,TASWIL5000020230907KABKOTA,Buton Utara,Wilayah terapung,3.9169026899E-6,0.0168384250334,4326,4,,,Buton Utara,Sulawesi Tenggara,,0,Muna,,2019-08,0.7600000032356807,8,0.7600000032356807,VIIRS DNB,nW/cm2/sr,2019,"{""type"":""MultiPoint"",""coordinates"":[]}"
68_00000000000000000001,BA03050040,,,,,,,74.04,74,1669.32863016,TASWIL5000020230907KABKOTA,Buton,,0.136188299866,3.04087674144,4326,4,,,Buton,Sulawesi Tenggara,,0,,,2019-09,0.15611512558039636,9,0.15611512558039636,VIIRS DNB,nW/cm2/sr,2019,"{""type"":""MultiPoint"",""coordinates"":[]}"
68_00000000000000000005,BA03050040,,,,,,,74.01,74,2958.9208572,TASWIL5000020230907KABKOTA,Kolaka,,0.240980839474,5.39527306777,4326,4,,,Kolaka,Sulawesi Tenggara,,0,,,2019-09,0.24216551012538762,9,0.24216551012538762,VIIRS DNB,nW/cm2/sr,2019,"{""type"":""MultiPoint"",""coordinates"":[]}"
68_00000000000000000008,BA03050040,,,,,,,74.02,74,5351.85263389,TASWIL5000020230907KABKOTA,Konawe,,0.435602118514,6.84601568998,4326,4,,,Konawe,Sulawesi Tenggara,,0,,,2019-09,0.27371314214494114,9,0.27371314214494114,VIIRS DNB,nW/cm2/sr,2019,"{""type"":""MultiPoint"",""coordinates"":[]}"
68_0000000000000000000e,BA03050040,,,,,,,74.03,74,1858.09481163,TASWIL5000020230907KABKOTA,Muna,,0.151502694674,5.32849464874,4326,4,,,Muna,Sulawesi Tenggara,,0,,,2019-09,0.19452109912158416,9,0.19452109912158416,VIIRS DNB,nW/cm2/sr,2019,"{""type"":""MultiPoint"",""coordinates"":[]}"
68_00000000000000000015,BA03050040,,,,,,,74.03,74,0.17024708351,TASWIL5000020230907KABKOTA,Muna,Wilayah terapung,1.38839187565E-5,0.039960941818,4326,4,,,Muna,Sulawesi Tenggara,,0,,,2019-09,0.15277456548172613,9,0.15277456548172613,VIIRS DNB,nW/cm2/sr,2019,"{""type"":""MultiPoint"",""coordinates"":[]}"
68_00000000000000000016,BA03050040,,,,,,,74.04,74,0.188157250699,TASWIL5000020230907KABKOTA,Buton,Wilayah terapung,1.53526521797E-5,0.0397338812277,4326,4,,,Buton,Sulawesi Tenggara,,0,,,2019-09,0.45673911856568383,9,0.45673911856568383,VIIRS DNB,nW/cm2/sr,2019,"{""type"":""MultiPoint"",""coordinates"":[]}"
68_00000000000000000000,BA03050040,,,,,,,74.06,74,3293.96639913,TASWIL5000020230907KABKOTA,Bombana,,0.268524880662,5.47167246052,4326,4,,,Bombana,Sulawesi Tenggara,,0,Buton,,2019-09,0.1772686289255383,9,0.1772686289255383,VIIRS DNB,nW/cm2/sr,2019,"{""type"":""MultiPoint"",""coordinates"":[]}"
68_00000000000000000002,BA03050040,,,,,,,74.15,74,517.631463505,TASWIL5000020230907KABKOTA,Buton Selatan,,0.042249508051,1.85498741345,4326,4,,,Buton Selatan,Sulawesi Tenggara,,0,Buton,,2019-09,0.22031157346526442,9,0.22031157346526442,VIIRS DNB,nW/cm2/sr,2019,"{""type"":""MultiPoint"",""coordinates"":[]}"
68_00000000000000000003,BA03050040,,,,,,,74.14,74,836.955797791,TASWIL5000020230907KABKOTA,Buton Tengah,,0.0682810706644,2.98412837401,4326,4,,,Buton Tengah,Sulawesi Tenggara,,0,Buton,,2019-09,0.18184166495393742,9,0.18184166495393742,VIIRS DNB,nW/cm2/sr,2019,"{""type"":""MultiPoint"",""coordinates"":[]}"
68_0000000000000000000c,BA03050040,,,,,,,74.72,74,294.137423231,TASWIL5000020230907KABKOTA,Kota Bau Bau,,0.0240007870008,0.955179337168,4326,5,,,Kota Bau Bau,Sulawesi Tenggara,,0,Buton,,2019-09,1.0065831006502455,9,1.0065831006502455,VIIRS DNB,nW/cm2/sr,2019,"{""type"":""MultiPoint"",""coordinates"":[]}"
68_00000000000000000010,BA03050040,,,,,,,74.07,74,450.455914283,TASWIL5000020230907KABKOTA,Wakatobi,,0.0367648905913,3.71804674371,4326,4,,,Wakatobi,Sulawesi Tenggara,,0,Buton,,2019-09,0.28950362147022957,9,0.28950362147022957,VIIRS DNB,nW/cm2/sr,2019,"{""type"":""MultiPoint"",""coordinates"":[]}"
68_00000000000000000011,BA03050040,,,,,,,74.07,74,0.253355482028,TASWIL5000020230907KABKOTA,Wakatobi,Wilayah terapung,2.06703594498E-5,0.0291924563304,4326,4,,,Wakatobi,Sulawesi Tenggara,,0,Buton,,2019-09,2.2880232458890872,9,2.2880232458890872,VIIRS DNB,nW/cm2/sr,2019,"{""type"":""MultiPoint"",""coordinates"":[]}"
68_00000000000000000012,BA03050040,,,,,,,74.07,74,4.12006083394,TASWIL5000020230907KABKOTA,Wakatobi,Wilayah terapung,3.36232999688E-4,0.124432278786,4326,4,,,Wakatobi,Sulawesi Tenggara,,0,Buton,,2019-09,0.18685917027779586,9,0.18685917027779586,VIIRS DNB,nW/cm2/sr,2019,"{""type"":""MultiPoint"",""coordinates"":[]}"
68_0000000000000000000a,BA03050040,,,,,,,74.05,74,4237.74051506,TASWIL5000020230907KABKOTA,Konawe Selatan,,0.345208073275,5.59324280043,4326,4,,,Konawe Selatan,Sulawesi Tenggara,,0,Kendari,,2019-09,0.21632066302246275,9,0.21632066302246275,VIIRS DNB,nW/cm2/sr,2019,"{""type"":""MultiPoint"",""coordinates"":[]}"
68_0000000000000000000d,BA03050040,,,,,,,74.71,74,265.790696582,TASWIL5000020230907KABKOTA,Kota Kendari,,0.0216443348271,1.21929531969,4326,5,,,Kota Kendari,Sulawesi Tenggara,,0,Kendari,,2019-09,2.8473503868819408,9,2.8473503868819408,VIIRS DNB,nW/cm2/sr,2019,"{""type"":""MultiPoint"",""coordinates"":[]}"
68_00000000000000000006,BA03050040,,,,,,,74.11,74,3992.53107078,TASWIL5000020230907KABKOTA,Kolaka Timur,,0.325055960897,4.62416724675,4326,4,,,Kolaka Timur,Sulawesi Tenggara,,0,Kolaka,,2019-09,0.12927909706244048,9,0.12927909706244048,VIIRS DNB,nW/cm2/sr,2019,"{""type"":""MultiPoint"",""coordinates"":[]}"
68_00000000000000000007,BA03050040,,,,,,,74.08,74,2932.25192061,TASWIL5000020230907KABKOTA,Kolaka Utara,,0.238597308701,3.90865020949,4326,4,,,Kolaka Utara,Sulawesi Tenggara,,0,Kolaka,,2019-09,0.11399781593844784,9,0.11399781593844784,VIIRS DNB,nW/cm2/sr,2019,"{""type"":""MultiPoint"",""coordinates"":[]}"
68_00000000000000000009,BA03050040,,,,,,,74.12,74,705.711010277,TASWIL5000020230907KABKOTA,Konawe Kepulauan,,0.0574768178025,1.17136047971,4326,4,,,Konawe Kepulauan,Sulawesi Tenggara,,0,Konawe,,2019-09,0.15639104699968823,9,0.15639104699968823,VIIRS DNB,nW/cm2/sr,2019,"{""type"":""MultiPoint"",""coordinates"":[]}"
68_0000000000000000000b,BA03050040,,,,,,,74.09,74,4219.81180817,TASWIL5000020230907KABKOTA,Konawe Utara,,0.343408045869,6.15591332033,4326,4,,,Konawe Utara,Sulawesi Tenggara,,0,Konawe,,2019-09,0.13457184791018845,9,0.13457184791018845,VIIRS DNB,nW/cm2/sr,2019,"{""type"":""MultiPoint"",""coordinates"":[]}"
68_00000000000000000004,BA03050040,,,,,,,74.10,74,1755.8292261,TASWIL5000020230907KABKOTA,Buton Utara,,0.143115018242,4.67921811895,4326,4,,,Buton Utara,Sulawesi Tenggara,,0,Muna,,2019-09,0.12841864844087383,9,0.12841864844087383,VIIRS DNB,nW/cm2/sr,2019,"{""type"":""MultiPoint"",""coordinates"":[]}"
68_0000000000000000000f,BA03050040,,,,,,,74.13,74,818.701593571,TASWIL5000020230907KABKOTA,Muna Barat,,0.0667415576998,2.65906981122,4326,4,,,Muna Barat,Sulawesi Tenggara,,0,Muna,,2019-09,0.17640623312985435,9,0.17640623312985435,VIIRS DNB,nW/cm2/sr,2019,"{""type"":""MultiPoint"",""coordinates"":[]}"
68_00000000000000000013,BA03050040,,,,,,,74.13,74,0.273099429049,TASWIL5000020230907KABKOTA,Muna Barat,Wilayah terapung,2.22679841875E-5,0.0295594995644,4326,4,,,Muna Barat,Sulawesi Tenggara,,0,Muna,,2019-09,0.12703970924611555,9,0.12703970924611555,VIIRS DNB,nW/cm2/sr,2019,"{""type"":""MultiPoint"",""coordinates"":[]}"
68_00000000000000000014,BA03050040,,,,,,,74.10,74,0.0480497061255,TASWIL5000020230907KABKOTA,Buton Utara,Wilayah terapung,3.9169026899E-6,0.0168384250334,4326,4,,,Buton Utara,Sulawesi Tenggara,,0,Muna,,2019-09,0.41857142533574787,9,0.41857142533574787,VIIRS DNB,nW/cm2/sr,2019,"{""type"":""MultiPoint"",""coordinates"":[]}"
69_00000000000000000001,BA03050040,,,,,,,74.04,74,1669.32863016,TASWIL5000020230907KABKOTA,Buton,,0.136188299866,3.04087674144,4326,4,,,Buton,Sulawesi Tenggara,,0,,,2019-10,0.22498010937123464,10,0.22498010937123464,VIIRS DNB,nW/cm2/sr,2019,"{""type"":""MultiPoint"",""coordinates"":[]}"
69_00000000000000000005,BA03050040,,,,,,,74.01,74,2958.9208572,TASWIL5000020230907KABKOTA,Kolaka,,0.240980839474,5.39527306777,4326,4,,,Kolaka,Sulawesi Tenggara,,0,,,2019-10,0.34199734292201095,10,0.34199734292201095,VIIRS DNB,nW/cm2/sr,2019,"{""type"":""MultiPoint"",""coordinates"":[]}"
69_00000000000000000008,BA03050040,,,,,,,74.02,74,5351.85263389,TASWIL5000020230907KABKOTA,Konawe,,0.435602118514,6.84601568998,4326,4,,,Konawe,Sulawesi Tenggara,,0,,,2019-10,0.30998460989773596,10,0.30998460989773596,VIIRS DNB,nW/cm2/sr,2019,"{""type"":""MultiPoint"",""coordinates"":[]}"
69_0000000000000000000e,BA03050040,,,,,,,74.03,74,1858.09481163,TASWIL5000020230907KABKOTA,Muna,,0.151502694674,5.32849464874,4326,4,,,Muna,Sulawesi Tenggara,,0,,,2019-10,0.26278746410668397,10,0.26278746410668397,VIIRS DNB,nW/cm2/sr,2019,"{""type"":""MultiPoint"",""coordinates"":[]}"
69_00000000000000000015,BA03050040,,,,,,,74.03,74,0.17024708351,TASWIL5000020230907KABKOTA,Muna,Wilayah terapung,1.38839187565E-5,0.039960941818,4326,4,,,Muna,Sulawesi Tenggara,,0,,,2019-10,0.22358381429504107,10,0.22358381429504107,VIIRS DNB,nW/cm2/sr,2019,"{""type"":""MultiPoint"",""coordinates"":[]}"
69_00000000000000000016,BA03050040,,,,,,,74.04,74,0.188157250699,TASWIL5000020230907KABKOTA,Buton,Wilayah terapung,1.53526521797E-5,0.0397338812277,4326,4,,,Buton,Sulawesi Tenggara,,0,,,2019-10,0.6697826103671738,10,0.6697826103671738,VIIRS DNB,nW/cm2/sr,2019,"{""type"":""MultiPoint"",""coordinates"":[]}"
69_00000000000000000000,BA03050040,,,,,,,74.06,74,3293.96639913,TASWIL5000020230907KABKOTA,Bombana,,0.268524880662,5.47167246052,4326,4,,,Bombana,Sulawesi Tenggara,,0,Buton,,2019-10,0.24519995412145731,10,0.24519995412145731,VIIRS DNB,nW/cm2/sr,2019,"{""type"":""MultiPoint"",""coordinates"":[]}"
69_00000000000000000002,BA03050040,,,,,,,74.15,74,517.631463505,TASWIL5000020230907KABKOTA,Buton Selatan,,0.042249508051,1.85498741345,4326,4,,,Buton Selatan,Sulawesi Tenggara,,0,Buton,,2019-10,0.31965836607857395,10,0.31965836607857395,VIIRS DNB,nW/cm2/sr,2019,"{""type"":""MultiPoint"",""coordinates"":[]}"
69_00000000000000000003,BA03050040,,,,,,,74.14,74,836.955797791,TASWIL5000020230907KABKOTA,Buton Tengah,,0.0682810706644,2.98412837401,4326,4,,,Buton Tengah,Sulawesi Tenggara,,0,Buton,,2019-10,0.2522858706075898,10,0.2522858706075898,VIIRS DNB,nW/cm2/sr,2019,"{""type"":""MultiPoint"",""coordinates"":[]}"
69_0000000000000000000c,BA03050040,,,,,,,74.72,74,294.137423231,TASWIL5000020230907KABKOTA,Kota Bau Bau,,0.0240007870008,0.955179337168,4326,5,,,Kota Bau Bau,Sulawesi Tenggara,,0,Buton,,2019-10,1.1136246839597554,10,1.1136246839597554,VIIRS DNB,nW/cm2/sr,2019,"{""type"":""MultiPoint"",""coordinates"":[]}"
69_00000000000000000010,BA03050040,,,,,,,74.07,74,450.455914283,TASWIL5000020230907KABKOTA,Wakatobi,,0.0367648905913,3.71804674371,4326,4,,,Wakatobi,Sulawesi Tenggara,,0,Buton,,2019-10,0.3450483255741181,10,0.3450483255741181,VIIRS DNB,nW/cm2/sr,2019,"{""type"":""MultiPoint"",""coordinates"":[]}"
69_00000000000000000011,BA03050040,,,,,,,74.07,74,0.253355482028,TASWIL5000020230907KABKOTA,Wakatobi,Wilayah terapung,2.06703594498E-5,0.0291924563304,4326,4,,,Wakatobi,Sulawesi Tenggara,,0,Buton,,2019-10,2.4555426133695497,10,2.4555426133695497,VIIRS DNB,nW/cm2/sr,2019,"{""type"":""MultiPoint"",""coordinates"":[]}"
69_00000000000000000012,BA03050040,,,,,,,74.07,74,4.12006083394,TASWIL5000020230907KABKOTA,Wakatobi,Wilayah terapung,3.36232999688E-4,0.124432278786,4326,4,,,Wakatobi,Sulawesi Tenggara,,0,Buton,,2019-10,0.24714082962486172,10,0.24714082962486172,VIIRS DNB,nW/cm2/sr,2019,"{""type"":""MultiPoint"",""coordinates"":[]}"
69_0000000000000000000a,BA03050040,,,,,,,74.05,74,4237.74051506,TASWIL5000020230907KABKOTA,Konawe Selatan,,0.345208073275,5.59324280043,4326,4,,,Konawe Selatan,Sulawesi Tenggara,,0,Kendari,,2019-10,0.30804835905830735,10,0.30804835905830735,VIIRS DNB,nW/cm2/sr,2019,"{""type"":""MultiPoint"",""coordinates"":[]}"
69_0000000000000000000d,BA03050040,,,,,,,74.71,74,265.790696582,TASWIL5000020230907KABKOTA,Kota Kendari,,0.0216443348271,1.21929531969,4326,5,,,Kota Kendari,Sulawesi Tenggara,,0,Kendari,,2019-10,3.327707717637547,10,3.327707717637547,VIIRS DNB,nW/cm2/sr,2019,"{""type"":""MultiPoint"",""coordinates"":[]}"
69_00000000000000000006,BA03050040,,,,,,,74.11,74,3992.53107078,TASWIL5000020230907KABKOTA,Kolaka Timur,,0.325055960897,4.62416724675,4326,4,,,Kolaka Timur,Sulawesi Tenggara,,0,Kolaka,,2019-10,0.20286550962870667,10,0.20286550962870667,VIIRS DNB,nW/cm2/sr,2019,"{""type"":""MultiPoint"",""coordinates"":[]}"
69_00000000000000000007,BA03050040,,,,,,,74.08,74,2932.25192061,TASWIL5000020230907KABKOTA,Kolaka Utara,,0.238597308701,3.90865020949,4326,4,,,Kolaka Utara,Sulawesi Tenggara,,0,Kolaka,,2019-10,0.198485581021427,10,0.198485581021427,VIIRS DNB,nW/cm2/sr,2019,"{""type"":""MultiPoint"",""coordinates"":[]}"
69_00000000000000000009,BA03050040,,,,,,,74.12,74,705.711010277,TASWIL5000020230907KABKOTA,Konawe Kepulauan,,0.0574768178025,1.17136047971,4326,4,,,Konawe Kepulauan,Sulawesi Tenggara,,0,Konawe,,2019-10,0.2189339264860972,10,0.2189339264860972,VIIRS DNB,nW/cm2/sr,2019,"{""type"":""MultiPoint"",""coordinates"":[]}"
69_0000000000000000000b,BA03050040,,,,,,,74.09,74,4219.81180817,TASWIL5000020230907KABKOTA,Konawe Utara,,0.343408045869,6.15591332033,4326,4,,,Konawe Utara,Sulawesi Tenggara,,0,Konawe,,2019-10,0.21428042824053714,10,0.21428042824053714,VIIRS DNB,nW/cm2/sr,2019,"{""type"":""MultiPoint"",""coordinates"":[]}"
69_00000000000000000004,BA03050040,,,,,,,74.10,74,1755.8292261,TASWIL5000020230907KABKOTA,Buton Utara,,0.143115018242,4.67921811895,4326,4,,,Buton Utara,Sulawesi Tenggara,,0,Muna,,2019-10,0.19279068770676427,10,0.19279068770676427,VIIRS DNB,nW/cm2/sr,2019,"{""type"":""MultiPoint"",""coordinates"":[]}"
69_0000000000000000000f,BA03050040,,,,,,,74.13,74,818.701593571,TASWIL5000020230907KABKOTA,Muna Barat,,0.0667415576998,2.65906981122,4326,4,,,Muna Barat,Sulawesi Tenggara,,0,Muna,,2019-10,0.2508350498715086,10,0.2508350498715086,VIIRS DNB,nW/cm2/sr,2019,"{""type"":""MultiPoint"",""coordinates"":[]}"
69_00000000000000000013,BA03050040,,,,,,,74.13,74,0.273099429049,TASWIL5000020230907KABKOTA,Muna Barat,Wilayah terapung,2.22679841875E-5,0.0295594995644,4326,4,,,Muna Barat,Sulawesi Tenggara,,0,Muna,,2019-10,0.20606498441756416,10,0.20606498441756416,VIIRS DNB,nW/cm2/sr,2019,"{""type"":""MultiPoint"",""coordinates"":[]}"
69_00000000000000000014,BA03050040,,,,,,,74.10,74,0.0480497061255,TASWIL5000020230907KABKOTA,Buton Utara,Wilayah terapung,3.9169026899E-6,0.0168384250334,4326,4,,,Buton Utara,Sulawesi Tenggara,,0,Muna,,2019-10,0.5914285821574076,10,0.5914285821574076,VIIRS DNB,nW/cm2/sr,2019,"{""type"":""MultiPoint"",""coordinates"":[]}"
70_00000000000000000001,BA03050040,,,,,,,74.04,74,1669.32863016,TASWIL5000020230907KABKOTA,Buton,,0.136188299866,3.04087674144,4326,4,,,Buton,Sulawesi Tenggara,,0,,,2019-11,0.21355055103351178,11,0.21355055103351178,VIIRS DNB,nW/cm2/sr,2019,"{""type"":""MultiPoint"",""coordinates"":[]}"
70_00000000000000000005,BA03050040,,,,,,,74.01,74,2958.9208572,TASWIL5000020230907KABKOTA,Kolaka,,0.240980839474,5.39527306777,4326,4,,,Kolaka,Sulawesi Tenggara,,0,,,2019-11,0.3197166596555145,11,0.3197166596555145,VIIRS DNB,nW/cm2/sr,2019,"{""type"":""MultiPoint"",""coordinates"":[]}"
70_00000000000000000008,BA03050040,,,,,,,74.02,74,5351.85263389,TASWIL5000020230907KABKOTA,Konawe,,0.435602118514,6.84601568998,4326,4,,,Konawe,Sulawesi Tenggara,,0,,,2019-11,0.2897731351018069,11,0.2897731351018069,VIIRS DNB,nW/cm2/sr,2019,"{""type"":""MultiPoint"",""coordinates"":[]}"
70_0000000000000000000e,BA03050040,,,,,,,74.03,74,1858.09481163,TASWIL5000020230907KABKOTA,Muna,,0.151502694674,5.32849464874,4326,4,,,Muna,Sulawesi Tenggara,,0,,,2019-11,0.23200659538526422,11,0.23200659538526422,VIIRS DNB,nW/cm2/sr,2019,"{""type"":""MultiPoint"",""coordinates"":[]}"
70_00000000000000000015,BA03050040,,,,,,,74.03,74,0.17024708351,TASWIL5000020230907KABKOTA,Muna,Wilayah terapung,1.38839187565E-5,0.039960941818,4326,4,,,Muna,Sulawesi Tenggara,,0,,,2019-11,0.19815028945490115,11,0.19815028945490115,VIIRS DNB,nW/cm2/sr,2019,"{""type"":""MultiPoint"",""coordinates"":[]}"
70_00000000000000000016,BA03050040,,,,,,,74.04,74,0.188157250699,TASWIL5000020230907KABKOTA,Buton,Wilayah terapung,1.53526521797E-5,0.0397338812277,4326,4,,,Buton,Sulawesi Tenggara,,0,,,2019-11,0.6529891393754794,11,0.6529891393754794,VIIRS DNB,nW/cm2/sr,2019,"{""type"":""MultiPoint"",""coordinates"":[]}"
70_00000000000000000000,BA03050040,,,,,,,74.06,74,3293.96639913,TASWIL5000020230907KABKOTA,Bombana,,0.268524880662,5.47167246052,4326,4,,,Bombana,Sulawesi Tenggara,,0,Buton,,2019-11,0.22542004752890854,11,0.22542004752890854,VIIRS DNB,nW/cm2/sr,2019,"{""type"":""MultiPoint"",""coordinates"":[]}"
70_00000000000000000002,BA03050040,,,,,,,74.15,74,517.631463505,TASWIL5000020230907KABKOTA,Buton Selatan,,0.042249508051,1.85498741345,4326,4,,,Buton Selatan,Sulawesi Tenggara,,0,Buton,,2019-11,0.2885757443637857,11,0.2885757443637857,VIIRS DNB,nW/cm2/sr,2019,"{""type"":""MultiPoint"",""coordinates"":[]}"
70_00000000000000000003,BA03050040,,,,,,,74.14,74,836.955797791,TASWIL5000020230907KABKOTA,Buton Tengah,,0.0682810706644,2.98412837401,4326,4,,,Buton Tengah,Sulawesi Tenggara,,0,Buton,,2019-11,0.2522858706231453,11,0.2522858706231453,VIIRS DNB,nW/cm2/sr,2019,"{""type"":""MultiPoint"",""coordinates"":[]}"
70_0000000000000000000c,BA03050040,,,,,,,74.72,74,294.137423231,TASWIL5000020230907KABKOTA,Kota Bau Bau,,0.0240007870008,0.955179337168,4326,5,,,Kota Bau Bau,Sulawesi Tenggara,,0,Buton,,2019-11,1.1213294646306062,11,1.1213294646306062,VIIRS DNB,nW/cm2/sr,2019,"{""type"":""MultiPoint"",""coordinates"":[]}"
70_00000000000000000010,BA03050040,,,,,,,74.07,74,450.455914283,TASWIL5000020230907KABKOTA,Wakatobi,,0.0367648905913,3.71804674371,4326,4,,,Wakatobi,Sulawesi Tenggara,,0,Buton,,2019-11,0.3409919803774779,11,0.3409919803774779,VIIRS DNB,nW/cm2/sr,2019,"{""type"":""MultiPoint"",""coordinates"":[]}"
70_00000000000000000011,BA03050040,,,,,,,74.07,74,0.253355482028,TASWIL5000020230907KABKOTA,Wakatobi,Wilayah terapung,2.06703594498E-5,0.0291924563304,4326,4,,,Wakatobi,Sulawesi Tenggara,,0,Buton,,2019-11,3.011589122835056,11,3.011589122835056,VIIRS DNB,nW/cm2/sr,2019,"{""type"":""MultiPoint"",""coordinates"":[]}"
70_00000000000000000012,BA03050040,,,,,,,74.07,74,4.12006083394,TASWIL5000020230907KABKOTA,Wakatobi,Wilayah terapung,3.36232999688E-4,0.124432278786,4326,4,,,Wakatobi,Sulawesi Tenggara,,0,Buton,,2019-11,0.24446627215520875,11,0.24446627215520875,VIIRS DNB,nW/cm2/sr,2019,"{""type"":""MultiPoint"",""coordinates"":[]}"
70_0000000000000000000a,BA03050040,,,,,,,74.05,74,4237.74051506,TASWIL5000020230907KABKOTA,Konawe Selatan,,0.345208073275,5.59324280043,4326,4,,,Konawe Selatan,Sulawesi Tenggara,,0,Kendari,,2019-11,0.2911352456651614,11,0.2911352456651614,VIIRS DNB,nW/cm2/sr,2019,"{""type"":""MultiPoint"",""coordinates"":[]}"
70_0000000000000000000d,BA03050040,,,,,,,74.71,74,265.790696582,TASWIL5000020230907KABKOTA,Kota Kendari,,0.0216443348271,1.21929531969,4326,5,,,Kota Kendari,Sulawesi Tenggara,,0,Kendari,,2019-11,3.339912155379751,11,3.339912155379751,VIIRS DNB,nW/cm2/sr,2019,"{""type"":""MultiPoint"",""coordinates"":[]}"
70_00000000000000000006,BA03050040,,,,,,,74.11,74,3992.53107078,TASWIL5000020230907KABKOTA,Kolaka Timur,,0.325055960897,4.62416724675,4326,4,,,Kolaka Timur,Sulawesi Tenggara,,0,Kolaka,,2019-11,0.17270515365303615,11,0.17270515365303615,VIIRS DNB,nW/cm2/sr,2019,"{""type"":""MultiPoint"",""coordinates"":[]}"
70_00000000000000000007,BA03050040,,,,,,,74.08,74,2932.25192061,TASWIL5000020230907KABKOTA,Kolaka Utara,,0.238597308701,3.90865020949,4326,4,,,Kolaka Utara,Sulawesi Tenggara,,0,Kolaka,,2019-11,0.18907763374092548,11,0.18907763374092548,VIIRS DNB,nW/cm2/sr,2019,"{""type"":""MultiPoint"",""coordinates"":[]}"
70_00000000000000000009,BA03050040,,,,,,,74.12,74,705.711010277,TASWIL5000020230907KABKOTA,Konawe Kepulauan,,0.0574768178025,1.17136047971,4326,4,,,Konawe Kepulauan,Sulawesi Tenggara,,0,Konawe,,2019-11,0.19294780181242718,11,0.19294780181242718,VIIRS DNB,nW/cm2/sr,2019,"{""type"":""MultiPoint"",""coordinates"":[]}"
70_0000000000000000000b,BA03050040,,,,,,,74.09,74,4219.81180817,TASWIL5000020230907KABKOTA,Konawe Utara,,0.343408045869,6.15591332033,4326,4,,,Konawe Utara,Sulawesi Tenggara,,0,Konawe,,2019-11,0.1961024823555779,11,0.1961024823555779,VIIRS DNB,nW/cm2/sr,2019,"{""type"":""MultiPoint"",""coordinates"":[]}"
70_00000000000000000004,BA03050040,,,,,,,74.10,74,1755.8292261,TASWIL5000020230907KABKOTA,Buton Utara,,0.143115018242,4.67921811895,4326,4,,,Buton Utara,Sulawesi Tenggara,,0,Muna,,2019-11,0.17640463572710582,11,0.17640463572710582,VIIRS DNB,nW/cm2/sr,2019,"{""type"":""MultiPoint"",""coordinates"":[]}"
70_0000000000000000000f,BA03050040,,,,,,,74.13,74,818.701593571,TASWIL5000020230907KABKOTA,Muna Barat,,0.0667415576998,2.65906981122,4326,4,,,Muna Barat,Sulawesi Tenggara,,0,Muna,,2019-11,0.23594646685165369,11,0.23594646685165369,VIIRS DNB,nW/cm2/sr,2019,"{""type"":""MultiPoint"",""coordinates"":[]}"
70_00000000000000000013,BA03050040,,,,,,,74.13,74,0.273099429049,TASWIL5000020230907KABKOTA,Muna Barat,Wilayah terapung,2.22679841875E-5,0.0295594995644,4326,4,,,Muna Barat,Sulawesi Tenggara,,0,Muna,,2019-11,0.18267147980011758,11,0.18267147980011758,VIIRS DNB,nW/cm2/sr,2019,"{""type"":""MultiPoint"",""coordinates"":[]}"
70_00000000000000000014,BA03050040,,,,,,,74.10,74,0.0480497061255,TASWIL5000020230907KABKOTA,Buton Utara,Wilayah terapung,3.9169026899E-6,0.0168384250334,4326,4,,,Buton Utara,Sulawesi Tenggara,,0,Muna,,2019-11,0.718571424484253,11,0.718571424484253,VIIRS DNB,nW/cm2/sr,2019,"{""type"":""MultiPoint"",""coordinates"":[]}"
71_00000000000000000001,BA03050040,,,,,,,74.04,74,1669.32863016,TASWIL5000020230907KABKOTA,Buton,,0.136188299866,3.04087674144,4326,4,,,Buton,Sulawesi Tenggara,,0,,,2019-12,0.14491364187079822,12,0.14491364187079822,VIIRS DNB,nW/cm2/sr,2019,"{""type"":""MultiPoint"",""coordinates"":[]}"
71_00000000000000000005,BA03050040,,,,,,,74.01,74,2958.9208572,TASWIL5000020230907KABKOTA,Kolaka,,0.240980839474,5.39527306777,4326,4,,,Kolaka,Sulawesi Tenggara,,0,,,2019-12,0.2802582124512003,12,0.2802582124512003,VIIRS DNB,nW/cm2/sr,2019,"{""type"":""MultiPoint"",""coordinates"":[]}"
71_00000000000000000008,BA03050040,,,,,,,74.02,74,5351.85263389,TASWIL5000020230907KABKOTA,Konawe,,0.435602118514,6.84601568998,4326,4,,,Konawe,Sulawesi Tenggara,,0,,,2019-12,0.323710052343043,12,0.323710052343043,VIIRS DNB,nW/cm2/sr,2019,"{""type"":""MultiPoint"",""coordinates"":[]}"
71_0000000000000000000e,BA03050040,,,,,,,74.03,74,1858.09481163,TASWIL5000020230907KABKOTA,Muna,,0.151502694674,5.32849464874,4326,4,,,Muna,Sulawesi Tenggara,,0,,,2019-12,0.19312302126361539,12,0.19312302126361539,VIIRS DNB,nW/cm2/sr,2019,"{""type"":""MultiPoint"",""coordinates"":[]}"
71_00000000000000000015,BA03050040,,,,,,,74.03,74,0.17024708351,TASWIL5000020230907KABKOTA,Muna,Wilayah terapung,1.38839187565E-5,0.039960941818,4326,4,,,Muna,Sulawesi Tenggara,,0,,,2019-12,0.17947977135291676,12,0.17947977135291676,VIIRS DNB,nW/cm2/sr,2019,"{""type"":""MultiPoint"",""coordinates"":[]}"
71_00000000000000000016,BA03050040,,,,,,,74.04,74,0.188157250699,TASWIL5000020230907KABKOTA,Buton,Wilayah terapung,1.53526521797E-5,0.0397338812277,4326,4,,,Buton,Sulawesi Tenggara,,0,,,2019-12,0.5542934660030449,12,0.5542934660030449,VIIRS DNB,nW/cm2/sr,2019,"{""type"":""MultiPoint"",""coordinates"":[]}"
71_00000000000000000000,BA03050040,,,,,,,74.06,74,3293.96639913,TASWIL5000020230907KABKOTA,Bombana,,0.268524880662,5.47167246052,4326,4,,,Bombana,Sulawesi Tenggara,,0,Buton,,2019-12,0.19026086101102793,12,0.19026086101102793,VIIRS DNB,nW/cm2/sr,2019,"{""type"":""MultiPoint"",""coordinates"":[]}"
71_00000000000000000002,BA03050040,,,,,,,74.15,74,517.631463505,TASWIL5000020230907KABKOTA,Buton Selatan,,0.042249508051,1.85498741345,4326,4,,,Buton Selatan,Sulawesi Tenggara,,0,Buton,,2019-12,0.22863238039655137,12,0.22863238039655137,VIIRS DNB,nW/cm2/sr,2019,"{""type"":""MultiPoint"",""coordinates"":[]}"
71_00000000000000000003,BA03050040,,,,,,,74.14,74,836.955797791,TASWIL5000020230907KABKOTA,Buton Tengah,,0.0682810706644,2.98412837401,4326,4,,,Buton Tengah,Sulawesi Tenggara,,0,Buton,,2019-12,0.20211620341752548,12,0.20211620341752548,VIIRS DNB,nW/cm2/sr,2019,"{""type"":""MultiPoint"",""coordinates"":[]}"
71_0000000000000000000c,BA03050040,,,,,,,74.72,74,294.137423231,TASWIL5000020230907KABKOTA,Kota Bau Bau,,0.0240007870008,0.955179337168,4326,5,,,Kota Bau Bau,Sulawesi Tenggara,,0,Buton,,2019-12,0.9649190366747052,12,0.9649190366747052,VIIRS DNB,nW/cm2/sr,2019,"{""type"":""MultiPoint"",""coordinates"":[]}"
71_00000000000000000010,BA03050040,,,,,,,74.07,74,450.455914283,TASWIL5000020230907KABKOTA,Wakatobi,,0.0367648905913,3.71804674371,4326,4,,,Wakatobi,Sulawesi Tenggara,,0,Buton,,2019-12,0.31794624225901336,12,0.31794624225901336,VIIRS DNB,nW/cm2/sr,2019,"{""type"":""MultiPoint"",""coordinates"":[]}"
71_00000000000000000011,BA03050040,,,,,,,74.07,74,0.253355482028,TASWIL5000020230907KABKOTA,Wakatobi,Wilayah terapung,2.06703594498E-5,0.0291924563304,4326,4,,,Wakatobi,Sulawesi Tenggara,,0,Buton,,2019-12,2.5114728986292842,12,2.5114728986292842,VIIRS DNB,nW/cm2/sr,2019,"{""type"":""MultiPoint"",""coordinates"":[]}"
71_00000000000000000012,BA03050040,,,,,,,74.07,74,4.12006083394,TASWIL5000020230907KABKOTA,Wakatobi,Wilayah terapung,3.36232999688E-4,0.124432278786,4326,4,,,Wakatobi,Sulawesi Tenggara,,0,Buton,,2019-12,0.18812071044681336,12,0.18812071044681336,VIIRS DNB,nW/cm2/sr,2019,"{""type"":""MultiPoint"",""coordinates"":[]}"
71_0000000000000000000a,BA03050040,,,,,,,74.05,74,4237.74051506,TASWIL5000020230907KABKOTA,Konawe Selatan,,0.345208073275,5.59324280043,4326,4,,,Konawe Selatan,Sulawesi Tenggara,,0,Kendari,,2019-12,0.24151434072174344,12,0.24151434072174344,VIIRS DNB,nW/cm2/sr,2019,"{""type"":""MultiPoint"",""coordinates"":[]}"
71_0000000000000000000d,BA03050040,,,,,,,74.71,74,265.790696582,TASWIL5000020230907KABKOTA,Kota Kendari,,0.0216443348271,1.21929531969,4326,5,,,Kota Kendari,Sulawesi Tenggara,,0,Kendari,,2019-12,2.9377312999292218,12,2.9377312999292218,VIIRS DNB,nW/cm2/sr,2019,"{""type"":""MultiPoint"",""coordinates"":[]}"
71_00000000000000000006,BA03050040,,,,,,,74.11,74,3992.53107078,TASWIL5000020230907KABKOTA,Kolaka Timur,,0.325055960897,4.62416724675,4326,4,,,Kolaka Timur,Sulawesi Tenggara,,0,Kolaka,,2019-12,0.16252029889740707,12,0.16252029889740707,VIIRS DNB,nW/cm2/sr,2019,"{""type"":""MultiPoint"",""coordinates"":[]}"
71_00000000000000000007,BA03050040,,,,,,,74.08,74,2932.25192061,TASWIL5000020230907KABKOTA,Kolaka Utara,,0.238597308701,3.90865020949,4326,4,,,Kolaka Utara,Sulawesi Tenggara,,0,Kolaka,,2019-12,0.1334776603884367,12,0.1334776603884367,VIIRS DNB,nW/cm2/sr,2019,"{""type"":""MultiPoint"",""coordinates"":[]}"
71_00000000000000000009,BA03050040,,,,,,,74.12,74,705.711010277,TASWIL5000020230907KABKOTA,Konawe Kepulauan,,0.0574768178025,1.17136047971,4326,4,,,Konawe Kepulauan,Sulawesi Tenggara,,0,Konawe,,2019-12,0.1661699198901291,12,0.1661699198901291,VIIRS DNB,nW/cm2/sr,2019,"{""type"":""MultiPoint"",""coordinates"":[]}"
71_0000000000000000000b,BA03050040,,,,,,,74.09,74,4219.81180817,TASWIL5000020230907KABKOTA,Konawe Utara,,0.343408045869,6.15591332033,4326,4,,,Konawe Utara,Sulawesi Tenggara,,0,Konawe,,2019-12,0.18256230184884825,12,0.18256230184884825,VIIRS DNB,nW/cm2/sr,2019,"{""type"":""MultiPoint"",""coordinates"":[]}"
71_00000000000000000004,BA03050040,,,,,,,74.10,74,1755.8292261,TASWIL5000020230907KABKOTA,Buton Utara,,0.143115018242,4.67921811895,4326,4,,,Buton Utara,Sulawesi Tenggara,,0,Muna,,2019-12,0.11069071408411042,12,0.11069071408411042,VIIRS DNB,nW/cm2/sr,2019,"{""type"":""MultiPoint"",""coordinates"":[]}"
71_0000000000000000000f,BA03050040,,,,,,,74.13,74,818.701593571,TASWIL5000020230907KABKOTA,Muna Barat,,0.0667415576998,2.65906981122,4326,4,,,Muna Barat,Sulawesi Tenggara,,0,Muna,,2019-12,0.2231282970591894,12,0.2231282970591894,VIIRS DNB,nW/cm2/sr,2019,"{""type"":""MultiPoint"",""coordinates"":[]}"
71_00000000000000000013,BA03050040,,,,,,,74.13,74,0.273099429049,TASWIL5000020230907KABKOTA,Muna Barat,Wilayah terapung,2.22679841875E-5,0.0295594995644,4326,4,,,Muna Barat,Sulawesi Tenggara,,0,Muna,,2019-12,0.141660648603194,12,0.141660648603194,VIIRS DNB,nW/cm2/sr,2019,"{""type"":""MultiPoint"",""coordinates"":[]}"
71_00000000000000000014,BA03050040,,,,,,,74.10,74,0.0480497061255,TASWIL5000020230907KABKOTA,Buton Utara,Wilayah terapung,3.9169026899E-6,0.0168384250334,4326,4,,,Buton Utara,Sulawesi Tenggara,,0,Muna,,2019-12,0.8799999611718314,12,0.8799999611718314,VIIRS DNB,nW/cm2/sr,2019,"{""type"":""MultiPoint"",""coordinates"":[]}"
72_00000000000000000001,BA03050040,,,,,,,74.04,74,1669.32863016,TASWIL5000020230907KABKOTA,Buton,,0.136188299866,3.04087674144,4326,4,,,Buton,Sulawesi Tenggara,,0,,,2020-01,0.046626976103580735,1,0.046626976103580735,VIIRS DNB,nW/cm2/sr,2020,"{""type"":""MultiPoint"",""coordinates"":[]}"
72_00000000000000000005,BA03050040,,,,,,,74.01,74,2958.9208572,TASWIL5000020230907KABKOTA,Kolaka,,0.240980839474,5.39527306777,4326,4,,,Kolaka,Sulawesi Tenggara,,0,,,2020-01,0.10389090035060866,1,0.10389090035060866,VIIRS DNB,nW/cm2/sr,2020,"{""type"":""MultiPoint"",""coordinates"":[]}"
72_00000000000000000008,BA03050040,,,,,,,74.02,74,5351.85263389,TASWIL5000020230907KABKOTA,Konawe,,0.435602118514,6.84601568998,4326,4,,,Konawe,Sulawesi Tenggara,,0,,,2020-01,0.2456284761812908,1,0.2456284761812908,VIIRS DNB,nW/cm2/sr,2020,"{""type"":""MultiPoint"",""coordinates"":[]}"
72_0000000000000000000e,BA03050040,,,,,,,74.03,74,1858.09481163,TASWIL5000020230907KABKOTA,Muna,,0.151502694674,5.32849464874,4326,4,,,Muna,Sulawesi Tenggara,,0,,,2020-01,0.05491610929508208,1,0.05491610929508208,VIIRS DNB,nW/cm2/sr,2020,"{""type"":""MultiPoint"",""coordinates"":[]}"
72_00000000000000000015,BA03050040,,,,,,,74.03,74,0.17024708351,TASWIL5000020230907KABKOTA,Muna,Wilayah terapung,1.38839187565E-5,0.039960941818,4326,4,,,Muna,Sulawesi Tenggara,,0,,,2020-01,0.13115607129915946,1,0.13115607129915946,VIIRS DNB,nW/cm2/sr,2020,"{""type"":""MultiPoint"",""coordinates"":[]}"
72_00000000000000000016,BA03050040,,,,,,,74.04,74,0.188157250699,TASWIL5000020230907KABKOTA,Buton,Wilayah terapung,1.53526521797E-5,0.0397338812277,4326,4,,,Buton,Sulawesi Tenggara,,0,,,2020-01,0.6362500132425972,1,0.6362500132425972,VIIRS DNB,nW/cm2/sr,2020,"{""type"":""MultiPoint"",""coordinates"":[]}"
72_00000000000000000000,BA03050040,,,,,,,74.06,74,3293.96639913,TASWIL5000020230907KABKOTA,Bombana,,0.268524880662,5.47167246052,4326,4,,,Bombana,Sulawesi Tenggara,,0,Buton,,2020-01,0.045077003303082,1,0.045077003303082,VIIRS DNB,nW/cm2/sr,2020,"{""type"":""MultiPoint"",""coordinates"":[]}"
72_00000000000000000002,BA03050040,,,,,,,74.15,74,517.631463505,TASWIL5000020230907KABKOTA,Buton Selatan,,0.042249508051,1.85498741345,4326,4,,,Buton Selatan,Sulawesi Tenggara,,0,Buton,,2020-01,0.12293713640318055,1,0.12293713640318055,VIIRS DNB,nW/cm2/sr,2020,"{""type"":""MultiPoint"",""coordinates"":[]}"
72_00000000000000000003,BA03050040,,,,,,,74.14,74,836.955797791,TASWIL5000020230907KABKOTA,Buton Tengah,,0.0682810706644,2.98412837401,4326,4,,,Buton Tengah,Sulawesi Tenggara,,0,Buton,,2020-01,0.09021257060406697,1,0.09021257060406697,VIIRS DNB,nW/cm2/sr,2020,"{""type"":""MultiPoint"",""coordinates"":[]}"
72_0000000000000000000c,BA03050040,,,,,,,74.72,74,294.137423231,TASWIL5000020230907KABKOTA,Kota Bau Bau,,0.0240007870008,0.955179337168,4326,5,,,Kota Bau Bau,Sulawesi Tenggara,,0,Buton,,2020-01,0.8896123169562752,1,0.8896123169562752,VIIRS DNB,nW/cm2/sr,2020,"{""type"":""MultiPoint"",""coordinates"":[]}"
72_00000000000000000010,BA03050040,,,,,,,74.07,74,450.455914283,TASWIL5000020230907KABKOTA,Wakatobi,,0.0367648905913,3.71804674371,4326,4,,,Wakatobi,Sulawesi Tenggara,,0,Buton,,2020-01,0.18820492971159608,1,0.18820492971159608,VIIRS DNB,nW/cm2/sr,2020,"{""type"":""MultiPoint"",""coordinates"":[]}"
72_00000000000000000011,BA03050040,,,,,,,74.07,74,0.253355482028,TASWIL5000020230907KABKOTA,Wakatobi,Wilayah terapung,2.06703594498E-5,0.0291924563304,4326,4,,,Wakatobi,Sulawesi Tenggara,,0,Buton,,2020-01,2.6641860447188686,1,2.6641860447188686,VIIRS DNB,nW/cm2/sr,2020,"{""type"":""MultiPoint"",""coordinates"":[]}"
72_00000000000000000012,BA03050040,,,,,,,74.07,74,4.12006083394,TASWIL5000020230907KABKOTA,Wakatobi,Wilayah terapung,3.36232999688E-4,0.124432278786,4326,4,,,Wakatobi,Sulawesi Tenggara,,0,Buton,,2020-01,0.09815621230641061,1,0.09815621230641061,VIIRS DNB,nW/cm2/sr,2020,"{""type"":""MultiPoint"",""coordinates"":[]}"
72_0000000000000000000a,BA03050040,,,,,,,74.05,74,4237.74051506,TASWIL5000020230907KABKOTA,Konawe Selatan,,0.345208073275,5.59324280043,4326,4,,,Konawe Selatan,Sulawesi Tenggara,,0,Kendari,,2020-01,0.12054274919895122,1,0.12054274919895122,VIIRS DNB,nW/cm2/sr,2020,"{""type"":""MultiPoint"",""coordinates"":[]}"
72_0000000000000000000d,BA03050040,,,,,,,74.71,74,265.790696582,TASWIL5000020230907KABKOTA,Kota Kendari,,0.0216443348271,1.21929531969,4326,5,,,Kota Kendari,Sulawesi Tenggara,,0,Kendari,,2020-01,2.829573022012278,1,2.829573022012278,VIIRS DNB,nW/cm2/sr,2020,"{""type"":""MultiPoint"",""coordinates"":[]}"
72_00000000000000000006,BA03050040,,,,,,,74.11,74,3992.53107078,TASWIL5000020230907KABKOTA,Kolaka Timur,,0.325055960897,4.62416724675,4326,4,,,Kolaka Timur,Sulawesi Tenggara,,0,Kolaka,,2020-01,0.01632463735238896,1,0.01632463735238896,VIIRS DNB,nW/cm2/sr,2020,"{""type"":""MultiPoint"",""coordinates"":[]}"
72_00000000000000000007,BA03050040,,,,,,,74.08,74,2932.25192061,TASWIL5000020230907KABKOTA,Kolaka Utara,,0.238597308701,3.90865020949,4326,4,,,Kolaka Utara,Sulawesi Tenggara,,0,Kolaka,,2020-01,0.06092471077651896,1,0.06092471077651896,VIIRS DNB,nW/cm2/sr,2020,"{""type"":""MultiPoint"",""coordinates"":[]}"
72_00000000000000000009,BA03050040,,,,,,,74.12,74,705.711010277,TASWIL5000020230907KABKOTA,Konawe Kepulauan,,0.0574768178025,1.17136047971,4326,4,,,Konawe Kepulauan,Sulawesi Tenggara,,0,Konawe,,2020-01,0.06211813445525119,1,0.06211813445525119,VIIRS DNB,nW/cm2/sr,2020,"{""type"":""MultiPoint"",""coordinates"":[]}"
72_0000000000000000000b,BA03050040,,,,,,,74.09,74,4219.81180817,TASWIL5000020230907KABKOTA,Konawe Utara,,0.343408045869,6.15591332033,4326,4,,,Konawe Utara,Sulawesi Tenggara,,0,Konawe,,2020-01,0.03991294723342885,1,0.03991294723342885,VIIRS DNB,nW/cm2/sr,2020,"{""type"":""MultiPoint"",""coordinates"":[]}"
72_00000000000000000004,BA03050040,,,,,,,74.10,74,1755.8292261,TASWIL5000020230907KABKOTA,Buton Utara,,0.143115018242,4.67921811895,4326,4,,,Buton Utara,Sulawesi Tenggara,,0,Muna,,2020-01,0.0026787541839814666,1,0.0026787541839814666,VIIRS DNB,nW/cm2/sr,2020,"{""type"":""MultiPoint"",""coordinates"":[]}"
72_0000000000000000000f,BA03050040,,,,,,,74.13,74,818.701593571,TASWIL5000020230907KABKOTA,Muna Barat,,0.0667415576998,2.65906981122,4326,4,,,Muna Barat,Sulawesi Tenggara,,0,Muna,,2020-01,0.0388457757645472,1,0.0388457757645472,VIIRS DNB,nW/cm2/sr,2020,"{""type"":""MultiPoint"",""coordinates"":[]}"
72_00000000000000000013,BA03050040,,,,,,,74.13,74,0.273099429049,TASWIL5000020230907KABKOTA,Muna Barat,Wilayah terapung,2.22679841875E-5,0.0295594995644,4326,4,,,Muna Barat,Sulawesi Tenggara,,0,Muna,,2020-01,0.06999999853624334,1,0.06999999853624334,VIIRS DNB,nW/cm2/sr,2020,"{""type"":""MultiPoint"",""coordinates"":[]}"
72_00000000000000000014,BA03050040,,,,,,,74.10,74,0.0480497061255,TASWIL5000020230907KABKOTA,Buton Utara,Wilayah terapung,3.9169026899E-6,0.0168384250334,4326,4,,,Buton Utara,Sulawesi Tenggara,,0,Muna,,2020-01,0.4699999881642206,1,0.4699999881642206,VIIRS DNB,nW/cm2/sr,2020,"{""type"":""MultiPoint"",""coordinates"":[]}"
73_00000000000000000001,BA03050040,,,,,,,74.04,74,1669.32863016,TASWIL5000020230907KABKOTA,Buton,,0.136188299866,3.04087674144,4326,4,,,Buton,Sulawesi Tenggara,,0,,,2020-02,0.4264428536727411,2,0.4264428536727411,VIIRS DNB,nW/cm2/sr,2020,"{""type"":""MultiPoint"",""coordinates"":[]}"
73_00000000000000000005,BA03050040,,,,,,,74.01,74,2958.9208572,TASWIL5000020230907KABKOTA,Kolaka,,0.240980839474,5.39527306777,4326,4,,,Kolaka,Sulawesi Tenggara,,0,,,2020-02,0.4935039049035274,2,0.4935039049035274,VIIRS DNB,nW/cm2/sr,2020,"{""type"":""MultiPoint"",""coordinates"":[]}"
73_00000000000000000008,BA03050040,,,,,,,74.02,74,5351.85263389,TASWIL5000020230907KABKOTA,Konawe,,0.435602118514,6.84601568998,4326,4,,,Konawe,Sulawesi Tenggara,,0,,,2020-02,0.585013501267101,2,0.585013501267101,VIIRS DNB,nW/cm2/sr,2020,"{""type"":""MultiPoint"",""coordinates"":[]}"
73_0000000000000000000e,BA03050040,,,,,,,74.03,74,1858.09481163,TASWIL5000020230907KABKOTA,Muna,,0.151502694674,5.32849464874,4326,4,,,Muna,Sulawesi Tenggara,,0,,,2020-02,0.4313559293158117,2,0.4313559293158117,VIIRS DNB,nW/cm2/sr,2020,"{""type"":""MultiPoint"",""coordinates"":[]}"
73_00000000000000000015,BA03050040,,,,,,,74.03,74,0.17024708351,TASWIL5000020230907KABKOTA,Muna,Wilayah terapung,1.38839187565E-5,0.039960941818,4326,4,,,Muna,Sulawesi Tenggara,,0,,,2020-02,0.5071676214995411,2,0.5071676214995411,VIIRS DNB,nW/cm2/sr,2020,"{""type"":""MultiPoint"",""coordinates"":[]}"
73_00000000000000000016,BA03050040,,,,,,,74.04,74,0.188157250699,TASWIL5000020230907KABKOTA,Buton,Wilayah terapung,1.53526521797E-5,0.0397338812277,4326,4,,,Buton,Sulawesi Tenggara,,0,,,2020-02,0.8088043409845104,2,0.8088043409845104,VIIRS DNB,nW/cm2/sr,2020,"{""type"":""MultiPoint"",""coordinates"":[]}"
73_00000000000000000000,BA03050040,,,,,,,74.06,74,3293.96639913,TASWIL5000020230907KABKOTA,Bombana,,0.268524880662,5.47167246052,4326,4,,,Bombana,Sulawesi Tenggara,,0,Buton,,2020-02,0.4058857559051136,2,0.4058857559051136,VIIRS DNB,nW/cm2/sr,2020,"{""type"":""MultiPoint"",""coordinates"":[]}"
73_00000000000000000002,BA03050040,,,,,,,74.15,74,517.631463505,TASWIL5000020230907KABKOTA,Buton Selatan,,0.042249508051,1.85498741345,4326,4,,,Buton Selatan,Sulawesi Tenggara,,0,Buton,,2020-02,0.4841945917982705,2,0.4841945917982705,VIIRS DNB,nW/cm2/sr,2020,"{""type"":""MultiPoint"",""coordinates"":[]}"
73_00000000000000000003,BA03050040,,,,,,,74.14,74,836.955797791,TASWIL5000020230907KABKOTA,Buton Tengah,,0.0682810706644,2.98412837401,4326,4,,,Buton Tengah,Sulawesi Tenggara,,0,Buton,,2020-02,0.49422633263963395,2,0.49422633263963395,VIIRS DNB,nW/cm2/sr,2020,"{""type"":""MultiPoint"",""coordinates"":[]}"
73_0000000000000000000c,BA03050040,,,,,,,74.72,74,294.137423231,TASWIL5000020230907KABKOTA,Kota Bau Bau,,0.0240007870008,0.955179337168,4326,5,,,Kota Bau Bau,Sulawesi Tenggara,,0,Buton,,2020-02,1.2479489728375897,2,1.2479489728375897,VIIRS DNB,nW/cm2/sr,2020,"{""type"":""MultiPoint"",""coordinates"":[]}"
73_00000000000000000010,BA03050040,,,,,,,74.07,74,450.455914283,TASWIL5000020230907KABKOTA,Wakatobi,,0.0367648905913,3.71804674371,4326,4,,,Wakatobi,Sulawesi Tenggara,,0,Buton,,2020-02,0.44067297072481626,2,0.44067297072481626,VIIRS DNB,nW/cm2/sr,2020,"{""type"":""MultiPoint"",""coordinates"":[]}"
73_00000000000000000011,BA03050040,,,,,,,74.07,74,0.253355482028,TASWIL5000020230907KABKOTA,Wakatobi,Wilayah terapung,2.06703594498E-5,0.0291924563304,4326,4,,,Wakatobi,Sulawesi Tenggara,,0,Buton,,2020-02,2.264922489491544,2,2.264922489491544,VIIRS DNB,nW/cm2/sr,2020,"{""type"":""MultiPoint"",""coordinates"":[]}"
73_00000000000000000012,BA03050040,,,,,,,74.07,74,4.12006083394,TASWIL5000020230907KABKOTA,Wakatobi,Wilayah terapung,3.36232999688E-4,0.124432278786,4326,4,,,Wakatobi,Sulawesi Tenggara,,0,Buton,,2020-02,0.3366745554519122,2,0.3366745554519122,VIIRS DNB,nW/cm2/sr,2020,"{""type"":""MultiPoint"",""coordinates"":[]}"
73_0000000000000000000a,BA03050040,,,,,,,74.05,74,4237.74051506,TASWIL5000020230907KABKOTA,Konawe Selatan,,0.345208073275,5.59324280043,4326,4,,,Konawe Selatan,Sulawesi Tenggara,,0,Kendari,,2020-02,0.4342775216220266,2,0.4342775216220266,VIIRS DNB,nW/cm2/sr,2020,"{""type"":""MultiPoint"",""coordinates"":[]}"
73_0000000000000000000d,BA03050040,,,,,,,74.71,74,265.790696582,TASWIL5000020230907KABKOTA,Kota Kendari,,0.0216443348271,1.21929531969,4326,5,,,Kota Kendari,Sulawesi Tenggara,,0,Kendari,,2020-02,3.1899068195784377,2,3.1899068195784377,VIIRS DNB,nW/cm2/sr,2020,"{""type"":""MultiPoint"",""coordinates"":[]}"
73_00000000000000000006,BA03050040,,,,,,,74.11,74,3992.53107078,TASWIL5000020230907KABKOTA,Kolaka Timur,,0.325055960897,4.62416724675,4326,4,,,Kolaka Timur,Sulawesi Tenggara,,0,Kolaka,,2020-02,0.32469533096823133,2,0.32469533096823133,VIIRS DNB,nW/cm2/sr,2020,"{""type"":""MultiPoint"",""coordinates"":[]}"
73_00000000000000000007,BA03050040,,,,,,,74.08,74,2932.25192061,TASWIL5000020230907KABKOTA,Kolaka Utara,,0.238597308701,3.90865020949,4326,4,,,Kolaka Utara,Sulawesi Tenggara,,0,Kolaka,,2020-02,0.31988762904353146,2,0.31988762904353146,VIIRS DNB,nW/cm2/sr,2020,"{""type"":""MultiPoint"",""coordinates"":[]}"
73_00000000000000000009,BA03050040,,,,,,,74.12,74,705.711010277,TASWIL5000020230907KABKOTA,Konawe Kepulauan,,0.0574768178025,1.17136047971,4326,4,,,Konawe Kepulauan,Sulawesi Tenggara,,0,Konawe,,2020-02,0.35085269645789946,2,0.35085269645789946,VIIRS DNB,nW/cm2/sr,2020,"{""type"":""MultiPoint"",""coordinates"":[]}"
73_0000000000000000000b,BA03050040,,,,,,,74.09,74,4219.81180817,TASWIL5000020230907KABKOTA,Konawe Utara,,0.343408045869,6.15591332033,4326,4,,,Konawe Utara,Sulawesi Tenggara,,0,Konawe,,2020-02,0.3615258621738623,2,0.3615258621738623,VIIRS DNB,nW/cm2/sr,2020,"{""type"":""MultiPoint"",""coordinates"":[]}"
73_00000000000000000004,BA03050040,,,,,,,74.10,74,1755.8292261,TASWIL5000020230907KABKOTA,Buton Utara,,0.143115018242,4.67921811895,4326,4,,,Buton Utara,Sulawesi Tenggara,,0,Muna,,2020-02,0.3600715360469353,2,0.3600715360469353,VIIRS DNB,nW/cm2/sr,2020,"{""type"":""MultiPoint"",""coordinates"":[]}"
73_0000000000000000000f,BA03050040,,,,,,,74.13,74,818.701593571,TASWIL5000020230907KABKOTA,Muna Barat,,0.0667415576998,2.65906981122,4326,4,,,Muna Barat,Sulawesi Tenggara,,0,Muna,,2020-02,0.3790026123852019,2,0.3790026123852019,VIIRS DNB,nW/cm2/sr,2020,"{""type"":""MultiPoint"",""coordinates"":[]}"
73_00000000000000000013,BA03050040,,,,,,,74.13,74,0.273099429049,TASWIL5000020230907KABKOTA,Muna Barat,Wilayah terapung,2.22679841875E-5,0.0295594995644,4326,4,,,Muna Barat,Sulawesi Tenggara,,0,Muna,,2020-02,0.4317328546882106,2,0.4317328546882106,VIIRS DNB,nW/cm2/sr,2020,"{""type"":""MultiPoint"",""coordinates"":[]}"
73_00000000000000000014,BA03050040,,,,,,,74.10,74,0.0480497061255,TASWIL5000020230907KABKOTA,Buton Utara,Wilayah terapung,3.9169026899E-6,0.0168384250334,4326,4,,,Buton Utara,Sulawesi Tenggara,,0,Muna,,2020-02,0.8585714272090368,2,0.8585714272090368,VIIRS DNB,nW/cm2/sr,2020,"{""type"":""MultiPoint"",""coordinates"":[]}"
74_00000000000000000001,BA03050040,,,,,,,74.04,74,1669.32863016,TASWIL5000020230907KABKOTA,Buton,,0.136188299866,3.04087674144,4326,4,,,Buton,Sulawesi Tenggara,,0,,,2020-03,0.3537820080674596,3,0.3537820080674596,VIIRS DNB,nW/cm2/sr,2020,"{""type"":""MultiPoint"",""coordinates"":[]}"
74_00000000000000000005,BA03050040,,,,,,,74.01,74,2958.9208572,TASWIL5000020230907KABKOTA,Kolaka,,0.240980839474,5.39527306777,4326,4,,,Kolaka,Sulawesi Tenggara,,0,,,2020-03,0.5338807276222274,3,0.5338807276222274,VIIRS DNB,nW/cm2/sr,2020,"{""type"":""MultiPoint"",""coordinates"":[]}"
74_00000000000000000008,BA03050040,,,,,,,74.02,74,5351.85263389,TASWIL5000020230907KABKOTA,Konawe,,0.435602118514,6.84601568998,4326,4,,,Konawe,Sulawesi Tenggara,,0,,,2020-03,0.5388610476808338,3,0.5388610476808338,VIIRS DNB,nW/cm2/sr,2020,"{""type"":""MultiPoint"",""coordinates"":[]}"
74_0000000000000000000e,BA03050040,,,,,,,74.03,74,1858.09481163,TASWIL5000020230907KABKOTA,Muna,,0.151502694674,5.32849464874,4326,4,,,Muna,Sulawesi Tenggara,,0,,,2020-03,0.40269228870909246,3,0.40269228870909246,VIIRS DNB,nW/cm2/sr,2020,"{""type"":""MultiPoint"",""coordinates"":[]}"
74_00000000000000000015,BA03050040,,,,,,,74.03,74,0.17024708351,TASWIL5000020230907KABKOTA,Muna,Wilayah terapung,1.38839187565E-5,0.039960941818,4326,4,,,Muna,Sulawesi Tenggara,,0,,,2020-03,0.4122543409036074,3,0.4122543409036074,VIIRS DNB,nW/cm2/sr,2020,"{""type"":""MultiPoint"",""coordinates"":[]}"
74_00000000000000000016,BA03050040,,,,,,,74.04,74,0.188157250699,TASWIL5000020230907KABKOTA,Buton,Wilayah terapung,1.53526521797E-5,0.0397338812277,4326,4,,,Buton,Sulawesi Tenggara,,0,,,2020-03,0.8347282548961432,3,0.8347282548961432,VIIRS DNB,nW/cm2/sr,2020,"{""type"":""MultiPoint"",""coordinates"":[]}"
74_00000000000000000000,BA03050040,,,,,,,74.06,74,3293.96639913,TASWIL5000020230907KABKOTA,Bombana,,0.268524880662,5.47167246052,4326,4,,,Bombana,Sulawesi Tenggara,,0,Buton,,2020-03,0.41209170701617875,3,0.41209170701617875,VIIRS DNB,nW/cm2/sr,2020,"{""type"":""MultiPoint"",""coordinates"":[]}"
74_00000000000000000002,BA03050040,,,,,,,74.15,74,517.631463505,TASWIL5000020230907KABKOTA,Buton Selatan,,0.042249508051,1.85498741345,4326,4,,,Buton Selatan,Sulawesi Tenggara,,0,Buton,,2020-03,0.40575077492688516,3,0.40575077492688516,VIIRS DNB,nW/cm2/sr,2020,"{""type"":""MultiPoint"",""coordinates"":[]}"
74_00000000000000000003,BA03050040,,,,,,,74.14,74,836.955797791,TASWIL5000020230907KABKOTA,Buton Tengah,,0.0682810706644,2.98412837401,4326,4,,,Buton Tengah,Sulawesi Tenggara,,0,Buton,,2020-03,0.4237308224997287,3,0.4237308224997287,VIIRS DNB,nW/cm2/sr,2020,"{""type"":""MultiPoint"",""coordinates"":[]}"
74_0000000000000000000c,BA03050040,,,,,,,74.72,74,294.137423231,TASWIL5000020230907KABKOTA,Kota Bau Bau,,0.0240007870008,0.955179337168,4326,5,,,Kota Bau Bau,Sulawesi Tenggara,,0,Buton,,2020-03,1.173114013233881,3,1.173114013233881,VIIRS DNB,nW/cm2/sr,2020,"{""type"":""MultiPoint"",""coordinates"":[]}"
74_00000000000000000010,BA03050040,,,,,,,74.07,74,450.455914283,TASWIL5000020230907KABKOTA,Wakatobi,,0.0367648905913,3.71804674371,4326,4,,,Wakatobi,Sulawesi Tenggara,,0,Buton,,2020-03,0.44257727119014334,3,0.44257727119014334,VIIRS DNB,nW/cm2/sr,2020,"{""type"":""MultiPoint"",""coordinates"":[]}"
74_00000000000000000011,BA03050040,,,,,,,74.07,74,0.253355482028,TASWIL5000020230907KABKOTA,Wakatobi,Wilayah terapung,2.06703594498E-5,0.0291924563304,4326,4,,,Wakatobi,Sulawesi Tenggara,,0,Buton,,2020-03,2.128914714783661,3,2.128914714783661,VIIRS DNB,nW/cm2/sr,2020,"{""type"":""MultiPoint"",""coordinates"":[]}"
74_00000000000000000012,BA03050040,,,,,,,74.07,74,4.12006083394,TASWIL5000020230907KABKOTA,Wakatobi,Wilayah terapung,3.36232999688E-4,0.124432278786,4326,4,,,Wakatobi,Sulawesi Tenggara,,0,Buton,,2020-03,0.407065086114336,3,0.407065086114336,VIIRS DNB,nW/cm2/sr,2020,"{""type"":""MultiPoint"",""coordinates"":[]}"
74_0000000000000000000a,BA03050040,,,,,,,74.05,74,4237.74051506,TASWIL5000020230907KABKOTA,Konawe Selatan,,0.345208073275,5.59324280043,4326,4,,,Konawe Selatan,Sulawesi Tenggara,,0,Kendari,,2020-03,0.4738515940715766,3,0.4738515940715766,VIIRS DNB,nW/cm2/sr,2020,"{""type"":""MultiPoint"",""coordinates"":[]}"
74_0000000000000000000d,BA03050040,,,,,,,74.71,74,265.790696582,TASWIL5000020230907KABKOTA,Kota Kendari,,0.0216443348271,1.21929531969,4326,5,,,Kota Kendari,Sulawesi Tenggara,,0,Kendari,,2020-03,3.261497950682495,3,3.261497950682495,VIIRS DNB,nW/cm2/sr,2020,"{""type"":""MultiPoint"",""coordinates"":[]}"
74_00000000000000000006,BA03050040,,,,,,,74.11,74,3992.53107078,TASWIL5000020230907KABKOTA,Kolaka Timur,,0.325055960897,4.62416724675,4326,4,,,Kolaka Timur,Sulawesi Tenggara,,0,Kolaka,,2020-03,0.41368482539862733,3,0.41368482539862733,VIIRS DNB,nW/cm2/sr,2020,"{""type"":""MultiPoint"",""coordinates"":[]}"
74_00000000000000000007,BA03050040,,,,,,,74.08,74,2932.25192061,TASWIL5000020230907KABKOTA,Kolaka Utara,,0.238597308701,3.90865020949,4326,4,,,Kolaka Utara,Sulawesi Tenggara,,0,Kolaka,,2020-03,0.381489281866442,3,0.381489281866442,VIIRS DNB,nW/cm2/sr,2020,"{""type"":""MultiPoint"",""coordinates"":[]}"
74_00000000000000000009,BA03050040,,,,,,,74.12,74,705.711010277,TASWIL5000020230907KABKOTA,Konawe Kepulauan,,0.0574768178025,1.17136047971,4326,4,,,Konawe Kepulauan,Sulawesi Tenggara,,0,Konawe,,2020-03,0.38227678077146743,3,0.38227678077146743,VIIRS DNB,nW/cm2/sr,2020,"{""type"":""MultiPoint"",""coordinates"":[]}"
74_0000000000000000000b,BA03050040,,,,,,,74.09,74,4219.81180817,TASWIL5000020230907KABKOTA,Konawe Utara,,0.343408045869,6.15591332033,4326,4,,,Konawe Utara,Sulawesi Tenggara,,0,Konawe,,2020-03,0.4411488311464699,3,0.4411488311464699,VIIRS DNB,nW/cm2/sr,2020,"{""type"":""MultiPoint"",""coordinates"":[]}"
74_00000000000000000004,BA03050040,,,,,,,74.10,74,1755.8292261,TASWIL5000020230907KABKOTA,Buton Utara,,0.143115018242,4.67921811895,4326,4,,,Buton Utara,Sulawesi Tenggara,,0,Muna,,2020-03,0.3337652954013779,3,0.3337652954013779,VIIRS DNB,nW/cm2/sr,2020,"{""type"":""MultiPoint"",""coordinates"":[]}"
74_0000000000000000000f,BA03050040,,,,,,,74.13,74,818.701593571,TASWIL5000020230907KABKOTA,Muna Barat,,0.0667415576998,2.65906981122,4326,4,,,Muna Barat,Sulawesi Tenggara,,0,Muna,,2020-03,0.42172171360575034,3,0.42172171360575034,VIIRS DNB,nW/cm2/sr,2020,"{""type"":""MultiPoint"",""coordinates"":[]}"
74_00000000000000000013,BA03050040,,,,,,,74.13,74,0.273099429049,TASWIL5000020230907KABKOTA,Muna Barat,Wilayah terapung,2.22679841875E-5,0.0295594995644,4326,4,,,Muna Barat,Sulawesi Tenggara,,0,Muna,,2020-03,0.28830325356028996,3,0.28830325356028996,VIIRS DNB,nW/cm2/sr,2020,"{""type"":""MultiPoint"",""coordinates"":[]}"
74_00000000000000000014,BA03050040,,,,,,,74.10,74,0.0480497061255,TASWIL5000020230907KABKOTA,Buton Utara,Wilayah terapung,3.9169026899E-6,0.0168384250334,4326,4,,,Buton Utara,Sulawesi Tenggara,,0,Muna,,2020-03,0.9185714381081718,3,0.9185714381081718,VIIRS DNB,nW/cm2/sr,2020,"{""type"":""MultiPoint"",""coordinates"":[]}"
75_00000000000000000001,BA03050040,,,,,,,74.04,74,1669.32863016,TASWIL5000020230907KABKOTA,Buton,,0.136188299866,3.04087674144,4326,4,,,Buton,Sulawesi Tenggara,,0,,,2020-04,0.41272956872927574,4,0.41272956872927574,VIIRS DNB,nW/cm2/sr,2020,"{""type"":""MultiPoint"",""coordinates"":[]}"
75_00000000000000000005,BA03050040,,,,,,,74.01,74,2958.9208572,TASWIL5000020230907KABKOTA,Kolaka,,0.240980839474,5.39527306777,4326,4,,,Kolaka,Sulawesi Tenggara,,0,,,2020-04,0.5330541701168067,4,0.5330541701168067,VIIRS DNB,nW/cm2/sr,2020,"{""type"":""MultiPoint"",""coordinates"":[]}"
75_00000000000000000008,BA03050040,,,,,,,74.02,74,5351.85263389,TASWIL5000020230907KABKOTA,Konawe,,0.435602118514,6.84601568998,4326,4,,,Konawe,Sulawesi Tenggara,,0,,,2020-04,0.5129971908780678,4,0.5129971908780678,VIIRS DNB,nW/cm2/sr,2020,"{""type"":""MultiPoint"",""coordinates"":[]}"
75_0000000000000000000e,BA03050040,,,,,,,74.03,74,1858.09481163,TASWIL5000020230907KABKOTA,Muna,,0.151502694674,5.32849464874,4326,4,,,Muna,Sulawesi Tenggara,,0,,,2020-04,0.4731557810301206,4,0.4731557810301206,VIIRS DNB,nW/cm2/sr,2020,"{""type"":""MultiPoint"",""coordinates"":[]}"
75_00000000000000000015,BA03050040,,,,,,,74.03,74,0.17024708351,TASWIL5000020230907KABKOTA,Muna,Wilayah terapung,1.38839187565E-5,0.039960941818,4326,4,,,Muna,Sulawesi Tenggara,,0,,,2020-04,0.46872833147214327,4,0.46872833147214327,VIIRS DNB,nW/cm2/sr,2020,"{""type"":""MultiPoint"",""coordinates"":[]}"
75_00000000000000000016,BA03050040,,,,,,,74.04,74,0.188157250699,TASWIL5000020230907KABKOTA,Buton,Wilayah terapung,1.53526521797E-5,0.0397338812277,4326,4,,,Buton,Sulawesi Tenggara,,0,,,2020-04,0.9475543716031573,4,0.9475543716031573,VIIRS DNB,nW/cm2/sr,2020,"{""type"":""MultiPoint"",""coordinates"":[]}"
75_00000000000000000000,BA03050040,,,,,,,74.06,74,3293.96639913,TASWIL5000020230907KABKOTA,Bombana,,0.268524880662,5.47167246052,4326,4,,,Bombana,Sulawesi Tenggara,,0,Buton,,2020-04,0.4398302224853567,4,0.4398302224853567,VIIRS DNB,nW/cm2/sr,2020,"{""type"":""MultiPoint"",""coordinates"":[]}"
75_00000000000000000002,BA03050040,,,,,,,74.15,74,517.631463505,TASWIL5000020230907KABKOTA,Buton Selatan,,0.042249508051,1.85498741345,4326,4,,,Buton Selatan,Sulawesi Tenggara,,0,Buton,,2020-04,0.47336213045746756,4,0.47336213045746756,VIIRS DNB,nW/cm2/sr,2020,"{""type"":""MultiPoint"",""coordinates"":[]}"
75_00000000000000000003,BA03050040,,,,,,,74.14,74,836.955797791,TASWIL5000020230907KABKOTA,Buton Tengah,,0.0682810706644,2.98412837401,4326,4,,,Buton Tengah,Sulawesi Tenggara,,0,Buton,,2020-04,0.49003662030149386,4,0.49003662030149386,VIIRS DNB,nW/cm2/sr,2020,"{""type"":""MultiPoint"",""coordinates"":[]}"
75_0000000000000000000c,BA03050040,,,,,,,74.72,74,294.137423231,TASWIL5000020230907KABKOTA,Kota Bau Bau,,0.0240007870008,0.955179337168,4326,5,,,Kota Bau Bau,Sulawesi Tenggara,,0,Buton,,2020-04,1.3156076266933654,4,1.3156076266933654,VIIRS DNB,nW/cm2/sr,2020,"{""type"":""MultiPoint"",""coordinates"":[]}"
75_00000000000000000010,BA03050040,,,,,,,74.07,74,450.455914283,TASWIL5000020230907KABKOTA,Wakatobi,,0.0367648905913,3.71804674371,4326,4,,,Wakatobi,Sulawesi Tenggara,,0,Buton,,2020-04,0.5206275942225431,4,0.5206275942225431,VIIRS DNB,nW/cm2/sr,2020,"{""type"":""MultiPoint"",""coordinates"":[]}"
75_00000000000000000011,BA03050040,,,,,,,74.07,74,0.253355482028,TASWIL5000020230907KABKOTA,Wakatobi,Wilayah terapung,2.06703594498E-5,0.0291924563304,4326,4,,,Wakatobi,Sulawesi Tenggara,,0,Buton,,2020-04,3.09527130089989,4,3.09527130089989,VIIRS DNB,nW/cm2/sr,2020,"{""type"":""MultiPoint"",""coordinates"":[]}"
75_00000000000000000012,BA03050040,,,,,,,74.07,74,4.12006083394,TASWIL5000020230907KABKOTA,Wakatobi,Wilayah terapung,3.36232999688E-4,0.124432278786,4326,4,,,Wakatobi,Sulawesi Tenggara,,0,Buton,,2020-04,0.3860923087350011,4,0.3860923087350011,VIIRS DNB,nW/cm2/sr,2020,"{""type"":""MultiPoint"",""coordinates"":[]}"
75_0000000000000000000a,BA03050040,,,,,,,74.05,74,4237.74051506,TASWIL5000020230907KABKOTA,Konawe Selatan,,0.345208073275,5.59324280043,4326,4,,,Konawe Selatan,Sulawesi Tenggara,,0,Kendari,,2020-04,0.5208175323565329,4,0.5208175323565329,VIIRS DNB,nW/cm2/sr,2020,"{""type"":""MultiPoint"",""coordinates"":[]}"
75_0000000000000000000d,BA03050040,,,,,,,74.71,74,265.790696582,TASWIL5000020230907KABKOTA,Kota Kendari,,0.0216443348271,1.21929531969,4326,5,,,Kota Kendari,Sulawesi Tenggara,,0,Kendari,,2020-04,3.442717899625884,4,3.442717899625884,VIIRS DNB,nW/cm2/sr,2020,"{""type"":""MultiPoint"",""coordinates"":[]}"
75_00000000000000000006,BA03050040,,,,,,,74.11,74,3992.53107078,TASWIL5000020230907KABKOTA,Kolaka Timur,,0.325055960897,4.62416724675,4326,4,,,Kolaka Timur,Sulawesi Tenggara,,0,Kolaka,,2020-04,0.40255164176188085,4,0.40255164176188085,VIIRS DNB,nW/cm2/sr,2020,"{""type"":""MultiPoint"",""coordinates"":[]}"
75_00000000000000000007,BA03050040,,,,,,,74.08,74,2932.25192061,TASWIL5000020230907KABKOTA,Kolaka Utara,,0.238597308701,3.90865020949,4326,4,,,Kolaka Utara,Sulawesi Tenggara,,0,Kolaka,,2020-04,0.4129646832804612,4,0.4129646832804612,VIIRS DNB,nW/cm2/sr,2020,"{""type"":""MultiPoint"",""coordinates"":[]}"
75_00000000000000000009,BA03050040,,,,,,,74.12,74,705.711010277,TASWIL5000020230907KABKOTA,Konawe Kepulauan,,0.0574768178025,1.17136047971,4326,4,,,Konawe Kepulauan,Sulawesi Tenggara,,0,Konawe,,2020-04,0.4439161119065454,4,0.4439161119065454,VIIRS DNB,nW/cm2/sr,2020,"{""type"":""MultiPoint"",""coordinates"":[]}"
75_0000000000000000000b,BA03050040,,,,,,,74.09,74,4219.81180817,TASWIL5000020230907KABKOTA,Konawe Utara,,0.343408045869,6.15591332033,4326,4,,,Konawe Utara,Sulawesi Tenggara,,0,Konawe,,2020-04,0.40202285420156286,4,0.40202285420156286,VIIRS DNB,nW/cm2/sr,2020,"{""type"":""MultiPoint"",""coordinates"":[]}"
75_00000000000000000004,BA03050040,,,,,,,74.10,74,1755.8292261,TASWIL5000020230907KABKOTA,Buton Utara,,0.143115018242,4.67921811895,4326,4,,,Buton Utara,Sulawesi Tenggara,,0,Muna,,2020-04,0.4065414676842576,4,0.4065414676842576,VIIRS DNB,nW/cm2/sr,2020,"{""type"":""MultiPoint"",""coordinates"":[]}"
75_0000000000000000000f,BA03050040,,,,,,,74.13,74,818.701593571,TASWIL5000020230907KABKOTA,Muna Barat,,0.0667415576998,2.65906981122,4326,4,,,Muna Barat,Sulawesi Tenggara,,0,Muna,,2020-04,0.4896684086525919,4,0.4896684086525919,VIIRS DNB,nW/cm2/sr,2020,"{""type"":""MultiPoint"",""coordinates"":[]}"
75_00000000000000000013,BA03050040,,,,,,,74.13,74,0.273099429049,TASWIL5000020230907KABKOTA,Muna Barat,Wilayah terapung,2.22679841875E-5,0.0295594995644,4326,4,,,Muna Barat,Sulawesi Tenggara,,0,Muna,,2020-04,0.41028880857818817,4,0.41028880857818817,VIIRS DNB,nW/cm2/sr,2020,"{""type"":""MultiPoint"",""coordinates"":[]}"
75_00000000000000000014,BA03050040,,,,,,,74.10,74,0.0480497061255,TASWIL5000020230907KABKOTA,Buton Utara,Wilayah terapung,3.9169026899E-6,0.0168384250334,4326,4,,,Buton Utara,Sulawesi Tenggara,,0,Muna,,2020-04,0.7857142771993365,4,0.7857142771993365,VIIRS DNB,nW/cm2/sr,2020,"{""type"":""MultiPoint"",""coordinates"":[]}"
76_00000000000000000001,BA03050040,,,,,,,74.04,74,1669.32863016,TASWIL5000020230907KABKOTA,Buton,,0.136188299866,3.04087674144,4326,4,,,Buton,Sulawesi Tenggara,,0,,,2020-05,0.25141060590524844,5,0.25141060590524844,VIIRS DNB,nW/cm2/sr,2020,"{""type"":""MultiPoint"",""coordinates"":[]}"
76_00000000000000000005,BA03050040,,,,,,,74.01,74,2958.9208572,TASWIL5000020230907KABKOTA,Kolaka,,0.240980839474,5.39527306777,4326,4,,,Kolaka,Sulawesi Tenggara,,0,,,2020-05,0.34587070662156993,5,0.34587070662156993,VIIRS DNB,nW/cm2/sr,2020,"{""type"":""MultiPoint"",""coordinates"":[]}"
76_00000000000000000008,BA03050040,,,,,,,74.02,74,5351.85263389,TASWIL5000020230907KABKOTA,Konawe,,0.435602118514,6.84601568998,4326,4,,,Konawe,Sulawesi Tenggara,,0,,,2020-05,0.40168374410997315,5,0.40168374410997315,VIIRS DNB,nW/cm2/sr,2020,"{""type"":""MultiPoint"",""coordinates"":[]}"
76_0000000000000000000e,BA03050040,,,,,,,74.03,74,1858.09481163,TASWIL5000020230907KABKOTA,Muna,,0.151502694674,5.32849464874,4326,4,,,Muna,Sulawesi Tenggara,,0,,,2020-05,0.2855284869031206,5,0.2855284869031206,VIIRS DNB,nW/cm2/sr,2020,"{""type"":""MultiPoint"",""coordinates"":[]}"
76_00000000000000000015,BA03050040,,,,,,,74.03,74,0.17024708351,TASWIL5000020230907KABKOTA,Muna,Wilayah terapung,1.38839187565E-5,0.039960941818,4326,4,,,Muna,Sulawesi Tenggara,,0,,,2020-05,0.3062427802754275,5,0.3062427802754275,VIIRS DNB,nW/cm2/sr,2020,"{""type"":""MultiPoint"",""coordinates"":[]}"
76_00000000000000000016,BA03050040,,,,,,,74.04,74,0.188157250699,TASWIL5000020230907KABKOTA,Buton,Wilayah terapung,1.53526521797E-5,0.0397338812277,4326,4,,,Buton,Sulawesi Tenggara,,0,,,2020-05,0.608967398495778,5,0.608967398495778,VIIRS DNB,nW/cm2/sr,2020,"{""type"":""MultiPoint"",""coordinates"":[]}"
76_00000000000000000000,BA03050040,,,,,,,74.06,74,3293.96639913,TASWIL5000020230907KABKOTA,Bombana,,0.268524880662,5.47167246052,4326,4,,,Bombana,Sulawesi Tenggara,,0,Buton,,2020-05,0.2819252167791505,5,0.2819252167791505,VIIRS DNB,nW/cm2/sr,2020,"{""type"":""MultiPoint"",""coordinates"":[]}"
76_00000000000000000002,BA03050040,,,,,,,74.15,74,517.631463505,TASWIL5000020230907KABKOTA,Buton Selatan,,0.042249508051,1.85498741345,4326,4,,,Buton Selatan,Sulawesi Tenggara,,0,Buton,,2020-05,0.3437611885364151,5,0.3437611885364151,VIIRS DNB,nW/cm2/sr,2020,"{""type"":""MultiPoint"",""coordinates"":[]}"
76_00000000000000000003,BA03050040,,,,,,,74.14,74,836.955797791,TASWIL5000020230907KABKOTA,Buton Tengah,,0.0682810706644,2.98412837401,4326,4,,,Buton Tengah,Sulawesi Tenggara,,0,Buton,,2020-05,0.3199812603167994,5,0.3199812603167994,VIIRS DNB,nW/cm2/sr,2020,"{""type"":""MultiPoint"",""coordinates"":[]}"
76_0000000000000000000c,BA03050040,,,,,,,74.72,74,294.137423231,TASWIL5000020230907KABKOTA,Kota Bau Bau,,0.0240007870008,0.955179337168,4326,5,,,Kota Bau Bau,Sulawesi Tenggara,,0,Buton,,2020-05,1.138342994259127,5,1.138342994259127,VIIRS DNB,nW/cm2/sr,2020,"{""type"":""MultiPoint"",""coordinates"":[]}"
76_00000000000000000010,BA03050040,,,,,,,74.07,74,450.455914283,TASWIL5000020230907KABKOTA,Wakatobi,,0.0367648905913,3.71804674371,4326,4,,,Wakatobi,Sulawesi Tenggara,,0,Buton,,2020-05,0.37140178322390255,5,0.37140178322390255,VIIRS DNB,nW/cm2/sr,2020,"{""type"":""MultiPoint"",""coordinates"":[]}"
76_00000000000000000011,BA03050040,,,,,,,74.07,74,0.253355482028,TASWIL5000020230907KABKOTA,Wakatobi,Wilayah terapung,2.06703594498E-5,0.0291924563304,4326,4,,,Wakatobi,Sulawesi Tenggara,,0,Buton,,2020-05,1.8114728597245475,5,1.8114728597245475,VIIRS DNB,nW/cm2/sr,2020,"{""type"":""MultiPoint"",""coordinates"":[]}"
76_00000000000000000012,BA03050040,,,,,,,74.07,74,4.12006083394,TASWIL5000020230907KABKOTA,Wakatobi,Wilayah terapung,3.36232999688E-4,0.124432278786,4326,4,,,Wakatobi,Sulawesi Tenggara,,0,Buton,,2020-05,0.2916141996440097,5,0.2916141996440097,VIIRS DNB,nW/cm2/sr,2020,"{""type"":""MultiPoint"",""coordinates"":[]}"
76_0000000000000000000a,BA03050040,,,,,,,74.05,74,4237.74051506,TASWIL5000020230907KABKOTA,Konawe Selatan,,0.345208073275,5.59324280043,4326,4,,,Konawe Selatan,Sulawesi Tenggara,,0,Kendari,,2020-05,0.33084769210656173,5,0.33084769210656173,VIIRS DNB,nW/cm2/sr,2020,"{""type"":""MultiPoint"",""coordinates"":[]}"
76_0000000000000000000d,BA03050040,,,,,,,74.71,74,265.790696582,TASWIL5000020230907KABKOTA,Kota Kendari,,0.0216443348271,1.21929531969,4326,5,,,Kota Kendari,Sulawesi Tenggara,,0,Kendari,,2020-05,3.1383981871970246,5,3.1383981871970246,VIIRS DNB,nW/cm2/sr,2020,"{""type"":""MultiPoint"",""coordinates"":[]}"
76_00000000000000000006,BA03050040,,,,,,,74.11,74,3992.53107078,TASWIL5000020230907KABKOTA,Kolaka Timur,,0.325055960897,4.62416724675,4326,4,,,Kolaka Timur,Sulawesi Tenggara,,0,Kolaka,,2020-05,0.28992146779569883,5,0.28992146779569883,VIIRS DNB,nW/cm2/sr,2020,"{""type"":""MultiPoint"",""coordinates"":[]}"
76_00000000000000000007,BA03050040,,,,,,,74.08,74,2932.25192061,TASWIL5000020230907KABKOTA,Kolaka Utara,,0.238597308701,3.90865020949,4326,4,,,Kolaka Utara,Sulawesi Tenggara,,0,Kolaka,,2020-05,0.27134324048557673,5,0.27134324048557673,VIIRS DNB,nW/cm2/sr,2020,"{""type"":""MultiPoint"",""coordinates"":[]}"
76_00000000000000000009,BA03050040,,,,,,,74.12,74,705.711010277,TASWIL5000020230907KABKOTA,Konawe Kepulauan,,0.0574768178025,1.17136047971,4326,4,,,Konawe Kepulauan,Sulawesi Tenggara,,0,Konawe,,2020-05,0.25360091380121974,5,0.25360091380121974,VIIRS DNB,nW/cm2/sr,2020,"{""type"":""MultiPoint"",""coordinates"":[]}"
76_0000000000000000000b,BA03050040,,,,,,,74.09,74,4219.81180817,TASWIL5000020230907KABKOTA,Konawe Utara,,0.343408045869,6.15591332033,4326,4,,,Konawe Utara,Sulawesi Tenggara,,0,Konawe,,2020-05,0.28909689106658104,5,0.28909689106658104,VIIRS DNB,nW/cm2/sr,2020,"{""type"":""MultiPoint"",""coordinates"":[]}"
76_00000000000000000004,BA03050040,,,,,,,74.10,74,1755.8292261,TASWIL5000020230907KABKOTA,Buton Utara,,0.143115018242,4.67921811895,4326,4,,,Buton Utara,Sulawesi Tenggara,,0,Muna,,2020-05,0.2387519264180529,5,0.2387519264180529,VIIRS DNB,nW/cm2/sr,2020,"{""type"":""MultiPoint"",""coordinates"":[]}"
76_0000000000000000000f,BA03050040,,,,,,,74.13,74,818.701593571,TASWIL5000020230907KABKOTA,Muna Barat,,0.0667415576998,2.65906981122,4326,4,,,Muna Barat,Sulawesi Tenggara,,0,Muna,,2020-05,0.28148346582909717,5,0.28148346582909717,VIIRS DNB,nW/cm2/sr,2020,"{""type"":""MultiPoint"",""coordinates"":[]}"
76_00000000000000000013,BA03050040,,,,,,,74.13,74,0.273099429049,TASWIL5000020230907KABKOTA,Muna Barat,Wilayah terapung,2.22679841875E-5,0.0295594995644,4326,4,,,Muna Barat,Sulawesi Tenggara,,0,Muna,,2020-05,0.28638988840881235,5,0.28638988840881235,VIIRS DNB,nW/cm2/sr,2020,"{""type"":""MultiPoint"",""coordinates"":[]}"
76_00000000000000000014,BA03050040,,,,,,,74.10,74,0.0480497061255,TASWIL5000020230907KABKOTA,Buton Utara,Wilayah terapung,3.9169026899E-6,0.0168384250334,4326,4,,,Buton Utara,Sulawesi Tenggara,,0,Muna,,2020-05,0.4442856992994036,5,0.4442856992994036,VIIRS DNB,nW/cm2/sr,2020,"{""type"":""MultiPoint"",""coordinates"":[]}"
77_00000000000000000001,BA03050040,,,,,,,74.04,74,1669.32863016,TASWIL5000020230907KABKOTA,Buton,,0.136188299866,3.04087674144,4326,4,,,Buton,Sulawesi Tenggara,,0,,,2020-06,0.2673954054254669,6,0.2673954054254669,VIIRS DNB,nW/cm2/sr,2020,"{""type"":""MultiPoint"",""coordinates"":[]}"
77_00000000000000000005,BA03050040,,,,,,,74.01,74,2958.9208572,TASWIL5000020230907KABKOTA,Kolaka,,0.240980839474,5.39527306777,4326,4,,,Kolaka,Sulawesi Tenggara,,0,,,2020-06,0.34038735576235457,6,0.34038735576235457,VIIRS DNB,nW/cm2/sr,2020,"{""type"":""MultiPoint"",""coordinates"":[]}"
77_00000000000000000008,BA03050040,,,,,,,74.02,74,5351.85263389,TASWIL5000020230907KABKOTA,Konawe,,0.435602118514,6.84601568998,4326,4,,,Konawe,Sulawesi Tenggara,,0,,,2020-06,0.38005587474601643,6,0.38005587474601643,VIIRS DNB,nW/cm2/sr,2020,"{""type"":""MultiPoint"",""coordinates"":[]}"
77_0000000000000000000e,BA03050040,,,,,,,74.03,74,1858.09481163,TASWIL5000020230907KABKOTA,Muna,,0.151502694674,5.32849464874,4326,4,,,Muna,Sulawesi Tenggara,,0,,,2020-06,0.3028263994253391,6,0.3028263994253391,VIIRS DNB,nW/cm2/sr,2020,"{""type"":""MultiPoint"",""coordinates"":[]}"
77_00000000000000000015,BA03050040,,,,,,,74.03,74,0.17024708351,TASWIL5000020230907KABKOTA,Muna,Wilayah terapung,1.38839187565E-5,0.039960941818,4326,4,,,Muna,Sulawesi Tenggara,,0,,,2020-06,0.2913872826995188,6,0.2913872826995188,VIIRS DNB,nW/cm2/sr,2020,"{""type"":""MultiPoint"",""coordinates"":[]}"
77_00000000000000000016,BA03050040,,,,,,,74.04,74,0.188157250699,TASWIL5000020230907KABKOTA,Buton,Wilayah terapung,1.53526521797E-5,0.0397338812277,4326,4,,,Buton,Sulawesi Tenggara,,0,,,2020-06,0.6527173992084422,6,0.6527173992084422,VIIRS DNB,nW/cm2/sr,2020,"{""type"":""MultiPoint"",""coordinates"":[]}"
77_00000000000000000000,BA03050040,,,,,,,74.06,74,3293.96639913,TASWIL5000020230907KABKOTA,Bombana,,0.268524880662,5.47167246052,4326,4,,,Bombana,Sulawesi Tenggara,,0,Buton,,2020-06,0.26236438378281113,6,0.26236438378281113,VIIRS DNB,nW/cm2/sr,2020,"{""type"":""MultiPoint"",""coordinates"":[]}"
77_00000000000000000002,BA03050040,,,,,,,74.15,74,517.631463505,TASWIL5000020230907KABKOTA,Buton Selatan,,0.042249508051,1.85498741345,4326,4,,,Buton Selatan,Sulawesi Tenggara,,0,Buton,,2020-06,0.34083384738279854,6,0.34083384738279854,VIIRS DNB,nW/cm2/sr,2020,"{""type"":""MultiPoint"",""coordinates"":[]}"
77_00000000000000000003,BA03050040,,,,,,,74.14,74,836.955797791,TASWIL5000020230907KABKOTA,Buton Tengah,,0.0682810706644,2.98412837401,4326,4,,,Buton Tengah,Sulawesi Tenggara,,0,Buton,,2020-06,0.32082314084492053,6,0.32082314084492053,VIIRS DNB,nW/cm2/sr,2020,"{""type"":""MultiPoint"",""coordinates"":[]}"
77_0000000000000000000c,BA03050040,,,,,,,74.72,74,294.137423231,TASWIL5000020230907KABKOTA,Kota Bau Bau,,0.0240007870008,0.955179337168,4326,5,,,Kota Bau Bau,Sulawesi Tenggara,,0,Buton,,2020-06,1.0658408713318168,6,1.0658408713318168,VIIRS DNB,nW/cm2/sr,2020,"{""type"":""MultiPoint"",""coordinates"":[]}"
77_00000000000000000010,BA03050040,,,,,,,74.07,74,450.455914283,TASWIL5000020230907KABKOTA,Wakatobi,,0.0367648905913,3.71804674371,4326,4,,,Wakatobi,Sulawesi Tenggara,,0,Buton,,2020-06,0.37706269481616167,6,0.37706269481616167,VIIRS DNB,nW/cm2/sr,2020,"{""type"":""MultiPoint"",""coordinates"":[]}"
77_00000000000000000011,BA03050040,,,,,,,74.07,74,0.253355482028,TASWIL5000020230907KABKOTA,Wakatobi,Wilayah terapung,2.06703594498E-5,0.0291924563304,4326,4,,,Wakatobi,Sulawesi Tenggara,,0,Buton,,2020-06,1.94329458197882,6,1.94329458197882,VIIRS DNB,nW/cm2/sr,2020,"{""type"":""MultiPoint"",""coordinates"":[]}"
77_00000000000000000012,BA03050040,,,,,,,74.07,74,4.12006083394,TASWIL5000020230907KABKOTA,Wakatobi,Wilayah terapung,3.36232999688E-4,0.124432278786,4326,4,,,Wakatobi,Sulawesi Tenggara,,0,Buton,,2020-06,0.27084023784250916,6,0.27084023784250916,VIIRS DNB,nW/cm2/sr,2020,"{""type"":""MultiPoint"",""coordinates"":[]}"
77_0000000000000000000a,BA03050040,,,,,,,74.05,74,4237.74051506,TASWIL5000020230907KABKOTA,Konawe Selatan,,0.345208073275,5.59324280043,4326,4,,,Konawe Selatan,Sulawesi Tenggara,,0,Kendari,,2020-06,0.3264362106632267,6,0.3264362106632267,VIIRS DNB,nW/cm2/sr,2020,"{""type"":""MultiPoint"",""coordinates"":[]}"
77_0000000000000000000d,BA03050040,,,,,,,74.71,74,265.790696582,TASWIL5000020230907KABKOTA,Kota Kendari,,0.0216443348271,1.21929531969,4326,5,,,Kota Kendari,Sulawesi Tenggara,,0,Kendari,,2020-06,2.924683370004755,6,2.924683370004755,VIIRS DNB,nW/cm2/sr,2020,"{""type"":""MultiPoint"",""coordinates"":[]}"
77_00000000000000000006,BA03050040,,,,,,,74.11,74,3992.53107078,TASWIL5000020230907KABKOTA,Kolaka Timur,,0.325055960897,4.62416724675,4326,4,,,Kolaka Timur,Sulawesi Tenggara,,0,Kolaka,,2020-06,0.23284233710615718,6,0.23284233710615718,VIIRS DNB,nW/cm2/sr,2020,"{""type"":""MultiPoint"",""coordinates"":[]}"
77_00000000000000000007,BA03050040,,,,,,,74.08,74,2932.25192061,TASWIL5000020230907KABKOTA,Kolaka Utara,,0.238597308701,3.90865020949,4326,4,,,Kolaka Utara,Sulawesi Tenggara,,0,Kolaka,,2020-06,0.23252746162554616,6,0.23252746162554616,VIIRS DNB,nW/cm2/sr,2020,"{""type"":""MultiPoint"",""coordinates"":[]}"
77_00000000000000000009,BA03050040,,,,,,,74.12,74,705.711010277,TASWIL5000020230907KABKOTA,Konawe Kepulauan,,0.0574768178025,1.17136047971,4326,4,,,Konawe Kepulauan,Sulawesi Tenggara,,0,Konawe,,2020-06,0.23034665368002646,6,0.23034665368002646,VIIRS DNB,nW/cm2/sr,2020,"{""type"":""MultiPoint"",""coordinates"":[]}"
77_0000000000000000000b,BA03050040,,,,,,,74.09,74,4219.81180817,TASWIL5000020230907KABKOTA,Konawe Utara,,0.343408045869,6.15591332033,4326,4,,,Konawe Utara,Sulawesi Tenggara,,0,Konawe,,2020-06,0.24911071302702292,6,0.24911071302702292,VIIRS DNB,nW/cm2/sr,2020,"{""type"":""MultiPoint"",""coordinates"":[]}"
77_00000000000000000004,BA03050040,,,,,,,74.10,74,1755.8292261,TASWIL5000020230907KABKOTA,Buton Utara,,0.143115018242,4.67921811895,4326,4,,,Buton Utara,Sulawesi Tenggara,,0,Muna,,2020-06,0.24631577158503848,6,0.24631577158503848,VIIRS DNB,nW/cm2/sr,2020,"{""type"":""MultiPoint"",""coordinates"":[]}"
77_0000000000000000000f,BA03050040,,,,,,,74.13,74,818.701593571,TASWIL5000020230907KABKOTA,Muna Barat,,0.0667415576998,2.65906981122,4326,4,,,Muna Barat,Sulawesi Tenggara,,0,Muna,,2020-06,0.31296650488419797,6,0.31296650488419797,VIIRS DNB,nW/cm2/sr,2020,"{""type"":""MultiPoint"",""coordinates"":[]}"
77_00000000000000000013,BA03050040,,,,,,,74.13,74,0.273099429049,TASWIL5000020230907KABKOTA,Muna Barat,Wilayah terapung,2.22679841875E-5,0.0295594995644,4326,4,,,Muna Barat,Sulawesi Tenggara,,0,Muna,,2020-06,0.2550902511884159,6,0.2550902511884159,VIIRS DNB,nW/cm2/sr,2020,"{""type"":""MultiPoint"",""coordinates"":[]}"
77_00000000000000000014,BA03050040,,,,,,,74.10,74,0.0480497061255,TASWIL5000020230907KABKOTA,Buton Utara,Wilayah terapung,3.9169026899E-6,0.0168384250334,4326,4,,,Buton Utara,Sulawesi Tenggara,,0,Muna,,2020-06,0.6428571684019906,6,0.6428571684019906,VIIRS DNB,nW/cm2/sr,2020,"{""type"":""MultiPoint"",""coordinates"":[]}"
78_00000000000000000001,BA03050040,,,,,,,74.04,74,1669.32863016,TASWIL5000020230907KABKOTA,Buton,,0.136188299866,3.04087674144,4326,4,,,Buton,Sulawesi Tenggara,,0,,,2020-07,0.1813279635002843,7,0.1813279635002843,VIIRS DNB,nW/cm2/sr,2020,"{""type"":""MultiPoint"",""coordinates"":[]}"
78_00000000000000000005,BA03050040,,,,,,,74.01,74,2958.9208572,TASWIL5000020230907KABKOTA,Kolaka,,0.240980839474,5.39527306777,4326,4,,,Kolaka,Sulawesi Tenggara,,0,,,2020-07,0.3167634244560088,7,0.3167634244560088,VIIRS DNB,nW/cm2/sr,2020,"{""type"":""MultiPoint"",""coordinates"":[]}"
78_00000000000000000008,BA03050040,,,,,,,74.02,74,5351.85263389,TASWIL5000020230907KABKOTA,Konawe,,0.435602118514,6.84601568998,4326,4,,,Konawe,Sulawesi Tenggara,,0,,,2020-07,0.4729033917323684,7,0.4729033917323684,VIIRS DNB,nW/cm2/sr,2020,"{""type"":""MultiPoint"",""coordinates"":[]}"
78_0000000000000000000e,BA03050040,,,,,,,74.03,74,1858.09481163,TASWIL5000020230907KABKOTA,Muna,,0.151502694674,5.32849464874,4326,4,,,Muna,Sulawesi Tenggara,,0,,,2020-07,0.21382406101381823,7,0.21382406101381823,VIIRS DNB,nW/cm2/sr,2020,"{""type"":""MultiPoint"",""coordinates"":[]}"
78_00000000000000000015,BA03050040,,,,,,,74.03,74,0.17024708351,TASWIL5000020230907KABKOTA,Muna,Wilayah terapung,1.38839187565E-5,0.039960941818,4326,4,,,Muna,Sulawesi Tenggara,,0,,,2020-07,0.13445086682462967,7,0.13445086682462967,VIIRS DNB,nW/cm2/sr,2020,"{""type"":""MultiPoint"",""coordinates"":[]}"
78_00000000000000000016,BA03050040,,,,,,,74.04,74,0.188157250699,TASWIL5000020230907KABKOTA,Buton,Wilayah terapung,1.53526521797E-5,0.0397338812277,4326,4,,,Buton,Sulawesi Tenggara,,0,,,2020-07,0.6417391332595247,7,0.6417391332595247,VIIRS DNB,nW/cm2/sr,2020,"{""type"":""MultiPoint"",""coordinates"":[]}"
78_00000000000000000000,BA03050040,,,,,,,74.06,74,3293.96639913,TASWIL5000020230907KABKOTA,Bombana,,0.268524880662,5.47167246052,4326,4,,,Bombana,Sulawesi Tenggara,,0,Buton,,2020-07,0.1896528546098929,7,0.1896528546098929,VIIRS DNB,nW/cm2/sr,2020,"{""type"":""MultiPoint"",""coordinates"":[]}"
78_00000000000000000002,BA03050040,,,,,,,74.15,74,517.631463505,TASWIL5000020230907KABKOTA,Buton Selatan,,0.042249508051,1.85498741345,4326,4,,,Buton Selatan,Sulawesi Tenggara,,0,Buton,,2020-07,0.2533216591169687,7,0.2533216591169687,VIIRS DNB,nW/cm2/sr,2020,"{""type"":""MultiPoint"",""coordinates"":[]}"
78_00000000000000000003,BA03050040,,,,,,,74.14,74,836.955797791,TASWIL5000020230907KABKOTA,Buton Tengah,,0.0682810706644,2.98412837401,4326,4,,,Buton Tengah,Sulawesi Tenggara,,0,Buton,,2020-07,0.2236935978712086,7,0.2236935978712086,VIIRS DNB,nW/cm2/sr,2020,"{""type"":""MultiPoint"",""coordinates"":[]}"
78_0000000000000000000c,BA03050040,,,,,,,74.72,74,294.137423231,TASWIL5000020230907KABKOTA,Kota Bau Bau,,0.0240007870008,0.955179337168,4326,5,,,Kota Bau Bau,Sulawesi Tenggara,,0,Buton,,2020-07,1.066787895603496,7,1.066787895603496,VIIRS DNB,nW/cm2/sr,2020,"{""type"":""MultiPoint"",""coordinates"":[]}"
78_00000000000000000010,BA03050040,,,,,,,74.07,74,450.455914283,TASWIL5000020230907KABKOTA,Wakatobi,,0.0367648905913,3.71804674371,4326,4,,,Wakatobi,Sulawesi Tenggara,,0,Buton,,2020-07,0.28706934925158706,7,0.28706934925158706,VIIRS DNB,nW/cm2/sr,2020,"{""type"":""MultiPoint"",""coordinates"":[]}"
78_00000000000000000011,BA03050040,,,,,,,74.07,74,0.253355482028,TASWIL5000020230907KABKOTA,Wakatobi,Wilayah terapung,2.06703594498E-5,0.0291924563304,4326,4,,,Wakatobi,Sulawesi Tenggara,,0,Buton,,2020-07,2.401937974515812,7,2.401937974515812,VIIRS DNB,nW/cm2/sr,2020,"{""type"":""MultiPoint"",""coordinates"":[]}"
78_00000000000000000012,BA03050040,,,,,,,74.07,74,4.12006083394,TASWIL5000020230907KABKOTA,Wakatobi,Wilayah terapung,3.36232999688E-4,0.124432278786,4326,4,,,Wakatobi,Sulawesi Tenggara,,0,Buton,,2020-07,0.1978508871264712,7,0.1978508871264712,VIIRS DNB,nW/cm2/sr,2020,"{""type"":""MultiPoint"",""coordinates"":[]}"
78_0000000000000000000a,BA03050040,,,,,,,74.05,74,4237.74051506,TASWIL5000020230907KABKOTA,Konawe Selatan,,0.345208073275,5.59324280043,4326,4,,,Konawe Selatan,Sulawesi Tenggara,,0,Kendari,,2020-07,0.2646903871640283,7,0.2646903871640283,VIIRS DNB,nW/cm2/sr,2020,"{""type"":""MultiPoint"",""coordinates"":[]}"
78_0000000000000000000d,BA03050040,,,,,,,74.71,74,265.790696582,TASWIL5000020230907KABKOTA,Kota Kendari,,0.0216443348271,1.21929531969,4326,5,,,Kota Kendari,Sulawesi Tenggara,,0,Kendari,,2020-07,3.2524737791161984,7,3.2524737791161984,VIIRS DNB,nW/cm2/sr,2020,"{""type"":""MultiPoint"",""coordinates"":[]}"
78_00000000000000000006,BA03050040,,,,,,,74.11,74,3992.53107078,TASWIL5000020230907KABKOTA,Kolaka Timur,,0.325055960897,4.62416724675,4326,4,,,Kolaka Timur,Sulawesi Tenggara,,0,Kolaka,,2020-07,0.20769747651183618,7,0.20769747651183618,VIIRS DNB,nW/cm2/sr,2020,"{""type"":""MultiPoint"",""coordinates"":[]}"
78_00000000000000000007,BA03050040,,,,,,,74.08,74,2932.25192061,TASWIL5000020230907KABKOTA,Kolaka Utara,,0.238597308701,3.90865020949,4326,4,,,Kolaka Utara,Sulawesi Tenggara,,0,Kolaka,,2020-07,0.19735090920123993,7,0.19735090920123993,VIIRS DNB,nW/cm2/sr,2020,"{""type"":""MultiPoint"",""coordinates"":[]}"
78_00000000000000000009,BA03050040,,,,,,,74.12,74,705.711010277,TASWIL5000020230907KABKOTA,Konawe Kepulauan,,0.0574768178025,1.17136047971,4326,4,,,Konawe Kepulauan,Sulawesi Tenggara,,0,Konawe,,2020-07,0.20315973375727345,7,0.20315973375727345,VIIRS DNB,nW/cm2/sr,2020,"{""type"":""MultiPoint"",""coordinates"":[]}"
78_0000000000000000000b,BA03050040,,,,,,,74.09,74,4219.81180817,TASWIL5000020230907KABKOTA,Konawe Utara,,0.343408045869,6.15591332033,4326,4,,,Konawe Utara,Sulawesi Tenggara,,0,Konawe,,2020-07,0.3038440594586896,7,0.3038440594586896,VIIRS DNB,nW/cm2/sr,2020,"{""type"":""MultiPoint"",""coordinates"":[]}"
78_00000000000000000004,BA03050040,,,,,,,74.10,74,1755.8292261,TASWIL5000020230907KABKOTA,Buton Utara,,0.143115018242,4.67921811895,4326,4,,,Buton Utara,Sulawesi Tenggara,,0,Muna,,2020-07,0.18121745548024235,7,0.18121745548024235,VIIRS DNB,nW/cm2/sr,2020,"{""type"":""MultiPoint"",""coordinates"":[]}"
78_0000000000000000000f,BA03050040,,,,,,,74.13,74,818.701593571,TASWIL5000020230907KABKOTA,Muna Barat,,0.0667415576998,2.65906981122,4326,4,,,Muna Barat,Sulawesi Tenggara,,0,Muna,,2020-07,0.21111986188487752,7,0.21111986188487752,VIIRS DNB,nW/cm2/sr,2020,"{""type"":""MultiPoint"",""coordinates"":[]}"
78_00000000000000000013,BA03050040,,,,,,,74.13,74,0.273099429049,TASWIL5000020230907KABKOTA,Muna Barat,Wilayah terapung,2.22679841875E-5,0.0295594995644,4326,4,,,Muna Barat,Sulawesi Tenggara,,0,Muna,,2020-07,0.17884476668460275,7,0.17884476668460275,VIIRS DNB,nW/cm2/sr,2020,"{""type"":""MultiPoint"",""coordinates"":[]}"
78_00000000000000000014,BA03050040,,,,,,,74.10,74,0.0480497061255,TASWIL5000020230907KABKOTA,Buton Utara,Wilayah terapung,3.9169026899E-6,0.0168384250334,4326,4,,,Buton Utara,Sulawesi Tenggara,,0,Muna,,2020-07,0.5157142920153481,7,0.5157142920153481,VIIRS DNB,nW/cm2/sr,2020,"{""type"":""MultiPoint"",""coordinates"":[]}"
79_00000000000000000001,BA03050040,,,,,,,74.04,74,1669.32863016,TASWIL5000020230907KABKOTA,Buton,,0.136188299866,3.04087674144,4326,4,,,Buton,Sulawesi Tenggara,,0,,,2020-08,0.19141349373849623,8,0.19141349373849623,VIIRS DNB,nW/cm2/sr,2020,"{""type"":""MultiPoint"",""coordinates"":[]}"
79_00000000000000000005,BA03050040,,,,,,,74.01,74,2958.9208572,TASWIL5000020230907KABKOTA,Kolaka,,0.240980839474,5.39527306777,4326,4,,,Kolaka,Sulawesi Tenggara,,0,,,2020-08,0.30485597202673753,8,0.30485597202673753,VIIRS DNB,nW/cm2/sr,2020,"{""type"":""MultiPoint"",""coordinates"":[]}"
79_00000000000000000008,BA03050040,,,,,,,74.02,74,5351.85263389,TASWIL5000020230907KABKOTA,Konawe,,0.435602118514,6.84601568998,4326,4,,,Konawe,Sulawesi Tenggara,,0,,,2020-08,0.5183544038876257,8,0.5183544038876257,VIIRS DNB,nW/cm2/sr,2020,"{""type"":""MultiPoint"",""coordinates"":[]}"
79_0000000000000000000e,BA03050040,,,,,,,74.03,74,1858.09481163,TASWIL5000020230907KABKOTA,Muna,,0.151502694674,5.32849464874,4326,4,,,Muna,Sulawesi Tenggara,,0,,,2020-08,0.22796247725397917,8,0.22796247725397917,VIIRS DNB,nW/cm2/sr,2020,"{""type"":""MultiPoint"",""coordinates"":[]}"
79_00000000000000000015,BA03050040,,,,,,,74.03,74,0.17024708351,TASWIL5000020230907KABKOTA,Muna,Wilayah terapung,1.38839187565E-5,0.039960941818,4326,4,,,Muna,Sulawesi Tenggara,,0,,,2020-08,0.2199421961700296,8,0.2199421961700296,VIIRS DNB,nW/cm2/sr,2020,"{""type"":""MultiPoint"",""coordinates"":[]}"
79_00000000000000000016,BA03050040,,,,,,,74.04,74,0.188157250699,TASWIL5000020230907KABKOTA,Buton,Wilayah terapung,1.53526521797E-5,0.0397338812277,4326,4,,,Buton,Sulawesi Tenggara,,0,,,2020-08,0.7020652080359667,8,0.7020652080359667,VIIRS DNB,nW/cm2/sr,2020,"{""type"":""MultiPoint"",""coordinates"":[]}"
79_00000000000000000000,BA03050040,,,,,,,74.06,74,3293.96639913,TASWIL5000020230907KABKOTA,Bombana,,0.268524880662,5.47167246052,4326,4,,,Bombana,Sulawesi Tenggara,,0,Buton,,2020-08,0.19419515407890878,8,0.19419515407890878,VIIRS DNB,nW/cm2/sr,2020,"{""type"":""MultiPoint"",""coordinates"":[]}"
79_00000000000000000002,BA03050040,,,,,,,74.15,74,517.631463505,TASWIL5000020230907KABKOTA,Buton Selatan,,0.042249508051,1.85498741345,4326,4,,,Buton Selatan,Sulawesi Tenggara,,0,Buton,,2020-08,0.24907537441972227,8,0.24907537441972227,VIIRS DNB,nW/cm2/sr,2020,"{""type"":""MultiPoint"",""coordinates"":[]}"
79_00000000000000000003,BA03050040,,,,,,,74.14,74,836.955797791,TASWIL5000020230907KABKOTA,Buton Tengah,,0.0682810706644,2.98412837401,4326,4,,,Buton Tengah,Sulawesi Tenggara,,0,Buton,,2020-08,0.24756601853363955,8,0.24756601853363955,VIIRS DNB,nW/cm2/sr,2020,"{""type"":""MultiPoint"",""coordinates"":[]}"
79_0000000000000000000c,BA03050040,,,,,,,74.72,74,294.137423231,TASWIL5000020230907KABKOTA,Kota Bau Bau,,0.0240007870008,0.955179337168,4326,5,,,Kota Bau Bau,Sulawesi Tenggara,,0,Buton,,2020-08,1.1596426849173083,8,1.1596426849173083,VIIRS DNB,nW/cm2/sr,2020,"{""type"":""MultiPoint"",""coordinates"":[]}"
79_00000000000000000010,BA03050040,,,,,,,74.07,74,450.455914283,TASWIL5000020230907KABKOTA,Wakatobi,,0.0367648905913,3.71804674371,4326,4,,,Wakatobi,Sulawesi Tenggara,,0,Buton,,2020-08,0.3094004011692658,8,0.3094004011692658,VIIRS DNB,nW/cm2/sr,2020,"{""type"":""MultiPoint"",""coordinates"":[]}"
79_00000000000000000011,BA03050040,,,,,,,74.07,74,0.253355482028,TASWIL5000020230907KABKOTA,Wakatobi,Wilayah terapung,2.06703594498E-5,0.0291924563304,4326,4,,,Wakatobi,Sulawesi Tenggara,,0,Buton,,2020-08,2.505232484765755,8,2.505232484765755,VIIRS DNB,nW/cm2/sr,2020,"{""type"":""MultiPoint"",""coordinates"":[]}"
79_00000000000000000012,BA03050040,,,,,,,74.07,74,4.12006083394,TASWIL5000020230907KABKOTA,Wakatobi,Wilayah terapung,3.36232999688E-4,0.124432278786,4326,4,,,Wakatobi,Sulawesi Tenggara,,0,Buton,,2020-08,0.2196662718092902,8,0.2196662718092902,VIIRS DNB,nW/cm2/sr,2020,"{""type"":""MultiPoint"",""coordinates"":[]}"
79_0000000000000000000a,BA03050040,,,,,,,74.05,74,4237.74051506,TASWIL5000020230907KABKOTA,Konawe Selatan,,0.345208073275,5.59324280043,4326,4,,,Konawe Selatan,Sulawesi Tenggara,,0,Kendari,,2020-08,0.2722833724849437,8,0.2722833724849437,VIIRS DNB,nW/cm2/sr,2020,"{""type"":""MultiPoint"",""coordinates"":[]}"
79_0000000000000000000d,BA03050040,,,,,,,74.71,74,265.790696582,TASWIL5000020230907KABKOTA,Kota Kendari,,0.0216443348271,1.21929531969,4326,5,,,Kota Kendari,Sulawesi Tenggara,,0,Kendari,,2020-08,3.572192546822322,8,3.572192546822322,VIIRS DNB,nW/cm2/sr,2020,"{""type"":""MultiPoint"",""coordinates"":[]}"
79_00000000000000000006,BA03050040,,,,,,,74.11,74,3992.53107078,TASWIL5000020230907KABKOTA,Kolaka Timur,,0.325055960897,4.62416724675,4326,4,,,Kolaka Timur,Sulawesi Tenggara,,0,Kolaka,,2020-08,0.1754983544788127,8,0.1754983544788127,VIIRS DNB,nW/cm2/sr,2020,"{""type"":""MultiPoint"",""coordinates"":[]}"
79_00000000000000000007,BA03050040,,,,,,,74.08,74,2932.25192061,TASWIL5000020230907KABKOTA,Kolaka Utara,,0.238597308701,3.90865020949,4326,4,,,Kolaka Utara,Sulawesi Tenggara,,0,Kolaka,,2020-08,0.16605694676835317,8,0.16605694676835317,VIIRS DNB,nW/cm2/sr,2020,"{""type"":""MultiPoint"",""coordinates"":[]}"
79_00000000000000000009,BA03050040,,,,,,,74.12,74,705.711010277,TASWIL5000020230907KABKOTA,Konawe Kepulauan,,0.0574768178025,1.17136047971,4326,4,,,Konawe Kepulauan,Sulawesi Tenggara,,0,Konawe,,2020-08,0.18230933577591843,8,0.18230933577591843,VIIRS DNB,nW/cm2/sr,2020,"{""type"":""MultiPoint"",""coordinates"":[]}"
79_0000000000000000000b,BA03050040,,,,,,,74.09,74,4219.81180817,TASWIL5000020230907KABKOTA,Konawe Utara,,0.343408045869,6.15591332033,4326,4,,,Konawe Utara,Sulawesi Tenggara,,0,Konawe,,2020-08,0.20080853165637833,8,0.20080853165637833,VIIRS DNB,nW/cm2/sr,2020,"{""type"":""MultiPoint"",""coordinates"":[]}"
79_00000000000000000004,BA03050040,,,,,,,74.10,74,1755.8292261,TASWIL5000020230907KABKOTA,Buton Utara,,0.143115018242,4.67921811895,4326,4,,,Buton Utara,Sulawesi Tenggara,,0,Muna,,2020-08,0.16211957491768586,8,0.16211957491768586,VIIRS DNB,nW/cm2/sr,2020,"{""type"":""MultiPoint"",""coordinates"":[]}"
79_0000000000000000000f,BA03050040,,,,,,,74.13,74,818.701593571,TASWIL5000020230907KABKOTA,Muna Barat,,0.0667415576998,2.65906981122,4326,4,,,Muna Barat,Sulawesi Tenggara,,0,Muna,,2020-08,0.23265925845230231,8,0.23265925845230231,VIIRS DNB,nW/cm2/sr,2020,"{""type"":""MultiPoint"",""coordinates"":[]}"
79_00000000000000000013,BA03050040,,,,,,,74.13,74,0.273099429049,TASWIL5000020230907KABKOTA,Muna Barat,Wilayah terapung,2.22679841875E-5,0.0295594995644,4326,4,,,Muna Barat,Sulawesi Tenggara,,0,Muna,,2020-08,0.24530686101866112,8,0.24530686101866112,VIIRS DNB,nW/cm2/sr,2020,"{""type"":""MultiPoint"",""coordinates"":[]}"
79_00000000000000000014,BA03050040,,,,,,,74.10,74,0.0480497061255,TASWIL5000020230907KABKOTA,Buton Utara,Wilayah terapung,3.9169026899E-6,0.0168384250334,4326,4,,,Buton Utara,Sulawesi Tenggara,,0,Muna,,2020-08,0.5771428644657135,8,0.5771428644657135,VIIRS DNB,nW/cm2/sr,2020,"{""type"":""MultiPoint"",""coordinates"":[]}"
80_00000000000000000001,BA03050040,,,,,,,74.04,74,1669.32863016,TASWIL5000020230907KABKOTA,Buton,,0.136188299866,3.04087674144,4326,4,,,Buton,Sulawesi Tenggara,,0,,,2020-09,0.21054773378722527,9,0.21054773378722527,VIIRS DNB,nW/cm2/sr,2020,"{""type"":""MultiPoint"",""coordinates"":[]}"
80_00000000000000000005,BA03050040,,,,,,,74.01,74,2958.9208572,TASWIL5000020230907KABKOTA,Kolaka,,0.240980839474,5.39527306777,4326,4,,,Kolaka,Sulawesi Tenggara,,0,,,2020-09,0.34087982142163004,9,0.34087982142163004,VIIRS DNB,nW/cm2/sr,2020,"{""type"":""MultiPoint"",""coordinates"":[]}"
80_00000000000000000008,BA03050040,,,,,,,74.02,74,5351.85263389,TASWIL5000020230907KABKOTA,Konawe,,0.435602118514,6.84601568998,4326,4,,,Konawe,Sulawesi Tenggara,,0,,,2020-09,0.43158026971307173,9,0.43158026971307173,VIIRS DNB,nW/cm2/sr,2020,"{""type"":""MultiPoint"",""coordinates"":[]}"
80_0000000000000000000e,BA03050040,,,,,,,74.03,74,1858.09481163,TASWIL5000020230907KABKOTA,Muna,,0.151502694674,5.32849464874,4326,4,,,Muna,Sulawesi Tenggara,,0,,,2020-09,0.24294431772051805,9,0.24294431772051805,VIIRS DNB,nW/cm2/sr,2020,"{""type"":""MultiPoint"",""coordinates"":[]}"
80_00000000000000000015,BA03050040,,,,,,,74.03,74,0.17024708351,TASWIL5000020230907KABKOTA,Muna,Wilayah terapung,1.38839187565E-5,0.039960941818,4326,4,,,Muna,Sulawesi Tenggara,,0,,,2020-09,0.17260115912367152,9,0.17260115912367152,VIIRS DNB,nW/cm2/sr,2020,"{""type"":""MultiPoint"",""coordinates"":[]}"
80_00000000000000000016,BA03050040,,,,,,,74.04,74,0.188157250699,TASWIL5000020230907KABKOTA,Buton,Wilayah terapung,1.53526521797E-5,0.0397338812277,4326,4,,,Buton,Sulawesi Tenggara,,0,,,2020-09,0.7043478145547537,9,0.7043478145547537,VIIRS DNB,nW/cm2/sr,2020,"{""type"":""MultiPoint"",""coordinates"":[]}"
80_00000000000000000000,BA03050040,,,,,,,74.06,74,3293.96639913,TASWIL5000020230907KABKOTA,Bombana,,0.268524880662,5.47167246052,4326,4,,,Bombana,Sulawesi Tenggara,,0,Buton,,2020-09,0.22156229863197466,9,0.22156229863197466,VIIRS DNB,nW/cm2/sr,2020,"{""type"":""MultiPoint"",""coordinates"":[]}"
80_00000000000000000002,BA03050040,,,,,,,74.15,74,517.631463505,TASWIL5000020230907KABKOTA,Buton Selatan,,0.042249508051,1.85498741345,4326,4,,,Buton Selatan,Sulawesi Tenggara,,0,Buton,,2020-09,0.2640718251467588,9,0.2640718251467588,VIIRS DNB,nW/cm2/sr,2020,"{""type"":""MultiPoint"",""coordinates"":[]}"
80_00000000000000000003,BA03050040,,,,,,,74.14,74,836.955797791,TASWIL5000020230907KABKOTA,Buton Tengah,,0.0682810706644,2.98412837401,4326,4,,,Buton Tengah,Sulawesi Tenggara,,0,Buton,,2020-09,0.25962673245871765,9,0.25962673245871765,VIIRS DNB,nW/cm2/sr,2020,"{""type"":""MultiPoint"",""coordinates"":[]}"
80_0000000000000000000c,BA03050040,,,,,,,74.72,74,294.137423231,TASWIL5000020230907KABKOTA,Kota Bau Bau,,0.0240007870008,0.955179337168,4326,5,,,Kota Bau Bau,Sulawesi Tenggara,,0,Buton,,2020-09,1.1944141966880528,9,1.1944141966880528,VIIRS DNB,nW/cm2/sr,2020,"{""type"":""MultiPoint"",""coordinates"":[]}"
80_00000000000000000010,BA03050040,,,,,,,74.07,74,450.455914283,TASWIL5000020230907KABKOTA,Wakatobi,,0.0367648905913,3.71804674371,4326,4,,,Wakatobi,Sulawesi Tenggara,,0,Buton,,2020-09,0.34094651810122756,9,0.34094651810122756,VIIRS DNB,nW/cm2/sr,2020,"{""type"":""MultiPoint"",""coordinates"":[]}"
80_00000000000000000011,BA03050040,,,,,,,74.07,74,0.253355482028,TASWIL5000020230907KABKOTA,Wakatobi,Wilayah terapung,2.06703594498E-5,0.0291924563304,4326,4,,,Wakatobi,Sulawesi Tenggara,,0,Buton,,2020-09,2.0613565606664315,9,2.0613565606664315,VIIRS DNB,nW/cm2/sr,2020,"{""type"":""MultiPoint"",""coordinates"":[]}"
80_00000000000000000012,BA03050040,,,,,,,74.07,74,4.12006083394,TASWIL5000020230907KABKOTA,Wakatobi,Wilayah terapung,3.36232999688E-4,0.124432278786,4326,4,,,Wakatobi,Sulawesi Tenggara,,0,Buton,,2020-09,0.21098224932978143,9,0.21098224932978143,VIIRS DNB,nW/cm2/sr,2020,"{""type"":""MultiPoint"",""coordinates"":[]}"
80_0000000000000000000a,BA03050040,,,,,,,74.05,74,4237.74051506,TASWIL5000020230907KABKOTA,Konawe Selatan,,0.345208073275,5.59324280043,4326,4,,,Konawe Selatan,Sulawesi Tenggara,,0,Kendari,,2020-09,0.2773456439948484,9,0.2773456439948484,VIIRS DNB,nW/cm2/sr,2020,"{""type"":""MultiPoint"",""coordinates"":[]}"
80_0000000000000000000d,BA03050040,,,,,,,74.71,74,265.790696582,TASWIL5000020230907KABKOTA,Kota Kendari,,0.0216443348271,1.21929531969,4326,5,,,Kota Kendari,Sulawesi Tenggara,,0,Kendari,,2020-09,3.0156963386771425,9,3.0156963386771425,VIIRS DNB,nW/cm2/sr,2020,"{""type"":""MultiPoint"",""coordinates"":[]}"
80_00000000000000000006,BA03050040,,,,,,,74.11,74,3992.53107078,TASWIL5000020230907KABKOTA,Kolaka Timur,,0.325055960897,4.62416724675,4326,4,,,Kolaka Timur,Sulawesi Tenggara,,0,Kolaka,,2020-09,0.21291615012132503,9,0.21291615012132503,VIIRS DNB,nW/cm2/sr,2020,"{""type"":""MultiPoint"",""coordinates"":[]}"
80_00000000000000000007,BA03050040,,,,,,,74.08,74,2932.25192061,TASWIL5000020230907KABKOTA,Kolaka Utara,,0.238597308701,3.90865020949,4326,4,,,Kolaka Utara,Sulawesi Tenggara,,0,Kolaka,,2020-09,0.2155543268201335,9,0.2155543268201335,VIIRS DNB,nW/cm2/sr,2020,"{""type"":""MultiPoint"",""coordinates"":[]}"
80_00000000000000000009,BA03050040,,,,,,,74.12,74,705.711010277,TASWIL5000020230907KABKOTA,Konawe Kepulauan,,0.0574768178025,1.17136047971,4326,4,,,Konawe Kepulauan,Sulawesi Tenggara,,0,Konawe,,2020-09,0.2019879140885057,9,0.2019879140885057,VIIRS DNB,nW/cm2/sr,2020,"{""type"":""MultiPoint"",""coordinates"":[]}"
80_0000000000000000000b,BA03050040,,,,,,,74.09,74,4219.81180817,TASWIL5000020230907KABKOTA,Konawe Utara,,0.343408045869,6.15591332033,4326,4,,,Konawe Utara,Sulawesi Tenggara,,0,Konawe,,2020-09,0.24865244099423123,9,0.24865244099423123,VIIRS DNB,nW/cm2/sr,2020,"{""type"":""MultiPoint"",""coordinates"":[]}"
80_00000000000000000004,BA03050040,,,,,,,74.10,74,1755.8292261,TASWIL5000020230907KABKOTA,Buton Utara,,0.143115018242,4.67921811895,4326,4,,,Buton Utara,Sulawesi Tenggara,,0,Muna,,2020-09,0.1934211542087705,9,0.1934211542087705,VIIRS DNB,nW/cm2/sr,2020,"{""type"":""MultiPoint"",""coordinates"":[]}"
80_0000000000000000000f,BA03050040,,,,,,,74.13,74,818.701593571,TASWIL5000020230907KABKOTA,Muna Barat,,0.0667415576998,2.65906981122,4326,4,,,Muna Barat,Sulawesi Tenggara,,0,Muna,,2020-09,0.24176360598811433,9,0.24176360598811433,VIIRS DNB,nW/cm2/sr,2020,"{""type"":""MultiPoint"",""coordinates"":[]}"
80_00000000000000000013,BA03050040,,,,,,,74.13,74,0.273099429049,TASWIL5000020230907KABKOTA,Muna Barat,Wilayah terapung,2.22679841875E-5,0.0295594995644,4326,4,,,Muna Barat,Sulawesi Tenggara,,0,Muna,,2020-09,0.24119133504934687,9,0.24119133504934687,VIIRS DNB,nW/cm2/sr,2020,"{""type"":""MultiPoint"",""coordinates"":[]}"
80_00000000000000000014,BA03050040,,,,,,,74.10,74,0.0480497061255,TASWIL5000020230907KABKOTA,Buton Utara,Wilayah terapung,3.9169026899E-6,0.0168384250334,4326,4,,,Buton Utara,Sulawesi Tenggara,,0,Muna,,2020-09,0.5842857105391367,9,0.5842857105391367,VIIRS DNB,nW/cm2/sr,2020,"{""type"":""MultiPoint"",""coordinates"":[]}"
81_00000000000000000001,BA03050040,,,,,,,74.04,74,1669.32863016,TASWIL5000020230907KABKOTA,Buton,,0.136188299866,3.04087674144,4326,4,,,Buton,Sulawesi Tenggara,,0,,,2020-10,0.2585757346739471,10,0.2585757346739471,VIIRS DNB,nW/cm2/sr,2020,"{""type"":""MultiPoint"",""coordinates"":[]}"
81_00000000000000000005,BA03050040,,,,,,,74.01,74,2958.9208572,TASWIL5000020230907KABKOTA,Kolaka,,0.240980839474,5.39527306777,4326,4,,,Kolaka,Sulawesi Tenggara,,0,,,2020-10,0.3395793930403473,10,0.3395793930403473,VIIRS DNB,nW/cm2/sr,2020,"{""type"":""MultiPoint"",""coordinates"":[]}"
81_00000000000000000008,BA03050040,,,,,,,74.02,74,5351.85263389,TASWIL5000020230907KABKOTA,Konawe,,0.435602118514,6.84601568998,4326,4,,,Konawe,Sulawesi Tenggara,,0,,,2020-10,0.4369938701013417,10,0.4369938701013417,VIIRS DNB,nW/cm2/sr,2020,"{""type"":""MultiPoint"",""coordinates"":[]}"
81_0000000000000000000e,BA03050040,,,,,,,74.03,74,1858.09481163,TASWIL5000020230907KABKOTA,Muna,,0.151502694674,5.32849464874,4326,4,,,Muna,Sulawesi Tenggara,,0,,,2020-10,0.2950324767423828,10,0.2950324767423828,VIIRS DNB,nW/cm2/sr,2020,"{""type"":""MultiPoint"",""coordinates"":[]}"
81_00000000000000000015,BA03050040,,,,,,,74.03,74,0.17024708351,TASWIL5000020230907KABKOTA,Muna,Wilayah terapung,1.38839187565E-5,0.039960941818,4326,4,,,Muna,Sulawesi Tenggara,,0,,,2020-10,0.3514450946984264,10,0.3514450946984264,VIIRS DNB,nW/cm2/sr,2020,"{""type"":""MultiPoint"",""coordinates"":[]}"
81_00000000000000000016,BA03050040,,,,,,,74.04,74,0.188157250699,TASWIL5000020230907KABKOTA,Buton,Wilayah terapung,1.53526521797E-5,0.0397338812277,4326,4,,,Buton,Sulawesi Tenggara,,0,,,2020-10,0.7456521693131198,10,0.7456521693131198,VIIRS DNB,nW/cm2/sr,2020,"{""type"":""MultiPoint"",""coordinates"":[]}"
81_00000000000000000000,BA03050040,,,,,,,74.06,74,3293.96639913,TASWIL5000020230907KABKOTA,Bombana,,0.268524880662,5.47167246052,4326,4,,,Bombana,Sulawesi Tenggara,,0,Buton,,2020-10,0.27705260479056465,10,0.27705260479056465,VIIRS DNB,nW/cm2/sr,2020,"{""type"":""MultiPoint"",""coordinates"":[]}"
81_00000000000000000002,BA03050040,,,,,,,74.15,74,517.631463505,TASWIL5000020230907KABKOTA,Buton Selatan,,0.042249508051,1.85498741345,4326,4,,,Buton Selatan,Sulawesi Tenggara,,0,Buton,,2020-10,0.34388472380718665,10,0.34388472380718665,VIIRS DNB,nW/cm2/sr,2020,"{""type"":""MultiPoint"",""coordinates"":[]}"
81_00000000000000000003,BA03050040,,,,,,,74.14,74,836.955797791,TASWIL5000020230907KABKOTA,Buton Tengah,,0.0682810706644,2.98412837401,4326,4,,,Buton Tengah,Sulawesi Tenggara,,0,Buton,,2020-10,0.33706998584621706,10,0.33706998584621706,VIIRS DNB,nW/cm2/sr,2020,"{""type"":""MultiPoint"",""coordinates"":[]}"
81_0000000000000000000c,BA03050040,,,,,,,74.72,74,294.137423231,TASWIL5000020230907KABKOTA,Kota Bau Bau,,0.0240007870008,0.955179337168,4326,5,,,Kota Bau Bau,Sulawesi Tenggara,,0,Buton,,2020-10,1.284124804128374,10,1.284124804128374,VIIRS DNB,nW/cm2/sr,2020,"{""type"":""MultiPoint"",""coordinates"":[]}"
81_00000000000000000010,BA03050040,,,,,,,74.07,74,450.455914283,TASWIL5000020230907KABKOTA,Wakatobi,,0.0367648905913,3.71804674371,4326,4,,,Wakatobi,Sulawesi Tenggara,,0,Buton,,2020-10,0.36908662529226705,10,0.36908662529226705,VIIRS DNB,nW/cm2/sr,2020,"{""type"":""MultiPoint"",""coordinates"":[]}"
81_00000000000000000011,BA03050040,,,,,,,74.07,74,0.253355482028,TASWIL5000020230907KABKOTA,Wakatobi,Wilayah terapung,2.06703594498E-5,0.0291924563304,4326,4,,,Wakatobi,Sulawesi Tenggara,,0,Buton,,2020-10,1.9634495881176737,10,1.9634495881176737,VIIRS DNB,nW/cm2/sr,2020,"{""type"":""MultiPoint"",""coordinates"":[]}"
81_00000000000000000012,BA03050040,,,,,,,74.07,74,4.12006083394,TASWIL5000020230907KABKOTA,Wakatobi,Wilayah terapung,3.36232999688E-4,0.124432278786,4326,4,,,Wakatobi,Sulawesi Tenggara,,0,Buton,,2020-10,0.27990295870152454,10,0.27990295870152454,VIIRS DNB,nW/cm2/sr,2020,"{""type"":""MultiPoint"",""coordinates"":[]}"
81_0000000000000000000a,BA03050040,,,,,,,74.05,74,4237.74051506,TASWIL5000020230907KABKOTA,Konawe Selatan,,0.345208073275,5.59324280043,4326,4,,,Konawe Selatan,Sulawesi Tenggara,,0,Kendari,,2020-10,0.3404308871065401,10,0.3404308871065401,VIIRS DNB,nW/cm2/sr,2020,"{""type"":""MultiPoint"",""coordinates"":[]}"
81_0000000000000000000d,BA03050040,,,,,,,74.71,74,265.790696582,TASWIL5000020230907KABKOTA,Kota Kendari,,0.0216443348271,1.21929531969,4326,5,,,Kota Kendari,Sulawesi Tenggara,,0,Kendari,,2020-10,3.2027105514979217,10,3.2027105514979217,VIIRS DNB,nW/cm2/sr,2020,"{""type"":""MultiPoint"",""coordinates"":[]}"
81_00000000000000000006,BA03050040,,,,,,,74.11,74,3992.53107078,TASWIL5000020230907KABKOTA,Kolaka Timur,,0.325055960897,4.62416724675,4326,4,,,Kolaka Timur,Sulawesi Tenggara,,0,Kolaka,,2020-10,0.22680889612091745,10,0.22680889612091745,VIIRS DNB,nW/cm2/sr,2020,"{""type"":""MultiPoint"",""coordinates"":[]}"
81_00000000000000000007,BA03050040,,,,,,,74.08,74,2932.25192061,TASWIL5000020230907KABKOTA,Kolaka Utara,,0.238597308701,3.90865020949,4326,4,,,Kolaka Utara,Sulawesi Tenggara,,0,Kolaka,,2020-10,0.22363963697270495,10,0.22363963697270495,VIIRS DNB,nW/cm2/sr,2020,"{""type"":""MultiPoint"",""coordinates"":[]}"
81_00000000000000000009,BA03050040,,,,,,,74.12,74,705.711010277,TASWIL5000020230907KABKOTA,Konawe Kepulauan,,0.0574768178025,1.17136047971,4326,4,,,Konawe Kepulauan,Sulawesi Tenggara,,0,Konawe,,2020-10,0.24326353840322168,10,0.24326353840322168,VIIRS DNB,nW/cm2/sr,2020,"{""type"":""MultiPoint"",""coordinates"":[]}"
81_0000000000000000000b,BA03050040,,,,,,,74.09,74,4219.81180817,TASWIL5000020230907KABKOTA,Konawe Utara,,0.343408045869,6.15591332033,4326,4,,,Konawe Utara,Sulawesi Tenggara,,0,Konawe,,2020-10,0.2778464145395621,10,0.2778464145395621,VIIRS DNB,nW/cm2/sr,2020,"{""type"":""MultiPoint"",""coordinates"":[]}"
81_00000000000000000004,BA03050040,,,,,,,74.10,74,1755.8292261,TASWIL5000020230907KABKOTA,Buton Utara,,0.143115018242,4.67921811895,4326,4,,,Buton Utara,Sulawesi Tenggara,,0,Muna,,2020-10,0.22668685806603495,10,0.22668685806603495,VIIRS DNB,nW/cm2/sr,2020,"{""type"":""MultiPoint"",""coordinates"":[]}"
81_0000000000000000000f,BA03050040,,,,,,,74.13,74,818.701593571,TASWIL5000020230907KABKOTA,Muna Barat,,0.0667415576998,2.65906981122,4326,4,,,Muna Barat,Sulawesi Tenggara,,0,Muna,,2020-10,0.2856429792772781,10,0.2856429792772781,VIIRS DNB,nW/cm2/sr,2020,"{""type"":""MultiPoint"",""coordinates"":[]}"
81_00000000000000000013,BA03050040,,,,,,,74.13,74,0.273099429049,TASWIL5000020230907KABKOTA,Muna Barat,Wilayah terapung,2.22679841875E-5,0.0295594995644,4326,4,,,Muna Barat,Sulawesi Tenggara,,0,Muna,,2020-10,0.31938628405870506,10,0.31938628405870506,VIIRS DNB,nW/cm2/sr,2020,"{""type"":""MultiPoint"",""coordinates"":[]}"
81_00000000000000000014,BA03050040,,,,,,,74.10,74,0.0480497061255,TASWIL5000020230907KABKOTA,Buton Utara,Wilayah terapung,3.9169026899E-6,0.0168384250334,4326,4,,,Buton Utara,Sulawesi Tenggara,,0,Muna,,2020-10,0.6285714379378727,10,0.6285714379378727,VIIRS DNB,nW/cm2/sr,2020,"{""type"":""MultiPoint"",""coordinates"":[]}"
82_00000000000000000001,BA03050040,,,,,,,74.04,74,1669.32863016,TASWIL5000020230907KABKOTA,Buton,,0.136188299866,3.04087674144,4326,4,,,Buton,Sulawesi Tenggara,,0,,,2020-11,0.31227962561585915,11,0.31227962561585915,VIIRS DNB,nW/cm2/sr,2020,"{""type"":""MultiPoint"",""coordinates"":[]}"
82_00000000000000000005,BA03050040,,,,,,,74.01,74,2958.9208572,TASWIL5000020230907KABKOTA,Kolaka,,0.240980839474,5.39527306777,4326,4,,,Kolaka,Sulawesi Tenggara,,0,,,2020-11,0.42462239311721856,11,0.42462239311721856,VIIRS DNB,nW/cm2/sr,2020,"{""type"":""MultiPoint"",""coordinates"":[]}"
82_00000000000000000008,BA03050040,,,,,,,74.02,74,5351.85263389,TASWIL5000020230907KABKOTA,Konawe,,0.435602118514,6.84601568998,4326,4,,,Konawe,Sulawesi Tenggara,,0,,,2020-11,0.6543358115886126,11,0.6543358115886126,VIIRS DNB,nW/cm2/sr,2020,"{""type"":""MultiPoint"",""coordinates"":[]}"
82_0000000000000000000e,BA03050040,,,,,,,74.03,74,1858.09481163,TASWIL5000020230907KABKOTA,Muna,,0.151502694674,5.32849464874,4326,4,,,Muna,Sulawesi Tenggara,,0,,,2020-11,0.3281938747894886,11,0.3281938747894886,VIIRS DNB,nW/cm2/sr,2020,"{""type"":""MultiPoint"",""coordinates"":[]}"
82_00000000000000000015,BA03050040,,,,,,,74.03,74,0.17024708351,TASWIL5000020230907KABKOTA,Muna,Wilayah terapung,1.38839187565E-5,0.039960941818,4326,4,,,Muna,Sulawesi Tenggara,,0,,,2020-11,0.33427746163282773,11,0.33427746163282773,VIIRS DNB,nW/cm2/sr,2020,"{""type"":""MultiPoint"",""coordinates"":[]}"
82_00000000000000000016,BA03050040,,,,,,,74.04,74,0.188157250699,TASWIL5000020230907KABKOTA,Buton,Wilayah terapung,1.53526521797E-5,0.0397338812277,4326,4,,,Buton,Sulawesi Tenggara,,0,,,2020-11,0.9914673919910972,11,0.9914673919910972,VIIRS DNB,nW/cm2/sr,2020,"{""type"":""MultiPoint"",""coordinates"":[]}"
82_00000000000000000000,BA03050040,,,,,,,74.06,74,3293.96639913,TASWIL5000020230907KABKOTA,Bombana,,0.268524880662,5.47167246052,4326,4,,,Bombana,Sulawesi Tenggara,,0,Buton,,2020-11,0.3160379163666536,11,0.3160379163666536,VIIRS DNB,nW/cm2/sr,2020,"{""type"":""MultiPoint"",""coordinates"":[]}"
82_00000000000000000002,BA03050040,,,,,,,74.15,74,517.631463505,TASWIL5000020230907KABKOTA,Buton Selatan,,0.042249508051,1.85498741345,4326,4,,,Buton Selatan,Sulawesi Tenggara,,0,Buton,,2020-11,0.38014625421331966,11,0.38014625421331966,VIIRS DNB,nW/cm2/sr,2020,"{""type"":""MultiPoint"",""coordinates"":[]}"
82_00000000000000000003,BA03050040,,,,,,,74.14,74,836.955797791,TASWIL5000020230907KABKOTA,Buton Tengah,,0.0682810706644,2.98412837401,4326,4,,,Buton Tengah,Sulawesi Tenggara,,0,Buton,,2020-11,0.3684484153203137,11,0.3684484153203137,VIIRS DNB,nW/cm2/sr,2020,"{""type"":""MultiPoint"",""coordinates"":[]}"
82_0000000000000000000c,BA03050040,,,,,,,74.72,74,294.137423231,TASWIL5000020230907KABKOTA,Kota Bau Bau,,0.0240007870008,0.955179337168,4326,5,,,Kota Bau Bau,Sulawesi Tenggara,,0,Buton,,2020-11,1.3123737236651378,11,1.3123737236651378,VIIRS DNB,nW/cm2/sr,2020,"{""type"":""MultiPoint"",""coordinates"":[]}"
82_00000000000000000010,BA03050040,,,,,,,74.07,74,450.455914283,TASWIL5000020230907KABKOTA,Wakatobi,,0.0367648905913,3.71804674371,4326,4,,,Wakatobi,Sulawesi Tenggara,,0,Buton,,2020-11,0.4145074774678076,11,0.4145074774678076,VIIRS DNB,nW/cm2/sr,2020,"{""type"":""MultiPoint"",""coordinates"":[]}"
82_00000000000000000011,BA03050040,,,,,,,74.07,74,0.253355482028,TASWIL5000020230907KABKOTA,Wakatobi,Wilayah terapung,2.06703594498E-5,0.0291924563304,4326,4,,,Wakatobi,Sulawesi Tenggara,,0,Buton,,2020-11,1.7902325255464215,11,1.7902325255464215,VIIRS DNB,nW/cm2/sr,2020,"{""type"":""MultiPoint"",""coordinates"":[]}"
82_00000000000000000012,BA03050040,,,,,,,74.07,74,4.12006083394,TASWIL5000020230907KABKOTA,Wakatobi,Wilayah terapung,3.36232999688E-4,0.124432278786,4326,4,,,Wakatobi,Sulawesi Tenggara,,0,Buton,,2020-11,0.34338934866281656,11,0.34338934866281656,VIIRS DNB,nW/cm2/sr,2020,"{""type"":""MultiPoint"",""coordinates"":[]}"
82_0000000000000000000a,BA03050040,,,,,,,74.05,74,4237.74051506,TASWIL5000020230907KABKOTA,Konawe Selatan,,0.345208073275,5.59324280043,4326,4,,,Konawe Selatan,Sulawesi Tenggara,,0,Kendari,,2020-11,0.38954577207485175,11,0.38954577207485175,VIIRS DNB,nW/cm2/sr,2020,"{""type"":""MultiPoint"",""coordinates"":[]}"
82_0000000000000000000d,BA03050040,,,,,,,74.71,74,265.790696582,TASWIL5000020230907KABKOTA,Kota Kendari,,0.0216443348271,1.21929531969,4326,5,,,Kota Kendari,Sulawesi Tenggara,,0,Kendari,,2020-11,3.655827061212473,11,3.655827061212473,VIIRS DNB,nW/cm2/sr,2020,"{""type"":""MultiPoint"",""coordinates"":[]}"
82_00000000000000000006,BA03050040,,,,,,,74.11,74,3992.53107078,TASWIL5000020230907KABKOTA,Kolaka Timur,,0.325055960897,4.62416724675,4326,4,,,Kolaka Timur,Sulawesi Tenggara,,0,Kolaka,,2020-11,0.2983848775042226,11,0.2983848775042226,VIIRS DNB,nW/cm2/sr,2020,"{""type"":""MultiPoint"",""coordinates"":[]}"
82_00000000000000000007,BA03050040,,,,,,,74.08,74,2932.25192061,TASWIL5000020230907KABKOTA,Kolaka Utara,,0.238597308701,3.90865020949,4326,4,,,Kolaka Utara,Sulawesi Tenggara,,0,Kolaka,,2020-11,0.2694953640795847,11,0.2694953640795847,VIIRS DNB,nW/cm2/sr,2020,"{""type"":""MultiPoint"",""coordinates"":[]}"
82_00000000000000000009,BA03050040,,,,,,,74.12,74,705.711010277,TASWIL5000020230907KABKOTA,Konawe Kepulauan,,0.0574768178025,1.17136047971,4326,4,,,Konawe Kepulauan,Sulawesi Tenggara,,0,Konawe,,2020-11,0.30288187955622453,11,0.30288187955622453,VIIRS DNB,nW/cm2/sr,2020,"{""type"":""MultiPoint"",""coordinates"":[]}"
82_0000000000000000000b,BA03050040,,,,,,,74.09,74,4219.81180817,TASWIL5000020230907KABKOTA,Konawe Utara,,0.343408045869,6.15591332033,4326,4,,,Konawe Utara,Sulawesi Tenggara,,0,Konawe,,2020-11,0.33160802215068297,11,0.33160802215068297,VIIRS DNB,nW/cm2/sr,2020,"{""type"":""MultiPoint"",""coordinates"":[]}"
82_00000000000000000004,BA03050040,,,,,,,74.10,74,1755.8292261,TASWIL5000020230907KABKOTA,Buton Utara,,0.143115018242,4.67921811895,4326,4,,,Buton Utara,Sulawesi Tenggara,,0,Muna,,2020-11,0.2628260351611653,11,0.2628260351611653,VIIRS DNB,nW/cm2/sr,2020,"{""type"":""MultiPoint"",""coordinates"":[]}"
82_0000000000000000000f,BA03050040,,,,,,,74.13,74,818.701593571,TASWIL5000020230907KABKOTA,Muna Barat,,0.0667415576998,2.65906981122,4326,4,,,Muna Barat,Sulawesi Tenggara,,0,Muna,,2020-11,0.3405789329447684,11,0.3405789329447684,VIIRS DNB,nW/cm2/sr,2020,"{""type"":""MultiPoint"",""coordinates"":[]}"
82_00000000000000000013,BA03050040,,,,,,,74.13,74,0.273099429049,TASWIL5000020230907KABKOTA,Muna Barat,Wilayah terapung,2.22679841875E-5,0.0295594995644,4326,4,,,Muna Barat,Sulawesi Tenggara,,0,Muna,,2020-11,0.34285197780881116,11,0.34285197780881116,VIIRS DNB,nW/cm2/sr,2020,"{""type"":""MultiPoint"",""coordinates"":[]}"
82_00000000000000000014,BA03050040,,,,,,,74.10,74,0.0480497061255,TASWIL5000020230907KABKOTA,Buton Utara,Wilayah terapung,3.9169026899E-6,0.0168384250334,4326,4,,,Buton Utara,Sulawesi Tenggara,,0,Muna,,2020-11,0.7814285755157472,11,0.7814285755157472,VIIRS DNB,nW/cm2/sr,2020,"{""type"":""MultiPoint"",""coordinates"":[]}"
83_00000000000000000001,BA03050040,,,,,,,74.04,74,1669.32863016,TASWIL5000020230907KABKOTA,Buton,,0.136188299866,3.04087674144,4326,4,,,Buton,Sulawesi Tenggara,,0,,,2020-12,0.08346285379452464,12,0.08346285379452464,VIIRS DNB,nW/cm2/sr,2020,"{""type"":""MultiPoint"",""coordinates"":[]}"
83_00000000000000000005,BA03050040,,,,,,,74.01,74,2958.9208572,TASWIL5000020230907KABKOTA,Kolaka,,0.240980839474,5.39527306777,4326,4,,,Kolaka,Sulawesi Tenggara,,0,,,2020-12,0.08216808138782732,12,0.08216808138782732,VIIRS DNB,nW/cm2/sr,2020,"{""type"":""MultiPoint"",""coordinates"":[]}"
83_00000000000000000008,BA03050040,,,,,,,74.02,74,5351.85263389,TASWIL5000020230907KABKOTA,Konawe,,0.435602118514,6.84601568998,4326,4,,,Konawe,Sulawesi Tenggara,,0,,,2020-12,0.19985009461912728,12,0.19985009461912728,VIIRS DNB,nW/cm2/sr,2020,"{""type"":""MultiPoint"",""coordinates"":[]}"
83_0000000000000000000e,BA03050040,,,,,,,74.03,74,1858.09481163,TASWIL5000020230907KABKOTA,Muna,,0.151502694674,5.32849464874,4326,4,,,Muna,Sulawesi Tenggara,,0,,,2020-12,0.0691366377257038,12,0.0691366377257038,VIIRS DNB,nW/cm2/sr,2020,"{""type"":""MultiPoint"",""coordinates"":[]}"
83_00000000000000000015,BA03050040,,,,,,,74.03,74,0.17024708351,TASWIL5000020230907KABKOTA,Muna,Wilayah terapung,1.38839187565E-5,0.039960941818,4326,4,,,Muna,Sulawesi Tenggara,,0,,,2020-12,0.0,12,0.0,VIIRS DNB,nW/cm2/sr,2020,"{""type"":""MultiPoint"",""coordinates"":[]}"
83_00000000000000000016,BA03050040,,,,,,,74.04,74,0.188157250699,TASWIL5000020230907KABKOTA,Buton,Wilayah terapung,1.53526521797E-5,0.0397338812277,4326,4,,,Buton,Sulawesi Tenggara,,0,,,2020-12,0.5484782580448235,12,0.5484782580448235,VIIRS DNB,nW/cm2/sr,2020,"{""type"":""MultiPoint"",""coordinates"":[]}"
83_00000000000000000000,BA03050040,,,,,,,74.06,74,3293.96639913,TASWIL5000020230907KABKOTA,Bombana,,0.268524880662,5.47167246052,4326,4,,,Bombana,Sulawesi Tenggara,,0,Buton,,2020-12,0.002945217846352496,12,0.002945217846352496,VIIRS DNB,nW/cm2/sr,2020,"{""type"":""MultiPoint"",""coordinates"":[]}"
83_00000000000000000002,BA03050040,,,,,,,74.15,74,517.631463505,TASWIL5000020230907KABKOTA,Buton Selatan,,0.042249508051,1.85498741345,4326,4,,,Buton Selatan,Sulawesi Tenggara,,0,Buton,,2020-12,0.13079698836946496,12,0.13079698836946496,VIIRS DNB,nW/cm2/sr,2020,"{""type"":""MultiPoint"",""coordinates"":[]}"
83_00000000000000000003,BA03050040,,,,,,,74.14,74,836.955797791,TASWIL5000020230907KABKOTA,Buton Tengah,,0.0682810706644,2.98412837401,4326,4,,,Buton Tengah,Sulawesi Tenggara,,0,Buton,,2020-12,0.09609960291860545,12,0.09609960291860545,VIIRS DNB,nW/cm2/sr,2020,"{""type"":""MultiPoint"",""coordinates"":[]}"
83_0000000000000000000c,BA03050040,,,,,,,74.72,74,294.137423231,TASWIL5000020230907KABKOTA,Kota Bau Bau,,0.0240007870008,0.955179337168,4326,5,,,Kota Bau Bau,Sulawesi Tenggara,,0,Buton,,2020-12,0.08491920218921718,12,0.08491920218921718,VIIRS DNB,nW/cm2/sr,2020,"{""type"":""MultiPoint"",""coordinates"":[]}"
83_00000000000000000010,BA03050040,,,,,,,74.07,74,450.455914283,TASWIL5000020230907KABKOTA,Wakatobi,,0.0367648905913,3.71804674371,4326,4,,,Wakatobi,Sulawesi Tenggara,,0,Buton,,2020-12,0.11628960434150279,12,0.11628960434150279,VIIRS DNB,nW/cm2/sr,2020,"{""type"":""MultiPoint"",""coordinates"":[]}"
83_00000000000000000011,BA03050040,,,,,,,74.07,74,0.253355482028,TASWIL5000020230907KABKOTA,Wakatobi,Wilayah terapung,2.06703594498E-5,0.0291924563304,4326,4,,,Wakatobi,Sulawesi Tenggara,,0,Buton,,2020-12,0.0,12,0.0,VIIRS DNB,nW/cm2/sr,2020,"{""type"":""MultiPoint"",""coordinates"":[]}"
83_00000000000000000012,BA03050040,,,,,,,74.07,74,4.12006083394,TASWIL5000020230907KABKOTA,Wakatobi,Wilayah terapung,3.36232999688E-4,0.124432278786,4326,4,,,Wakatobi,Sulawesi Tenggara,,0,Buton,,2020-12,0.10115976399571232,12,0.10115976399571232,VIIRS DNB,nW/cm2/sr,2020,"{""type"":""MultiPoint"",""coordinates"":[]}"
83_0000000000000000000a,BA03050040,,,,,,,74.05,74,4237.74051506,TASWIL5000020230907KABKOTA,Konawe Selatan,,0.345208073275,5.59324280043,4326,4,,,Konawe Selatan,Sulawesi Tenggara,,0,Kendari,,2020-12,0.17542410127879654,12,0.17542410127879654,VIIRS DNB,nW/cm2/sr,2020,"{""type"":""MultiPoint"",""coordinates"":[]}"
83_0000000000000000000d,BA03050040,,,,,,,74.71,74,265.790696582,TASWIL5000020230907KABKOTA,Kota Kendari,,0.0216443348271,1.21929531969,4326,5,,,Kota Kendari,Sulawesi Tenggara,,0,Kendari,,2020-12,3.664134363222672,12,3.664134363222672,VIIRS DNB,nW/cm2/sr,2020,"{""type"":""MultiPoint"",""coordinates"":[]}"
83_00000000000000000006,BA03050040,,,,,,,74.11,74,3992.53107078,TASWIL5000020230907KABKOTA,Kolaka Timur,,0.325055960897,4.62416724675,4326,4,,,Kolaka Timur,Sulawesi Tenggara,,0,Kolaka,,2020-12,0.08244759351596417,12,0.08244759351596417,VIIRS DNB,nW/cm2/sr,2020,"{""type"":""MultiPoint"",""coordinates"":[]}"
83_00000000000000000007,BA03050040,,,,,,,74.08,74,2932.25192061,TASWIL5000020230907KABKOTA,Kolaka Utara,,0.238597308701,3.90865020949,4326,4,,,Kolaka Utara,Sulawesi Tenggara,,0,Kolaka,,2020-12,0.11869755828689468,12,0.11869755828689468,VIIRS DNB,nW/cm2/sr,2020,"{""type"":""MultiPoint"",""coordinates"":[]}"
83_00000000000000000009,BA03050040,,,,,,,74.12,74,705.711010277,TASWIL5000020230907KABKOTA,Konawe Kepulauan,,0.0574768178025,1.17136047971,4326,4,,,Konawe Kepulauan,Sulawesi Tenggara,,0,Konawe,,2020-12,0.1497792446821206,12,0.1497792446821206,VIIRS DNB,nW/cm2/sr,2020,"{""type"":""MultiPoint"",""coordinates"":[]}"
83_0000000000000000000b,BA03050040,,,,,,,74.09,74,4219.81180817,TASWIL5000020230907KABKOTA,Konawe Utara,,0.343408045869,6.15591332033,4326,4,,,Konawe Utara,Sulawesi Tenggara,,0,Konawe,,2020-12,0.1309215116866448,12,0.1309215116866448,VIIRS DNB,nW/cm2/sr,2020,"{""type"":""MultiPoint"",""coordinates"":[]}"
83_00000000000000000004,BA03050040,,,,,,,74.10,74,1755.8292261,TASWIL5000020230907KABKOTA,Buton Utara,,0.143115018242,4.67921811895,4326,4,,,Buton Utara,Sulawesi Tenggara,,0,Muna,,2020-12,0.11212083012800986,12,0.11212083012800986,VIIRS DNB,nW/cm2/sr,2020,"{""type"":""MultiPoint"",""coordinates"":[]}"
83_0000000000000000000f,BA03050040,,,,,,,74.13,74,818.701593571,TASWIL5000020230907KABKOTA,Muna Barat,,0.0667415576998,2.65906981122,4326,4,,,Muna Barat,Sulawesi Tenggara,,0,Muna,,2020-12,0.009602377635015874,12,0.009602377635015874,VIIRS DNB,nW/cm2/sr,2020,"{""type"":""MultiPoint"",""coordinates"":[]}"
83_00000000000000000013,BA03050040,,,,,,,74.13,74,0.273099429049,TASWIL5000020230907KABKOTA,Muna Barat,Wilayah terapung,2.22679841875E-5,0.0295594995644,4326,4,,,Muna Barat,Sulawesi Tenggara,,0,Muna,,2020-12,0.0,12,0.0,VIIRS DNB,nW/cm2/sr,2020,"{""type"":""MultiPoint"",""coordinates"":[]}"
83_00000000000000000014,BA03050040,,,,,,,74.10,74,0.0480497061255,TASWIL5000020230907KABKOTA,Buton Utara,Wilayah terapung,3.9169026899E-6,0.0168384250334,4326,4,,,Buton Utara,Sulawesi Tenggara,,0,Muna,,2020-12,0.0,12,0.0,VIIRS DNB,nW/cm2/sr,2020,"{""type"":""MultiPoint"",""coordinates"":[]}"
84_00000000000000000001,BA03050040,,,,,,,74.04,74,1669.32863016,TASWIL5000020230907KABKOTA,Buton,,0.136188299866,3.04087674144,4326,4,,,Buton,Sulawesi Tenggara,,0,,,2021-01,0.22304022268845644,1,0.22304022268845644,VIIRS DNB,nW/cm2/sr,2021,"{""type"":""MultiPoint"",""coordinates"":[]}"
84_00000000000000000005,BA03050040,,,,,,,74.01,74,2958.9208572,TASWIL5000020230907KABKOTA,Kolaka,,0.240980839474,5.39527306777,4326,4,,,Kolaka,Sulawesi Tenggara,,0,,,2021-01,0.36537082749549554,1,0.36537082749549554,VIIRS DNB,nW/cm2/sr,2021,"{""type"":""MultiPoint"",""coordinates"":[]}"
84_00000000000000000008,BA03050040,,,,,,,74.02,74,5351.85263389,TASWIL5000020230907KABKOTA,Konawe,,0.435602118514,6.84601568998,4326,4,,,Konawe,Sulawesi Tenggara,,0,,,2021-01,0.39278245847644505,1,0.39278245847644505,VIIRS DNB,nW/cm2/sr,2021,"{""type"":""MultiPoint"",""coordinates"":[]}"
84_0000000000000000000e,BA03050040,,,,,,,74.03,74,1858.09481163,TASWIL5000020230907KABKOTA,Muna,,0.151502694674,5.32849464874,4326,4,,,Muna,Sulawesi Tenggara,,0,,,2021-01,0.268379556312225,1,0.268379556312225,VIIRS DNB,nW/cm2/sr,2021,"{""type"":""MultiPoint"",""coordinates"":[]}"
84_00000000000000000015,BA03050040,,,,,,,74.03,74,0.17024708351,TASWIL5000020230907KABKOTA,Muna,Wilayah terapung,1.38839187565E-5,0.039960941818,4326,4,,,Muna,Sulawesi Tenggara,,0,,,2021-01,0.2836416269830197,1,0.2836416269830197,VIIRS DNB,nW/cm2/sr,2021,"{""type"":""MultiPoint"",""coordinates"":[]}"
84_00000000000000000016,BA03050040,,,,,,,74.04,74,0.188157250699,TASWIL5000020230907KABKOTA,Buton,Wilayah terapung,1.53526521797E-5,0.0397338812277,4326,4,,,Buton,Sulawesi Tenggara,,0,,,2021-01,0.7708695628072908,1,0.7708695628072908,VIIRS DNB,nW/cm2/sr,2021,"{""type"":""MultiPoint"",""coordinates"":[]}"
84_00000000000000000000,BA03050040,,,,,,,74.06,74,3293.96639913,TASWIL5000020230907KABKOTA,Bombana,,0.268524880662,5.47167246052,4326,4,,,Bombana,Sulawesi Tenggara,,0,Buton,,2021-01,0.2473888220158335,1,0.2473888220158335,VIIRS DNB,nW/cm2/sr,2021,"{""type"":""MultiPoint"",""coordinates"":[]}"
84_00000000000000000002,BA03050040,,,,,,,74.15,74,517.631463505,TASWIL5000020230907KABKOTA,Buton Selatan,,0.042249508051,1.85498741345,4326,4,,,Buton Selatan,Sulawesi Tenggara,,0,Buton,,2021-01,0.26617196849953356,1,0.26617196849953356,VIIRS DNB,nW/cm2/sr,2021,"{""type"":""MultiPoint"",""coordinates"":[]}"
84_00000000000000000003,BA03050040,,,,,,,74.14,74,836.955797791,TASWIL5000020230907KABKOTA,Buton Tengah,,0.0682810706644,2.98412837401,4326,4,,,Buton Tengah,Sulawesi Tenggara,,0,Buton,,2021-01,0.26158639891759294,1,0.26158639891759294,VIIRS DNB,nW/cm2/sr,2021,"{""type"":""MultiPoint"",""coordinates"":[]}"
84_0000000000000000000c,BA03050040,,,,,,,74.72,74,294.137423231,TASWIL5000020230907KABKOTA,Kota Bau Bau,,0.0240007870008,0.955179337168,4326,5,,,Kota Bau Bau,Sulawesi Tenggara,,0,Buton,,2021-01,1.004406816147311,1,1.004406816147311,VIIRS DNB,nW/cm2/sr,2021,"{""type"":""MultiPoint"",""coordinates"":[]}"
84_00000000000000000010,BA03050040,,,,,,,74.07,74,450.455914283,TASWIL5000020230907KABKOTA,Wakatobi,,0.0367648905913,3.71804674371,4326,4,,,Wakatobi,Sulawesi Tenggara,,0,Buton,,2021-01,0.3456817574114018,1,0.3456817574114018,VIIRS DNB,nW/cm2/sr,2021,"{""type"":""MultiPoint"",""coordinates"":[]}"
84_00000000000000000011,BA03050040,,,,,,,74.07,74,0.253355482028,TASWIL5000020230907KABKOTA,Wakatobi,Wilayah terapung,2.06703594498E-5,0.0291924563304,4326,4,,,Wakatobi,Sulawesi Tenggara,,0,Buton,,2021-01,2.0660465664641805,1,2.0660465664641805,VIIRS DNB,nW/cm2/sr,2021,"{""type"":""MultiPoint"",""coordinates"":[]}"
84_00000000000000000012,BA03050040,,,,,,,74.07,74,4.12006083394,TASWIL5000020230907KABKOTA,Wakatobi,Wilayah terapung,3.36232999688E-4,0.124432278786,4326,4,,,Wakatobi,Sulawesi Tenggara,,0,Buton,,2021-01,0.23422721824702425,1,0.23422721824702425,VIIRS DNB,nW/cm2/sr,2021,"{""type"":""MultiPoint"",""coordinates"":[]}"
84_0000000000000000000a,BA03050040,,,,,,,74.05,74,4237.74051506,TASWIL5000020230907KABKOTA,Konawe Selatan,,0.345208073275,5.59324280043,4326,4,,,Konawe Selatan,Sulawesi Tenggara,,0,Kendari,,2021-01,0.33507524453431925,1,0.33507524453431925,VIIRS DNB,nW/cm2/sr,2021,"{""type"":""MultiPoint"",""coordinates"":[]}"
84_0000000000000000000d,BA03050040,,,,,,,74.71,74,265.790696582,TASWIL5000020230907KABKOTA,Kota Kendari,,0.0216443348271,1.21929531969,4326,5,,,Kota Kendari,Sulawesi Tenggara,,0,Kendari,,2021-01,2.0490890617159283,1,2.0490890617159283,VIIRS DNB,nW/cm2/sr,2021,"{""type"":""MultiPoint"",""coordinates"":[]}"
84_00000000000000000006,BA03050040,,,,,,,74.11,74,3992.53107078,TASWIL5000020230907KABKOTA,Kolaka Timur,,0.325055960897,4.62416724675,4326,4,,,Kolaka Timur,Sulawesi Tenggara,,0,Kolaka,,2021-01,0.29097915954835907,1,0.29097915954835907,VIIRS DNB,nW/cm2/sr,2021,"{""type"":""MultiPoint"",""coordinates"":[]}"
84_00000000000000000007,BA03050040,,,,,,,74.08,74,2932.25192061,TASWIL5000020230907KABKOTA,Kolaka Utara,,0.238597308701,3.90865020949,4326,4,,,Kolaka Utara,Sulawesi Tenggara,,0,Kolaka,,2021-01,0.3291500282871388,1,0.3291500282871388,VIIRS DNB,nW/cm2/sr,2021,"{""type"":""MultiPoint"",""coordinates"":[]}"
84_00000000000000000009,BA03050040,,,,,,,74.12,74,705.711010277,TASWIL5000020230907KABKOTA,Konawe Kepulauan,,0.0574768178025,1.17136047971,4326,4,,,Konawe Kepulauan,Sulawesi Tenggara,,0,Konawe,,2021-01,0.3392901472774604,1,0.3392901472774604,VIIRS DNB,nW/cm2/sr,2021,"{""type"":""MultiPoint"",""coordinates"":[]}"
84_0000000000000000000b,BA03050040,,,,,,,74.09,74,4219.81180817,TASWIL5000020230907KABKOTA,Konawe Utara,,0.343408045869,6.15591332033,4326,4,,,Konawe Utara,Sulawesi Tenggara,,0,Konawe,,2021-01,0.3121071865954552,1,0.3121071865954552,VIIRS DNB,nW/cm2/sr,2021,"{""type"":""MultiPoint"",""coordinates"":[]}"
84_00000000000000000004,BA03050040,,,,,,,74.10,74,1755.8292261,TASWIL5000020230907KABKOTA,Buton Utara,,0.143115018242,4.67921811895,4326,4,,,Buton Utara,Sulawesi Tenggara,,0,Muna,,2021-01,0.2250627363240466,1,0.2250627363240466,VIIRS DNB,nW/cm2/sr,2021,"{""type"":""MultiPoint"",""coordinates"":[]}"
84_0000000000000000000f,BA03050040,,,,,,,74.13,74,818.701593571,TASWIL5000020230907KABKOTA,Muna Barat,,0.0667415576998,2.65906981122,4326,4,,,Muna Barat,Sulawesi Tenggara,,0,Muna,,2021-01,0.26799131582485836,1,0.26799131582485836,VIIRS DNB,nW/cm2/sr,2021,"{""type"":""MultiPoint"",""coordinates"":[]}"
84_00000000000000000013,BA03050040,,,,,,,74.13,74,0.273099429049,TASWIL5000020230907KABKOTA,Muna Barat,Wilayah terapung,2.22679841875E-5,0.0295594995644,4326,4,,,Muna Barat,Sulawesi Tenggara,,0,Muna,,2021-01,0.17335739973865258,1,0.17335739973865258,VIIRS DNB,nW/cm2/sr,2021,"{""type"":""MultiPoint"",""coordinates"":[]}"
84_00000000000000000014,BA03050040,,,,,,,74.10,74,0.0480497061255,TASWIL5000020230907KABKOTA,Buton Utara,Wilayah terapung,3.9169026899E-6,0.0168384250334,4326,4,,,Buton Utara,Sulawesi Tenggara,,0,Muna,,2021-01,0.03857143010411944,1,0.03857143010411944,VIIRS DNB,nW/cm2/sr,2021,"{""type"":""MultiPoint"",""coordinates"":[]}"
85_00000000000000000001,BA03050040,,,,,,,74.04,74,1669.32863016,TASWIL5000020230907KABKOTA,Buton,,0.136188299866,3.04087674144,4326,4,,,Buton,Sulawesi Tenggara,,0,,,2021-02,0.18385376700633677,2,0.18385376700633677,VIIRS DNB,nW/cm2/sr,2021,"{""type"":""MultiPoint"",""coordinates"":[]}"
85_00000000000000000005,BA03050040,,,,,,,74.01,74,2958.9208572,TASWIL5000020230907KABKOTA,Kolaka,,0.240980839474,5.39527306777,4326,4,,,Kolaka,Sulawesi Tenggara,,0,,,2021-02,0.08619092616597152,2,0.08619092616597152,VIIRS DNB,nW/cm2/sr,2021,"{""type"":""MultiPoint"",""coordinates"":[]}"
85_00000000000000000008,BA03050040,,,,,,,74.02,74,5351.85263389,TASWIL5000020230907KABKOTA,Konawe,,0.435602118514,6.84601568998,4326,4,,,Konawe,Sulawesi Tenggara,,0,,,2021-02,0.20256828401712343,2,0.20256828401712343,VIIRS DNB,nW/cm2/sr,2021,"{""type"":""MultiPoint"",""coordinates"":[]}"
85_0000000000000000000e,BA03050040,,,,,,,74.03,74,1858.09481163,TASWIL5000020230907KABKOTA,Muna,,0.151502694674,5.32849464874,4326,4,,,Muna,Sulawesi Tenggara,,0,,,2021-02,0.1335184756087471,2,0.1335184756087471,VIIRS DNB,nW/cm2/sr,2021,"{""type"":""MultiPoint"",""coordinates"":[]}"
85_00000000000000000015,BA03050040,,,,,,,74.03,74,0.17024708351,TASWIL5000020230907KABKOTA,Muna,Wilayah terapung,1.38839187565E-5,0.039960941818,4326,4,,,Muna,Sulawesi Tenggara,,0,,,2021-02,0.20416185057404412,2,0.20416185057404412,VIIRS DNB,nW/cm2/sr,2021,"{""type"":""MultiPoint"",""coordinates"":[]}"
85_00000000000000000016,BA03050040,,,,,,,74.04,74,0.188157250699,TASWIL5000020230907KABKOTA,Buton,Wilayah terapung,1.53526521797E-5,0.0397338812277,4326,4,,,Buton,Sulawesi Tenggara,,0,,,2021-02,0.4983695674201718,2,0.4983695674201718,VIIRS DNB,nW/cm2/sr,2021,"{""type"":""MultiPoint"",""coordinates"":[]}"
85_00000000000000000000,BA03050040,,,,,,,74.06,74,3293.96639913,TASWIL5000020230907KABKOTA,Bombana,,0.268524880662,5.47167246052,4326,4,,,Bombana,Sulawesi Tenggara,,0,Buton,,2021-02,0.16465207956824782,2,0.16465207956824782,VIIRS DNB,nW/cm2/sr,2021,"{""type"":""MultiPoint"",""coordinates"":[]}"
85_00000000000000000002,BA03050040,,,,,,,74.15,74,517.631463505,TASWIL5000020230907KABKOTA,Buton Selatan,,0.042249508051,1.85498741345,4326,4,,,Buton Selatan,Sulawesi Tenggara,,0,Buton,,2021-02,0.13354458880428677,2,0.13354458880428677,VIIRS DNB,nW/cm2/sr,2021,"{""type"":""MultiPoint"",""coordinates"":[]}"
85_00000000000000000003,BA03050040,,,,,,,74.14,74,836.955797791,TASWIL5000020230907KABKOTA,Buton Tengah,,0.0682810706644,2.98412837401,4326,4,,,Buton Tengah,Sulawesi Tenggara,,0,Buton,,2021-02,0.16047764085954117,2,0.16047764085954117,VIIRS DNB,nW/cm2/sr,2021,"{""type"":""MultiPoint"",""coordinates"":[]}"
85_0000000000000000000c,BA03050040,,,,,,,74.72,74,294.137423231,TASWIL5000020230907KABKOTA,Kota Bau Bau,,0.0240007870008,0.955179337168,4326,5,,,Kota Bau Bau,Sulawesi Tenggara,,0,Buton,,2021-02,0.771537683868747,2,0.771537683868747,VIIRS DNB,nW/cm2/sr,2021,"{""type"":""MultiPoint"",""coordinates"":[]}"
85_00000000000000000010,BA03050040,,,,,,,74.07,74,450.455914283,TASWIL5000020230907KABKOTA,Wakatobi,,0.0367648905913,3.71804674371,4326,4,,,Wakatobi,Sulawesi Tenggara,,0,Buton,,2021-02,0.28763909900364376,2,0.28763909900364376,VIIRS DNB,nW/cm2/sr,2021,"{""type"":""MultiPoint"",""coordinates"":[]}"
85_00000000000000000011,BA03050040,,,,,,,74.07,74,0.253355482028,TASWIL5000020230907KABKOTA,Wakatobi,Wilayah terapung,2.06703594498E-5,0.0291924563304,4326,4,,,Wakatobi,Sulawesi Tenggara,,0,Buton,,2021-02,2.2625969833181814,2,2.2625969833181814,VIIRS DNB,nW/cm2/sr,2021,"{""type"":""MultiPoint"",""coordinates"":[]}"
85_00000000000000000012,BA03050040,,,,,,,74.07,74,4.12006083394,TASWIL5000020230907KABKOTA,Wakatobi,Wilayah terapung,3.36232999688E-4,0.124432278786,4326,4,,,Wakatobi,Sulawesi Tenggara,,0,Buton,,2021-02,0.06335858082982916,2,0.06335858082982916,VIIRS DNB,nW/cm2/sr,2021,"{""type"":""MultiPoint"",""coordinates"":[]}"
85_0000000000000000000a,BA03050040,,,,,,,74.05,74,4237.74051506,TASWIL5000020230907KABKOTA,Konawe Selatan,,0.345208073275,5.59324280043,4326,4,,,Konawe Selatan,Sulawesi Tenggara,,0,Kendari,,2021-02,0.2288569848520975,2,0.2288569848520975,VIIRS DNB,nW/cm2/sr,2021,"{""type"":""MultiPoint"",""coordinates"":[]}"
85_0000000000000000000d,BA03050040,,,,,,,74.71,74,265.790696582,TASWIL5000020230907KABKOTA,Kota Kendari,,0.0216443348271,1.21929531969,4326,5,,,Kota Kendari,Sulawesi Tenggara,,0,Kendari,,2021-02,1.9728058882790516,2,1.9728058882790516,VIIRS DNB,nW/cm2/sr,2021,"{""type"":""MultiPoint"",""coordinates"":[]}"
85_00000000000000000006,BA03050040,,,,,,,74.11,74,3992.53107078,TASWIL5000020230907KABKOTA,Kolaka Timur,,0.325055960897,4.62416724675,4326,4,,,Kolaka Timur,Sulawesi Tenggara,,0,Kolaka,,2021-02,0.1296270095825488,2,0.1296270095825488,VIIRS DNB,nW/cm2/sr,2021,"{""type"":""MultiPoint"",""coordinates"":[]}"
85_00000000000000000007,BA03050040,,,,,,,74.08,74,2932.25192061,TASWIL5000020230907KABKOTA,Kolaka Utara,,0.238597308701,3.90865020949,4326,4,,,Kolaka Utara,Sulawesi Tenggara,,0,Kolaka,,2021-02,0.14177186053442786,2,0.14177186053442786,VIIRS DNB,nW/cm2/sr,2021,"{""type"":""MultiPoint"",""coordinates"":[]}"
85_00000000000000000009,BA03050040,,,,,,,74.12,74,705.711010277,TASWIL5000020230907KABKOTA,Konawe Kepulauan,,0.0574768178025,1.17136047971,4326,4,,,Konawe Kepulauan,Sulawesi Tenggara,,0,Konawe,,2021-02,0.1712356357858257,2,0.1712356357858257,VIIRS DNB,nW/cm2/sr,2021,"{""type"":""MultiPoint"",""coordinates"":[]}"
85_0000000000000000000b,BA03050040,,,,,,,74.09,74,4219.81180817,TASWIL5000020230907KABKOTA,Konawe Utara,,0.343408045869,6.15591332033,4326,4,,,Konawe Utara,Sulawesi Tenggara,,0,Konawe,,2021-02,0.2059615856528279,2,0.2059615856528279,VIIRS DNB,nW/cm2/sr,2021,"{""type"":""MultiPoint"",""coordinates"":[]}"
85_00000000000000000004,BA03050040,,,,,,,74.10,74,1755.8292261,TASWIL5000020230907KABKOTA,Buton Utara,,0.143115018242,4.67921811895,4326,4,,,Buton Utara,Sulawesi Tenggara,,0,Muna,,2021-02,0.10936789641664875,2,0.10936789641664875,VIIRS DNB,nW/cm2/sr,2021,"{""type"":""MultiPoint"",""coordinates"":[]}"
85_0000000000000000000f,BA03050040,,,,,,,74.13,74,818.701593571,TASWIL5000020230907KABKOTA,Muna Barat,,0.0667415576998,2.65906981122,4326,4,,,Muna Barat,Sulawesi Tenggara,,0,Muna,,2021-02,0.1876905673498976,2,0.1876905673498976,VIIRS DNB,nW/cm2/sr,2021,"{""type"":""MultiPoint"",""coordinates"":[]}"
85_00000000000000000013,BA03050040,,,,,,,74.13,74,0.273099429049,TASWIL5000020230907KABKOTA,Muna Barat,Wilayah terapung,2.22679841875E-5,0.0295594995644,4326,4,,,Muna Barat,Sulawesi Tenggara,,0,Muna,,2021-02,0.22494585677604811,2,0.22494585677604811,VIIRS DNB,nW/cm2/sr,2021,"{""type"":""MultiPoint"",""coordinates"":[]}"
85_00000000000000000014,BA03050040,,,,,,,74.10,74,0.0480497061255,TASWIL5000020230907KABKOTA,Buton Utara,Wilayah terapung,3.9169026899E-6,0.0168384250334,4326,4,,,Buton Utara,Sulawesi Tenggara,,0,Muna,,2021-02,0.0,2,0.0,VIIRS DNB,nW/cm2/sr,2021,"{""type"":""MultiPoint"",""coordinates"":[]}"
86_00000000000000000001,BA03050040,,,,,,,74.04,74,1669.32863016,TASWIL5000020230907KABKOTA,Buton,,0.136188299866,3.04087674144,4326,4,,,Buton,Sulawesi Tenggara,,0,,,2021-03,0.4002653578979613,3,0.4002653578979613,VIIRS DNB,nW/cm2/sr,2021,"{""type"":""MultiPoint"",""coordinates"":[]}"
86_00000000000000000005,BA03050040,,,,,,,74.01,74,2958.9208572,TASWIL5000020230907KABKOTA,Kolaka,,0.240980839474,5.39527306777,4326,4,,,Kolaka,Sulawesi Tenggara,,0,,,2021-03,0.5389333077840023,3,0.5389333077840023,VIIRS DNB,nW/cm2/sr,2021,"{""type"":""MultiPoint"",""coordinates"":[]}"
86_00000000000000000008,BA03050040,,,,,,,74.02,74,5351.85263389,TASWIL5000020230907KABKOTA,Konawe,,0.435602118514,6.84601568998,4326,4,,,Konawe,Sulawesi Tenggara,,0,,,2021-03,0.6653670922901289,3,0.6653670922901289,VIIRS DNB,nW/cm2/sr,2021,"{""type"":""MultiPoint"",""coordinates"":[]}"
86_0000000000000000000e,BA03050040,,,,,,,74.03,74,1858.09481163,TASWIL5000020230907KABKOTA,Muna,,0.151502694674,5.32849464874,4326,4,,,Muna,Sulawesi Tenggara,,0,,,2021-03,0.44510663223128244,3,0.44510663223128244,VIIRS DNB,nW/cm2/sr,2021,"{""type"":""MultiPoint"",""coordinates"":[]}"
86_00000000000000000015,BA03050040,,,,,,,74.03,74,0.17024708351,TASWIL5000020230907KABKOTA,Muna,Wilayah terapung,1.38839187565E-5,0.039960941818,4326,4,,,Muna,Sulawesi Tenggara,,0,,,2021-03,0.4304624329068068,3,0.4304624329068068,VIIRS DNB,nW/cm2/sr,2021,"{""type"":""MultiPoint"",""coordinates"":[]}"
86_00000000000000000016,BA03050040,,,,,,,74.04,74,0.188157250699,TASWIL5000020230907KABKOTA,Buton,Wilayah terapung,1.53526521797E-5,0.0397338812277,4326,4,,,Buton,Sulawesi Tenggara,,0,,,2021-03,0.9436413201948871,3,0.9436413201948871,VIIRS DNB,nW/cm2/sr,2021,"{""type"":""MultiPoint"",""coordinates"":[]}"
86_00000000000000000000,BA03050040,,,,,,,74.06,74,3293.96639913,TASWIL5000020230907KABKOTA,Bombana,,0.268524880662,5.47167246052,4326,4,,,Bombana,Sulawesi Tenggara,,0,Buton,,2021-03,0.4111138521605659,3,0.4111138521605659,VIIRS DNB,nW/cm2/sr,2021,"{""type"":""MultiPoint"",""coordinates"":[]}"
86_00000000000000000002,BA03050040,,,,,,,74.15,74,517.631463505,TASWIL5000020230907KABKOTA,Buton Selatan,,0.042249508051,1.85498741345,4326,4,,,Buton Selatan,Sulawesi Tenggara,,0,Buton,,2021-03,0.5111975782727716,3,0.5111975782727716,VIIRS DNB,nW/cm2/sr,2021,"{""type"":""MultiPoint"",""coordinates"":[]}"
86_00000000000000000003,BA03050040,,,,,,,74.14,74,836.955797791,TASWIL5000020230907KABKOTA,Buton Tengah,,0.0682810706644,2.98412837401,4326,4,,,Buton Tengah,Sulawesi Tenggara,,0,Buton,,2021-03,0.5034182809538547,3,0.5034182809538547,VIIRS DNB,nW/cm2/sr,2021,"{""type"":""MultiPoint"",""coordinates"":[]}"
86_0000000000000000000c,BA03050040,,,,,,,74.72,74,294.137423231,TASWIL5000020230907KABKOTA,Kota Bau Bau,,0.0240007870008,0.955179337168,4326,5,,,Kota Bau Bau,Sulawesi Tenggara,,0,Buton,,2021-03,1.3770160941601894,3,1.3770160941601894,VIIRS DNB,nW/cm2/sr,2021,"{""type"":""MultiPoint"",""coordinates"":[]}"
86_00000000000000000010,BA03050040,,,,,,,74.07,74,450.455914283,TASWIL5000020230907KABKOTA,Wakatobi,,0.0367648905913,3.71804674371,4326,4,,,Wakatobi,Sulawesi Tenggara,,0,Buton,,2021-03,0.5471846293301488,3,0.5471846293301488,VIIRS DNB,nW/cm2/sr,2021,"{""type"":""MultiPoint"",""coordinates"":[]}"
86_00000000000000000011,BA03050040,,,,,,,74.07,74,0.253355482028,TASWIL5000020230907KABKOTA,Wakatobi,Wilayah terapung,2.06703594498E-5,0.0291924563304,4326,4,,,Wakatobi,Sulawesi Tenggara,,0,Buton,,2021-03,1.7461240240769793,3,1.7461240240769793,VIIRS DNB,nW/cm2/sr,2021,"{""type"":""MultiPoint"",""coordinates"":[]}"
86_00000000000000000012,BA03050040,,,,,,,74.07,74,4.12006083394,TASWIL5000020230907KABKOTA,Wakatobi,Wilayah terapung,3.36232999688E-4,0.124432278786,4326,4,,,Wakatobi,Sulawesi Tenggara,,0,Buton,,2021-03,0.4538153830576226,3,0.4538153830576226,VIIRS DNB,nW/cm2/sr,2021,"{""type"":""MultiPoint"",""coordinates"":[]}"
86_0000000000000000000a,BA03050040,,,,,,,74.05,74,4237.74051506,TASWIL5000020230907KABKOTA,Konawe Selatan,,0.345208073275,5.59324280043,4326,4,,,Konawe Selatan,Sulawesi Tenggara,,0,Kendari,,2021-03,0.5189669934032967,3,0.5189669934032967,VIIRS DNB,nW/cm2/sr,2021,"{""type"":""MultiPoint"",""coordinates"":[]}"
86_0000000000000000000d,BA03050040,,,,,,,74.71,74,265.790696582,TASWIL5000020230907KABKOTA,Kota Kendari,,0.0216443348271,1.21929531969,4326,5,,,Kota Kendari,Sulawesi Tenggara,,0,Kendari,,2021-03,3.7079546895593807,3,3.7079546895593807,VIIRS DNB,nW/cm2/sr,2021,"{""type"":""MultiPoint"",""coordinates"":[]}"
86_00000000000000000006,BA03050040,,,,,,,74.11,74,3992.53107078,TASWIL5000020230907KABKOTA,Kolaka Timur,,0.325055960897,4.62416724675,4326,4,,,Kolaka Timur,Sulawesi Tenggara,,0,Kolaka,,2021-03,0.4170392888521522,3,0.4170392888521522,VIIRS DNB,nW/cm2/sr,2021,"{""type"":""MultiPoint"",""coordinates"":[]}"
86_00000000000000000007,BA03050040,,,,,,,74.08,74,2932.25192061,TASWIL5000020230907KABKOTA,Kolaka Utara,,0.238597308701,3.90865020949,4326,4,,,Kolaka Utara,Sulawesi Tenggara,,0,Kolaka,,2021-03,0.43509256028848886,3,0.43509256028848886,VIIRS DNB,nW/cm2/sr,2021,"{""type"":""MultiPoint"",""coordinates"":[]}"
86_00000000000000000009,BA03050040,,,,,,,74.12,74,705.711010277,TASWIL5000020230907KABKOTA,Konawe Kepulauan,,0.0574768178025,1.17136047971,4326,4,,,Konawe Kepulauan,Sulawesi Tenggara,,0,Konawe,,2021-03,0.43145713330776,3,0.43145713330776,VIIRS DNB,nW/cm2/sr,2021,"{""type"":""MultiPoint"",""coordinates"":[]}"
86_0000000000000000000b,BA03050040,,,,,,,74.09,74,4219.81180817,TASWIL5000020230907KABKOTA,Konawe Utara,,0.343408045869,6.15591332033,4326,4,,,Konawe Utara,Sulawesi Tenggara,,0,Konawe,,2021-03,0.4643637722483669,3,0.4643637722483669,VIIRS DNB,nW/cm2/sr,2021,"{""type"":""MultiPoint"",""coordinates"":[]}"
86_00000000000000000004,BA03050040,,,,,,,74.10,74,1755.8292261,TASWIL5000020230907KABKOTA,Buton Utara,,0.143115018242,4.67921811895,4326,4,,,Buton Utara,Sulawesi Tenggara,,0,Muna,,2021-03,0.3850137384567737,3,0.3850137384567737,VIIRS DNB,nW/cm2/sr,2021,"{""type"":""MultiPoint"",""coordinates"":[]}"
86_0000000000000000000f,BA03050040,,,,,,,74.13,74,818.701593571,TASWIL5000020230907KABKOTA,Muna Barat,,0.0667415576998,2.65906981122,4326,4,,,Muna Barat,Sulawesi Tenggara,,0,Muna,,2021-03,0.4260195542129206,3,0.4260195542129206,VIIRS DNB,nW/cm2/sr,2021,"{""type"":""MultiPoint"",""coordinates"":[]}"
86_00000000000000000013,BA03050040,,,,,,,74.13,74,0.273099429049,TASWIL5000020230907KABKOTA,Muna Barat,Wilayah terapung,2.22679841875E-5,0.0295594995644,4326,4,,,Muna Barat,Sulawesi Tenggara,,0,Muna,,2021-03,0.3733212993033096,3,0.3733212993033096,VIIRS DNB,nW/cm2/sr,2021,"{""type"":""MultiPoint"",""coordinates"":[]}"
86_00000000000000000014,BA03050040,,,,,,,74.10,74,0.0480497061255,TASWIL5000020230907KABKOTA,Buton Utara,Wilayah terapung,3.9169026899E-6,0.0168384250334,4326,4,,,Buton Utara,Sulawesi Tenggara,,0,Muna,,2021-03,0.6771428457328251,3,0.6771428457328251,VIIRS DNB,nW/cm2/sr,2021,"{""type"":""MultiPoint"",""coordinates"":[]}"
87_00000000000000000001,BA03050040,,,,,,,74.04,74,1669.32863016,TASWIL5000020230907KABKOTA,Buton,,0.136188299866,3.04087674144,4326,4,,,Buton,Sulawesi Tenggara,,0,,,2021-04,0.415315158656319,4,0.415315158656319,VIIRS DNB,nW/cm2/sr,2021,"{""type"":""MultiPoint"",""coordinates"":[]}"
87_00000000000000000005,BA03050040,,,,,,,74.01,74,2958.9208572,TASWIL5000020230907KABKOTA,Kolaka,,0.240980839474,5.39527306777,4326,4,,,Kolaka,Sulawesi Tenggara,,0,,,2021-04,0.5075993796953467,4,0.5075993796953467,VIIRS DNB,nW/cm2/sr,2021,"{""type"":""MultiPoint"",""coordinates"":[]}"
87_00000000000000000008,BA03050040,,,,,,,74.02,74,5351.85263389,TASWIL5000020230907KABKOTA,Konawe,,0.435602118514,6.84601568998,4326,4,,,Konawe,Sulawesi Tenggara,,0,,,2021-04,0.6785307827965907,4,0.6785307827965907,VIIRS DNB,nW/cm2/sr,2021,"{""type"":""MultiPoint"",""coordinates"":[]}"
87_0000000000000000000e,BA03050040,,,,,,,74.03,74,1858.09481163,TASWIL5000020230907KABKOTA,Muna,,0.151502694674,5.32849464874,4326,4,,,Muna,Sulawesi Tenggara,,0,,,2021-04,0.4492142249403532,4,0.4492142249403532,VIIRS DNB,nW/cm2/sr,2021,"{""type"":""MultiPoint"",""coordinates"":[]}"
87_00000000000000000015,BA03050040,,,,,,,74.03,74,0.17024708351,TASWIL5000020230907KABKOTA,Muna,Wilayah terapung,1.38839187565E-5,0.039960941818,4326,4,,,Muna,Sulawesi Tenggara,,0,,,2021-04,0.4279190820421097,4,0.4279190820421097,VIIRS DNB,nW/cm2/sr,2021,"{""type"":""MultiPoint"",""coordinates"":[]}"
87_00000000000000000016,BA03050040,,,,,,,74.04,74,0.188157250699,TASWIL5000020230907KABKOTA,Buton,Wilayah terapung,1.53526521797E-5,0.0397338812277,4326,4,,,Buton,Sulawesi Tenggara,,0,,,2021-04,0.9015760842872703,4,0.9015760842872703,VIIRS DNB,nW/cm2/sr,2021,"{""type"":""MultiPoint"",""coordinates"":[]}"
87_00000000000000000000,BA03050040,,,,,,,74.06,74,3293.96639913,TASWIL5000020230907KABKOTA,Bombana,,0.268524880662,5.47167246052,4326,4,,,Bombana,Sulawesi Tenggara,,0,Buton,,2021-04,0.4266076319979958,4,0.4266076319979958,VIIRS DNB,nW/cm2/sr,2021,"{""type"":""MultiPoint"",""coordinates"":[]}"
87_00000000000000000002,BA03050040,,,,,,,74.15,74,517.631463505,TASWIL5000020230907KABKOTA,Buton Selatan,,0.042249508051,1.85498741345,4326,4,,,Buton Selatan,Sulawesi Tenggara,,0,Buton,,2021-04,0.4744290957557524,4,0.4744290957557524,VIIRS DNB,nW/cm2/sr,2021,"{""type"":""MultiPoint"",""coordinates"":[]}"
87_00000000000000000003,BA03050040,,,,,,,74.14,74,836.955797791,TASWIL5000020230907KABKOTA,Buton Tengah,,0.0682810706644,2.98412837401,4326,4,,,Buton Tengah,Sulawesi Tenggara,,0,Buton,,2021-04,0.495465621291891,4,0.495465621291891,VIIRS DNB,nW/cm2/sr,2021,"{""type"":""MultiPoint"",""coordinates"":[]}"
87_0000000000000000000c,BA03050040,,,,,,,74.72,74,294.137423231,TASWIL5000020230907KABKOTA,Kota Bau Bau,,0.0240007870008,0.955179337168,4326,5,,,Kota Bau Bau,Sulawesi Tenggara,,0,Buton,,2021-04,1.282045187725407,4,1.282045187725407,VIIRS DNB,nW/cm2/sr,2021,"{""type"":""MultiPoint"",""coordinates"":[]}"
87_00000000000000000010,BA03050040,,,,,,,74.07,74,450.455914283,TASWIL5000020230907KABKOTA,Wakatobi,,0.0367648905913,3.71804674371,4326,4,,,Wakatobi,Sulawesi Tenggara,,0,Buton,,2021-04,0.5713929743270217,4,0.5713929743270217,VIIRS DNB,nW/cm2/sr,2021,"{""type"":""MultiPoint"",""coordinates"":[]}"
87_00000000000000000011,BA03050040,,,,,,,74.07,74,0.253355482028,TASWIL5000020230907KABKOTA,Wakatobi,Wilayah terapung,2.06703594498E-5,0.0291924563304,4326,4,,,Wakatobi,Sulawesi Tenggara,,0,Buton,,2021-04,2.0249224801858268,4,2.0249224801858268,VIIRS DNB,nW/cm2/sr,2021,"{""type"":""MultiPoint"",""coordinates"":[]}"
87_00000000000000000012,BA03050040,,,,,,,74.07,74,4.12006083394,TASWIL5000020230907KABKOTA,Wakatobi,Wilayah terapung,3.36232999688E-4,0.124432278786,4326,4,,,Wakatobi,Sulawesi Tenggara,,0,Buton,,2021-04,0.4901514793147703,4,0.4901514793147703,VIIRS DNB,nW/cm2/sr,2021,"{""type"":""MultiPoint"",""coordinates"":[]}"
87_0000000000000000000a,BA03050040,,,,,,,74.05,74,4237.74051506,TASWIL5000020230907KABKOTA,Konawe Selatan,,0.345208073275,5.59324280043,4326,4,,,Konawe Selatan,Sulawesi Tenggara,,0,Kendari,,2021-04,0.4735231772671868,4,0.4735231772671868,VIIRS DNB,nW/cm2/sr,2021,"{""type"":""MultiPoint"",""coordinates"":[]}"
87_0000000000000000000d,BA03050040,,,,,,,74.71,74,265.790696582,TASWIL5000020230907KABKOTA,Kota Kendari,,0.0216443348271,1.21929531969,4326,5,,,Kota Kendari,Sulawesi Tenggara,,0,Kendari,,2021-04,3.347841589384501,4,3.347841589384501,VIIRS DNB,nW/cm2/sr,2021,"{""type"":""MultiPoint"",""coordinates"":[]}"
87_00000000000000000006,BA03050040,,,,,,,74.11,74,3992.53107078,TASWIL5000020230907KABKOTA,Kolaka Timur,,0.325055960897,4.62416724675,4326,4,,,Kolaka Timur,Sulawesi Tenggara,,0,Kolaka,,2021-04,0.3654465459911331,4,0.3654465459911331,VIIRS DNB,nW/cm2/sr,2021,"{""type"":""MultiPoint"",""coordinates"":[]}"
87_00000000000000000007,BA03050040,,,,,,,74.08,74,2932.25192061,TASWIL5000020230907KABKOTA,Kolaka Utara,,0.238597308701,3.90865020949,4326,4,,,Kolaka Utara,Sulawesi Tenggara,,0,Kolaka,,2021-04,0.3432611174501414,4,0.3432611174501414,VIIRS DNB,nW/cm2/sr,2021,"{""type"":""MultiPoint"",""coordinates"":[]}"
87_00000000000000000009,BA03050040,,,,,,,74.12,74,705.711010277,TASWIL5000020230907KABKOTA,Konawe Kepulauan,,0.0574768178025,1.17136047971,4326,4,,,Konawe Kepulauan,Sulawesi Tenggara,,0,Konawe,,2021-04,0.38736873311085596,4,0.38736873311085596,VIIRS DNB,nW/cm2/sr,2021,"{""type"":""MultiPoint"",""coordinates"":[]}"
87_0000000000000000000b,BA03050040,,,,,,,74.09,74,4219.81180817,TASWIL5000020230907KABKOTA,Konawe Utara,,0.343408045869,6.15591332033,4326,4,,,Konawe Utara,Sulawesi Tenggara,,0,Konawe,,2021-04,0.43753055005745134,4,0.43753055005745134,VIIRS DNB,nW/cm2/sr,2021,"{""type"":""MultiPoint"",""coordinates"":[]}"
87_00000000000000000004,BA03050040,,,,,,,74.10,74,1755.8292261,TASWIL5000020230907KABKOTA,Buton Utara,,0.143115018242,4.67921811895,4326,4,,,Buton Utara,Sulawesi Tenggara,,0,Muna,,2021-04,0.3848020569673332,4,0.3848020569673332,VIIRS DNB,nW/cm2/sr,2021,"{""type"":""MultiPoint"",""coordinates"":[]}"
87_0000000000000000000f,BA03050040,,,,,,,74.13,74,818.701593571,TASWIL5000020230907KABKOTA,Muna Barat,,0.0667415576998,2.65906981122,4326,4,,,Muna Barat,Sulawesi Tenggara,,0,Muna,,2021-04,0.4282494954822192,4,0.4282494954822192,VIIRS DNB,nW/cm2/sr,2021,"{""type"":""MultiPoint"",""coordinates"":[]}"
87_00000000000000000013,BA03050040,,,,,,,74.13,74,0.273099429049,TASWIL5000020230907KABKOTA,Muna Barat,Wilayah terapung,2.22679841875E-5,0.0295594995644,4326,4,,,Muna Barat,Sulawesi Tenggara,,0,Muna,,2021-04,0.4059566753220471,4,0.4059566753220471,VIIRS DNB,nW/cm2/sr,2021,"{""type"":""MultiPoint"",""coordinates"":[]}"
87_00000000000000000014,BA03050040,,,,,,,74.10,74,0.0480497061255,TASWIL5000020230907KABKOTA,Buton Utara,Wilayah terapung,3.9169026899E-6,0.0168384250334,4326,4,,,Buton Utara,Sulawesi Tenggara,,0,Muna,,2021-04,0.5899999822889056,4,0.5899999822889056,VIIRS DNB,nW/cm2/sr,2021,"{""type"":""MultiPoint"",""coordinates"":[]}"
88_00000000000000000001,BA03050040,,,,,,,74.04,74,1669.32863016,TASWIL5000020230907KABKOTA,Buton,,0.136188299866,3.04087674144,4326,4,,,Buton,Sulawesi Tenggara,,0,,,2021-05,0.350419261885855,5,0.350419261885855,VIIRS DNB,nW/cm2/sr,2021,"{""type"":""MultiPoint"",""coordinates"":[]}"
88_00000000000000000005,BA03050040,,,,,,,74.01,74,2958.9208572,TASWIL5000020230907KABKOTA,Kolaka,,0.240980839474,5.39527306777,4326,4,,,Kolaka,Sulawesi Tenggara,,0,,,2021-05,0.5192839593351914,5,0.5192839593351914,VIIRS DNB,nW/cm2/sr,2021,"{""type"":""MultiPoint"",""coordinates"":[]}"
88_00000000000000000008,BA03050040,,,,,,,74.02,74,5351.85263389,TASWIL5000020230907KABKOTA,Konawe,,0.435602118514,6.84601568998,4326,4,,,Konawe,Sulawesi Tenggara,,0,,,2021-05,0.44151752425923274,5,0.44151752425923274,VIIRS DNB,nW/cm2/sr,2021,"{""type"":""MultiPoint"",""coordinates"":[]}"
88_0000000000000000000e,BA03050040,,,,,,,74.03,74,1858.09481163,TASWIL5000020230907KABKOTA,Muna,,0.151502694674,5.32849464874,4326,4,,,Muna,Sulawesi Tenggara,,0,,,2021-05,0.38848102112361976,5,0.38848102112361976,VIIRS DNB,nW/cm2/sr,2021,"{""type"":""MultiPoint"",""coordinates"":[]}"
88_00000000000000000015,BA03050040,,,,,,,74.03,74,0.17024708351,TASWIL5000020230907KABKOTA,Muna,Wilayah terapung,1.38839187565E-5,0.039960941818,4326,4,,,Muna,Sulawesi Tenggara,,0,,,2021-05,0.47127168871074737,5,0.47127168871074737,VIIRS DNB,nW/cm2/sr,2021,"{""type"":""MultiPoint"",""coordinates"":[]}"
88_00000000000000000016,BA03050040,,,,,,,74.04,74,0.188157250699,TASWIL5000020230907KABKOTA,Buton,Wilayah terapung,1.53526521797E-5,0.0397338812277,4326,4,,,Buton,Sulawesi Tenggara,,0,,,2021-05,0.6888043621312019,5,0.6888043621312019,VIIRS DNB,nW/cm2/sr,2021,"{""type"":""MultiPoint"",""coordinates"":[]}"
88_00000000000000000000,BA03050040,,,,,,,74.06,74,3293.96639913,TASWIL5000020230907KABKOTA,Bombana,,0.268524880662,5.47167246052,4326,4,,,Bombana,Sulawesi Tenggara,,0,Buton,,2021-05,0.36475128750389196,5,0.36475128750389196,VIIRS DNB,nW/cm2/sr,2021,"{""type"":""MultiPoint"",""coordinates"":[]}"
88_00000000000000000002,BA03050040,,,,,,,74.15,74,517.631463505,TASWIL5000020230907KABKOTA,Buton Selatan,,0.042249508051,1.85498741345,4326,4,,,Buton Selatan,Sulawesi Tenggara,,0,Buton,,2021-05,0.37690746961787264,5,0.37690746961787264,VIIRS DNB,nW/cm2/sr,2021,"{""type"":""MultiPoint"",""coordinates"":[]}"
88_00000000000000000003,BA03050040,,,,,,,74.14,74,836.955797791,TASWIL5000020230907KABKOTA,Buton Tengah,,0.0682810706644,2.98412837401,4326,4,,,Buton Tengah,Sulawesi Tenggara,,0,Buton,,2021-05,0.39585736434332386,5,0.39585736434332386,VIIRS DNB,nW/cm2/sr,2021,"{""type"":""MultiPoint"",""coordinates"":[]}"
88_0000000000000000000c,BA03050040,,,,,,,74.72,74,294.137423231,TASWIL5000020230907KABKOTA,Kota Bau Bau,,0.0240007870008,0.955179337168,4326,5,,,Kota Bau Bau,Sulawesi Tenggara,,0,Buton,,2021-05,1.129586562807919,5,1.129586562807919,VIIRS DNB,nW/cm2/sr,2021,"{""type"":""MultiPoint"",""coordinates"":[]}"
88_00000000000000000010,BA03050040,,,,,,,74.07,74,450.455914283,TASWIL5000020230907KABKOTA,Wakatobi,,0.0367648905913,3.71804674371,4326,4,,,Wakatobi,Sulawesi Tenggara,,0,Buton,,2021-05,0.5254109016033373,5,0.5254109016033373,VIIRS DNB,nW/cm2/sr,2021,"{""type"":""MultiPoint"",""coordinates"":[]}"
88_00000000000000000011,BA03050040,,,,,,,74.07,74,0.253355482028,TASWIL5000020230907KABKOTA,Wakatobi,Wilayah terapung,2.06703594498E-5,0.0291924563304,4326,4,,,Wakatobi,Sulawesi Tenggara,,0,Buton,,2021-05,2.1863566357498025,5,2.1863566357498025,VIIRS DNB,nW/cm2/sr,2021,"{""type"":""MultiPoint"",""coordinates"":[]}"
88_00000000000000000012,BA03050040,,,,,,,74.07,74,4.12006083394,TASWIL5000020230907KABKOTA,Wakatobi,Wilayah terapung,3.36232999688E-4,0.124432278786,4326,4,,,Wakatobi,Sulawesi Tenggara,,0,Buton,,2021-05,0.3909727754994963,5,0.3909727754994963,VIIRS DNB,nW/cm2/sr,2021,"{""type"":""MultiPoint"",""coordinates"":[]}"
88_0000000000000000000a,BA03050040,,,,,,,74.05,74,4237.74051506,TASWIL5000020230907KABKOTA,Konawe Selatan,,0.345208073275,5.59324280043,4326,4,,,Konawe Selatan,Sulawesi Tenggara,,0,Kendari,,2021-05,0.49358101754248523,5,0.49358101754248523,VIIRS DNB,nW/cm2/sr,2021,"{""type"":""MultiPoint"",""coordinates"":[]}"
88_0000000000000000000d,BA03050040,,,,,,,74.71,74,265.790696582,TASWIL5000020230907KABKOTA,Kota Kendari,,0.0216443348271,1.21929531969,4326,5,,,Kota Kendari,Sulawesi Tenggara,,0,Kendari,,2021-05,4.334684744507722,5,4.334684744507722,VIIRS DNB,nW/cm2/sr,2021,"{""type"":""MultiPoint"",""coordinates"":[]}"
88_00000000000000000006,BA03050040,,,,,,,74.11,74,3992.53107078,TASWIL5000020230907KABKOTA,Kolaka Timur,,0.325055960897,4.62416724675,4326,4,,,Kolaka Timur,Sulawesi Tenggara,,0,Kolaka,,2021-05,0.3972633808342622,5,0.3972633808342622,VIIRS DNB,nW/cm2/sr,2021,"{""type"":""MultiPoint"",""coordinates"":[]}"
88_00000000000000000007,BA03050040,,,,,,,74.08,74,2932.25192061,TASWIL5000020230907KABKOTA,Kolaka Utara,,0.238597308701,3.90865020949,4326,4,,,Kolaka Utara,Sulawesi Tenggara,,0,Kolaka,,2021-05,0.40207159895050165,5,0.40207159895050165,VIIRS DNB,nW/cm2/sr,2021,"{""type"":""MultiPoint"",""coordinates"":[]}"
88_00000000000000000009,BA03050040,,,,,,,74.12,74,705.711010277,TASWIL5000020230907KABKOTA,Konawe Kepulauan,,0.0574768178025,1.17136047971,4326,4,,,Konawe Kepulauan,Sulawesi Tenggara,,0,Konawe,,2021-05,0.31329620372074973,5,0.31329620372074973,VIIRS DNB,nW/cm2/sr,2021,"{""type"":""MultiPoint"",""coordinates"":[]}"
88_0000000000000000000b,BA03050040,,,,,,,74.09,74,4219.81180817,TASWIL5000020230907KABKOTA,Konawe Utara,,0.343408045869,6.15591332033,4326,4,,,Konawe Utara,Sulawesi Tenggara,,0,Konawe,,2021-05,0.4154167369662074,5,0.4154167369662074,VIIRS DNB,nW/cm2/sr,2021,"{""type"":""MultiPoint"",""coordinates"":[]}"
88_00000000000000000004,BA03050040,,,,,,,74.10,74,1755.8292261,TASWIL5000020230907KABKOTA,Buton Utara,,0.143115018242,4.67921811895,4326,4,,,Buton Utara,Sulawesi Tenggara,,0,Muna,,2021-05,0.32576379325810584,5,0.32576379325810584,VIIRS DNB,nW/cm2/sr,2021,"{""type"":""MultiPoint"",""coordinates"":[]}"
88_0000000000000000000f,BA03050040,,,,,,,74.13,74,818.701593571,TASWIL5000020230907KABKOTA,Muna Barat,,0.0667415576998,2.65906981122,4326,4,,,Muna Barat,Sulawesi Tenggara,,0,Muna,,2021-05,0.38849961382209414,5,0.38849961382209414,VIIRS DNB,nW/cm2/sr,2021,"{""type"":""MultiPoint"",""coordinates"":[]}"
88_00000000000000000013,BA03050040,,,,,,,74.13,74,0.273099429049,TASWIL5000020230907KABKOTA,Muna Barat,Wilayah terapung,2.22679841875E-5,0.0295594995644,4326,4,,,Muna Barat,Sulawesi Tenggara,,0,Muna,,2021-05,0.39148014568680023,5,0.39148014568680023,VIIRS DNB,nW/cm2/sr,2021,"{""type"":""MultiPoint"",""coordinates"":[]}"
88_00000000000000000014,BA03050040,,,,,,,74.10,74,0.0480497061255,TASWIL5000020230907KABKOTA,Buton Utara,Wilayah terapung,3.9169026899E-6,0.0168384250334,4326,4,,,Buton Utara,Sulawesi Tenggara,,0,Muna,,2021-05,1.0528571179934911,5,1.0528571179934911,VIIRS DNB,nW/cm2/sr,2021,"{""type"":""MultiPoint"",""coordinates"":[]}"
89_00000000000000000001,BA03050040,,,,,,,74.04,74,1669.32863016,TASWIL5000020230907KABKOTA,Buton,,0.136188299866,3.04087674144,4326,4,,,Buton,Sulawesi Tenggara,,0,,,2021-06,0.2363649704299848,6,0.2363649704299848,VIIRS DNB,nW/cm2/sr,2021,"{""type"":""MultiPoint"",""coordinates"":[]}"
89_00000000000000000005,BA03050040,,,,,,,74.01,74,2958.9208572,TASWIL5000020230907KABKOTA,Kolaka,,0.240980839474,5.39527306777,4326,4,,,Kolaka,Sulawesi Tenggara,,0,,,2021-06,0.381669275878916,6,0.381669275878916,VIIRS DNB,nW/cm2/sr,2021,"{""type"":""MultiPoint"",""coordinates"":[]}"
89_00000000000000000008,BA03050040,,,,,,,74.02,74,5351.85263389,TASWIL5000020230907KABKOTA,Konawe,,0.435602118514,6.84601568998,4326,4,,,Konawe,Sulawesi Tenggara,,0,,,2021-06,0.4009696809631889,6,0.4009696809631889,VIIRS DNB,nW/cm2/sr,2021,"{""type"":""MultiPoint"",""coordinates"":[]}"
89_0000000000000000000e,BA03050040,,,,,,,74.03,74,1858.09481163,TASWIL5000020230907KABKOTA,Muna,,0.151502694674,5.32849464874,4326,4,,,Muna,Sulawesi Tenggara,,0,,,2021-06,0.267608340024023,6,0.267608340024023,VIIRS DNB,nW/cm2/sr,2021,"{""type"":""MultiPoint"",""coordinates"":[]}"
89_00000000000000000015,BA03050040,,,,,,,74.03,74,0.17024708351,TASWIL5000020230907KABKOTA,Muna,Wilayah terapung,1.38839187565E-5,0.039960941818,4326,4,,,Muna,Sulawesi Tenggara,,0,,,2021-06,0.27612717385064656,6,0.27612717385064656,VIIRS DNB,nW/cm2/sr,2021,"{""type"":""MultiPoint"",""coordinates"":[]}"
89_00000000000000000016,BA03050040,,,,,,,74.04,74,0.188157250699,TASWIL5000020230907KABKOTA,Buton,Wilayah terapung,1.53526521797E-5,0.0397338812277,4326,4,,,Buton,Sulawesi Tenggara,,0,,,2021-06,0.6697826178177544,6,0.6697826178177544,VIIRS DNB,nW/cm2/sr,2021,"{""type"":""MultiPoint"",""coordinates"":[]}"
89_00000000000000000000,BA03050040,,,,,,,74.06,74,3293.96639913,TASWIL5000020230907KABKOTA,Bombana,,0.268524880662,5.47167246052,4326,4,,,Bombana,Sulawesi Tenggara,,0,Buton,,2021-06,0.24064212084466585,6,0.24064212084466585,VIIRS DNB,nW/cm2/sr,2021,"{""type"":""MultiPoint"",""coordinates"":[]}"
89_00000000000000000002,BA03050040,,,,,,,74.15,74,517.631463505,TASWIL5000020230907KABKOTA,Buton Selatan,,0.042249508051,1.85498741345,4326,4,,,Buton Selatan,Sulawesi Tenggara,,0,Buton,,2021-06,0.29797353631097717,6,0.29797353631097717,VIIRS DNB,nW/cm2/sr,2021,"{""type"":""MultiPoint"",""coordinates"":[]}"
89_00000000000000000003,BA03050040,,,,,,,74.14,74,836.955797791,TASWIL5000020230907KABKOTA,Buton Tengah,,0.0682810706644,2.98412837401,4326,4,,,Buton Tengah,Sulawesi Tenggara,,0,Buton,,2021-06,0.30606499736110154,6,0.30606499736110154,VIIRS DNB,nW/cm2/sr,2021,"{""type"":""MultiPoint"",""coordinates"":[]}"
89_0000000000000000000c,BA03050040,,,,,,,74.72,74,294.137423231,TASWIL5000020230907KABKOTA,Kota Bau Bau,,0.0240007870008,0.955179337168,4326,5,,,Kota Bau Bau,Sulawesi Tenggara,,0,Buton,,2021-06,1.1920603263391,6,1.1920603263391,VIIRS DNB,nW/cm2/sr,2021,"{""type"":""MultiPoint"",""coordinates"":[]}"
89_00000000000000000010,BA03050040,,,,,,,74.07,74,450.455914283,TASWIL5000020230907KABKOTA,Wakatobi,,0.0367648905913,3.71804674371,4326,4,,,Wakatobi,Sulawesi Tenggara,,0,Buton,,2021-06,0.36396985843180735,6,0.36396985843180735,VIIRS DNB,nW/cm2/sr,2021,"{""type"":""MultiPoint"",""coordinates"":[]}"
89_00000000000000000011,BA03050040,,,,,,,74.07,74,0.253355482028,TASWIL5000020230907KABKOTA,Wakatobi,Wilayah terapung,2.06703594498E-5,0.0291924563304,4326,4,,,Wakatobi,Sulawesi Tenggara,,0,Buton,,2021-06,2.196666662083116,6,2.196666662083116,VIIRS DNB,nW/cm2/sr,2021,"{""type"":""MultiPoint"",""coordinates"":[]}"
89_00000000000000000012,BA03050040,,,,,,,74.07,74,4.12006083394,TASWIL5000020230907KABKOTA,Wakatobi,Wilayah terapung,3.36232999688E-4,0.124432278786,4326,4,,,Wakatobi,Sulawesi Tenggara,,0,Buton,,2021-06,0.263919524165124,6,0.263919524165124,VIIRS DNB,nW/cm2/sr,2021,"{""type"":""MultiPoint"",""coordinates"":[]}"
89_0000000000000000000a,BA03050040,,,,,,,74.05,74,4237.74051506,TASWIL5000020230907KABKOTA,Konawe Selatan,,0.345208073275,5.59324280043,4326,4,,,Konawe Selatan,Sulawesi Tenggara,,0,Kendari,,2021-06,0.32751056527962613,6,0.32751056527962613,VIIRS DNB,nW/cm2/sr,2021,"{""type"":""MultiPoint"",""coordinates"":[]}"
89_0000000000000000000d,BA03050040,,,,,,,74.71,74,265.790696582,TASWIL5000020230907KABKOTA,Kota Kendari,,0.0216443348271,1.21929531969,4326,5,,,Kota Kendari,Sulawesi Tenggara,,0,Kendari,,2021-06,3.6194534473988385,6,3.6194534473988385,VIIRS DNB,nW/cm2/sr,2021,"{""type"":""MultiPoint"",""coordinates"":[]}"
89_00000000000000000006,BA03050040,,,,,,,74.11,74,3992.53107078,TASWIL5000020230907KABKOTA,Kolaka Timur,,0.325055960897,4.62416724675,4326,4,,,Kolaka Timur,Sulawesi Tenggara,,0,Kolaka,,2021-06,0.23888559481773922,6,0.23888559481773922,VIIRS DNB,nW/cm2/sr,2021,"{""type"":""MultiPoint"",""coordinates"":[]}"
89_00000000000000000007,BA03050040,,,,,,,74.08,74,2932.25192061,TASWIL5000020230907KABKOTA,Kolaka Utara,,0.238597308701,3.90865020949,4326,4,,,Kolaka Utara,Sulawesi Tenggara,,0,Kolaka,,2021-06,0.23849980059295717,6,0.23849980059295717,VIIRS DNB,nW/cm2/sr,2021,"{""type"":""MultiPoint"",""coordinates"":[]}"
89_00000000000000000009,BA03050040,,,,,,,74.12,74,705.711010277,TASWIL5000020230907KABKOTA,Konawe Kepulauan,,0.0574768178025,1.17136047971,4326,4,,,Konawe Kepulauan,Sulawesi Tenggara,,0,Konawe,,2021-06,0.22790094431422228,6,0.22790094431422228,VIIRS DNB,nW/cm2/sr,2021,"{""type"":""MultiPoint"",""coordinates"":[]}"
89_0000000000000000000b,BA03050040,,,,,,,74.09,74,4219.81180817,TASWIL5000020230907KABKOTA,Konawe Utara,,0.343408045869,6.15591332033,4326,4,,,Konawe Utara,Sulawesi Tenggara,,0,Konawe,,2021-06,0.2545168033974014,6,0.2545168033974014,VIIRS DNB,nW/cm2/sr,2021,"{""type"":""MultiPoint"",""coordinates"":[]}"
89_00000000000000000004,BA03050040,,,,,,,74.10,74,1755.8292261,TASWIL5000020230907KABKOTA,Buton Utara,,0.143115018242,4.67921811895,4326,4,,,Buton Utara,Sulawesi Tenggara,,0,Muna,,2021-06,0.20923903865608512,6,0.20923903865608512,VIIRS DNB,nW/cm2/sr,2021,"{""type"":""MultiPoint"",""coordinates"":[]}"
89_0000000000000000000f,BA03050040,,,,,,,74.13,74,818.701593571,TASWIL5000020230907KABKOTA,Muna Barat,,0.0667415576998,2.65906981122,4326,4,,,Muna Barat,Sulawesi Tenggara,,0,Muna,,2021-06,0.2703242970502463,6,0.2703242970502463,VIIRS DNB,nW/cm2/sr,2021,"{""type"":""MultiPoint"",""coordinates"":[]}"
89_00000000000000000013,BA03050040,,,,,,,74.13,74,0.273099429049,TASWIL5000020230907KABKOTA,Muna Barat,Wilayah terapung,2.22679841875E-5,0.0295594995644,4326,4,,,Muna Barat,Sulawesi Tenggara,,0,Muna,,2021-06,0.2570397075440479,6,0.2570397075440479,VIIRS DNB,nW/cm2/sr,2021,"{""type"":""MultiPoint"",""coordinates"":[]}"
89_00000000000000000014,BA03050040,,,,,,,74.10,74,0.0480497061255,TASWIL5000020230907KABKOTA,Buton Utara,Wilayah terapung,3.9169026899E-6,0.0168384250334,4326,4,,,Buton Utara,Sulawesi Tenggara,,0,Muna,,2021-06,0.9357142789023265,6,0.9357142789023265,VIIRS DNB,nW/cm2/sr,2021,"{""type"":""MultiPoint"",""coordinates"":[]}"
90_00000000000000000001,BA03050040,,,,,,,74.04,74,1669.32863016,TASWIL5000020230907KABKOTA,Buton,,0.136188299866,3.04087674144,4326,4,,,Buton,Sulawesi Tenggara,,0,,,2021-07,0.24828217474425585,7,0.24828217474425585,VIIRS DNB,nW/cm2/sr,2021,"{""type"":""MultiPoint"",""coordinates"":[]}"
90_00000000000000000005,BA03050040,,,,,,,74.01,74,2958.9208572,TASWIL5000020230907KABKOTA,Kolaka,,0.240980839474,5.39527306777,4326,4,,,Kolaka,Sulawesi Tenggara,,0,,,2021-07,0.33463998174025417,7,0.33463998174025417,VIIRS DNB,nW/cm2/sr,2021,"{""type"":""MultiPoint"",""coordinates"":[]}"
90_00000000000000000008,BA03050040,,,,,,,74.02,74,5351.85263389,TASWIL5000020230907KABKOTA,Konawe,,0.435602118514,6.84601568998,4326,4,,,Konawe,Sulawesi Tenggara,,0,,,2021-07,0.34683092322299297,7,0.34683092322299297,VIIRS DNB,nW/cm2/sr,2021,"{""type"":""MultiPoint"",""coordinates"":[]}"
90_0000000000000000000e,BA03050040,,,,,,,74.03,74,1858.09481163,TASWIL5000020230907KABKOTA,Muna,,0.151502694674,5.32849464874,4326,4,,,Muna,Sulawesi Tenggara,,0,,,2021-07,0.2804782504121747,7,0.2804782504121747,VIIRS DNB,nW/cm2/sr,2021,"{""type"":""MultiPoint"",""coordinates"":[]}"
90_00000000000000000015,BA03050040,,,,,,,74.03,74,0.17024708351,TASWIL5000020230907KABKOTA,Muna,Wilayah terapung,1.38839187565E-5,0.039960941818,4326,4,,,Muna,Sulawesi Tenggara,,0,,,2021-07,0.2315028833085402,7,0.2315028833085402,VIIRS DNB,nW/cm2/sr,2021,"{""type"":""MultiPoint"",""coordinates"":[]}"
90_00000000000000000016,BA03050040,,,,,,,74.04,74,0.188157250699,TASWIL5000020230907KABKOTA,Buton,Wilayah terapung,1.53526521797E-5,0.0397338812277,4326,4,,,Buton,Sulawesi Tenggara,,0,,,2021-07,0.8147825919415641,7,0.8147825919415641,VIIRS DNB,nW/cm2/sr,2021,"{""type"":""MultiPoint"",""coordinates"":[]}"
90_00000000000000000000,BA03050040,,,,,,,74.06,74,3293.96639913,TASWIL5000020230907KABKOTA,Bombana,,0.268524880662,5.47167246052,4326,4,,,Bombana,Sulawesi Tenggara,,0,Buton,,2021-07,0.2310645521896384,7,0.2310645521896384,VIIRS DNB,nW/cm2/sr,2021,"{""type"":""MultiPoint"",""coordinates"":[]}"
90_00000000000000000002,BA03050040,,,,,,,74.15,74,517.631463505,TASWIL5000020230907KABKOTA,Buton Selatan,,0.042249508051,1.85498741345,4326,4,,,Buton Selatan,Sulawesi Tenggara,,0,Buton,,2021-07,0.30975240481195027,7,0.30975240481195027,VIIRS DNB,nW/cm2/sr,2021,"{""type"":""MultiPoint"",""coordinates"":[]}"
90_00000000000000000003,BA03050040,,,,,,,74.14,74,836.955797791,TASWIL5000020230907KABKOTA,Buton Tengah,,0.0682810706644,2.98412837401,4326,4,,,Buton Tengah,Sulawesi Tenggara,,0,Buton,,2021-07,0.2994897705131829,7,0.2994897705131829,VIIRS DNB,nW/cm2/sr,2021,"{""type"":""MultiPoint"",""coordinates"":[]}"
90_0000000000000000000c,BA03050040,,,,,,,74.72,74,294.137423231,TASWIL5000020230907KABKOTA,Kota Bau Bau,,0.0240007870008,0.955179337168,4326,5,,,Kota Bau Bau,Sulawesi Tenggara,,0,Buton,,2021-07,1.180760202320648,7,1.180760202320648,VIIRS DNB,nW/cm2/sr,2021,"{""type"":""MultiPoint"",""coordinates"":[]}"
90_00000000000000000010,BA03050040,,,,,,,74.07,74,450.455914283,TASWIL5000020230907KABKOTA,Wakatobi,,0.0367648905913,3.71804674371,4326,4,,,Wakatobi,Sulawesi Tenggara,,0,Buton,,2021-07,0.39863624835172523,7,0.39863624835172523,VIIRS DNB,nW/cm2/sr,2021,"{""type"":""MultiPoint"",""coordinates"":[]}"
90_00000000000000000011,BA03050040,,,,,,,74.07,74,0.253355482028,TASWIL5000020230907KABKOTA,Wakatobi,Wilayah terapung,2.06703594498E-5,0.0291924563304,4326,4,,,Wakatobi,Sulawesi Tenggara,,0,Buton,,2021-07,2.1537209841632103,7,2.1537209841632103,VIIRS DNB,nW/cm2/sr,2021,"{""type"":""MultiPoint"",""coordinates"":[]}"
90_00000000000000000012,BA03050040,,,,,,,74.07,74,4.12006083394,TASWIL5000020230907KABKOTA,Wakatobi,Wilayah terapung,3.36232999688E-4,0.124432278786,4326,4,,,Wakatobi,Sulawesi Tenggara,,0,Buton,,2021-07,0.2871834292320105,7,0.2871834292320105,VIIRS DNB,nW/cm2/sr,2021,"{""type"":""MultiPoint"",""coordinates"":[]}"
90_0000000000000000000a,BA03050040,,,,,,,74.05,74,4237.74051506,TASWIL5000020230907KABKOTA,Konawe Selatan,,0.345208073275,5.59324280043,4326,4,,,Konawe Selatan,Sulawesi Tenggara,,0,Kendari,,2021-07,0.3313846677594597,7,0.3313846677594597,VIIRS DNB,nW/cm2/sr,2021,"{""type"":""MultiPoint"",""coordinates"":[]}"
90_0000000000000000000d,BA03050040,,,,,,,74.71,74,265.790696582,TASWIL5000020230907KABKOTA,Kota Kendari,,0.0216443348271,1.21929531969,4326,5,,,Kota Kendari,Sulawesi Tenggara,,0,Kendari,,2021-07,2.639014634878042,7,2.639014634878042,VIIRS DNB,nW/cm2/sr,2021,"{""type"":""MultiPoint"",""coordinates"":[]}"
90_00000000000000000006,BA03050040,,,,,,,74.11,74,3992.53107078,TASWIL5000020230907KABKOTA,Kolaka Timur,,0.325055960897,4.62416724675,4326,4,,,Kolaka Timur,Sulawesi Tenggara,,0,Kolaka,,2021-07,0.24562651755361442,7,0.24562651755361442,VIIRS DNB,nW/cm2/sr,2021,"{""type"":""MultiPoint"",""coordinates"":[]}"
90_00000000000000000007,BA03050040,,,,,,,74.08,74,2932.25192061,TASWIL5000020230907KABKOTA,Kolaka Utara,,0.238597308701,3.90865020949,4326,4,,,Kolaka Utara,Sulawesi Tenggara,,0,Kolaka,,2021-07,0.23251722834889044,7,0.23251722834889044,VIIRS DNB,nW/cm2/sr,2021,"{""type"":""MultiPoint"",""coordinates"":[]}"
90_00000000000000000009,BA03050040,,,,,,,74.12,74,705.711010277,TASWIL5000020230907KABKOTA,Konawe Kepulauan,,0.0574768178025,1.17136047971,4326,4,,,Konawe Kepulauan,Sulawesi Tenggara,,0,Konawe,,2021-07,0.23296500863481476,7,0.23296500863481476,VIIRS DNB,nW/cm2/sr,2021,"{""type"":""MultiPoint"",""coordinates"":[]}"
90_0000000000000000000b,BA03050040,,,,,,,74.09,74,4219.81180817,TASWIL5000020230907KABKOTA,Konawe Utara,,0.343408045869,6.15591332033,4326,4,,,Konawe Utara,Sulawesi Tenggara,,0,Konawe,,2021-07,0.28276174069640425,7,0.28276174069640425,VIIRS DNB,nW/cm2/sr,2021,"{""type"":""MultiPoint"",""coordinates"":[]}"
90_00000000000000000004,BA03050040,,,,,,,74.10,74,1755.8292261,TASWIL5000020230907KABKOTA,Buton Utara,,0.143115018242,4.67921811895,4326,4,,,Buton Utara,Sulawesi Tenggara,,0,Muna,,2021-07,0.23078500953822517,7,0.23078500953822517,VIIRS DNB,nW/cm2/sr,2021,"{""type"":""MultiPoint"",""coordinates"":[]}"
90_0000000000000000000f,BA03050040,,,,,,,74.13,74,818.701593571,TASWIL5000020230907KABKOTA,Muna Barat,,0.0667415576998,2.65906981122,4326,4,,,Muna Barat,Sulawesi Tenggara,,0,Muna,,2021-07,0.2710192763987999,7,0.2710192763987999,VIIRS DNB,nW/cm2/sr,2021,"{""type"":""MultiPoint"",""coordinates"":[]}"
90_00000000000000000013,BA03050040,,,,,,,74.13,74,0.273099429049,TASWIL5000020230907KABKOTA,Muna Barat,Wilayah terapung,2.22679841875E-5,0.0295594995644,4326,4,,,Muna Barat,Sulawesi Tenggara,,0,Muna,,2021-07,0.27036100722822476,7,0.27036100722822476,VIIRS DNB,nW/cm2/sr,2021,"{""type"":""MultiPoint"",""coordinates"":[]}"
90_00000000000000000014,BA03050040,,,,,,,74.10,74,0.0480497061255,TASWIL5000020230907KABKOTA,Buton Utara,Wilayah terapung,3.9169026899E-6,0.0168384250334,4326,4,,,Buton Utara,Sulawesi Tenggara,,0,Muna,,2021-07,0.5614285724503654,7,0.5614285724503654,VIIRS DNB,nW/cm2/sr,2021,"{""type"":""MultiPoint"",""coordinates"":[]}"
91_00000000000000000001,BA03050040,,,,,,,74.04,74,1669.32863016,TASWIL5000020230907KABKOTA,Buton,,0.136188299866,3.04087674144,4326,4,,,Buton,Sulawesi Tenggara,,0,,,2021-08,0.3210769975390209,8,0.3210769975390209,VIIRS DNB,nW/cm2/sr,2021,"{""type"":""MultiPoint"",""coordinates"":[]}"
91_00000000000000000005,BA03050040,,,,,,,74.01,74,2958.9208572,TASWIL5000020230907KABKOTA,Kolaka,,0.240980839474,5.39527306777,4326,4,,,Kolaka,Sulawesi Tenggara,,0,,,2021-08,0.5064489412991634,8,0.5064489412991634,VIIRS DNB,nW/cm2/sr,2021,"{""type"":""MultiPoint"",""coordinates"":[]}"
91_00000000000000000008,BA03050040,,,,,,,74.02,74,5351.85263389,TASWIL5000020230907KABKOTA,Konawe,,0.435602118514,6.84601568998,4326,4,,,Konawe,Sulawesi Tenggara,,0,,,2021-08,0.4453001071453547,8,0.4453001071453547,VIIRS DNB,nW/cm2/sr,2021,"{""type"":""MultiPoint"",""coordinates"":[]}"
91_0000000000000000000e,BA03050040,,,,,,,74.03,74,1858.09481163,TASWIL5000020230907KABKOTA,Muna,,0.151502694674,5.32849464874,4326,4,,,Muna,Sulawesi Tenggara,,0,,,2021-08,0.36780945257507003,8,0.36780945257507003,VIIRS DNB,nW/cm2/sr,2021,"{""type"":""MultiPoint"",""coordinates"":[]}"
91_00000000000000000015,BA03050040,,,,,,,74.03,74,0.17024708351,TASWIL5000020230907KABKOTA,Muna,Wilayah terapung,1.38839187565E-5,0.039960941818,4326,4,,,Muna,Sulawesi Tenggara,,0,,,2021-08,0.43976878344668124,8,0.43976878344668124,VIIRS DNB,nW/cm2/sr,2021,"{""type"":""MultiPoint"",""coordinates"":[]}"
91_00000000000000000016,BA03050040,,,,,,,74.04,74,0.188157250699,TASWIL5000020230907KABKOTA,Buton,Wilayah terapung,1.53526521797E-5,0.0397338812277,4326,4,,,Buton,Sulawesi Tenggara,,0,,,2021-08,0.8567391219346421,8,0.8567391219346421,VIIRS DNB,nW/cm2/sr,2021,"{""type"":""MultiPoint"",""coordinates"":[]}"
91_00000000000000000000,BA03050040,,,,,,,74.06,74,3293.96639913,TASWIL5000020230907KABKOTA,Bombana,,0.268524880662,5.47167246052,4326,4,,,Bombana,Sulawesi Tenggara,,0,Buton,,2021-08,0.36131487058188794,8,0.36131487058188794,VIIRS DNB,nW/cm2/sr,2021,"{""type"":""MultiPoint"",""coordinates"":[]}"
91_00000000000000000002,BA03050040,,,,,,,74.15,74,517.631463505,TASWIL5000020230907KABKOTA,Buton Selatan,,0.042249508051,1.85498741345,4326,4,,,Buton Selatan,Sulawesi Tenggara,,0,Buton,,2021-08,0.4190520945174445,8,0.4190520945174445,VIIRS DNB,nW/cm2/sr,2021,"{""type"":""MultiPoint"",""coordinates"":[]}"
91_00000000000000000003,BA03050040,,,,,,,74.14,74,836.955797791,TASWIL5000020230907KABKOTA,Buton Tengah,,0.0682810706644,2.98412837401,4326,4,,,Buton Tengah,Sulawesi Tenggara,,0,Buton,,2021-08,0.38960529266742094,8,0.38960529266742094,VIIRS DNB,nW/cm2/sr,2021,"{""type"":""MultiPoint"",""coordinates"":[]}"
91_0000000000000000000c,BA03050040,,,,,,,74.72,74,294.137423231,TASWIL5000020230907KABKOTA,Kota Bau Bau,,0.0240007870008,0.955179337168,4326,5,,,Kota Bau Bau,Sulawesi Tenggara,,0,Buton,,2021-08,1.2877333677714018,8,1.2877333677714018,VIIRS DNB,nW/cm2/sr,2021,"{""type"":""MultiPoint"",""coordinates"":[]}"
91_00000000000000000010,BA03050040,,,,,,,74.07,74,450.455914283,TASWIL5000020230907KABKOTA,Wakatobi,,0.0367648905913,3.71804674371,4326,4,,,Wakatobi,Sulawesi Tenggara,,0,Buton,,2021-08,0.4364419485260109,8,0.4364419485260109,VIIRS DNB,nW/cm2/sr,2021,"{""type"":""MultiPoint"",""coordinates"":[]}"
91_00000000000000000011,BA03050040,,,,,,,74.07,74,0.253355482028,TASWIL5000020230907KABKOTA,Wakatobi,Wilayah terapung,2.06703594498E-5,0.0291924563304,4326,4,,,Wakatobi,Sulawesi Tenggara,,0,Buton,,2021-08,2.379341054101323,8,2.379341054101323,VIIRS DNB,nW/cm2/sr,2021,"{""type"":""MultiPoint"",""coordinates"":[]}"
91_00000000000000000012,BA03050040,,,,,,,74.07,74,4.12006083394,TASWIL5000020230907KABKOTA,Wakatobi,Wilayah terapung,3.36232999688E-4,0.124432278786,4326,4,,,Wakatobi,Sulawesi Tenggara,,0,Buton,,2021-08,0.3551881685553217,8,0.3551881685553217,VIIRS DNB,nW/cm2/sr,2021,"{""type"":""MultiPoint"",""coordinates"":[]}"
91_0000000000000000000a,BA03050040,,,,,,,74.05,74,4237.74051506,TASWIL5000020230907KABKOTA,Konawe Selatan,,0.345208073275,5.59324280043,4326,4,,,Konawe Selatan,Sulawesi Tenggara,,0,Kendari,,2021-08,0.3762459564060817,8,0.3762459564060817,VIIRS DNB,nW/cm2/sr,2021,"{""type"":""MultiPoint"",""coordinates"":[]}"
91_0000000000000000000d,BA03050040,,,,,,,74.71,74,265.790696582,TASWIL5000020230907KABKOTA,Kota Kendari,,0.0216443348271,1.21929531969,4326,5,,,Kota Kendari,Sulawesi Tenggara,,0,Kendari,,2021-08,3.181943606861728,8,3.181943606861728,VIIRS DNB,nW/cm2/sr,2021,"{""type"":""MultiPoint"",""coordinates"":[]}"
91_00000000000000000006,BA03050040,,,,,,,74.11,74,3992.53107078,TASWIL5000020230907KABKOTA,Kolaka Timur,,0.325055960897,4.62416724675,4326,4,,,Kolaka Timur,Sulawesi Tenggara,,0,Kolaka,,2021-08,0.35129829615017594,8,0.35129829615017594,VIIRS DNB,nW/cm2/sr,2021,"{""type"":""MultiPoint"",""coordinates"":[]}"
91_00000000000000000007,BA03050040,,,,,,,74.08,74,2932.25192061,TASWIL5000020230907KABKOTA,Kolaka Utara,,0.238597308701,3.90865020949,4326,4,,,Kolaka Utara,Sulawesi Tenggara,,0,Kolaka,,2021-08,0.311757535002736,8,0.311757535002736,VIIRS DNB,nW/cm2/sr,2021,"{""type"":""MultiPoint"",""coordinates"":[]}"
91_00000000000000000009,BA03050040,,,,,,,74.12,74,705.711010277,TASWIL5000020230907KABKOTA,Konawe Kepulauan,,0.0574768178025,1.17136047971,4326,4,,,Konawe Kepulauan,Sulawesi Tenggara,,0,Konawe,,2021-08,0.33161384031987595,8,0.33161384031987595,VIIRS DNB,nW/cm2/sr,2021,"{""type"":""MultiPoint"",""coordinates"":[]}"
91_0000000000000000000b,BA03050040,,,,,,,74.09,74,4219.81180817,TASWIL5000020230907KABKOTA,Konawe Utara,,0.343408045869,6.15591332033,4326,4,,,Konawe Utara,Sulawesi Tenggara,,0,Konawe,,2021-08,0.3911289182060756,8,0.3911289182060756,VIIRS DNB,nW/cm2/sr,2021,"{""type"":""MultiPoint"",""coordinates"":[]}"
91_00000000000000000004,BA03050040,,,,,,,74.10,74,1755.8292261,TASWIL5000020230907KABKOTA,Buton Utara,,0.143115018242,4.67921811895,4326,4,,,Buton Utara,Sulawesi Tenggara,,0,Muna,,2021-08,0.31015662324873,8,0.31015662324873,VIIRS DNB,nW/cm2/sr,2021,"{""type"":""MultiPoint"",""coordinates"":[]}"
91_0000000000000000000f,BA03050040,,,,,,,74.13,74,818.701593571,TASWIL5000020230907KABKOTA,Muna Barat,,0.0667415576998,2.65906981122,4326,4,,,Muna Barat,Sulawesi Tenggara,,0,Muna,,2021-08,0.3521812079876986,8,0.3521812079876986,VIIRS DNB,nW/cm2/sr,2021,"{""type"":""MultiPoint"",""coordinates"":[]}"
91_00000000000000000013,BA03050040,,,,,,,74.13,74,0.273099429049,TASWIL5000020230907KABKOTA,Muna Barat,Wilayah terapung,2.22679841875E-5,0.0295594995644,4326,4,,,Muna Barat,Sulawesi Tenggara,,0,Muna,,2021-08,0.26563177058735477,8,0.26563177058735477,VIIRS DNB,nW/cm2/sr,2021,"{""type"":""MultiPoint"",""coordinates"":[]}"
91_00000000000000000014,BA03050040,,,,,,,74.10,74,0.0480497061255,TASWIL5000020230907KABKOTA,Buton Utara,Wilayah terapung,3.9169026899E-6,0.0168384250334,4326,4,,,Buton Utara,Sulawesi Tenggara,,0,Muna,,2021-08,1.1728571653366089,8,1.1728571653366089,VIIRS DNB,nW/cm2/sr,2021,"{""type"":""MultiPoint"",""coordinates"":[]}"
92_00000000000000000001,BA03050040,,,,,,,74.04,74,1669.32863016,TASWIL5000020230907KABKOTA,Buton,,0.136188299866,3.04087674144,4326,4,,,Buton,Sulawesi Tenggara,,0,,,2021-09,0.22858169569739856,9,0.22858169569739856,VIIRS DNB,nW/cm2/sr,2021,"{""type"":""MultiPoint"",""coordinates"":[]}"
92_00000000000000000005,BA03050040,,,,,,,74.01,74,2958.9208572,TASWIL5000020230907KABKOTA,Kolaka,,0.240980839474,5.39527306777,4326,4,,,Kolaka,Sulawesi Tenggara,,0,,,2021-09,0.297496260047386,9,0.297496260047386,VIIRS DNB,nW/cm2/sr,2021,"{""type"":""MultiPoint"",""coordinates"":[]}"
92_00000000000000000008,BA03050040,,,,,,,74.02,74,5351.85263389,TASWIL5000020230907KABKOTA,Konawe,,0.435602118514,6.84601568998,4326,4,,,Konawe,Sulawesi Tenggara,,0,,,2021-09,0.38802460080686596,9,0.38802460080686596,VIIRS DNB,nW/cm2/sr,2021,"{""type"":""MultiPoint"",""coordinates"":[]}"
92_0000000000000000000e,BA03050040,,,,,,,74.03,74,1858.09481163,TASWIL5000020230907KABKOTA,Muna,,0.151502694674,5.32849464874,4326,4,,,Muna,Sulawesi Tenggara,,0,,,2021-09,0.23812357248749846,9,0.23812357248749846,VIIRS DNB,nW/cm2/sr,2021,"{""type"":""MultiPoint"",""coordinates"":[]}"
92_00000000000000000015,BA03050040,,,,,,,74.03,74,0.17024708351,TASWIL5000020230907KABKOTA,Muna,Wilayah terapung,1.38839187565E-5,0.039960941818,4326,4,,,Muna,Sulawesi Tenggara,,0,,,2021-09,0.20144508572327605,9,0.20144508572327605,VIIRS DNB,nW/cm2/sr,2021,"{""type"":""MultiPoint"",""coordinates"":[]}"
92_00000000000000000016,BA03050040,,,,,,,74.04,74,0.188157250699,TASWIL5000020230907KABKOTA,Buton,Wilayah terapung,1.53526521797E-5,0.0397338812277,4326,4,,,Buton,Sulawesi Tenggara,,0,,,2021-09,0.7416304369335589,9,0.7416304369335589,VIIRS DNB,nW/cm2/sr,2021,"{""type"":""MultiPoint"",""coordinates"":[]}"
92_00000000000000000000,BA03050040,,,,,,,74.06,74,3293.96639913,TASWIL5000020230907KABKOTA,Bombana,,0.268524880662,5.47167246052,4326,4,,,Bombana,Sulawesi Tenggara,,0,Buton,,2021-09,0.23718349626850177,9,0.23718349626850177,VIIRS DNB,nW/cm2/sr,2021,"{""type"":""MultiPoint"",""coordinates"":[]}"
92_00000000000000000002,BA03050040,,,,,,,74.15,74,517.631463505,TASWIL5000020230907KABKOTA,Buton Selatan,,0.042249508051,1.85498741345,4326,4,,,Buton Selatan,Sulawesi Tenggara,,0,Buton,,2021-09,0.28027111902635277,9,0.28027111902635277,VIIRS DNB,nW/cm2/sr,2021,"{""type"":""MultiPoint"",""coordinates"":[]}"
92_00000000000000000003,BA03050040,,,,,,,74.14,74,836.955797791,TASWIL5000020230907KABKOTA,Buton Tengah,,0.0682810706644,2.98412837401,4326,4,,,Buton Tengah,Sulawesi Tenggara,,0,Buton,,2021-09,0.2549503514130218,9,0.2549503514130218,VIIRS DNB,nW/cm2/sr,2021,"{""type"":""MultiPoint"",""coordinates"":[]}"
92_0000000000000000000c,BA03050040,,,,,,,74.72,74,294.137423231,TASWIL5000020230907KABKOTA,Kota Bau Bau,,0.0240007870008,0.955179337168,4326,5,,,Kota Bau Bau,Sulawesi Tenggara,,0,Buton,,2021-09,1.0494669377668435,9,1.0494669377668435,VIIRS DNB,nW/cm2/sr,2021,"{""type"":""MultiPoint"",""coordinates"":[]}"
92_00000000000000000010,BA03050040,,,,,,,74.07,74,450.455914283,TASWIL5000020230907KABKOTA,Wakatobi,,0.0367648905913,3.71804674371,4326,4,,,Wakatobi,Sulawesi Tenggara,,0,Buton,,2021-09,0.31603500865428247,9,0.31603500865428247,VIIRS DNB,nW/cm2/sr,2021,"{""type"":""MultiPoint"",""coordinates"":[]}"
92_00000000000000000011,BA03050040,,,,,,,74.07,74,0.253355482028,TASWIL5000020230907KABKOTA,Wakatobi,Wilayah terapung,2.06703594498E-5,0.0291924563304,4326,4,,,Wakatobi,Sulawesi Tenggara,,0,Buton,,2021-09,1.4293410832336706,9,1.4293410832336706,VIIRS DNB,nW/cm2/sr,2021,"{""type"":""MultiPoint"",""coordinates"":[]}"
92_00000000000000000012,BA03050040,,,,,,,74.07,74,4.12006083394,TASWIL5000020230907KABKOTA,Wakatobi,Wilayah terapung,3.36232999688E-4,0.124432278786,4326,4,,,Wakatobi,Sulawesi Tenggara,,0,Buton,,2021-09,0.21785088650000525,9,0.21785088650000525,VIIRS DNB,nW/cm2/sr,2021,"{""type"":""MultiPoint"",""coordinates"":[]}"
92_0000000000000000000a,BA03050040,,,,,,,74.05,74,4237.74051506,TASWIL5000020230907KABKOTA,Konawe Selatan,,0.345208073275,5.59324280043,4326,4,,,Konawe Selatan,Sulawesi Tenggara,,0,Kendari,,2021-09,0.26400149935596495,9,0.26400149935596495,VIIRS DNB,nW/cm2/sr,2021,"{""type"":""MultiPoint"",""coordinates"":[]}"
92_0000000000000000000d,BA03050040,,,,,,,74.71,74,265.790696582,TASWIL5000020230907KABKOTA,Kota Kendari,,0.0216443348271,1.21929531969,4326,5,,,Kota Kendari,Sulawesi Tenggara,,0,Kendari,,2021-09,3.0008655422356894,9,3.0008655422356894,VIIRS DNB,nW/cm2/sr,2021,"{""type"":""MultiPoint"",""coordinates"":[]}"
92_00000000000000000006,BA03050040,,,,,,,74.11,74,3992.53107078,TASWIL5000020230907KABKOTA,Kolaka Timur,,0.325055960897,4.62416724675,4326,4,,,Kolaka Timur,Sulawesi Tenggara,,0,Kolaka,,2021-09,0.20932277398500443,9,0.20932277398500443,VIIRS DNB,nW/cm2/sr,2021,"{""type"":""MultiPoint"",""coordinates"":[]}"
92_00000000000000000007,BA03050040,,,,,,,74.08,74,2932.25192061,TASWIL5000020230907KABKOTA,Kolaka Utara,,0.238597308701,3.90865020949,4326,4,,,Kolaka Utara,Sulawesi Tenggara,,0,Kolaka,,2021-09,0.20081139205124326,9,0.20081139205124326,VIIRS DNB,nW/cm2/sr,2021,"{""type"":""MultiPoint"",""coordinates"":[]}"
92_00000000000000000009,BA03050040,,,,,,,74.12,74,705.711010277,TASWIL5000020230907KABKOTA,Konawe Kepulauan,,0.0574768178025,1.17136047971,4326,4,,,Konawe Kepulauan,Sulawesi Tenggara,,0,Konawe,,2021-09,0.16433288826553652,9,0.16433288826553652,VIIRS DNB,nW/cm2/sr,2021,"{""type"":""MultiPoint"",""coordinates"":[]}"
92_0000000000000000000b,BA03050040,,,,,,,74.09,74,4219.81180817,TASWIL5000020230907KABKOTA,Konawe Utara,,0.343408045869,6.15591332033,4326,4,,,Konawe Utara,Sulawesi Tenggara,,0,Konawe,,2021-09,0.26276499394206476,9,0.26276499394206476,VIIRS DNB,nW/cm2/sr,2021,"{""type"":""MultiPoint"",""coordinates"":[]}"
92_00000000000000000004,BA03050040,,,,,,,74.10,74,1755.8292261,TASWIL5000020230907KABKOTA,Buton Utara,,0.143115018242,4.67921811895,4326,4,,,Buton Utara,Sulawesi Tenggara,,0,Muna,,2021-09,0.1887596802818543,9,0.1887596802818543,VIIRS DNB,nW/cm2/sr,2021,"{""type"":""MultiPoint"",""coordinates"":[]}"
92_0000000000000000000f,BA03050040,,,,,,,74.13,74,818.701593571,TASWIL5000020230907KABKOTA,Muna Barat,,0.0667415576998,2.65906981122,4326,4,,,Muna Barat,Sulawesi Tenggara,,0,Muna,,2021-09,0.23013072662758757,9,0.23013072662758757,VIIRS DNB,nW/cm2/sr,2021,"{""type"":""MultiPoint"",""coordinates"":[]}"
92_00000000000000000013,BA03050040,,,,,,,74.13,74,0.273099429049,TASWIL5000020230907KABKOTA,Muna Barat,Wilayah terapung,2.22679841875E-5,0.0295594995644,4326,4,,,Muna Barat,Sulawesi Tenggara,,0,Muna,,2021-09,0.18859205626300954,9,0.18859205626300954,VIIRS DNB,nW/cm2/sr,2021,"{""type"":""MultiPoint"",""coordinates"":[]}"
92_00000000000000000014,BA03050040,,,,,,,74.10,74,0.0480497061255,TASWIL5000020230907KABKOTA,Buton Utara,Wilayah terapung,3.9169026899E-6,0.0168384250334,4326,4,,,Buton Utara,Sulawesi Tenggara,,0,Muna,,2021-09,0.6685714551380703,9,0.6685714551380703,VIIRS DNB,nW/cm2/sr,2021,"{""type"":""MultiPoint"",""coordinates"":[]}"
93_00000000000000000001,BA03050040,,,,,,,74.04,74,1669.32863016,TASWIL5000020230907KABKOTA,Buton,,0.136188299866,3.04087674144,4326,4,,,Buton,Sulawesi Tenggara,,0,,,2021-10,0.3413771984346524,10,0.3413771984346524,VIIRS DNB,nW/cm2/sr,2021,"{""type"":""MultiPoint"",""coordinates"":[]}"
93_00000000000000000005,BA03050040,,,,,,,74.01,74,2958.9208572,TASWIL5000020230907KABKOTA,Kolaka,,0.240980839474,5.39527306777,4326,4,,,Kolaka,Sulawesi Tenggara,,0,,,2021-10,0.5186813385494221,10,0.5186813385494221,VIIRS DNB,nW/cm2/sr,2021,"{""type"":""MultiPoint"",""coordinates"":[]}"
93_00000000000000000008,BA03050040,,,,,,,74.02,74,5351.85263389,TASWIL5000020230907KABKOTA,Konawe,,0.435602118514,6.84601568998,4326,4,,,Konawe,Sulawesi Tenggara,,0,,,2021-10,0.49212187533356744,10,0.49212187533356744,VIIRS DNB,nW/cm2/sr,2021,"{""type"":""MultiPoint"",""coordinates"":[]}"
93_0000000000000000000e,BA03050040,,,,,,,74.03,74,1858.09481163,TASWIL5000020230907KABKOTA,Muna,,0.151502694674,5.32849464874,4326,4,,,Muna,Sulawesi Tenggara,,0,,,2021-10,0.3687452217207785,10,0.3687452217207785,VIIRS DNB,nW/cm2/sr,2021,"{""type"":""MultiPoint"",""coordinates"":[]}"
93_00000000000000000015,BA03050040,,,,,,,74.03,74,0.17024708351,TASWIL5000020230907KABKOTA,Muna,Wilayah terapung,1.38839187565E-5,0.039960941818,4326,4,,,Muna,Sulawesi Tenggara,,0,,,2021-10,0.3895953702444286,10,0.3895953702444286,VIIRS DNB,nW/cm2/sr,2021,"{""type"":""MultiPoint"",""coordinates"":[]}"
93_00000000000000000016,BA03050040,,,,,,,74.04,74,0.188157250699,TASWIL5000020230907KABKOTA,Buton,Wilayah terapung,1.53526521797E-5,0.0397338812277,4326,4,,,Buton,Sulawesi Tenggara,,0,,,2021-10,0.9647282485080805,10,0.9647282485080805,VIIRS DNB,nW/cm2/sr,2021,"{""type"":""MultiPoint"",""coordinates"":[]}"
93_00000000000000000000,BA03050040,,,,,,,74.06,74,3293.96639913,TASWIL5000020230907KABKOTA,Bombana,,0.268524880662,5.47167246052,4326,4,,,Bombana,Sulawesi Tenggara,,0,Buton,,2021-10,0.3619691845502836,10,0.3619691845502836,VIIRS DNB,nW/cm2/sr,2021,"{""type"":""MultiPoint"",""coordinates"":[]}"
93_00000000000000000002,BA03050040,,,,,,,74.15,74,517.631463505,TASWIL5000020230907KABKOTA,Buton Selatan,,0.042249508051,1.85498741345,4326,4,,,Buton Selatan,Sulawesi Tenggara,,0,Buton,,2021-10,0.4190475068363438,10,0.4190475068363438,VIIRS DNB,nW/cm2/sr,2021,"{""type"":""MultiPoint"",""coordinates"":[]}"
93_00000000000000000003,BA03050040,,,,,,,74.14,74,836.955797791,TASWIL5000020230907KABKOTA,Buton Tengah,,0.0682810706644,2.98412837401,4326,4,,,Buton Tengah,Sulawesi Tenggara,,0,Buton,,2021-10,0.4078907735347752,10,0.4078907735347752,VIIRS DNB,nW/cm2/sr,2021,"{""type"":""MultiPoint"",""coordinates"":[]}"
93_0000000000000000000c,BA03050040,,,,,,,74.72,74,294.137423231,TASWIL5000020230907KABKOTA,Kota Bau Bau,,0.0240007870008,0.955179337168,4326,5,,,Kota Bau Bau,Sulawesi Tenggara,,0,Buton,,2021-10,1.2467695266957521,10,1.2467695266957521,VIIRS DNB,nW/cm2/sr,2021,"{""type"":""MultiPoint"",""coordinates"":[]}"
93_00000000000000000010,BA03050040,,,,,,,74.07,74,450.455914283,TASWIL5000020230907KABKOTA,Wakatobi,,0.0367648905913,3.71804674371,4326,4,,,Wakatobi,Sulawesi Tenggara,,0,Buton,,2021-10,0.4773149859007543,10,0.4773149859007543,VIIRS DNB,nW/cm2/sr,2021,"{""type"":""MultiPoint"",""coordinates"":[]}"
93_00000000000000000011,BA03050040,,,,,,,74.07,74,0.253355482028,TASWIL5000020230907KABKOTA,Wakatobi,Wilayah terapung,2.06703594498E-5,0.0291924563304,4326,4,,,Wakatobi,Sulawesi Tenggara,,0,Buton,,2021-10,1.9036434027113656,10,1.9036434027113656,VIIRS DNB,nW/cm2/sr,2021,"{""type"":""MultiPoint"",""coordinates"":[]}"
93_00000000000000000012,BA03050040,,,,,,,74.07,74,4.12006083394,TASWIL5000020230907KABKOTA,Wakatobi,Wilayah terapung,3.36232999688E-4,0.124432278786,4326,4,,,Wakatobi,Sulawesi Tenggara,,0,Buton,,2021-10,0.35342011691903225,10,0.35342011691903225,VIIRS DNB,nW/cm2/sr,2021,"{""type"":""MultiPoint"",""coordinates"":[]}"
93_0000000000000000000a,BA03050040,,,,,,,74.05,74,4237.74051506,TASWIL5000020230907KABKOTA,Konawe Selatan,,0.345208073275,5.59324280043,4326,4,,,Konawe Selatan,Sulawesi Tenggara,,0,Kendari,,2021-10,0.40196937178571157,10,0.40196937178571157,VIIRS DNB,nW/cm2/sr,2021,"{""type"":""MultiPoint"",""coordinates"":[]}"
93_0000000000000000000d,BA03050040,,,,,,,74.71,74,265.790696582,TASWIL5000020230907KABKOTA,Kota Kendari,,0.0216443348271,1.21929531969,4326,5,,,Kota Kendari,Sulawesi Tenggara,,0,Kendari,,2021-10,3.6821512432087804,10,3.6821512432087804,VIIRS DNB,nW/cm2/sr,2021,"{""type"":""MultiPoint"",""coordinates"":[]}"
93_00000000000000000006,BA03050040,,,,,,,74.11,74,3992.53107078,TASWIL5000020230907KABKOTA,Kolaka Timur,,0.325055960897,4.62416724675,4326,4,,,Kolaka Timur,Sulawesi Tenggara,,0,Kolaka,,2021-10,0.34294931199757744,10,0.34294931199757744,VIIRS DNB,nW/cm2/sr,2021,"{""type"":""MultiPoint"",""coordinates"":[]}"
93_00000000000000000007,BA03050040,,,,,,,74.08,74,2932.25192061,TASWIL5000020230907KABKOTA,Kolaka Utara,,0.238597308701,3.90865020949,4326,4,,,Kolaka Utara,Sulawesi Tenggara,,0,Kolaka,,2021-10,0.27484923379499354,10,0.27484923379499354,VIIRS DNB,nW/cm2/sr,2021,"{""type"":""MultiPoint"",""coordinates"":[]}"
93_00000000000000000009,BA03050040,,,,,,,74.12,74,705.711010277,TASWIL5000020230907KABKOTA,Konawe Kepulauan,,0.0574768178025,1.17136047971,4326,4,,,Konawe Kepulauan,Sulawesi Tenggara,,0,Konawe,,2021-10,0.2951761556849225,10,0.2951761556849225,VIIRS DNB,nW/cm2/sr,2021,"{""type"":""MultiPoint"",""coordinates"":[]}"
93_0000000000000000000b,BA03050040,,,,,,,74.09,74,4219.81180817,TASWIL5000020230907KABKOTA,Konawe Utara,,0.343408045869,6.15591332033,4326,4,,,Konawe Utara,Sulawesi Tenggara,,0,Konawe,,2021-10,0.38548741316364554,10,0.38548741316364554,VIIRS DNB,nW/cm2/sr,2021,"{""type"":""MultiPoint"",""coordinates"":[]}"
93_00000000000000000004,BA03050040,,,,,,,74.10,74,1755.8292261,TASWIL5000020230907KABKOTA,Buton Utara,,0.143115018242,4.67921811895,4326,4,,,Buton Utara,Sulawesi Tenggara,,0,Muna,,2021-10,0.3139214971149432,10,0.3139214971149432,VIIRS DNB,nW/cm2/sr,2021,"{""type"":""MultiPoint"",""coordinates"":[]}"
93_0000000000000000000f,BA03050040,,,,,,,74.13,74,818.701593571,TASWIL5000020230907KABKOTA,Muna Barat,,0.0667415576998,2.65906981122,4326,4,,,Muna Barat,Sulawesi Tenggara,,0,Muna,,2021-10,0.37552971859455275,10,0.37552971859455275,VIIRS DNB,nW/cm2/sr,2021,"{""type"":""MultiPoint"",""coordinates"":[]}"
93_00000000000000000013,BA03050040,,,,,,,74.13,74,0.273099429049,TASWIL5000020230907KABKOTA,Muna Barat,Wilayah terapung,2.22679841875E-5,0.0295594995644,4326,4,,,Muna Barat,Sulawesi Tenggara,,0,Muna,,2021-10,0.39086643485386013,10,0.39086643485386013,VIIRS DNB,nW/cm2/sr,2021,"{""type"":""MultiPoint"",""coordinates"":[]}"
93_00000000000000000014,BA03050040,,,,,,,74.10,74,0.0480497061255,TASWIL5000020230907KABKOTA,Buton Utara,Wilayah terapung,3.9169026899E-6,0.0168384250334,4326,4,,,Buton Utara,Sulawesi Tenggara,,0,Muna,,2021-10,0.6571428733212606,10,0.6571428733212606,VIIRS DNB,nW/cm2/sr,2021,"{""type"":""MultiPoint"",""coordinates"":[]}"
94_00000000000000000001,BA03050040,,,,,,,74.04,74,1669.32863016,TASWIL5000020230907KABKOTA,Buton,,0.136188299866,3.04087674144,4326,4,,,Buton,Sulawesi Tenggara,,0,,,2021-11,0.2793821097206969,11,0.2793821097206969,VIIRS DNB,nW/cm2/sr,2021,"{""type"":""MultiPoint"",""coordinates"":[]}"
94_00000000000000000005,BA03050040,,,,,,,74.01,74,2958.9208572,TASWIL5000020230907KABKOTA,Kolaka,,0.240980839474,5.39527306777,4326,4,,,Kolaka,Sulawesi Tenggara,,0,,,2021-11,0.3675312814140857,11,0.3675312814140857,VIIRS DNB,nW/cm2/sr,2021,"{""type"":""MultiPoint"",""coordinates"":[]}"
94_00000000000000000008,BA03050040,,,,,,,74.02,74,5351.85263389,TASWIL5000020230907KABKOTA,Konawe,,0.435602118514,6.84601568998,4326,4,,,Konawe,Sulawesi Tenggara,,0,,,2021-11,0.42449330384782774,11,0.42449330384782774,VIIRS DNB,nW/cm2/sr,2021,"{""type"":""MultiPoint"",""coordinates"":[]}"
94_0000000000000000000e,BA03050040,,,,,,,74.03,74,1858.09481163,TASWIL5000020230907KABKOTA,Muna,,0.151502694674,5.32849464874,4326,4,,,Muna,Sulawesi Tenggara,,0,,,2021-11,0.3041539562200567,11,0.3041539562200567,VIIRS DNB,nW/cm2/sr,2021,"{""type"":""MultiPoint"",""coordinates"":[]}"
94_00000000000000000015,BA03050040,,,,,,,74.03,74,0.17024708351,TASWIL5000020230907KABKOTA,Muna,Wilayah terapung,1.38839187565E-5,0.039960941818,4326,4,,,Muna,Sulawesi Tenggara,,0,,,2021-11,0.17462427543766926,11,0.17462427543766926,VIIRS DNB,nW/cm2/sr,2021,"{""type"":""MultiPoint"",""coordinates"":[]}"
94_00000000000000000016,BA03050040,,,,,,,74.04,74,0.188157250699,TASWIL5000020230907KABKOTA,Buton,Wilayah terapung,1.53526521797E-5,0.0397338812277,4326,4,,,Buton,Sulawesi Tenggara,,0,,,2021-11,1.05690217860367,11,1.05690217860367,VIIRS DNB,nW/cm2/sr,2021,"{""type"":""MultiPoint"",""coordinates"":[]}"
94_00000000000000000000,BA03050040,,,,,,,74.06,74,3293.96639913,TASWIL5000020230907KABKOTA,Bombana,,0.268524880662,5.47167246052,4326,4,,,Bombana,Sulawesi Tenggara,,0,Buton,,2021-11,0.28713391876504407,11,0.28713391876504407,VIIRS DNB,nW/cm2/sr,2021,"{""type"":""MultiPoint"",""coordinates"":[]}"
94_00000000000000000002,BA03050040,,,,,,,74.15,74,517.631463505,TASWIL5000020230907KABKOTA,Buton Selatan,,0.042249508051,1.85498741345,4326,4,,,Buton Selatan,Sulawesi Tenggara,,0,Buton,,2021-11,0.3504119797042539,11,0.3504119797042539,VIIRS DNB,nW/cm2/sr,2021,"{""type"":""MultiPoint"",""coordinates"":[]}"
94_00000000000000000003,BA03050040,,,,,,,74.14,74,836.955797791,TASWIL5000020230907KABKOTA,Buton Tengah,,0.0682810706644,2.98412837401,4326,4,,,Buton Tengah,Sulawesi Tenggara,,0,Buton,,2021-11,0.3133222888078426,11,0.3133222888078426,VIIRS DNB,nW/cm2/sr,2021,"{""type"":""MultiPoint"",""coordinates"":[]}"
94_0000000000000000000c,BA03050040,,,,,,,74.72,74,294.137423231,TASWIL5000020230907KABKOTA,Kota Bau Bau,,0.0240007870008,0.955179337168,4326,5,,,Kota Bau Bau,Sulawesi Tenggara,,0,Buton,,2021-11,1.2353393325877764,11,1.2353393325877764,VIIRS DNB,nW/cm2/sr,2021,"{""type"":""MultiPoint"",""coordinates"":[]}"
94_00000000000000000010,BA03050040,,,,,,,74.07,74,450.455914283,TASWIL5000020230907KABKOTA,Wakatobi,,0.0367648905913,3.71804674371,4326,4,,,Wakatobi,Sulawesi Tenggara,,0,Buton,,2021-11,0.4120951485237979,11,0.4120951485237979,VIIRS DNB,nW/cm2/sr,2021,"{""type"":""MultiPoint"",""coordinates"":[]}"
94_00000000000000000011,BA03050040,,,,,,,74.07,74,0.253355482028,TASWIL5000020230907KABKOTA,Wakatobi,Wilayah terapung,2.06703594498E-5,0.0291924563304,4326,4,,,Wakatobi,Sulawesi Tenggara,,0,Buton,,2021-11,2.0657751287600794,11,2.0657751287600794,VIIRS DNB,nW/cm2/sr,2021,"{""type"":""MultiPoint"",""coordinates"":[]}"
94_00000000000000000012,BA03050040,,,,,,,74.07,74,4.12006083394,TASWIL5000020230907KABKOTA,Wakatobi,Wilayah terapung,3.36232999688E-4,0.124432278786,4326,4,,,Wakatobi,Sulawesi Tenggara,,0,Buton,,2021-11,0.30066745831768893,11,0.30066745831768893,VIIRS DNB,nW/cm2/sr,2021,"{""type"":""MultiPoint"",""coordinates"":[]}"
94_0000000000000000000a,BA03050040,,,,,,,74.05,74,4237.74051506,TASWIL5000020230907KABKOTA,Konawe Selatan,,0.345208073275,5.59324280043,4326,4,,,Konawe Selatan,Sulawesi Tenggara,,0,Kendari,,2021-11,0.3674526129770556,11,0.3674526129770556,VIIRS DNB,nW/cm2/sr,2021,"{""type"":""MultiPoint"",""coordinates"":[]}"
94_0000000000000000000d,BA03050040,,,,,,,74.71,74,265.790696582,TASWIL5000020230907KABKOTA,Kota Kendari,,0.0216443348271,1.21929531969,4326,5,,,Kota Kendari,Sulawesi Tenggara,,0,Kendari,,2021-11,4.077860602557646,11,4.077860602557646,VIIRS DNB,nW/cm2/sr,2021,"{""type"":""MultiPoint"",""coordinates"":[]}"
94_00000000000000000006,BA03050040,,,,,,,74.11,74,3992.53107078,TASWIL5000020230907KABKOTA,Kolaka Timur,,0.325055960897,4.62416724675,4326,4,,,Kolaka Timur,Sulawesi Tenggara,,0,Kolaka,,2021-11,0.31903878987790346,11,0.31903878987790346,VIIRS DNB,nW/cm2/sr,2021,"{""type"":""MultiPoint"",""coordinates"":[]}"
94_00000000000000000007,BA03050040,,,,,,,74.08,74,2932.25192061,TASWIL5000020230907KABKOTA,Kolaka Utara,,0.238597308701,3.90865020949,4326,4,,,Kolaka Utara,Sulawesi Tenggara,,0,Kolaka,,2021-11,0.29460705966626316,11,0.29460705966626316,VIIRS DNB,nW/cm2/sr,2021,"{""type"":""MultiPoint"",""coordinates"":[]}"
94_00000000000000000009,BA03050040,,,,,,,74.12,74,705.711010277,TASWIL5000020230907KABKOTA,Konawe Kepulauan,,0.0574768178025,1.17136047971,4326,4,,,Konawe Kepulauan,Sulawesi Tenggara,,0,Konawe,,2021-11,0.26422981334036577,11,0.26422981334036577,VIIRS DNB,nW/cm2/sr,2021,"{""type"":""MultiPoint"",""coordinates"":[]}"
94_0000000000000000000b,BA03050040,,,,,,,74.09,74,4219.81180817,TASWIL5000020230907KABKOTA,Konawe Utara,,0.343408045869,6.15591332033,4326,4,,,Konawe Utara,Sulawesi Tenggara,,0,Konawe,,2021-11,0.3330027334334728,11,0.3330027334334728,VIIRS DNB,nW/cm2/sr,2021,"{""type"":""MultiPoint"",""coordinates"":[]}"
94_00000000000000000004,BA03050040,,,,,,,74.10,74,1755.8292261,TASWIL5000020230907KABKOTA,Buton Utara,,0.143115018242,4.67921811895,4326,4,,,Buton Utara,Sulawesi Tenggara,,0,Muna,,2021-11,0.2461107485523955,11,0.2461107485523955,VIIRS DNB,nW/cm2/sr,2021,"{""type"":""MultiPoint"",""coordinates"":[]}"
94_0000000000000000000f,BA03050040,,,,,,,74.13,74,818.701593571,TASWIL5000020230907KABKOTA,Muna Barat,,0.0667415576998,2.65906981122,4326,4,,,Muna Barat,Sulawesi Tenggara,,0,Muna,,2021-11,0.2934168087551089,11,0.2934168087551089,VIIRS DNB,nW/cm2/sr,2021,"{""type"":""MultiPoint"",""coordinates"":[]}"
94_00000000000000000013,BA03050040,,,,,,,74.13,74,0.273099429049,TASWIL5000020230907KABKOTA,Muna Barat,Wilayah terapung,2.22679841875E-5,0.0295594995644,4326,4,,,Muna Barat,Sulawesi Tenggara,,0,Muna,,2021-11,0.271119138071253,11,0.271119138071253,VIIRS DNB,nW/cm2/sr,2021,"{""type"":""MultiPoint"",""coordinates"":[]}"
94_00000000000000000014,BA03050040,,,,,,,74.10,74,0.0480497061255,TASWIL5000020230907KABKOTA,Buton Utara,Wilayah terapung,3.9169026899E-6,0.0168384250334,4326,4,,,Buton Utara,Sulawesi Tenggara,,0,Muna,,2021-11,0.9114285452025278,11,0.9114285452025278,VIIRS DNB,nW/cm2/sr,2021,"{""type"":""MultiPoint"",""coordinates"":[]}"
95_00000000000000000001,BA03050040,,,,,,,74.04,74,1669.32863016,TASWIL5000020230907KABKOTA,Buton,,0.136188299866,3.04087674144,4326,4,,,Buton,Sulawesi Tenggara,,0,,,2021-12,0.2273730071135925,12,0.2273730071135925,VIIRS DNB,nW/cm2/sr,2021,"{""type"":""MultiPoint"",""coordinates"":[]}"
95_00000000000000000005,BA03050040,,,,,,,74.01,74,2958.9208572,TASWIL5000020230907KABKOTA,Kolaka,,0.240980839474,5.39527306777,4326,4,,,Kolaka,Sulawesi Tenggara,,0,,,2021-12,0.015690777819909477,12,0.015690777819909477,VIIRS DNB,nW/cm2/sr,2021,"{""type"":""MultiPoint"",""coordinates"":[]}"
95_00000000000000000008,BA03050040,,,,,,,74.02,74,5351.85263389,TASWIL5000020230907KABKOTA,Konawe,,0.435602118514,6.84601568998,4326,4,,,Konawe,Sulawesi Tenggara,,0,,,2021-12,0.0033731684480059355,12,0.0033731684480059355,VIIRS DNB,nW/cm2/sr,2021,"{""type"":""MultiPoint"",""coordinates"":[]}"
95_0000000000000000000e,BA03050040,,,,,,,74.03,74,1858.09481163,TASWIL5000020230907KABKOTA,Muna,,0.151502694674,5.32849464874,4326,4,,,Muna,Sulawesi Tenggara,,0,,,2021-12,0.45829197904922664,12,0.45829197904922664,VIIRS DNB,nW/cm2/sr,2021,"{""type"":""MultiPoint"",""coordinates"":[]}"
95_00000000000000000015,BA03050040,,,,,,,74.03,74,0.17024708351,TASWIL5000020230907KABKOTA,Muna,Wilayah terapung,1.38839187565E-5,0.039960941818,4326,4,,,Muna,Sulawesi Tenggara,,0,,,2021-12,0.2537572273629249,12,0.2537572273629249,VIIRS DNB,nW/cm2/sr,2021,"{""type"":""MultiPoint"",""coordinates"":[]}"
95_00000000000000000016,BA03050040,,,,,,,74.04,74,0.188157250699,TASWIL5000020230907KABKOTA,Buton,Wilayah terapung,1.53526521797E-5,0.0397338812277,4326,4,,,Buton,Sulawesi Tenggara,,0,,,2021-12,0.0,12,0.0,VIIRS DNB,nW/cm2/sr,2021,"{""type"":""MultiPoint"",""coordinates"":[]}"
95_00000000000000000000,BA03050040,,,,,,,74.06,74,3293.96639913,TASWIL5000020230907KABKOTA,Bombana,,0.268524880662,5.47167246052,4326,4,,,Bombana,Sulawesi Tenggara,,0,Buton,,2021-12,0.19040281643807988,12,0.19040281643807988,VIIRS DNB,nW/cm2/sr,2021,"{""type"":""MultiPoint"",""coordinates"":[]}"
95_00000000000000000002,BA03050040,,,,,,,74.15,74,517.631463505,TASWIL5000020230907KABKOTA,Buton Selatan,,0.042249508051,1.85498741345,4326,4,,,Buton Selatan,Sulawesi Tenggara,,0,Buton,,2021-12,0.21103804778927474,12,0.21103804778927474,VIIRS DNB,nW/cm2/sr,2021,"{""type"":""MultiPoint"",""coordinates"":[]}"
95_00000000000000000003,BA03050040,,,,,,,74.14,74,836.955797791,TASWIL5000020230907KABKOTA,Buton Tengah,,0.0682810706644,2.98412837401,4326,4,,,Buton Tengah,Sulawesi Tenggara,,0,Buton,,2021-12,0.4106364947216314,12,0.4106364947216314,VIIRS DNB,nW/cm2/sr,2021,"{""type"":""MultiPoint"",""coordinates"":[]}"
95_0000000000000000000c,BA03050040,,,,,,,74.72,74,294.137423231,TASWIL5000020230907KABKOTA,Kota Bau Bau,,0.0240007870008,0.955179337168,4326,5,,,Kota Bau Bau,Sulawesi Tenggara,,0,Buton,,2021-12,1.1597932634096577,12,1.1597932634096577,VIIRS DNB,nW/cm2/sr,2021,"{""type"":""MultiPoint"",""coordinates"":[]}"
95_00000000000000000010,BA03050040,,,,,,,74.07,74,450.455914283,TASWIL5000020230907KABKOTA,Wakatobi,,0.0367648905913,3.71804674371,4326,4,,,Wakatobi,Sulawesi Tenggara,,0,Buton,,2021-12,0.2386731819991329,12,0.2386731819991329,VIIRS DNB,nW/cm2/sr,2021,"{""type"":""MultiPoint"",""coordinates"":[]}"
95_00000000000000000011,BA03050040,,,,,,,74.07,74,0.253355482028,TASWIL5000020230907KABKOTA,Wakatobi,Wilayah terapung,2.06703594498E-5,0.0291924563304,4326,4,,,Wakatobi,Sulawesi Tenggara,,0,Buton,,2021-12,2.7758526919886126,12,2.7758526919886126,VIIRS DNB,nW/cm2/sr,2021,"{""type"":""MultiPoint"",""coordinates"":[]}"
95_00000000000000000012,BA03050040,,,,,,,74.07,74,4.12006083394,TASWIL5000020230907KABKOTA,Wakatobi,Wilayah terapung,3.36232999688E-4,0.124432278786,4326,4,,,Wakatobi,Sulawesi Tenggara,,0,Buton,,2021-12,0.020542012650585743,12,0.020542012650585743,VIIRS DNB,nW/cm2/sr,2021,"{""type"":""MultiPoint"",""coordinates"":[]}"
95_0000000000000000000a,BA03050040,,,,,,,74.05,74,4237.74051506,TASWIL5000020230907KABKOTA,Konawe Selatan,,0.345208073275,5.59324280043,4326,4,,,Konawe Selatan,Sulawesi Tenggara,,0,Kendari,,2021-12,0.14307768613010377,12,0.14307768613010377,VIIRS DNB,nW/cm2/sr,2021,"{""type"":""MultiPoint"",""coordinates"":[]}"
95_0000000000000000000d,BA03050040,,,,,,,74.71,74,265.790696582,TASWIL5000020230907KABKOTA,Kota Kendari,,0.0216443348271,1.21929531969,4326,5,,,Kota Kendari,Sulawesi Tenggara,,0,Kendari,,2021-12,0.9907869400889919,12,0.9907869400889919,VIIRS DNB,nW/cm2/sr,2021,"{""type"":""MultiPoint"",""coordinates"":[]}"
95_00000000000000000006,BA03050040,,,,,,,74.11,74,3992.53107078,TASWIL5000020230907KABKOTA,Kolaka Timur,,0.325055960897,4.62416724675,4326,4,,,Kolaka Timur,Sulawesi Tenggara,,0,Kolaka,,2021-12,0.001126940623755587,12,0.001126940623755587,VIIRS DNB,nW/cm2/sr,2021,"{""type"":""MultiPoint"",""coordinates"":[]}"
95_00000000000000000007,BA03050040,,,,,,,74.08,74,2932.25192061,TASWIL5000020230907KABKOTA,Kolaka Utara,,0.238597308701,3.90865020949,4326,4,,,Kolaka Utara,Sulawesi Tenggara,,0,Kolaka,,2021-12,0.0,12,0.0,VIIRS DNB,nW/cm2/sr,2021,"{""type"":""MultiPoint"",""coordinates"":[]}"
95_00000000000000000009,BA03050040,,,,,,,74.12,74,705.711010277,TASWIL5000020230907KABKOTA,Konawe Kepulauan,,0.0574768178025,1.17136047971,4326,4,,,Konawe Kepulauan,Sulawesi Tenggara,,0,Konawe,,2021-12,0.18324568393187074,12,0.18324568393187074,VIIRS DNB,nW/cm2/sr,2021,"{""type"":""MultiPoint"",""coordinates"":[]}"
95_0000000000000000000b,BA03050040,,,,,,,74.09,74,4219.81180817,TASWIL5000020230907KABKOTA,Konawe Utara,,0.343408045869,6.15591332033,4326,4,,,Konawe Utara,Sulawesi Tenggara,,0,Konawe,,2021-12,0.0,12,0.0,VIIRS DNB,nW/cm2/sr,2021,"{""type"":""MultiPoint"",""coordinates"":[]}"
95_00000000000000000004,BA03050040,,,,,,,74.10,74,1755.8292261,TASWIL5000020230907KABKOTA,Buton Utara,,0.143115018242,4.67921811895,4326,4,,,Buton Utara,Sulawesi Tenggara,,0,Muna,,2021-12,0.3316666476067513,12,0.3316666476067513,VIIRS DNB,nW/cm2/sr,2021,"{""type"":""MultiPoint"",""coordinates"":[]}"
95_0000000000000000000f,BA03050040,,,,,,,74.13,74,818.701593571,TASWIL5000020230907KABKOTA,Muna Barat,,0.0667415576998,2.65906981122,4326,4,,,Muna Barat,Sulawesi Tenggara,,0,Muna,,2021-12,0.457255664056869,12,0.457255664056869,VIIRS DNB,nW/cm2/sr,2021,"{""type"":""MultiPoint"",""coordinates"":[]}"
95_00000000000000000013,BA03050040,,,,,,,74.13,74,0.273099429049,TASWIL5000020230907KABKOTA,Muna Barat,Wilayah terapung,2.22679841875E-5,0.0295594995644,4326,4,,,Muna Barat,Sulawesi Tenggara,,0,Muna,,2021-12,0.16454874032886446,12,0.16454874032886446,VIIRS DNB,nW/cm2/sr,2021,"{""type"":""MultiPoint"",""coordinates"":[]}"
95_00000000000000000014,BA03050040,,,,,,,74.10,74,0.0480497061255,TASWIL5000020230907KABKOTA,Buton Utara,Wilayah terapung,3.9169026899E-6,0.0168384250334,4326,4,,,Buton Utara,Sulawesi Tenggara,,0,Muna,,2021-12,1.0242857464722226,12,1.0242857464722226,VIIRS DNB,nW/cm2/sr,2021,"{""type"":""MultiPoint"",""coordinates"":[]}"
96_00000000000000000001,BA03050040,,,,,,,74.04,74,1669.32863016,TASWIL5000020230907KABKOTA,Buton,,0.136188299866,3.04087674144,4326,4,,,Buton,Sulawesi Tenggara,,0,,,2022-01,0.126960474546587,1,0.126960474546587,VIIRS DNB,nW/cm2/sr,2022,"{""type"":""MultiPoint"",""coordinates"":[]}"
96_00000000000000000005,BA03050040,,,,,,,74.01,74,2958.9208572,TASWIL5000020230907KABKOTA,Kolaka,,0.240980839474,5.39527306777,4326,4,,,Kolaka,Sulawesi Tenggara,,0,,,2022-01,0.1883088136277848,1,0.1883088136277848,VIIRS DNB,nW/cm2/sr,2022,"{""type"":""MultiPoint"",""coordinates"":[]}"
96_00000000000000000008,BA03050040,,,,,,,74.02,74,5351.85263389,TASWIL5000020230907KABKOTA,Konawe,,0.435602118514,6.84601568998,4326,4,,,Konawe,Sulawesi Tenggara,,0,,,2022-01,0.2009959564669771,1,0.2009959564669771,VIIRS DNB,nW/cm2/sr,2022,"{""type"":""MultiPoint"",""coordinates"":[]}"
96_0000000000000000000e,BA03050040,,,,,,,74.03,74,1858.09481163,TASWIL5000020230907KABKOTA,Muna,,0.151502694674,5.32849464874,4326,4,,,Muna,Sulawesi Tenggara,,0,,,2022-01,0.20096678094799036,1,0.20096678094799036,VIIRS DNB,nW/cm2/sr,2022,"{""type"":""MultiPoint"",""coordinates"":[]}"
96_00000000000000000015,BA03050040,,,,,,,74.03,74,0.17024708351,TASWIL5000020230907KABKOTA,Muna,Wilayah terapung,1.38839187565E-5,0.039960941818,4326,4,,,Muna,Sulawesi Tenggara,,0,,,2022-01,0.0,1,0.0,VIIRS DNB,nW/cm2/sr,2022,"{""type"":""MultiPoint"",""coordinates"":[]}"
96_00000000000000000016,BA03050040,,,,,,,74.04,74,0.188157250699,TASWIL5000020230907KABKOTA,Buton,Wilayah terapung,1.53526521797E-5,0.0397338812277,4326,4,,,Buton,Sulawesi Tenggara,,0,,,2022-01,0.5412500111953074,1,0.5412500111953074,VIIRS DNB,nW/cm2/sr,2022,"{""type"":""MultiPoint"",""coordinates"":[]}"
96_00000000000000000000,BA03050040,,,,,,,74.06,74,3293.96639913,TASWIL5000020230907KABKOTA,Bombana,,0.268524880662,5.47167246052,4326,4,,,Bombana,Sulawesi Tenggara,,0,Buton,,2022-01,0.03994562559369268,1,0.03994562559369268,VIIRS DNB,nW/cm2/sr,2022,"{""type"":""MultiPoint"",""coordinates"":[]}"
96_00000000000000000002,BA03050040,,,,,,,74.15,74,517.631463505,TASWIL5000020230907KABKOTA,Buton Selatan,,0.042249508051,1.85498741345,4326,4,,,Buton Selatan,Sulawesi Tenggara,,0,Buton,,2022-01,0.016830625467922872,1,0.016830625467922872,VIIRS DNB,nW/cm2/sr,2022,"{""type"":""MultiPoint"",""coordinates"":[]}"
96_00000000000000000003,BA03050040,,,,,,,74.14,74,836.955797791,TASWIL5000020230907KABKOTA,Buton Tengah,,0.0682810706644,2.98412837401,4326,4,,,Buton Tengah,Sulawesi Tenggara,,0,Buton,,2022-01,0.012229790056278658,1,0.012229790056278658,VIIRS DNB,nW/cm2/sr,2022,"{""type"":""MultiPoint"",""coordinates"":[]}"
96_0000000000000000000c,BA03050040,,,,,,,74.72,74,294.137423231,TASWIL5000020230907KABKOTA,Kota Bau Bau,,0.0240007870008,0.955179337168,4326,5,,,Kota Bau Bau,Sulawesi Tenggara,,0,Buton,,2022-01,0.006705595725213225,1,0.006705595725213225,VIIRS DNB,nW/cm2/sr,2022,"{""type"":""MultiPoint"",""coordinates"":[]}"
96_00000000000000000010,BA03050040,,,,,,,74.07,74,450.455914283,TASWIL5000020230907KABKOTA,Wakatobi,,0.0367648905913,3.71804674371,4326,4,,,Wakatobi,Sulawesi Tenggara,,0,Buton,,2022-01,0.20722563380685777,1,0.20722563380685777,VIIRS DNB,nW/cm2/sr,2022,"{""type"":""MultiPoint"",""coordinates"":[]}"
96_00000000000000000011,BA03050040,,,,,,,74.07,74,0.253355482028,TASWIL5000020230907KABKOTA,Wakatobi,Wilayah terapung,2.06703594498E-5,0.0291924563304,4326,4,,,Wakatobi,Sulawesi Tenggara,,0,Buton,,2022-01,0.0,1,0.0,VIIRS DNB,nW/cm2/sr,2022,"{""type"":""MultiPoint"",""coordinates"":[]}"
96_00000000000000000012,BA03050040,,,,,,,74.07,74,4.12006083394,TASWIL5000020230907KABKOTA,Wakatobi,Wilayah terapung,3.36232999688E-4,0.124432278786,4326,4,,,Wakatobi,Sulawesi Tenggara,,0,Buton,,2022-01,0.22534911253748566,1,0.22534911253748566,VIIRS DNB,nW/cm2/sr,2022,"{""type"":""MultiPoint"",""coordinates"":[]}"
96_0000000000000000000a,BA03050040,,,,,,,74.05,74,4237.74051506,TASWIL5000020230907KABKOTA,Konawe Selatan,,0.345208073275,5.59324280043,4326,4,,,Konawe Selatan,Sulawesi Tenggara,,0,Kendari,,2022-01,0.28388772115272476,1,0.28388772115272476,VIIRS DNB,nW/cm2/sr,2022,"{""type"":""MultiPoint"",""coordinates"":[]}"
96_0000000000000000000d,BA03050040,,,,,,,74.71,74,265.790696582,TASWIL5000020230907KABKOTA,Kota Kendari,,0.0216443348271,1.21929531969,4326,5,,,Kota Kendari,Sulawesi Tenggara,,0,Kendari,,2022-01,0.7917769479647785,1,0.7917769479647785,VIIRS DNB,nW/cm2/sr,2022,"{""type"":""MultiPoint"",""coordinates"":[]}"
96_00000000000000000006,BA03050040,,,,,,,74.11,74,3992.53107078,TASWIL5000020230907KABKOTA,Kolaka Timur,,0.325055960897,4.62416724675,4326,4,,,Kolaka Timur,Sulawesi Tenggara,,0,Kolaka,,2022-01,0.17151706450723953,1,0.17151706450723953,VIIRS DNB,nW/cm2/sr,2022,"{""type"":""MultiPoint"",""coordinates"":[]}"
96_00000000000000000007,BA03050040,,,,,,,74.08,74,2932.25192061,TASWIL5000020230907KABKOTA,Kolaka Utara,,0.238597308701,3.90865020949,4326,4,,,Kolaka Utara,Sulawesi Tenggara,,0,Kolaka,,2022-01,0.11182271348177529,1,0.11182271348177529,VIIRS DNB,nW/cm2/sr,2022,"{""type"":""MultiPoint"",""coordinates"":[]}"
96_00000000000000000009,BA03050040,,,,,,,74.12,74,705.711010277,TASWIL5000020230907KABKOTA,Konawe Kepulauan,,0.0574768178025,1.17136047971,4326,4,,,Konawe Kepulauan,Sulawesi Tenggara,,0,Konawe,,2022-01,0.21780325126621483,1,0.21780325126621483,VIIRS DNB,nW/cm2/sr,2022,"{""type"":""MultiPoint"",""coordinates"":[]}"
96_0000000000000000000b,BA03050040,,,,,,,74.09,74,4219.81180817,TASWIL5000020230907KABKOTA,Konawe Utara,,0.343408045869,6.15591332033,4326,4,,,Konawe Utara,Sulawesi Tenggara,,0,Konawe,,2022-01,0.1831265589392206,1,0.1831265589392206,VIIRS DNB,nW/cm2/sr,2022,"{""type"":""MultiPoint"",""coordinates"":[]}"
96_00000000000000000004,BA03050040,,,,,,,74.10,74,1755.8292261,TASWIL5000020230907KABKOTA,Buton Utara,,0.143115018242,4.67921811895,4326,4,,,Buton Utara,Sulawesi Tenggara,,0,Muna,,2022-01,0.13586775651208122,1,0.13586775651208122,VIIRS DNB,nW/cm2/sr,2022,"{""type"":""MultiPoint"",""coordinates"":[]}"
96_0000000000000000000f,BA03050040,,,,,,,74.13,74,818.701593571,TASWIL5000020230907KABKOTA,Muna Barat,,0.0667415576998,2.65906981122,4326,4,,,Muna Barat,Sulawesi Tenggara,,0,Muna,,2022-01,0.10813968600897085,1,0.10813968600897085,VIIRS DNB,nW/cm2/sr,2022,"{""type"":""MultiPoint"",""coordinates"":[]}"
96_00000000000000000013,BA03050040,,,,,,,74.13,74,0.273099429049,TASWIL5000020230907KABKOTA,Muna Barat,Wilayah terapung,2.22679841875E-5,0.0295594995644,4326,4,,,Muna Barat,Sulawesi Tenggara,,0,Muna,,2022-01,0.0,1,0.0,VIIRS DNB,nW/cm2/sr,2022,"{""type"":""MultiPoint"",""coordinates"":[]}"
96_00000000000000000014,BA03050040,,,,,,,74.10,74,0.0480497061255,TASWIL5000020230907KABKOTA,Buton Utara,Wilayah terapung,3.9169026899E-6,0.0168384250334,4326,4,,,Buton Utara,Sulawesi Tenggara,,0,Muna,,2022-01,0.0,1,0.0,VIIRS DNB,nW/cm2/sr,2022,"{""type"":""MultiPoint"",""coordinates"":[]}"
97_00000000000000000001,BA03050040,,,,,,,74.04,74,1669.32863016,TASWIL5000020230907KABKOTA,Buton,,0.136188299866,3.04087674144,4326,4,,,Buton,Sulawesi Tenggara,,0,,,2022-02,0.1905866786755038,2,0.1905866786755038,VIIRS DNB,nW/cm2/sr,2022,"{""type"":""MultiPoint"",""coordinates"":[]}"
97_00000000000000000005,BA03050040,,,,,,,74.01,74,2958.9208572,TASWIL5000020230907KABKOTA,Kolaka,,0.240980839474,5.39527306777,4326,4,,,Kolaka,Sulawesi Tenggara,,0,,,2022-02,0.07926394034796712,2,0.07926394034796712,VIIRS DNB,nW/cm2/sr,2022,"{""type"":""MultiPoint"",""coordinates"":[]}"
97_00000000000000000008,BA03050040,,,,,,,74.02,74,5351.85263389,TASWIL5000020230907KABKOTA,Konawe,,0.435602118514,6.84601568998,4326,4,,,Konawe,Sulawesi Tenggara,,0,,,2022-02,0.024771807276430084,2,0.024771807276430084,VIIRS DNB,nW/cm2/sr,2022,"{""type"":""MultiPoint"",""coordinates"":[]}"
97_0000000000000000000e,BA03050040,,,,,,,74.03,74,1858.09481163,TASWIL5000020230907KABKOTA,Muna,,0.151502694674,5.32849464874,4326,4,,,Muna,Sulawesi Tenggara,,0,,,2022-02,0.10318993848095563,2,0.10318993848095563,VIIRS DNB,nW/cm2/sr,2022,"{""type"":""MultiPoint"",""coordinates"":[]}"
97_00000000000000000015,BA03050040,,,,,,,74.03,74,0.17024708351,TASWIL5000020230907KABKOTA,Muna,Wilayah terapung,1.38839187565E-5,0.039960941818,4326,4,,,Muna,Sulawesi Tenggara,,0,,,2022-02,0.3188439267391414,2,0.3188439267391414,VIIRS DNB,nW/cm2/sr,2022,"{""type"":""MultiPoint"",""coordinates"":[]}"
97_00000000000000000016,BA03050040,,,,,,,74.04,74,0.188157250699,TASWIL5000020230907KABKOTA,Buton,Wilayah terapung,1.53526521797E-5,0.0397338812277,4326,4,,,Buton,Sulawesi Tenggara,,0,,,2022-02,0.8300543479297474,2,0.8300543479297474,VIIRS DNB,nW/cm2/sr,2022,"{""type"":""MultiPoint"",""coordinates"":[]}"
97_00000000000000000000,BA03050040,,,,,,,74.06,74,3293.96639913,TASWIL5000020230907KABKOTA,Bombana,,0.268524880662,5.47167246052,4326,4,,,Bombana,Sulawesi Tenggara,,0,Buton,,2022-02,0.14503613259456516,2,0.14503613259456516,VIIRS DNB,nW/cm2/sr,2022,"{""type"":""MultiPoint"",""coordinates"":[]}"
97_00000000000000000002,BA03050040,,,,,,,74.15,74,517.631463505,TASWIL5000020230907KABKOTA,Buton Selatan,,0.042249508051,1.85498741345,4326,4,,,Buton Selatan,Sulawesi Tenggara,,0,Buton,,2022-02,0.32573506132511854,2,0.32573506132511854,VIIRS DNB,nW/cm2/sr,2022,"{""type"":""MultiPoint"",""coordinates"":[]}"
97_00000000000000000003,BA03050040,,,,,,,74.14,74,836.955797791,TASWIL5000020230907KABKOTA,Buton Tengah,,0.0682810706644,2.98412837401,4326,4,,,Buton Tengah,Sulawesi Tenggara,,0,Buton,,2022-02,0.32800179795935697,2,0.32800179795935697,VIIRS DNB,nW/cm2/sr,2022,"{""type"":""MultiPoint"",""coordinates"":[]}"
97_0000000000000000000c,BA03050040,,,,,,,74.72,74,294.137423231,TASWIL5000020230907KABKOTA,Kota Bau Bau,,0.0240007870008,0.955179337168,4326,5,,,Kota Bau Bau,Sulawesi Tenggara,,0,Buton,,2022-02,1.207064758219699,2,1.207064758219699,VIIRS DNB,nW/cm2/sr,2022,"{""type"":""MultiPoint"",""coordinates"":[]}"
97_00000000000000000010,BA03050040,,,,,,,74.07,74,450.455914283,TASWIL5000020230907KABKOTA,Wakatobi,,0.0367648905913,3.71804674371,4326,4,,,Wakatobi,Sulawesi Tenggara,,0,Buton,,2022-02,0.2228245648982287,2,0.2228245648982287,VIIRS DNB,nW/cm2/sr,2022,"{""type"":""MultiPoint"",""coordinates"":[]}"
97_00000000000000000011,BA03050040,,,,,,,74.07,74,0.253355482028,TASWIL5000020230907KABKOTA,Wakatobi,Wilayah terapung,2.06703594498E-5,0.0291924563304,4326,4,,,Wakatobi,Sulawesi Tenggara,,0,Buton,,2022-02,3.8739533683126286,2,3.8739533683126286,VIIRS DNB,nW/cm2/sr,2022,"{""type"":""MultiPoint"",""coordinates"":[]}"
97_00000000000000000012,BA03050040,,,,,,,74.07,74,4.12006083394,TASWIL5000020230907KABKOTA,Wakatobi,Wilayah terapung,3.36232999688E-4,0.124432278786,4326,4,,,Wakatobi,Sulawesi Tenggara,,0,Buton,,2022-02,0.23679999845708616,2,0.23679999845708616,VIIRS DNB,nW/cm2/sr,2022,"{""type"":""MultiPoint"",""coordinates"":[]}"
97_0000000000000000000a,BA03050040,,,,,,,74.05,74,4237.74051506,TASWIL5000020230907KABKOTA,Konawe Selatan,,0.345208073275,5.59324280043,4326,4,,,Konawe Selatan,Sulawesi Tenggara,,0,Kendari,,2022-02,0.12646472259017266,2,0.12646472259017266,VIIRS DNB,nW/cm2/sr,2022,"{""type"":""MultiPoint"",""coordinates"":[]}"
97_0000000000000000000d,BA03050040,,,,,,,74.71,74,265.790696582,TASWIL5000020230907KABKOTA,Kota Kendari,,0.0216443348271,1.21929531969,4326,5,,,Kota Kendari,Sulawesi Tenggara,,0,Kendari,,2022-02,3.7529136040486883,2,3.7529136040486883,VIIRS DNB,nW/cm2/sr,2022,"{""type"":""MultiPoint"",""coordinates"":[]}"
97_00000000000000000006,BA03050040,,,,,,,74.11,74,3992.53107078,TASWIL5000020230907KABKOTA,Kolaka Timur,,0.325055960897,4.62416724675,4326,4,,,Kolaka Timur,Sulawesi Tenggara,,0,Kolaka,,2022-02,0.043361677984417715,2,0.043361677984417715,VIIRS DNB,nW/cm2/sr,2022,"{""type"":""MultiPoint"",""coordinates"":[]}"
97_00000000000000000007,BA03050040,,,,,,,74.08,74,2932.25192061,TASWIL5000020230907KABKOTA,Kolaka Utara,,0.238597308701,3.90865020949,4326,4,,,Kolaka Utara,Sulawesi Tenggara,,0,Kolaka,,2022-02,0.07620294954206115,2,0.07620294954206115,VIIRS DNB,nW/cm2/sr,2022,"{""type"":""MultiPoint"",""coordinates"":[]}"
97_00000000000000000009,BA03050040,,,,,,,74.12,74,705.711010277,TASWIL5000020230907KABKOTA,Konawe Kepulauan,,0.0574768178025,1.17136047971,4326,4,,,Konawe Kepulauan,Sulawesi Tenggara,,0,Konawe,,2022-02,0.09770255747978075,2,0.09770255747978075,VIIRS DNB,nW/cm2/sr,2022,"{""type"":""MultiPoint"",""coordinates"":[]}"
97_0000000000000000000b,BA03050040,,,,,,,74.09,74,4219.81180817,TASWIL5000020230907KABKOTA,Konawe Utara,,0.343408045869,6.15591332033,4326,4,,,Konawe Utara,Sulawesi Tenggara,,0,Konawe,,2022-02,0.03788994744967945,2,0.03788994744967945,VIIRS DNB,nW/cm2/sr,2022,"{""type"":""MultiPoint"",""coordinates"":[]}"
97_00000000000000000004,BA03050040,,,,,,,74.10,74,1755.8292261,TASWIL5000020230907KABKOTA,Buton Utara,,0.143115018242,4.67921811895,4326,4,,,Buton Utara,Sulawesi Tenggara,,0,Muna,,2022-02,0.021933998181945642,2,0.021933998181945642,VIIRS DNB,nW/cm2/sr,2022,"{""type"":""MultiPoint"",""coordinates"":[]}"
97_0000000000000000000f,BA03050040,,,,,,,74.13,74,818.701593571,TASWIL5000020230907KABKOTA,Muna Barat,,0.0667415576998,2.65906981122,4326,4,,,Muna Barat,Sulawesi Tenggara,,0,Muna,,2022-02,0.042394591689123635,2,0.042394591689123635,VIIRS DNB,nW/cm2/sr,2022,"{""type"":""MultiPoint"",""coordinates"":[]}"
97_00000000000000000013,BA03050040,,,,,,,74.13,74,0.273099429049,TASWIL5000020230907KABKOTA,Muna Barat,Wilayah terapung,2.22679841875E-5,0.0295594995644,4326,4,,,Muna Barat,Sulawesi Tenggara,,0,Muna,,2022-02,0.0,2,0.0,VIIRS DNB,nW/cm2/sr,2022,"{""type"":""MultiPoint"",""coordinates"":[]}"
97_00000000000000000014,BA03050040,,,,,,,74.10,74,0.0480497061255,TASWIL5000020230907KABKOTA,Buton Utara,Wilayah terapung,3.9169026899E-6,0.0168384250334,4326,4,,,Buton Utara,Sulawesi Tenggara,,0,Muna,,2022-02,0.0,2,0.0,VIIRS DNB,nW/cm2/sr,2022,"{""type"":""MultiPoint"",""coordinates"":[]}"
98_00000000000000000001,BA03050040,,,,,,,74.04,74,1669.32863016,TASWIL5000020230907KABKOTA,Buton,,0.136188299866,3.04087674144,4326,4,,,Buton,Sulawesi Tenggara,,0,,,2022-03,0.3341510344945228,3,0.3341510344945228,VIIRS DNB,nW/cm2/sr,2022,"{""type"":""MultiPoint"",""coordinates"":[]}"
98_00000000000000000005,BA03050040,,,,,,,74.01,74,2958.9208572,TASWIL5000020230907KABKOTA,Kolaka,,0.240980839474,5.39527306777,4326,4,,,Kolaka,Sulawesi Tenggara,,0,,,2022-03,0.4735475970489277,3,0.4735475970489277,VIIRS DNB,nW/cm2/sr,2022,"{""type"":""MultiPoint"",""coordinates"":[]}"
98_00000000000000000008,BA03050040,,,,,,,74.02,74,5351.85263389,TASWIL5000020230907KABKOTA,Konawe,,0.435602118514,6.84601568998,4326,4,,,Konawe,Sulawesi Tenggara,,0,,,2022-03,0.5593446306596602,3,0.5593446306596602,VIIRS DNB,nW/cm2/sr,2022,"{""type"":""MultiPoint"",""coordinates"":[]}"
98_0000000000000000000e,BA03050040,,,,,,,74.03,74,1858.09481163,TASWIL5000020230907KABKOTA,Muna,,0.151502694674,5.32849464874,4326,4,,,Muna,Sulawesi Tenggara,,0,,,2022-03,0.38635788117571607,3,0.38635788117571607,VIIRS DNB,nW/cm2/sr,2022,"{""type"":""MultiPoint"",""coordinates"":[]}"
98_00000000000000000015,BA03050040,,,,,,,74.03,74,0.17024708351,TASWIL5000020230907KABKOTA,Muna,Wilayah terapung,1.38839187565E-5,0.039960941818,4326,4,,,Muna,Sulawesi Tenggara,,0,,,2022-03,0.21531791545752157,3,0.21531791545752157,VIIRS DNB,nW/cm2/sr,2022,"{""type"":""MultiPoint"",""coordinates"":[]}"
98_00000000000000000016,BA03050040,,,,,,,74.04,74,0.188157250699,TASWIL5000020230907KABKOTA,Buton,Wilayah terapung,1.53526521797E-5,0.0397338812277,4326,4,,,Buton,Sulawesi Tenggara,,0,,,2022-03,0.9357608725195348,3,0.9357608725195348,VIIRS DNB,nW/cm2/sr,2022,"{""type"":""MultiPoint"",""coordinates"":[]}"
98_00000000000000000000,BA03050040,,,,,,,74.06,74,3293.96639913,TASWIL5000020230907KABKOTA,Bombana,,0.268524880662,5.47167246052,4326,4,,,Bombana,Sulawesi Tenggara,,0,Buton,,2022-03,0.40848644773618314,3,0.40848644773618314,VIIRS DNB,nW/cm2/sr,2022,"{""type"":""MultiPoint"",""coordinates"":[]}"
98_00000000000000000002,BA03050040,,,,,,,74.15,74,517.631463505,TASWIL5000020230907KABKOTA,Buton Selatan,,0.042249508051,1.85498741345,4326,4,,,Buton Selatan,Sulawesi Tenggara,,0,Buton,,2022-03,0.42075179525834905,3,0.42075179525834905,VIIRS DNB,nW/cm2/sr,2022,"{""type"":""MultiPoint"",""coordinates"":[]}"
98_00000000000000000003,BA03050040,,,,,,,74.14,74,836.955797791,TASWIL5000020230907KABKOTA,Buton Tengah,,0.0682810706644,2.98412837401,4326,4,,,Buton Tengah,Sulawesi Tenggara,,0,Buton,,2022-03,0.4296428066246318,3,0.4296428066246318,VIIRS DNB,nW/cm2/sr,2022,"{""type"":""MultiPoint"",""coordinates"":[]}"
98_0000000000000000000c,BA03050040,,,,,,,74.72,74,294.137423231,TASWIL5000020230907KABKOTA,Kota Bau Bau,,0.0240007870008,0.955179337168,4326,5,,,Kota Bau Bau,Sulawesi Tenggara,,0,Buton,,2022-03,1.2582802770635297,3,1.2582802770635297,VIIRS DNB,nW/cm2/sr,2022,"{""type"":""MultiPoint"",""coordinates"":[]}"
98_00000000000000000010,BA03050040,,,,,,,74.07,74,450.455914283,TASWIL5000020230907KABKOTA,Wakatobi,,0.0367648905913,3.71804674371,4326,4,,,Wakatobi,Sulawesi Tenggara,,0,Buton,,2022-03,0.4868040718700606,3,0.4868040718700606,VIIRS DNB,nW/cm2/sr,2022,"{""type"":""MultiPoint"",""coordinates"":[]}"
98_00000000000000000011,BA03050040,,,,,,,74.07,74,0.253355482028,TASWIL5000020230907KABKOTA,Wakatobi,Wilayah terapung,2.06703594498E-5,0.0291924563304,4326,4,,,Wakatobi,Sulawesi Tenggara,,0,Buton,,2022-03,2.1209689810756567,3,2.1209689810756567,VIIRS DNB,nW/cm2/sr,2022,"{""type"":""MultiPoint"",""coordinates"":[]}"
98_00000000000000000012,BA03050040,,,,,,,74.07,74,4.12006083394,TASWIL5000020230907KABKOTA,Wakatobi,Wilayah terapung,3.36232999688E-4,0.124432278786,4326,4,,,Wakatobi,Sulawesi Tenggara,,0,Buton,,2022-03,0.39809467358349354,3,0.39809467358349354,VIIRS DNB,nW/cm2/sr,2022,"{""type"":""MultiPoint"",""coordinates"":[]}"
98_0000000000000000000a,BA03050040,,,,,,,74.05,74,4237.74051506,TASWIL5000020230907KABKOTA,Konawe Selatan,,0.345208073275,5.59324280043,4326,4,,,Konawe Selatan,Sulawesi Tenggara,,0,Kendari,,2022-03,0.4789855979693907,3,0.4789855979693907,VIIRS DNB,nW/cm2/sr,2022,"{""type"":""MultiPoint"",""coordinates"":[]}"
98_0000000000000000000d,BA03050040,,,,,,,74.71,74,265.790696582,TASWIL5000020230907KABKOTA,Kota Kendari,,0.0216443348271,1.21929531969,4326,5,,,Kota Kendari,Sulawesi Tenggara,,0,Kendari,,2022-03,4.021477257145639,3,4.021477257145639,VIIRS DNB,nW/cm2/sr,2022,"{""type"":""MultiPoint"",""coordinates"":[]}"
98_00000000000000000006,BA03050040,,,,,,,74.11,74,3992.53107078,TASWIL5000020230907KABKOTA,Kolaka Timur,,0.325055960897,4.62416724675,4326,4,,,Kolaka Timur,Sulawesi Tenggara,,0,Kolaka,,2022-03,0.3363193212291246,3,0.3363193212291246,VIIRS DNB,nW/cm2/sr,2022,"{""type"":""MultiPoint"",""coordinates"":[]}"
98_00000000000000000007,BA03050040,,,,,,,74.08,74,2932.25192061,TASWIL5000020230907KABKOTA,Kolaka Utara,,0.238597308701,3.90865020949,4326,4,,,Kolaka Utara,Sulawesi Tenggara,,0,Kolaka,,2022-03,0.20703488096773395,3,0.20703488096773395,VIIRS DNB,nW/cm2/sr,2022,"{""type"":""MultiPoint"",""coordinates"":[]}"
98_00000000000000000009,BA03050040,,,,,,,74.12,74,705.711010277,TASWIL5000020230907KABKOTA,Konawe Kepulauan,,0.0574768178025,1.17136047971,4326,4,,,Konawe Kepulauan,Sulawesi Tenggara,,0,Konawe,,2022-03,0.39837538162931674,3,0.39837538162931674,VIIRS DNB,nW/cm2/sr,2022,"{""type"":""MultiPoint"",""coordinates"":[]}"
98_0000000000000000000b,BA03050040,,,,,,,74.09,74,4219.81180817,TASWIL5000020230907KABKOTA,Konawe Utara,,0.343408045869,6.15591332033,4326,4,,,Konawe Utara,Sulawesi Tenggara,,0,Konawe,,2022-03,0.47177663501552525,3,0.47177663501552525,VIIRS DNB,nW/cm2/sr,2022,"{""type"":""MultiPoint"",""coordinates"":[]}"
98_00000000000000000004,BA03050040,,,,,,,74.10,74,1755.8292261,TASWIL5000020230907KABKOTA,Buton Utara,,0.143115018242,4.67921811895,4326,4,,,Buton Utara,Sulawesi Tenggara,,0,Muna,,2022-03,0.27333935838438495,3,0.27333935838438495,VIIRS DNB,nW/cm2/sr,2022,"{""type"":""MultiPoint"",""coordinates"":[]}"
98_0000000000000000000f,BA03050040,,,,,,,74.13,74,818.701593571,TASWIL5000020230907KABKOTA,Muna Barat,,0.0667415576998,2.65906981122,4326,4,,,Muna Barat,Sulawesi Tenggara,,0,Muna,,2022-03,0.3882415401615607,3,0.3882415401615607,VIIRS DNB,nW/cm2/sr,2022,"{""type"":""MultiPoint"",""coordinates"":[]}"
98_00000000000000000013,BA03050040,,,,,,,74.13,74,0.273099429049,TASWIL5000020230907KABKOTA,Muna Barat,Wilayah terapung,2.22679841875E-5,0.0295594995644,4326,4,,,Muna Barat,Sulawesi Tenggara,,0,Muna,,2022-03,0.3825270663207187,3,0.3825270663207187,VIIRS DNB,nW/cm2/sr,2022,"{""type"":""MultiPoint"",""coordinates"":[]}"
98_00000000000000000014,BA03050040,,,,,,,74.10,74,0.0480497061255,TASWIL5000020230907KABKOTA,Buton Utara,Wilayah terapung,3.9169026899E-6,0.0168384250334,4326,4,,,Buton Utara,Sulawesi Tenggara,,0,Muna,,2022-03,0.6014285598482405,3,0.6014285598482405,VIIRS DNB,nW/cm2/sr,2022,"{""type"":""MultiPoint"",""coordinates"":[]}"
99_00000000000000000001,BA03050040,,,,,,,74.04,74,1669.32863016,TASWIL5000020230907KABKOTA,Buton,,0.136188299866,3.04087674144,4326,4,,,Buton,Sulawesi Tenggara,,0,,,2022-04,0.425451944664771,4,0.425451944664771,VIIRS DNB,nW/cm2/sr,2022,"{""type"":""MultiPoint"",""coordinates"":[]}"
99_00000000000000000005,BA03050040,,,,,,,74.01,74,2958.9208572,TASWIL5000020230907KABKOTA,Kolaka,,0.240980839474,5.39527306777,4326,4,,,Kolaka,Sulawesi Tenggara,,0,,,2022-04,0.7158612529750156,4,0.7158612529750156,VIIRS DNB,nW/cm2/sr,2022,"{""type"":""MultiPoint"",""coordinates"":[]}"
99_00000000000000000008,BA03050040,,,,,,,74.02,74,5351.85263389,TASWIL5000020230907KABKOTA,Konawe,,0.435602118514,6.84601568998,4326,4,,,Konawe,Sulawesi Tenggara,,0,,,2022-04,0.7101116128989886,4,0.7101116128989886,VIIRS DNB,nW/cm2/sr,2022,"{""type"":""MultiPoint"",""coordinates"":[]}"
99_0000000000000000000e,BA03050040,,,,,,,74.03,74,1858.09481163,TASWIL5000020230907KABKOTA,Muna,,0.151502694674,5.32849464874,4326,4,,,Muna,Sulawesi Tenggara,,0,,,2022-04,0.48158588414509484,4,0.48158588414509484,VIIRS DNB,nW/cm2/sr,2022,"{""type"":""MultiPoint"",""coordinates"":[]}"
99_00000000000000000015,BA03050040,,,,,,,74.03,74,0.17024708351,TASWIL5000020230907KABKOTA,Muna,Wilayah terapung,1.38839187565E-5,0.039960941818,4326,4,,,Muna,Sulawesi Tenggara,,0,,,2022-04,0.4391329571001792,4,0.4391329571001792,VIIRS DNB,nW/cm2/sr,2022,"{""type"":""MultiPoint"",""coordinates"":[]}"
99_00000000000000000016,BA03050040,,,,,,,74.04,74,0.188157250699,TASWIL5000020230907KABKOTA,Buton,Wilayah terapung,1.53526521797E-5,0.0397338812277,4326,4,,,Buton,Sulawesi Tenggara,,0,,,2022-04,1.0932608577220337,4,1.0932608577220337,VIIRS DNB,nW/cm2/sr,2022,"{""type"":""MultiPoint"",""coordinates"":[]}"
99_00000000000000000000,BA03050040,,,,,,,74.06,74,3293.96639913,TASWIL5000020230907KABKOTA,Bombana,,0.268524880662,5.47167246052,4326,4,,,Bombana,Sulawesi Tenggara,,0,Buton,,2022-04,0.4765900199925834,4,0.4765900199925834,VIIRS DNB,nW/cm2/sr,2022,"{""type"":""MultiPoint"",""coordinates"":[]}"
99_00000000000000000002,BA03050040,,,,,,,74.15,74,517.631463505,TASWIL5000020230907KABKOTA,Buton Selatan,,0.042249508051,1.85498741345,4326,4,,,Buton Selatan,Sulawesi Tenggara,,0,Buton,,2022-04,0.4927701668845449,4,0.4927701668845449,VIIRS DNB,nW/cm2/sr,2022,"{""type"":""MultiPoint"",""coordinates"":[]}"
99_00000000000000000003,BA03050040,,,,,,,74.14,74,836.955797791,TASWIL5000020230907KABKOTA,Buton Tengah,,0.0682810706644,2.98412837401,4326,4,,,Buton Tengah,Sulawesi Tenggara,,0,Buton,,2022-04,0.4813143161478941,4,0.4813143161478941,VIIRS DNB,nW/cm2/sr,2022,"{""type"":""MultiPoint"",""coordinates"":[]}"
99_0000000000000000000c,BA03050040,,,,,,,74.72,74,294.137423231,TASWIL5000020230907KABKOTA,Kota Bau Bau,,0.0240007870008,0.955179337168,4326,5,,,Kota Bau Bau,Sulawesi Tenggara,,0,Buton,,2022-04,1.3736168009398484,4,1.3736168009398484,VIIRS DNB,nW/cm2/sr,2022,"{""type"":""MultiPoint"",""coordinates"":[]}"
99_00000000000000000010,BA03050040,,,,,,,74.07,74,450.455914283,TASWIL5000020230907KABKOTA,Wakatobi,,0.0367648905913,3.71804674371,4326,4,,,Wakatobi,Sulawesi Tenggara,,0,Buton,,2022-04,0.5341343470881776,4,0.5341343470881776,VIIRS DNB,nW/cm2/sr,2022,"{""type"":""MultiPoint"",""coordinates"":[]}"
99_00000000000000000011,BA03050040,,,,,,,74.07,74,0.253355482028,TASWIL5000020230907KABKOTA,Wakatobi,Wilayah terapung,2.06703594498E-5,0.0291924563304,4326,4,,,Wakatobi,Sulawesi Tenggara,,0,Buton,,2022-04,1.8048450015774071,4,1.8048450015774071,VIIRS DNB,nW/cm2/sr,2022,"{""type"":""MultiPoint"",""coordinates"":[]}"
99_00000000000000000012,BA03050040,,,,,,,74.07,74,4.12006083394,TASWIL5000020230907KABKOTA,Wakatobi,Wilayah terapung,3.36232999688E-4,0.124432278786,4326,4,,,Wakatobi,Sulawesi Tenggara,,0,Buton,,2022-04,0.4659834313674793,4,0.4659834313674793,VIIRS DNB,nW/cm2/sr,2022,"{""type"":""MultiPoint"",""coordinates"":[]}"
99_0000000000000000000a,BA03050040,,,,,,,74.05,74,4237.74051506,TASWIL5000020230907KABKOTA,Konawe Selatan,,0.345208073275,5.59324280043,4326,4,,,Konawe Selatan,Sulawesi Tenggara,,0,Kendari,,2022-04,0.5321442177111368,4,0.5321442177111368,VIIRS DNB,nW/cm2/sr,2022,"{""type"":""MultiPoint"",""coordinates"":[]}"
99_0000000000000000000d,BA03050040,,,,,,,74.71,74,265.790696582,TASWIL5000020230907KABKOTA,Kota Kendari,,0.0216443348271,1.21929531969,4326,5,,,Kota Kendari,Sulawesi Tenggara,,0,Kendari,,2022-04,3.7588149632503702,4,3.7588149632503702,VIIRS DNB,nW/cm2/sr,2022,"{""type"":""MultiPoint"",""coordinates"":[]}"
99_00000000000000000006,BA03050040,,,,,,,74.11,74,3992.53107078,TASWIL5000020230907KABKOTA,Kolaka Timur,,0.325055960897,4.62416724675,4326,4,,,Kolaka Timur,Sulawesi Tenggara,,0,Kolaka,,2022-04,0.4043946948608127,4,0.4043946948608127,VIIRS DNB,nW/cm2/sr,2022,"{""type"":""MultiPoint"",""coordinates"":[]}"
99_00000000000000000007,BA03050040,,,,,,,74.08,74,2932.25192061,TASWIL5000020230907KABKOTA,Kolaka Utara,,0.238597308701,3.90865020949,4326,4,,,Kolaka Utara,Sulawesi Tenggara,,0,Kolaka,,2022-04,0.347907416209846,4,0.347907416209846,VIIRS DNB,nW/cm2/sr,2022,"{""type"":""MultiPoint"",""coordinates"":[]}"
99_00000000000000000009,BA03050040,,,,,,,74.12,74,705.711010277,TASWIL5000020230907KABKOTA,Konawe Kepulauan,,0.0574768178025,1.17136047971,4326,4,,,Konawe Kepulauan,Sulawesi Tenggara,,0,Konawe,,2022-04,0.4604825162945292,4,0.4604825162945292,VIIRS DNB,nW/cm2/sr,2022,"{""type"":""MultiPoint"",""coordinates"":[]}"
99_0000000000000000000b,BA03050040,,,,,,,74.09,74,4219.81180817,TASWIL5000020230907KABKOTA,Konawe Utara,,0.343408045869,6.15591332033,4326,4,,,Konawe Utara,Sulawesi Tenggara,,0,Konawe,,2022-04,0.4391941192055251,4,0.4391941192055251,VIIRS DNB,nW/cm2/sr,2022,"{""type"":""MultiPoint"",""coordinates"":[]}"
99_00000000000000000004,BA03050040,,,,,,,74.10,74,1755.8292261,TASWIL5000020230907KABKOTA,Buton Utara,,0.143115018242,4.67921811895,4326,4,,,Buton Utara,Sulawesi Tenggara,,0,Muna,,2022-04,0.4203439175811908,4,0.4203439175811908,VIIRS DNB,nW/cm2/sr,2022,"{""type"":""MultiPoint"",""coordinates"":[]}"
99_0000000000000000000f,BA03050040,,,,,,,74.13,74,818.701593571,TASWIL5000020230907KABKOTA,Muna Barat,,0.0667415576998,2.65906981122,4326,4,,,Muna Barat,Sulawesi Tenggara,,0,Muna,,2022-04,0.5157216150495545,4,0.5157216150495545,VIIRS DNB,nW/cm2/sr,2022,"{""type"":""MultiPoint"",""coordinates"":[]}"
99_00000000000000000013,BA03050040,,,,,,,74.13,74,0.273099429049,TASWIL5000020230907KABKOTA,Muna Barat,Wilayah terapung,2.22679841875E-5,0.0295594995644,4326,4,,,Muna Barat,Sulawesi Tenggara,,0,Muna,,2022-04,0.4838628087878657,4,0.4838628087878657,VIIRS DNB,nW/cm2/sr,2022,"{""type"":""MultiPoint"",""coordinates"":[]}"
99_00000000000000000014,BA03050040,,,,,,,74.10,74,0.0480497061255,TASWIL5000020230907KABKOTA,Buton Utara,Wilayah terapung,3.9169026899E-6,0.0168384250334,4326,4,,,Buton Utara,Sulawesi Tenggara,,0,Muna,,2022-04,0.81142857670784,4,0.81142857670784,VIIRS DNB,nW/cm2/sr,2022,"{""type"":""MultiPoint"",""coordinates"":[]}"
100_00000000000000000001,BA03050040,,,,,,,74.04,74,1669.32863016,TASWIL5000020230907KABKOTA,Buton,,0.136188299866,3.04087674144,4326,4,,,Buton,Sulawesi Tenggara,,0,,,2022-05,0.34839435609885183,5,0.34839435609885183,VIIRS DNB,nW/cm2/sr,2022,"{""type"":""MultiPoint"",""coordinates"":[]}"
100_00000000000000000005,BA03050040,,,,,,,74.01,74,2958.9208572,TASWIL5000020230907KABKOTA,Kolaka,,0.240980839474,5.39527306777,4326,4,,,Kolaka,Sulawesi Tenggara,,0,,,2022-05,0.502211347218148,5,0.502211347218148,VIIRS DNB,nW/cm2/sr,2022,"{""type"":""MultiPoint"",""coordinates"":[]}"
100_00000000000000000008,BA03050040,,,,,,,74.02,74,5351.85263389,TASWIL5000020230907KABKOTA,Konawe,,0.435602118514,6.84601568998,4326,4,,,Konawe,Sulawesi Tenggara,,0,,,2022-05,0.557129358305185,5,0.557129358305185,VIIRS DNB,nW/cm2/sr,2022,"{""type"":""MultiPoint"",""coordinates"":[]}"
100_0000000000000000000e,BA03050040,,,,,,,74.03,74,1858.09481163,TASWIL5000020230907KABKOTA,Muna,,0.151502694674,5.32849464874,4326,4,,,Muna,Sulawesi Tenggara,,0,,,2022-05,0.3637820494713458,5,0.3637820494713458,VIIRS DNB,nW/cm2/sr,2022,"{""type"":""MultiPoint"",""coordinates"":[]}"
100_00000000000000000015,BA03050040,,,,,,,74.03,74,0.17024708351,TASWIL5000020230907KABKOTA,Muna,Wilayah terapung,1.38839187565E-5,0.039960941818,4326,4,,,Muna,Sulawesi Tenggara,,0,,,2022-05,0.2890751529807989,5,0.2890751529807989,VIIRS DNB,nW/cm2/sr,2022,"{""type"":""MultiPoint"",""coordinates"":[]}"
100_00000000000000000016,BA03050040,,,,,,,74.04,74,0.188157250699,TASWIL5000020230907KABKOTA,Buton,Wilayah terapung,1.53526521797E-5,0.0397338812277,4326,4,,,Buton,Sulawesi Tenggara,,0,,,2022-05,1.2588586774857151,5,1.2588586774857151,VIIRS DNB,nW/cm2/sr,2022,"{""type"":""MultiPoint"",""coordinates"":[]}"
100_00000000000000000000,BA03050040,,,,,,,74.06,74,3293.96639913,TASWIL5000020230907KABKOTA,Bombana,,0.268524880662,5.47167246052,4326,4,,,Bombana,Sulawesi Tenggara,,0,Buton,,2022-05,0.3727170956767363,5,0.3727170956767363,VIIRS DNB,nW/cm2/sr,2022,"{""type"":""MultiPoint"",""coordinates"":[]}"
100_00000000000000000002,BA03050040,,,,,,,74.15,74,517.631463505,TASWIL5000020230907KABKOTA,Buton Selatan,,0.042249508051,1.85498741345,4326,4,,,Buton Selatan,Sulawesi Tenggara,,0,Buton,,2022-05,0.4280301158621653,5,0.4280301158621653,VIIRS DNB,nW/cm2/sr,2022,"{""type"":""MultiPoint"",""coordinates"":[]}"
100_00000000000000000003,BA03050040,,,,,,,74.14,74,836.955797791,TASWIL5000020230907KABKOTA,Buton Tengah,,0.0682810706644,2.98412837401,4326,4,,,Buton Tengah,Sulawesi Tenggara,,0,Buton,,2022-05,0.39345869474728534,5,0.39345869474728534,VIIRS DNB,nW/cm2/sr,2022,"{""type"":""MultiPoint"",""coordinates"":[]}"
100_0000000000000000000c,BA03050040,,,,,,,74.72,74,294.137423231,TASWIL5000020230907KABKOTA,Kota Bau Bau,,0.0240007870008,0.955179337168,4326,5,,,Kota Bau Bau,Sulawesi Tenggara,,0,Buton,,2022-05,1.3409030729071625,5,1.3409030729071625,VIIRS DNB,nW/cm2/sr,2022,"{""type"":""MultiPoint"",""coordinates"":[]}"
100_00000000000000000010,BA03050040,,,,,,,74.07,74,450.455914283,TASWIL5000020230907KABKOTA,Wakatobi,,0.0367648905913,3.71804674371,4326,4,,,Wakatobi,Sulawesi Tenggara,,0,Buton,,2022-05,0.4652486090641669,5,0.4652486090641669,VIIRS DNB,nW/cm2/sr,2022,"{""type"":""MultiPoint"",""coordinates"":[]}"
100_00000000000000000011,BA03050040,,,,,,,74.07,74,0.253355482028,TASWIL5000020230907KABKOTA,Wakatobi,Wilayah terapung,2.06703594498E-5,0.0291924563304,4326,4,,,Wakatobi,Sulawesi Tenggara,,0,Buton,,2022-05,1.8820542489835457,5,1.8820542489835457,VIIRS DNB,nW/cm2/sr,2022,"{""type"":""MultiPoint"",""coordinates"":[]}"
100_00000000000000000012,BA03050040,,,,,,,74.07,74,4.12006083394,TASWIL5000020230907KABKOTA,Wakatobi,Wilayah terapung,3.36232999688E-4,0.124432278786,4326,4,,,Wakatobi,Sulawesi Tenggara,,0,Buton,,2022-05,0.3227337251118654,5,0.3227337251118654,VIIRS DNB,nW/cm2/sr,2022,"{""type"":""MultiPoint"",""coordinates"":[]}"
100_0000000000000000000a,BA03050040,,,,,,,74.05,74,4237.74051506,TASWIL5000020230907KABKOTA,Konawe Selatan,,0.345208073275,5.59324280043,4326,4,,,Konawe Selatan,Sulawesi Tenggara,,0,Kendari,,2022-05,0.42617805178019863,5,0.42617805178019863,VIIRS DNB,nW/cm2/sr,2022,"{""type"":""MultiPoint"",""coordinates"":[]}"
100_0000000000000000000d,BA03050040,,,,,,,74.71,74,265.790696582,TASWIL5000020230907KABKOTA,Kota Kendari,,0.0216443348271,1.21929531969,4326,5,,,Kota Kendari,Sulawesi Tenggara,,0,Kendari,,2022-05,3.905417771646958,5,3.905417771646958,VIIRS DNB,nW/cm2/sr,2022,"{""type"":""MultiPoint"",""coordinates"":[]}"
100_00000000000000000006,BA03050040,,,,,,,74.11,74,3992.53107078,TASWIL5000020230907KABKOTA,Kolaka Timur,,0.325055960897,4.62416724675,4326,4,,,Kolaka Timur,Sulawesi Tenggara,,0,Kolaka,,2022-05,0.3669999260391244,5,0.3669999260391244,VIIRS DNB,nW/cm2/sr,2022,"{""type"":""MultiPoint"",""coordinates"":[]}"
100_00000000000000000007,BA03050040,,,,,,,74.08,74,2932.25192061,TASWIL5000020230907KABKOTA,Kolaka Utara,,0.238597308701,3.90865020949,4326,4,,,Kolaka Utara,Sulawesi Tenggara,,0,Kolaka,,2022-05,0.36482799054725806,5,0.36482799054725806,VIIRS DNB,nW/cm2/sr,2022,"{""type"":""MultiPoint"",""coordinates"":[]}"
100_00000000000000000009,BA03050040,,,,,,,74.12,74,705.711010277,TASWIL5000020230907KABKOTA,Konawe Kepulauan,,0.0574768178025,1.17136047971,4326,4,,,Konawe Kepulauan,Sulawesi Tenggara,,0,Konawe,,2022-05,0.32780791875001636,5,0.32780791875001636,VIIRS DNB,nW/cm2/sr,2022,"{""type"":""MultiPoint"",""coordinates"":[]}"
100_0000000000000000000b,BA03050040,,,,,,,74.09,74,4219.81180817,TASWIL5000020230907KABKOTA,Konawe Utara,,0.343408045869,6.15591332033,4326,4,,,Konawe Utara,Sulawesi Tenggara,,0,Konawe,,2022-05,0.36641322425305706,5,0.36641322425305706,VIIRS DNB,nW/cm2/sr,2022,"{""type"":""MultiPoint"",""coordinates"":[]}"
100_00000000000000000004,BA03050040,,,,,,,74.10,74,1755.8292261,TASWIL5000020230907KABKOTA,Buton Utara,,0.143115018242,4.67921811895,4326,4,,,Buton Utara,Sulawesi Tenggara,,0,Muna,,2022-05,0.2991126706072513,5,0.2991126706072513,VIIRS DNB,nW/cm2/sr,2022,"{""type"":""MultiPoint"",""coordinates"":[]}"
100_0000000000000000000f,BA03050040,,,,,,,74.13,74,818.701593571,TASWIL5000020230907KABKOTA,Muna Barat,,0.0667415576998,2.65906981122,4326,4,,,Muna Barat,Sulawesi Tenggara,,0,Muna,,2022-05,0.36645735039371813,5,0.36645735039371813,VIIRS DNB,nW/cm2/sr,2022,"{""type"":""MultiPoint"",""coordinates"":[]}"
100_00000000000000000013,BA03050040,,,,,,,74.13,74,0.273099429049,TASWIL5000020230907KABKOTA,Muna Barat,Wilayah terapung,2.22679841875E-5,0.0295594995644,4326,4,,,Muna Barat,Sulawesi Tenggara,,0,Muna,,2022-05,0.2955595614247374,5,0.2955595614247374,VIIRS DNB,nW/cm2/sr,2022,"{""type"":""MultiPoint"",""coordinates"":[]}"
100_00000000000000000014,BA03050040,,,,,,,74.10,74,0.0480497061255,TASWIL5000020230907KABKOTA,Buton Utara,Wilayah terapung,3.9169026899E-6,0.0168384250334,4326,4,,,Buton Utara,Sulawesi Tenggara,,0,Muna,,2022-05,0.995714272771563,5,0.995714272771563,VIIRS DNB,nW/cm2/sr,2022,"{""type"":""MultiPoint"",""coordinates"":[]}"
101_00000000000000000001,BA03050040,,,,,,,74.04,74,1669.32863016,TASWIL5000020230907KABKOTA,Buton,,0.136188299866,3.04087674144,4326,4,,,Buton,Sulawesi Tenggara,,0,,,2022-06,0.2613128917020337,6,0.2613128917020337,VIIRS DNB,nW/cm2/sr,2022,"{""type"":""MultiPoint"",""coordinates"":[]}"
101_00000000000000000005,BA03050040,,,,,,,74.01,74,2958.9208572,TASWIL5000020230907KABKOTA,Kolaka,,0.240980839474,5.39527306777,4326,4,,,Kolaka,Sulawesi Tenggara,,0,,,2022-06,0.42413558808935464,6,0.42413558808935464,VIIRS DNB,nW/cm2/sr,2022,"{""type"":""MultiPoint"",""coordinates"":[]}"
101_00000000000000000008,BA03050040,,,,,,,74.02,74,5351.85263389,TASWIL5000020230907KABKOTA,Konawe,,0.435602118514,6.84601568998,4326,4,,,Konawe,Sulawesi Tenggara,,0,,,2022-06,0.5361141339632195,6,0.5361141339632195,VIIRS DNB,nW/cm2/sr,2022,"{""type"":""MultiPoint"",""coordinates"":[]}"
101_0000000000000000000e,BA03050040,,,,,,,74.03,74,1858.09481163,TASWIL5000020230907KABKOTA,Muna,,0.151502694674,5.32849464874,4326,4,,,Muna,Sulawesi Tenggara,,0,,,2022-06,0.30934815473669064,6,0.30934815473669064,VIIRS DNB,nW/cm2/sr,2022,"{""type"":""MultiPoint"",""coordinates"":[]}"
101_00000000000000000015,BA03050040,,,,,,,74.03,74,0.17024708351,TASWIL5000020230907KABKOTA,Muna,Wilayah terapung,1.38839187565E-5,0.039960941818,4326,4,,,Muna,Sulawesi Tenggara,,0,,,2022-06,0.2772254294398203,6,0.2772254294398203,VIIRS DNB,nW/cm2/sr,2022,"{""type"":""MultiPoint"",""coordinates"":[]}"
101_00000000000000000016,BA03050040,,,,,,,74.04,74,0.188157250699,TASWIL5000020230907KABKOTA,Buton,Wilayah terapung,1.53526521797E-5,0.0397338812277,4326,4,,,Buton,Sulawesi Tenggara,,0,,,2022-06,1.0101086876314622,6,1.0101086876314622,VIIRS DNB,nW/cm2/sr,2022,"{""type"":""MultiPoint"",""coordinates"":[]}"
101_00000000000000000000,BA03050040,,,,,,,74.06,74,3293.96639913,TASWIL5000020230907KABKOTA,Bombana,,0.268524880662,5.47167246052,4326,4,,,Bombana,Sulawesi Tenggara,,0,Buton,,2022-06,0.3121002877661172,6,0.3121002877661172,VIIRS DNB,nW/cm2/sr,2022,"{""type"":""MultiPoint"",""coordinates"":[]}"
101_00000000000000000002,BA03050040,,,,,,,74.15,74,517.631463505,TASWIL5000020230907KABKOTA,Buton Selatan,,0.042249508051,1.85498741345,4326,4,,,Buton Selatan,Sulawesi Tenggara,,0,Buton,,2022-06,0.32977800701186016,6,0.32977800701186016,VIIRS DNB,nW/cm2/sr,2022,"{""type"":""MultiPoint"",""coordinates"":[]}"
101_00000000000000000003,BA03050040,,,,,,,74.14,74,836.955797791,TASWIL5000020230907KABKOTA,Buton Tengah,,0.0682810706644,2.98412837401,4326,4,,,Buton Tengah,Sulawesi Tenggara,,0,Buton,,2022-06,0.33751280042223175,6,0.33751280042223175,VIIRS DNB,nW/cm2/sr,2022,"{""type"":""MultiPoint"",""coordinates"":[]}"
101_0000000000000000000c,BA03050040,,,,,,,74.72,74,294.137423231,TASWIL5000020230907KABKOTA,Kota Bau Bau,,0.0240007870008,0.955179337168,4326,5,,,Kota Bau Bau,Sulawesi Tenggara,,0,Buton,,2022-06,1.2918486434299854,6,1.2918486434299854,VIIRS DNB,nW/cm2/sr,2022,"{""type"":""MultiPoint"",""coordinates"":[]}"
101_00000000000000000010,BA03050040,,,,,,,74.07,74,450.455914283,TASWIL5000020230907KABKOTA,Wakatobi,,0.0367648905913,3.71804674371,4326,4,,,Wakatobi,Sulawesi Tenggara,,0,Buton,,2022-06,0.3914860321192852,6,0.3914860321192852,VIIRS DNB,nW/cm2/sr,2022,"{""type"":""MultiPoint"",""coordinates"":[]}"
101_00000000000000000011,BA03050040,,,,,,,74.07,74,0.253355482028,TASWIL5000020230907KABKOTA,Wakatobi,Wilayah terapung,2.06703594498E-5,0.0291924563304,4326,4,,,Wakatobi,Sulawesi Tenggara,,0,Buton,,2022-06,2.2559302897416345,6,2.2559302897416345,VIIRS DNB,nW/cm2/sr,2022,"{""type"":""MultiPoint"",""coordinates"":[]}"
101_00000000000000000012,BA03050040,,,,,,,74.07,74,4.12006083394,TASWIL5000020230907KABKOTA,Wakatobi,Wilayah terapung,3.36232999688E-4,0.124432278786,4326,4,,,Wakatobi,Sulawesi Tenggara,,0,Buton,,2022-06,0.28221301623702766,6,0.28221301623702766,VIIRS DNB,nW/cm2/sr,2022,"{""type"":""MultiPoint"",""coordinates"":[]}"
101_0000000000000000000a,BA03050040,,,,,,,74.05,74,4237.74051506,TASWIL5000020230907KABKOTA,Konawe Selatan,,0.345208073275,5.59324280043,4326,4,,,Konawe Selatan,Sulawesi Tenggara,,0,Kendari,,2022-06,0.37208133005291893,6,0.37208133005291893,VIIRS DNB,nW/cm2/sr,2022,"{""type"":""MultiPoint"",""coordinates"":[]}"
101_0000000000000000000d,BA03050040,,,,,,,74.71,74,265.790696582,TASWIL5000020230907KABKOTA,Kota Kendari,,0.0216443348271,1.21929531969,4326,5,,,Kota Kendari,Sulawesi Tenggara,,0,Kendari,,2022-06,3.813235240600795,6,3.813235240600795,VIIRS DNB,nW/cm2/sr,2022,"{""type"":""MultiPoint"",""coordinates"":[]}"
101_00000000000000000006,BA03050040,,,,,,,74.11,74,3992.53107078,TASWIL5000020230907KABKOTA,Kolaka Timur,,0.325055960897,4.62416724675,4326,4,,,Kolaka Timur,Sulawesi Tenggara,,0,Kolaka,,2022-06,0.28511349813273723,6,0.28511349813273723,VIIRS DNB,nW/cm2/sr,2022,"{""type"":""MultiPoint"",""coordinates"":[]}"
101_00000000000000000007,BA03050040,,,,,,,74.08,74,2932.25192061,TASWIL5000020230907KABKOTA,Kolaka Utara,,0.238597308701,3.90865020949,4326,4,,,Kolaka Utara,Sulawesi Tenggara,,0,Kolaka,,2022-06,0.2719326800502045,6,0.2719326800502045,VIIRS DNB,nW/cm2/sr,2022,"{""type"":""MultiPoint"",""coordinates"":[]}"
101_00000000000000000009,BA03050040,,,,,,,74.12,74,705.711010277,TASWIL5000020230907KABKOTA,Konawe Kepulauan,,0.0574768178025,1.17136047971,4326,4,,,Konawe Kepulauan,Sulawesi Tenggara,,0,Konawe,,2022-06,0.27373080431815383,6,0.27373080431815383,VIIRS DNB,nW/cm2/sr,2022,"{""type"":""MultiPoint"",""coordinates"":[]}"
101_0000000000000000000b,BA03050040,,,,,,,74.09,74,4219.81180817,TASWIL5000020230907KABKOTA,Konawe Utara,,0.343408045869,6.15591332033,4326,4,,,Konawe Utara,Sulawesi Tenggara,,0,Konawe,,2022-06,0.41405595299903614,6,0.41405595299903614,VIIRS DNB,nW/cm2/sr,2022,"{""type"":""MultiPoint"",""coordinates"":[]}"
101_00000000000000000004,BA03050040,,,,,,,74.10,74,1755.8292261,TASWIL5000020230907KABKOTA,Buton Utara,,0.143115018242,4.67921811895,4326,4,,,Buton Utara,Sulawesi Tenggara,,0,Muna,,2022-06,0.23397421070834498,6,0.23397421070834498,VIIRS DNB,nW/cm2/sr,2022,"{""type"":""MultiPoint"",""coordinates"":[]}"
101_0000000000000000000f,BA03050040,,,,,,,74.13,74,818.701593571,TASWIL5000020230907KABKOTA,Muna Barat,,0.0667415576998,2.65906981122,4326,4,,,Muna Barat,Sulawesi Tenggara,,0,Muna,,2022-06,0.32648247594240765,6,0.32648247594240765,VIIRS DNB,nW/cm2/sr,2022,"{""type"":""MultiPoint"",""coordinates"":[]}"
101_00000000000000000013,BA03050040,,,,,,,74.13,74,0.273099429049,TASWIL5000020230907KABKOTA,Muna Barat,Wilayah terapung,2.22679841875E-5,0.0295594995644,4326,4,,,Muna Barat,Sulawesi Tenggara,,0,Muna,,2022-06,0.33429602885934845,6,0.33429602885934845,VIIRS DNB,nW/cm2/sr,2022,"{""type"":""MultiPoint"",""coordinates"":[]}"
101_00000000000000000014,BA03050040,,,,,,,74.10,74,0.0480497061255,TASWIL5000020230907KABKOTA,Buton Utara,Wilayah terapung,3.9169026899E-6,0.0168384250334,4326,4,,,Buton Utara,Sulawesi Tenggara,,0,Muna,,2022-06,0.6785714285714287,6,0.6785714285714287,VIIRS DNB,nW/cm2/sr,2022,"{""type"":""MultiPoint"",""coordinates"":[]}"
102_00000000000000000001,BA03050040,,,,,,,74.04,74,1669.32863016,TASWIL5000020230907KABKOTA,Buton,,0.136188299866,3.04087674144,4326,4,,,Buton,Sulawesi Tenggara,,0,,,2022-07,-0.014786819420714307,7,-0.014786819420714307,VIIRS DNB,nW/cm2/sr,2022,"{""type"":""MultiPoint"",""coordinates"":[]}"
102_00000000000000000005,BA03050040,,,,,,,74.01,74,2958.9208572,TASWIL5000020230907KABKOTA,Kolaka,,0.240980839474,5.39527306777,4326,4,,,Kolaka,Sulawesi Tenggara,,0,,,2022-07,0.07462013333709486,7,0.07462013333709486,VIIRS DNB,nW/cm2/sr,2022,"{""type"":""MultiPoint"",""coordinates"":[]}"
102_00000000000000000008,BA03050040,,,,,,,74.02,74,5351.85263389,TASWIL5000020230907KABKOTA,Konawe,,0.435602118514,6.84601568998,4326,4,,,Konawe,Sulawesi Tenggara,,0,,,2022-07,0.4535927105507334,7,0.4535927105507334,VIIRS DNB,nW/cm2/sr,2022,"{""type"":""MultiPoint"",""coordinates"":[]}"
102_0000000000000000000e,BA03050040,,,,,,,74.03,74,1858.09481163,TASWIL5000020230907KABKOTA,Muna,,0.151502694674,5.32849464874,4326,4,,,Muna,Sulawesi Tenggara,,0,,,2022-07,0.012391451125617344,7,0.012391451125617344,VIIRS DNB,nW/cm2/sr,2022,"{""type"":""MultiPoint"",""coordinates"":[]}"
102_00000000000000000015,BA03050040,,,,,,,74.03,74,0.17024708351,TASWIL5000020230907KABKOTA,Muna,Wilayah terapung,1.38839187565E-5,0.039960941818,4326,4,,,Muna,Sulawesi Tenggara,,0,,,2022-07,-0.04271676030677523,7,-0.04271676030677523,VIIRS DNB,nW/cm2/sr,2022,"{""type"":""MultiPoint"",""coordinates"":[]}"
102_00000000000000000016,BA03050040,,,,,,,74.04,74,0.188157250699,TASWIL5000020230907KABKOTA,Buton,Wilayah terapung,1.53526521797E-5,0.0397338812277,4326,4,,,Buton,Sulawesi Tenggara,,0,,,2022-07,0.17152174049988392,7,0.17152174049988392,VIIRS DNB,nW/cm2/sr,2022,"{""type"":""MultiPoint"",""coordinates"":[]}"
102_00000000000000000000,BA03050040,,,,,,,74.06,74,3293.96639913,TASWIL5000020230907KABKOTA,Bombana,,0.268524880662,5.47167246052,4326,4,,,Bombana,Sulawesi Tenggara,,0,Buton,,2022-07,0.06961236671312426,7,0.06961236671312426,VIIRS DNB,nW/cm2/sr,2022,"{""type"":""MultiPoint"",""coordinates"":[]}"
102_00000000000000000002,BA03050040,,,,,,,74.15,74,517.631463505,TASWIL5000020230907KABKOTA,Buton Selatan,,0.042249508051,1.85498741345,4326,4,,,Buton Selatan,Sulawesi Tenggara,,0,Buton,,2022-07,0.017819547571727243,7,0.017819547571727243,VIIRS DNB,nW/cm2/sr,2022,"{""type"":""MultiPoint"",""coordinates"":[]}"
102_00000000000000000003,BA03050040,,,,,,,74.14,74,836.955797791,TASWIL5000020230907KABKOTA,Buton Tengah,,0.0682810706644,2.98412837401,4326,4,,,Buton Tengah,Sulawesi Tenggara,,0,Buton,,2022-07,0.06922679762807067,7,0.06922679762807067,VIIRS DNB,nW/cm2/sr,2022,"{""type"":""MultiPoint"",""coordinates"":[]}"
102_0000000000000000000c,BA03050040,,,,,,,74.72,74,294.137423231,TASWIL5000020230907KABKOTA,Kota Bau Bau,,0.0240007870008,0.955179337168,4326,5,,,Kota Bau Bau,Sulawesi Tenggara,,0,Buton,,2022-07,1.016956020814198,7,1.016956020814198,VIIRS DNB,nW/cm2/sr,2022,"{""type"":""MultiPoint"",""coordinates"":[]}"
102_00000000000000000010,BA03050040,,,,,,,74.07,74,450.455914283,TASWIL5000020230907KABKOTA,Wakatobi,,0.0367648905913,3.71804674371,4326,4,,,Wakatobi,Sulawesi Tenggara,,0,Buton,,2022-07,-0.0042916456188745265,7,-0.0042916456188745265,VIIRS DNB,nW/cm2/sr,2022,"{""type"":""MultiPoint"",""coordinates"":[]}"
102_00000000000000000011,BA03050040,,,,,,,74.07,74,0.253355482028,TASWIL5000020230907KABKOTA,Wakatobi,Wilayah terapung,2.06703594498E-5,0.0291924563304,4326,4,,,Wakatobi,Sulawesi Tenggara,,0,Buton,,2022-07,3.200852728167246,7,3.200852728167246,VIIRS DNB,nW/cm2/sr,2022,"{""type"":""MultiPoint"",""coordinates"":[]}"
102_00000000000000000012,BA03050040,,,,,,,74.07,74,4.12006083394,TASWIL5000020230907KABKOTA,Wakatobi,Wilayah terapung,3.36232999688E-4,0.124432278786,4326,4,,,Wakatobi,Sulawesi Tenggara,,0,Buton,,2022-07,-0.054605918419960695,7,-0.054605918419960695,VIIRS DNB,nW/cm2/sr,2022,"{""type"":""MultiPoint"",""coordinates"":[]}"
102_0000000000000000000a,BA03050040,,,,,,,74.05,74,4237.74051506,TASWIL5000020230907KABKOTA,Konawe Selatan,,0.345208073275,5.59324280043,4326,4,,,Konawe Selatan,Sulawesi Tenggara,,0,Kendari,,2022-07,0.16746587871758076,7,0.16746587871758076,VIIRS DNB,nW/cm2/sr,2022,"{""type"":""MultiPoint"",""coordinates"":[]}"
102_0000000000000000000d,BA03050040,,,,,,,74.71,74,265.790696582,TASWIL5000020230907KABKOTA,Kota Kendari,,0.0216443348271,1.21929531969,4326,5,,,Kota Kendari,Sulawesi Tenggara,,0,Kendari,,2022-07,3.5887895637593785,7,3.5887895637593785,VIIRS DNB,nW/cm2/sr,2022,"{""type"":""MultiPoint"",""coordinates"":[]}"
102_00000000000000000006,BA03050040,,,,,,,74.11,74,3992.53107078,TASWIL5000020230907KABKOTA,Kolaka Timur,,0.325055960897,4.62416724675,4326,4,,,Kolaka Timur,Sulawesi Tenggara,,0,Kolaka,,2022-07,0.08364021729840054,7,0.08364021729840054,VIIRS DNB,nW/cm2/sr,2022,"{""type"":""MultiPoint"",""coordinates"":[]}"
102_00000000000000000007,BA03050040,,,,,,,74.08,74,2932.25192061,TASWIL5000020230907KABKOTA,Kolaka Utara,,0.238597308701,3.90865020949,4326,4,,,Kolaka Utara,Sulawesi Tenggara,,0,Kolaka,,2022-07,0.08883495235151001,7,0.08883495235151001,VIIRS DNB,nW/cm2/sr,2022,"{""type"":""MultiPoint"",""coordinates"":[]}"
102_00000000000000000009,BA03050040,,,,,,,74.12,74,705.711010277,TASWIL5000020230907KABKOTA,Konawe Kepulauan,,0.0574768178025,1.17136047971,4326,4,,,Konawe Kepulauan,Sulawesi Tenggara,,0,Konawe,,2022-07,0.05777161878011141,7,0.05777161878011141,VIIRS DNB,nW/cm2/sr,2022,"{""type"":""MultiPoint"",""coordinates"":[]}"
102_0000000000000000000b,BA03050040,,,,,,,74.09,74,4219.81180817,TASWIL5000020230907KABKOTA,Konawe Utara,,0.343408045869,6.15591332033,4326,4,,,Konawe Utara,Sulawesi Tenggara,,0,Konawe,,2022-07,0.2515570510221428,7,0.2515570510221428,VIIRS DNB,nW/cm2/sr,2022,"{""type"":""MultiPoint"",""coordinates"":[]}"
102_00000000000000000004,BA03050040,,,,,,,74.10,74,1755.8292261,TASWIL5000020230907KABKOTA,Buton Utara,,0.143115018242,4.67921811895,4326,4,,,Buton Utara,Sulawesi Tenggara,,0,Muna,,2022-07,1.2420626738716986E-4,7,1.2420626738716986E-4,VIIRS DNB,nW/cm2/sr,2022,"{""type"":""MultiPoint"",""coordinates"":[]}"
102_0000000000000000000f,BA03050040,,,,,,,74.13,74,818.701593571,TASWIL5000020230907KABKOTA,Muna Barat,,0.0667415576998,2.65906981122,4326,4,,,Muna Barat,Sulawesi Tenggara,,0,Muna,,2022-07,0.05126914466675121,7,0.05126914466675121,VIIRS DNB,nW/cm2/sr,2022,"{""type"":""MultiPoint"",""coordinates"":[]}"
102_00000000000000000013,BA03050040,,,,,,,74.13,74,0.273099429049,TASWIL5000020230907KABKOTA,Muna Barat,Wilayah terapung,2.22679841875E-5,0.0295594995644,4326,4,,,Muna Barat,Sulawesi Tenggara,,0,Muna,,2022-07,0.02028881244711065,7,0.02028881244711065,VIIRS DNB,nW/cm2/sr,2022,"{""type"":""MultiPoint"",""coordinates"":[]}"
102_00000000000000000014,BA03050040,,,,,,,74.10,74,0.0480497061255,TASWIL5000020230907KABKOTA,Buton Utara,Wilayah terapung,3.9169026899E-6,0.0168384250334,4326,4,,,Buton Utara,Sulawesi Tenggara,,0,Muna,,2022-07,0.0,7,0.0,VIIRS DNB,nW/cm2/sr,2022,"{""type"":""MultiPoint"",""coordinates"":[]}"
103_00000000000000000001,BA03050040,,,,,,,74.04,74,1669.32863016,TASWIL5000020230907KABKOTA,Buton,,0.136188299866,3.04087674144,4326,4,,,Buton,Sulawesi Tenggara,,0,,,2022-08,0.32985527191484165,8,0.32985527191484165,VIIRS DNB,nW/cm2/sr,2022,"{""type"":""MultiPoint"",""coordinates"":[]}"
103_00000000000000000005,BA03050040,,,,,,,74.01,74,2958.9208572,TASWIL5000020230907KABKOTA,Kolaka,,0.240980839474,5.39527306777,4326,4,,,Kolaka,Sulawesi Tenggara,,0,,,2022-08,0.4704444985310611,8,0.4704444985310611,VIIRS DNB,nW/cm2/sr,2022,"{""type"":""MultiPoint"",""coordinates"":[]}"
103_00000000000000000008,BA03050040,,,,,,,74.02,74,5351.85263389,TASWIL5000020230907KABKOTA,Konawe,,0.435602118514,6.84601568998,4326,4,,,Konawe,Sulawesi Tenggara,,0,,,2022-08,0.5742885822213757,8,0.5742885822213757,VIIRS DNB,nW/cm2/sr,2022,"{""type"":""MultiPoint"",""coordinates"":[]}"
103_0000000000000000000e,BA03050040,,,,,,,74.03,74,1858.09481163,TASWIL5000020230907KABKOTA,Muna,,0.151502694674,5.32849464874,4326,4,,,Muna,Sulawesi Tenggara,,0,,,2022-08,0.370696804656222,8,0.370696804656222,VIIRS DNB,nW/cm2/sr,2022,"{""type"":""MultiPoint"",""coordinates"":[]}"
103_00000000000000000015,BA03050040,,,,,,,74.03,74,0.17024708351,TASWIL5000020230907KABKOTA,Muna,Wilayah terapung,1.38839187565E-5,0.039960941818,4326,4,,,Muna,Sulawesi Tenggara,,0,,,2022-08,0.29225433940832324,8,0.29225433940832324,VIIRS DNB,nW/cm2/sr,2022,"{""type"":""MultiPoint"",""coordinates"":[]}"
103_00000000000000000016,BA03050040,,,,,,,74.04,74,0.188157250699,TASWIL5000020230907KABKOTA,Buton,Wilayah terapung,1.53526521797E-5,0.0397338812277,4326,4,,,Buton,Sulawesi Tenggara,,0,,,2022-08,0.9579891199650974,8,0.9579891199650974,VIIRS DNB,nW/cm2/sr,2022,"{""type"":""MultiPoint"",""coordinates"":[]}"
103_00000000000000000000,BA03050040,,,,,,,74.06,74,3293.96639913,TASWIL5000020230907KABKOTA,Bombana,,0.268524880662,5.47167246052,4326,4,,,Bombana,Sulawesi Tenggara,,0,Buton,,2022-08,0.35064660975513906,8,0.35064660975513906,VIIRS DNB,nW/cm2/sr,2022,"{""type"":""MultiPoint"",""coordinates"":[]}"
103_00000000000000000002,BA03050040,,,,,,,74.15,74,517.631463505,TASWIL5000020230907KABKOTA,Buton Selatan,,0.042249508051,1.85498741345,4326,4,,,Buton Selatan,Sulawesi Tenggara,,0,Buton,,2022-08,0.3797932534789811,8,0.3797932534789811,VIIRS DNB,nW/cm2/sr,2022,"{""type"":""MultiPoint"",""coordinates"":[]}"
103_00000000000000000003,BA03050040,,,,,,,74.14,74,836.955797791,TASWIL5000020230907KABKOTA,Buton Tengah,,0.0682810706644,2.98412837401,4326,4,,,Buton Tengah,Sulawesi Tenggara,,0,Buton,,2022-08,0.37395592244119485,8,0.37395592244119485,VIIRS DNB,nW/cm2/sr,2022,"{""type"":""MultiPoint"",""coordinates"":[]}"
103_0000000000000000000c,BA03050040,,,,,,,74.72,74,294.137423231,TASWIL5000020230907KABKOTA,Kota Bau Bau,,0.0240007870008,0.955179337168,4326,5,,,Kota Bau Bau,Sulawesi Tenggara,,0,Buton,,2022-08,1.307324805772021,8,1.307324805772021,VIIRS DNB,nW/cm2/sr,2022,"{""type"":""MultiPoint"",""coordinates"":[]}"
103_00000000000000000010,BA03050040,,,,,,,74.07,74,450.455914283,TASWIL5000020230907KABKOTA,Wakatobi,,0.0367648905913,3.71804674371,4326,4,,,Wakatobi,Sulawesi Tenggara,,0,Buton,,2022-08,0.5391419073951399,8,0.5391419073951399,VIIRS DNB,nW/cm2/sr,2022,"{""type"":""MultiPoint"",""coordinates"":[]}"
103_00000000000000000011,BA03050040,,,,,,,74.07,74,0.253355482028,TASWIL5000020230907KABKOTA,Wakatobi,Wilayah terapung,2.06703594498E-5,0.0291924563304,4326,4,,,Wakatobi,Sulawesi Tenggara,,0,Buton,,2022-08,2.427054297092349,8,2.427054297092349,VIIRS DNB,nW/cm2/sr,2022,"{""type"":""MultiPoint"",""coordinates"":[]}"
103_00000000000000000012,BA03050040,,,,,,,74.07,74,4.12006083394,TASWIL5000020230907KABKOTA,Wakatobi,Wilayah terapung,3.36232999688E-4,0.124432278786,4326,4,,,Wakatobi,Sulawesi Tenggara,,0,Buton,,2022-08,0.3649846122956136,8,0.3649846122956136,VIIRS DNB,nW/cm2/sr,2022,"{""type"":""MultiPoint"",""coordinates"":[]}"
103_0000000000000000000a,BA03050040,,,,,,,74.05,74,4237.74051506,TASWIL5000020230907KABKOTA,Konawe Selatan,,0.345208073275,5.59324280043,4326,4,,,Konawe Selatan,Sulawesi Tenggara,,0,Kendari,,2022-08,0.39394582330790223,8,0.39394582330790223,VIIRS DNB,nW/cm2/sr,2022,"{""type"":""MultiPoint"",""coordinates"":[]}"
103_0000000000000000000d,BA03050040,,,,,,,74.71,74,265.790696582,TASWIL5000020230907KABKOTA,Kota Kendari,,0.0216443348271,1.21929531969,4326,5,,,Kota Kendari,Sulawesi Tenggara,,0,Kendari,,2022-08,3.1860600317336094,8,3.1860600317336094,VIIRS DNB,nW/cm2/sr,2022,"{""type"":""MultiPoint"",""coordinates"":[]}"
103_00000000000000000006,BA03050040,,,,,,,74.11,74,3992.53107078,TASWIL5000020230907KABKOTA,Kolaka Timur,,0.325055960897,4.62416724675,4326,4,,,Kolaka Timur,Sulawesi Tenggara,,0,Kolaka,,2022-08,0.33071585842330536,8,0.33071585842330536,VIIRS DNB,nW/cm2/sr,2022,"{""type"":""MultiPoint"",""coordinates"":[]}"
103_00000000000000000007,BA03050040,,,,,,,74.08,74,2932.25192061,TASWIL5000020230907KABKOTA,Kolaka Utara,,0.238597308701,3.90865020949,4326,4,,,Kolaka Utara,Sulawesi Tenggara,,0,Kolaka,,2022-08,0.29341754918818685,8,0.29341754918818685,VIIRS DNB,nW/cm2/sr,2022,"{""type"":""MultiPoint"",""coordinates"":[]}"
103_00000000000000000009,BA03050040,,,,,,,74.12,74,705.711010277,TASWIL5000020230907KABKOTA,Konawe Kepulauan,,0.0574768178025,1.17136047971,4326,4,,,Konawe Kepulauan,Sulawesi Tenggara,,0,Konawe,,2022-08,0.3677020219180936,8,0.3677020219180936,VIIRS DNB,nW/cm2/sr,2022,"{""type"":""MultiPoint"",""coordinates"":[]}"
103_0000000000000000000b,BA03050040,,,,,,,74.09,74,4219.81180817,TASWIL5000020230907KABKOTA,Konawe Utara,,0.343408045869,6.15591332033,4326,4,,,Konawe Utara,Sulawesi Tenggara,,0,Konawe,,2022-08,0.39175092135744305,8,0.39175092135744305,VIIRS DNB,nW/cm2/sr,2022,"{""type"":""MultiPoint"",""coordinates"":[]}"
103_00000000000000000004,BA03050040,,,,,,,74.10,74,1755.8292261,TASWIL5000020230907KABKOTA,Buton Utara,,0.143115018242,4.67921811895,4326,4,,,Buton Utara,Sulawesi Tenggara,,0,Muna,,2022-08,0.31017520177173036,8,0.31017520177173036,VIIRS DNB,nW/cm2/sr,2022,"{""type"":""MultiPoint"",""coordinates"":[]}"
103_0000000000000000000f,BA03050040,,,,,,,74.13,74,818.701593571,TASWIL5000020230907KABKOTA,Muna Barat,,0.0667415576998,2.65906981122,4326,4,,,Muna Barat,Sulawesi Tenggara,,0,Muna,,2022-08,0.342620971798303,8,0.342620971798303,VIIRS DNB,nW/cm2/sr,2022,"{""type"":""MultiPoint"",""coordinates"":[]}"
103_00000000000000000013,BA03050040,,,,,,,74.13,74,0.273099429049,TASWIL5000020230907KABKOTA,Muna Barat,Wilayah terapung,2.22679841875E-5,0.0295594995644,4326,4,,,Muna Barat,Sulawesi Tenggara,,0,Muna,,2022-08,0.28274368099357244,8,0.28274368099357244,VIIRS DNB,nW/cm2/sr,2022,"{""type"":""MultiPoint"",""coordinates"":[]}"
103_00000000000000000014,BA03050040,,,,,,,74.10,74,0.0480497061255,TASWIL5000020230907KABKOTA,Buton Utara,Wilayah terapung,3.9169026899E-6,0.0168384250334,4326,4,,,Buton Utara,Sulawesi Tenggara,,0,Muna,,2022-08,0.9114285452025278,8,0.9114285452025278,VIIRS DNB,nW/cm2/sr,2022,"{""type"":""MultiPoint"",""coordinates"":[]}"
104_00000000000000000001,BA03050040,,,,,,,74.04,74,1669.32863016,TASWIL5000020230907KABKOTA,Buton,,0.136188299866,3.04087674144,4326,4,,,Buton,Sulawesi Tenggara,,0,,,2022-09,0.36672967010135005,9,0.36672967010135005,VIIRS DNB,nW/cm2/sr,2022,"{""type"":""MultiPoint"",""coordinates"":[]}"
104_00000000000000000005,BA03050040,,,,,,,74.01,74,2958.9208572,TASWIL5000020230907KABKOTA,Kolaka,,0.240980839474,5.39527306777,4326,4,,,Kolaka,Sulawesi Tenggara,,0,,,2022-09,0.5072475151930003,9,0.5072475151930003,VIIRS DNB,nW/cm2/sr,2022,"{""type"":""MultiPoint"",""coordinates"":[]}"
104_00000000000000000008,BA03050040,,,,,,,74.02,74,5351.85263389,TASWIL5000020230907KABKOTA,Konawe,,0.435602118514,6.84601568998,4326,4,,,Konawe,Sulawesi Tenggara,,0,,,2022-09,0.5142077482501204,9,0.5142077482501204,VIIRS DNB,nW/cm2/sr,2022,"{""type"":""MultiPoint"",""coordinates"":[]}"
104_0000000000000000000e,BA03050040,,,,,,,74.03,74,1858.09481163,TASWIL5000020230907KABKOTA,Muna,,0.151502694674,5.32849464874,4326,4,,,Muna,Sulawesi Tenggara,,0,,,2022-09,0.38556542709837305,9,0.38556542709837305,VIIRS DNB,nW/cm2/sr,2022,"{""type"":""MultiPoint"",""coordinates"":[]}"
104_00000000000000000015,BA03050040,,,,,,,74.03,74,0.17024708351,TASWIL5000020230907KABKOTA,Muna,Wilayah terapung,1.38839187565E-5,0.039960941818,4326,4,,,Muna,Sulawesi Tenggara,,0,,,2022-09,0.35820809092824857,9,0.35820809092824857,VIIRS DNB,nW/cm2/sr,2022,"{""type"":""MultiPoint"",""coordinates"":[]}"
104_00000000000000000016,BA03050040,,,,,,,74.04,74,0.188157250699,TASWIL5000020230907KABKOTA,Buton,Wilayah terapung,1.53526521797E-5,0.0397338812277,4326,4,,,Buton,Sulawesi Tenggara,,0,,,2022-09,1.0129891271176545,9,1.0129891271176545,VIIRS DNB,nW/cm2/sr,2022,"{""type"":""MultiPoint"",""coordinates"":[]}"
104_00000000000000000000,BA03050040,,,,,,,74.06,74,3293.96639913,TASWIL5000020230907KABKOTA,Bombana,,0.268524880662,5.47167246052,4326,4,,,Bombana,Sulawesi Tenggara,,0,Buton,,2022-09,0.3868134715841986,9,0.3868134715841986,VIIRS DNB,nW/cm2/sr,2022,"{""type"":""MultiPoint"",""coordinates"":[]}"
104_00000000000000000002,BA03050040,,,,,,,74.15,74,517.631463505,TASWIL5000020230907KABKOTA,Buton Selatan,,0.042249508051,1.85498741345,4326,4,,,Buton Selatan,Sulawesi Tenggara,,0,Buton,,2022-09,0.44234440510245626,9,0.44234440510245626,VIIRS DNB,nW/cm2/sr,2022,"{""type"":""MultiPoint"",""coordinates"":[]}"
104_00000000000000000003,BA03050040,,,,,,,74.14,74,836.955797791,TASWIL5000020230907KABKOTA,Buton Tengah,,0.0682810706644,2.98412837401,4326,4,,,Buton Tengah,Sulawesi Tenggara,,0,Buton,,2022-09,0.41935198563194576,9,0.41935198563194576,VIIRS DNB,nW/cm2/sr,2022,"{""type"":""MultiPoint"",""coordinates"":[]}"
104_0000000000000000000c,BA03050040,,,,,,,74.72,74,294.137423231,TASWIL5000020230907KABKOTA,Kota Bau Bau,,0.0240007870008,0.955179337168,4326,5,,,Kota Bau Bau,Sulawesi Tenggara,,0,Buton,,2022-09,1.4554105498419174,9,1.4554105498419174,VIIRS DNB,nW/cm2/sr,2022,"{""type"":""MultiPoint"",""coordinates"":[]}"
104_00000000000000000010,BA03050040,,,,,,,74.07,74,450.455914283,TASWIL5000020230907KABKOTA,Wakatobi,,0.0367648905913,3.71804674371,4326,4,,,Wakatobi,Sulawesi Tenggara,,0,Buton,,2022-09,0.5132571325195011,9,0.5132571325195011,VIIRS DNB,nW/cm2/sr,2022,"{""type"":""MultiPoint"",""coordinates"":[]}"
104_00000000000000000011,BA03050040,,,,,,,74.07,74,0.253355482028,TASWIL5000020230907KABKOTA,Wakatobi,Wilayah terapung,2.06703594498E-5,0.0291924563304,4326,4,,,Wakatobi,Sulawesi Tenggara,,0,Buton,,2022-09,2.2669379828974257,9,2.2669379828974257,VIIRS DNB,nW/cm2/sr,2022,"{""type"":""MultiPoint"",""coordinates"":[]}"
104_00000000000000000012,BA03050040,,,,,,,74.07,74,4.12006083394,TASWIL5000020230907KABKOTA,Wakatobi,Wilayah terapung,3.36232999688E-4,0.124432278786,4326,4,,,Wakatobi,Sulawesi Tenggara,,0,Buton,,2022-09,0.42786035369839187,9,0.42786035369839187,VIIRS DNB,nW/cm2/sr,2022,"{""type"":""MultiPoint"",""coordinates"":[]}"
104_0000000000000000000a,BA03050040,,,,,,,74.05,74,4237.74051506,TASWIL5000020230907KABKOTA,Konawe Selatan,,0.345208073275,5.59324280043,4326,4,,,Konawe Selatan,Sulawesi Tenggara,,0,Kendari,,2022-09,0.4408646961300153,9,0.4408646961300153,VIIRS DNB,nW/cm2/sr,2022,"{""type"":""MultiPoint"",""coordinates"":[]}"
104_0000000000000000000d,BA03050040,,,,,,,74.71,74,265.790696582,TASWIL5000020230907KABKOTA,Kota Kendari,,0.0216443348271,1.21929531969,4326,5,,,Kota Kendari,Sulawesi Tenggara,,0,Kendari,,2022-09,4.048471699612397,9,4.048471699612397,VIIRS DNB,nW/cm2/sr,2022,"{""type"":""MultiPoint"",""coordinates"":[]}"
104_00000000000000000006,BA03050040,,,,,,,74.11,74,3992.53107078,TASWIL5000020230907KABKOTA,Kolaka Timur,,0.325055960897,4.62416724675,4326,4,,,Kolaka Timur,Sulawesi Tenggara,,0,Kolaka,,2022-09,0.3216547473364856,9,0.3216547473364856,VIIRS DNB,nW/cm2/sr,2022,"{""type"":""MultiPoint"",""coordinates"":[]}"
104_00000000000000000007,BA03050040,,,,,,,74.08,74,2932.25192061,TASWIL5000020230907KABKOTA,Kolaka Utara,,0.238597308701,3.90865020949,4326,4,,,Kolaka Utara,Sulawesi Tenggara,,0,Kolaka,,2022-09,0.32206692092191586,9,0.32206692092191586,VIIRS DNB,nW/cm2/sr,2022,"{""type"":""MultiPoint"",""coordinates"":[]}"
104_00000000000000000009,BA03050040,,,,,,,74.12,74,705.711010277,TASWIL5000020230907KABKOTA,Konawe Kepulauan,,0.0574768178025,1.17136047971,4326,4,,,Konawe Kepulauan,Sulawesi Tenggara,,0,Konawe,,2022-09,0.39177989191597057,9,0.39177989191597057,VIIRS DNB,nW/cm2/sr,2022,"{""type"":""MultiPoint"",""coordinates"":[]}"
104_0000000000000000000b,BA03050040,,,,,,,74.09,74,4219.81180817,TASWIL5000020230907KABKOTA,Konawe Utara,,0.343408045869,6.15591332033,4326,4,,,Konawe Utara,Sulawesi Tenggara,,0,Konawe,,2022-09,0.37228914189133716,9,0.37228914189133716,VIIRS DNB,nW/cm2/sr,2022,"{""type"":""MultiPoint"",""coordinates"":[]}"
104_00000000000000000004,BA03050040,,,,,,,74.10,74,1755.8292261,TASWIL5000020230907KABKOTA,Buton Utara,,0.143115018242,4.67921811895,4326,4,,,Buton Utara,Sulawesi Tenggara,,0,Muna,,2022-09,0.34671696852834294,9,0.34671696852834294,VIIRS DNB,nW/cm2/sr,2022,"{""type"":""MultiPoint"",""coordinates"":[]}"
104_0000000000000000000f,BA03050040,,,,,,,74.13,74,818.701593571,TASWIL5000020230907KABKOTA,Muna Barat,,0.0667415576998,2.65906981122,4326,4,,,Muna Barat,Sulawesi Tenggara,,0,Muna,,2022-09,0.37940586693426537,9,0.37940586693426537,VIIRS DNB,nW/cm2/sr,2022,"{""type"":""MultiPoint"",""coordinates"":[]}"
104_00000000000000000013,BA03050040,,,,,,,74.13,74,0.273099429049,TASWIL5000020230907KABKOTA,Muna Barat,Wilayah terapung,2.22679841875E-5,0.0295594995644,4326,4,,,Muna Barat,Sulawesi Tenggara,,0,Muna,,2022-09,0.3777978361083281,9,0.3777978361083281,VIIRS DNB,nW/cm2/sr,2022,"{""type"":""MultiPoint"",""coordinates"":[]}"
104_00000000000000000014,BA03050040,,,,,,,74.10,74,0.0480497061255,TASWIL5000020230907KABKOTA,Buton Utara,Wilayah terapung,3.9169026899E-6,0.0168384250334,4326,4,,,Buton Utara,Sulawesi Tenggara,,0,Muna,,2022-09,0.9814285465649198,9,0.9814285465649198,VIIRS DNB,nW/cm2/sr,2022,"{""type"":""MultiPoint"",""coordinates"":[]}"
105_00000000000000000001,BA03050040,,,,,,,74.04,74,1669.32863016,TASWIL5000020230907KABKOTA,Buton,,0.136188299866,3.04087674144,4326,4,,,Buton,Sulawesi Tenggara,,0,,,2022-10,0.2629920627131262,10,0.2629920627131262,VIIRS DNB,nW/cm2/sr,2022,"{""type"":""MultiPoint"",""coordinates"":[]}"
105_00000000000000000005,BA03050040,,,,,,,74.01,74,2958.9208572,TASWIL5000020230907KABKOTA,Kolaka,,0.240980839474,5.39527306777,4326,4,,,Kolaka,Sulawesi Tenggara,,0,,,2022-10,0.41362243721898606,10,0.41362243721898606,VIIRS DNB,nW/cm2/sr,2022,"{""type"":""MultiPoint"",""coordinates"":[]}"
105_00000000000000000008,BA03050040,,,,,,,74.02,74,5351.85263389,TASWIL5000020230907KABKOTA,Konawe,,0.435602118514,6.84601568998,4326,4,,,Konawe,Sulawesi Tenggara,,0,,,2022-10,0.5054186903826835,10,0.5054186903826835,VIIRS DNB,nW/cm2/sr,2022,"{""type"":""MultiPoint"",""coordinates"":[]}"
105_0000000000000000000e,BA03050040,,,,,,,74.03,74,1858.09481163,TASWIL5000020230907KABKOTA,Muna,,0.151502694674,5.32849464874,4326,4,,,Muna,Sulawesi Tenggara,,0,,,2022-10,0.29512730750258287,10,0.29512730750258287,VIIRS DNB,nW/cm2/sr,2022,"{""type"":""MultiPoint"",""coordinates"":[]}"
105_00000000000000000015,BA03050040,,,,,,,74.03,74,0.17024708351,TASWIL5000020230907KABKOTA,Muna,Wilayah terapung,1.38839187565E-5,0.039960941818,4326,4,,,Muna,Sulawesi Tenggara,,0,,,2022-10,0.23988439418332427,10,0.23988439418332427,VIIRS DNB,nW/cm2/sr,2022,"{""type"":""MultiPoint"",""coordinates"":[]}"
105_00000000000000000016,BA03050040,,,,,,,74.04,74,0.188157250699,TASWIL5000020230907KABKOTA,Buton,Wilayah terapung,1.53526521797E-5,0.0397338812277,4326,4,,,Buton,Sulawesi Tenggara,,0,,,2022-10,0.9880978303111118,10,0.9880978303111118,VIIRS DNB,nW/cm2/sr,2022,"{""type"":""MultiPoint"",""coordinates"":[]}"
105_00000000000000000000,BA03050040,,,,,,,74.06,74,3293.96639913,TASWIL5000020230907KABKOTA,Bombana,,0.268524880662,5.47167246052,4326,4,,,Bombana,Sulawesi Tenggara,,0,Buton,,2022-10,0.30476606148621166,10,0.30476606148621166,VIIRS DNB,nW/cm2/sr,2022,"{""type"":""MultiPoint"",""coordinates"":[]}"
105_00000000000000000002,BA03050040,,,,,,,74.15,74,517.631463505,TASWIL5000020230907KABKOTA,Buton Selatan,,0.042249508051,1.85498741345,4326,4,,,Buton Selatan,Sulawesi Tenggara,,0,Buton,,2022-10,0.3411190128228414,10,0.3411190128228414,VIIRS DNB,nW/cm2/sr,2022,"{""type"":""MultiPoint"",""coordinates"":[]}"
105_00000000000000000003,BA03050040,,,,,,,74.14,74,836.955797791,TASWIL5000020230907KABKOTA,Buton Tengah,,0.0682810706644,2.98412837401,4326,4,,,Buton Tengah,Sulawesi Tenggara,,0,Buton,,2022-10,0.32628921528693805,10,0.32628921528693805,VIIRS DNB,nW/cm2/sr,2022,"{""type"":""MultiPoint"",""coordinates"":[]}"
105_0000000000000000000c,BA03050040,,,,,,,74.72,74,294.137423231,TASWIL5000020230907KABKOTA,Kota Bau Bau,,0.0240007870008,0.955179337168,4326,5,,,Kota Bau Bau,Sulawesi Tenggara,,0,Buton,,2022-10,1.303428434928256,10,1.303428434928256,VIIRS DNB,nW/cm2/sr,2022,"{""type"":""MultiPoint"",""coordinates"":[]}"
105_00000000000000000010,BA03050040,,,,,,,74.07,74,450.455914283,TASWIL5000020230907KABKOTA,Wakatobi,,0.0367648905913,3.71804674371,4326,4,,,Wakatobi,Sulawesi Tenggara,,0,Buton,,2022-10,0.4041273927650066,10,0.4041273927650066,VIIRS DNB,nW/cm2/sr,2022,"{""type"":""MultiPoint"",""coordinates"":[]}"
105_00000000000000000011,BA03050040,,,,,,,74.07,74,0.253355482028,TASWIL5000020230907KABKOTA,Wakatobi,Wilayah terapung,2.06703594498E-5,0.0291924563304,4326,4,,,Wakatobi,Sulawesi Tenggara,,0,Buton,,2022-10,2.5368216680001847,10,2.5368216680001847,VIIRS DNB,nW/cm2/sr,2022,"{""type"":""MultiPoint"",""coordinates"":[]}"
105_00000000000000000012,BA03050040,,,,,,,74.07,74,4.12006083394,TASWIL5000020230907KABKOTA,Wakatobi,Wilayah terapung,3.36232999688E-4,0.124432278786,4326,4,,,Wakatobi,Sulawesi Tenggara,,0,Buton,,2022-10,0.28109585585678826,10,0.28109585585678826,VIIRS DNB,nW/cm2/sr,2022,"{""type"":""MultiPoint"",""coordinates"":[]}"
105_0000000000000000000a,BA03050040,,,,,,,74.05,74,4237.74051506,TASWIL5000020230907KABKOTA,Konawe Selatan,,0.345208073275,5.59324280043,4326,4,,,Konawe Selatan,Sulawesi Tenggara,,0,Kendari,,2022-10,0.3748278188060175,10,0.3748278188060175,VIIRS DNB,nW/cm2/sr,2022,"{""type"":""MultiPoint"",""coordinates"":[]}"
105_0000000000000000000d,BA03050040,,,,,,,74.71,74,265.790696582,TASWIL5000020230907KABKOTA,Kota Kendari,,0.0216443348271,1.21929531969,4326,5,,,Kota Kendari,Sulawesi Tenggara,,0,Kendari,,2022-10,4.12302489567072,10,4.12302489567072,VIIRS DNB,nW/cm2/sr,2022,"{""type"":""MultiPoint"",""coordinates"":[]}"
105_00000000000000000006,BA03050040,,,,,,,74.11,74,3992.53107078,TASWIL5000020230907KABKOTA,Kolaka Timur,,0.325055960897,4.62416724675,4326,4,,,Kolaka Timur,Sulawesi Tenggara,,0,Kolaka,,2022-10,0.29411293887992085,10,0.29411293887992085,VIIRS DNB,nW/cm2/sr,2022,"{""type"":""MultiPoint"",""coordinates"":[]}"
105_00000000000000000007,BA03050040,,,,,,,74.08,74,2932.25192061,TASWIL5000020230907KABKOTA,Kolaka Utara,,0.238597308701,3.90865020949,4326,4,,,Kolaka Utara,Sulawesi Tenggara,,0,Kolaka,,2022-10,0.3132494142698681,10,0.3132494142698681,VIIRS DNB,nW/cm2/sr,2022,"{""type"":""MultiPoint"",""coordinates"":[]}"
105_00000000000000000009,BA03050040,,,,,,,74.12,74,705.711010277,TASWIL5000020230907KABKOTA,Konawe Kepulauan,,0.0574768178025,1.17136047971,4326,4,,,Konawe Kepulauan,Sulawesi Tenggara,,0,Konawe,,2022-10,0.3240896953357372,10,0.3240896953357372,VIIRS DNB,nW/cm2/sr,2022,"{""type"":""MultiPoint"",""coordinates"":[]}"
105_0000000000000000000b,BA03050040,,,,,,,74.09,74,4219.81180817,TASWIL5000020230907KABKOTA,Konawe Utara,,0.343408045869,6.15591332033,4326,4,,,Konawe Utara,Sulawesi Tenggara,,0,Konawe,,2022-10,0.3353108006099486,10,0.3353108006099486,VIIRS DNB,nW/cm2/sr,2022,"{""type"":""MultiPoint"",""coordinates"":[]}"
105_00000000000000000004,BA03050040,,,,,,,74.10,74,1755.8292261,TASWIL5000020230907KABKOTA,Buton Utara,,0.143115018242,4.67921811895,4326,4,,,Buton Utara,Sulawesi Tenggara,,0,Muna,,2022-10,0.24144117789312855,10,0.24144117789312855,VIIRS DNB,nW/cm2/sr,2022,"{""type"":""MultiPoint"",""coordinates"":[]}"
105_0000000000000000000f,BA03050040,,,,,,,74.13,74,818.701593571,TASWIL5000020230907KABKOTA,Muna Barat,,0.0667415576998,2.65906981122,4326,4,,,Muna Barat,Sulawesi Tenggara,,0,Muna,,2022-10,0.2986542211623816,10,0.2986542211623816,VIIRS DNB,nW/cm2/sr,2022,"{""type"":""MultiPoint"",""coordinates"":[]}"
105_00000000000000000013,BA03050040,,,,,,,74.13,74,0.273099429049,TASWIL5000020230907KABKOTA,Muna Barat,Wilayah terapung,2.22679841875E-5,0.0295594995644,4326,4,,,Muna Barat,Sulawesi Tenggara,,0,Muna,,2022-10,0.2975812315510498,10,0.2975812315510498,VIIRS DNB,nW/cm2/sr,2022,"{""type"":""MultiPoint"",""coordinates"":[]}"
105_00000000000000000014,BA03050040,,,,,,,74.10,74,0.0480497061255,TASWIL5000020230907KABKOTA,Buton Utara,Wilayah terapung,3.9169026899E-6,0.0168384250334,4326,4,,,Buton Utara,Sulawesi Tenggara,,0,Muna,,2022-10,0.6100000015326908,10,0.6100000015326908,VIIRS DNB,nW/cm2/sr,2022,"{""type"":""MultiPoint"",""coordinates"":[]}"
106_00000000000000000001,BA03050040,,,,,,,74.04,74,1669.32863016,TASWIL5000020230907KABKOTA,Buton,,0.136188299866,3.04087674144,4326,4,,,Buton,Sulawesi Tenggara,,0,,,2022-11,0.15468903011826676,11,0.15468903011826676,VIIRS DNB,nW/cm2/sr,2022,"{""type"":""MultiPoint"",""coordinates"":[]}"
106_00000000000000000005,BA03050040,,,,,,,74.01,74,2958.9208572,TASWIL5000020230907KABKOTA,Kolaka,,0.240980839474,5.39527306777,4326,4,,,Kolaka,Sulawesi Tenggara,,0,,,2022-11,0.16490018704452952,11,0.16490018704452952,VIIRS DNB,nW/cm2/sr,2022,"{""type"":""MultiPoint"",""coordinates"":[]}"
106_00000000000000000008,BA03050040,,,,,,,74.02,74,5351.85263389,TASWIL5000020230907KABKOTA,Konawe,,0.435602118514,6.84601568998,4326,4,,,Konawe,Sulawesi Tenggara,,0,,,2022-11,0.10455696105951288,11,0.10455696105951288,VIIRS DNB,nW/cm2/sr,2022,"{""type"":""MultiPoint"",""coordinates"":[]}"
106_0000000000000000000e,BA03050040,,,,,,,74.03,74,1858.09481163,TASWIL5000020230907KABKOTA,Muna,,0.151502694674,5.32849464874,4326,4,,,Muna,Sulawesi Tenggara,,0,,,2022-11,0.08704080073215344,11,0.08704080073215344,VIIRS DNB,nW/cm2/sr,2022,"{""type"":""MultiPoint"",""coordinates"":[]}"
106_00000000000000000015,BA03050040,,,,,,,74.03,74,0.17024708351,TASWIL5000020230907KABKOTA,Muna,Wilayah terapung,1.38839187565E-5,0.039960941818,4326,4,,,Muna,Sulawesi Tenggara,,0,,,2022-11,0.0,11,0.0,VIIRS DNB,nW/cm2/sr,2022,"{""type"":""MultiPoint"",""coordinates"":[]}"
106_00000000000000000016,BA03050040,,,,,,,74.04,74,0.188157250699,TASWIL5000020230907KABKOTA,Buton,Wilayah terapung,1.53526521797E-5,0.0397338812277,4326,4,,,Buton,Sulawesi Tenggara,,0,,,2022-11,0.9689130161119546,11,0.9689130161119546,VIIRS DNB,nW/cm2/sr,2022,"{""type"":""MultiPoint"",""coordinates"":[]}"
106_00000000000000000000,BA03050040,,,,,,,74.06,74,3293.96639913,TASWIL5000020230907KABKOTA,Bombana,,0.268524880662,5.47167246052,4326,4,,,Bombana,Sulawesi Tenggara,,0,Buton,,2022-11,0.14496044340777628,11,0.14496044340777628,VIIRS DNB,nW/cm2/sr,2022,"{""type"":""MultiPoint"",""coordinates"":[]}"
106_00000000000000000002,BA03050040,,,,,,,74.15,74,517.631463505,TASWIL5000020230907KABKOTA,Buton Selatan,,0.042249508051,1.85498741345,4326,4,,,Buton Selatan,Sulawesi Tenggara,,0,Buton,,2022-11,0.09716014112286002,11,0.09716014112286002,VIIRS DNB,nW/cm2/sr,2022,"{""type"":""MultiPoint"",""coordinates"":[]}"
106_00000000000000000003,BA03050040,,,,,,,74.14,74,836.955797791,TASWIL5000020230907KABKOTA,Buton Tengah,,0.0682810706644,2.98412837401,4326,4,,,Buton Tengah,Sulawesi Tenggara,,0,Buton,,2022-11,0.06873148316195762,11,0.06873148316195762,VIIRS DNB,nW/cm2/sr,2022,"{""type"":""MultiPoint"",""coordinates"":[]}"
106_0000000000000000000c,BA03050040,,,,,,,74.72,74,294.137423231,TASWIL5000020230907KABKOTA,Kota Bau Bau,,0.0240007870008,0.955179337168,4326,5,,,Kota Bau Bau,Sulawesi Tenggara,,0,Buton,,2022-11,0.60450493849313,11,0.60450493849313,VIIRS DNB,nW/cm2/sr,2022,"{""type"":""MultiPoint"",""coordinates"":[]}"
106_00000000000000000010,BA03050040,,,,,,,74.07,74,450.455914283,TASWIL5000020230907KABKOTA,Wakatobi,,0.0367648905913,3.71804674371,4326,4,,,Wakatobi,Sulawesi Tenggara,,0,Buton,,2022-11,0.27598205225658506,11,0.27598205225658506,VIIRS DNB,nW/cm2/sr,2022,"{""type"":""MultiPoint"",""coordinates"":[]}"
106_00000000000000000011,BA03050040,,,,,,,74.07,74,0.253355482028,TASWIL5000020230907KABKOTA,Wakatobi,Wilayah terapung,2.06703594498E-5,0.0291924563304,4326,4,,,Wakatobi,Sulawesi Tenggara,,0,Buton,,2022-11,0.0,11,0.0,VIIRS DNB,nW/cm2/sr,2022,"{""type"":""MultiPoint"",""coordinates"":[]}"
106_00000000000000000012,BA03050040,,,,,,,74.07,74,4.12006083394,TASWIL5000020230907KABKOTA,Wakatobi,Wilayah terapung,3.36232999688E-4,0.124432278786,4326,4,,,Wakatobi,Sulawesi Tenggara,,0,Buton,,2022-11,0.25579881706534047,11,0.25579881706534047,VIIRS DNB,nW/cm2/sr,2022,"{""type"":""MultiPoint"",""coordinates"":[]}"
106_0000000000000000000a,BA03050040,,,,,,,74.05,74,4237.74051506,TASWIL5000020230907KABKOTA,Konawe Selatan,,0.345208073275,5.59324280043,4326,4,,,Konawe Selatan,Sulawesi Tenggara,,0,Kendari,,2022-11,0.05273595269521225,11,0.05273595269521225,VIIRS DNB,nW/cm2/sr,2022,"{""type"":""MultiPoint"",""coordinates"":[]}"
106_0000000000000000000d,BA03050040,,,,,,,74.71,74,265.790696582,TASWIL5000020230907KABKOTA,Kota Kendari,,0.0216443348271,1.21929531969,4326,5,,,Kota Kendari,Sulawesi Tenggara,,0,Kendari,,2022-11,1.656144286470215,11,1.656144286470215,VIIRS DNB,nW/cm2/sr,2022,"{""type"":""MultiPoint"",""coordinates"":[]}"
106_00000000000000000006,BA03050040,,,,,,,74.11,74,3992.53107078,TASWIL5000020230907KABKOTA,Kolaka Timur,,0.325055960897,4.62416724675,4326,4,,,Kolaka Timur,Sulawesi Tenggara,,0,Kolaka,,2022-11,0.13266353856432236,11,0.13266353856432236,VIIRS DNB,nW/cm2/sr,2022,"{""type"":""MultiPoint"",""coordinates"":[]}"
106_00000000000000000007,BA03050040,,,,,,,74.08,74,2932.25192061,TASWIL5000020230907KABKOTA,Kolaka Utara,,0.238597308701,3.90865020949,4326,4,,,Kolaka Utara,Sulawesi Tenggara,,0,Kolaka,,2022-11,0.10855853600192322,11,0.10855853600192322,VIIRS DNB,nW/cm2/sr,2022,"{""type"":""MultiPoint"",""coordinates"":[]}"
106_00000000000000000009,BA03050040,,,,,,,74.12,74,705.711010277,TASWIL5000020230907KABKOTA,Konawe Kepulauan,,0.0574768178025,1.17136047971,4326,4,,,Konawe Kepulauan,Sulawesi Tenggara,,0,Konawe,,2022-11,0.03518762195737351,11,0.03518762195737351,VIIRS DNB,nW/cm2/sr,2022,"{""type"":""MultiPoint"",""coordinates"":[]}"
106_0000000000000000000b,BA03050040,,,,,,,74.09,74,4219.81180817,TASWIL5000020230907KABKOTA,Konawe Utara,,0.343408045869,6.15591332033,4326,4,,,Konawe Utara,Sulawesi Tenggara,,0,Konawe,,2022-11,0.17354180722183535,11,0.17354180722183535,VIIRS DNB,nW/cm2/sr,2022,"{""type"":""MultiPoint"",""coordinates"":[]}"
106_00000000000000000004,BA03050040,,,,,,,74.10,74,1755.8292261,TASWIL5000020230907KABKOTA,Buton Utara,,0.143115018242,4.67921811895,4326,4,,,Buton Utara,Sulawesi Tenggara,,0,Muna,,2022-11,0.15355774368292516,11,0.15355774368292516,VIIRS DNB,nW/cm2/sr,2022,"{""type"":""MultiPoint"",""coordinates"":[]}"
106_0000000000000000000f,BA03050040,,,,,,,74.13,74,818.701593571,TASWIL5000020230907KABKOTA,Muna Barat,,0.0667415576998,2.65906981122,4326,4,,,Muna Barat,Sulawesi Tenggara,,0,Muna,,2022-11,0.0678699685207677,11,0.0678699685207677,VIIRS DNB,nW/cm2/sr,2022,"{""type"":""MultiPoint"",""coordinates"":[]}"
106_00000000000000000013,BA03050040,,,,,,,74.13,74,0.273099429049,TASWIL5000020230907KABKOTA,Muna Barat,Wilayah terapung,2.22679841875E-5,0.0295594995644,4326,4,,,Muna Barat,Sulawesi Tenggara,,0,Muna,,2022-11,0.4099277877097525,11,0.4099277877097525,VIIRS DNB,nW/cm2/sr,2022,"{""type"":""MultiPoint"",""coordinates"":[]}"
106_00000000000000000014,BA03050040,,,,,,,74.10,74,0.0480497061255,TASWIL5000020230907KABKOTA,Buton Utara,Wilayah terapung,3.9169026899E-6,0.0168384250334,4326,4,,,Buton Utara,Sulawesi Tenggara,,0,Muna,,2022-11,0.7457142812865122,11,0.7457142812865122,VIIRS DNB,nW/cm2/sr,2022,"{""type"":""MultiPoint"",""coordinates"":[]}"
107_00000000000000000001,BA03050040,,,,,,,74.04,74,1669.32863016,TASWIL5000020230907KABKOTA,Buton,,0.136188299866,3.04087674144,4326,4,,,Buton,Sulawesi Tenggara,,0,,,2022-12,0.3070803651381638,12,0.3070803651381638,VIIRS DNB,nW/cm2/sr,2022,"{""type"":""MultiPoint"",""coordinates"":[]}"
107_00000000000000000005,BA03050040,,,,,,,74.01,74,2958.9208572,TASWIL5000020230907KABKOTA,Kolaka,,0.240980839474,5.39527306777,4326,4,,,Kolaka,Sulawesi Tenggara,,0,,,2022-12,0.026195197926958746,12,0.026195197926958746,VIIRS DNB,nW/cm2/sr,2022,"{""type"":""MultiPoint"",""coordinates"":[]}"
107_00000000000000000008,BA03050040,,,,,,,74.02,74,5351.85263389,TASWIL5000020230907KABKOTA,Konawe,,0.435602118514,6.84601568998,4326,4,,,Konawe,Sulawesi Tenggara,,0,,,2022-12,0.08412358854908325,12,0.08412358854908325,VIIRS DNB,nW/cm2/sr,2022,"{""type"":""MultiPoint"",""coordinates"":[]}"
107_0000000000000000000e,BA03050040,,,,,,,74.03,74,1858.09481163,TASWIL5000020230907KABKOTA,Muna,,0.151502694674,5.32849464874,4326,4,,,Muna,Sulawesi Tenggara,,0,,,2022-12,0.1240885225505112,12,0.1240885225505112,VIIRS DNB,nW/cm2/sr,2022,"{""type"":""MultiPoint"",""coordinates"":[]}"
107_00000000000000000015,BA03050040,,,,,,,74.03,74,0.17024708351,TASWIL5000020230907KABKOTA,Muna,Wilayah terapung,1.38839187565E-5,0.039960941818,4326,4,,,Muna,Sulawesi Tenggara,,0,,,2022-12,0.23265895867623348,12,0.23265895867623348,VIIRS DNB,nW/cm2/sr,2022,"{""type"":""MultiPoint"",""coordinates"":[]}"
107_00000000000000000016,BA03050040,,,,,,,74.04,74,0.188157250699,TASWIL5000020230907KABKOTA,Buton,Wilayah terapung,1.53526521797E-5,0.0397338812277,4326,4,,,Buton,Sulawesi Tenggara,,0,,,2022-12,0.11391304627708768,12,0.11391304627708768,VIIRS DNB,nW/cm2/sr,2022,"{""type"":""MultiPoint"",""coordinates"":[]}"
107_00000000000000000000,BA03050040,,,,,,,74.06,74,3293.96639913,TASWIL5000020230907KABKOTA,Bombana,,0.268524880662,5.47167246052,4326,4,,,Bombana,Sulawesi Tenggara,,0,Buton,,2022-12,0.06624597005831155,12,0.06624597005831155,VIIRS DNB,nW/cm2/sr,2022,"{""type"":""MultiPoint"",""coordinates"":[]}"
107_00000000000000000002,BA03050040,,,,,,,74.15,74,517.631463505,TASWIL5000020230907KABKOTA,Buton Selatan,,0.042249508051,1.85498741345,4326,4,,,Buton Selatan,Sulawesi Tenggara,,0,Buton,,2022-12,0.07785906502285327,12,0.07785906502285327,VIIRS DNB,nW/cm2/sr,2022,"{""type"":""MultiPoint"",""coordinates"":[]}"
107_00000000000000000003,BA03050040,,,,,,,74.14,74,836.955797791,TASWIL5000020230907KABKOTA,Buton Tengah,,0.0682810706644,2.98412837401,4326,4,,,Buton Tengah,Sulawesi Tenggara,,0,Buton,,2022-12,0.2328292344437699,12,0.2328292344437699,VIIRS DNB,nW/cm2/sr,2022,"{""type"":""MultiPoint"",""coordinates"":[]}"
107_0000000000000000000c,BA03050040,,,,,,,74.72,74,294.137423231,TASWIL5000020230907KABKOTA,Kota Bau Bau,,0.0240007870008,0.955179337168,4326,5,,,Kota Bau Bau,Sulawesi Tenggara,,0,Buton,,2022-12,0.776625734755397,12,0.776625734755397,VIIRS DNB,nW/cm2/sr,2022,"{""type"":""MultiPoint"",""coordinates"":[]}"
107_00000000000000000010,BA03050040,,,,,,,74.07,74,450.455914283,TASWIL5000020230907KABKOTA,Wakatobi,,0.0367648905913,3.71804674371,4326,4,,,Wakatobi,Sulawesi Tenggara,,0,Buton,,2022-12,0.38240761050648825,12,0.38240761050648825,VIIRS DNB,nW/cm2/sr,2022,"{""type"":""MultiPoint"",""coordinates"":[]}"
107_00000000000000000011,BA03050040,,,,,,,74.07,74,0.253355482028,TASWIL5000020230907KABKOTA,Wakatobi,Wilayah terapung,2.06703594498E-5,0.0291924563304,4326,4,,,Wakatobi,Sulawesi Tenggara,,0,Buton,,2022-12,2.5682945713516356,12,2.5682945713516356,VIIRS DNB,nW/cm2/sr,2022,"{""type"":""MultiPoint"",""coordinates"":[]}"
107_00000000000000000012,BA03050040,,,,,,,74.07,74,4.12006083394,TASWIL5000020230907KABKOTA,Wakatobi,Wilayah terapung,3.36232999688E-4,0.124432278786,4326,4,,,Wakatobi,Sulawesi Tenggara,,0,Buton,,2022-12,0.21824615775833472,12,0.21824615775833472,VIIRS DNB,nW/cm2/sr,2022,"{""type"":""MultiPoint"",""coordinates"":[]}"
107_0000000000000000000a,BA03050040,,,,,,,74.05,74,4237.74051506,TASWIL5000020230907KABKOTA,Konawe Selatan,,0.345208073275,5.59324280043,4326,4,,,Konawe Selatan,Sulawesi Tenggara,,0,Kendari,,2022-12,0.04375378250843433,12,0.04375378250843433,VIIRS DNB,nW/cm2/sr,2022,"{""type"":""MultiPoint"",""coordinates"":[]}"
107_0000000000000000000d,BA03050040,,,,,,,74.71,74,265.790696582,TASWIL5000020230907KABKOTA,Kota Kendari,,0.0216443348271,1.21929531969,4326,5,,,Kota Kendari,Sulawesi Tenggara,,0,Kendari,,2022-12,0.20908028640755794,12,0.20908028640755794,VIIRS DNB,nW/cm2/sr,2022,"{""type"":""MultiPoint"",""coordinates"":[]}"
107_00000000000000000006,BA03050040,,,,,,,74.11,74,3992.53107078,TASWIL5000020230907KABKOTA,Kolaka Timur,,0.325055960897,4.62416724675,4326,4,,,Kolaka Timur,Sulawesi Tenggara,,0,Kolaka,,2022-12,0.041589039605551055,12,0.041589039605551055,VIIRS DNB,nW/cm2/sr,2022,"{""type"":""MultiPoint"",""coordinates"":[]}"
107_00000000000000000007,BA03050040,,,,,,,74.08,74,2932.25192061,TASWIL5000020230907KABKOTA,Kolaka Utara,,0.238597308701,3.90865020949,4326,4,,,Kolaka Utara,Sulawesi Tenggara,,0,Kolaka,,2022-12,0.036415994549311874,12,0.036415994549311874,VIIRS DNB,nW/cm2/sr,2022,"{""type"":""MultiPoint"",""coordinates"":[]}"
107_00000000000000000009,BA03050040,,,,,,,74.12,74,705.711010277,TASWIL5000020230907KABKOTA,Konawe Kepulauan,,0.0574768178025,1.17136047971,4326,4,,,Konawe Kepulauan,Sulawesi Tenggara,,0,Konawe,,2022-12,0.017786030878550022,12,0.017786030878550022,VIIRS DNB,nW/cm2/sr,2022,"{""type"":""MultiPoint"",""coordinates"":[]}"
107_0000000000000000000b,BA03050040,,,,,,,74.09,74,4219.81180817,TASWIL5000020230907KABKOTA,Konawe Utara,,0.343408045869,6.15591332033,4326,4,,,Konawe Utara,Sulawesi Tenggara,,0,Konawe,,2022-12,0.18534313169277986,12,0.18534313169277986,VIIRS DNB,nW/cm2/sr,2022,"{""type"":""MultiPoint"",""coordinates"":[]}"
107_00000000000000000004,BA03050040,,,,,,,74.10,74,1755.8292261,TASWIL5000020230907KABKOTA,Buton Utara,,0.143115018242,4.67921811895,4326,4,,,Buton Utara,Sulawesi Tenggara,,0,Muna,,2022-12,0.12587283907219152,12,0.12587283907219152,VIIRS DNB,nW/cm2/sr,2022,"{""type"":""MultiPoint"",""coordinates"":[]}"
107_0000000000000000000f,BA03050040,,,,,,,74.13,74,818.701593571,TASWIL5000020230907KABKOTA,Muna Barat,,0.0667415576998,2.65906981122,4326,4,,,Muna Barat,Sulawesi Tenggara,,0,Muna,,2022-12,0.11644672577714651,12,0.11644672577714651,VIIRS DNB,nW/cm2/sr,2022,"{""type"":""MultiPoint"",""coordinates"":[]}"
107_00000000000000000013,BA03050040,,,,,,,74.13,74,0.273099429049,TASWIL5000020230907KABKOTA,Muna Barat,Wilayah terapung,2.22679841875E-5,0.0295594995644,4326,4,,,Muna Barat,Sulawesi Tenggara,,0,Muna,,2022-12,0.07725632018560966,12,0.07725632018560966,VIIRS DNB,nW/cm2/sr,2022,"{""type"":""MultiPoint"",""coordinates"":[]}"
107_00000000000000000014,BA03050040,,,,,,,74.10,74,0.0480497061255,TASWIL5000020230907KABKOTA,Buton Utara,Wilayah terapung,3.9169026899E-6,0.0168384250334,4326,4,,,Buton Utara,Sulawesi Tenggara,,0,Muna,,2022-12,0.0,12,0.0,VIIRS DNB,nW/cm2/sr,2022,"{""type"":""MultiPoint"",""coordinates"":[]}"
108_00000000000000000001,BA03050040,,,,,,,74.04,74,1669.32863016,TASWIL5000020230907KABKOTA,Buton,,0.136188299866,3.04087674144,4326,4,,,Buton,Sulawesi Tenggara,,0,,,2023-01,0.24049101583785729,1,0.24049101583785729,VIIRS DNB,nW/cm2/sr,2023,"{""type"":""MultiPoint"",""coordinates"":[]}"
108_00000000000000000005,BA03050040,,,,,,,74.01,74,2958.9208572,TASWIL5000020230907KABKOTA,Kolaka,,0.240980839474,5.39527306777,4326,4,,,Kolaka,Sulawesi Tenggara,,0,,,2023-01,0.28377494408368886,1,0.28377494408368886,VIIRS DNB,nW/cm2/sr,2023,"{""type"":""MultiPoint"",""coordinates"":[]}"
108_00000000000000000008,BA03050040,,,,,,,74.02,74,5351.85263389,TASWIL5000020230907KABKOTA,Konawe,,0.435602118514,6.84601568998,4326,4,,,Konawe,Sulawesi Tenggara,,0,,,2023-01,0.4474029677836366,1,0.4474029677836366,VIIRS DNB,nW/cm2/sr,2023,"{""type"":""MultiPoint"",""coordinates"":[]}"
108_0000000000000000000e,BA03050040,,,,,,,74.03,74,1858.09481163,TASWIL5000020230907KABKOTA,Muna,,0.151502694674,5.32849464874,4326,4,,,Muna,Sulawesi Tenggara,,0,,,2023-01,0.30603749803178165,1,0.30603749803178165,VIIRS DNB,nW/cm2/sr,2023,"{""type"":""MultiPoint"",""coordinates"":[]}"
108_00000000000000000015,BA03050040,,,,,,,74.03,74,0.17024708351,TASWIL5000020230907KABKOTA,Muna,Wilayah terapung,1.38839187565E-5,0.039960941818,4326,4,,,Muna,Sulawesi Tenggara,,0,,,2023-01,0.030867052302195157,1,0.030867052302195157,VIIRS DNB,nW/cm2/sr,2023,"{""type"":""MultiPoint"",""coordinates"":[]}"
108_00000000000000000016,BA03050040,,,,,,,74.04,74,0.188157250699,TASWIL5000020230907KABKOTA,Buton,Wilayah terapung,1.53526521797E-5,0.0397338812277,4326,4,,,Buton,Sulawesi Tenggara,,0,,,2023-01,0.41369563859442016,1,0.41369563859442016,VIIRS DNB,nW/cm2/sr,2023,"{""type"":""MultiPoint"",""coordinates"":[]}"
108_00000000000000000000,BA03050040,,,,,,,74.06,74,3293.96639913,TASWIL5000020230907KABKOTA,Bombana,,0.268524880662,5.47167246052,4326,4,,,Bombana,Sulawesi Tenggara,,0,Buton,,2023-01,0.15858744498060348,1,0.15858744498060348,VIIRS DNB,nW/cm2/sr,2023,"{""type"":""MultiPoint"",""coordinates"":[]}"
108_00000000000000000002,BA03050040,,,,,,,74.15,74,517.631463505,TASWIL5000020230907KABKOTA,Buton Selatan,,0.042249508051,1.85498741345,4326,4,,,Buton Selatan,Sulawesi Tenggara,,0,Buton,,2023-01,0.29537428737188925,1,0.29537428737188925,VIIRS DNB,nW/cm2/sr,2023,"{""type"":""MultiPoint"",""coordinates"":[]}"
108_00000000000000000003,BA03050040,,,,,,,74.14,74,836.955797791,TASWIL5000020230907KABKOTA,Buton Tengah,,0.0682810706644,2.98412837401,4326,4,,,Buton Tengah,Sulawesi Tenggara,,0,Buton,,2023-01,0.2826046343104405,1,0.2826046343104405,VIIRS DNB,nW/cm2/sr,2023,"{""type"":""MultiPoint"",""coordinates"":[]}"
108_0000000000000000000c,BA03050040,,,,,,,74.72,74,294.137423231,TASWIL5000020230907KABKOTA,Kota Bau Bau,,0.0240007870008,0.955179337168,4326,5,,,Kota Bau Bau,Sulawesi Tenggara,,0,Buton,,2023-01,1.2143864421278157,1,1.2143864421278157,VIIRS DNB,nW/cm2/sr,2023,"{""type"":""MultiPoint"",""coordinates"":[]}"
108_00000000000000000010,BA03050040,,,,,,,74.07,74,450.455914283,TASWIL5000020230907KABKOTA,Wakatobi,,0.0367648905913,3.71804674371,4326,4,,,Wakatobi,Sulawesi Tenggara,,0,Buton,,2023-01,0.1461196011120136,1,0.1461196011120136,VIIRS DNB,nW/cm2/sr,2023,"{""type"":""MultiPoint"",""coordinates"":[]}"
108_00000000000000000011,BA03050040,,,,,,,74.07,74,0.253355482028,TASWIL5000020230907KABKOTA,Wakatobi,Wilayah terapung,2.06703594498E-5,0.0291924563304,4326,4,,,Wakatobi,Sulawesi Tenggara,,0,Buton,,2023-01,0.14298450115115144,1,0.14298450115115144,VIIRS DNB,nW/cm2/sr,2023,"{""type"":""MultiPoint"",""coordinates"":[]}"
108_00000000000000000012,BA03050040,,,,,,,74.07,74,4.12006083394,TASWIL5000020230907KABKOTA,Wakatobi,Wilayah terapung,3.36232999688E-4,0.124432278786,4326,4,,,Wakatobi,Sulawesi Tenggara,,0,Buton,,2023-01,0.0,1,0.0,VIIRS DNB,nW/cm2/sr,2023,"{""type"":""MultiPoint"",""coordinates"":[]}"
108_0000000000000000000a,BA03050040,,,,,,,74.05,74,4237.74051506,TASWIL5000020230907KABKOTA,Konawe Selatan,,0.345208073275,5.59324280043,4326,4,,,Konawe Selatan,Sulawesi Tenggara,,0,Kendari,,2023-01,0.3767941051679494,1,0.3767941051679494,VIIRS DNB,nW/cm2/sr,2023,"{""type"":""MultiPoint"",""coordinates"":[]}"
108_0000000000000000000d,BA03050040,,,,,,,74.71,74,265.790696582,TASWIL5000020230907KABKOTA,Kota Kendari,,0.0216443348271,1.21929531969,4326,5,,,Kota Kendari,Sulawesi Tenggara,,0,Kendari,,2023-01,3.9703673171923546,1,3.9703673171923546,VIIRS DNB,nW/cm2/sr,2023,"{""type"":""MultiPoint"",""coordinates"":[]}"
108_00000000000000000006,BA03050040,,,,,,,74.11,74,3992.53107078,TASWIL5000020230907KABKOTA,Kolaka Timur,,0.325055960897,4.62416724675,4326,4,,,Kolaka Timur,Sulawesi Tenggara,,0,Kolaka,,2023-01,0.2662406406061136,1,0.2662406406061136,VIIRS DNB,nW/cm2/sr,2023,"{""type"":""MultiPoint"",""coordinates"":[]}"
108_00000000000000000007,BA03050040,,,,,,,74.08,74,2932.25192061,TASWIL5000020230907KABKOTA,Kolaka Utara,,0.238597308701,3.90865020949,4326,4,,,Kolaka Utara,Sulawesi Tenggara,,0,Kolaka,,2023-01,0.11071038231506683,1,0.11071038231506683,VIIRS DNB,nW/cm2/sr,2023,"{""type"":""MultiPoint"",""coordinates"":[]}"
108_00000000000000000009,BA03050040,,,,,,,74.12,74,705.711010277,TASWIL5000020230907KABKOTA,Konawe Kepulauan,,0.0574768178025,1.17136047971,4326,4,,,Konawe Kepulauan,Sulawesi Tenggara,,0,Konawe,,2023-01,0.2753520907945783,1,0.2753520907945783,VIIRS DNB,nW/cm2/sr,2023,"{""type"":""MultiPoint"",""coordinates"":[]}"
108_0000000000000000000b,BA03050040,,,,,,,74.09,74,4219.81180817,TASWIL5000020230907KABKOTA,Konawe Utara,,0.343408045869,6.15591332033,4326,4,,,Konawe Utara,Sulawesi Tenggara,,0,Konawe,,2023-01,0.3594494884333011,1,0.3594494884333011,VIIRS DNB,nW/cm2/sr,2023,"{""type"":""MultiPoint"",""coordinates"":[]}"
108_00000000000000000004,BA03050040,,,,,,,74.10,74,1755.8292261,TASWIL5000020230907KABKOTA,Buton Utara,,0.143115018242,4.67921811895,4326,4,,,Buton Utara,Sulawesi Tenggara,,0,Muna,,2023-01,0.239304916508549,1,0.239304916508549,VIIRS DNB,nW/cm2/sr,2023,"{""type"":""MultiPoint"",""coordinates"":[]}"
108_0000000000000000000f,BA03050040,,,,,,,74.13,74,818.701593571,TASWIL5000020230907KABKOTA,Muna Barat,,0.0667415576998,2.65906981122,4326,4,,,Muna Barat,Sulawesi Tenggara,,0,Muna,,2023-01,0.3036103320766417,1,0.3036103320766417,VIIRS DNB,nW/cm2/sr,2023,"{""type"":""MultiPoint"",""coordinates"":[]}"
108_00000000000000000013,BA03050040,,,,,,,74.13,74,0.273099429049,TASWIL5000020230907KABKOTA,Muna Barat,Wilayah terapung,2.22679841875E-5,0.0295594995644,4326,4,,,Muna Barat,Sulawesi Tenggara,,0,Muna,,2023-01,0.0,1,0.0,VIIRS DNB,nW/cm2/sr,2023,"{""type"":""MultiPoint"",""coordinates"":[]}"
108_00000000000000000014,BA03050040,,,,,,,74.10,74,0.0480497061255,TASWIL5000020230907KABKOTA,Buton Utara,Wilayah terapung,3.9169026899E-6,0.0168384250334,4326,4,,,Buton Utara,Sulawesi Tenggara,,0,Muna,,2023-01,0.9128571365560805,1,0.9128571365560805,VIIRS DNB,nW/cm2/sr,2023,"{""type"":""MultiPoint"",""coordinates"":[]}"
109_00000000000000000001,BA03050040,,,,,,,74.04,74,1669.32863016,TASWIL5000020230907KABKOTA,Buton,,0.136188299866,3.04087674144,4326,4,,,Buton,Sulawesi Tenggara,,0,,,2023-02,0.15965933175056005,2,0.15965933175056005,VIIRS DNB,nW/cm2/sr,2023,"{""type"":""MultiPoint"",""coordinates"":[]}"
109_00000000000000000005,BA03050040,,,,,,,74.01,74,2958.9208572,TASWIL5000020230907KABKOTA,Kolaka,,0.240980839474,5.39527306777,4326,4,,,Kolaka,Sulawesi Tenggara,,0,,,2023-02,0.04109060764065727,2,0.04109060764065727,VIIRS DNB,nW/cm2/sr,2023,"{""type"":""MultiPoint"",""coordinates"":[]}"
109_00000000000000000008,BA03050040,,,,,,,74.02,74,5351.85263389,TASWIL5000020230907KABKOTA,Konawe,,0.435602118514,6.84601568998,4326,4,,,Konawe,Sulawesi Tenggara,,0,,,2023-02,3.094643459375571E-4,2,3.094643459375571E-4,VIIRS DNB,nW/cm2/sr,2023,"{""type"":""MultiPoint"",""coordinates"":[]}"
109_0000000000000000000e,BA03050040,,,,,,,74.03,74,1858.09481163,TASWIL5000020230907KABKOTA,Muna,,0.151502694674,5.32849464874,4326,4,,,Muna,Sulawesi Tenggara,,0,,,2023-02,0.1612117795717656,2,0.1612117795717656,VIIRS DNB,nW/cm2/sr,2023,"{""type"":""MultiPoint"",""coordinates"":[]}"
109_00000000000000000015,BA03050040,,,,,,,74.03,74,0.17024708351,TASWIL5000020230907KABKOTA,Muna,Wilayah terapung,1.38839187565E-5,0.039960941818,4326,4,,,Muna,Sulawesi Tenggara,,0,,,2023-02,0.0,2,0.0,VIIRS DNB,nW/cm2/sr,2023,"{""type"":""MultiPoint"",""coordinates"":[]}"
109_00000000000000000016,BA03050040,,,,,,,74.04,74,0.188157250699,TASWIL5000020230907KABKOTA,Buton,Wilayah terapung,1.53526521797E-5,0.0397338812277,4326,4,,,Buton,Sulawesi Tenggara,,0,,,2023-02,0.31489130951788125,2,0.31489130951788125,VIIRS DNB,nW/cm2/sr,2023,"{""type"":""MultiPoint"",""coordinates"":[]}"
109_00000000000000000000,BA03050040,,,,,,,74.06,74,3293.96639913,TASWIL5000020230907KABKOTA,Bombana,,0.268524880662,5.47167246052,4326,4,,,Bombana,Sulawesi Tenggara,,0,Buton,,2023-02,0.07105692662468491,2,0.07105692662468491,VIIRS DNB,nW/cm2/sr,2023,"{""type"":""MultiPoint"",""coordinates"":[]}"
109_00000000000000000002,BA03050040,,,,,,,74.15,74,517.631463505,TASWIL5000020230907KABKOTA,Buton Selatan,,0.042249508051,1.85498741345,4326,4,,,Buton Selatan,Sulawesi Tenggara,,0,Buton,,2023-02,0.21256338296140168,2,0.21256338296140168,VIIRS DNB,nW/cm2/sr,2023,"{""type"":""MultiPoint"",""coordinates"":[]}"
109_00000000000000000003,BA03050040,,,,,,,74.14,74,836.955797791,TASWIL5000020230907KABKOTA,Buton Tengah,,0.0682810706644,2.98412837401,4326,4,,,Buton Tengah,Sulawesi Tenggara,,0,Buton,,2023-02,0.2586616575946012,2,0.2586616575946012,VIIRS DNB,nW/cm2/sr,2023,"{""type"":""MultiPoint"",""coordinates"":[]}"
109_0000000000000000000c,BA03050040,,,,,,,74.72,74,294.137423231,TASWIL5000020230907KABKOTA,Kota Bau Bau,,0.0240007870008,0.955179337168,4326,5,,,Kota Bau Bau,Sulawesi Tenggara,,0,Buton,,2023-02,1.1919759867925135,2,1.1919759867925135,VIIRS DNB,nW/cm2/sr,2023,"{""type"":""MultiPoint"",""coordinates"":[]}"
109_00000000000000000010,BA03050040,,,,,,,74.07,74,450.455914283,TASWIL5000020230907KABKOTA,Wakatobi,,0.0367648905913,3.71804674371,4326,4,,,Wakatobi,Sulawesi Tenggara,,0,Buton,,2023-02,0.07590247765610007,2,0.07590247765610007,VIIRS DNB,nW/cm2/sr,2023,"{""type"":""MultiPoint"",""coordinates"":[]}"
109_00000000000000000011,BA03050040,,,,,,,74.07,74,0.253355482028,TASWIL5000020230907KABKOTA,Wakatobi,Wilayah terapung,2.06703594498E-5,0.0291924563304,4326,4,,,Wakatobi,Sulawesi Tenggara,,0,Buton,,2023-02,0.0,2,0.0,VIIRS DNB,nW/cm2/sr,2023,"{""type"":""MultiPoint"",""coordinates"":[]}"
109_00000000000000000012,BA03050040,,,,,,,74.07,74,4.12006083394,TASWIL5000020230907KABKOTA,Wakatobi,Wilayah terapung,3.36232999688E-4,0.124432278786,4326,4,,,Wakatobi,Sulawesi Tenggara,,0,Buton,,2023-02,0.11708402457145545,2,0.11708402457145545,VIIRS DNB,nW/cm2/sr,2023,"{""type"":""MultiPoint"",""coordinates"":[]}"
109_0000000000000000000a,BA03050040,,,,,,,74.05,74,4237.74051506,TASWIL5000020230907KABKOTA,Konawe Selatan,,0.345208073275,5.59324280043,4326,4,,,Konawe Selatan,Sulawesi Tenggara,,0,Kendari,,2023-02,0.09902053301886829,2,0.09902053301886829,VIIRS DNB,nW/cm2/sr,2023,"{""type"":""MultiPoint"",""coordinates"":[]}"
109_0000000000000000000d,BA03050040,,,,,,,74.71,74,265.790696582,TASWIL5000020230907KABKOTA,Kota Kendari,,0.0216443348271,1.21929531969,4326,5,,,Kota Kendari,Sulawesi Tenggara,,0,Kendari,,2023-02,0.0358049444206062,2,0.0358049444206062,VIIRS DNB,nW/cm2/sr,2023,"{""type"":""MultiPoint"",""coordinates"":[]}"
109_00000000000000000006,BA03050040,,,,,,,74.11,74,3992.53107078,TASWIL5000020230907KABKOTA,Kolaka Timur,,0.325055960897,4.62416724675,4326,4,,,Kolaka Timur,Sulawesi Tenggara,,0,Kolaka,,2023-02,0.007245824477254863,2,0.007245824477254863,VIIRS DNB,nW/cm2/sr,2023,"{""type"":""MultiPoint"",""coordinates"":[]}"
109_00000000000000000007,BA03050040,,,,,,,74.08,74,2932.25192061,TASWIL5000020230907KABKOTA,Kolaka Utara,,0.238597308701,3.90865020949,4326,4,,,Kolaka Utara,Sulawesi Tenggara,,0,Kolaka,,2023-02,0.007734834580095871,2,0.007734834580095871,VIIRS DNB,nW/cm2/sr,2023,"{""type"":""MultiPoint"",""coordinates"":[]}"
109_00000000000000000009,BA03050040,,,,,,,74.12,74,705.711010277,TASWIL5000020230907KABKOTA,Konawe Kepulauan,,0.0574768178025,1.17136047971,4326,4,,,Konawe Kepulauan,Sulawesi Tenggara,,0,Konawe,,2023-02,0.08638797742172971,2,0.08638797742172971,VIIRS DNB,nW/cm2/sr,2023,"{""type"":""MultiPoint"",""coordinates"":[]}"
109_0000000000000000000b,BA03050040,,,,,,,74.09,74,4219.81180817,TASWIL5000020230907KABKOTA,Konawe Utara,,0.343408045869,6.15591332033,4326,4,,,Konawe Utara,Sulawesi Tenggara,,0,Konawe,,2023-02,7.183081462847559E-4,2,7.183081462847559E-4,VIIRS DNB,nW/cm2/sr,2023,"{""type"":""MultiPoint"",""coordinates"":[]}"
109_00000000000000000004,BA03050040,,,,,,,74.10,74,1755.8292261,TASWIL5000020230907KABKOTA,Buton Utara,,0.143115018242,4.67921811895,4326,4,,,Buton Utara,Sulawesi Tenggara,,0,Muna,,2023-02,0.0026491032957914277,2,0.0026491032957914277,VIIRS DNB,nW/cm2/sr,2023,"{""type"":""MultiPoint"",""coordinates"":[]}"
109_0000000000000000000f,BA03050040,,,,,,,74.13,74,818.701593571,TASWIL5000020230907KABKOTA,Muna Barat,,0.0667415576998,2.65906981122,4326,4,,,Muna Barat,Sulawesi Tenggara,,0,Muna,,2023-02,0.24170933539472006,2,0.24170933539472006,VIIRS DNB,nW/cm2/sr,2023,"{""type"":""MultiPoint"",""coordinates"":[]}"
109_00000000000000000013,BA03050040,,,,,,,74.13,74,0.273099429049,TASWIL5000020230907KABKOTA,Muna Barat,Wilayah terapung,2.22679841875E-5,0.0295594995644,4326,4,,,Muna Barat,Sulawesi Tenggara,,0,Muna,,2023-02,0.1966064937063072,2,0.1966064937063072,VIIRS DNB,nW/cm2/sr,2023,"{""type"":""MultiPoint"",""coordinates"":[]}"
109_00000000000000000014,BA03050040,,,,,,,74.10,74,0.0480497061255,TASWIL5000020230907KABKOTA,Buton Utara,Wilayah terapung,3.9169026899E-6,0.0168384250334,4326,4,,,Buton Utara,Sulawesi Tenggara,,0,Muna,,2023-02,0.0,2,0.0,VIIRS DNB,nW/cm2/sr,2023,"{""type"":""MultiPoint"",""coordinates"":[]}"
110_00000000000000000001,BA03050040,,,,,,,74.04,74,1669.32863016,TASWIL5000020230907KABKOTA,Buton,,0.136188299866,3.04087674144,4326,4,,,Buton,Sulawesi Tenggara,,0,,,2023-03,0.381527556539216,3,0.381527556539216,VIIRS DNB,nW/cm2/sr,2023,"{""type"":""MultiPoint"",""coordinates"":[]}"
110_00000000000000000005,BA03050040,,,,,,,74.01,74,2958.9208572,TASWIL5000020230907KABKOTA,Kolaka,,0.240980839474,5.39527306777,4326,4,,,Kolaka,Sulawesi Tenggara,,0,,,2023-03,0.48893590527536174,3,0.48893590527536174,VIIRS DNB,nW/cm2/sr,2023,"{""type"":""MultiPoint"",""coordinates"":[]}"
110_00000000000000000008,BA03050040,,,,,,,74.02,74,5351.85263389,TASWIL5000020230907KABKOTA,Konawe,,0.435602118514,6.84601568998,4326,4,,,Konawe,Sulawesi Tenggara,,0,,,2023-03,0.6570477086817863,3,0.6570477086817863,VIIRS DNB,nW/cm2/sr,2023,"{""type"":""MultiPoint"",""coordinates"":[]}"
110_0000000000000000000e,BA03050040,,,,,,,74.03,74,1858.09481163,TASWIL5000020230907KABKOTA,Muna,,0.151502694674,5.32849464874,4326,4,,,Muna,Sulawesi Tenggara,,0,,,2023-03,0.39573945429027424,3,0.39573945429027424,VIIRS DNB,nW/cm2/sr,2023,"{""type"":""MultiPoint"",""coordinates"":[]}"
110_00000000000000000015,BA03050040,,,,,,,74.03,74,0.17024708351,TASWIL5000020230907KABKOTA,Muna,Wilayah terapung,1.38839187565E-5,0.039960941818,4326,4,,,Muna,Sulawesi Tenggara,,0,,,2023-03,0.4429479715107492,3,0.4429479715107492,VIIRS DNB,nW/cm2/sr,2023,"{""type"":""MultiPoint"",""coordinates"":[]}"
110_00000000000000000016,BA03050040,,,,,,,74.04,74,0.188157250699,TASWIL5000020230907KABKOTA,Buton,Wilayah terapung,1.53526521797E-5,0.0397338812277,4326,4,,,Buton,Sulawesi Tenggara,,0,,,2023-03,1.5628803910120677,3,1.5628803910120677,VIIRS DNB,nW/cm2/sr,2023,"{""type"":""MultiPoint"",""coordinates"":[]}"
110_00000000000000000000,BA03050040,,,,,,,74.06,74,3293.96639913,TASWIL5000020230907KABKOTA,Bombana,,0.268524880662,5.47167246052,4326,4,,,Bombana,Sulawesi Tenggara,,0,Buton,,2023-03,0.37233561083766853,3,0.37233561083766853,VIIRS DNB,nW/cm2/sr,2023,"{""type"":""MultiPoint"",""coordinates"":[]}"
110_00000000000000000002,BA03050040,,,,,,,74.15,74,517.631463505,TASWIL5000020230907KABKOTA,Buton Selatan,,0.042249508051,1.85498741345,4326,4,,,Buton Selatan,Sulawesi Tenggara,,0,Buton,,2023-03,0.4565684209965551,3,0.4565684209965551,VIIRS DNB,nW/cm2/sr,2023,"{""type"":""MultiPoint"",""coordinates"":[]}"
110_00000000000000000003,BA03050040,,,,,,,74.14,74,836.955797791,TASWIL5000020230907KABKOTA,Buton Tengah,,0.0682810706644,2.98412837401,4326,4,,,Buton Tengah,Sulawesi Tenggara,,0,Buton,,2023-03,0.4994966648703714,3,0.4994966648703714,VIIRS DNB,nW/cm2/sr,2023,"{""type"":""MultiPoint"",""coordinates"":[]}"
110_0000000000000000000c,BA03050040,,,,,,,74.72,74,294.137423231,TASWIL5000020230907KABKOTA,Kota Bau Bau,,0.0240007870008,0.955179337168,4326,5,,,Kota Bau Bau,Sulawesi Tenggara,,0,Buton,,2023-03,1.53348336104525,3,1.53348336104525,VIIRS DNB,nW/cm2/sr,2023,"{""type"":""MultiPoint"",""coordinates"":[]}"
110_00000000000000000010,BA03050040,,,,,,,74.07,74,450.455914283,TASWIL5000020230907KABKOTA,Wakatobi,,0.0367648905913,3.71804674371,4326,4,,,Wakatobi,Sulawesi Tenggara,,0,Buton,,2023-03,0.6218132880791718,3,0.6218132880791718,VIIRS DNB,nW/cm2/sr,2023,"{""type"":""MultiPoint"",""coordinates"":[]}"
110_00000000000000000011,BA03050040,,,,,,,74.07,74,0.253355482028,TASWIL5000020230907KABKOTA,Wakatobi,Wilayah terapung,2.06703594498E-5,0.0291924563304,4326,4,,,Wakatobi,Sulawesi Tenggara,,0,Buton,,2023-03,2.310465099968652,3,2.310465099968652,VIIRS DNB,nW/cm2/sr,2023,"{""type"":""MultiPoint"",""coordinates"":[]}"
110_00000000000000000012,BA03050040,,,,,,,74.07,74,4.12006083394,TASWIL5000020230907KABKOTA,Wakatobi,Wilayah terapung,3.36232999688E-4,0.124432278786,4326,4,,,Wakatobi,Sulawesi Tenggara,,0,Buton,,2023-03,0.5758627211835965,3,0.5758627211835965,VIIRS DNB,nW/cm2/sr,2023,"{""type"":""MultiPoint"",""coordinates"":[]}"
110_0000000000000000000a,BA03050040,,,,,,,74.05,74,4237.74051506,TASWIL5000020230907KABKOTA,Konawe Selatan,,0.345208073275,5.59324280043,4326,4,,,Konawe Selatan,Sulawesi Tenggara,,0,Kendari,,2023-03,0.4585969864876721,3,0.4585969864876721,VIIRS DNB,nW/cm2/sr,2023,"{""type"":""MultiPoint"",""coordinates"":[]}"
110_0000000000000000000d,BA03050040,,,,,,,74.71,74,265.790696582,TASWIL5000020230907KABKOTA,Kota Kendari,,0.0216443348271,1.21929531969,4326,5,,,Kota Kendari,Sulawesi Tenggara,,0,Kendari,,2023-03,3.397297193425336,3,3.397297193425336,VIIRS DNB,nW/cm2/sr,2023,"{""type"":""MultiPoint"",""coordinates"":[]}"
110_00000000000000000006,BA03050040,,,,,,,74.11,74,3992.53107078,TASWIL5000020230907KABKOTA,Kolaka Timur,,0.325055960897,4.62416724675,4326,4,,,Kolaka Timur,Sulawesi Tenggara,,0,Kolaka,,2023-03,0.43166369878881006,3,0.43166369878881006,VIIRS DNB,nW/cm2/sr,2023,"{""type"":""MultiPoint"",""coordinates"":[]}"
110_00000000000000000007,BA03050040,,,,,,,74.08,74,2932.25192061,TASWIL5000020230907KABKOTA,Kolaka Utara,,0.238597308701,3.90865020949,4326,4,,,Kolaka Utara,Sulawesi Tenggara,,0,Kolaka,,2023-03,0.19202032158279894,3,0.19202032158279894,VIIRS DNB,nW/cm2/sr,2023,"{""type"":""MultiPoint"",""coordinates"":[]}"
110_00000000000000000009,BA03050040,,,,,,,74.12,74,705.711010277,TASWIL5000020230907KABKOTA,Konawe Kepulauan,,0.0574768178025,1.17136047971,4326,4,,,Konawe Kepulauan,Sulawesi Tenggara,,0,Konawe,,2023-03,0.3676130274067589,3,0.3676130274067589,VIIRS DNB,nW/cm2/sr,2023,"{""type"":""MultiPoint"",""coordinates"":[]}"
110_0000000000000000000b,BA03050040,,,,,,,74.09,74,4219.81180817,TASWIL5000020230907KABKOTA,Konawe Utara,,0.343408045869,6.15591332033,4326,4,,,Konawe Utara,Sulawesi Tenggara,,0,Konawe,,2023-03,0.49493523772057557,3,0.49493523772057557,VIIRS DNB,nW/cm2/sr,2023,"{""type"":""MultiPoint"",""coordinates"":[]}"
110_00000000000000000004,BA03050040,,,,,,,74.10,74,1755.8292261,TASWIL5000020230907KABKOTA,Buton Utara,,0.143115018242,4.67921811895,4326,4,,,Buton Utara,Sulawesi Tenggara,,0,Muna,,2023-03,0.3578083633000356,3,0.3578083633000356,VIIRS DNB,nW/cm2/sr,2023,"{""type"":""MultiPoint"",""coordinates"":[]}"
110_0000000000000000000f,BA03050040,,,,,,,74.13,74,818.701593571,TASWIL5000020230907KABKOTA,Muna Barat,,0.0667415576998,2.65906981122,4326,4,,,Muna Barat,Sulawesi Tenggara,,0,Muna,,2023-03,0.4388679952692304,3,0.4388679952692304,VIIRS DNB,nW/cm2/sr,2023,"{""type"":""MultiPoint"",""coordinates"":[]}"
110_00000000000000000013,BA03050040,,,,,,,74.13,74,0.273099429049,TASWIL5000020230907KABKOTA,Muna Barat,Wilayah terapung,2.22679841875E-5,0.0295594995644,4326,4,,,Muna Barat,Sulawesi Tenggara,,0,Muna,,2023-03,0.44093863456257837,3,0.44093863456257837,VIIRS DNB,nW/cm2/sr,2023,"{""type"":""MultiPoint"",""coordinates"":[]}"
110_00000000000000000014,BA03050040,,,,,,,74.10,74,0.0480497061255,TASWIL5000020230907KABKOTA,Buton Utara,Wilayah terapung,3.9169026899E-6,0.0168384250334,4326,4,,,Buton Utara,Sulawesi Tenggara,,0,Muna,,2023-03,0.8400000163487026,3,0.8400000163487026,VIIRS DNB,nW/cm2/sr,2023,"{""type"":""MultiPoint"",""coordinates"":[]}"
111_00000000000000000001,BA03050040,,,,,,,74.04,74,1669.32863016,TASWIL5000020230907KABKOTA,Buton,,0.136188299866,3.04087674144,4326,4,,,Buton,Sulawesi Tenggara,,0,,,2023-04,0.43683393530589376,4,0.43683393530589376,VIIRS DNB,nW/cm2/sr,2023,"{""type"":""MultiPoint"",""coordinates"":[]}"
111_00000000000000000005,BA03050040,,,,,,,74.01,74,2958.9208572,TASWIL5000020230907KABKOTA,Kolaka,,0.240980839474,5.39527306777,4326,4,,,Kolaka,Sulawesi Tenggara,,0,,,2023-04,0.6046392737250971,4,0.6046392737250971,VIIRS DNB,nW/cm2/sr,2023,"{""type"":""MultiPoint"",""coordinates"":[]}"
111_00000000000000000008,BA03050040,,,,,,,74.02,74,5351.85263389,TASWIL5000020230907KABKOTA,Konawe,,0.435602118514,6.84601568998,4326,4,,,Konawe,Sulawesi Tenggara,,0,,,2023-04,0.6530367431126581,4,0.6530367431126581,VIIRS DNB,nW/cm2/sr,2023,"{""type"":""MultiPoint"",""coordinates"":[]}"
111_0000000000000000000e,BA03050040,,,,,,,74.03,74,1858.09481163,TASWIL5000020230907KABKOTA,Muna,,0.151502694674,5.32849464874,4326,4,,,Muna,Sulawesi Tenggara,,0,,,2023-04,0.4918736990482685,4,0.4918736990482685,VIIRS DNB,nW/cm2/sr,2023,"{""type"":""MultiPoint"",""coordinates"":[]}"
111_00000000000000000015,BA03050040,,,,,,,74.03,74,0.17024708351,TASWIL5000020230907KABKOTA,Muna,Wilayah terapung,1.38839187565E-5,0.039960941818,4326,4,,,Muna,Sulawesi Tenggara,,0,,,2023-04,0.39231214047856405,4,0.39231214047856405,VIIRS DNB,nW/cm2/sr,2023,"{""type"":""MultiPoint"",""coordinates"":[]}"
111_00000000000000000016,BA03050040,,,,,,,74.04,74,0.188157250699,TASWIL5000020230907KABKOTA,Buton,Wilayah terapung,1.53526521797E-5,0.0397338812277,4326,4,,,Buton,Sulawesi Tenggara,,0,,,2023-04,1.2133695865454883,4,1.2133695865454883,VIIRS DNB,nW/cm2/sr,2023,"{""type"":""MultiPoint"",""coordinates"":[]}"
111_00000000000000000000,BA03050040,,,,,,,74.06,74,3293.96639913,TASWIL5000020230907KABKOTA,Bombana,,0.268524880662,5.47167246052,4326,4,,,Bombana,Sulawesi Tenggara,,0,Buton,,2023-04,0.4869189856655108,4,0.4869189856655108,VIIRS DNB,nW/cm2/sr,2023,"{""type"":""MultiPoint"",""coordinates"":[]}"
111_00000000000000000002,BA03050040,,,,,,,74.15,74,517.631463505,TASWIL5000020230907KABKOTA,Buton Selatan,,0.042249508051,1.85498741345,4326,4,,,Buton Selatan,Sulawesi Tenggara,,0,Buton,,2023-04,0.4989327333497142,4,0.4989327333497142,VIIRS DNB,nW/cm2/sr,2023,"{""type"":""MultiPoint"",""coordinates"":[]}"
111_00000000000000000003,BA03050040,,,,,,,74.14,74,836.955797791,TASWIL5000020230907KABKOTA,Buton Tengah,,0.0682810706644,2.98412837401,4326,4,,,Buton Tengah,Sulawesi Tenggara,,0,Buton,,2023-04,0.4826364340365514,4,0.4826364340365514,VIIRS DNB,nW/cm2/sr,2023,"{""type"":""MultiPoint"",""coordinates"":[]}"
111_0000000000000000000c,BA03050040,,,,,,,74.72,74,294.137423231,TASWIL5000020230907KABKOTA,Kota Bau Bau,,0.0240007870008,0.955179337168,4326,5,,,Kota Bau Bau,Sulawesi Tenggara,,0,Buton,,2023-04,1.4317811813491417,4,1.4317811813491417,VIIRS DNB,nW/cm2/sr,2023,"{""type"":""MultiPoint"",""coordinates"":[]}"
111_00000000000000000010,BA03050040,,,,,,,74.07,74,450.455914283,TASWIL5000020230907KABKOTA,Wakatobi,,0.0367648905913,3.71804674371,4326,4,,,Wakatobi,Sulawesi Tenggara,,0,Buton,,2023-04,0.5731038174707656,4,0.5731038174707656,VIIRS DNB,nW/cm2/sr,2023,"{""type"":""MultiPoint"",""coordinates"":[]}"
111_00000000000000000011,BA03050040,,,,,,,74.07,74,0.253355482028,TASWIL5000020230907KABKOTA,Wakatobi,Wilayah terapung,2.06703594498E-5,0.0291924563304,4326,4,,,Wakatobi,Sulawesi Tenggara,,0,Buton,,2023-04,2.1527519163697266,4,2.1527519163697266,VIIRS DNB,nW/cm2/sr,2023,"{""type"":""MultiPoint"",""coordinates"":[]}"
111_00000000000000000012,BA03050040,,,,,,,74.07,74,4.12006083394,TASWIL5000020230907KABKOTA,Wakatobi,Wilayah terapung,3.36232999688E-4,0.124432278786,4326,4,,,Wakatobi,Sulawesi Tenggara,,0,Buton,,2023-04,0.42484260264938406,4,0.42484260264938406,VIIRS DNB,nW/cm2/sr,2023,"{""type"":""MultiPoint"",""coordinates"":[]}"
111_0000000000000000000a,BA03050040,,,,,,,74.05,74,4237.74051506,TASWIL5000020230907KABKOTA,Konawe Selatan,,0.345208073275,5.59324280043,4326,4,,,Konawe Selatan,Sulawesi Tenggara,,0,Kendari,,2023-04,0.5640406581382204,4,0.5640406581382204,VIIRS DNB,nW/cm2/sr,2023,"{""type"":""MultiPoint"",""coordinates"":[]}"
111_0000000000000000000d,BA03050040,,,,,,,74.71,74,265.790696582,TASWIL5000020230907KABKOTA,Kota Kendari,,0.0216443348271,1.21929531969,4326,5,,,Kota Kendari,Sulawesi Tenggara,,0,Kendari,,2023-04,4.351513273928123,4,4.351513273928123,VIIRS DNB,nW/cm2/sr,2023,"{""type"":""MultiPoint"",""coordinates"":[]}"
111_00000000000000000006,BA03050040,,,,,,,74.11,74,3992.53107078,TASWIL5000020230907KABKOTA,Kolaka Timur,,0.325055960897,4.62416724675,4326,4,,,Kolaka Timur,Sulawesi Tenggara,,0,Kolaka,,2023-04,0.5002110431072921,4,0.5002110431072921,VIIRS DNB,nW/cm2/sr,2023,"{""type"":""MultiPoint"",""coordinates"":[]}"
111_00000000000000000007,BA03050040,,,,,,,74.08,74,2932.25192061,TASWIL5000020230907KABKOTA,Kolaka Utara,,0.238597308701,3.90865020949,4326,4,,,Kolaka Utara,Sulawesi Tenggara,,0,Kolaka,,2023-04,0.5334405839019708,4,0.5334405839019708,VIIRS DNB,nW/cm2/sr,2023,"{""type"":""MultiPoint"",""coordinates"":[]}"
111_00000000000000000009,BA03050040,,,,,,,74.12,74,705.711010277,TASWIL5000020230907KABKOTA,Konawe Kepulauan,,0.0574768178025,1.17136047971,4326,4,,,Konawe Kepulauan,Sulawesi Tenggara,,0,Konawe,,2023-04,0.4747821741720728,4,0.4747821741720728,VIIRS DNB,nW/cm2/sr,2023,"{""type"":""MultiPoint"",""coordinates"":[]}"
111_0000000000000000000b,BA03050040,,,,,,,74.09,74,4219.81180817,TASWIL5000020230907KABKOTA,Konawe Utara,,0.343408045869,6.15591332033,4326,4,,,Konawe Utara,Sulawesi Tenggara,,0,Konawe,,2023-04,0.5657230003585708,4,0.5657230003585708,VIIRS DNB,nW/cm2/sr,2023,"{""type"":""MultiPoint"",""coordinates"":[]}"
111_00000000000000000004,BA03050040,,,,,,,74.10,74,1755.8292261,TASWIL5000020230907KABKOTA,Buton Utara,,0.143115018242,4.67921811895,4326,4,,,Buton Utara,Sulawesi Tenggara,,0,Muna,,2023-04,0.4476129076088462,4,0.4476129076088462,VIIRS DNB,nW/cm2/sr,2023,"{""type"":""MultiPoint"",""coordinates"":[]}"
111_0000000000000000000f,BA03050040,,,,,,,74.13,74,818.701593571,TASWIL5000020230907KABKOTA,Muna Barat,,0.0667415576998,2.65906981122,4326,4,,,Muna Barat,Sulawesi Tenggara,,0,Muna,,2023-04,0.4951453384247242,4,0.4951453384247242,VIIRS DNB,nW/cm2/sr,2023,"{""type"":""MultiPoint"",""coordinates"":[]}"
111_00000000000000000013,BA03050040,,,,,,,74.13,74,0.273099429049,TASWIL5000020230907KABKOTA,Muna Barat,Wilayah terapung,2.22679841875E-5,0.0295594995644,4326,4,,,Muna Barat,Sulawesi Tenggara,,0,Muna,,2023-04,0.35649820086327694,4,0.35649820086327694,VIIRS DNB,nW/cm2/sr,2023,"{""type"":""MultiPoint"",""coordinates"":[]}"
111_00000000000000000014,BA03050040,,,,,,,74.10,74,0.0480497061255,TASWIL5000020230907KABKOTA,Buton Utara,Wilayah terapung,3.9169026899E-6,0.0168384250334,4326,4,,,Buton Utara,Sulawesi Tenggara,,0,Muna,,2023-04,0.6814285601888384,4,0.6814285601888384,VIIRS DNB,nW/cm2/sr,2023,"{""type"":""MultiPoint"",""coordinates"":[]}"
112_00000000000000000001,BA03050040,,,,,,,74.04,74,1669.32863016,TASWIL5000020230907KABKOTA,Buton,,0.136188299866,3.04087674144,4326,4,,,Buton,Sulawesi Tenggara,,0,,,2023-05,0.39208461009618817,5,0.39208461009618817,VIIRS DNB,nW/cm2/sr,2023,"{""type"":""MultiPoint"",""coordinates"":[]}"
112_00000000000000000005,BA03050040,,,,,,,74.01,74,2958.9208572,TASWIL5000020230907KABKOTA,Kolaka,,0.240980839474,5.39527306777,4326,4,,,Kolaka,Sulawesi Tenggara,,0,,,2023-05,0.563040622455158,5,0.563040622455158,VIIRS DNB,nW/cm2/sr,2023,"{""type"":""MultiPoint"",""coordinates"":[]}"
112_00000000000000000008,BA03050040,,,,,,,74.02,74,5351.85263389,TASWIL5000020230907KABKOTA,Konawe,,0.435602118514,6.84601568998,4326,4,,,Konawe,Sulawesi Tenggara,,0,,,2023-05,0.704644970124989,5,0.704644970124989,VIIRS DNB,nW/cm2/sr,2023,"{""type"":""MultiPoint"",""coordinates"":[]}"
112_0000000000000000000e,BA03050040,,,,,,,74.03,74,1858.09481163,TASWIL5000020230907KABKOTA,Muna,,0.151502694674,5.32849464874,4326,4,,,Muna,Sulawesi Tenggara,,0,,,2023-05,0.4354159635991151,5,0.4354159635991151,VIIRS DNB,nW/cm2/sr,2023,"{""type"":""MultiPoint"",""coordinates"":[]}"
112_00000000000000000015,BA03050040,,,,,,,74.03,74,0.17024708351,TASWIL5000020230907KABKOTA,Muna,Wilayah terapung,1.38839187565E-5,0.039960941818,4326,4,,,Muna,Sulawesi Tenggara,,0,,,2023-05,0.36797687652483146,5,0.36797687652483146,VIIRS DNB,nW/cm2/sr,2023,"{""type"":""MultiPoint"",""coordinates"":[]}"
112_00000000000000000016,BA03050040,,,,,,,74.04,74,0.188157250699,TASWIL5000020230907KABKOTA,Buton,Wilayah terapung,1.53526521797E-5,0.0397338812277,4326,4,,,Buton,Sulawesi Tenggara,,0,,,2023-05,0.9612500084483108,5,0.9612500084483108,VIIRS DNB,nW/cm2/sr,2023,"{""type"":""MultiPoint"",""coordinates"":[]}"
112_00000000000000000000,BA03050040,,,,,,,74.06,74,3293.96639913,TASWIL5000020230907KABKOTA,Bombana,,0.268524880662,5.47167246052,4326,4,,,Bombana,Sulawesi Tenggara,,0,Buton,,2023-05,0.43476662341072553,5,0.43476662341072553,VIIRS DNB,nW/cm2/sr,2023,"{""type"":""MultiPoint"",""coordinates"":[]}"
112_00000000000000000002,BA03050040,,,,,,,74.15,74,517.631463505,TASWIL5000020230907KABKOTA,Buton Selatan,,0.042249508051,1.85498741345,4326,4,,,Buton Selatan,Sulawesi Tenggara,,0,Buton,,2023-05,0.44514828597617306,5,0.44514828597617306,VIIRS DNB,nW/cm2/sr,2023,"{""type"":""MultiPoint"",""coordinates"":[]}"
112_00000000000000000003,BA03050040,,,,,,,74.14,74,836.955797791,TASWIL5000020230907KABKOTA,Buton Tengah,,0.0682810706644,2.98412837401,4326,4,,,Buton Tengah,Sulawesi Tenggara,,0,Buton,,2023-05,0.4615510165708405,5,0.4615510165708405,VIIRS DNB,nW/cm2/sr,2023,"{""type"":""MultiPoint"",""coordinates"":[]}"
112_0000000000000000000c,BA03050040,,,,,,,74.72,74,294.137423231,TASWIL5000020230907KABKOTA,Kota Bau Bau,,0.0240007870008,0.955179337168,4326,5,,,Kota Bau Bau,Sulawesi Tenggara,,0,Buton,,2023-05,1.4380233275705097,5,1.4380233275705097,VIIRS DNB,nW/cm2/sr,2023,"{""type"":""MultiPoint"",""coordinates"":[]}"
112_00000000000000000010,BA03050040,,,,,,,74.07,74,450.455914283,TASWIL5000020230907KABKOTA,Wakatobi,,0.0367648905913,3.71804674371,4326,4,,,Wakatobi,Sulawesi Tenggara,,0,Buton,,2023-05,0.5160145712555729,5,0.5160145712555729,VIIRS DNB,nW/cm2/sr,2023,"{""type"":""MultiPoint"",""coordinates"":[]}"
112_00000000000000000011,BA03050040,,,,,,,74.07,74,0.253355482028,TASWIL5000020230907KABKOTA,Wakatobi,Wilayah terapung,2.06703594498E-5,0.0291924563304,4326,4,,,Wakatobi,Sulawesi Tenggara,,0,Buton,,2023-05,2.743604614522106,5,2.743604614522106,VIIRS DNB,nW/cm2/sr,2023,"{""type"":""MultiPoint"",""coordinates"":[]}"
112_00000000000000000012,BA03050040,,,,,,,74.07,74,4.12006083394,TASWIL5000020230907KABKOTA,Wakatobi,Wilayah terapung,3.36232999688E-4,0.124432278786,4326,4,,,Wakatobi,Sulawesi Tenggara,,0,Buton,,2023-05,0.38684023610233564,5,0.38684023610233564,VIIRS DNB,nW/cm2/sr,2023,"{""type"":""MultiPoint"",""coordinates"":[]}"
112_0000000000000000000a,BA03050040,,,,,,,74.05,74,4237.74051506,TASWIL5000020230907KABKOTA,Konawe Selatan,,0.345208073275,5.59324280043,4326,4,,,Konawe Selatan,Sulawesi Tenggara,,0,Kendari,,2023-05,0.4993055190204805,5,0.4993055190204805,VIIRS DNB,nW/cm2/sr,2023,"{""type"":""MultiPoint"",""coordinates"":[]}"
112_0000000000000000000d,BA03050040,,,,,,,74.71,74,265.790696582,TASWIL5000020230907KABKOTA,Kota Kendari,,0.0216443348271,1.21929531969,4326,5,,,Kota Kendari,Sulawesi Tenggara,,0,Kendari,,2023-05,4.5252169493304075,5,4.5252169493304075,VIIRS DNB,nW/cm2/sr,2023,"{""type"":""MultiPoint"",""coordinates"":[]}"
112_00000000000000000006,BA03050040,,,,,,,74.11,74,3992.53107078,TASWIL5000020230907KABKOTA,Kolaka Timur,,0.325055960897,4.62416724675,4326,4,,,Kolaka Timur,Sulawesi Tenggara,,0,Kolaka,,2023-05,0.41263287867786524,5,0.41263287867786524,VIIRS DNB,nW/cm2/sr,2023,"{""type"":""MultiPoint"",""coordinates"":[]}"
112_00000000000000000007,BA03050040,,,,,,,74.08,74,2932.25192061,TASWIL5000020230907KABKOTA,Kolaka Utara,,0.238597308701,3.90865020949,4326,4,,,Kolaka Utara,Sulawesi Tenggara,,0,Kolaka,,2023-05,0.40953945204929093,5,0.40953945204929093,VIIRS DNB,nW/cm2/sr,2023,"{""type"":""MultiPoint"",""coordinates"":[]}"
112_00000000000000000009,BA03050040,,,,,,,74.12,74,705.711010277,TASWIL5000020230907KABKOTA,Konawe Kepulauan,,0.0574768178025,1.17136047971,4326,4,,,Konawe Kepulauan,Sulawesi Tenggara,,0,Konawe,,2023-05,0.422890894723737,5,0.422890894723737,VIIRS DNB,nW/cm2/sr,2023,"{""type"":""MultiPoint"",""coordinates"":[]}"
112_0000000000000000000b,BA03050040,,,,,,,74.09,74,4219.81180817,TASWIL5000020230907KABKOTA,Konawe Utara,,0.343408045869,6.15591332033,4326,4,,,Konawe Utara,Sulawesi Tenggara,,0,Konawe,,2023-05,0.47176425190083476,5,0.47176425190083476,VIIRS DNB,nW/cm2/sr,2023,"{""type"":""MultiPoint"",""coordinates"":[]}"
112_00000000000000000004,BA03050040,,,,,,,74.10,74,1755.8292261,TASWIL5000020230907KABKOTA,Buton Utara,,0.143115018242,4.67921811895,4326,4,,,Buton Utara,Sulawesi Tenggara,,0,Muna,,2023-05,0.3712625594845156,5,0.3712625594845156,VIIRS DNB,nW/cm2/sr,2023,"{""type"":""MultiPoint"",""coordinates"":[]}"
112_0000000000000000000f,BA03050040,,,,,,,74.13,74,818.701593571,TASWIL5000020230907KABKOTA,Muna Barat,,0.0667415576998,2.65906981122,4326,4,,,Muna Barat,Sulawesi Tenggara,,0,Muna,,2023-05,0.4232151272183746,5,0.4232151272183746,VIIRS DNB,nW/cm2/sr,2023,"{""type"":""MultiPoint"",""coordinates"":[]}"
112_00000000000000000013,BA03050040,,,,,,,74.13,74,0.273099429049,TASWIL5000020230907KABKOTA,Muna Barat,Wilayah terapung,2.22679841875E-5,0.0295594995644,4326,4,,,Muna Barat,Sulawesi Tenggara,,0,Muna,,2023-05,0.3311913334075294,5,0.3311913334075294,VIIRS DNB,nW/cm2/sr,2023,"{""type"":""MultiPoint"",""coordinates"":[]}"
112_00000000000000000014,BA03050040,,,,,,,74.10,74,0.0480497061255,TASWIL5000020230907KABKOTA,Buton Utara,Wilayah terapung,3.9169026899E-6,0.0168384250334,4326,4,,,Buton Utara,Sulawesi Tenggara,,0,Muna,,2023-05,0.7985714163099017,5,0.7985714163099017,VIIRS DNB,nW/cm2/sr,2023,"{""type"":""MultiPoint"",""coordinates"":[]}"
113_00000000000000000001,BA03050040,,,,,,,74.04,74,1669.32863016,TASWIL5000020230907KABKOTA,Buton,,0.136188299866,3.04087674144,4326,4,,,Buton,Sulawesi Tenggara,,0,,,2023-06,0.24950678218626124,6,0.24950678218626124,VIIRS DNB,nW/cm2/sr,2023,"{""type"":""MultiPoint"",""coordinates"":[]}"
113_00000000000000000005,BA03050040,,,,,,,74.01,74,2958.9208572,TASWIL5000020230907KABKOTA,Kolaka,,0.240980839474,5.39527306777,4326,4,,,Kolaka,Sulawesi Tenggara,,0,,,2023-06,0.44202144417210976,6,0.44202144417210976,VIIRS DNB,nW/cm2/sr,2023,"{""type"":""MultiPoint"",""coordinates"":[]}"
113_00000000000000000008,BA03050040,,,,,,,74.02,74,5351.85263389,TASWIL5000020230907KABKOTA,Konawe,,0.435602118514,6.84601568998,4326,4,,,Konawe,Sulawesi Tenggara,,0,,,2023-06,0.5752037045577979,6,0.5752037045577979,VIIRS DNB,nW/cm2/sr,2023,"{""type"":""MultiPoint"",""coordinates"":[]}"
113_0000000000000000000e,BA03050040,,,,,,,74.03,74,1858.09481163,TASWIL5000020230907KABKOTA,Muna,,0.151502694674,5.32849464874,4326,4,,,Muna,Sulawesi Tenggara,,0,,,2023-06,0.29098833758720016,6,0.29098833758720016,VIIRS DNB,nW/cm2/sr,2023,"{""type"":""MultiPoint"",""coordinates"":[]}"
113_00000000000000000015,BA03050040,,,,,,,74.03,74,0.17024708351,TASWIL5000020230907KABKOTA,Muna,Wilayah terapung,1.38839187565E-5,0.039960941818,4326,4,,,Muna,Sulawesi Tenggara,,0,,,2023-06,0.2397109799819185,6,0.2397109799819185,VIIRS DNB,nW/cm2/sr,2023,"{""type"":""MultiPoint"",""coordinates"":[]}"
113_00000000000000000016,BA03050040,,,,,,,74.04,74,0.188157250699,TASWIL5000020230907KABKOTA,Buton,Wilayah terapung,1.53526521797E-5,0.0397338812277,4326,4,,,Buton,Sulawesi Tenggara,,0,,,2023-06,0.9955434792715573,6,0.9955434792715573,VIIRS DNB,nW/cm2/sr,2023,"{""type"":""MultiPoint"",""coordinates"":[]}"
113_00000000000000000000,BA03050040,,,,,,,74.06,74,3293.96639913,TASWIL5000020230907KABKOTA,Bombana,,0.268524880662,5.47167246052,4326,4,,,Bombana,Sulawesi Tenggara,,0,Buton,,2023-06,0.32562192313593,6,0.32562192313593,VIIRS DNB,nW/cm2/sr,2023,"{""type"":""MultiPoint"",""coordinates"":[]}"
113_00000000000000000002,BA03050040,,,,,,,74.15,74,517.631463505,TASWIL5000020230907KABKOTA,Buton Selatan,,0.042249508051,1.85498741345,4326,4,,,Buton Selatan,Sulawesi Tenggara,,0,Buton,,2023-06,0.2995372470540948,6,0.2995372470540948,VIIRS DNB,nW/cm2/sr,2023,"{""type"":""MultiPoint"",""coordinates"":[]}"
113_00000000000000000003,BA03050040,,,,,,,74.14,74,836.955797791,TASWIL5000020230907KABKOTA,Buton Tengah,,0.0682810706644,2.98412837401,4326,4,,,Buton Tengah,Sulawesi Tenggara,,0,Buton,,2023-06,0.3289027152956362,6,0.3289027152956362,VIIRS DNB,nW/cm2/sr,2023,"{""type"":""MultiPoint"",""coordinates"":[]}"
113_0000000000000000000c,BA03050040,,,,,,,74.72,74,294.137423231,TASWIL5000020230907KABKOTA,Kota Bau Bau,,0.0240007870008,0.955179337168,4326,5,,,Kota Bau Bau,Sulawesi Tenggara,,0,Buton,,2023-06,1.2752893776505672,6,1.2752893776505672,VIIRS DNB,nW/cm2/sr,2023,"{""type"":""MultiPoint"",""coordinates"":[]}"
113_00000000000000000010,BA03050040,,,,,,,74.07,74,450.455914283,TASWIL5000020230907KABKOTA,Wakatobi,,0.0367648905913,3.71804674371,4326,4,,,Wakatobi,Sulawesi Tenggara,,0,Buton,,2023-06,0.4135282030392886,6,0.4135282030392886,VIIRS DNB,nW/cm2/sr,2023,"{""type"":""MultiPoint"",""coordinates"":[]}"
113_00000000000000000011,BA03050040,,,,,,,74.07,74,0.253355482028,TASWIL5000020230907KABKOTA,Wakatobi,Wilayah terapung,2.06703594498E-5,0.0291924563304,4326,4,,,Wakatobi,Sulawesi Tenggara,,0,Buton,,2023-06,2.3878682165644896,6,2.3878682165644896,VIIRS DNB,nW/cm2/sr,2023,"{""type"":""MultiPoint"",""coordinates"":[]}"
113_00000000000000000012,BA03050040,,,,,,,74.07,74,4.12006083394,TASWIL5000020230907KABKOTA,Wakatobi,Wilayah terapung,3.36232999688E-4,0.124432278786,4326,4,,,Wakatobi,Sulawesi Tenggara,,0,Buton,,2023-06,0.3015857981550976,6,0.3015857981550976,VIIRS DNB,nW/cm2/sr,2023,"{""type"":""MultiPoint"",""coordinates"":[]}"
113_0000000000000000000a,BA03050040,,,,,,,74.05,74,4237.74051506,TASWIL5000020230907KABKOTA,Konawe Selatan,,0.345208073275,5.59324280043,4326,4,,,Konawe Selatan,Sulawesi Tenggara,,0,Kendari,,2023-06,0.37414521335707895,6,0.37414521335707895,VIIRS DNB,nW/cm2/sr,2023,"{""type"":""MultiPoint"",""coordinates"":[]}"
113_0000000000000000000d,BA03050040,,,,,,,74.71,74,265.790696582,TASWIL5000020230907KABKOTA,Kota Kendari,,0.0216443348271,1.21929531969,4326,5,,,Kota Kendari,Sulawesi Tenggara,,0,Kendari,,2023-06,3.752705573877564,6,3.752705573877564,VIIRS DNB,nW/cm2/sr,2023,"{""type"":""MultiPoint"",""coordinates"":[]}"
113_00000000000000000006,BA03050040,,,,,,,74.11,74,3992.53107078,TASWIL5000020230907KABKOTA,Kolaka Timur,,0.325055960897,4.62416724675,4326,4,,,Kolaka Timur,Sulawesi Tenggara,,0,Kolaka,,2023-06,0.3249850067710616,6,0.3249850067710616,VIIRS DNB,nW/cm2/sr,2023,"{""type"":""MultiPoint"",""coordinates"":[]}"
113_00000000000000000007,BA03050040,,,,,,,74.08,74,2932.25192061,TASWIL5000020230907KABKOTA,Kolaka Utara,,0.238597308701,3.90865020949,4326,4,,,Kolaka Utara,Sulawesi Tenggara,,0,Kolaka,,2023-06,0.29763975763620665,6,0.29763975763620665,VIIRS DNB,nW/cm2/sr,2023,"{""type"":""MultiPoint"",""coordinates"":[]}"
113_00000000000000000009,BA03050040,,,,,,,74.12,74,705.711010277,TASWIL5000020230907KABKOTA,Konawe Kepulauan,,0.0574768178025,1.17136047971,4326,4,,,Konawe Kepulauan,Sulawesi Tenggara,,0,Konawe,,2023-06,0.27701132897755476,6,0.27701132897755476,VIIRS DNB,nW/cm2/sr,2023,"{""type"":""MultiPoint"",""coordinates"":[]}"
113_0000000000000000000b,BA03050040,,,,,,,74.09,74,4219.81180817,TASWIL5000020230907KABKOTA,Konawe Utara,,0.343408045869,6.15591332033,4326,4,,,Konawe Utara,Sulawesi Tenggara,,0,Konawe,,2023-06,0.37342714060800636,6,0.37342714060800636,VIIRS DNB,nW/cm2/sr,2023,"{""type"":""MultiPoint"",""coordinates"":[]}"
113_00000000000000000004,BA03050040,,,,,,,74.10,74,1755.8292261,TASWIL5000020230907KABKOTA,Buton Utara,,0.143115018242,4.67921811895,4326,4,,,Buton Utara,Sulawesi Tenggara,,0,Muna,,2023-06,0.23084750232603182,6,0.23084750232603182,VIIRS DNB,nW/cm2/sr,2023,"{""type"":""MultiPoint"",""coordinates"":[]}"
113_0000000000000000000f,BA03050040,,,,,,,74.13,74,818.701593571,TASWIL5000020230907KABKOTA,Muna Barat,,0.0667415576998,2.65906981122,4326,4,,,Muna Barat,Sulawesi Tenggara,,0,Muna,,2023-06,0.29466310485896297,6,0.29466310485896297,VIIRS DNB,nW/cm2/sr,2023,"{""type"":""MultiPoint"",""coordinates"":[]}"
113_00000000000000000013,BA03050040,,,,,,,74.13,74,0.273099429049,TASWIL5000020230907KABKOTA,Muna Barat,Wilayah terapung,2.22679841875E-5,0.0295594995644,4326,4,,,Muna Barat,Sulawesi Tenggara,,0,Muna,,2023-06,0.34115523142935134,6,0.34115523142935134,VIIRS DNB,nW/cm2/sr,2023,"{""type"":""MultiPoint"",""coordinates"":[]}"
113_00000000000000000014,BA03050040,,,,,,,74.10,74,0.0480497061255,TASWIL5000020230907KABKOTA,Buton Utara,Wilayah terapung,3.9169026899E-6,0.0168384250334,4326,4,,,Buton Utara,Sulawesi Tenggara,,0,Muna,,2023-06,0.7342857164996012,6,0.7342857164996012,VIIRS DNB,nW/cm2/sr,2023,"{""type"":""MultiPoint"",""coordinates"":[]}"
114_00000000000000000001,BA03050040,,,,,,,74.04,74,1669.32863016,TASWIL5000020230907KABKOTA,Buton,,0.136188299866,3.04087674144,4326,4,,,Buton,Sulawesi Tenggara,,0,,,2023-07,0.2619943446152648,7,0.2619943446152648,VIIRS DNB,nW/cm2/sr,2023,"{""type"":""MultiPoint"",""coordinates"":[]}"
114_00000000000000000005,BA03050040,,,,,,,74.01,74,2958.9208572,TASWIL5000020230907KABKOTA,Kolaka,,0.240980839474,5.39527306777,4326,4,,,Kolaka,Sulawesi Tenggara,,0,,,2023-07,0.4346068888882584,7,0.4346068888882584,VIIRS DNB,nW/cm2/sr,2023,"{""type"":""MultiPoint"",""coordinates"":[]}"
114_00000000000000000008,BA03050040,,,,,,,74.02,74,5351.85263389,TASWIL5000020230907KABKOTA,Konawe,,0.435602118514,6.84601568998,4326,4,,,Konawe,Sulawesi Tenggara,,0,,,2023-07,0.6309861147978822,7,0.6309861147978822,VIIRS DNB,nW/cm2/sr,2023,"{""type"":""MultiPoint"",""coordinates"":[]}"
114_0000000000000000000e,BA03050040,,,,,,,74.03,74,1858.09481163,TASWIL5000020230907KABKOTA,Muna,,0.151502694674,5.32849464874,4326,4,,,Muna,Sulawesi Tenggara,,0,,,2023-07,0.3089578977207726,7,0.3089578977207726,VIIRS DNB,nW/cm2/sr,2023,"{""type"":""MultiPoint"",""coordinates"":[]}"
114_00000000000000000015,BA03050040,,,,,,,74.03,74,0.17024708351,TASWIL5000020230907KABKOTA,Muna,Wilayah terapung,1.38839187565E-5,0.039960941818,4326,4,,,Muna,Sulawesi Tenggara,,0,,,2023-07,0.1329479743807302,7,0.1329479743807302,VIIRS DNB,nW/cm2/sr,2023,"{""type"":""MultiPoint"",""coordinates"":[]}"
114_00000000000000000016,BA03050040,,,,,,,74.04,74,0.188157250699,TASWIL5000020230907KABKOTA,Buton,Wilayah terapung,1.53526521797E-5,0.0397338812277,4326,4,,,Buton,Sulawesi Tenggara,,0,,,2023-07,0.8535869451968567,7,0.8535869451968567,VIIRS DNB,nW/cm2/sr,2023,"{""type"":""MultiPoint"",""coordinates"":[]}"
114_00000000000000000000,BA03050040,,,,,,,74.06,74,3293.96639913,TASWIL5000020230907KABKOTA,Bombana,,0.268524880662,5.47167246052,4326,4,,,Bombana,Sulawesi Tenggara,,0,Buton,,2023-07,0.27075288509557005,7,0.27075288509557005,VIIRS DNB,nW/cm2/sr,2023,"{""type"":""MultiPoint"",""coordinates"":[]}"
114_00000000000000000002,BA03050040,,,,,,,74.15,74,517.631463505,TASWIL5000020230907KABKOTA,Buton Selatan,,0.042249508051,1.85498741345,4326,4,,,Buton Selatan,Sulawesi Tenggara,,0,Buton,,2023-07,0.3649765419154292,7,0.3649765419154292,VIIRS DNB,nW/cm2/sr,2023,"{""type"":""MultiPoint"",""coordinates"":[]}"
114_00000000000000000003,BA03050040,,,,,,,74.14,74,836.955797791,TASWIL5000020230907KABKOTA,Buton Tengah,,0.0682810706644,2.98412837401,4326,4,,,Buton Tengah,Sulawesi Tenggara,,0,Buton,,2023-07,0.33835885312317776,7,0.33835885312317776,VIIRS DNB,nW/cm2/sr,2023,"{""type"":""MultiPoint"",""coordinates"":[]}"
114_0000000000000000000c,BA03050040,,,,,,,74.72,74,294.137423231,TASWIL5000020230907KABKOTA,Kota Bau Bau,,0.0240007870008,0.955179337168,4326,5,,,Kota Bau Bau,Sulawesi Tenggara,,0,Buton,,2023-07,1.4654084750142409,7,1.4654084750142409,VIIRS DNB,nW/cm2/sr,2023,"{""type"":""MultiPoint"",""coordinates"":[]}"
114_00000000000000000010,BA03050040,,,,,,,74.07,74,450.455914283,TASWIL5000020230907KABKOTA,Wakatobi,,0.0367648905913,3.71804674371,4326,4,,,Wakatobi,Sulawesi Tenggara,,0,Buton,,2023-07,0.3915866685412408,7,0.3915866685412408,VIIRS DNB,nW/cm2/sr,2023,"{""type"":""MultiPoint"",""coordinates"":[]}"
114_00000000000000000011,BA03050040,,,,,,,74.07,74,0.253355482028,TASWIL5000020230907KABKOTA,Wakatobi,Wilayah terapung,2.06703594498E-5,0.0291924563304,4326,4,,,Wakatobi,Sulawesi Tenggara,,0,Buton,,2023-07,2.7077907035055087,7,2.7077907035055087,VIIRS DNB,nW/cm2/sr,2023,"{""type"":""MultiPoint"",""coordinates"":[]}"
114_00000000000000000012,BA03050040,,,,,,,74.07,74,4.12006083394,TASWIL5000020230907KABKOTA,Wakatobi,Wilayah terapung,3.36232999688E-4,0.124432278786,4326,4,,,Wakatobi,Sulawesi Tenggara,,0,Buton,,2023-07,0.2940047335201467,7,0.2940047335201467,VIIRS DNB,nW/cm2/sr,2023,"{""type"":""MultiPoint"",""coordinates"":[]}"
114_0000000000000000000a,BA03050040,,,,,,,74.05,74,4237.74051506,TASWIL5000020230907KABKOTA,Konawe Selatan,,0.345208073275,5.59324280043,4326,4,,,Konawe Selatan,Sulawesi Tenggara,,0,Kendari,,2023-07,0.35013726868993295,7,0.35013726868993295,VIIRS DNB,nW/cm2/sr,2023,"{""type"":""MultiPoint"",""coordinates"":[]}"
114_0000000000000000000d,BA03050040,,,,,,,74.71,74,265.790696582,TASWIL5000020230907KABKOTA,Kota Kendari,,0.0216443348271,1.21929531969,4326,5,,,Kota Kendari,Sulawesi Tenggara,,0,Kendari,,2023-07,2.9676514535771195,7,2.9676514535771195,VIIRS DNB,nW/cm2/sr,2023,"{""type"":""MultiPoint"",""coordinates"":[]}"
114_00000000000000000006,BA03050040,,,,,,,74.11,74,3992.53107078,TASWIL5000020230907KABKOTA,Kolaka Timur,,0.325055960897,4.62416724675,4326,4,,,Kolaka Timur,Sulawesi Tenggara,,0,Kolaka,,2023-07,0.2645746554013548,7,0.2645746554013548,VIIRS DNB,nW/cm2/sr,2023,"{""type"":""MultiPoint"",""coordinates"":[]}"
114_00000000000000000007,BA03050040,,,,,,,74.08,74,2932.25192061,TASWIL5000020230907KABKOTA,Kolaka Utara,,0.238597308701,3.90865020949,4326,4,,,Kolaka Utara,Sulawesi Tenggara,,0,Kolaka,,2023-07,0.27924183548985065,7,0.27924183548985065,VIIRS DNB,nW/cm2/sr,2023,"{""type"":""MultiPoint"",""coordinates"":[]}"
114_00000000000000000009,BA03050040,,,,,,,74.12,74,705.711010277,TASWIL5000020230907KABKOTA,Konawe Kepulauan,,0.0574768178025,1.17136047971,4326,4,,,Konawe Kepulauan,Sulawesi Tenggara,,0,Konawe,,2023-07,0.3014548637434448,7,0.3014548637434448,VIIRS DNB,nW/cm2/sr,2023,"{""type"":""MultiPoint"",""coordinates"":[]}"
114_0000000000000000000b,BA03050040,,,,,,,74.09,74,4219.81180817,TASWIL5000020230907KABKOTA,Konawe Utara,,0.343408045869,6.15591332033,4326,4,,,Konawe Utara,Sulawesi Tenggara,,0,Konawe,,2023-07,0.5077849169594391,7,0.5077849169594391,VIIRS DNB,nW/cm2/sr,2023,"{""type"":""MultiPoint"",""coordinates"":[]}"
114_00000000000000000004,BA03050040,,,,,,,74.10,74,1755.8292261,TASWIL5000020230907KABKOTA,Buton Utara,,0.143115018242,4.67921811895,4326,4,,,Buton Utara,Sulawesi Tenggara,,0,Muna,,2023-07,0.21206133499431104,7,0.21206133499431104,VIIRS DNB,nW/cm2/sr,2023,"{""type"":""MultiPoint"",""coordinates"":[]}"
114_0000000000000000000f,BA03050040,,,,,,,74.13,74,818.701593571,TASWIL5000020230907KABKOTA,Muna Barat,,0.0667415576998,2.65906981122,4326,4,,,Muna Barat,Sulawesi Tenggara,,0,Muna,,2023-07,0.2988337524221615,7,0.2988337524221615,VIIRS DNB,nW/cm2/sr,2023,"{""type"":""MultiPoint"",""coordinates"":[]}"
114_00000000000000000013,BA03050040,,,,,,,74.13,74,0.273099429049,TASWIL5000020230907KABKOTA,Muna Barat,Wilayah terapung,2.22679841875E-5,0.0295594995644,4326,4,,,Muna Barat,Sulawesi Tenggara,,0,Muna,,2023-07,0.31490974988963194,7,0.31490974988963194,VIIRS DNB,nW/cm2/sr,2023,"{""type"":""MultiPoint"",""coordinates"":[]}"
114_00000000000000000014,BA03050040,,,,,,,74.10,74,0.0480497061255,TASWIL5000020230907KABKOTA,Buton Utara,Wilayah terapung,3.9169026899E-6,0.0168384250334,4326,4,,,Buton Utara,Sulawesi Tenggara,,0,Muna,,2023-07,0.8614285503114973,7,0.8614285503114973,VIIRS DNB,nW/cm2/sr,2023,"{""type"":""MultiPoint"",""coordinates"":[]}"
115_00000000000000000001,BA03050040,,,,,,,74.04,74,1669.32863016,TASWIL5000020230907KABKOTA,Buton,,0.136188299866,3.04087674144,4326,4,,,Buton,Sulawesi Tenggara,,0,,,2023-08,0.2488581333461019,8,0.2488581333461019,VIIRS DNB,nW/cm2/sr,2023,"{""type"":""MultiPoint"",""coordinates"":[]}"
115_00000000000000000005,BA03050040,,,,,,,74.01,74,2958.9208572,TASWIL5000020230907KABKOTA,Kolaka,,0.240980839474,5.39527306777,4326,4,,,Kolaka,Sulawesi Tenggara,,0,,,2023-08,0.43601612635380615,8,0.43601612635380615,VIIRS DNB,nW/cm2/sr,2023,"{""type"":""MultiPoint"",""coordinates"":[]}"
115_00000000000000000008,BA03050040,,,,,,,74.02,74,5351.85263389,TASWIL5000020230907KABKOTA,Konawe,,0.435602118514,6.84601568998,4326,4,,,Konawe,Sulawesi Tenggara,,0,,,2023-08,0.5263770439093904,8,0.5263770439093904,VIIRS DNB,nW/cm2/sr,2023,"{""type"":""MultiPoint"",""coordinates"":[]}"
115_0000000000000000000e,BA03050040,,,,,,,74.03,74,1858.09481163,TASWIL5000020230907KABKOTA,Muna,,0.151502694674,5.32849464874,4326,4,,,Muna,Sulawesi Tenggara,,0,,,2023-08,0.30667630045905364,8,0.30667630045905364,VIIRS DNB,nW/cm2/sr,2023,"{""type"":""MultiPoint"",""coordinates"":[]}"
115_00000000000000000015,BA03050040,,,,,,,74.03,74,0.17024708351,TASWIL5000020230907KABKOTA,Muna,Wilayah terapung,1.38839187565E-5,0.039960941818,4326,4,,,Muna,Sulawesi Tenggara,,0,,,2023-08,0.27445086836814886,8,0.27445086836814886,VIIRS DNB,nW/cm2/sr,2023,"{""type"":""MultiPoint"",""coordinates"":[]}"
115_00000000000000000016,BA03050040,,,,,,,74.04,74,0.188157250699,TASWIL5000020230907KABKOTA,Buton,Wilayah terapung,1.53526521797E-5,0.0397338812277,4326,4,,,Buton,Sulawesi Tenggara,,0,,,2023-08,0.9546195605526802,8,0.9546195605526802,VIIRS DNB,nW/cm2/sr,2023,"{""type"":""MultiPoint"",""coordinates"":[]}"
115_00000000000000000000,BA03050040,,,,,,,74.06,74,3293.96639913,TASWIL5000020230907KABKOTA,Bombana,,0.268524880662,5.47167246052,4326,4,,,Bombana,Sulawesi Tenggara,,0,Buton,,2023-08,0.34188948464404656,8,0.34188948464404656,VIIRS DNB,nW/cm2/sr,2023,"{""type"":""MultiPoint"",""coordinates"":[]}"
115_00000000000000000002,BA03050040,,,,,,,74.15,74,517.631463505,TASWIL5000020230907KABKOTA,Buton Selatan,,0.042249508051,1.85498741345,4326,4,,,Buton Selatan,Sulawesi Tenggara,,0,Buton,,2023-08,0.33962315616731287,8,0.33962315616731287,VIIRS DNB,nW/cm2/sr,2023,"{""type"":""MultiPoint"",""coordinates"":[]}"
115_00000000000000000003,BA03050040,,,,,,,74.14,74,836.955797791,TASWIL5000020230907KABKOTA,Buton Tengah,,0.0682810706644,2.98412837401,4326,4,,,Buton Tengah,Sulawesi Tenggara,,0,Buton,,2023-08,0.3388656407284833,8,0.3388656407284833,VIIRS DNB,nW/cm2/sr,2023,"{""type"":""MultiPoint"",""coordinates"":[]}"
115_0000000000000000000c,BA03050040,,,,,,,74.72,74,294.137423231,TASWIL5000020230907KABKOTA,Kota Bau Bau,,0.0240007870008,0.955179337168,4326,5,,,Kota Bau Bau,Sulawesi Tenggara,,0,Buton,,2023-08,1.28085453558016,8,1.28085453558016,VIIRS DNB,nW/cm2/sr,2023,"{""type"":""MultiPoint"",""coordinates"":[]}"
115_00000000000000000010,BA03050040,,,,,,,74.07,74,450.455914283,TASWIL5000020230907KABKOTA,Wakatobi,,0.0367648905913,3.71804674371,4326,4,,,Wakatobi,Sulawesi Tenggara,,0,Buton,,2023-08,0.8411820138529795,8,0.8411820138529795,VIIRS DNB,nW/cm2/sr,2023,"{""type"":""MultiPoint"",""coordinates"":[]}"
115_00000000000000000011,BA03050040,,,,,,,74.07,74,0.253355482028,TASWIL5000020230907KABKOTA,Wakatobi,Wilayah terapung,2.06703594498E-5,0.0291924563304,4326,4,,,Wakatobi,Sulawesi Tenggara,,0,Buton,,2023-08,2.798061986764272,8,2.798061986764272,VIIRS DNB,nW/cm2/sr,2023,"{""type"":""MultiPoint"",""coordinates"":[]}"
115_00000000000000000012,BA03050040,,,,,,,74.07,74,4.12006083394,TASWIL5000020230907KABKOTA,Wakatobi,Wilayah terapung,3.36232999688E-4,0.124432278786,4326,4,,,Wakatobi,Sulawesi Tenggara,,0,Buton,,2023-08,0.2889940843920736,8,0.2889940843920736,VIIRS DNB,nW/cm2/sr,2023,"{""type"":""MultiPoint"",""coordinates"":[]}"
115_0000000000000000000a,BA03050040,,,,,,,74.05,74,4237.74051506,TASWIL5000020230907KABKOTA,Konawe Selatan,,0.345208073275,5.59324280043,4326,4,,,Konawe Selatan,Sulawesi Tenggara,,0,Kendari,,2023-08,0.37519565348072914,8,0.37519565348072914,VIIRS DNB,nW/cm2/sr,2023,"{""type"":""MultiPoint"",""coordinates"":[]}"
115_0000000000000000000d,BA03050040,,,,,,,74.71,74,265.790696582,TASWIL5000020230907KABKOTA,Kota Kendari,,0.0216443348271,1.21929531969,4326,5,,,Kota Kendari,Sulawesi Tenggara,,0,Kendari,,2023-08,5.21236560912164,8,5.21236560912164,VIIRS DNB,nW/cm2/sr,2023,"{""type"":""MultiPoint"",""coordinates"":[]}"
115_00000000000000000006,BA03050040,,,,,,,74.11,74,3992.53107078,TASWIL5000020230907KABKOTA,Kolaka Timur,,0.325055960897,4.62416724675,4326,4,,,Kolaka Timur,Sulawesi Tenggara,,0,Kolaka,,2023-08,0.2571983555596071,8,0.2571983555596071,VIIRS DNB,nW/cm2/sr,2023,"{""type"":""MultiPoint"",""coordinates"":[]}"
115_00000000000000000007,BA03050040,,,,,,,74.08,74,2932.25192061,TASWIL5000020230907KABKOTA,Kolaka Utara,,0.238597308701,3.90865020949,4326,4,,,Kolaka Utara,Sulawesi Tenggara,,0,Kolaka,,2023-08,0.2599644378473941,8,0.2599644378473941,VIIRS DNB,nW/cm2/sr,2023,"{""type"":""MultiPoint"",""coordinates"":[]}"
115_00000000000000000009,BA03050040,,,,,,,74.12,74,705.711010277,TASWIL5000020230907KABKOTA,Konawe Kepulauan,,0.0574768178025,1.17136047971,4326,4,,,Konawe Kepulauan,Sulawesi Tenggara,,0,Konawe,,2023-08,0.2974461914762248,8,0.2974461914762248,VIIRS DNB,nW/cm2/sr,2023,"{""type"":""MultiPoint"",""coordinates"":[]}"
115_0000000000000000000b,BA03050040,,,,,,,74.09,74,4219.81180817,TASWIL5000020230907KABKOTA,Konawe Utara,,0.343408045869,6.15591332033,4326,4,,,Konawe Utara,Sulawesi Tenggara,,0,Konawe,,2023-08,0.3649057599589858,8,0.3649057599589858,VIIRS DNB,nW/cm2/sr,2023,"{""type"":""MultiPoint"",""coordinates"":[]}"
115_00000000000000000004,BA03050040,,,,,,,74.10,74,1755.8292261,TASWIL5000020230907KABKOTA,Buton Utara,,0.143115018242,4.67921811895,4326,4,,,Buton Utara,Sulawesi Tenggara,,0,Muna,,2023-08,0.2102425939585507,8,0.2102425939585507,VIIRS DNB,nW/cm2/sr,2023,"{""type"":""MultiPoint"",""coordinates"":[]}"
115_0000000000000000000f,BA03050040,,,,,,,74.13,74,818.701593571,TASWIL5000020230907KABKOTA,Muna Barat,,0.0667415576998,2.65906981122,4326,4,,,Muna Barat,Sulawesi Tenggara,,0,Muna,,2023-08,0.2987496842871228,8,0.2987496842871228,VIIRS DNB,nW/cm2/sr,2023,"{""type"":""MultiPoint"",""coordinates"":[]}"
115_00000000000000000013,BA03050040,,,,,,,74.13,74,0.273099429049,TASWIL5000020230907KABKOTA,Muna Barat,Wilayah terapung,2.22679841875E-5,0.0295594995644,4326,4,,,Muna Barat,Sulawesi Tenggara,,0,Muna,,2023-08,0.2566787038361553,8,0.2566787038361553,VIIRS DNB,nW/cm2/sr,2023,"{""type"":""MultiPoint"",""coordinates"":[]}"
115_00000000000000000014,BA03050040,,,,,,,74.10,74,0.0480497061255,TASWIL5000020230907KABKOTA,Buton Utara,Wilayah terapung,3.9169026899E-6,0.0168384250334,4326,4,,,Buton Utara,Sulawesi Tenggara,,0,Muna,,2023-08,0.6571428648063115,8,0.6571428648063115,VIIRS DNB,nW/cm2/sr,2023,"{""type"":""MultiPoint"",""coordinates"":[]}"
116_00000000000000000001,BA03050040,,,,,,,74.04,74,1669.32863016,TASWIL5000020230907KABKOTA,Buton,,0.136188299866,3.04087674144,4326,4,,,Buton,Sulawesi Tenggara,,0,,,2023-09,0.35881016650862685,9,0.35881016650862685,VIIRS DNB,nW/cm2/sr,2023,"{""type"":""MultiPoint"",""coordinates"":[]}"
116_00000000000000000005,BA03050040,,,,,,,74.01,74,2958.9208572,TASWIL5000020230907KABKOTA,Kolaka,,0.240980839474,5.39527306777,4326,4,,,Kolaka,Sulawesi Tenggara,,0,,,2023-09,0.5803462936831085,9,0.5803462936831085,VIIRS DNB,nW/cm2/sr,2023,"{""type"":""MultiPoint"",""coordinates"":[]}"
116_00000000000000000008,BA03050040,,,,,,,74.02,74,5351.85263389,TASWIL5000020230907KABKOTA,Konawe,,0.435602118514,6.84601568998,4326,4,,,Konawe,Sulawesi Tenggara,,0,,,2023-09,0.6082315365873798,9,0.6082315365873798,VIIRS DNB,nW/cm2/sr,2023,"{""type"":""MultiPoint"",""coordinates"":[]}"
116_0000000000000000000e,BA03050040,,,,,,,74.03,74,1858.09481163,TASWIL5000020230907KABKOTA,Muna,,0.151502694674,5.32849464874,4326,4,,,Muna,Sulawesi Tenggara,,0,,,2023-09,0.42650348950511147,9,0.42650348950511147,VIIRS DNB,nW/cm2/sr,2023,"{""type"":""MultiPoint"",""coordinates"":[]}"
116_00000000000000000015,BA03050040,,,,,,,74.03,74,0.17024708351,TASWIL5000020230907KABKOTA,Muna,Wilayah terapung,1.38839187565E-5,0.039960941818,4326,4,,,Muna,Sulawesi Tenggara,,0,,,2023-09,0.38156069892679334,9,0.38156069892679334,VIIRS DNB,nW/cm2/sr,2023,"{""type"":""MultiPoint"",""coordinates"":[]}"
116_00000000000000000016,BA03050040,,,,,,,74.04,74,0.188157250699,TASWIL5000020230907KABKOTA,Buton,Wilayah terapung,1.53526521797E-5,0.0397338812277,4326,4,,,Buton,Sulawesi Tenggara,,0,,,2023-09,1.0900543481111529,9,1.0900543481111529,VIIRS DNB,nW/cm2/sr,2023,"{""type"":""MultiPoint"",""coordinates"":[]}"
116_00000000000000000000,BA03050040,,,,,,,74.06,74,3293.96639913,TASWIL5000020230907KABKOTA,Bombana,,0.268524880662,5.47167246052,4326,4,,,Bombana,Sulawesi Tenggara,,0,Buton,,2023-09,0.38926633591941134,9,0.38926633591941134,VIIRS DNB,nW/cm2/sr,2023,"{""type"":""MultiPoint"",""coordinates"":[]}"
116_00000000000000000002,BA03050040,,,,,,,74.15,74,517.631463505,TASWIL5000020230907KABKOTA,Buton Selatan,,0.042249508051,1.85498741345,4326,4,,,Buton Selatan,Sulawesi Tenggara,,0,Buton,,2023-09,0.4501950430132669,9,0.4501950430132669,VIIRS DNB,nW/cm2/sr,2023,"{""type"":""MultiPoint"",""coordinates"":[]}"
116_00000000000000000003,BA03050040,,,,,,,74.14,74,836.955797791,TASWIL5000020230907KABKOTA,Buton Tengah,,0.0682810706644,2.98412837401,4326,4,,,Buton Tengah,Sulawesi Tenggara,,0,Buton,,2023-09,0.4666955711670369,9,0.4666955711670369,VIIRS DNB,nW/cm2/sr,2023,"{""type"":""MultiPoint"",""coordinates"":[]}"
116_0000000000000000000c,BA03050040,,,,,,,74.72,74,294.137423231,TASWIL5000020230907KABKOTA,Kota Bau Bau,,0.0240007870008,0.955179337168,4326,5,,,Kota Bau Bau,Sulawesi Tenggara,,0,Buton,,2023-09,1.6148278069726507,9,1.6148278069726507,VIIRS DNB,nW/cm2/sr,2023,"{""type"":""MultiPoint"",""coordinates"":[]}"
116_00000000000000000010,BA03050040,,,,,,,74.07,74,450.455914283,TASWIL5000020230907KABKOTA,Wakatobi,,0.0367648905913,3.71804674371,4326,4,,,Wakatobi,Sulawesi Tenggara,,0,Buton,,2023-09,0.5476354174396152,9,0.5476354174396152,VIIRS DNB,nW/cm2/sr,2023,"{""type"":""MultiPoint"",""coordinates"":[]}"
116_00000000000000000011,BA03050040,,,,,,,74.07,74,0.253355482028,TASWIL5000020230907KABKOTA,Wakatobi,Wilayah terapung,2.06703594498E-5,0.0291924563304,4326,4,,,Wakatobi,Sulawesi Tenggara,,0,Buton,,2023-09,2.540426326814548,9,2.540426326814548,VIIRS DNB,nW/cm2/sr,2023,"{""type"":""MultiPoint"",""coordinates"":[]}"
116_00000000000000000012,BA03050040,,,,,,,74.07,74,4.12006083394,TASWIL5000020230907KABKOTA,Wakatobi,Wilayah terapung,3.36232999688E-4,0.124432278786,4326,4,,,Wakatobi,Sulawesi Tenggara,,0,Buton,,2023-09,0.4202603566576038,9,0.4202603566576038,VIIRS DNB,nW/cm2/sr,2023,"{""type"":""MultiPoint"",""coordinates"":[]}"
116_0000000000000000000a,BA03050040,,,,,,,74.05,74,4237.74051506,TASWIL5000020230907KABKOTA,Konawe Selatan,,0.345208073275,5.59324280043,4326,4,,,Konawe Selatan,Sulawesi Tenggara,,0,Kendari,,2023-09,0.507973425233334,9,0.507973425233334,VIIRS DNB,nW/cm2/sr,2023,"{""type"":""MultiPoint"",""coordinates"":[]}"
116_0000000000000000000d,BA03050040,,,,,,,74.71,74,265.790696582,TASWIL5000020230907KABKOTA,Kota Kendari,,0.0216443348271,1.21929531969,4326,5,,,Kota Kendari,Sulawesi Tenggara,,0,Kendari,,2023-09,5.344393407436345,9,5.344393407436345,VIIRS DNB,nW/cm2/sr,2023,"{""type"":""MultiPoint"",""coordinates"":[]}"
116_00000000000000000006,BA03050040,,,,,,,74.11,74,3992.53107078,TASWIL5000020230907KABKOTA,Kolaka Timur,,0.325055960897,4.62416724675,4326,4,,,Kolaka Timur,Sulawesi Tenggara,,0,Kolaka,,2023-09,0.3787616727278499,9,0.3787616727278499,VIIRS DNB,nW/cm2/sr,2023,"{""type"":""MultiPoint"",""coordinates"":[]}"
116_00000000000000000007,BA03050040,,,,,,,74.08,74,2932.25192061,TASWIL5000020230907KABKOTA,Kolaka Utara,,0.238597308701,3.90865020949,4326,4,,,Kolaka Utara,Sulawesi Tenggara,,0,Kolaka,,2023-09,0.3546925968355927,9,0.3546925968355927,VIIRS DNB,nW/cm2/sr,2023,"{""type"":""MultiPoint"",""coordinates"":[]}"
116_00000000000000000009,BA03050040,,,,,,,74.12,74,705.711010277,TASWIL5000020230907KABKOTA,Konawe Kepulauan,,0.0574768178025,1.17136047971,4326,4,,,Konawe Kepulauan,Sulawesi Tenggara,,0,Konawe,,2023-09,0.43149880266004054,9,0.43149880266004054,VIIRS DNB,nW/cm2/sr,2023,"{""type"":""MultiPoint"",""coordinates"":[]}"
116_0000000000000000000b,BA03050040,,,,,,,74.09,74,4219.81180817,TASWIL5000020230907KABKOTA,Konawe Utara,,0.343408045869,6.15591332033,4326,4,,,Konawe Utara,Sulawesi Tenggara,,0,Konawe,,2023-09,0.48723652904619924,9,0.48723652904619924,VIIRS DNB,nW/cm2/sr,2023,"{""type"":""MultiPoint"",""coordinates"":[]}"
116_00000000000000000004,BA03050040,,,,,,,74.10,74,1755.8292261,TASWIL5000020230907KABKOTA,Buton Utara,,0.143115018242,4.67921811895,4326,4,,,Buton Utara,Sulawesi Tenggara,,0,Muna,,2023-09,0.3452037022141673,9,0.3452037022141673,VIIRS DNB,nW/cm2/sr,2023,"{""type"":""MultiPoint"",""coordinates"":[]}"
116_0000000000000000000f,BA03050040,,,,,,,74.13,74,818.701593571,TASWIL5000020230907KABKOTA,Muna Barat,,0.0667415576998,2.65906981122,4326,4,,,Muna Barat,Sulawesi Tenggara,,0,Muna,,2023-09,0.4217339749454039,9,0.4217339749454039,VIIRS DNB,nW/cm2/sr,2023,"{""type"":""MultiPoint"",""coordinates"":[]}"
116_00000000000000000013,BA03050040,,,,,,,74.13,74,0.273099429049,TASWIL5000020230907KABKOTA,Muna Barat,Wilayah terapung,2.22679841875E-5,0.0295594995644,4326,4,,,Muna Barat,Sulawesi Tenggara,,0,Muna,,2023-09,0.3961371809028976,9,0.3961371809028976,VIIRS DNB,nW/cm2/sr,2023,"{""type"":""MultiPoint"",""coordinates"":[]}"
116_00000000000000000014,BA03050040,,,,,,,74.10,74,0.0480497061255,TASWIL5000020230907KABKOTA,Buton Utara,Wilayah terapung,3.9169026899E-6,0.0168384250334,4326,4,,,Buton Utara,Sulawesi Tenggara,,0,Muna,,2023-09,1.039999978882926,9,1.039999978882926,VIIRS DNB,nW/cm2/sr,2023,"{""type"":""MultiPoint"",""coordinates"":[]}"
117_00000000000000000001,BA03050040,,,,,,,74.04,74,1669.32863016,TASWIL5000020230907KABKOTA,Buton,,0.136188299866,3.04087674144,4326,4,,,Buton,Sulawesi Tenggara,,0,,,2023-10,0.35376364793960463,10,0.35376364793960463,VIIRS DNB,nW/cm2/sr,2023,"{""type"":""MultiPoint"",""coordinates"":[]}"
117_00000000000000000005,BA03050040,,,,,,,74.01,74,2958.9208572,TASWIL5000020230907KABKOTA,Kolaka,,0.240980839474,5.39527306777,4326,4,,,Kolaka,Sulawesi Tenggara,,0,,,2023-10,0.4918177757918724,10,0.4918177757918724,VIIRS DNB,nW/cm2/sr,2023,"{""type"":""MultiPoint"",""coordinates"":[]}"
117_00000000000000000008,BA03050040,,,,,,,74.02,74,5351.85263389,TASWIL5000020230907KABKOTA,Konawe,,0.435602118514,6.84601568998,4326,4,,,Konawe,Sulawesi Tenggara,,0,,,2023-10,0.506115790593813,10,0.506115790593813,VIIRS DNB,nW/cm2/sr,2023,"{""type"":""MultiPoint"",""coordinates"":[]}"
117_0000000000000000000e,BA03050040,,,,,,,74.03,74,1858.09481163,TASWIL5000020230907KABKOTA,Muna,,0.151502694674,5.32849464874,4326,4,,,Muna,Sulawesi Tenggara,,0,,,2023-10,0.40005784488160756,10,0.40005784488160756,VIIRS DNB,nW/cm2/sr,2023,"{""type"":""MultiPoint"",""coordinates"":[]}"
117_00000000000000000015,BA03050040,,,,,,,74.03,74,0.17024708351,TASWIL5000020230907KABKOTA,Muna,Wilayah terapung,1.38839187565E-5,0.039960941818,4326,4,,,Muna,Sulawesi Tenggara,,0,,,2023-10,0.3311560644924296,10,0.3311560644924296,VIIRS DNB,nW/cm2/sr,2023,"{""type"":""MultiPoint"",""coordinates"":[]}"
117_00000000000000000016,BA03050040,,,,,,,74.04,74,0.188157250699,TASWIL5000020230907KABKOTA,Buton,Wilayah terapung,1.53526521797E-5,0.0397338812277,4326,4,,,Buton,Sulawesi Tenggara,,0,,,2023-10,1.2065217196941378,10,1.2065217196941378,VIIRS DNB,nW/cm2/sr,2023,"{""type"":""MultiPoint"",""coordinates"":[]}"
117_00000000000000000000,BA03050040,,,,,,,74.06,74,3293.96639913,TASWIL5000020230907KABKOTA,Bombana,,0.268524880662,5.47167246052,4326,4,,,Bombana,Sulawesi Tenggara,,0,Buton,,2023-10,0.39152207069922274,10,0.39152207069922274,VIIRS DNB,nW/cm2/sr,2023,"{""type"":""MultiPoint"",""coordinates"":[]}"
117_00000000000000000002,BA03050040,,,,,,,74.15,74,517.631463505,TASWIL5000020230907KABKOTA,Buton Selatan,,0.042249508051,1.85498741345,4326,4,,,Buton Selatan,Sulawesi Tenggara,,0,Buton,,2023-10,0.41977133946194767,10,0.41977133946194767,VIIRS DNB,nW/cm2/sr,2023,"{""type"":""MultiPoint"",""coordinates"":[]}"
117_00000000000000000003,BA03050040,,,,,,,74.14,74,836.955797791,TASWIL5000020230907KABKOTA,Buton Tengah,,0.0682810706644,2.98412837401,4326,4,,,Buton Tengah,Sulawesi Tenggara,,0,Buton,,2023-10,0.43128824281332084,10,0.43128824281332084,VIIRS DNB,nW/cm2/sr,2023,"{""type"":""MultiPoint"",""coordinates"":[]}"
117_0000000000000000000c,BA03050040,,,,,,,74.72,74,294.137423231,TASWIL5000020230907KABKOTA,Kota Bau Bau,,0.0240007870008,0.955179337168,4326,5,,,Kota Bau Bau,Sulawesi Tenggara,,0,Buton,,2023-10,1.4714243301850147,10,1.4714243301850147,VIIRS DNB,nW/cm2/sr,2023,"{""type"":""MultiPoint"",""coordinates"":[]}"
117_00000000000000000010,BA03050040,,,,,,,74.07,74,450.455914283,TASWIL5000020230907KABKOTA,Wakatobi,,0.0367648905913,3.71804674371,4326,4,,,Wakatobi,Sulawesi Tenggara,,0,Buton,,2023-10,0.5120838868005565,10,0.5120838868005565,VIIRS DNB,nW/cm2/sr,2023,"{""type"":""MultiPoint"",""coordinates"":[]}"
117_00000000000000000011,BA03050040,,,,,,,74.07,74,0.253355482028,TASWIL5000020230907KABKOTA,Wakatobi,Wilayah terapung,2.06703594498E-5,0.0291924563304,4326,4,,,Wakatobi,Sulawesi Tenggara,,0,Buton,,2023-10,2.233527115611143,10,2.233527115611143,VIIRS DNB,nW/cm2/sr,2023,"{""type"":""MultiPoint"",""coordinates"":[]}"
117_00000000000000000012,BA03050040,,,,,,,74.07,74,4.12006083394,TASWIL5000020230907KABKOTA,Wakatobi,Wilayah terapung,3.36232999688E-4,0.124432278786,4326,4,,,Wakatobi,Sulawesi Tenggara,,0,Buton,,2023-10,0.39383195012631506,10,0.39383195012631506,VIIRS DNB,nW/cm2/sr,2023,"{""type"":""MultiPoint"",""coordinates"":[]}"
117_0000000000000000000a,BA03050040,,,,,,,74.05,74,4237.74051506,TASWIL5000020230907KABKOTA,Konawe Selatan,,0.345208073275,5.59324280043,4326,4,,,Konawe Selatan,Sulawesi Tenggara,,0,Kendari,,2023-10,0.46554552150693423,10,0.46554552150693423,VIIRS DNB,nW/cm2/sr,2023,"{""type"":""MultiPoint"",""coordinates"":[]}"
117_0000000000000000000d,BA03050040,,,,,,,74.71,74,265.790696582,TASWIL5000020230907KABKOTA,Kota Kendari,,0.0216443348271,1.21929531969,4326,5,,,Kota Kendari,Sulawesi Tenggara,,0,Kendari,,2023-10,5.158689391775423,10,5.158689391775423,VIIRS DNB,nW/cm2/sr,2023,"{""type"":""MultiPoint"",""coordinates"":[]}"
117_00000000000000000006,BA03050040,,,,,,,74.11,74,3992.53107078,TASWIL5000020230907KABKOTA,Kolaka Timur,,0.325055960897,4.62416724675,4326,4,,,Kolaka Timur,Sulawesi Tenggara,,0,Kolaka,,2023-10,0.31274676175630733,10,0.31274676175630733,VIIRS DNB,nW/cm2/sr,2023,"{""type"":""MultiPoint"",""coordinates"":[]}"
117_00000000000000000007,BA03050040,,,,,,,74.08,74,2932.25192061,TASWIL5000020230907KABKOTA,Kolaka Utara,,0.238597308701,3.90865020949,4326,4,,,Kolaka Utara,Sulawesi Tenggara,,0,Kolaka,,2023-10,0.31706243220950886,10,0.31706243220950886,VIIRS DNB,nW/cm2/sr,2023,"{""type"":""MultiPoint"",""coordinates"":[]}"
117_00000000000000000009,BA03050040,,,,,,,74.12,74,705.711010277,TASWIL5000020230907KABKOTA,Konawe Kepulauan,,0.0574768178025,1.17136047971,4326,4,,,Konawe Kepulauan,Sulawesi Tenggara,,0,Konawe,,2023-10,0.34829981081751565,10,0.34829981081751565,VIIRS DNB,nW/cm2/sr,2023,"{""type"":""MultiPoint"",""coordinates"":[]}"
117_0000000000000000000b,BA03050040,,,,,,,74.09,74,4219.81180817,TASWIL5000020230907KABKOTA,Konawe Utara,,0.343408045869,6.15591332033,4326,4,,,Konawe Utara,Sulawesi Tenggara,,0,Konawe,,2023-10,0.3905016023122911,10,0.3905016023122911,VIIRS DNB,nW/cm2/sr,2023,"{""type"":""MultiPoint"",""coordinates"":[]}"
117_00000000000000000004,BA03050040,,,,,,,74.10,74,1755.8292261,TASWIL5000020230907KABKOTA,Buton Utara,,0.143115018242,4.67921811895,4326,4,,,Buton Utara,Sulawesi Tenggara,,0,Muna,,2023-10,0.3102863827418742,10,0.3102863827418742,VIIRS DNB,nW/cm2/sr,2023,"{""type"":""MultiPoint"",""coordinates"":[]}"
117_0000000000000000000f,BA03050040,,,,,,,74.13,74,818.701593571,TASWIL5000020230907KABKOTA,Muna Barat,,0.0667415576998,2.65906981122,4326,4,,,Muna Barat,Sulawesi Tenggara,,0,Muna,,2023-10,0.3922528973167641,10,0.3922528973167641,VIIRS DNB,nW/cm2/sr,2023,"{""type"":""MultiPoint"",""coordinates"":[]}"
117_00000000000000000013,BA03050040,,,,,,,74.13,74,0.273099429049,TASWIL5000020230907KABKOTA,Muna Barat,Wilayah terapung,2.22679841875E-5,0.0295594995644,4326,4,,,Muna Barat,Sulawesi Tenggara,,0,Muna,,2023-10,0.28202165948354807,10,0.28202165948354807,VIIRS DNB,nW/cm2/sr,2023,"{""type"":""MultiPoint"",""coordinates"":[]}"
117_00000000000000000014,BA03050040,,,,,,,74.10,74,0.0480497061255,TASWIL5000020230907KABKOTA,Buton Utara,Wilayah terapung,3.9169026899E-6,0.0168384250334,4326,4,,,Buton Utara,Sulawesi Tenggara,,0,Muna,,2023-10,0.8342857190540859,10,0.8342857190540859,VIIRS DNB,nW/cm2/sr,2023,"{""type"":""MultiPoint"",""coordinates"":[]}"
118_00000000000000000001,BA03050040,,,,,,,74.04,74,1669.32863016,TASWIL5000020230907KABKOTA,Buton,,0.136188299866,3.04087674144,4326,4,,,Buton,Sulawesi Tenggara,,0,,,2023-11,0.45618504247768754,11,0.45618504247768754,VIIRS DNB,nW/cm2/sr,2023,"{""type"":""MultiPoint"",""coordinates"":[]}"
118_00000000000000000005,BA03050040,,,,,,,74.01,74,2958.9208572,TASWIL5000020230907KABKOTA,Kolaka,,0.240980839474,5.39527306777,4326,4,,,Kolaka,Sulawesi Tenggara,,0,,,2023-11,0.6317206731118505,11,0.6317206731118505,VIIRS DNB,nW/cm2/sr,2023,"{""type"":""MultiPoint"",""coordinates"":[]}"
118_00000000000000000008,BA03050040,,,,,,,74.02,74,5351.85263389,TASWIL5000020230907KABKOTA,Konawe,,0.435602118514,6.84601568998,4326,4,,,Konawe,Sulawesi Tenggara,,0,,,2023-11,0.6079779597133694,11,0.6079779597133694,VIIRS DNB,nW/cm2/sr,2023,"{""type"":""MultiPoint"",""coordinates"":[]}"
118_0000000000000000000e,BA03050040,,,,,,,74.03,74,1858.09481163,TASWIL5000020230907KABKOTA,Muna,,0.151502694674,5.32849464874,4326,4,,,Muna,Sulawesi Tenggara,,0,,,2023-11,0.4996726835326865,11,0.4996726835326865,VIIRS DNB,nW/cm2/sr,2023,"{""type"":""MultiPoint"",""coordinates"":[]}"
118_00000000000000000015,BA03050040,,,,,,,74.03,74,0.17024708351,TASWIL5000020230907KABKOTA,Muna,Wilayah terapung,1.38839187565E-5,0.039960941818,4326,4,,,Muna,Sulawesi Tenggara,,0,,,2023-11,0.42306357380971743,11,0.42306357380971743,VIIRS DNB,nW/cm2/sr,2023,"{""type"":""MultiPoint"",""coordinates"":[]}"
118_00000000000000000016,BA03050040,,,,,,,74.04,74,0.188157250699,TASWIL5000020230907KABKOTA,Buton,Wilayah terapung,1.53526521797E-5,0.0397338812277,4326,4,,,Buton,Sulawesi Tenggara,,0,,,2023-11,1.1387500082669053,11,1.1387500082669053,VIIRS DNB,nW/cm2/sr,2023,"{""type"":""MultiPoint"",""coordinates"":[]}"
118_00000000000000000000,BA03050040,,,,,,,74.06,74,3293.96639913,TASWIL5000020230907KABKOTA,Bombana,,0.268524880662,5.47167246052,4326,4,,,Bombana,Sulawesi Tenggara,,0,Buton,,2023-11,0.5293026571663251,11,0.5293026571663251,VIIRS DNB,nW/cm2/sr,2023,"{""type"":""MultiPoint"",""coordinates"":[]}"
118_00000000000000000002,BA03050040,,,,,,,74.15,74,517.631463505,TASWIL5000020230907KABKOTA,Buton Selatan,,0.042249508051,1.85498741345,4326,4,,,Buton Selatan,Sulawesi Tenggara,,0,Buton,,2023-11,0.5350350304427068,11,0.5350350304427068,VIIRS DNB,nW/cm2/sr,2023,"{""type"":""MultiPoint"",""coordinates"":[]}"
118_00000000000000000003,BA03050040,,,,,,,74.14,74,836.955797791,TASWIL5000020230907KABKOTA,Buton Tengah,,0.0682810706644,2.98412837401,4326,4,,,Buton Tengah,Sulawesi Tenggara,,0,Buton,,2023-11,0.5432878088948887,11,0.5432878088948887,VIIRS DNB,nW/cm2/sr,2023,"{""type"":""MultiPoint"",""coordinates"":[]}"
118_0000000000000000000c,BA03050040,,,,,,,74.72,74,294.137423231,TASWIL5000020230907KABKOTA,Kota Bau Bau,,0.0240007870008,0.955179337168,4326,5,,,Kota Bau Bau,Sulawesi Tenggara,,0,Buton,,2023-11,1.5935352601462067,11,1.5935352601462067,VIIRS DNB,nW/cm2/sr,2023,"{""type"":""MultiPoint"",""coordinates"":[]}"
118_00000000000000000010,BA03050040,,,,,,,74.07,74,450.455914283,TASWIL5000020230907KABKOTA,Wakatobi,,0.0367648905913,3.71804674371,4326,4,,,Wakatobi,Sulawesi Tenggara,,0,Buton,,2023-11,0.6097252667886629,11,0.6097252667886629,VIIRS DNB,nW/cm2/sr,2023,"{""type"":""MultiPoint"",""coordinates"":[]}"
118_00000000000000000011,BA03050040,,,,,,,74.07,74,0.253355482028,TASWIL5000020230907KABKOTA,Wakatobi,Wilayah terapung,2.06703594498E-5,0.0291924563304,4326,4,,,Wakatobi,Sulawesi Tenggara,,0,Buton,,2023-11,2.526589130246362,11,2.526589130246362,VIIRS DNB,nW/cm2/sr,2023,"{""type"":""MultiPoint"",""coordinates"":[]}"
118_00000000000000000012,BA03050040,,,,,,,74.07,74,4.12006083394,TASWIL5000020230907KABKOTA,Wakatobi,Wilayah terapung,3.36232999688E-4,0.124432278786,4326,4,,,Wakatobi,Sulawesi Tenggara,,0,Buton,,2023-11,0.5023242589990063,11,0.5023242589990063,VIIRS DNB,nW/cm2/sr,2023,"{""type"":""MultiPoint"",""coordinates"":[]}"
118_0000000000000000000a,BA03050040,,,,,,,74.05,74,4237.74051506,TASWIL5000020230907KABKOTA,Konawe Selatan,,0.345208073275,5.59324280043,4326,4,,,Konawe Selatan,Sulawesi Tenggara,,0,Kendari,,2023-11,0.5716224789185579,11,0.5716224789185579,VIIRS DNB,nW/cm2/sr,2023,"{""type"":""MultiPoint"",""coordinates"":[]}"
118_0000000000000000000d,BA03050040,,,,,,,74.71,74,265.790696582,TASWIL5000020230907KABKOTA,Kota Kendari,,0.0216443348271,1.21929531969,4326,5,,,Kota Kendari,Sulawesi Tenggara,,0,Kendari,,2023-11,4.897845244743034,11,4.897845244743034,VIIRS DNB,nW/cm2/sr,2023,"{""type"":""MultiPoint"",""coordinates"":[]}"
118_00000000000000000006,BA03050040,,,,,,,74.11,74,3992.53107078,TASWIL5000020230907KABKOTA,Kolaka Timur,,0.325055960897,4.62416724675,4326,4,,,Kolaka Timur,Sulawesi Tenggara,,0,Kolaka,,2023-11,0.4493458251839884,11,0.4493458251839884,VIIRS DNB,nW/cm2/sr,2023,"{""type"":""MultiPoint"",""coordinates"":[]}"
118_00000000000000000007,BA03050040,,,,,,,74.08,74,2932.25192061,TASWIL5000020230907KABKOTA,Kolaka Utara,,0.238597308701,3.90865020949,4326,4,,,Kolaka Utara,Sulawesi Tenggara,,0,Kolaka,,2023-11,0.41891298022306495,11,0.41891298022306495,VIIRS DNB,nW/cm2/sr,2023,"{""type"":""MultiPoint"",""coordinates"":[]}"
118_00000000000000000009,BA03050040,,,,,,,74.12,74,705.711010277,TASWIL5000020230907KABKOTA,Konawe Kepulauan,,0.0574768178025,1.17136047971,4326,4,,,Konawe Kepulauan,Sulawesi Tenggara,,0,Konawe,,2023-11,0.46333568103721606,11,0.46333568103721606,VIIRS DNB,nW/cm2/sr,2023,"{""type"":""MultiPoint"",""coordinates"":[]}"
118_0000000000000000000b,BA03050040,,,,,,,74.09,74,4219.81180817,TASWIL5000020230907KABKOTA,Konawe Utara,,0.343408045869,6.15591332033,4326,4,,,Konawe Utara,Sulawesi Tenggara,,0,Konawe,,2023-11,0.5232174194353196,11,0.5232174194353196,VIIRS DNB,nW/cm2/sr,2023,"{""type"":""MultiPoint"",""coordinates"":[]}"
118_00000000000000000004,BA03050040,,,,,,,74.10,74,1755.8292261,TASWIL5000020230907KABKOTA,Buton Utara,,0.143115018242,4.67921811895,4326,4,,,Buton Utara,Sulawesi Tenggara,,0,Muna,,2023-11,0.425943273160244,11,0.425943273160244,VIIRS DNB,nW/cm2/sr,2023,"{""type"":""MultiPoint"",""coordinates"":[]}"
118_0000000000000000000f,BA03050040,,,,,,,74.13,74,818.701593571,TASWIL5000020230907KABKOTA,Muna Barat,,0.0667415576998,2.65906981122,4326,4,,,Muna Barat,Sulawesi Tenggara,,0,Muna,,2023-11,0.4962619870592511,11,0.4962619870592511,VIIRS DNB,nW/cm2/sr,2023,"{""type"":""MultiPoint"",""coordinates"":[]}"
118_00000000000000000013,BA03050040,,,,,,,74.13,74,0.273099429049,TASWIL5000020230907KABKOTA,Muna Barat,Wilayah terapung,2.22679841875E-5,0.0295594995644,4326,4,,,Muna Barat,Sulawesi Tenggara,,0,Muna,,2023-11,0.45534295446175527,11,0.45534295446175527,VIIRS DNB,nW/cm2/sr,2023,"{""type"":""MultiPoint"",""coordinates"":[]}"
118_00000000000000000014,BA03050040,,,,,,,74.10,74,0.0480497061255,TASWIL5000020230907KABKOTA,Buton Utara,Wilayah terapung,3.9169026899E-6,0.0168384250334,4326,4,,,Buton Utara,Sulawesi Tenggara,,0,Muna,,2023-11,1.0228571210588728,11,1.0228571210588728,VIIRS DNB,nW/cm2/sr,2023,"{""type"":""MultiPoint"",""coordinates"":[]}"
119_00000000000000000001,BA03050040,,,,,,,74.04,74,1669.32863016,TASWIL5000020230907KABKOTA,Buton,,0.136188299866,3.04087674144,4326,4,,,Buton,Sulawesi Tenggara,,0,,,2023-12,0.21681946421178008,12,0.21681946421178008,VIIRS DNB,nW/cm2/sr,2023,"{""type"":""MultiPoint"",""coordinates"":[]}"
119_00000000000000000005,BA03050040,,,,,,,74.01,74,2958.9208572,TASWIL5000020230907KABKOTA,Kolaka,,0.240980839474,5.39527306777,4326,4,,,Kolaka,Sulawesi Tenggara,,0,,,2023-12,0.23764062469699962,12,0.23764062469699962,VIIRS DNB,nW/cm2/sr,2023,"{""type"":""MultiPoint"",""coordinates"":[]}"
119_00000000000000000008,BA03050040,,,,,,,74.02,74,5351.85263389,TASWIL5000020230907KABKOTA,Konawe,,0.435602118514,6.84601568998,4326,4,,,Konawe,Sulawesi Tenggara,,0,,,2023-12,0.3998591501642887,12,0.3998591501642887,VIIRS DNB,nW/cm2/sr,2023,"{""type"":""MultiPoint"",""coordinates"":[]}"
119_0000000000000000000e,BA03050040,,,,,,,74.03,74,1858.09481163,TASWIL5000020230907KABKOTA,Muna,,0.151502694674,5.32849464874,4326,4,,,Muna,Sulawesi Tenggara,,0,,,2023-12,0.28874347695084696,12,0.28874347695084696,VIIRS DNB,nW/cm2/sr,2023,"{""type"":""MultiPoint"",""coordinates"":[]}"
119_00000000000000000015,BA03050040,,,,,,,74.03,74,0.17024708351,TASWIL5000020230907KABKOTA,Muna,Wilayah terapung,1.38839187565E-5,0.039960941818,4326,4,,,Muna,Sulawesi Tenggara,,0,,,2023-12,0.20884393362296108,12,0.20884393362296108,VIIRS DNB,nW/cm2/sr,2023,"{""type"":""MultiPoint"",""coordinates"":[]}"
119_00000000000000000016,BA03050040,,,,,,,74.04,74,0.188157250699,TASWIL5000020230907KABKOTA,Buton,Wilayah terapung,1.53526521797E-5,0.0397338812277,4326,4,,,Buton,Sulawesi Tenggara,,0,,,2023-12,0.5205434606127117,12,0.5205434606127117,VIIRS DNB,nW/cm2/sr,2023,"{""type"":""MultiPoint"",""coordinates"":[]}"
119_00000000000000000000,BA03050040,,,,,,,74.06,74,3293.96639913,TASWIL5000020230907KABKOTA,Bombana,,0.268524880662,5.47167246052,4326,4,,,Bombana,Sulawesi Tenggara,,0,Buton,,2023-12,0.2704344909432111,12,0.2704344909432111,VIIRS DNB,nW/cm2/sr,2023,"{""type"":""MultiPoint"",""coordinates"":[]}"
119_00000000000000000002,BA03050040,,,,,,,74.15,74,517.631463505,TASWIL5000020230907KABKOTA,Buton Selatan,,0.042249508051,1.85498741345,4326,4,,,Buton Selatan,Sulawesi Tenggara,,0,Buton,,2023-12,0.33649324378105644,12,0.33649324378105644,VIIRS DNB,nW/cm2/sr,2023,"{""type"":""MultiPoint"",""coordinates"":[]}"
119_00000000000000000003,BA03050040,,,,,,,74.14,74,836.955797791,TASWIL5000020230907KABKOTA,Buton Tengah,,0.0682810706644,2.98412837401,4326,4,,,Buton Tengah,Sulawesi Tenggara,,0,Buton,,2023-12,0.33736836328975994,12,0.33736836328975994,VIIRS DNB,nW/cm2/sr,2023,"{""type"":""MultiPoint"",""coordinates"":[]}"
119_0000000000000000000c,BA03050040,,,,,,,74.72,74,294.137423231,TASWIL5000020230907KABKOTA,Kota Bau Bau,,0.0240007870008,0.955179337168,4326,5,,,Kota Bau Bau,Sulawesi Tenggara,,0,Buton,,2023-12,1.2794140891543075,12,1.2794140891543075,VIIRS DNB,nW/cm2/sr,2023,"{""type"":""MultiPoint"",""coordinates"":[]}"
119_00000000000000000010,BA03050040,,,,,,,74.07,74,450.455914283,TASWIL5000020230907KABKOTA,Wakatobi,,0.0367648905913,3.71804674371,4326,4,,,Wakatobi,Sulawesi Tenggara,,0,Buton,,2023-12,0.38895217782362995,12,0.38895217782362995,VIIRS DNB,nW/cm2/sr,2023,"{""type"":""MultiPoint"",""coordinates"":[]}"
119_00000000000000000011,BA03050040,,,,,,,74.07,74,0.253355482028,TASWIL5000020230907KABKOTA,Wakatobi,Wilayah terapung,2.06703594498E-5,0.0291924563304,4326,4,,,Wakatobi,Sulawesi Tenggara,,0,Buton,,2023-12,2.0966278776641967,12,2.0966278776641967,VIIRS DNB,nW/cm2/sr,2023,"{""type"":""MultiPoint"",""coordinates"":[]}"
119_00000000000000000012,BA03050040,,,,,,,74.07,74,4.12006083394,TASWIL5000020230907KABKOTA,Wakatobi,Wilayah terapung,3.36232999688E-4,0.124432278786,4326,4,,,Wakatobi,Sulawesi Tenggara,,0,Buton,,2023-12,0.30658934784182434,12,0.30658934784182434,VIIRS DNB,nW/cm2/sr,2023,"{""type"":""MultiPoint"",""coordinates"":[]}"
119_0000000000000000000a,BA03050040,,,,,,,74.05,74,4237.74051506,TASWIL5000020230907KABKOTA,Konawe Selatan,,0.345208073275,5.59324280043,4326,4,,,Konawe Selatan,Sulawesi Tenggara,,0,Kendari,,2023-12,0.32813871351761875,12,0.32813871351761875,VIIRS DNB,nW/cm2/sr,2023,"{""type"":""MultiPoint"",""coordinates"":[]}"
119_0000000000000000000d,BA03050040,,,,,,,74.71,74,265.790696582,TASWIL5000020230907KABKOTA,Kota Kendari,,0.0216443348271,1.21929531969,4326,5,,,Kota Kendari,Sulawesi Tenggara,,0,Kendari,,2023-12,4.160356703868984,12,4.160356703868984,VIIRS DNB,nW/cm2/sr,2023,"{""type"":""MultiPoint"",""coordinates"":[]}"
119_00000000000000000006,BA03050040,,,,,,,74.11,74,3992.53107078,TASWIL5000020230907KABKOTA,Kolaka Timur,,0.325055960897,4.62416724675,4326,4,,,Kolaka Timur,Sulawesi Tenggara,,0,Kolaka,,2023-12,0.1967154306052747,12,0.1967154306052747,VIIRS DNB,nW/cm2/sr,2023,"{""type"":""MultiPoint"",""coordinates"":[]}"
119_00000000000000000007,BA03050040,,,,,,,74.08,74,2932.25192061,TASWIL5000020230907KABKOTA,Kolaka Utara,,0.238597308701,3.90865020949,4326,4,,,Kolaka Utara,Sulawesi Tenggara,,0,Kolaka,,2023-12,0.04707104047552994,12,0.04707104047552994,VIIRS DNB,nW/cm2/sr,2023,"{""type"":""MultiPoint"",""coordinates"":[]}"
119_00000000000000000009,BA03050040,,,,,,,74.12,74,705.711010277,TASWIL5000020230907KABKOTA,Konawe Kepulauan,,0.0574768178025,1.17136047971,4326,4,,,Konawe Kepulauan,Sulawesi Tenggara,,0,Konawe,,2023-12,0.2273131216559578,12,0.2273131216559578,VIIRS DNB,nW/cm2/sr,2023,"{""type"":""MultiPoint"",""coordinates"":[]}"
119_0000000000000000000b,BA03050040,,,,,,,74.09,74,4219.81180817,TASWIL5000020230907KABKOTA,Konawe Utara,,0.343408045869,6.15591332033,4326,4,,,Konawe Utara,Sulawesi Tenggara,,0,Konawe,,2023-12,0.20982515238443492,12,0.20982515238443492,VIIRS DNB,nW/cm2/sr,2023,"{""type"":""MultiPoint"",""coordinates"":[]}"
119_00000000000000000004,BA03050040,,,,,,,74.10,74,1755.8292261,TASWIL5000020230907KABKOTA,Buton Utara,,0.143115018242,4.67921811895,4326,4,,,Buton Utara,Sulawesi Tenggara,,0,Muna,,2023-12,0.22747177878170857,12,0.22747177878170857,VIIRS DNB,nW/cm2/sr,2023,"{""type"":""MultiPoint"",""coordinates"":[]}"
119_0000000000000000000f,BA03050040,,,,,,,74.13,74,818.701593571,TASWIL5000020230907KABKOTA,Muna Barat,,0.0667415576998,2.65906981122,4326,4,,,Muna Barat,Sulawesi Tenggara,,0,Muna,,2023-12,0.27121097324432303,12,0.27121097324432303,VIIRS DNB,nW/cm2/sr,2023,"{""type"":""MultiPoint"",""coordinates"":[]}"
119_00000000000000000013,BA03050040,,,,,,,74.13,74,0.273099429049,TASWIL5000020230907KABKOTA,Muna Barat,Wilayah terapung,2.22679841875E-5,0.0295594995644,4326,4,,,Muna Barat,Sulawesi Tenggara,,0,Muna,,2023-12,0.4271119121825221,12,0.4271119121825221,VIIRS DNB,nW/cm2/sr,2023,"{""type"":""MultiPoint"",""coordinates"":[]}"
119_00000000000000000014,BA03050040,,,,,,,74.10,74,0.0480497061255,TASWIL5000020230907KABKOTA,Buton Utara,Wilayah terapung,3.9169026899E-6,0.0168384250334,4326,4,,,Buton Utara,Sulawesi Tenggara,,0,Muna,,2023-12,0.7657142920153484,12,0.7657142920153484,VIIRS DNB,nW/cm2/sr,2023,"{""type"":""MultiPoint"",""coordinates"":[]}"
120_00000000000000000001,BA03050040,,,,,,,74.04,74,1669.32863016,TASWIL5000020230907KABKOTA,Buton,,0.136188299866,3.04087674144,4326,4,,,Buton,Sulawesi Tenggara,,0,,,2024-01,0.04708729707146631,1,0.04708729707146631,VIIRS DNB,nW/cm2/sr,2024,"{""type"":""MultiPoint"",""coordinates"":[]}"
120_00000000000000000005,BA03050040,,,,,,,74.01,74,2958.9208572,TASWIL5000020230907KABKOTA,Kolaka,,0.240980839474,5.39527306777,4326,4,,,Kolaka,Sulawesi Tenggara,,0,,,2024-01,0.08685869363216368,1,0.08685869363216368,VIIRS DNB,nW/cm2/sr,2024,"{""type"":""MultiPoint"",""coordinates"":[]}"
120_00000000000000000008,BA03050040,,,,,,,74.02,74,5351.85263389,TASWIL5000020230907KABKOTA,Konawe,,0.435602118514,6.84601568998,4326,4,,,Konawe,Sulawesi Tenggara,,0,,,2024-01,0.21477291142088478,1,0.21477291142088478,VIIRS DNB,nW/cm2/sr,2024,"{""type"":""MultiPoint"",""coordinates"":[]}"
120_0000000000000000000e,BA03050040,,,,,,,74.03,74,1858.09481163,TASWIL5000020230907KABKOTA,Muna,,0.151502694674,5.32849464874,4326,4,,,Muna,Sulawesi Tenggara,,0,,,2024-01,0.03914609215681029,1,0.03914609215681029,VIIRS DNB,nW/cm2/sr,2024,"{""type"":""MultiPoint"",""coordinates"":[]}"
120_00000000000000000015,BA03050040,,,,,,,74.03,74,0.17024708351,TASWIL5000020230907KABKOTA,Muna,Wilayah terapung,1.38839187565E-5,0.039960941818,4326,4,,,Muna,Sulawesi Tenggara,,0,,,2024-01,0.0,1,0.0,VIIRS DNB,nW/cm2/sr,2024,"{""type"":""MultiPoint"",""coordinates"":[]}"
120_00000000000000000016,BA03050040,,,,,,,74.04,74,0.188157250699,TASWIL5000020230907KABKOTA,Buton,Wilayah terapung,1.53526521797E-5,0.0397338812277,4326,4,,,Buton,Sulawesi Tenggara,,0,,,2024-01,0.0,1,0.0,VIIRS DNB,nW/cm2/sr,2024,"{""type"":""MultiPoint"",""coordinates"":[]}"
120_00000000000000000000,BA03050040,,,,,,,74.06,74,3293.96639913,TASWIL5000020230907KABKOTA,Bombana,,0.268524880662,5.47167246052,4326,4,,,Bombana,Sulawesi Tenggara,,0,Buton,,2024-01,0.0770900722015271,1,0.0770900722015271,VIIRS DNB,nW/cm2/sr,2024,"{""type"":""MultiPoint"",""coordinates"":[]}"
120_00000000000000000002,BA03050040,,,,,,,74.15,74,517.631463505,TASWIL5000020230907KABKOTA,Buton Selatan,,0.042249508051,1.85498741345,4326,4,,,Buton Selatan,Sulawesi Tenggara,,0,Buton,,2024-01,0.032524389596205336,1,0.032524389596205336,VIIRS DNB,nW/cm2/sr,2024,"{""type"":""MultiPoint"",""coordinates"":[]}"
120_00000000000000000003,BA03050040,,,,,,,74.14,74,836.955797791,TASWIL5000020230907KABKOTA,Buton Tengah,,0.0682810706644,2.98412837401,4326,4,,,Buton Tengah,Sulawesi Tenggara,,0,Buton,,2024-01,7.067493638132033E-4,1,7.067493638132033E-4,VIIRS DNB,nW/cm2/sr,2024,"{""type"":""MultiPoint"",""coordinates"":[]}"
120_0000000000000000000c,BA03050040,,,,,,,74.72,74,294.137423231,TASWIL5000020230907KABKOTA,Kota Bau Bau,,0.0240007870008,0.955179337168,4326,5,,,Kota Bau Bau,Sulawesi Tenggara,,0,Buton,,2024-01,0.0644432830651855,1,0.0644432830651855,VIIRS DNB,nW/cm2/sr,2024,"{""type"":""MultiPoint"",""coordinates"":[]}"
120_00000000000000000010,BA03050040,,,,,,,74.07,74,450.455914283,TASWIL5000020230907KABKOTA,Wakatobi,,0.0367648905913,3.71804674371,4326,4,,,Wakatobi,Sulawesi Tenggara,,0,Buton,,2024-01,0.03281730798003168,1,0.03281730798003168,VIIRS DNB,nW/cm2/sr,2024,"{""type"":""MultiPoint"",""coordinates"":[]}"
120_00000000000000000011,BA03050040,,,,,,,74.07,74,0.253355482028,TASWIL5000020230907KABKOTA,Wakatobi,Wilayah terapung,2.06703594498E-5,0.0291924563304,4326,4,,,Wakatobi,Sulawesi Tenggara,,0,Buton,,2024-01,0.0,1,0.0,VIIRS DNB,nW/cm2/sr,2024,"{""type"":""MultiPoint"",""coordinates"":[]}"
120_00000000000000000012,BA03050040,,,,,,,74.07,74,4.12006083394,TASWIL5000020230907KABKOTA,Wakatobi,Wilayah terapung,3.36232999688E-4,0.124432278786,4326,4,,,Wakatobi,Sulawesi Tenggara,,0,Buton,,2024-01,0.0,1,0.0,VIIRS DNB,nW/cm2/sr,2024,"{""type"":""MultiPoint"",""coordinates"":[]}"
120_0000000000000000000a,BA03050040,,,,,,,74.05,74,4237.74051506,TASWIL5000020230907KABKOTA,Konawe Selatan,,0.345208073275,5.59324280043,4326,4,,,Konawe Selatan,Sulawesi Tenggara,,0,Kendari,,2024-01,0.12930171268743515,1,0.12930171268743515,VIIRS DNB,nW/cm2/sr,2024,"{""type"":""MultiPoint"",""coordinates"":[]}"
120_0000000000000000000d,BA03050040,,,,,,,74.71,74,265.790696582,TASWIL5000020230907KABKOTA,Kota Kendari,,0.0216443348271,1.21929531969,4326,5,,,Kota Kendari,Sulawesi Tenggara,,0,Kendari,,2024-01,0.014340986909932327,1,0.014340986909932327,VIIRS DNB,nW/cm2/sr,2024,"{""type"":""MultiPoint"",""coordinates"":[]}"
120_00000000000000000006,BA03050040,,,,,,,74.11,74,3992.53107078,TASWIL5000020230907KABKOTA,Kolaka Timur,,0.325055960897,4.62416724675,4326,4,,,Kolaka Timur,Sulawesi Tenggara,,0,Kolaka,,2024-01,0.15573638112158156,1,0.15573638112158156,VIIRS DNB,nW/cm2/sr,2024,"{""type"":""MultiPoint"",""coordinates"":[]}"
120_00000000000000000007,BA03050040,,,,,,,74.08,74,2932.25192061,TASWIL5000020230907KABKOTA,Kolaka Utara,,0.238597308701,3.90865020949,4326,4,,,Kolaka Utara,Sulawesi Tenggara,,0,Kolaka,,2024-01,0.051065805818389105,1,0.051065805818389105,VIIRS DNB,nW/cm2/sr,2024,"{""type"":""MultiPoint"",""coordinates"":[]}"
120_00000000000000000009,BA03050040,,,,,,,74.12,74,705.711010277,TASWIL5000020230907KABKOTA,Konawe Kepulauan,,0.0574768178025,1.17136047971,4326,4,,,Konawe Kepulauan,Sulawesi Tenggara,,0,Konawe,,2024-01,7.827684965640112E-4,1,7.827684965640112E-4,VIIRS DNB,nW/cm2/sr,2024,"{""type"":""MultiPoint"",""coordinates"":[]}"
120_0000000000000000000b,BA03050040,,,,,,,74.09,74,4219.81180817,TASWIL5000020230907KABKOTA,Konawe Utara,,0.343408045869,6.15591332033,4326,4,,,Konawe Utara,Sulawesi Tenggara,,0,Konawe,,2024-01,0.1548160179967723,1,0.1548160179967723,VIIRS DNB,nW/cm2/sr,2024,"{""type"":""MultiPoint"",""coordinates"":[]}"
120_00000000000000000004,BA03050040,,,,,,,74.10,74,1755.8292261,TASWIL5000020230907KABKOTA,Buton Utara,,0.143115018242,4.67921811895,4326,4,,,Buton Utara,Sulawesi Tenggara,,0,Muna,,2024-01,0.02057582172266162,1,0.02057582172266162,VIIRS DNB,nW/cm2/sr,2024,"{""type"":""MultiPoint"",""coordinates"":[]}"
120_0000000000000000000f,BA03050040,,,,,,,74.13,74,818.701593571,TASWIL5000020230907KABKOTA,Muna Barat,,0.0667415576998,2.65906981122,4326,4,,,Muna Barat,Sulawesi Tenggara,,0,Muna,,2024-01,0.10141535727951458,1,0.10141535727951458,VIIRS DNB,nW/cm2/sr,2024,"{""type"":""MultiPoint"",""coordinates"":[]}"
120_00000000000000000013,BA03050040,,,,,,,74.13,74,0.273099429049,TASWIL5000020230907KABKOTA,Muna Barat,Wilayah terapung,2.22679841875E-5,0.0295594995644,4326,4,,,Muna Barat,Sulawesi Tenggara,,0,Muna,,2024-01,0.0,1,0.0,VIIRS DNB,nW/cm2/sr,2024,"{""type"":""MultiPoint"",""coordinates"":[]}"
120_00000000000000000014,BA03050040,,,,,,,74.10,74,0.0480497061255,TASWIL5000020230907KABKOTA,Buton Utara,Wilayah terapung,3.9169026899E-6,0.0168384250334,4326,4,,,Buton Utara,Sulawesi Tenggara,,0,Muna,,2024-01,0.0,1,0.0,VIIRS DNB,nW/cm2/sr,2024,"{""type"":""MultiPoint"",""coordinates"":[]}"
121_00000000000000000001,BA03050040,,,,,,,74.04,74,1669.32863016,TASWIL5000020230907KABKOTA,Buton,,0.136188299866,3.04087674144,4326,4,,,Buton,Sulawesi Tenggara,,0,,,2024-02,0.09653152232150498,2,0.09653152232150498,VIIRS DNB,nW/cm2/sr,2024,"{""type"":""MultiPoint"",""coordinates"":[]}"
121_00000000000000000005,BA03050040,,,,,,,74.01,74,2958.9208572,TASWIL5000020230907KABKOTA,Kolaka,,0.240980839474,5.39527306777,4326,4,,,Kolaka,Sulawesi Tenggara,,0,,,2024-02,0.3878824276244612,2,0.3878824276244612,VIIRS DNB,nW/cm2/sr,2024,"{""type"":""MultiPoint"",""coordinates"":[]}"
121_00000000000000000008,BA03050040,,,,,,,74.02,74,5351.85263389,TASWIL5000020230907KABKOTA,Konawe,,0.435602118514,6.84601568998,4326,4,,,Konawe,Sulawesi Tenggara,,0,,,2024-02,0.3707846826131935,2,0.3707846826131935,VIIRS DNB,nW/cm2/sr,2024,"{""type"":""MultiPoint"",""coordinates"":[]}"
121_0000000000000000000e,BA03050040,,,,,,,74.03,74,1858.09481163,TASWIL5000020230907KABKOTA,Muna,,0.151502694674,5.32849464874,4326,4,,,Muna,Sulawesi Tenggara,,0,,,2024-02,0.10801406364736278,2,0.10801406364736278,VIIRS DNB,nW/cm2/sr,2024,"{""type"":""MultiPoint"",""coordinates"":[]}"
121_00000000000000000015,BA03050040,,,,,,,74.03,74,0.17024708351,TASWIL5000020230907KABKOTA,Muna,Wilayah terapung,1.38839187565E-5,0.039960941818,4326,4,,,Muna,Sulawesi Tenggara,,0,,,2024-02,0.010751445169393727,2,0.010751445169393727,VIIRS DNB,nW/cm2/sr,2024,"{""type"":""MultiPoint"",""coordinates"":[]}"
121_00000000000000000016,BA03050040,,,,,,,74.04,74,0.188157250699,TASWIL5000020230907KABKOTA,Buton,Wilayah terapung,1.53526521797E-5,0.0397338812277,4326,4,,,Buton,Sulawesi Tenggara,,0,,,2024-02,0.031304347126380264,2,0.031304347126380264,VIIRS DNB,nW/cm2/sr,2024,"{""type"":""MultiPoint"",""coordinates"":[]}"
121_00000000000000000000,BA03050040,,,,,,,74.06,74,3293.96639913,TASWIL5000020230907KABKOTA,Bombana,,0.268524880662,5.47167246052,4326,4,,,Bombana,Sulawesi Tenggara,,0,Buton,,2024-02,0.2994007208582937,2,0.2994007208582937,VIIRS DNB,nW/cm2/sr,2024,"{""type"":""MultiPoint"",""coordinates"":[]}"
121_00000000000000000002,BA03050040,,,,,,,74.15,74,517.631463505,TASWIL5000020230907KABKOTA,Buton Selatan,,0.042249508051,1.85498741345,4326,4,,,Buton Selatan,Sulawesi Tenggara,,0,Buton,,2024-02,0.13626898379141614,2,0.13626898379141614,VIIRS DNB,nW/cm2/sr,2024,"{""type"":""MultiPoint"",""coordinates"":[]}"
121_00000000000000000003,BA03050040,,,,,,,74.14,74,836.955797791,TASWIL5000020230907KABKOTA,Buton Tengah,,0.0682810706644,2.98412837401,4326,4,,,Buton Tengah,Sulawesi Tenggara,,0,Buton,,2024-02,0.36238235168420596,2,0.36238235168420596,VIIRS DNB,nW/cm2/sr,2024,"{""type"":""MultiPoint"",""coordinates"":[]}"
121_0000000000000000000c,BA03050040,,,,,,,74.72,74,294.137423231,TASWIL5000020230907KABKOTA,Kota Bau Bau,,0.0240007870008,0.955179337168,4326,5,,,Kota Bau Bau,Sulawesi Tenggara,,0,Buton,,2024-02,0.24517740598368615,2,0.24517740598368615,VIIRS DNB,nW/cm2/sr,2024,"{""type"":""MultiPoint"",""coordinates"":[]}"
121_00000000000000000010,BA03050040,,,,,,,74.07,74,450.455914283,TASWIL5000020230907KABKOTA,Wakatobi,,0.0367648905913,3.71804674371,4326,4,,,Wakatobi,Sulawesi Tenggara,,0,Buton,,2024-02,0.3524499721529324,2,0.3524499721529324,VIIRS DNB,nW/cm2/sr,2024,"{""type"":""MultiPoint"",""coordinates"":[]}"
121_00000000000000000011,BA03050040,,,,,,,74.07,74,0.253355482028,TASWIL5000020230907KABKOTA,Wakatobi,Wilayah terapung,2.06703594498E-5,0.0291924563304,4326,4,,,Wakatobi,Sulawesi Tenggara,,0,Buton,,2024-02,2.0763953408991647,2,2.0763953408991647,VIIRS DNB,nW/cm2/sr,2024,"{""type"":""MultiPoint"",""coordinates"":[]}"
121_00000000000000000012,BA03050040,,,,,,,74.07,74,4.12006083394,TASWIL5000020230907KABKOTA,Wakatobi,Wilayah terapung,3.36232999688E-4,0.124432278786,4326,4,,,Wakatobi,Sulawesi Tenggara,,0,Buton,,2024-02,0.3056946721091073,2,0.3056946721091073,VIIRS DNB,nW/cm2/sr,2024,"{""type"":""MultiPoint"",""coordinates"":[]}"
121_0000000000000000000a,BA03050040,,,,,,,74.05,74,4237.74051506,TASWIL5000020230907KABKOTA,Konawe Selatan,,0.345208073275,5.59324280043,4326,4,,,Konawe Selatan,Sulawesi Tenggara,,0,Kendari,,2024-02,0.39215687144298217,2,0.39215687144298217,VIIRS DNB,nW/cm2/sr,2024,"{""type"":""MultiPoint"",""coordinates"":[]}"
121_0000000000000000000d,BA03050040,,,,,,,74.71,74,265.790696582,TASWIL5000020230907KABKOTA,Kota Kendari,,0.0216443348271,1.21929531969,4326,5,,,Kota Kendari,Sulawesi Tenggara,,0,Kendari,,2024-02,4.01769118754637,2,4.01769118754637,VIIRS DNB,nW/cm2/sr,2024,"{""type"":""MultiPoint"",""coordinates"":[]}"
121_00000000000000000006,BA03050040,,,,,,,74.11,74,3992.53107078,TASWIL5000020230907KABKOTA,Kolaka Timur,,0.325055960897,4.62416724675,4326,4,,,Kolaka Timur,Sulawesi Tenggara,,0,Kolaka,,2024-02,0.25172387940756635,2,0.25172387940756635,VIIRS DNB,nW/cm2/sr,2024,"{""type"":""MultiPoint"",""coordinates"":[]}"
121_00000000000000000007,BA03050040,,,,,,,74.08,74,2932.25192061,TASWIL5000020230907KABKOTA,Kolaka Utara,,0.238597308701,3.90865020949,4326,4,,,Kolaka Utara,Sulawesi Tenggara,,0,Kolaka,,2024-02,0.08167673719362437,2,0.08167673719362437,VIIRS DNB,nW/cm2/sr,2024,"{""type"":""MultiPoint"",""coordinates"":[]}"
121_00000000000000000009,BA03050040,,,,,,,74.12,74,705.711010277,TASWIL5000020230907KABKOTA,Konawe Kepulauan,,0.0574768178025,1.17136047971,4326,4,,,Konawe Kepulauan,Sulawesi Tenggara,,0,Konawe,,2024-02,0.2540464858523527,2,0.2540464858523527,VIIRS DNB,nW/cm2/sr,2024,"{""type"":""MultiPoint"",""coordinates"":[]}"
121_0000000000000000000b,BA03050040,,,,,,,74.09,74,4219.81180817,TASWIL5000020230907KABKOTA,Konawe Utara,,0.343408045869,6.15591332033,4326,4,,,Konawe Utara,Sulawesi Tenggara,,0,Konawe,,2024-02,0.2624923709459881,2,0.2624923709459881,VIIRS DNB,nW/cm2/sr,2024,"{""type"":""MultiPoint"",""coordinates"":[]}"
121_00000000000000000004,BA03050040,,,,,,,74.10,74,1755.8292261,TASWIL5000020230907KABKOTA,Buton Utara,,0.143115018242,4.67921811895,4326,4,,,Buton Utara,Sulawesi Tenggara,,0,Muna,,2024-02,0.23244199544946875,2,0.23244199544946875,VIIRS DNB,nW/cm2/sr,2024,"{""type"":""MultiPoint"",""coordinates"":[]}"
121_0000000000000000000f,BA03050040,,,,,,,74.13,74,818.701593571,TASWIL5000020230907KABKOTA,Muna Barat,,0.0667415576998,2.65906981122,4326,4,,,Muna Barat,Sulawesi Tenggara,,0,Muna,,2024-02,0.17116341368961865,2,0.17116341368961865,VIIRS DNB,nW/cm2/sr,2024,"{""type"":""MultiPoint"",""coordinates"":[]}"
121_00000000000000000013,BA03050040,,,,,,,74.13,74,0.273099429049,TASWIL5000020230907KABKOTA,Muna Barat,Wilayah terapung,2.22679841875E-5,0.0295594995644,4326,4,,,Muna Barat,Sulawesi Tenggara,,0,Muna,,2024-02,0.548880862415052,2,0.548880862415052,VIIRS DNB,nW/cm2/sr,2024,"{""type"":""MultiPoint"",""coordinates"":[]}"
121_00000000000000000014,BA03050040,,,,,,,74.10,74,0.0480497061255,TASWIL5000020230907KABKOTA,Buton Utara,Wilayah terapung,3.9169026899E-6,0.0168384250334,4326,4,,,Buton Utara,Sulawesi Tenggara,,0,Muna,,2024-02,0.7199999945504326,2,0.7199999945504326,VIIRS DNB,nW/cm2/sr,2024,"{""type"":""MultiPoint"",""coordinates"":[]}"
122_00000000000000000001,BA03050040,,,,,,,74.04,74,1669.32863016,TASWIL5000020230907KABKOTA,Buton,,0.136188299866,3.04087674144,4326,4,,,Buton,Sulawesi Tenggara,,0,,,2024-03,0.009373795491960045,3,0.009373795491960045,VIIRS DNB,nW/cm2/sr,2024,"{""type"":""MultiPoint"",""coordinates"":[]}"
122_00000000000000000005,BA03050040,,,,,,,74.01,74,2958.9208572,TASWIL5000020230907KABKOTA,Kolaka,,0.240980839474,5.39527306777,4326,4,,,Kolaka,Sulawesi Tenggara,,0,,,2024-03,0.14947373801469033,3,0.14947373801469033,VIIRS DNB,nW/cm2/sr,2024,"{""type"":""MultiPoint"",""coordinates"":[]}"
122_00000000000000000008,BA03050040,,,,,,,74.02,74,5351.85263389,TASWIL5000020230907KABKOTA,Konawe,,0.435602118514,6.84601568998,4326,4,,,Konawe,Sulawesi Tenggara,,0,,,2024-03,0.1042831182600287,3,0.1042831182600287,VIIRS DNB,nW/cm2/sr,2024,"{""type"":""MultiPoint"",""coordinates"":[]}"
122_0000000000000000000e,BA03050040,,,,,,,74.03,74,1858.09481163,TASWIL5000020230907KABKOTA,Muna,,0.151502694674,5.32849464874,4326,4,,,Muna,Sulawesi Tenggara,,0,,,2024-03,0.21089612349723927,3,0.21089612349723927,VIIRS DNB,nW/cm2/sr,2024,"{""type"":""MultiPoint"",""coordinates"":[]}"
122_00000000000000000015,BA03050040,,,,,,,74.03,74,0.17024708351,TASWIL5000020230907KABKOTA,Muna,Wilayah terapung,1.38839187565E-5,0.039960941818,4326,4,,,Muna,Sulawesi Tenggara,,0,,,2024-03,0.0,3,0.0,VIIRS DNB,nW/cm2/sr,2024,"{""type"":""MultiPoint"",""coordinates"":[]}"
122_00000000000000000016,BA03050040,,,,,,,74.04,74,0.188157250699,TASWIL5000020230907KABKOTA,Buton,Wilayah terapung,1.53526521797E-5,0.0397338812277,4326,4,,,Buton,Sulawesi Tenggara,,0,,,2024-03,0.0,3,0.0,VIIRS DNB,nW/cm2/sr,2024,"{""type"":""MultiPoint"",""coordinates"":[]}"
122_00000000000000000000,BA03050040,,,,,,,74.06,74,3293.96639913,TASWIL5000020230907KABKOTA,Bombana,,0.268524880662,5.47167246052,4326,4,,,Bombana,Sulawesi Tenggara,,0,Buton,,2024-03,0.08896162733822999,3,0.08896162733822999,VIIRS DNB,nW/cm2/sr,2024,"{""type"":""MultiPoint"",""coordinates"":[]}"
122_00000000000000000002,BA03050040,,,,,,,74.15,74,517.631463505,TASWIL5000020230907KABKOTA,Buton Selatan,,0.042249508051,1.85498741345,4326,4,,,Buton Selatan,Sulawesi Tenggara,,0,Buton,,2024-03,0.03734199840516886,3,0.03734199840516886,VIIRS DNB,nW/cm2/sr,2024,"{""type"":""MultiPoint"",""coordinates"":[]}"
122_00000000000000000003,BA03050040,,,,,,,74.14,74,836.955797791,TASWIL5000020230907KABKOTA,Buton Tengah,,0.0682810706644,2.98412837401,4326,4,,,Buton Tengah,Sulawesi Tenggara,,0,Buton,,2024-03,0.0012116597461020384,3,0.0012116597461020384,VIIRS DNB,nW/cm2/sr,2024,"{""type"":""MultiPoint"",""coordinates"":[]}"
122_0000000000000000000c,BA03050040,,,,,,,74.72,74,294.137423231,TASWIL5000020230907KABKOTA,Kota Bau Bau,,0.0240007870008,0.955179337168,4326,5,,,Kota Bau Bau,Sulawesi Tenggara,,0,Buton,,2024-03,0.0761968366790414,3,0.0761968366790414,VIIRS DNB,nW/cm2/sr,2024,"{""type"":""MultiPoint"",""coordinates"":[]}"
122_00000000000000000010,BA03050040,,,,,,,74.07,74,450.455914283,TASWIL5000020230907KABKOTA,Wakatobi,,0.0367648905913,3.71804674371,4326,4,,,Wakatobi,Sulawesi Tenggara,,0,Buton,,2024-03,0.0028399850472235625,3,0.0028399850472235625,VIIRS DNB,nW/cm2/sr,2024,"{""type"":""MultiPoint"",""coordinates"":[]}"
122_00000000000000000011,BA03050040,,,,,,,74.07,74,0.253355482028,TASWIL5000020230907KABKOTA,Wakatobi,Wilayah terapung,2.06703594498E-5,0.0291924563304,4326,4,,,Wakatobi,Sulawesi Tenggara,,0,Buton,,2024-03,0.0,3,0.0,VIIRS DNB,nW/cm2/sr,2024,"{""type"":""MultiPoint"",""coordinates"":[]}"
122_00000000000000000012,BA03050040,,,,,,,74.07,74,4.12006083394,TASWIL5000020230907KABKOTA,Wakatobi,Wilayah terapung,3.36232999688E-4,0.124432278786,4326,4,,,Wakatobi,Sulawesi Tenggara,,0,Buton,,2024-03,0.0,3,0.0,VIIRS DNB,nW/cm2/sr,2024,"{""type"":""MultiPoint"",""coordinates"":[]}"
122_0000000000000000000a,BA03050040,,,,,,,74.05,74,4237.74051506,TASWIL5000020230907KABKOTA,Konawe Selatan,,0.345208073275,5.59324280043,4326,4,,,Konawe Selatan,Sulawesi Tenggara,,0,Kendari,,2024-03,0.14384637147387083,3,0.14384637147387083,VIIRS DNB,nW/cm2/sr,2024,"{""type"":""MultiPoint"",""coordinates"":[]}"
122_0000000000000000000d,BA03050040,,,,,,,74.71,74,265.790696582,TASWIL5000020230907KABKOTA,Kota Kendari,,0.0216443348271,1.21929531969,4326,5,,,Kota Kendari,Sulawesi Tenggara,,0,Kendari,,2024-03,0.01309110108127597,3,0.01309110108127597,VIIRS DNB,nW/cm2/sr,2024,"{""type"":""MultiPoint"",""coordinates"":[]}"
122_00000000000000000006,BA03050040,,,,,,,74.11,74,3992.53107078,TASWIL5000020230907KABKOTA,Kolaka Timur,,0.325055960897,4.62416724675,4326,4,,,Kolaka Timur,Sulawesi Tenggara,,0,Kolaka,,2024-03,0.16936642825971288,3,0.16936642825971288,VIIRS DNB,nW/cm2/sr,2024,"{""type"":""MultiPoint"",""coordinates"":[]}"
122_00000000000000000007,BA03050040,,,,,,,74.08,74,2932.25192061,TASWIL5000020230907KABKOTA,Kolaka Utara,,0.238597308701,3.90865020949,4326,4,,,Kolaka Utara,Sulawesi Tenggara,,0,Kolaka,,2024-03,0.06337197182910653,3,0.06337197182910653,VIIRS DNB,nW/cm2/sr,2024,"{""type"":""MultiPoint"",""coordinates"":[]}"
122_00000000000000000009,BA03050040,,,,,,,74.12,74,705.711010277,TASWIL5000020230907KABKOTA,Konawe Kepulauan,,0.0574768178025,1.17136047971,4326,4,,,Konawe Kepulauan,Sulawesi Tenggara,,0,Konawe,,2024-03,0.006885554649341314,3,0.006885554649341314,VIIRS DNB,nW/cm2/sr,2024,"{""type"":""MultiPoint"",""coordinates"":[]}"
122_0000000000000000000b,BA03050040,,,,,,,74.09,74,4219.81180817,TASWIL5000020230907KABKOTA,Konawe Utara,,0.343408045869,6.15591332033,4326,4,,,Konawe Utara,Sulawesi Tenggara,,0,Konawe,,2024-03,0.06066914840430671,3,0.06066914840430671,VIIRS DNB,nW/cm2/sr,2024,"{""type"":""MultiPoint"",""coordinates"":[]}"
122_00000000000000000004,BA03050040,,,,,,,74.10,74,1755.8292261,TASWIL5000020230907KABKOTA,Buton Utara,,0.143115018242,4.67921811895,4326,4,,,Buton Utara,Sulawesi Tenggara,,0,Muna,,2024-03,0.061264207230826276,3,0.061264207230826276,VIIRS DNB,nW/cm2/sr,2024,"{""type"":""MultiPoint"",""coordinates"":[]}"
122_0000000000000000000f,BA03050040,,,,,,,74.13,74,818.701593571,TASWIL5000020230907KABKOTA,Muna Barat,,0.0667415576998,2.65906981122,4326,4,,,Muna Barat,Sulawesi Tenggara,,0,Muna,,2024-03,0.25694301202160147,3,0.25694301202160147,VIIRS DNB,nW/cm2/sr,2024,"{""type"":""MultiPoint"",""coordinates"":[]}"
122_00000000000000000013,BA03050040,,,,,,,74.13,74,0.273099429049,TASWIL5000020230907KABKOTA,Muna Barat,Wilayah terapung,2.22679841875E-5,0.0295594995644,4326,4,,,Muna Barat,Sulawesi Tenggara,,0,Muna,,2024-03,0.42057761259457693,3,0.42057761259457693,VIIRS DNB,nW/cm2/sr,2024,"{""type"":""MultiPoint"",""coordinates"":[]}"
122_00000000000000000014,BA03050040,,,,,,,74.10,74,0.0480497061255,TASWIL5000020230907KABKOTA,Buton Utara,Wilayah terapung,3.9169026899E-6,0.0168384250334,4326,4,,,Buton Utara,Sulawesi Tenggara,,0,Muna,,2024-03,0.0,3,0.0,VIIRS DNB,nW/cm2/sr,2024,"{""type"":""MultiPoint"",""coordinates"":[]}"
123_00000000000000000001,BA03050040,,,,,,,74.04,74,1669.32863016,TASWIL5000020230907KABKOTA,Buton,,0.136188299866,3.04087674144,4326,4,,,Buton,Sulawesi Tenggara,,0,,,2024-04,0.4184945499727918,4,0.4184945499727918,VIIRS DNB,nW/cm2/sr,2024,"{""type"":""MultiPoint"",""coordinates"":[]}"
123_00000000000000000005,BA03050040,,,,,,,74.01,74,2958.9208572,TASWIL5000020230907KABKOTA,Kolaka,,0.240980839474,5.39527306777,4326,4,,,Kolaka,Sulawesi Tenggara,,0,,,2024-04,0.24041856491733168,4,0.24041856491733168,VIIRS DNB,nW/cm2/sr,2024,"{""type"":""MultiPoint"",""coordinates"":[]}"
123_00000000000000000008,BA03050040,,,,,,,74.02,74,5351.85263389,TASWIL5000020230907KABKOTA,Konawe,,0.435602118514,6.84601568998,4326,4,,,Konawe,Sulawesi Tenggara,,0,,,2024-04,0.4334822125621481,4,0.4334822125621481,VIIRS DNB,nW/cm2/sr,2024,"{""type"":""MultiPoint"",""coordinates"":[]}"
123_0000000000000000000e,BA03050040,,,,,,,74.03,74,1858.09481163,TASWIL5000020230907KABKOTA,Muna,,0.151502694674,5.32849464874,4326,4,,,Muna,Sulawesi Tenggara,,0,,,2024-04,0.44761279510044516,4,0.44761279510044516,VIIRS DNB,nW/cm2/sr,2024,"{""type"":""MultiPoint"",""coordinates"":[]}"
123_00000000000000000015,BA03050040,,,,,,,74.03,74,0.17024708351,TASWIL5000020230907KABKOTA,Muna,Wilayah terapung,1.38839187565E-5,0.039960941818,4326,4,,,Muna,Sulawesi Tenggara,,0,,,2024-04,0.3537572253646189,4,0.3537572253646189,VIIRS DNB,nW/cm2/sr,2024,"{""type"":""MultiPoint"",""coordinates"":[]}"
123_00000000000000000016,BA03050040,,,,,,,74.04,74,0.188157250699,TASWIL5000020230907KABKOTA,Buton,Wilayah terapung,1.53526521797E-5,0.0397338812277,4326,4,,,Buton,Sulawesi Tenggara,,0,,,2024-04,0.9639673887387566,4,0.9639673887387566,VIIRS DNB,nW/cm2/sr,2024,"{""type"":""MultiPoint"",""coordinates"":[]}"
123_00000000000000000000,BA03050040,,,,,,,74.06,74,3293.96639913,TASWIL5000020230907KABKOTA,Bombana,,0.268524880662,5.47167246052,4326,4,,,Bombana,Sulawesi Tenggara,,0,Buton,,2024-04,0.30703787790061493,4,0.30703787790061493,VIIRS DNB,nW/cm2/sr,2024,"{""type"":""MultiPoint"",""coordinates"":[]}"
123_00000000000000000002,BA03050040,,,,,,,74.15,74,517.631463505,TASWIL5000020230907KABKOTA,Buton Selatan,,0.042249508051,1.85498741345,4326,4,,,Buton Selatan,Sulawesi Tenggara,,0,Buton,,2024-04,0.475432027326171,4,0.475432027326171,VIIRS DNB,nW/cm2/sr,2024,"{""type"":""MultiPoint"",""coordinates"":[]}"
123_00000000000000000003,BA03050040,,,,,,,74.14,74,836.955797791,TASWIL5000020230907KABKOTA,Buton Tengah,,0.0682810706644,2.98412837401,4326,4,,,Buton Tengah,Sulawesi Tenggara,,0,Buton,,2024-04,0.4827274445718314,4,0.4827274445718314,VIIRS DNB,nW/cm2/sr,2024,"{""type"":""MultiPoint"",""coordinates"":[]}"
123_0000000000000000000c,BA03050040,,,,,,,74.72,74,294.137423231,TASWIL5000020230907KABKOTA,Kota Bau Bau,,0.0240007870008,0.955179337168,4326,5,,,Kota Bau Bau,Sulawesi Tenggara,,0,Buton,,2024-04,1.447864300115581,4,1.447864300115581,VIIRS DNB,nW/cm2/sr,2024,"{""type"":""MultiPoint"",""coordinates"":[]}"
123_00000000000000000010,BA03050040,,,,,,,74.07,74,450.455914283,TASWIL5000020230907KABKOTA,Wakatobi,,0.0367648905913,3.71804674371,4326,4,,,Wakatobi,Sulawesi Tenggara,,0,Buton,,2024-04,0.48829443080216667,4,0.48829443080216667,VIIRS DNB,nW/cm2/sr,2024,"{""type"":""MultiPoint"",""coordinates"":[]}"
123_00000000000000000011,BA03050040,,,,,,,74.07,74,0.253355482028,TASWIL5000020230907KABKOTA,Wakatobi,Wilayah terapung,2.06703594498E-5,0.0291924563304,4326,4,,,Wakatobi,Sulawesi Tenggara,,0,Buton,,2024-04,1.6479844413986504,4,1.6479844413986504,VIIRS DNB,nW/cm2/sr,2024,"{""type"":""MultiPoint"",""coordinates"":[]}"
123_00000000000000000012,BA03050040,,,,,,,74.07,74,4.12006083394,TASWIL5000020230907KABKOTA,Wakatobi,Wilayah terapung,3.36232999688E-4,0.124432278786,4326,4,,,Wakatobi,Sulawesi Tenggara,,0,Buton,,2024-04,0.4200828388033534,4,0.4200828388033534,VIIRS DNB,nW/cm2/sr,2024,"{""type"":""MultiPoint"",""coordinates"":[]}"
123_0000000000000000000a,BA03050040,,,,,,,74.05,74,4237.74051506,TASWIL5000020230907KABKOTA,Konawe Selatan,,0.345208073275,5.59324280043,4326,4,,,Konawe Selatan,Sulawesi Tenggara,,0,Kendari,,2024-04,0.49720075123775626,4,0.49720075123775626,VIIRS DNB,nW/cm2/sr,2024,"{""type"":""MultiPoint"",""coordinates"":[]}"
123_0000000000000000000d,BA03050040,,,,,,,74.71,74,265.790696582,TASWIL5000020230907KABKOTA,Kota Kendari,,0.0216443348271,1.21929531969,4326,5,,,Kota Kendari,Sulawesi Tenggara,,0,Kendari,,2024-04,4.641732387385649,4,4.641732387385649,VIIRS DNB,nW/cm2/sr,2024,"{""type"":""MultiPoint"",""coordinates"":[]}"
123_00000000000000000006,BA03050040,,,,,,,74.11,74,3992.53107078,TASWIL5000020230907KABKOTA,Kolaka Timur,,0.325055960897,4.62416724675,4326,4,,,Kolaka Timur,Sulawesi Tenggara,,0,Kolaka,,2024-04,0.304226000153153,4,0.304226000153153,VIIRS DNB,nW/cm2/sr,2024,"{""type"":""MultiPoint"",""coordinates"":[]}"
123_00000000000000000007,BA03050040,,,,,,,74.08,74,2932.25192061,TASWIL5000020230907KABKOTA,Kolaka Utara,,0.238597308701,3.90865020949,4326,4,,,Kolaka Utara,Sulawesi Tenggara,,0,Kolaka,,2024-04,0.16778635390862515,4,0.16778635390862515,VIIRS DNB,nW/cm2/sr,2024,"{""type"":""MultiPoint"",""coordinates"":[]}"
123_00000000000000000009,BA03050040,,,,,,,74.12,74,705.711010277,TASWIL5000020230907KABKOTA,Konawe Kepulauan,,0.0574768178025,1.17136047971,4326,4,,,Konawe Kepulauan,Sulawesi Tenggara,,0,Konawe,,2024-04,0.41305766249299547,4,0.41305766249299547,VIIRS DNB,nW/cm2/sr,2024,"{""type"":""MultiPoint"",""coordinates"":[]}"
123_0000000000000000000b,BA03050040,,,,,,,74.09,74,4219.81180817,TASWIL5000020230907KABKOTA,Konawe Utara,,0.343408045869,6.15591332033,4326,4,,,Konawe Utara,Sulawesi Tenggara,,0,Konawe,,2024-04,0.3638553103835009,4,0.3638553103835009,VIIRS DNB,nW/cm2/sr,2024,"{""type"":""MultiPoint"",""coordinates"":[]}"
123_00000000000000000004,BA03050040,,,,,,,74.10,74,1755.8292261,TASWIL5000020230907KABKOTA,Buton Utara,,0.143115018242,4.67921811895,4326,4,,,Buton Utara,Sulawesi Tenggara,,0,Muna,,2024-04,0.3978656687477986,4,0.3978656687477986,VIIRS DNB,nW/cm2/sr,2024,"{""type"":""MultiPoint"",""coordinates"":[]}"
123_0000000000000000000f,BA03050040,,,,,,,74.13,74,818.701593571,TASWIL5000020230907KABKOTA,Muna Barat,,0.0667415576998,2.65906981122,4326,4,,,Muna Barat,Sulawesi Tenggara,,0,Muna,,2024-04,0.4306848406926739,4,0.4306848406926739,VIIRS DNB,nW/cm2/sr,2024,"{""type"":""MultiPoint"",""coordinates"":[]}"
123_00000000000000000013,BA03050040,,,,,,,74.13,74,0.273099429049,TASWIL5000020230907KABKOTA,Muna Barat,Wilayah terapung,2.22679841875E-5,0.0295594995644,4326,4,,,Muna Barat,Sulawesi Tenggara,,0,Muna,,2024-04,0.25819493846342445,4,0.25819493846342445,VIIRS DNB,nW/cm2/sr,2024,"{""type"":""MultiPoint"",""coordinates"":[]}"
123_00000000000000000014,BA03050040,,,,,,,74.10,74,0.0480497061255,TASWIL5000020230907KABKOTA,Buton Utara,Wilayah terapung,3.9169026899E-6,0.0168384250334,4326,4,,,Buton Utara,Sulawesi Tenggara,,0,Muna,,2024-04,0.7285714404923574,4,0.7285714404923574,VIIRS DNB,nW/cm2/sr,2024,"{""type"":""MultiPoint"",""coordinates"":[]}"
124_00000000000000000001,BA03050040,,,,,,,74.04,74,1669.32863016,TASWIL5000020230907KABKOTA,Buton,,0.136188299866,3.04087674144,4326,4,,,Buton,Sulawesi Tenggara,,0,,,2024-05,0.29208156597215884,5,0.29208156597215884,VIIRS DNB,nW/cm2/sr,2024,"{""type"":""MultiPoint"",""coordinates"":[]}"
124_00000000000000000005,BA03050040,,,,,,,74.01,74,2958.9208572,TASWIL5000020230907KABKOTA,Kolaka,,0.240980839474,5.39527306777,4326,4,,,Kolaka,Sulawesi Tenggara,,0,,,2024-05,0.42267990963317165,5,0.42267990963317165,VIIRS DNB,nW/cm2/sr,2024,"{""type"":""MultiPoint"",""coordinates"":[]}"
124_00000000000000000008,BA03050040,,,,,,,74.02,74,5351.85263389,TASWIL5000020230907KABKOTA,Konawe,,0.435602118514,6.84601568998,4326,4,,,Konawe,Sulawesi Tenggara,,0,,,2024-05,0.31857128109412014,5,0.31857128109412014,VIIRS DNB,nW/cm2/sr,2024,"{""type"":""MultiPoint"",""coordinates"":[]}"
124_0000000000000000000e,BA03050040,,,,,,,74.03,74,1858.09481163,TASWIL5000020230907KABKOTA,Muna,,0.151502694674,5.32849464874,4326,4,,,Muna,Sulawesi Tenggara,,0,,,2024-05,0.28830046875522614,5,0.28830046875522614,VIIRS DNB,nW/cm2/sr,2024,"{""type"":""MultiPoint"",""coordinates"":[]}"
124_00000000000000000015,BA03050040,,,,,,,74.03,74,0.17024708351,TASWIL5000020230907KABKOTA,Muna,Wilayah terapung,1.38839187565E-5,0.039960941818,4326,4,,,Muna,Sulawesi Tenggara,,0,,,2024-05,0.32526011876977245,5,0.32526011876977245,VIIRS DNB,nW/cm2/sr,2024,"{""type"":""MultiPoint"",""coordinates"":[]}"
124_00000000000000000016,BA03050040,,,,,,,74.04,74,0.188157250699,TASWIL5000020230907KABKOTA,Buton,Wilayah terapung,1.53526521797E-5,0.0397338812277,4326,4,,,Buton,Sulawesi Tenggara,,0,,,2024-05,0.7206521792256314,5,0.7206521792256314,VIIRS DNB,nW/cm2/sr,2024,"{""type"":""MultiPoint"",""coordinates"":[]}"
124_00000000000000000000,BA03050040,,,,,,,74.06,74,3293.96639913,TASWIL5000020230907KABKOTA,Bombana,,0.268524880662,5.47167246052,4326,4,,,Bombana,Sulawesi Tenggara,,0,Buton,,2024-05,0.29431676700892107,5,0.29431676700892107,VIIRS DNB,nW/cm2/sr,2024,"{""type"":""MultiPoint"",""coordinates"":[]}"
124_00000000000000000002,BA03050040,,,,,,,74.15,74,517.631463505,TASWIL5000020230907KABKOTA,Buton Selatan,,0.042249508051,1.85498741345,4326,4,,,Buton Selatan,Sulawesi Tenggara,,0,Buton,,2024-05,0.28693736116986346,5,0.28693736116986346,VIIRS DNB,nW/cm2/sr,2024,"{""type"":""MultiPoint"",""coordinates"":[]}"
124_00000000000000000003,BA03050040,,,,,,,74.14,74,836.955797791,TASWIL5000020230907KABKOTA,Buton Tengah,,0.0682810706644,2.98412837401,4326,4,,,Buton Tengah,Sulawesi Tenggara,,0,Buton,,2024-05,0.31440346491941784,5,0.31440346491941784,VIIRS DNB,nW/cm2/sr,2024,"{""type"":""MultiPoint"",""coordinates"":[]}"
124_0000000000000000000c,BA03050040,,,,,,,74.72,74,294.137423231,TASWIL5000020230907KABKOTA,Kota Bau Bau,,0.0240007870008,0.955179337168,4326,5,,,Kota Bau Bau,Sulawesi Tenggara,,0,Buton,,2024-05,1.3140857397339463,5,1.3140857397339463,VIIRS DNB,nW/cm2/sr,2024,"{""type"":""MultiPoint"",""coordinates"":[]}"
124_00000000000000000010,BA03050040,,,,,,,74.07,74,450.455914283,TASWIL5000020230907KABKOTA,Wakatobi,,0.0367648905913,3.71804674371,4326,4,,,Wakatobi,Sulawesi Tenggara,,0,Buton,,2024-05,0.4197003727121023,5,0.4197003727121023,VIIRS DNB,nW/cm2/sr,2024,"{""type"":""MultiPoint"",""coordinates"":[]}"
124_00000000000000000011,BA03050040,,,,,,,74.07,74,0.253355482028,TASWIL5000020230907KABKOTA,Wakatobi,Wilayah terapung,2.06703594498E-5,0.0291924563304,4326,4,,,Wakatobi,Sulawesi Tenggara,,0,Buton,,2024-05,2.310271356225938,5,2.310271356225938,VIIRS DNB,nW/cm2/sr,2024,"{""type"":""MultiPoint"",""coordinates"":[]}"
124_00000000000000000012,BA03050040,,,,,,,74.07,74,4.12006083394,TASWIL5000020230907KABKOTA,Wakatobi,Wilayah terapung,3.36232999688E-4,0.124432278786,4326,4,,,Wakatobi,Sulawesi Tenggara,,0,Buton,,2024-05,0.3176260332066632,5,0.3176260332066632,VIIRS DNB,nW/cm2/sr,2024,"{""type"":""MultiPoint"",""coordinates"":[]}"
124_0000000000000000000a,BA03050040,,,,,,,74.05,74,4237.74051506,TASWIL5000020230907KABKOTA,Konawe Selatan,,0.345208073275,5.59324280043,4326,4,,,Konawe Selatan,Sulawesi Tenggara,,0,Kendari,,2024-05,0.3757960963094184,5,0.3757960963094184,VIIRS DNB,nW/cm2/sr,2024,"{""type"":""MultiPoint"",""coordinates"":[]}"
124_0000000000000000000d,BA03050040,,,,,,,74.71,74,265.790696582,TASWIL5000020230907KABKOTA,Kota Kendari,,0.0216443348271,1.21929531969,4326,5,,,Kota Kendari,Sulawesi Tenggara,,0,Kendari,,2024-05,3.845626553995598,5,3.845626553995598,VIIRS DNB,nW/cm2/sr,2024,"{""type"":""MultiPoint"",""coordinates"":[]}"
124_00000000000000000006,BA03050040,,,,,,,74.11,74,3992.53107078,TASWIL5000020230907KABKOTA,Kolaka Timur,,0.325055960897,4.62416724675,4326,4,,,Kolaka Timur,Sulawesi Tenggara,,0,Kolaka,,2024-05,0.2637177325544914,5,0.2637177325544914,VIIRS DNB,nW/cm2/sr,2024,"{""type"":""MultiPoint"",""coordinates"":[]}"
124_00000000000000000007,BA03050040,,,,,,,74.08,74,2932.25192061,TASWIL5000020230907KABKOTA,Kolaka Utara,,0.238597308701,3.90865020949,4326,4,,,Kolaka Utara,Sulawesi Tenggara,,0,Kolaka,,2024-05,0.2454256874392096,5,0.2454256874392096,VIIRS DNB,nW/cm2/sr,2024,"{""type"":""MultiPoint"",""coordinates"":[]}"
124_00000000000000000009,BA03050040,,,,,,,74.12,74,705.711010277,TASWIL5000020230907KABKOTA,Konawe Kepulauan,,0.0574768178025,1.17136047971,4326,4,,,Konawe Kepulauan,Sulawesi Tenggara,,0,Konawe,,2024-05,0.29912164522031304,5,0.29912164522031304,VIIRS DNB,nW/cm2/sr,2024,"{""type"":""MultiPoint"",""coordinates"":[]}"
124_0000000000000000000b,BA03050040,,,,,,,74.09,74,4219.81180817,TASWIL5000020230907KABKOTA,Konawe Utara,,0.343408045869,6.15591332033,4326,4,,,Konawe Utara,Sulawesi Tenggara,,0,Konawe,,2024-05,0.3096927516451105,5,0.3096927516451105,VIIRS DNB,nW/cm2/sr,2024,"{""type"":""MultiPoint"",""coordinates"":[]}"
124_00000000000000000004,BA03050040,,,,,,,74.10,74,1755.8292261,TASWIL5000020230907KABKOTA,Buton Utara,,0.143115018242,4.67921811895,4326,4,,,Buton Utara,Sulawesi Tenggara,,0,Muna,,2024-05,0.261104477072854,5,0.261104477072854,VIIRS DNB,nW/cm2/sr,2024,"{""type"":""MultiPoint"",""coordinates"":[]}"
124_0000000000000000000f,BA03050040,,,,,,,74.13,74,818.701593571,TASWIL5000020230907KABKOTA,Muna Barat,,0.0667415576998,2.65906981122,4326,4,,,Muna Barat,Sulawesi Tenggara,,0,Muna,,2024-05,0.28650828899494435,5,0.28650828899494435,VIIRS DNB,nW/cm2/sr,2024,"{""type"":""MultiPoint"",""coordinates"":[]}"
124_00000000000000000013,BA03050040,,,,,,,74.13,74,0.273099429049,TASWIL5000020230907KABKOTA,Muna Barat,Wilayah terapung,2.22679841875E-5,0.0295594995644,4326,4,,,Muna Barat,Sulawesi Tenggara,,0,Muna,,2024-05,0.12779783387584373,5,0.12779783387584373,VIIRS DNB,nW/cm2/sr,2024,"{""type"":""MultiPoint"",""coordinates"":[]}"
124_00000000000000000014,BA03050040,,,,,,,74.10,74,0.0480497061255,TASWIL5000020230907KABKOTA,Buton Utara,Wilayah terapung,3.9169026899E-6,0.0168384250334,4326,4,,,Buton Utara,Sulawesi Tenggara,,0,Muna,,2024-05,0.7028571367263794,5,0.7028571367263794,VIIRS DNB,nW/cm2/sr,2024,"{""type"":""MultiPoint"",""coordinates"":[]}"
125_00000000000000000001,BA03050040,,,,,,,74.04,74,1669.32863016,TASWIL5000020230907KABKOTA,Buton,,0.136188299866,3.04087674144,4326,4,,,Buton,Sulawesi Tenggara,,0,,,2024-06,0.2951952974508462,6,0.2951952974508462,VIIRS DNB,nW/cm2/sr,2024,"{""type"":""MultiPoint"",""coordinates"":[]}"
125_00000000000000000005,BA03050040,,,,,,,74.01,74,2958.9208572,TASWIL5000020230907KABKOTA,Kolaka,,0.240980839474,5.39527306777,4326,4,,,Kolaka,Sulawesi Tenggara,,0,,,2024-06,0.48361217341641105,6,0.48361217341641105,VIIRS DNB,nW/cm2/sr,2024,"{""type"":""MultiPoint"",""coordinates"":[]}"
125_00000000000000000008,BA03050040,,,,,,,74.02,74,5351.85263389,TASWIL5000020230907KABKOTA,Konawe,,0.435602118514,6.84601568998,4326,4,,,Konawe,Sulawesi Tenggara,,0,,,2024-06,0.4947507607172747,6,0.4947507607172747,VIIRS DNB,nW/cm2/sr,2024,"{""type"":""MultiPoint"",""coordinates"":[]}"
125_0000000000000000000e,BA03050040,,,,,,,74.03,74,1858.09481163,TASWIL5000020230907KABKOTA,Muna,,0.151502694674,5.32849464874,4326,4,,,Muna,Sulawesi Tenggara,,0,,,2024-06,0.31721473479321266,6,0.31721473479321266,VIIRS DNB,nW/cm2/sr,2024,"{""type"":""MultiPoint"",""coordinates"":[]}"
125_00000000000000000015,BA03050040,,,,,,,74.03,74,0.17024708351,TASWIL5000020230907KABKOTA,Muna,Wilayah terapung,1.38839187565E-5,0.039960941818,4326,4,,,Muna,Sulawesi Tenggara,,0,,,2024-06,0.21768785651364078,6,0.21768785651364078,VIIRS DNB,nW/cm2/sr,2024,"{""type"":""MultiPoint"",""coordinates"":[]}"
125_00000000000000000016,BA03050040,,,,,,,74.04,74,0.188157250699,TASWIL5000020230907KABKOTA,Buton,Wilayah terapung,1.53526521797E-5,0.0397338812277,4326,4,,,Buton,Sulawesi Tenggara,,0,,,2024-06,0.7157065201064815,6,0.7157065201064815,VIIRS DNB,nW/cm2/sr,2024,"{""type"":""MultiPoint"",""coordinates"":[]}"
125_00000000000000000000,BA03050040,,,,,,,74.06,74,3293.96639913,TASWIL5000020230907KABKOTA,Bombana,,0.268524880662,5.47167246052,4326,4,,,Bombana,Sulawesi Tenggara,,0,Buton,,2024-06,0.31494798298021676,6,0.31494798298021676,VIIRS DNB,nW/cm2/sr,2024,"{""type"":""MultiPoint"",""coordinates"":[]}"
125_00000000000000000002,BA03050040,,,,,,,74.15,74,517.631463505,TASWIL5000020230907KABKOTA,Buton Selatan,,0.042249508051,1.85498741345,4326,4,,,Buton Selatan,Sulawesi Tenggara,,0,Buton,,2024-06,0.35619056684403977,6,0.35619056684403977,VIIRS DNB,nW/cm2/sr,2024,"{""type"":""MultiPoint"",""coordinates"":[]}"
125_00000000000000000003,BA03050040,,,,,,,74.14,74,836.955797791,TASWIL5000020230907KABKOTA,Buton Tengah,,0.0682810706644,2.98412837401,4326,4,,,Buton Tengah,Sulawesi Tenggara,,0,Buton,,2024-06,0.33911556408531196,6,0.33911556408531196,VIIRS DNB,nW/cm2/sr,2024,"{""type"":""MultiPoint"",""coordinates"":[]}"
125_0000000000000000000c,BA03050040,,,,,,,74.72,74,294.137423231,TASWIL5000020230907KABKOTA,Kota Bau Bau,,0.0240007870008,0.955179337168,4326,5,,,Kota Bau Bau,Sulawesi Tenggara,,0,Buton,,2024-06,1.3516602137881581,6,1.3516602137881581,VIIRS DNB,nW/cm2/sr,2024,"{""type"":""MultiPoint"",""coordinates"":[]}"
125_00000000000000000010,BA03050040,,,,,,,74.07,74,450.455914283,TASWIL5000020230907KABKOTA,Wakatobi,,0.0367648905913,3.71804674371,4326,4,,,Wakatobi,Sulawesi Tenggara,,0,Buton,,2024-06,0.4412879891356123,6,0.4412879891356123,VIIRS DNB,nW/cm2/sr,2024,"{""type"":""MultiPoint"",""coordinates"":[]}"
125_00000000000000000011,BA03050040,,,,,,,74.07,74,0.253355482028,TASWIL5000020230907KABKOTA,Wakatobi,Wilayah terapung,2.06703594498E-5,0.0291924563304,4326,4,,,Wakatobi,Sulawesi Tenggara,,0,Buton,,2024-06,1.8452713603890218,6,1.8452713603890218,VIIRS DNB,nW/cm2/sr,2024,"{""type"":""MultiPoint"",""coordinates"":[]}"
125_00000000000000000012,BA03050040,,,,,,,74.07,74,4.12006083394,TASWIL5000020230907KABKOTA,Wakatobi,Wilayah terapung,3.36232999688E-4,0.124432278786,4326,4,,,Wakatobi,Sulawesi Tenggara,,0,Buton,,2024-06,0.3387171592250379,6,0.3387171592250379,VIIRS DNB,nW/cm2/sr,2024,"{""type"":""MultiPoint"",""coordinates"":[]}"
125_0000000000000000000a,BA03050040,,,,,,,74.05,74,4237.74051506,TASWIL5000020230907KABKOTA,Konawe Selatan,,0.345208073275,5.59324280043,4326,4,,,Konawe Selatan,Sulawesi Tenggara,,0,Kendari,,2024-06,0.39882178658274786,6,0.39882178658274786,VIIRS DNB,nW/cm2/sr,2024,"{""type"":""MultiPoint"",""coordinates"":[]}"
125_0000000000000000000d,BA03050040,,,,,,,74.71,74,265.790696582,TASWIL5000020230907KABKOTA,Kota Kendari,,0.0216443348271,1.21929531969,4326,5,,,Kota Kendari,Sulawesi Tenggara,,0,Kendari,,2024-06,5.012443146516803,6,5.012443146516803,VIIRS DNB,nW/cm2/sr,2024,"{""type"":""MultiPoint"",""coordinates"":[]}"
125_00000000000000000006,BA03050040,,,,,,,74.11,74,3992.53107078,TASWIL5000020230907KABKOTA,Kolaka Timur,,0.325055960897,4.62416724675,4326,4,,,Kolaka Timur,Sulawesi Tenggara,,0,Kolaka,,2024-06,0.3049404000220839,6,0.3049404000220839,VIIRS DNB,nW/cm2/sr,2024,"{""type"":""MultiPoint"",""coordinates"":[]}"
125_00000000000000000007,BA03050040,,,,,,,74.08,74,2932.25192061,TASWIL5000020230907KABKOTA,Kolaka Utara,,0.238597308701,3.90865020949,4326,4,,,Kolaka Utara,Sulawesi Tenggara,,0,Kolaka,,2024-06,0.30263227846665397,6,0.30263227846665397,VIIRS DNB,nW/cm2/sr,2024,"{""type"":""MultiPoint"",""coordinates"":[]}"
125_00000000000000000009,BA03050040,,,,,,,74.12,74,705.711010277,TASWIL5000020230907KABKOTA,Konawe Kepulauan,,0.0574768178025,1.17136047971,4326,4,,,Konawe Kepulauan,Sulawesi Tenggara,,0,Konawe,,2024-06,0.2971926057019168,6,0.2971926057019168,VIIRS DNB,nW/cm2/sr,2024,"{""type"":""MultiPoint"",""coordinates"":[]}"
125_0000000000000000000b,BA03050040,,,,,,,74.09,74,4219.81180817,TASWIL5000020230907KABKOTA,Konawe Utara,,0.343408045869,6.15591332033,4326,4,,,Konawe Utara,Sulawesi Tenggara,,0,Konawe,,2024-06,0.3739033864926337,6,0.3739033864926337,VIIRS DNB,nW/cm2/sr,2024,"{""type"":""MultiPoint"",""coordinates"":[]}"
125_00000000000000000004,BA03050040,,,,,,,74.10,74,1755.8292261,TASWIL5000020230907KABKOTA,Buton Utara,,0.143115018242,4.67921811895,4326,4,,,Buton Utara,Sulawesi Tenggara,,0,Muna,,2024-06,0.2639512744962687,6,0.2639512744962687,VIIRS DNB,nW/cm2/sr,2024,"{""type"":""MultiPoint"",""coordinates"":[]}"
125_0000000000000000000f,BA03050040,,,,,,,74.13,74,818.701593571,TASWIL5000020230907KABKOTA,Muna Barat,,0.0667415576998,2.65906981122,4326,4,,,Muna Barat,Sulawesi Tenggara,,0,Muna,,2024-06,0.3071770404459858,6,0.3071770404459858,VIIRS DNB,nW/cm2/sr,2024,"{""type"":""MultiPoint"",""coordinates"":[]}"
125_00000000000000000013,BA03050040,,,,,,,74.13,74,0.273099429049,TASWIL5000020230907KABKOTA,Muna Barat,Wilayah terapung,2.22679841875E-5,0.0295594995644,4326,4,,,Muna Barat,Sulawesi Tenggara,,0,Muna,,2024-06,0.26209386580687566,6,0.26209386580687566,VIIRS DNB,nW/cm2/sr,2024,"{""type"":""MultiPoint"",""coordinates"":[]}"
125_00000000000000000014,BA03050040,,,,,,,74.10,74,0.0480497061255,TASWIL5000020230907KABKOTA,Buton Utara,Wilayah terapung,3.9169026899E-6,0.0168384250334,4326,4,,,Buton Utara,Sulawesi Tenggara,,0,Muna,,2024-06,0.7214285816465106,6,0.7214285816465106,VIIRS DNB,nW/cm2/sr,2024,"{""type"":""MultiPoint"",""coordinates"":[]}"
126_00000000000000000001,BA03050040,,,,,,,74.04,74,1669.32863016,TASWIL5000020230907KABKOTA,Buton,,0.136188299866,3.04087674144,4326,4,,,Buton,Sulawesi Tenggara,,0,,,2024-07,0.4263047250700946,7,0.4263047250700946,VIIRS DNB,nW/cm2/sr,2024,"{""type"":""MultiPoint"",""coordinates"":[]}"
126_00000000000000000005,BA03050040,,,,,,,74.01,74,2958.9208572,TASWIL5000020230907KABKOTA,Kolaka,,0.240980839474,5.39527306777,4326,4,,,Kolaka,Sulawesi Tenggara,,0,,,2024-07,0.43372254806560584,7,0.43372254806560584,VIIRS DNB,nW/cm2/sr,2024,"{""type"":""MultiPoint"",""coordinates"":[]}"
126_00000000000000000008,BA03050040,,,,,,,74.02,74,5351.85263389,TASWIL5000020230907KABKOTA,Konawe,,0.435602118514,6.84601568998,4326,4,,,Konawe,Sulawesi Tenggara,,0,,,2024-07,0.5277772554482428,7,0.5277772554482428,VIIRS DNB,nW/cm2/sr,2024,"{""type"":""MultiPoint"",""coordinates"":[]}"
126_0000000000000000000e,BA03050040,,,,,,,74.03,74,1858.09481163,TASWIL5000020230907KABKOTA,Muna,,0.151502694674,5.32849464874,4326,4,,,Muna,Sulawesi Tenggara,,0,,,2024-07,0.4222239398132616,7,0.4222239398132616,VIIRS DNB,nW/cm2/sr,2024,"{""type"":""MultiPoint"",""coordinates"":[]}"
126_00000000000000000015,BA03050040,,,,,,,74.03,74,0.17024708351,TASWIL5000020230907KABKOTA,Muna,Wilayah terapung,1.38839187565E-5,0.039960941818,4326,4,,,Muna,Sulawesi Tenggara,,0,,,2024-07,0.4032947924095771,7,0.4032947924095771,VIIRS DNB,nW/cm2/sr,2024,"{""type"":""MultiPoint"",""coordinates"":[]}"
126_00000000000000000016,BA03050040,,,,,,,74.04,74,0.188157250699,TASWIL5000020230907KABKOTA,Buton,Wilayah terapung,1.53526521797E-5,0.0397338812277,4326,4,,,Buton,Sulawesi Tenggara,,0,,,2024-07,1.0042391383777496,7,1.0042391383777496,VIIRS DNB,nW/cm2/sr,2024,"{""type"":""MultiPoint"",""coordinates"":[]}"
126_00000000000000000000,BA03050040,,,,,,,74.06,74,3293.96639913,TASWIL5000020230907KABKOTA,Bombana,,0.268524880662,5.47167246052,4326,4,,,Bombana,Sulawesi Tenggara,,0,Buton,,2024-07,0.46578511818754037,7,0.46578511818754037,VIIRS DNB,nW/cm2/sr,2024,"{""type"":""MultiPoint"",""coordinates"":[]}"
126_00000000000000000002,BA03050040,,,,,,,74.15,74,517.631463505,TASWIL5000020230907KABKOTA,Buton Selatan,,0.042249508051,1.85498741345,4326,4,,,Buton Selatan,Sulawesi Tenggara,,0,Buton,,2024-07,0.48755923298039705,7,0.48755923298039705,VIIRS DNB,nW/cm2/sr,2024,"{""type"":""MultiPoint"",""coordinates"":[]}"
126_00000000000000000003,BA03050040,,,,,,,74.14,74,836.955797791,TASWIL5000020230907KABKOTA,Buton Tengah,,0.0682810706644,2.98412837401,4326,4,,,Buton Tengah,Sulawesi Tenggara,,0,Buton,,2024-07,0.4843927204306754,7,0.4843927204306754,VIIRS DNB,nW/cm2/sr,2024,"{""type"":""MultiPoint"",""coordinates"":[]}"
126_0000000000000000000c,BA03050040,,,,,,,74.72,74,294.137423231,TASWIL5000020230907KABKOTA,Kota Bau Bau,,0.0240007870008,0.955179337168,4326,5,,,Kota Bau Bau,Sulawesi Tenggara,,0,Buton,,2024-07,1.4960901738179566,7,1.4960901738179566,VIIRS DNB,nW/cm2/sr,2024,"{""type"":""MultiPoint"",""coordinates"":[]}"
126_00000000000000000010,BA03050040,,,,,,,74.07,74,450.455914283,TASWIL5000020230907KABKOTA,Wakatobi,,0.0367648905913,3.71804674371,4326,4,,,Wakatobi,Sulawesi Tenggara,,0,Buton,,2024-07,0.5565536536810551,7,0.5565536536810551,VIIRS DNB,nW/cm2/sr,2024,"{""type"":""MultiPoint"",""coordinates"":[]}"
126_00000000000000000011,BA03050040,,,,,,,74.07,74,0.253355482028,TASWIL5000020230907KABKOTA,Wakatobi,Wilayah terapung,2.06703594498E-5,0.0291924563304,4326,4,,,Wakatobi,Sulawesi Tenggara,,0,Buton,,2024-07,2.564883673837943,7,2.564883673837943,VIIRS DNB,nW/cm2/sr,2024,"{""type"":""MultiPoint"",""coordinates"":[]}"
126_00000000000000000012,BA03050040,,,,,,,74.07,74,4.12006083394,TASWIL5000020230907KABKOTA,Wakatobi,Wilayah terapung,3.36232999688E-4,0.124432278786,4326,4,,,Wakatobi,Sulawesi Tenggara,,0,Buton,,2024-07,0.44631242781701175,7,0.44631242781701175,VIIRS DNB,nW/cm2/sr,2024,"{""type"":""MultiPoint"",""coordinates"":[]}"
126_0000000000000000000a,BA03050040,,,,,,,74.05,74,4237.74051506,TASWIL5000020230907KABKOTA,Konawe Selatan,,0.345208073275,5.59324280043,4326,4,,,Konawe Selatan,Sulawesi Tenggara,,0,Kendari,,2024-07,0.47639923841677,7,0.47639923841677,VIIRS DNB,nW/cm2/sr,2024,"{""type"":""MultiPoint"",""coordinates"":[]}"
126_0000000000000000000d,BA03050040,,,,,,,74.71,74,265.790696582,TASWIL5000020230907KABKOTA,Kota Kendari,,0.0216443348271,1.21929531969,4326,5,,,Kota Kendari,Sulawesi Tenggara,,0,Kendari,,2024-07,5.255272656363759,7,5.255272656363759,VIIRS DNB,nW/cm2/sr,2024,"{""type"":""MultiPoint"",""coordinates"":[]}"
126_00000000000000000006,BA03050040,,,,,,,74.11,74,3992.53107078,TASWIL5000020230907KABKOTA,Kolaka Timur,,0.325055960897,4.62416724675,4326,4,,,Kolaka Timur,Sulawesi Tenggara,,0,Kolaka,,2024-07,0.34347385553543974,7,0.34347385553543974,VIIRS DNB,nW/cm2/sr,2024,"{""type"":""MultiPoint"",""coordinates"":[]}"
126_00000000000000000007,BA03050040,,,,,,,74.08,74,2932.25192061,TASWIL5000020230907KABKOTA,Kolaka Utara,,0.238597308701,3.90865020949,4326,4,,,Kolaka Utara,Sulawesi Tenggara,,0,Kolaka,,2024-07,0.3098601747617581,7,0.3098601747617581,VIIRS DNB,nW/cm2/sr,2024,"{""type"":""MultiPoint"",""coordinates"":[]}"
126_00000000000000000009,BA03050040,,,,,,,74.12,74,705.711010277,TASWIL5000020230907KABKOTA,Konawe Kepulauan,,0.0574768178025,1.17136047971,4326,4,,,Konawe Kepulauan,Sulawesi Tenggara,,0,Konawe,,2024-07,0.07650832793819021,7,0.07650832793819021,VIIRS DNB,nW/cm2/sr,2024,"{""type"":""MultiPoint"",""coordinates"":[]}"
126_0000000000000000000b,BA03050040,,,,,,,74.09,74,4219.81180817,TASWIL5000020230907KABKOTA,Konawe Utara,,0.343408045869,6.15591332033,4326,4,,,Konawe Utara,Sulawesi Tenggara,,0,Konawe,,2024-07,0.44280101701382024,7,0.44280101701382024,VIIRS DNB,nW/cm2/sr,2024,"{""type"":""MultiPoint"",""coordinates"":[]}"
126_00000000000000000004,BA03050040,,,,,,,74.10,74,1755.8292261,TASWIL5000020230907KABKOTA,Buton Utara,,0.143115018242,4.67921811895,4326,4,,,Buton Utara,Sulawesi Tenggara,,0,Muna,,2024-07,0.36314849379416175,7,0.36314849379416175,VIIRS DNB,nW/cm2/sr,2024,"{""type"":""MultiPoint"",""coordinates"":[]}"
126_0000000000000000000f,BA03050040,,,,,,,74.13,74,818.701593571,TASWIL5000020230907KABKOTA,Muna Barat,,0.0667415576998,2.65906981122,4326,4,,,Muna Barat,Sulawesi Tenggara,,0,Muna,,2024-07,0.36080416048003855,7,0.36080416048003855,VIIRS DNB,nW/cm2/sr,2024,"{""type"":""MultiPoint"",""coordinates"":[]}"
126_00000000000000000013,BA03050040,,,,,,,74.13,74,0.273099429049,TASWIL5000020230907KABKOTA,Muna Barat,Wilayah terapung,2.22679841875E-5,0.0295594995644,4326,4,,,Muna Barat,Sulawesi Tenggara,,0,Muna,,2024-07,0.11902527134556201,7,0.11902527134556201,VIIRS DNB,nW/cm2/sr,2024,"{""type"":""MultiPoint"",""coordinates"":[]}"
126_00000000000000000014,BA03050040,,,,,,,74.10,74,0.0480497061255,TASWIL5000020230907KABKOTA,Buton Utara,Wilayah terapung,3.9169026899E-6,0.0168384250334,4326,4,,,Buton Utara,Sulawesi Tenggara,,0,Muna,,2024-07,0.9142856938498362,7,0.9142856938498362,VIIRS DNB,nW/cm2/sr,2024,"{""type"":""MultiPoint"",""coordinates"":[]}"
127_00000000000000000001,BA03050040,,,,,,,74.04,74,1669.32863016,TASWIL5000020230907KABKOTA,Buton,,0.136188299866,3.04087674144,4326,4,,,Buton,Sulawesi Tenggara,,0,,,2024-08,0.3978196173333514,8,0.3978196173333514,VIIRS DNB,nW/cm2/sr,2024,"{""type"":""MultiPoint"",""coordinates"":[]}"
127_00000000000000000005,BA03050040,,,,,,,74.01,74,2958.9208572,TASWIL5000020230907KABKOTA,Kolaka,,0.240980839474,5.39527306777,4326,4,,,Kolaka,Sulawesi Tenggara,,0,,,2024-08,0.5758441465799626,8,0.5758441465799626,VIIRS DNB,nW/cm2/sr,2024,"{""type"":""MultiPoint"",""coordinates"":[]}"
127_00000000000000000008,BA03050040,,,,,,,74.02,74,5351.85263389,TASWIL5000020230907KABKOTA,Konawe,,0.435602118514,6.84601568998,4326,4,,,Konawe,Sulawesi Tenggara,,0,,,2024-08,0.562232914782632,8,0.562232914782632,VIIRS DNB,nW/cm2/sr,2024,"{""type"":""MultiPoint"",""coordinates"":[]}"
127_0000000000000000000e,BA03050040,,,,,,,74.03,74,1858.09481163,TASWIL5000020230907KABKOTA,Muna,,0.151502694674,5.32849464874,4326,4,,,Muna,Sulawesi Tenggara,,0,,,2024-08,0.43920056756841136,8,0.43920056756841136,VIIRS DNB,nW/cm2/sr,2024,"{""type"":""MultiPoint"",""coordinates"":[]}"
127_00000000000000000015,BA03050040,,,,,,,74.03,74,0.17024708351,TASWIL5000020230907KABKOTA,Muna,Wilayah terapung,1.38839187565E-5,0.039960941818,4326,4,,,Muna,Sulawesi Tenggara,,0,,,2024-08,0.40335259306637533,8,0.40335259306637533,VIIRS DNB,nW/cm2/sr,2024,"{""type"":""MultiPoint"",""coordinates"":[]}"
127_00000000000000000016,BA03050040,,,,,,,74.04,74,0.188157250699,TASWIL5000020230907KABKOTA,Buton,Wilayah terapung,1.53526521797E-5,0.0397338812277,4326,4,,,Buton,Sulawesi Tenggara,,0,,,2024-08,1.0610869630523352,8,1.0610869630523352,VIIRS DNB,nW/cm2/sr,2024,"{""type"":""MultiPoint"",""coordinates"":[]}"
127_00000000000000000000,BA03050040,,,,,,,74.06,74,3293.96639913,TASWIL5000020230907KABKOTA,Bombana,,0.268524880662,5.47167246052,4326,4,,,Bombana,Sulawesi Tenggara,,0,Buton,,2024-08,0.39607846026945354,8,0.39607846026945354,VIIRS DNB,nW/cm2/sr,2024,"{""type"":""MultiPoint"",""coordinates"":[]}"
127_00000000000000000002,BA03050040,,,,,,,74.15,74,517.631463505,TASWIL5000020230907KABKOTA,Buton Selatan,,0.042249508051,1.85498741345,4326,4,,,Buton Selatan,Sulawesi Tenggara,,0,Buton,,2024-08,0.4676633296920169,8,0.4676633296920169,VIIRS DNB,nW/cm2/sr,2024,"{""type"":""MultiPoint"",""coordinates"":[]}"
127_00000000000000000003,BA03050040,,,,,,,74.14,74,836.955797791,TASWIL5000020230907KABKOTA,Buton Tengah,,0.0682810706644,2.98412837401,4326,4,,,Buton Tengah,Sulawesi Tenggara,,0,Buton,,2024-08,0.45696742022319164,8,0.45696742022319164,VIIRS DNB,nW/cm2/sr,2024,"{""type"":""MultiPoint"",""coordinates"":[]}"
127_0000000000000000000c,BA03050040,,,,,,,74.72,74,294.137423231,TASWIL5000020230907KABKOTA,Kota Bau Bau,,0.0240007870008,0.955179337168,4326,5,,,Kota Bau Bau,Sulawesi Tenggara,,0,Buton,,2024-08,1.6534939537706737,8,1.6534939537706737,VIIRS DNB,nW/cm2/sr,2024,"{""type"":""MultiPoint"",""coordinates"":[]}"
127_00000000000000000010,BA03050040,,,,,,,74.07,74,450.455914283,TASWIL5000020230907KABKOTA,Wakatobi,,0.0367648905913,3.71804674371,4326,4,,,Wakatobi,Sulawesi Tenggara,,0,Buton,,2024-08,0.5861282358666952,8,0.5861282358666952,VIIRS DNB,nW/cm2/sr,2024,"{""type"":""MultiPoint"",""coordinates"":[]}"
127_00000000000000000011,BA03050040,,,,,,,74.07,74,0.253355482028,TASWIL5000020230907KABKOTA,Wakatobi,Wilayah terapung,2.06703594498E-5,0.0291924563304,4326,4,,,Wakatobi,Sulawesi Tenggara,,0,Buton,,2024-08,2.6724030655021815,8,2.6724030655021815,VIIRS DNB,nW/cm2/sr,2024,"{""type"":""MultiPoint"",""coordinates"":[]}"
127_00000000000000000012,BA03050040,,,,,,,74.07,74,4.12006083394,TASWIL5000020230907KABKOTA,Wakatobi,Wilayah terapung,3.36232999688E-4,0.124432278786,4326,4,,,Wakatobi,Sulawesi Tenggara,,0,Buton,,2024-08,0.47458224739548727,8,0.47458224739548727,VIIRS DNB,nW/cm2/sr,2024,"{""type"":""MultiPoint"",""coordinates"":[]}"
127_0000000000000000000a,BA03050040,,,,,,,74.05,74,4237.74051506,TASWIL5000020230907KABKOTA,Konawe Selatan,,0.345208073275,5.59324280043,4326,4,,,Konawe Selatan,Sulawesi Tenggara,,0,Kendari,,2024-08,0.5066006371269839,8,0.5066006371269839,VIIRS DNB,nW/cm2/sr,2024,"{""type"":""MultiPoint"",""coordinates"":[]}"
127_0000000000000000000d,BA03050040,,,,,,,74.71,74,265.790696582,TASWIL5000020230907KABKOTA,Kota Kendari,,0.0216443348271,1.21929531969,4326,5,,,Kota Kendari,Sulawesi Tenggara,,0,Kendari,,2024-08,5.419962398015331,8,5.419962398015331,VIIRS DNB,nW/cm2/sr,2024,"{""type"":""MultiPoint"",""coordinates"":[]}"
127_00000000000000000006,BA03050040,,,,,,,74.11,74,3992.53107078,TASWIL5000020230907KABKOTA,Kolaka Timur,,0.325055960897,4.62416724675,4326,4,,,Kolaka Timur,Sulawesi Tenggara,,0,Kolaka,,2024-08,0.37038229155454055,8,0.37038229155454055,VIIRS DNB,nW/cm2/sr,2024,"{""type"":""MultiPoint"",""coordinates"":[]}"
127_00000000000000000007,BA03050040,,,,,,,74.08,74,2932.25192061,TASWIL5000020230907KABKOTA,Kolaka Utara,,0.238597308701,3.90865020949,4326,4,,,Kolaka Utara,Sulawesi Tenggara,,0,Kolaka,,2024-08,0.3792742509768872,8,0.3792742509768872,VIIRS DNB,nW/cm2/sr,2024,"{""type"":""MultiPoint"",""coordinates"":[]}"
127_00000000000000000009,BA03050040,,,,,,,74.12,74,705.711010277,TASWIL5000020230907KABKOTA,Konawe Kepulauan,,0.0574768178025,1.17136047971,4326,4,,,Konawe Kepulauan,Sulawesi Tenggara,,0,Konawe,,2024-08,0.42686771426210474,8,0.42686771426210474,VIIRS DNB,nW/cm2/sr,2024,"{""type"":""MultiPoint"",""coordinates"":[]}"
127_0000000000000000000b,BA03050040,,,,,,,74.09,74,4219.81180817,TASWIL5000020230907KABKOTA,Konawe Utara,,0.343408045869,6.15591332033,4326,4,,,Konawe Utara,Sulawesi Tenggara,,0,Konawe,,2024-08,0.44568326898858396,8,0.44568326898858396,VIIRS DNB,nW/cm2/sr,2024,"{""type"":""MultiPoint"",""coordinates"":[]}"
127_00000000000000000004,BA03050040,,,,,,,74.10,74,1755.8292261,TASWIL5000020230907KABKOTA,Buton Utara,,0.143115018242,4.67921811895,4326,4,,,Buton Utara,Sulawesi Tenggara,,0,Muna,,2024-08,0.36761422699296004,8,0.36761422699296004,VIIRS DNB,nW/cm2/sr,2024,"{""type"":""MultiPoint"",""coordinates"":[]}"
127_0000000000000000000f,BA03050040,,,,,,,74.13,74,818.701593571,TASWIL5000020230907KABKOTA,Muna Barat,,0.0667415576998,2.65906981122,4326,4,,,Muna Barat,Sulawesi Tenggara,,0,Muna,,2024-08,0.42722031888138,8,0.42722031888138,VIIRS DNB,nW/cm2/sr,2024,"{""type"":""MultiPoint"",""coordinates"":[]}"
127_00000000000000000013,BA03050040,,,,,,,74.13,74,0.273099429049,TASWIL5000020230907KABKOTA,Muna Barat,Wilayah terapung,2.22679841875E-5,0.0295594995644,4326,4,,,Muna Barat,Sulawesi Tenggara,,0,Muna,,2024-08,0.4037906055200831,8,0.4037906055200831,VIIRS DNB,nW/cm2/sr,2024,"{""type"":""MultiPoint"",""coordinates"":[]}"
127_00000000000000000014,BA03050040,,,,,,,74.10,74,0.0480497061255,TASWIL5000020230907KABKOTA,Buton Utara,Wilayah terapung,3.9169026899E-6,0.0168384250334,4326,4,,,Buton Utara,Sulawesi Tenggara,,0,Muna,,2024-08,0.8471428241048541,8,0.8471428241048541,VIIRS DNB,nW/cm2/sr,2024,"{""type"":""MultiPoint"",""coordinates"":[]}"
128_00000000000000000001,BA03050040,,,,,,,74.04,74,1669.32863016,TASWIL5000020230907KABKOTA,Buton,,0.136188299866,3.04087674144,4326,4,,,Buton,Sulawesi Tenggara,,0,,,2024-09,0.286067465527879,9,0.286067465527879,VIIRS DNB,nW/cm2/sr,2024,"{""type"":""MultiPoint"",""coordinates"":[]}"
128_00000000000000000005,BA03050040,,,,,,,74.01,74,2958.9208572,TASWIL5000020230907KABKOTA,Kolaka,,0.240980839474,5.39527306777,4326,4,,,Kolaka,Sulawesi Tenggara,,0,,,2024-09,0.5165805250474256,9,0.5165805250474256,VIIRS DNB,nW/cm2/sr,2024,"{""type"":""MultiPoint"",""coordinates"":[]}"
128_00000000000000000008,BA03050040,,,,,,,74.02,74,5351.85263389,TASWIL5000020230907KABKOTA,Konawe,,0.435602118514,6.84601568998,4326,4,,,Konawe,Sulawesi Tenggara,,0,,,2024-09,0.468836512305561,9,0.468836512305561,VIIRS DNB,nW/cm2/sr,2024,"{""type"":""MultiPoint"",""coordinates"":[]}"
128_0000000000000000000e,BA03050040,,,,,,,74.03,74,1858.09481163,TASWIL5000020230907KABKOTA,Muna,,0.151502694674,5.32849464874,4326,4,,,Muna,Sulawesi Tenggara,,0,,,2024-09,0.34217050598430954,9,0.34217050598430954,VIIRS DNB,nW/cm2/sr,2024,"{""type"":""MultiPoint"",""coordinates"":[]}"
128_00000000000000000015,BA03050040,,,,,,,74.03,74,0.17024708351,TASWIL5000020230907KABKOTA,Muna,Wilayah terapung,1.38839187565E-5,0.039960941818,4326,4,,,Muna,Sulawesi Tenggara,,0,,,2024-09,0.2554913300137988,9,0.2554913300137988,VIIRS DNB,nW/cm2/sr,2024,"{""type"":""MultiPoint"",""coordinates"":[]}"
128_00000000000000000016,BA03050040,,,,,,,74.04,74,0.188157250699,TASWIL5000020230907KABKOTA,Buton,Wilayah terapung,1.53526521797E-5,0.0397338812277,4326,4,,,Buton,Sulawesi Tenggara,,0,,,2024-09,1.1007608622312548,9,1.1007608622312548,VIIRS DNB,nW/cm2/sr,2024,"{""type"":""MultiPoint"",""coordinates"":[]}"
128_00000000000000000000,BA03050040,,,,,,,74.06,74,3293.96639913,TASWIL5000020230907KABKOTA,Bombana,,0.268524880662,5.47167246052,4326,4,,,Bombana,Sulawesi Tenggara,,0,Buton,,2024-09,0.31646973476773305,9,0.31646973476773305,VIIRS DNB,nW/cm2/sr,2024,"{""type"":""MultiPoint"",""coordinates"":[]}"
128_00000000000000000002,BA03050040,,,,,,,74.15,74,517.631463505,TASWIL5000020230907KABKOTA,Buton Selatan,,0.042249508051,1.85498741345,4326,4,,,Buton Selatan,Sulawesi Tenggara,,0,Buton,,2024-09,0.35430368866317236,9,0.35430368866317236,VIIRS DNB,nW/cm2/sr,2024,"{""type"":""MultiPoint"",""coordinates"":[]}"
128_00000000000000000003,BA03050040,,,,,,,74.14,74,836.955797791,TASWIL5000020230907KABKOTA,Buton Tengah,,0.0682810706644,2.98412837401,4326,4,,,Buton Tengah,Sulawesi Tenggara,,0,Buton,,2024-09,0.3404589588219228,9,0.3404589588219228,VIIRS DNB,nW/cm2/sr,2024,"{""type"":""MultiPoint"",""coordinates"":[]}"
128_0000000000000000000c,BA03050040,,,,,,,74.72,74,294.137423231,TASWIL5000020230907KABKOTA,Kota Bau Bau,,0.0240007870008,0.955179337168,4326,5,,,Kota Bau Bau,Sulawesi Tenggara,,0,Buton,,2024-09,1.4630783703240502,9,1.4630783703240502,VIIRS DNB,nW/cm2/sr,2024,"{""type"":""MultiPoint"",""coordinates"":[]}"
128_00000000000000000010,BA03050040,,,,,,,74.07,74,450.455914283,TASWIL5000020230907KABKOTA,Wakatobi,,0.0367648905913,3.71804674371,4326,4,,,Wakatobi,Sulawesi Tenggara,,0,Buton,,2024-09,0.47206299702097404,9,0.47206299702097404,VIIRS DNB,nW/cm2/sr,2024,"{""type"":""MultiPoint"",""coordinates"":[]}"
128_00000000000000000011,BA03050040,,,,,,,74.07,74,0.253355482028,TASWIL5000020230907KABKOTA,Wakatobi,Wilayah terapung,2.06703594498E-5,0.0291924563304,4326,4,,,Wakatobi,Sulawesi Tenggara,,0,Buton,,2024-09,2.400542638098547,9,2.400542638098547,VIIRS DNB,nW/cm2/sr,2024,"{""type"":""MultiPoint"",""coordinates"":[]}"
128_00000000000000000012,BA03050040,,,,,,,74.07,74,4.12006083394,TASWIL5000020230907KABKOTA,Wakatobi,Wilayah terapung,3.36232999688E-4,0.124432278786,4326,4,,,Wakatobi,Sulawesi Tenggara,,0,Buton,,2024-09,0.34258461653128186,9,0.34258461653128186,VIIRS DNB,nW/cm2/sr,2024,"{""type"":""MultiPoint"",""coordinates"":[]}"
128_0000000000000000000a,BA03050040,,,,,,,74.05,74,4237.74051506,TASWIL5000020230907KABKOTA,Konawe Selatan,,0.345208073275,5.59324280043,4326,4,,,Konawe Selatan,Sulawesi Tenggara,,0,Kendari,,2024-09,0.4079827470310717,9,0.4079827470310717,VIIRS DNB,nW/cm2/sr,2024,"{""type"":""MultiPoint"",""coordinates"":[]}"
128_0000000000000000000d,BA03050040,,,,,,,74.71,74,265.790696582,TASWIL5000020230907KABKOTA,Kota Kendari,,0.0216443348271,1.21929531969,4326,5,,,Kota Kendari,Sulawesi Tenggara,,0,Kendari,,2024-09,5.041101835885129,9,5.041101835885129,VIIRS DNB,nW/cm2/sr,2024,"{""type"":""MultiPoint"",""coordinates"":[]}"
128_00000000000000000006,BA03050040,,,,,,,74.11,74,3992.53107078,TASWIL5000020230907KABKOTA,Kolaka Timur,,0.325055960897,4.62416724675,4326,4,,,Kolaka Timur,Sulawesi Tenggara,,0,Kolaka,,2024-09,0.31252842173072254,9,0.31252842173072254,VIIRS DNB,nW/cm2/sr,2024,"{""type"":""MultiPoint"",""coordinates"":[]}"
128_00000000000000000007,BA03050040,,,,,,,74.08,74,2932.25192061,TASWIL5000020230907KABKOTA,Kolaka Utara,,0.238597308701,3.90865020949,4326,4,,,Kolaka Utara,Sulawesi Tenggara,,0,Kolaka,,2024-09,0.3392748874721484,9,0.3392748874721484,VIIRS DNB,nW/cm2/sr,2024,"{""type"":""MultiPoint"",""coordinates"":[]}"
128_00000000000000000009,BA03050040,,,,,,,74.12,74,705.711010277,TASWIL5000020230907KABKOTA,Konawe Kepulauan,,0.0574768178025,1.17136047971,4326,4,,,Konawe Kepulauan,Sulawesi Tenggara,,0,Konawe,,2024-09,0.3407722518058571,9,0.3407722518058571,VIIRS DNB,nW/cm2/sr,2024,"{""type"":""MultiPoint"",""coordinates"":[]}"
128_0000000000000000000b,BA03050040,,,,,,,74.09,74,4219.81180817,TASWIL5000020230907KABKOTA,Konawe Utara,,0.343408045869,6.15591332033,4326,4,,,Konawe Utara,Sulawesi Tenggara,,0,Konawe,,2024-09,0.39632289067445103,9,0.39632289067445103,VIIRS DNB,nW/cm2/sr,2024,"{""type"":""MultiPoint"",""coordinates"":[]}"
128_00000000000000000004,BA03050040,,,,,,,74.10,74,1755.8292261,TASWIL5000020230907KABKOTA,Buton Utara,,0.143115018242,4.67921811895,4326,4,,,Buton Utara,Sulawesi Tenggara,,0,Muna,,2024-09,0.27444803855384486,9,0.27444803855384486,VIIRS DNB,nW/cm2/sr,2024,"{""type"":""MultiPoint"",""coordinates"":[]}"
128_0000000000000000000f,BA03050040,,,,,,,74.13,74,818.701593571,TASWIL5000020230907KABKOTA,Muna Barat,,0.0667415576998,2.65906981122,4326,4,,,Muna Barat,Sulawesi Tenggara,,0,Muna,,2024-09,0.32141835757012993,9,0.32141835757012993,VIIRS DNB,nW/cm2/sr,2024,"{""type"":""MultiPoint"",""coordinates"":[]}"
128_00000000000000000013,BA03050040,,,,,,,74.13,74,0.273099429049,TASWIL5000020230907KABKOTA,Muna Barat,Wilayah terapung,2.22679841875E-5,0.0295594995644,4326,4,,,Muna Barat,Sulawesi Tenggara,,0,Muna,,2024-09,0.31548735962017344,9,0.31548735962017344,VIIRS DNB,nW/cm2/sr,2024,"{""type"":""MultiPoint"",""coordinates"":[]}"
128_00000000000000000014,BA03050040,,,,,,,74.10,74,0.0480497061255,TASWIL5000020230907KABKOTA,Buton Utara,Wilayah terapung,3.9169026899E-6,0.0168384250334,4326,4,,,Buton Utara,Sulawesi Tenggara,,0,Muna,,2024-09,0.8157142911638533,9,0.8157142911638533,VIIRS DNB,nW/cm2/sr,2024,"{""type"":""MultiPoint"",""coordinates"":[]}"
129_00000000000000000001,BA03050040,,,,,,,74.04,74,1669.32863016,TASWIL5000020230907KABKOTA,Buton,,0.136188299866,3.04087674144,4326,4,,,Buton,Sulawesi Tenggara,,0,,,2024-10,0.32434047227799084,10,0.32434047227799084,VIIRS DNB,nW/cm2/sr,2024,"{""type"":""MultiPoint"",""coordinates"":[]}"
129_00000000000000000005,BA03050040,,,,,,,74.01,74,2958.9208572,TASWIL5000020230907KABKOTA,Kolaka,,0.240980839474,5.39527306777,4326,4,,,Kolaka,Sulawesi Tenggara,,0,,,2024-10,0.5086828881218584,10,0.5086828881218584,VIIRS DNB,nW/cm2/sr,2024,"{""type"":""MultiPoint"",""coordinates"":[]}"
129_00000000000000000008,BA03050040,,,,,,,74.02,74,5351.85263389,TASWIL5000020230907KABKOTA,Konawe,,0.435602118514,6.84601568998,4326,4,,,Konawe,Sulawesi Tenggara,,0,,,2024-10,0.5059120504194877,10,0.5059120504194877,VIIRS DNB,nW/cm2/sr,2024,"{""type"":""MultiPoint"",""coordinates"":[]}"
129_0000000000000000000e,BA03050040,,,,,,,74.03,74,1858.09481163,TASWIL5000020230907KABKOTA,Muna,,0.151502694674,5.32849464874,4326,4,,,Muna,Sulawesi Tenggara,,0,,,2024-10,0.3624584106987367,10,0.3624584106987367,VIIRS DNB,nW/cm2/sr,2024,"{""type"":""MultiPoint"",""coordinates"":[]}"
129_00000000000000000015,BA03050040,,,,,,,74.03,74,0.17024708351,TASWIL5000020230907KABKOTA,Muna,Wilayah terapung,1.38839187565E-5,0.039960941818,4326,4,,,Muna,Sulawesi Tenggara,,0,,,2024-10,0.2812716842042229,10,0.2812716842042229,VIIRS DNB,nW/cm2/sr,2024,"{""type"":""MultiPoint"",""coordinates"":[]}"
129_00000000000000000016,BA03050040,,,,,,,74.04,74,0.188157250699,TASWIL5000020230907KABKOTA,Buton,Wilayah terapung,1.53526521797E-5,0.0397338812277,4326,4,,,Buton,Sulawesi Tenggara,,0,,,2024-10,0.8462500287138898,10,0.8462500287138898,VIIRS DNB,nW/cm2/sr,2024,"{""type"":""MultiPoint"",""coordinates"":[]}"
129_00000000000000000000,BA03050040,,,,,,,74.06,74,3293.96639913,TASWIL5000020230907KABKOTA,Bombana,,0.268524880662,5.47167246052,4326,4,,,Bombana,Sulawesi Tenggara,,0,Buton,,2024-10,0.3355357946210447,10,0.3355357946210447,VIIRS DNB,nW/cm2/sr,2024,"{""type"":""MultiPoint"",""coordinates"":[]}"
129_00000000000000000002,BA03050040,,,,,,,74.15,74,517.631463505,TASWIL5000020230907KABKOTA,Buton Selatan,,0.042249508051,1.85498741345,4326,4,,,Buton Selatan,Sulawesi Tenggara,,0,Buton,,2024-10,0.38997363021041603,10,0.38997363021041603,VIIRS DNB,nW/cm2/sr,2024,"{""type"":""MultiPoint"",""coordinates"":[]}"
129_00000000000000000003,BA03050040,,,,,,,74.14,74,836.955797791,TASWIL5000020230907KABKOTA,Buton Tengah,,0.0682810706644,2.98412837401,4326,4,,,Buton Tengah,Sulawesi Tenggara,,0,Buton,,2024-10,0.37952327493945864,10,0.37952327493945864,VIIRS DNB,nW/cm2/sr,2024,"{""type"":""MultiPoint"",""coordinates"":[]}"
129_0000000000000000000c,BA03050040,,,,,,,74.72,74,294.137423231,TASWIL5000020230907KABKOTA,Kota Bau Bau,,0.0240007870008,0.955179337168,4326,5,,,Kota Bau Bau,Sulawesi Tenggara,,0,Buton,,2024-10,1.4277752455367463,10,1.4277752455367463,VIIRS DNB,nW/cm2/sr,2024,"{""type"":""MultiPoint"",""coordinates"":[]}"
129_00000000000000000010,BA03050040,,,,,,,74.07,74,450.455914283,TASWIL5000020230907KABKOTA,Wakatobi,,0.0367648905913,3.71804674371,4326,4,,,Wakatobi,Sulawesi Tenggara,,0,Buton,,2024-10,0.5017831388328164,10,0.5017831388328164,VIIRS DNB,nW/cm2/sr,2024,"{""type"":""MultiPoint"",""coordinates"":[]}"
129_00000000000000000011,BA03050040,,,,,,,74.07,74,0.253355482028,TASWIL5000020230907KABKOTA,Wakatobi,Wilayah terapung,2.06703594498E-5,0.0291924563304,4326,4,,,Wakatobi,Sulawesi Tenggara,,0,Buton,,2024-10,2.1898061563802322,10,2.1898061563802322,VIIRS DNB,nW/cm2/sr,2024,"{""type"":""MultiPoint"",""coordinates"":[]}"
129_00000000000000000012,BA03050040,,,,,,,74.07,74,4.12006083394,TASWIL5000020230907KABKOTA,Wakatobi,Wilayah terapung,3.36232999688E-4,0.124432278786,4326,4,,,Wakatobi,Sulawesi Tenggara,,0,Buton,,2024-10,0.3920875764316356,10,0.3920875764316356,VIIRS DNB,nW/cm2/sr,2024,"{""type"":""MultiPoint"",""coordinates"":[]}"
129_0000000000000000000a,BA03050040,,,,,,,74.05,74,4237.74051506,TASWIL5000020230907KABKOTA,Konawe Selatan,,0.345208073275,5.59324280043,4326,4,,,Konawe Selatan,Sulawesi Tenggara,,0,Kendari,,2024-10,0.4387185633170359,10,0.4387185633170359,VIIRS DNB,nW/cm2/sr,2024,"{""type"":""MultiPoint"",""coordinates"":[]}"
129_0000000000000000000d,BA03050040,,,,,,,74.71,74,265.790696582,TASWIL5000020230907KABKOTA,Kota Kendari,,0.0216443348271,1.21929531969,4326,5,,,Kota Kendari,Sulawesi Tenggara,,0,Kendari,,2024-10,5.465694498591883,10,5.465694498591883,VIIRS DNB,nW/cm2/sr,2024,"{""type"":""MultiPoint"",""coordinates"":[]}"
129_00000000000000000006,BA03050040,,,,,,,74.11,74,3992.53107078,TASWIL5000020230907KABKOTA,Kolaka Timur,,0.325055960897,4.62416724675,4326,4,,,Kolaka Timur,Sulawesi Tenggara,,0,Kolaka,,2024-10,0.30635881940303356,10,0.30635881940303356,VIIRS DNB,nW/cm2/sr,2024,"{""type"":""MultiPoint"",""coordinates"":[]}"
129_00000000000000000007,BA03050040,,,,,,,74.08,74,2932.25192061,TASWIL5000020230907KABKOTA,Kolaka Utara,,0.238597308701,3.90865020949,4326,4,,,Kolaka Utara,Sulawesi Tenggara,,0,Kolaka,,2024-10,0.31347760768345545,10,0.31347760768345545,VIIRS DNB,nW/cm2/sr,2024,"{""type"":""MultiPoint"",""coordinates"":[]}"
129_00000000000000000009,BA03050040,,,,,,,74.12,74,705.711010277,TASWIL5000020230907KABKOTA,Konawe Kepulauan,,0.0574768178025,1.17136047971,4326,4,,,Konawe Kepulauan,Sulawesi Tenggara,,0,Konawe,,2024-10,0.32597575963900943,10,0.32597575963900943,VIIRS DNB,nW/cm2/sr,2024,"{""type"":""MultiPoint"",""coordinates"":[]}"
129_0000000000000000000b,BA03050040,,,,,,,74.09,74,4219.81180817,TASWIL5000020230907KABKOTA,Konawe Utara,,0.343408045869,6.15591332033,4326,4,,,Konawe Utara,Sulawesi Tenggara,,0,Konawe,,2024-10,0.3885021667869992,10,0.3885021667869992,VIIRS DNB,nW/cm2/sr,2024,"{""type"":""MultiPoint"",""coordinates"":[]}"
129_00000000000000000004,BA03050040,,,,,,,74.10,74,1755.8292261,TASWIL5000020230907KABKOTA,Buton Utara,,0.143115018242,4.67921811895,4326,4,,,Buton Utara,Sulawesi Tenggara,,0,Muna,,2024-10,0.2889267344762303,10,0.2889267344762303,VIIRS DNB,nW/cm2/sr,2024,"{""type"":""MultiPoint"",""coordinates"":[]}"
129_0000000000000000000f,BA03050040,,,,,,,74.13,74,818.701593571,TASWIL5000020230907KABKOTA,Muna Barat,,0.0667415576998,2.65906981122,4326,4,,,Muna Barat,Sulawesi Tenggara,,0,Muna,,2024-10,0.34979264006860206,10,0.34979264006860206,VIIRS DNB,nW/cm2/sr,2024,"{""type"":""MultiPoint"",""coordinates"":[]}"
129_00000000000000000013,BA03050040,,,,,,,74.13,74,0.273099429049,TASWIL5000020230907KABKOTA,Muna Barat,Wilayah terapung,2.22679841875E-5,0.0295594995644,4326,4,,,Muna Barat,Sulawesi Tenggara,,0,Muna,,2024-10,0.29083032577907136,10,0.29083032577907136,VIIRS DNB,nW/cm2/sr,2024,"{""type"":""MultiPoint"",""coordinates"":[]}"
129_00000000000000000014,BA03050040,,,,,,,74.10,74,0.0480497061255,TASWIL5000020230907KABKOTA,Buton Utara,Wilayah terapung,3.9169026899E-6,0.0168384250334,4326,4,,,Buton Utara,Sulawesi Tenggara,,0,Muna,,2024-10,0.6142856989588057,10,0.6142856989588057,VIIRS DNB,nW/cm2/sr,2024,"{""type"":""MultiPoint"",""coordinates"":[]}"
130_00000000000000000001,BA03050040,,,,,,,74.04,74,1669.32863016,TASWIL5000020230907KABKOTA,Buton,,0.136188299866,3.04087674144,4326,4,,,Buton,Sulawesi Tenggara,,0,,,2024-11,0.32851246325767414,11,0.32851246325767414,VIIRS DNB,nW/cm2/sr,2024,"{""type"":""MultiPoint"",""coordinates"":[]}"
130_00000000000000000005,BA03050040,,,,,,,74.01,74,2958.9208572,TASWIL5000020230907KABKOTA,Kolaka,,0.240980839474,5.39527306777,4326,4,,,Kolaka,Sulawesi Tenggara,,0,,,2024-11,0.5253333934715471,11,0.5253333934715471,VIIRS DNB,nW/cm2/sr,2024,"{""type"":""MultiPoint"",""coordinates"":[]}"
130_00000000000000000008,BA03050040,,,,,,,74.02,74,5351.85263389,TASWIL5000020230907KABKOTA,Konawe,,0.435602118514,6.84601568998,4326,4,,,Konawe,Sulawesi Tenggara,,0,,,2024-11,0.44989671264916203,11,0.44989671264916203,VIIRS DNB,nW/cm2/sr,2024,"{""type"":""MultiPoint"",""coordinates"":[]}"
130_0000000000000000000e,BA03050040,,,,,,,74.03,74,1858.09481163,TASWIL5000020230907KABKOTA,Muna,,0.151502694674,5.32849464874,4326,4,,,Muna,Sulawesi Tenggara,,0,,,2024-11,0.35146413867431153,11,0.35146413867431153,VIIRS DNB,nW/cm2/sr,2024,"{""type"":""MultiPoint"",""coordinates"":[]}"
130_00000000000000000015,BA03050040,,,,,,,74.03,74,0.17024708351,TASWIL5000020230907KABKOTA,Muna,Wilayah terapung,1.38839187565E-5,0.039960941818,4326,4,,,Muna,Sulawesi Tenggara,,0,,,2024-11,0.2789017434065052,11,0.2789017434065052,VIIRS DNB,nW/cm2/sr,2024,"{""type"":""MultiPoint"",""coordinates"":[]}"
130_00000000000000000016,BA03050040,,,,,,,74.04,74,0.188157250699,TASWIL5000020230907KABKOTA,Buton,Wilayah terapung,1.53526521797E-5,0.0397338812277,4326,4,,,Buton,Sulawesi Tenggara,,0,,,2024-11,0.9479891061782838,11,0.9479891061782838,VIIRS DNB,nW/cm2/sr,2024,"{""type"":""MultiPoint"",""coordinates"":[]}"
130_00000000000000000000,BA03050040,,,,,,,74.06,74,3293.96639913,TASWIL5000020230907KABKOTA,Bombana,,0.268524880662,5.47167246052,4326,4,,,Bombana,Sulawesi Tenggara,,0,Buton,,2024-11,0.3491332750218368,11,0.3491332750218368,VIIRS DNB,nW/cm2/sr,2024,"{""type"":""MultiPoint"",""coordinates"":[]}"
130_00000000000000000002,BA03050040,,,,,,,74.15,74,517.631463505,TASWIL5000020230907KABKOTA,Buton Selatan,,0.042249508051,1.85498741345,4326,4,,,Buton Selatan,Sulawesi Tenggara,,0,Buton,,2024-11,0.3766503980813461,11,0.3766503980813461,VIIRS DNB,nW/cm2/sr,2024,"{""type"":""MultiPoint"",""coordinates"":[]}"
130_00000000000000000003,BA03050040,,,,,,,74.14,74,836.955797791,TASWIL5000020230907KABKOTA,Buton Tengah,,0.0682810706644,2.98412837401,4326,4,,,Buton Tengah,Sulawesi Tenggara,,0,Buton,,2024-11,0.35349722971859243,11,0.35349722971859243,VIIRS DNB,nW/cm2/sr,2024,"{""type"":""MultiPoint"",""coordinates"":[]}"
130_0000000000000000000c,BA03050040,,,,,,,74.72,74,294.137423231,TASWIL5000020230907KABKOTA,Kota Bau Bau,,0.0240007870008,0.955179337168,4326,5,,,Kota Bau Bau,Sulawesi Tenggara,,0,Buton,,2024-11,1.3931599738969318,11,1.3931599738969318,VIIRS DNB,nW/cm2/sr,2024,"{""type"":""MultiPoint"",""coordinates"":[]}"
130_00000000000000000010,BA03050040,,,,,,,74.07,74,450.455914283,TASWIL5000020230907KABKOTA,Wakatobi,,0.0367648905913,3.71804674371,4326,4,,,Wakatobi,Sulawesi Tenggara,,0,Buton,,2024-11,0.5460884386739573,11,0.5460884386739573,VIIRS DNB,nW/cm2/sr,2024,"{""type"":""MultiPoint"",""coordinates"":[]}"
130_00000000000000000011,BA03050040,,,,,,,74.07,74,0.253355482028,TASWIL5000020230907KABKOTA,Wakatobi,Wilayah terapung,2.06703594498E-5,0.0291924563304,4326,4,,,Wakatobi,Sulawesi Tenggara,,0,Buton,,2024-11,2.067945769128874,11,2.067945769128874,VIIRS DNB,nW/cm2/sr,2024,"{""type"":""MultiPoint"",""coordinates"":[]}"
130_00000000000000000012,BA03050040,,,,,,,74.07,74,4.12006083394,TASWIL5000020230907KABKOTA,Wakatobi,Wilayah terapung,3.36232999688E-4,0.124432278786,4326,4,,,Wakatobi,Sulawesi Tenggara,,0,Buton,,2024-11,0.4060473345722673,11,0.4060473345722673,VIIRS DNB,nW/cm2/sr,2024,"{""type"":""MultiPoint"",""coordinates"":[]}"
130_0000000000000000000a,BA03050040,,,,,,,74.05,74,4237.74051506,TASWIL5000020230907KABKOTA,Konawe Selatan,,0.345208073275,5.59324280043,4326,4,,,Konawe Selatan,Sulawesi Tenggara,,0,Kendari,,2024-11,0.4219503112530536,11,0.4219503112530536,VIIRS DNB,nW/cm2/sr,2024,"{""type"":""MultiPoint"",""coordinates"":[]}"
130_0000000000000000000d,BA03050040,,,,,,,74.71,74,265.790696582,TASWIL5000020230907KABKOTA,Kota Kendari,,0.0216443348271,1.21929531969,4326,5,,,Kota Kendari,Sulawesi Tenggara,,0,Kendari,,2024-11,4.604729208656938,11,4.604729208656938,VIIRS DNB,nW/cm2/sr,2024,"{""type"":""MultiPoint"",""coordinates"":[]}"
130_00000000000000000006,BA03050040,,,,,,,74.11,74,3992.53107078,TASWIL5000020230907KABKOTA,Kolaka Timur,,0.325055960897,4.62416724675,4326,4,,,Kolaka Timur,Sulawesi Tenggara,,0,Kolaka,,2024-11,0.312173194772916,11,0.312173194772916,VIIRS DNB,nW/cm2/sr,2024,"{""type"":""MultiPoint"",""coordinates"":[]}"
130_00000000000000000007,BA03050040,,,,,,,74.08,74,2932.25192061,TASWIL5000020230907KABKOTA,Kolaka Utara,,0.238597308701,3.90865020949,4326,4,,,Kolaka Utara,Sulawesi Tenggara,,0,Kolaka,,2024-11,0.275707896671011,11,0.275707896671011,VIIRS DNB,nW/cm2/sr,2024,"{""type"":""MultiPoint"",""coordinates"":[]}"
130_00000000000000000009,BA03050040,,,,,,,74.12,74,705.711010277,TASWIL5000020230907KABKOTA,Konawe Kepulauan,,0.0574768178025,1.17136047971,4326,4,,,Konawe Kepulauan,Sulawesi Tenggara,,0,Konawe,,2024-11,0.31486003394892315,11,0.31486003394892315,VIIRS DNB,nW/cm2/sr,2024,"{""type"":""MultiPoint"",""coordinates"":[]}"
130_0000000000000000000b,BA03050040,,,,,,,74.09,74,4219.81180817,TASWIL5000020230907KABKOTA,Konawe Utara,,0.343408045869,6.15591332033,4326,4,,,Konawe Utara,Sulawesi Tenggara,,0,Konawe,,2024-11,0.35895769974427677,11,0.35895769974427677,VIIRS DNB,nW/cm2/sr,2024,"{""type"":""MultiPoint"",""coordinates"":[]}"
130_00000000000000000004,BA03050040,,,,,,,74.10,74,1755.8292261,TASWIL5000020230907KABKOTA,Buton Utara,,0.143115018242,4.67921811895,4326,4,,,Buton Utara,Sulawesi Tenggara,,0,Muna,,2024-11,0.2744976945249609,11,0.2744976945249609,VIIRS DNB,nW/cm2/sr,2024,"{""type"":""MultiPoint"",""coordinates"":[]}"
130_0000000000000000000f,BA03050040,,,,,,,74.13,74,818.701593571,TASWIL5000020230907KABKOTA,Muna Barat,,0.0667415576998,2.65906981122,4326,4,,,Muna Barat,Sulawesi Tenggara,,0,Muna,,2024-11,0.3400183909484168,11,0.3400183909484168,VIIRS DNB,nW/cm2/sr,2024,"{""type"":""MultiPoint"",""coordinates"":[]}"
130_00000000000000000013,BA03050040,,,,,,,74.13,74,0.273099429049,TASWIL5000020230907KABKOTA,Muna Barat,Wilayah terapung,2.22679841875E-5,0.0295594995644,4326,4,,,Muna Barat,Sulawesi Tenggara,,0,Muna,,2024-11,0.2712996380423811,11,0.2712996380423811,VIIRS DNB,nW/cm2/sr,2024,"{""type"":""MultiPoint"",""coordinates"":[]}"
130_00000000000000000014,BA03050040,,,,,,,74.10,74,0.0480497061255,TASWIL5000020230907KABKOTA,Buton Utara,Wilayah terapung,3.9169026899E-6,0.0168384250334,4326,4,,,Buton Utara,Sulawesi Tenggara,,0,Muna,,2024-11,0.5,11,0.5,VIIRS DNB,nW/cm2/sr,2024,"{""type"":""MultiPoint"",""coordinates"":[]}"
131_00000000000000000001,BA03050040,,,,,,,74.04,74,1669.32863016,TASWIL5000020230907KABKOTA,Buton,,0.136188299866,3.04087674144,4326,4,,,Buton,Sulawesi Tenggara,,0,,,2024-12,0.004758094456116114,12,0.004758094456116114,VIIRS DNB,nW/cm2/sr,2024,"{""type"":""MultiPoint"",""coordinates"":[]}"
131_00000000000000000005,BA03050040,,,,,,,74.01,74,2958.9208572,TASWIL5000020230907KABKOTA,Kolaka,,0.240980839474,5.39527306777,4326,4,,,Kolaka,Sulawesi Tenggara,,0,,,2024-12,0.015272780748972535,12,0.015272780748972535,VIIRS DNB,nW/cm2/sr,2024,"{""type"":""MultiPoint"",""coordinates"":[]}"
131_00000000000000000008,BA03050040,,,,,,,74.02,74,5351.85263389,TASWIL5000020230907KABKOTA,Konawe,,0.435602118514,6.84601568998,4326,4,,,Konawe,Sulawesi Tenggara,,0,,,2024-12,0.033710569828858526,12,0.033710569828858526,VIIRS DNB,nW/cm2/sr,2024,"{""type"":""MultiPoint"",""coordinates"":[]}"
131_0000000000000000000e,BA03050040,,,,,,,74.03,74,1858.09481163,TASWIL5000020230907KABKOTA,Muna,,0.151502694674,5.32849464874,4326,4,,,Muna,Sulawesi Tenggara,,0,,,2024-12,0.09353885696991264,12,0.09353885696991264,VIIRS DNB,nW/cm2/sr,2024,"{""type"":""MultiPoint"",""coordinates"":[]}"
131_00000000000000000015,BA03050040,,,,,,,74.03,74,0.17024708351,TASWIL5000020230907KABKOTA,Muna,Wilayah terapung,1.38839187565E-5,0.039960941818,4326,4,,,Muna,Sulawesi Tenggara,,0,,,2024-12,0.0,12,0.0,VIIRS DNB,nW/cm2/sr,2024,"{""type"":""MultiPoint"",""coordinates"":[]}"
131_00000000000000000016,BA03050040,,,,,,,74.04,74,0.188157250699,TASWIL5000020230907KABKOTA,Buton,Wilayah terapung,1.53526521797E-5,0.0397338812277,4326,4,,,Buton,Sulawesi Tenggara,,0,,,2024-12,0.0,12,0.0,VIIRS DNB,nW/cm2/sr,2024,"{""type"":""MultiPoint"",""coordinates"":[]}"
131_00000000000000000000,BA03050040,,,,,,,74.06,74,3293.96639913,TASWIL5000020230907KABKOTA,Bombana,,0.268524880662,5.47167246052,4326,4,,,Bombana,Sulawesi Tenggara,,0,Buton,,2024-12,0.058375371760949576,12,0.058375371760949576,VIIRS DNB,nW/cm2/sr,2024,"{""type"":""MultiPoint"",""coordinates"":[]}"
131_00000000000000000002,BA03050040,,,,,,,74.15,74,517.631463505,TASWIL5000020230907KABKOTA,Buton Selatan,,0.042249508051,1.85498741345,4326,4,,,Buton Selatan,Sulawesi Tenggara,,0,Buton,,2024-12,0.03810937659065288,12,0.03810937659065288,VIIRS DNB,nW/cm2/sr,2024,"{""type"":""MultiPoint"",""coordinates"":[]}"
131_00000000000000000003,BA03050040,,,,,,,74.14,74,836.955797791,TASWIL5000020230907KABKOTA,Buton Tengah,,0.0682810706644,2.98412837401,4326,4,,,Buton Tengah,Sulawesi Tenggara,,0,Buton,,2024-12,4.5359302304493994E-4,12,4.5359302304493994E-4,VIIRS DNB,nW/cm2/sr,2024,"{""type"":""MultiPoint"",""coordinates"":[]}"
131_0000000000000000000c,BA03050040,,,,,,,74.72,74,294.137423231,TASWIL5000020230907KABKOTA,Kota Bau Bau,,0.0240007870008,0.955179337168,4326,5,,,Kota Bau Bau,Sulawesi Tenggara,,0,Buton,,2024-12,0.005855938397362938,12,0.005855938397362938,VIIRS DNB,nW/cm2/sr,2024,"{""type"":""MultiPoint"",""coordinates"":[]}"
131_00000000000000000010,BA03050040,,,,,,,74.07,74,450.455914283,TASWIL5000020230907KABKOTA,Wakatobi,,0.0367648905913,3.71804674371,4326,4,,,Wakatobi,Sulawesi Tenggara,,0,Buton,,2024-12,0.013598216021132098,12,0.013598216021132098,VIIRS DNB,nW/cm2/sr,2024,"{""type"":""MultiPoint"",""coordinates"":[]}"
131_00000000000000000011,BA03050040,,,,,,,74.07,74,0.253355482028,TASWIL5000020230907KABKOTA,Wakatobi,Wilayah terapung,2.06703594498E-5,0.0291924563304,4326,4,,,Wakatobi,Sulawesi Tenggara,,0,Buton,,2024-12,0.0,12,0.0,VIIRS DNB,nW/cm2/sr,2024,"{""type"":""MultiPoint"",""coordinates"":[]}"
131_00000000000000000012,BA03050040,,,,,,,74.07,74,4.12006083394,TASWIL5000020230907KABKOTA,Wakatobi,Wilayah terapung,3.36232999688E-4,0.124432278786,4326,4,,,Wakatobi,Sulawesi Tenggara,,0,Buton,,2024-12,0.0,12,0.0,VIIRS DNB,nW/cm2/sr,2024,"{""type"":""MultiPoint"",""coordinates"":[]}"
131_0000000000000000000a,BA03050040,,,,,,,74.05,74,4237.74051506,TASWIL5000020230907KABKOTA,Konawe Selatan,,0.345208073275,5.59324280043,4326,4,,,Konawe Selatan,Sulawesi Tenggara,,0,Kendari,,2024-12,0.03310022323390724,12,0.03310022323390724,VIIRS DNB,nW/cm2/sr,2024,"{""type"":""MultiPoint"",""coordinates"":[]}"
131_0000000000000000000d,BA03050040,,,,,,,74.71,74,265.790696582,TASWIL5000020230907KABKOTA,Kota Kendari,,0.0216443348271,1.21929531969,4326,5,,,Kota Kendari,Sulawesi Tenggara,,0,Kendari,,2024-12,0.017679608713109207,12,0.017679608713109207,VIIRS DNB,nW/cm2/sr,2024,"{""type"":""MultiPoint"",""coordinates"":[]}"
131_00000000000000000006,BA03050040,,,,,,,74.11,74,3992.53107078,TASWIL5000020230907KABKOTA,Kolaka Timur,,0.325055960897,4.62416724675,4326,4,,,Kolaka Timur,Sulawesi Tenggara,,0,Kolaka,,2024-12,0.00718628738855492,12,0.00718628738855492,VIIRS DNB,nW/cm2/sr,2024,"{""type"":""MultiPoint"",""coordinates"":[]}"
131_00000000000000000007,BA03050040,,,,,,,74.08,74,2932.25192061,TASWIL5000020230907KABKOTA,Kolaka Utara,,0.238597308701,3.90865020949,4326,4,,,Kolaka Utara,Sulawesi Tenggara,,0,Kolaka,,2024-12,0.0,12,0.0,VIIRS DNB,nW/cm2/sr,2024,"{""type"":""MultiPoint"",""coordinates"":[]}"
131_00000000000000000009,BA03050040,,,,,,,74.12,74,705.711010277,TASWIL5000020230907KABKOTA,Konawe Kepulauan,,0.0574768178025,1.17136047971,4326,4,,,Konawe Kepulauan,Sulawesi Tenggara,,0,Konawe,,2024-12,0.0029380144985481954,12,0.0029380144985481954,VIIRS DNB,nW/cm2/sr,2024,"{""type"":""MultiPoint"",""coordinates"":[]}"
131_0000000000000000000b,BA03050040,,,,,,,74.09,74,4219.81180817,TASWIL5000020230907KABKOTA,Konawe Utara,,0.343408045869,6.15591332033,4326,4,,,Konawe Utara,Sulawesi Tenggara,,0,Konawe,,2024-12,0.0,12,0.0,VIIRS DNB,nW/cm2/sr,2024,"{""type"":""MultiPoint"",""coordinates"":[]}"
131_00000000000000000004,BA03050040,,,,,,,74.10,74,1755.8292261,TASWIL5000020230907KABKOTA,Buton Utara,,0.143115018242,4.67921811895,4326,4,,,Buton Utara,Sulawesi Tenggara,,0,Muna,,2024-12,0.03532598236589368,12,0.03532598236589368,VIIRS DNB,nW/cm2/sr,2024,"{""type"":""MultiPoint"",""coordinates"":[]}"
131_0000000000000000000f,BA03050040,,,,,,,74.13,74,818.701593571,TASWIL5000020230907KABKOTA,Muna Barat,,0.0667415576998,2.65906981122,4326,4,,,Muna Barat,Sulawesi Tenggara,,0,Muna,,2024-12,0.15881423561147198,12,0.15881423561147198,VIIRS DNB,nW/cm2/sr,2024,"{""type"":""MultiPoint"",""coordinates"":[]}"
131_00000000000000000013,BA03050040,,,,,,,74.13,74,0.273099429049,TASWIL5000020230907KABKOTA,Muna Barat,Wilayah terapung,2.22679841875E-5,0.0295594995644,4326,4,,,Muna Barat,Sulawesi Tenggara,,0,Muna,,2024-12,0.0031768952896448674,12,0.0031768952896448674,VIIRS DNB,nW/cm2/sr,2024,"{""type"":""MultiPoint"",""coordinates"":[]}"
131_00000000000000000014,BA03050040,,,,,,,74.10,74,0.0480497061255,TASWIL5000020230907KABKOTA,Buton Utara,Wilayah terapung,3.9169026899E-6,0.0168384250334,4326,4,,,Buton Utara,Sulawesi Tenggara,,0,Muna,,2024-12,0.0,12,0.0,VIIRS DNB,nW/cm2/sr,2024,"{""type"":""MultiPoint"",""coordinates"":[]}"
132_00000000000000000001,BA03050040,,,,,,,74.04,74,1669.32863016,TASWIL5000020230907KABKOTA,Buton,,0.136188299866,3.04087674144,4326,4,,,Buton,Sulawesi Tenggara,,0,,,2025-01,0.274227762222299,1,0.274227762222299,VIIRS DNB,nW/cm2/sr,2025,"{""type"":""MultiPoint"",""coordinates"":[]}"
132_00000000000000000005,BA03050040,,,,,,,74.01,74,2958.9208572,TASWIL5000020230907KABKOTA,Kolaka,,0.240980839474,5.39527306777,4326,4,,,Kolaka,Sulawesi Tenggara,,0,,,2025-01,0.028899512613249686,1,0.028899512613249686,VIIRS DNB,nW/cm2/sr,2025,"{""type"":""MultiPoint"",""coordinates"":[]}"
132_00000000000000000008,BA03050040,,,,,,,74.02,74,5351.85263389,TASWIL5000020230907KABKOTA,Konawe,,0.435602118514,6.84601568998,4326,4,,,Konawe,Sulawesi Tenggara,,0,,,2025-01,0.048639936255197906,1,0.048639936255197906,VIIRS DNB,nW/cm2/sr,2025,"{""type"":""MultiPoint"",""coordinates"":[]}"
132_0000000000000000000e,BA03050040,,,,,,,74.03,74,1858.09481163,TASWIL5000020230907KABKOTA,Muna,,0.151502694674,5.32849464874,4326,4,,,Muna,Sulawesi Tenggara,,0,,,2025-01,0.3163184545563118,1,0.3163184545563118,VIIRS DNB,nW/cm2/sr,2025,"{""type"":""MultiPoint"",""coordinates"":[]}"
132_00000000000000000015,BA03050040,,,,,,,74.03,74,0.17024708351,TASWIL5000020230907KABKOTA,Muna,Wilayah terapung,1.38839187565E-5,0.039960941818,4326,4,,,Muna,Sulawesi Tenggara,,0,,,2025-01,0.3571676301818362,1,0.3571676301818362,VIIRS DNB,nW/cm2/sr,2025,"{""type"":""MultiPoint"",""coordinates"":[]}"
132_00000000000000000016,BA03050040,,,,,,,74.04,74,0.188157250699,TASWIL5000020230907KABKOTA,Buton,Wilayah terapung,1.53526521797E-5,0.0397338812277,4326,4,,,Buton,Sulawesi Tenggara,,0,,,2025-01,0.6193478107452393,1,0.6193478107452393,VIIRS DNB,nW/cm2/sr,2025,"{""type"":""MultiPoint"",""coordinates"":[]}"
132_00000000000000000000,BA03050040,,,,,,,74.06,74,3293.96639913,TASWIL5000020230907KABKOTA,Bombana,,0.268524880662,5.47167246052,4326,4,,,Bombana,Sulawesi Tenggara,,0,Buton,,2025-01,0.13404145916905919,1,0.13404145916905919,VIIRS DNB,nW/cm2/sr,2025,"{""type"":""MultiPoint"",""coordinates"":[]}"
132_00000000000000000002,BA03050040,,,,,,,74.15,74,517.631463505,TASWIL5000020230907KABKOTA,Buton Selatan,,0.042249508051,1.85498741345,4326,4,,,Buton Selatan,Sulawesi Tenggara,,0,Buton,,2025-01,0.10376843629389192,1,0.10376843629389192,VIIRS DNB,nW/cm2/sr,2025,"{""type"":""MultiPoint"",""coordinates"":[]}"
132_00000000000000000003,BA03050040,,,,,,,74.14,74,836.955797791,TASWIL5000020230907KABKOTA,Buton Tengah,,0.0682810706644,2.98412837401,4326,4,,,Buton Tengah,Sulawesi Tenggara,,0,Buton,,2025-01,0.37139974278335847,1,0.37139974278335847,VIIRS DNB,nW/cm2/sr,2025,"{""type"":""MultiPoint"",""coordinates"":[]}"
132_0000000000000000000c,BA03050040,,,,,,,74.72,74,294.137423231,TASWIL5000020230907KABKOTA,Kota Bau Bau,,0.0240007870008,0.955179337168,4326,5,,,Kota Bau Bau,Sulawesi Tenggara,,0,Buton,,2025-01,0.18383221129980565,1,0.18383221129980565,VIIRS DNB,nW/cm2/sr,2025,"{""type"":""MultiPoint"",""coordinates"":[]}"
132_00000000000000000010,BA03050040,,,,,,,74.07,74,450.455914283,TASWIL5000020230907KABKOTA,Wakatobi,,0.0367648905913,3.71804674371,4326,4,,,Wakatobi,Sulawesi Tenggara,,0,Buton,,2025-01,0.4402025849257199,1,0.4402025849257199,VIIRS DNB,nW/cm2/sr,2025,"{""type"":""MultiPoint"",""coordinates"":[]}"
132_00000000000000000011,BA03050040,,,,,,,74.07,74,0.253355482028,TASWIL5000020230907KABKOTA,Wakatobi,Wilayah terapung,2.06703594498E-5,0.0291924563304,4326,4,,,Wakatobi,Sulawesi Tenggara,,0,Buton,,2025-01,2.9202326443768287,1,2.9202326443768287,VIIRS DNB,nW/cm2/sr,2025,"{""type"":""MultiPoint"",""coordinates"":[]}"
132_00000000000000000012,BA03050040,,,,,,,74.07,74,4.12006083394,TASWIL5000020230907KABKOTA,Wakatobi,Wilayah terapung,3.36232999688E-4,0.124432278786,4326,4,,,Wakatobi,Sulawesi Tenggara,,0,Buton,,2025-01,0.414156209949911,1,0.414156209949911,VIIRS DNB,nW/cm2/sr,2025,"{""type"":""MultiPoint"",""coordinates"":[]}"
132_0000000000000000000a,BA03050040,,,,,,,74.05,74,4237.74051506,TASWIL5000020230907KABKOTA,Konawe Selatan,,0.345208073275,5.59324280043,4326,4,,,Konawe Selatan,Sulawesi Tenggara,,0,Kendari,,2025-01,0.0165888357492523,1,0.0165888357492523,VIIRS DNB,nW/cm2/sr,2025,"{""type"":""MultiPoint"",""coordinates"":[]}"
132_0000000000000000000d,BA03050040,,,,,,,74.71,74,265.790696582,TASWIL5000020230907KABKOTA,Kota Kendari,,0.0216443348271,1.21929531969,4326,5,,,Kota Kendari,Sulawesi Tenggara,,0,Kendari,,2025-01,0.0046142793775312075,1,0.0046142793775312075,VIIRS DNB,nW/cm2/sr,2025,"{""type"":""MultiPoint"",""coordinates"":[]}"
132_00000000000000000006,BA03050040,,,,,,,74.11,74,3992.53107078,TASWIL5000020230907KABKOTA,Kolaka Timur,,0.325055960897,4.62416724675,4326,4,,,Kolaka Timur,Sulawesi Tenggara,,0,Kolaka,,2025-01,0.0324917156443594,1,0.0324917156443594,VIIRS DNB,nW/cm2/sr,2025,"{""type"":""MultiPoint"",""coordinates"":[]}"
132_00000000000000000007,BA03050040,,,,,,,74.08,74,2932.25192061,TASWIL5000020230907KABKOTA,Kolaka Utara,,0.238597308701,3.90865020949,4326,4,,,Kolaka Utara,Sulawesi Tenggara,,0,Kolaka,,2025-01,0.015402802525457449,1,0.015402802525457449,VIIRS DNB,nW/cm2/sr,2025,"{""type"":""MultiPoint"",""coordinates"":[]}"
132_00000000000000000009,BA03050040,,,,,,,74.12,74,705.711010277,TASWIL5000020230907KABKOTA,Konawe Kepulauan,,0.0574768178025,1.17136047971,4326,4,,,Konawe Kepulauan,Sulawesi Tenggara,,0,Konawe,,2025-01,0.0,1,0.0,VIIRS DNB,nW/cm2/sr,2025,"{""type"":""MultiPoint"",""coordinates"":[]}"
132_0000000000000000000b,BA03050040,,,,,,,74.09,74,4219.81180817,TASWIL5000020230907KABKOTA,Konawe Utara,,0.343408045869,6.15591332033,4326,4,,,Konawe Utara,Sulawesi Tenggara,,0,Konawe,,2025-01,0.03179354568340601,1,0.03179354568340601,VIIRS DNB,nW/cm2/sr,2025,"{""type"":""MultiPoint"",""coordinates"":[]}"
132_00000000000000000004,BA03050040,,,,,,,74.10,74,1755.8292261,TASWIL5000020230907KABKOTA,Buton Utara,,0.143115018242,4.67921811895,4326,4,,,Buton Utara,Sulawesi Tenggara,,0,Muna,,2025-01,0.16096935261191758,1,0.16096935261191758,VIIRS DNB,nW/cm2/sr,2025,"{""type"":""MultiPoint"",""coordinates"":[]}"
132_0000000000000000000f,BA03050040,,,,,,,74.13,74,818.701593571,TASWIL5000020230907KABKOTA,Muna Barat,,0.0667415576998,2.65906981122,4326,4,,,Muna Barat,Sulawesi Tenggara,,0,Muna,,2025-01,0.33616715402276626,1,0.33616715402276626,VIIRS DNB,nW/cm2/sr,2025,"{""type"":""MultiPoint"",""coordinates"":[]}"
132_00000000000000000013,BA03050040,,,,,,,74.13,74,0.273099429049,TASWIL5000020230907KABKOTA,Muna Barat,Wilayah terapung,2.22679841875E-5,0.0295594995644,4326,4,,,Muna Barat,Sulawesi Tenggara,,0,Muna,,2025-01,0.3990252703320679,1,0.3990252703320679,VIIRS DNB,nW/cm2/sr,2025,"{""type"":""MultiPoint"",""coordinates"":[]}"
132_00000000000000000014,BA03050040,,,,,,,74.10,74,0.0480497061255,TASWIL5000020230907KABKOTA,Buton Utara,Wilayah terapung,3.9169026899E-6,0.0168384250334,4326,4,,,Buton Utara,Sulawesi Tenggara,,0,Muna,,2025-01,0.0,1,0.0,VIIRS DNB,nW/cm2/sr,2025,"{""type"":""MultiPoint"",""coordinates"":[]}"
133_00000000000000000001,BA03050040,,,,,,,74.04,74,1669.32863016,TASWIL5000020230907KABKOTA,Buton,,0.136188299866,3.04087674144,4326,4,,,Buton,Sulawesi Tenggara,,0,,,2025-02,0.09651431869611549,2,0.09651431869611549,VIIRS DNB,nW/cm2/sr,2025,"{""type"":""MultiPoint"",""coordinates"":[]}"
133_00000000000000000005,BA03050040,,,,,,,74.01,74,2958.9208572,TASWIL5000020230907KABKOTA,Kolaka,,0.240980839474,5.39527306777,4326,4,,,Kolaka,Sulawesi Tenggara,,0,,,2025-02,0.029678857661365098,2,0.029678857661365098,VIIRS DNB,nW/cm2/sr,2025,"{""type"":""MultiPoint"",""coordinates"":[]}"
133_00000000000000000008,BA03050040,,,,,,,74.02,74,5351.85263389,TASWIL5000020230907KABKOTA,Konawe,,0.435602118514,6.84601568998,4326,4,,,Konawe,Sulawesi Tenggara,,0,,,2025-02,0.007172520396033729,2,0.007172520396033729,VIIRS DNB,nW/cm2/sr,2025,"{""type"":""MultiPoint"",""coordinates"":[]}"
133_0000000000000000000e,BA03050040,,,,,,,74.03,74,1858.09481163,TASWIL5000020230907KABKOTA,Muna,,0.151502694674,5.32849464874,4326,4,,,Muna,Sulawesi Tenggara,,0,,,2025-02,0.07234183373996006,2,0.07234183373996006,VIIRS DNB,nW/cm2/sr,2025,"{""type"":""MultiPoint"",""coordinates"":[]}"
133_00000000000000000015,BA03050040,,,,,,,74.03,74,0.17024708351,TASWIL5000020230907KABKOTA,Muna,Wilayah terapung,1.38839187565E-5,0.039960941818,4326,4,,,Muna,Sulawesi Tenggara,,0,,,2025-02,0.0,2,0.0,VIIRS DNB,nW/cm2/sr,2025,"{""type"":""MultiPoint"",""coordinates"":[]}"
133_00000000000000000016,BA03050040,,,,,,,74.04,74,0.188157250699,TASWIL5000020230907KABKOTA,Buton,Wilayah terapung,1.53526521797E-5,0.0397338812277,4326,4,,,Buton,Sulawesi Tenggara,,0,,,2025-02,0.8744021686522857,2,0.8744021686522857,VIIRS DNB,nW/cm2/sr,2025,"{""type"":""MultiPoint"",""coordinates"":[]}"
133_00000000000000000000,BA03050040,,,,,,,74.06,74,3293.96639913,TASWIL5000020230907KABKOTA,Bombana,,0.268524880662,5.47167246052,4326,4,,,Bombana,Sulawesi Tenggara,,0,Buton,,2025-02,0.1689561559947869,2,0.1689561559947869,VIIRS DNB,nW/cm2/sr,2025,"{""type"":""MultiPoint"",""coordinates"":[]}"
133_00000000000000000002,BA03050040,,,,,,,74.15,74,517.631463505,TASWIL5000020230907KABKOTA,Buton Selatan,,0.042249508051,1.85498741345,4326,4,,,Buton Selatan,Sulawesi Tenggara,,0,Buton,,2025-02,0.26009918831152296,2,0.26009918831152296,VIIRS DNB,nW/cm2/sr,2025,"{""type"":""MultiPoint"",""coordinates"":[]}"
133_00000000000000000003,BA03050040,,,,,,,74.14,74,836.955797791,TASWIL5000020230907KABKOTA,Buton Tengah,,0.0682810706644,2.98412837401,4326,4,,,Buton Tengah,Sulawesi Tenggara,,0,Buton,,2025-02,0.11332764329538145,2,0.11332764329538145,VIIRS DNB,nW/cm2/sr,2025,"{""type"":""MultiPoint"",""coordinates"":[]}"
133_0000000000000000000c,BA03050040,,,,,,,74.72,74,294.137423231,TASWIL5000020230907KABKOTA,Kota Bau Bau,,0.0240007870008,0.955179337168,4326,5,,,Kota Bau Bau,Sulawesi Tenggara,,0,Buton,,2025-02,0.42546812345765467,2,0.42546812345765467,VIIRS DNB,nW/cm2/sr,2025,"{""type"":""MultiPoint"",""coordinates"":[]}"
133_00000000000000000010,BA03050040,,,,,,,74.07,74,450.455914283,TASWIL5000020230907KABKOTA,Wakatobi,,0.0367648905913,3.71804674371,4326,4,,,Wakatobi,Sulawesi Tenggara,,0,Buton,,2025-02,0.43338163102949545,2,0.43338163102949545,VIIRS DNB,nW/cm2/sr,2025,"{""type"":""MultiPoint"",""coordinates"":[]}"
133_00000000000000000011,BA03050040,,,,,,,74.07,74,0.253355482028,TASWIL5000020230907KABKOTA,Wakatobi,Wilayah terapung,2.06703594498E-5,0.0291924563304,4326,4,,,Wakatobi,Sulawesi Tenggara,,0,Buton,,2025-02,1.3289922369542972,2,1.3289922369542972,VIIRS DNB,nW/cm2/sr,2025,"{""type"":""MultiPoint"",""coordinates"":[]}"
133_00000000000000000012,BA03050040,,,,,,,74.07,74,4.12006083394,TASWIL5000020230907KABKOTA,Wakatobi,Wilayah terapung,3.36232999688E-4,0.124432278786,4326,4,,,Wakatobi,Sulawesi Tenggara,,0,Buton,,2025-02,0.3373017702758665,2,0.3373017702758665,VIIRS DNB,nW/cm2/sr,2025,"{""type"":""MultiPoint"",""coordinates"":[]}"
133_0000000000000000000a,BA03050040,,,,,,,74.05,74,4237.74051506,TASWIL5000020230907KABKOTA,Konawe Selatan,,0.345208073275,5.59324280043,4326,4,,,Konawe Selatan,Sulawesi Tenggara,,0,Kendari,,2025-02,0.07494348305965176,2,0.07494348305965176,VIIRS DNB,nW/cm2/sr,2025,"{""type"":""MultiPoint"",""coordinates"":[]}"
133_0000000000000000000d,BA03050040,,,,,,,74.71,74,265.790696582,TASWIL5000020230907KABKOTA,Kota Kendari,,0.0216443348271,1.21929531969,4326,5,,,Kota Kendari,Sulawesi Tenggara,,0,Kendari,,2025-02,0.0,2,0.0,VIIRS DNB,nW/cm2/sr,2025,"{""type"":""MultiPoint"",""coordinates"":[]}"
133_00000000000000000006,BA03050040,,,,,,,74.11,74,3992.53107078,TASWIL5000020230907KABKOTA,Kolaka Timur,,0.325055960897,4.62416724675,4326,4,,,Kolaka Timur,Sulawesi Tenggara,,0,Kolaka,,2025-02,0.039081249376815994,2,0.039081249376815994,VIIRS DNB,nW/cm2/sr,2025,"{""type"":""MultiPoint"",""coordinates"":[]}"
133_00000000000000000007,BA03050040,,,,,,,74.08,74,2932.25192061,TASWIL5000020230907KABKOTA,Kolaka Utara,,0.238597308701,3.90865020949,4326,4,,,Kolaka Utara,Sulawesi Tenggara,,0,Kolaka,,2025-02,0.016473861078048747,2,0.016473861078048747,VIIRS DNB,nW/cm2/sr,2025,"{""type"":""MultiPoint"",""coordinates"":[]}"
133_00000000000000000009,BA03050040,,,,,,,74.12,74,705.711010277,TASWIL5000020230907KABKOTA,Konawe Kepulauan,,0.0574768178025,1.17136047971,4326,4,,,Konawe Kepulauan,Sulawesi Tenggara,,0,Konawe,,2025-02,1.1134818014765319E-4,2,1.1134818014765319E-4,VIIRS DNB,nW/cm2/sr,2025,"{""type"":""MultiPoint"",""coordinates"":[]}"
133_0000000000000000000b,BA03050040,,,,,,,74.09,74,4219.81180817,TASWIL5000020230907KABKOTA,Konawe Utara,,0.343408045869,6.15591332033,4326,4,,,Konawe Utara,Sulawesi Tenggara,,0,Konawe,,2025-02,0.002337234669731153,2,0.002337234669731153,VIIRS DNB,nW/cm2/sr,2025,"{""type"":""MultiPoint"",""coordinates"":[]}"
133_00000000000000000004,BA03050040,,,,,,,74.10,74,1755.8292261,TASWIL5000020230907KABKOTA,Buton Utara,,0.143115018242,4.67921811895,4326,4,,,Buton Utara,Sulawesi Tenggara,,0,Muna,,2025-02,0.03630807799525148,2,0.03630807799525148,VIIRS DNB,nW/cm2/sr,2025,"{""type"":""MultiPoint"",""coordinates"":[]}"
133_0000000000000000000f,BA03050040,,,,,,,74.13,74,818.701593571,TASWIL5000020230907KABKOTA,Muna Barat,,0.0667415576998,2.65906981122,4326,4,,,Muna Barat,Sulawesi Tenggara,,0,Muna,,2025-02,0.134594996768125,2,0.134594996768125,VIIRS DNB,nW/cm2/sr,2025,"{""type"":""MultiPoint"",""coordinates"":[]}"
133_00000000000000000013,BA03050040,,,,,,,74.13,74,0.273099429049,TASWIL5000020230907KABKOTA,Muna Barat,Wilayah terapung,2.22679841875E-5,0.0295594995644,4326,4,,,Muna Barat,Sulawesi Tenggara,,0,Muna,,2025-02,0.0,2,0.0,VIIRS DNB,nW/cm2/sr,2025,"{""type"":""MultiPoint"",""coordinates"":[]}"
133_00000000000000000014,BA03050040,,,,,,,74.10,74,0.0480497061255,TASWIL5000020230907KABKOTA,Buton Utara,Wilayah terapung,3.9169026899E-6,0.0168384250334,4326,4,,,Buton Utara,Sulawesi Tenggara,,0,Muna,,2025-02,0.0,2,0.0,VIIRS DNB,nW/cm2/sr,2025,"{""type"":""MultiPoint"",""coordinates"":[]}"
134_00000000000000000001,BA03050040,,,,,,,74.04,74,1669.32863016,TASWIL5000020230907KABKOTA,Buton,,0.136188299866,3.04087674144,4326,4,,,Buton,Sulawesi Tenggara,,0,,,2025-03,0.39194489432993396,3,0.39194489432993396,VIIRS DNB,nW/cm2/sr,2025,"{""type"":""MultiPoint"",""coordinates"":[]}"
134_00000000000000000005,BA03050040,,,,,,,74.01,74,2958.9208572,TASWIL5000020230907KABKOTA,Kolaka,,0.240980839474,5.39527306777,4326,4,,,Kolaka,Sulawesi Tenggara,,0,,,2025-03,0.17231813407120905,3,0.17231813407120905,VIIRS DNB,nW/cm2/sr,2025,"{""type"":""MultiPoint"",""coordinates"":[]}"
134_00000000000000000008,BA03050040,,,,,,,74.02,74,5351.85263389,TASWIL5000020230907KABKOTA,Konawe,,0.435602118514,6.84601568998,4326,4,,,Konawe,Sulawesi Tenggara,,0,,,2025-03,0.32625817391360656,3,0.32625817391360656,VIIRS DNB,nW/cm2/sr,2025,"{""type"":""MultiPoint"",""coordinates"":[]}"
134_0000000000000000000e,BA03050040,,,,,,,74.03,74,1858.09481163,TASWIL5000020230907KABKOTA,Muna,,0.151502694674,5.32849464874,4326,4,,,Muna,Sulawesi Tenggara,,0,,,2025-03,0.31865564936437113,3,0.31865564936437113,VIIRS DNB,nW/cm2/sr,2025,"{""type"":""MultiPoint"",""coordinates"":[]}"
134_00000000000000000015,BA03050040,,,,,,,74.03,74,0.17024708351,TASWIL5000020230907KABKOTA,Muna,Wilayah terapung,1.38839187565E-5,0.039960941818,4326,4,,,Muna,Sulawesi Tenggara,,0,,,2025-03,0.1583236980472686,3,0.1583236980472686,VIIRS DNB,nW/cm2/sr,2025,"{""type"":""MultiPoint"",""coordinates"":[]}"
134_00000000000000000016,BA03050040,,,,,,,74.04,74,0.188157250699,TASWIL5000020230907KABKOTA,Buton,Wilayah terapung,1.53526521797E-5,0.0397338812277,4326,4,,,Buton,Sulawesi Tenggara,,0,,,2025-03,1.0798369820999063,3,1.0798369820999063,VIIRS DNB,nW/cm2/sr,2025,"{""type"":""MultiPoint"",""coordinates"":[]}"
134_00000000000000000000,BA03050040,,,,,,,74.06,74,3293.96639913,TASWIL5000020230907KABKOTA,Bombana,,0.268524880662,5.47167246052,4326,4,,,Bombana,Sulawesi Tenggara,,0,Buton,,2025-03,0.2658344347486549,3,0.2658344347486549,VIIRS DNB,nW/cm2/sr,2025,"{""type"":""MultiPoint"",""coordinates"":[]}"
134_00000000000000000002,BA03050040,,,,,,,74.15,74,517.631463505,TASWIL5000020230907KABKOTA,Buton Selatan,,0.042249508051,1.85498741345,4326,4,,,Buton Selatan,Sulawesi Tenggara,,0,Buton,,2025-03,0.5130586482024712,3,0.5130586482024712,VIIRS DNB,nW/cm2/sr,2025,"{""type"":""MultiPoint"",""coordinates"":[]}"
134_00000000000000000003,BA03050040,,,,,,,74.14,74,836.955797791,TASWIL5000020230907KABKOTA,Buton Tengah,,0.0682810706644,2.98412837401,4326,4,,,Buton Tengah,Sulawesi Tenggara,,0,Buton,,2025-03,0.40993147193152685,3,0.40993147193152685,VIIRS DNB,nW/cm2/sr,2025,"{""type"":""MultiPoint"",""coordinates"":[]}"
134_0000000000000000000c,BA03050040,,,,,,,74.72,74,294.137423231,TASWIL5000020230907KABKOTA,Kota Bau Bau,,0.0240007870008,0.955179337168,4326,5,,,Kota Bau Bau,Sulawesi Tenggara,,0,Buton,,2025-03,1.5180462331881068,3,1.5180462331881068,VIIRS DNB,nW/cm2/sr,2025,"{""type"":""MultiPoint"",""coordinates"":[]}"
134_00000000000000000010,BA03050040,,,,,,,74.07,74,450.455914283,TASWIL5000020230907KABKOTA,Wakatobi,,0.0367648905913,3.71804674371,4326,4,,,Wakatobi,Sulawesi Tenggara,,0,Buton,,2025-03,0.6124338416753536,3,0.6124338416753536,VIIRS DNB,nW/cm2/sr,2025,"{""type"":""MultiPoint"",""coordinates"":[]}"
134_00000000000000000011,BA03050040,,,,,,,74.07,74,0.253355482028,TASWIL5000020230907KABKOTA,Wakatobi,Wilayah terapung,2.06703594498E-5,0.0291924563304,4326,4,,,Wakatobi,Sulawesi Tenggara,,0,Buton,,2025-03,2.295426350231319,3,2.295426350231319,VIIRS DNB,nW/cm2/sr,2025,"{""type"":""MultiPoint"",""coordinates"":[]}"
134_00000000000000000012,BA03050040,,,,,,,74.07,74,4.12006083394,TASWIL5000020230907KABKOTA,Wakatobi,Wilayah terapung,3.36232999688E-4,0.124432278786,4326,4,,,Wakatobi,Sulawesi Tenggara,,0,Buton,,2025-03,0.7432189282863099,3,0.7432189282863099,VIIRS DNB,nW/cm2/sr,2025,"{""type"":""MultiPoint"",""coordinates"":[]}"
134_0000000000000000000a,BA03050040,,,,,,,74.05,74,4237.74051506,TASWIL5000020230907KABKOTA,Konawe Selatan,,0.345208073275,5.59324280043,4326,4,,,Konawe Selatan,Sulawesi Tenggara,,0,Kendari,,2025-03,0.39739636534473494,3,0.39739636534473494,VIIRS DNB,nW/cm2/sr,2025,"{""type"":""MultiPoint"",""coordinates"":[]}"
134_0000000000000000000d,BA03050040,,,,,,,74.71,74,265.790696582,TASWIL5000020230907KABKOTA,Kota Kendari,,0.0216443348271,1.21929531969,4326,5,,,Kota Kendari,Sulawesi Tenggara,,0,Kendari,,2025-03,0.46248734104405553,3,0.46248734104405553,VIIRS DNB,nW/cm2/sr,2025,"{""type"":""MultiPoint"",""coordinates"":[]}"
134_00000000000000000006,BA03050040,,,,,,,74.11,74,3992.53107078,TASWIL5000020230907KABKOTA,Kolaka Timur,,0.325055960897,4.62416724675,4326,4,,,Kolaka Timur,Sulawesi Tenggara,,0,Kolaka,,2025-03,0.24897013934355414,3,0.24897013934355414,VIIRS DNB,nW/cm2/sr,2025,"{""type"":""MultiPoint"",""coordinates"":[]}"
134_00000000000000000007,BA03050040,,,,,,,74.08,74,2932.25192061,TASWIL5000020230907KABKOTA,Kolaka Utara,,0.238597308701,3.90865020949,4326,4,,,Kolaka Utara,Sulawesi Tenggara,,0,Kolaka,,2025-03,0.01846936506681817,3,0.01846936506681817,VIIRS DNB,nW/cm2/sr,2025,"{""type"":""MultiPoint"",""coordinates"":[]}"
134_00000000000000000009,BA03050040,,,,,,,74.12,74,705.711010277,TASWIL5000020230907KABKOTA,Konawe Kepulauan,,0.0574768178025,1.17136047971,4326,4,,,Konawe Kepulauan,Sulawesi Tenggara,,0,Konawe,,2025-03,0.2925673398054865,3,0.2925673398054865,VIIRS DNB,nW/cm2/sr,2025,"{""type"":""MultiPoint"",""coordinates"":[]}"
134_0000000000000000000b,BA03050040,,,,,,,74.09,74,4219.81180817,TASWIL5000020230907KABKOTA,Konawe Utara,,0.343408045869,6.15591332033,4326,4,,,Konawe Utara,Sulawesi Tenggara,,0,Konawe,,2025-03,0.1877639859683499,3,0.1877639859683499,VIIRS DNB,nW/cm2/sr,2025,"{""type"":""MultiPoint"",""coordinates"":[]}"
134_00000000000000000004,BA03050040,,,,,,,74.10,74,1755.8292261,TASWIL5000020230907KABKOTA,Buton Utara,,0.143115018242,4.67921811895,4326,4,,,Buton Utara,Sulawesi Tenggara,,0,Muna,,2025-03,0.2604040665652884,3,0.2604040665652884,VIIRS DNB,nW/cm2/sr,2025,"{""type"":""MultiPoint"",""coordinates"":[]}"
134_0000000000000000000f,BA03050040,,,,,,,74.13,74,818.701593571,TASWIL5000020230907KABKOTA,Muna Barat,,0.0667415576998,2.65906981122,4326,4,,,Muna Barat,Sulawesi Tenggara,,0,Muna,,2025-03,0.3394447096764729,3,0.3394447096764729,VIIRS DNB,nW/cm2/sr,2025,"{""type"":""MultiPoint"",""coordinates"":[]}"
134_00000000000000000013,BA03050040,,,,,,,74.13,74,0.273099429049,TASWIL5000020230907KABKOTA,Muna Barat,Wilayah terapung,2.22679841875E-5,0.0295594995644,4326,4,,,Muna Barat,Sulawesi Tenggara,,0,Muna,,2025-03,0.3779061272041031,3,0.3779061272041031,VIIRS DNB,nW/cm2/sr,2025,"{""type"":""MultiPoint"",""coordinates"":[]}"
134_00000000000000000014,BA03050040,,,,,,,74.10,74,0.0480497061255,TASWIL5000020230907KABKOTA,Buton Utara,Wilayah terapung,3.9169026899E-6,0.0168384250334,4326,4,,,Buton Utara,Sulawesi Tenggara,,0,Muna,,2025-03,0.6357143052986691,3,0.6357143052986691,VIIRS DNB,nW/cm2/sr,2025,"{""type"":""MultiPoint"",""coordinates"":[]}"
135_00000000000000000001,BA03050040,,,,,,,74.04,74,1669.32863016,TASWIL5000020230907KABKOTA,Buton,,0.136188299866,3.04087674144,4326,4,,,Buton,Sulawesi Tenggara,,0,,,2025-04,0.3909953127798892,4,0.3909953127798892,VIIRS DNB,nW/cm2/sr,2025,"{""type"":""MultiPoint"",""coordinates"":[]}"
135_00000000000000000005,BA03050040,,,,,,,74.01,74,2958.9208572,TASWIL5000020230907KABKOTA,Kolaka,,0.240980839474,5.39527306777,4326,4,,,Kolaka,Sulawesi Tenggara,,0,,,2025-04,0.49595703364452626,4,0.49595703364452626,VIIRS DNB,nW/cm2/sr,2025,"{""type"":""MultiPoint"",""coordinates"":[]}"
135_00000000000000000008,BA03050040,,,,,,,74.02,74,5351.85263389,TASWIL5000020230907KABKOTA,Konawe,,0.435602118514,6.84601568998,4326,4,,,Konawe,Sulawesi Tenggara,,0,,,2025-04,0.5909966441171406,4,0.5909966441171406,VIIRS DNB,nW/cm2/sr,2025,"{""type"":""MultiPoint"",""coordinates"":[]}"
135_0000000000000000000e,BA03050040,,,,,,,74.03,74,1858.09481163,TASWIL5000020230907KABKOTA,Muna,,0.151502694674,5.32849464874,4326,4,,,Muna,Sulawesi Tenggara,,0,,,2025-04,0.452147103902682,4,0.452147103902682,VIIRS DNB,nW/cm2/sr,2025,"{""type"":""MultiPoint"",""coordinates"":[]}"
135_00000000000000000015,BA03050040,,,,,,,74.03,74,0.17024708351,TASWIL5000020230907KABKOTA,Muna,Wilayah terapung,1.38839187565E-5,0.039960941818,4326,4,,,Muna,Sulawesi Tenggara,,0,,,2025-04,0.4032369850343362,4,0.4032369850343362,VIIRS DNB,nW/cm2/sr,2025,"{""type"":""MultiPoint"",""coordinates"":[]}"
135_00000000000000000016,BA03050040,,,,,,,74.04,74,0.188157250699,TASWIL5000020230907KABKOTA,Buton,Wilayah terapung,1.53526521797E-5,0.0397338812277,4326,4,,,Buton,Sulawesi Tenggara,,0,,,2025-04,1.0295652206177297,4,1.0295652206177297,VIIRS DNB,nW/cm2/sr,2025,"{""type"":""MultiPoint"",""coordinates"":[]}"
135_00000000000000000000,BA03050040,,,,,,,74.06,74,3293.96639913,TASWIL5000020230907KABKOTA,Bombana,,0.268524880662,5.47167246052,4326,4,,,Bombana,Sulawesi Tenggara,,0,Buton,,2025-04,0.46004010937518747,4,0.46004010937518747,VIIRS DNB,nW/cm2/sr,2025,"{""type"":""MultiPoint"",""coordinates"":[]}"
135_00000000000000000002,BA03050040,,,,,,,74.15,74,517.631463505,TASWIL5000020230907KABKOTA,Buton Selatan,,0.042249508051,1.85498741345,4326,4,,,Buton Selatan,Sulawesi Tenggara,,0,Buton,,2025-04,0.4987226895573766,4,0.4987226895573766,VIIRS DNB,nW/cm2/sr,2025,"{""type"":""MultiPoint"",""coordinates"":[]}"
135_00000000000000000003,BA03050040,,,,,,,74.14,74,836.955797791,TASWIL5000020230907KABKOTA,Buton Tengah,,0.0682810706644,2.98412837401,4326,4,,,Buton Tengah,Sulawesi Tenggara,,0,Buton,,2025-04,0.49285369817579494,4,0.49285369817579494,VIIRS DNB,nW/cm2/sr,2025,"{""type"":""MultiPoint"",""coordinates"":[]}"
135_0000000000000000000c,BA03050040,,,,,,,74.72,74,294.137423231,TASWIL5000020230907KABKOTA,Kota Bau Bau,,0.0240007870008,0.955179337168,4326,5,,,Kota Bau Bau,Sulawesi Tenggara,,0,Buton,,2025-04,1.667805483042232,4,1.667805483042232,VIIRS DNB,nW/cm2/sr,2025,"{""type"":""MultiPoint"",""coordinates"":[]}"
135_00000000000000000010,BA03050040,,,,,,,74.07,74,450.455914283,TASWIL5000020230907KABKOTA,Wakatobi,,0.0367648905913,3.71804674371,4326,4,,,Wakatobi,Sulawesi Tenggara,,0,Buton,,2025-04,0.5566425094319684,4,0.5566425094319684,VIIRS DNB,nW/cm2/sr,2025,"{""type"":""MultiPoint"",""coordinates"":[]}"
135_00000000000000000011,BA03050040,,,,,,,74.07,74,0.253355482028,TASWIL5000020230907KABKOTA,Wakatobi,Wilayah terapung,2.06703594498E-5,0.0291924563304,4326,4,,,Wakatobi,Sulawesi Tenggara,,0,Buton,,2025-04,3.102790714927422,4,3.102790714927422,VIIRS DNB,nW/cm2/sr,2025,"{""type"":""MultiPoint"",""coordinates"":[]}"
135_00000000000000000012,BA03050040,,,,,,,74.07,74,4.12006083394,TASWIL5000020230907KABKOTA,Wakatobi,Wilayah terapung,3.36232999688E-4,0.124432278786,4326,4,,,Wakatobi,Sulawesi Tenggara,,0,Buton,,2025-04,0.48971834318172297,4,0.48971834318172297,VIIRS DNB,nW/cm2/sr,2025,"{""type"":""MultiPoint"",""coordinates"":[]}"
135_0000000000000000000a,BA03050040,,,,,,,74.05,74,4237.74051506,TASWIL5000020230907KABKOTA,Konawe Selatan,,0.345208073275,5.59324280043,4326,4,,,Konawe Selatan,Sulawesi Tenggara,,0,Kendari,,2025-04,0.6020675583705022,4,0.6020675583705022,VIIRS DNB,nW/cm2/sr,2025,"{""type"":""MultiPoint"",""coordinates"":[]}"
135_0000000000000000000d,BA03050040,,,,,,,74.71,74,265.790696582,TASWIL5000020230907KABKOTA,Kota Kendari,,0.0216443348271,1.21929531969,4326,5,,,Kota Kendari,Sulawesi Tenggara,,0,Kendari,,2025-04,5.36550138990074,4,5.36550138990074,VIIRS DNB,nW/cm2/sr,2025,"{""type"":""MultiPoint"",""coordinates"":[]}"
135_00000000000000000006,BA03050040,,,,,,,74.11,74,3992.53107078,TASWIL5000020230907KABKOTA,Kolaka Timur,,0.325055960897,4.62416724675,4326,4,,,Kolaka Timur,Sulawesi Tenggara,,0,Kolaka,,2025-04,0.43648581705565154,4,0.43648581705565154,VIIRS DNB,nW/cm2/sr,2025,"{""type"":""MultiPoint"",""coordinates"":[]}"
135_00000000000000000007,BA03050040,,,,,,,74.08,74,2932.25192061,TASWIL5000020230907KABKOTA,Kolaka Utara,,0.238597308701,3.90865020949,4326,4,,,Kolaka Utara,Sulawesi Tenggara,,0,Kolaka,,2025-04,0.3016121049433018,4,0.3016121049433018,VIIRS DNB,nW/cm2/sr,2025,"{""type"":""MultiPoint"",""coordinates"":[]}"
135_00000000000000000009,BA03050040,,,,,,,74.12,74,705.711010277,TASWIL5000020230907KABKOTA,Konawe Kepulauan,,0.0574768178025,1.17136047971,4326,4,,,Konawe Kepulauan,Sulawesi Tenggara,,0,Konawe,,2025-04,0.027550532585345018,4,0.027550532585345018,VIIRS DNB,nW/cm2/sr,2025,"{""type"":""MultiPoint"",""coordinates"":[]}"
135_0000000000000000000b,BA03050040,,,,,,,74.09,74,4219.81180817,TASWIL5000020230907KABKOTA,Konawe Utara,,0.343408045869,6.15591332033,4326,4,,,Konawe Utara,Sulawesi Tenggara,,0,Konawe,,2025-04,0.2204616884844465,4,0.2204616884844465,VIIRS DNB,nW/cm2/sr,2025,"{""type"":""MultiPoint"",""coordinates"":[]}"
135_00000000000000000004,BA03050040,,,,,,,74.10,74,1755.8292261,TASWIL5000020230907KABKOTA,Buton Utara,,0.143115018242,4.67921811895,4326,4,,,Buton Utara,Sulawesi Tenggara,,0,Muna,,2025-04,0.2939296429974906,4,0.2939296429974906,VIIRS DNB,nW/cm2/sr,2025,"{""type"":""MultiPoint"",""coordinates"":[]}"
135_0000000000000000000f,BA03050040,,,,,,,74.13,74,818.701593571,TASWIL5000020230907KABKOTA,Muna Barat,,0.0667415576998,2.65906981122,4326,4,,,Muna Barat,Sulawesi Tenggara,,0,Muna,,2025-04,0.4416658302062539,4,0.4416658302062539,VIIRS DNB,nW/cm2/sr,2025,"{""type"":""MultiPoint"",""coordinates"":[]}"
135_00000000000000000013,BA03050040,,,,,,,74.13,74,0.273099429049,TASWIL5000020230907KABKOTA,Muna Barat,Wilayah terapung,2.22679841875E-5,0.0295594995644,4326,4,,,Muna Barat,Sulawesi Tenggara,,0,Muna,,2025-04,0.48989170574539403,4,0.48989170574539403,VIIRS DNB,nW/cm2/sr,2025,"{""type"":""MultiPoint"",""coordinates"":[]}"
135_00000000000000000014,BA03050040,,,,,,,74.10,74,0.0480497061255,TASWIL5000020230907KABKOTA,Buton Utara,Wilayah terapung,3.9169026899E-6,0.0168384250334,4326,4,,,Buton Utara,Sulawesi Tenggara,,0,Muna,,2025-04,0.7457142812865122,4,0.7457142812865122,VIIRS DNB,nW/cm2/sr,2025,"{""type"":""MultiPoint"",""coordinates"":[]}"
136_00000000000000000001,BA03050040,,,,,,,74.04,74,1669.32863016,TASWIL5000020230907KABKOTA,Buton,,0.136188299866,3.04087674144,4326,4,,,Buton,Sulawesi Tenggara,,0,,,2025-05,0.36357825922768233,5,0.36357825922768233,VIIRS DNB,nW/cm2/sr,2025,"{""type"":""MultiPoint"",""coordinates"":[]}"
136_00000000000000000005,BA03050040,,,,,,,74.01,74,2958.9208572,TASWIL5000020230907KABKOTA,Kolaka,,0.240980839474,5.39527306777,4326,4,,,Kolaka,Sulawesi Tenggara,,0,,,2025-05,0.5360720820564829,5,0.5360720820564829,VIIRS DNB,nW/cm2/sr,2025,"{""type"":""MultiPoint"",""coordinates"":[]}"
136_00000000000000000008,BA03050040,,,,,,,74.02,74,5351.85263389,TASWIL5000020230907KABKOTA,Konawe,,0.435602118514,6.84601568998,4326,4,,,Konawe,Sulawesi Tenggara,,0,,,2025-05,0.5299851435946226,5,0.5299851435946226,VIIRS DNB,nW/cm2/sr,2025,"{""type"":""MultiPoint"",""coordinates"":[]}"
136_0000000000000000000e,BA03050040,,,,,,,74.03,74,1858.09481163,TASWIL5000020230907KABKOTA,Muna,,0.151502694674,5.32849464874,4326,4,,,Muna,Sulawesi Tenggara,,0,,,2025-05,0.4071564730754987,5,0.4071564730754987,VIIRS DNB,nW/cm2/sr,2025,"{""type"":""MultiPoint"",""coordinates"":[]}"
136_00000000000000000015,BA03050040,,,,,,,74.03,74,0.17024708351,TASWIL5000020230907KABKOTA,Muna,Wilayah terapung,1.38839187565E-5,0.039960941818,4326,4,,,Muna,Sulawesi Tenggara,,0,,,2025-05,0.3164161941564151,5,0.3164161941564151,VIIRS DNB,nW/cm2/sr,2025,"{""type"":""MultiPoint"",""coordinates"":[]}"
136_00000000000000000016,BA03050040,,,,,,,74.04,74,0.188157250699,TASWIL5000020230907KABKOTA,Buton,Wilayah terapung,1.53526521797E-5,0.0397338812277,4326,4,,,Buton,Sulawesi Tenggara,,0,,,2025-05,0.9741304584819339,5,0.9741304584819339,VIIRS DNB,nW/cm2/sr,2025,"{""type"":""MultiPoint"",""coordinates"":[]}"
136_00000000000000000000,BA03050040,,,,,,,74.06,74,3293.96639913,TASWIL5000020230907KABKOTA,Bombana,,0.268524880662,5.47167246052,4326,4,,,Bombana,Sulawesi Tenggara,,0,Buton,,2025-05,0.4253358752131106,5,0.4253358752131106,VIIRS DNB,nW/cm2/sr,2025,"{""type"":""MultiPoint"",""coordinates"":[]}"
136_00000000000000000002,BA03050040,,,,,,,74.15,74,517.631463505,TASWIL5000020230907KABKOTA,Buton Selatan,,0.042249508051,1.85498741345,4326,4,,,Buton Selatan,Sulawesi Tenggara,,0,Buton,,2025-05,0.46623171286143184,5,0.46623171286143184,VIIRS DNB,nW/cm2/sr,2025,"{""type"":""MultiPoint"",""coordinates"":[]}"
136_00000000000000000003,BA03050040,,,,,,,74.14,74,836.955797791,TASWIL5000020230907KABKOTA,Buton Tengah,,0.0682810706644,2.98412837401,4326,4,,,Buton Tengah,Sulawesi Tenggara,,0,Buton,,2025-05,0.44474311152466006,5,0.44474311152466006,VIIRS DNB,nW/cm2/sr,2025,"{""type"":""MultiPoint"",""coordinates"":[]}"
136_0000000000000000000c,BA03050040,,,,,,,74.72,74,294.137423231,TASWIL5000020230907KABKOTA,Kota Bau Bau,,0.0240007870008,0.955179337168,4326,5,,,Kota Bau Bau,Sulawesi Tenggara,,0,Buton,,2025-05,1.543471926077561,5,1.543471926077561,VIIRS DNB,nW/cm2/sr,2025,"{""type"":""MultiPoint"",""coordinates"":[]}"
136_00000000000000000010,BA03050040,,,,,,,74.07,74,450.455914283,TASWIL5000020230907KABKOTA,Wakatobi,,0.0367648905913,3.71804674371,4326,4,,,Wakatobi,Sulawesi Tenggara,,0,Buton,,2025-05,0.47269834466776867,5,0.47269834466776867,VIIRS DNB,nW/cm2/sr,2025,"{""type"":""MultiPoint"",""coordinates"":[]}"
136_00000000000000000011,BA03050040,,,,,,,74.07,74,0.253355482028,TASWIL5000020230907KABKOTA,Wakatobi,Wilayah terapung,2.06703594498E-5,0.0291924563304,4326,4,,,Wakatobi,Sulawesi Tenggara,,0,Buton,,2025-05,2.680232521175414,5,2.680232521175414,VIIRS DNB,nW/cm2/sr,2025,"{""type"":""MultiPoint"",""coordinates"":[]}"
136_00000000000000000012,BA03050040,,,,,,,74.07,74,4.12006083394,TASWIL5000020230907KABKOTA,Wakatobi,Wilayah terapung,3.36232999688E-4,0.124432278786,4326,4,,,Wakatobi,Sulawesi Tenggara,,0,Buton,,2025-05,0.29556922791448575,5,0.29556922791448575,VIIRS DNB,nW/cm2/sr,2025,"{""type"":""MultiPoint"",""coordinates"":[]}"
136_0000000000000000000a,BA03050040,,,,,,,74.05,74,4237.74051506,TASWIL5000020230907KABKOTA,Konawe Selatan,,0.345208073275,5.59324280043,4326,4,,,Konawe Selatan,Sulawesi Tenggara,,0,Kendari,,2025-05,0.4448992897578429,5,0.4448992897578429,VIIRS DNB,nW/cm2/sr,2025,"{""type"":""MultiPoint"",""coordinates"":[]}"
136_0000000000000000000d,BA03050040,,,,,,,74.71,74,265.790696582,TASWIL5000020230907KABKOTA,Kota Kendari,,0.0216443348271,1.21929531969,4326,5,,,Kota Kendari,Sulawesi Tenggara,,0,Kendari,,2025-05,5.229811439786642,5,5.229811439786642,VIIRS DNB,nW/cm2/sr,2025,"{""type"":""MultiPoint"",""coordinates"":[]}"
136_00000000000000000006,BA03050040,,,,,,,74.11,74,3992.53107078,TASWIL5000020230907KABKOTA,Kolaka Timur,,0.325055960897,4.62416724675,4326,4,,,Kolaka Timur,Sulawesi Tenggara,,0,Kolaka,,2025-05,0.33994006889407935,5,0.33994006889407935,VIIRS DNB,nW/cm2/sr,2025,"{""type"":""MultiPoint"",""coordinates"":[]}"
136_00000000000000000007,BA03050040,,,,,,,74.08,74,2932.25192061,TASWIL5000020230907KABKOTA,Kolaka Utara,,0.238597308701,3.90865020949,4326,4,,,Kolaka Utara,Sulawesi Tenggara,,0,Kolaka,,2025-05,0.3293993854393641,5,0.3293993854393641,VIIRS DNB,nW/cm2/sr,2025,"{""type"":""MultiPoint"",""coordinates"":[]}"
136_00000000000000000009,BA03050040,,,,,,,74.12,74,705.711010277,TASWIL5000020230907KABKOTA,Konawe Kepulauan,,0.0574768178025,1.17136047971,4326,4,,,Konawe Kepulauan,Sulawesi Tenggara,,0,Konawe,,2025-05,0.3175895855163241,5,0.3175895855163241,VIIRS DNB,nW/cm2/sr,2025,"{""type"":""MultiPoint"",""coordinates"":[]}"
136_0000000000000000000b,BA03050040,,,,,,,74.09,74,4219.81180817,TASWIL5000020230907KABKOTA,Konawe Utara,,0.343408045869,6.15591332033,4326,4,,,Konawe Utara,Sulawesi Tenggara,,0,Konawe,,2025-05,0.40139183419195834,5,0.40139183419195834,VIIRS DNB,nW/cm2/sr,2025,"{""type"":""MultiPoint"",""coordinates"":[]}"
136_00000000000000000004,BA03050040,,,,,,,74.10,74,1755.8292261,TASWIL5000020230907KABKOTA,Buton Utara,,0.143115018242,4.67921811895,4326,4,,,Buton Utara,Sulawesi Tenggara,,0,Muna,,2025-05,0.29326365806471494,5,0.29326365806471494,VIIRS DNB,nW/cm2/sr,2025,"{""type"":""MultiPoint"",""coordinates"":[]}"
136_0000000000000000000f,BA03050040,,,,,,,74.13,74,818.701593571,TASWIL5000020230907KABKOTA,Muna Barat,,0.0667415576998,2.65906981122,4326,4,,,Muna Barat,Sulawesi Tenggara,,0,Muna,,2025-05,0.39371014638162405,5,0.39371014638162405,VIIRS DNB,nW/cm2/sr,2025,"{""type"":""MultiPoint"",""coordinates"":[]}"
136_00000000000000000013,BA03050040,,,,,,,74.13,74,0.273099429049,TASWIL5000020230907KABKOTA,Muna Barat,Wilayah terapung,2.22679841875E-5,0.0295594995644,4326,4,,,Muna Barat,Sulawesi Tenggara,,0,Muna,,2025-05,0.2640072204145713,5,0.2640072204145713,VIIRS DNB,nW/cm2/sr,2025,"{""type"":""MultiPoint"",""coordinates"":[]}"
136_00000000000000000014,BA03050040,,,,,,,74.10,74,0.0480497061255,TASWIL5000020230907KABKOTA,Buton Utara,Wilayah terapung,3.9169026899E-6,0.0168384250334,4326,4,,,Buton Utara,Sulawesi Tenggara,,0,Muna,,2025-05,0.48714286301817217,5,0.48714286301817217,VIIRS DNB,nW/cm2/sr,2025,"{""type"":""MultiPoint"",""coordinates"":[]}"
137_00000000000000000001,BA03050040,,,,,,,74.04,74,1669.32863016,TASWIL5000020230907KABKOTA,Buton,,0.136188299866,3.04087674144,4326,4,,,Buton,Sulawesi Tenggara,,0,,,2025-06,0.12728409022628817,6,0.12728409022628817,VIIRS DNB,nW/cm2/sr,2025,"{""type"":""MultiPoint"",""coordinates"":[]}"
137_00000000000000000005,BA03050040,,,,,,,74.01,74,2958.9208572,TASWIL5000020230907KABKOTA,Kolaka,,0.240980839474,5.39527306777,4326,4,,,Kolaka,Sulawesi Tenggara,,0,,,2025-06,0.003543148845144915,6,0.003543148845144915,VIIRS DNB,nW/cm2/sr,2025,"{""type"":""MultiPoint"",""coordinates"":[]}"
137_00000000000000000008,BA03050040,,,,,,,74.02,74,5351.85263389,TASWIL5000020230907KABKOTA,Konawe,,0.435602118514,6.84601568998,4326,4,,,Konawe,Sulawesi Tenggara,,0,,,2025-06,0.12535459294227128,6,0.12535459294227128,VIIRS DNB,nW/cm2/sr,2025,"{""type"":""MultiPoint"",""coordinates"":[]}"
137_0000000000000000000e,BA03050040,,,,,,,74.03,74,1858.09481163,TASWIL5000020230907KABKOTA,Muna,,0.151502694674,5.32849464874,4326,4,,,Muna,Sulawesi Tenggara,,0,,,2025-06,0.3053481644252508,6,0.3053481644252508,VIIRS DNB,nW/cm2/sr,2025,"{""type"":""MultiPoint"",""coordinates"":[]}"
137_00000000000000000015,BA03050040,,,,,,,74.03,74,0.17024708351,TASWIL5000020230907KABKOTA,Muna,Wilayah terapung,1.38839187565E-5,0.039960941818,4326,4,,,Muna,Sulawesi Tenggara,,0,,,2025-06,0.1374566492145461,6,0.1374566492145461,VIIRS DNB,nW/cm2/sr,2025,"{""type"":""MultiPoint"",""coordinates"":[]}"
137_00000000000000000016,BA03050040,,,,,,,74.04,74,0.188157250699,TASWIL5000020230907KABKOTA,Buton,Wilayah terapung,1.53526521797E-5,0.0397338812277,4326,4,,,Buton,Sulawesi Tenggara,,0,,,2025-06,0.4363586841070134,6,0.4363586841070134,VIIRS DNB,nW/cm2/sr,2025,"{""type"":""MultiPoint"",""coordinates"":[]}"
137_00000000000000000000,BA03050040,,,,,,,74.06,74,3293.96639913,TASWIL5000020230907KABKOTA,Bombana,,0.268524880662,5.47167246052,4326,4,,,Bombana,Sulawesi Tenggara,,0,Buton,,2025-06,0.04990329076338287,6,0.04990329076338287,VIIRS DNB,nW/cm2/sr,2025,"{""type"":""MultiPoint"",""coordinates"":[]}"
137_00000000000000000002,BA03050040,,,,,,,74.15,74,517.631463505,TASWIL5000020230907KABKOTA,Buton Selatan,,0.042249508051,1.85498741345,4326,4,,,Buton Selatan,Sulawesi Tenggara,,0,Buton,,2025-06,0.13079067682677056,6,0.13079067682677056,VIIRS DNB,nW/cm2/sr,2025,"{""type"":""MultiPoint"",""coordinates"":[]}"
137_00000000000000000003,BA03050040,,,,,,,74.14,74,836.955797791,TASWIL5000020230907KABKOTA,Buton Tengah,,0.0682810706644,2.98412837401,4326,4,,,Buton Tengah,Sulawesi Tenggara,,0,Buton,,2025-06,0.29771751376542915,6,0.29771751376542915,VIIRS DNB,nW/cm2/sr,2025,"{""type"":""MultiPoint"",""coordinates"":[]}"
137_0000000000000000000c,BA03050040,,,,,,,74.72,74,294.137423231,TASWIL5000020230907KABKOTA,Kota Bau Bau,,0.0240007870008,0.955179337168,4326,5,,,Kota Bau Bau,Sulawesi Tenggara,,0,Buton,,2025-06,0.9185351823120318,6,0.9185351823120318,VIIRS DNB,nW/cm2/sr,2025,"{""type"":""MultiPoint"",""coordinates"":[]}"
137_00000000000000000010,BA03050040,,,,,,,74.07,74,450.455914283,TASWIL5000020230907KABKOTA,Wakatobi,,0.0367648905913,3.71804674371,4326,4,,,Wakatobi,Sulawesi Tenggara,,0,Buton,,2025-06,0.267779749245478,6,0.267779749245478,VIIRS DNB,nW/cm2/sr,2025,"{""type"":""MultiPoint"",""coordinates"":[]}"
137_00000000000000000011,BA03050040,,,,,,,74.07,74,0.253355482028,TASWIL5000020230907KABKOTA,Wakatobi,Wilayah terapung,2.06703594498E-5,0.0291924563304,4326,4,,,Wakatobi,Sulawesi Tenggara,,0,Buton,,2025-06,1.0484883563463079,6,1.0484883563463079,VIIRS DNB,nW/cm2/sr,2025,"{""type"":""MultiPoint"",""coordinates"":[]}"
137_00000000000000000012,BA03050040,,,,,,,74.07,74,4.12006083394,TASWIL5000020230907KABKOTA,Wakatobi,Wilayah terapung,3.36232999688E-4,0.124432278786,4326,4,,,Wakatobi,Sulawesi Tenggara,,0,Buton,,2025-06,0.24985325463248428,6,0.24985325463248428,VIIRS DNB,nW/cm2/sr,2025,"{""type"":""MultiPoint"",""coordinates"":[]}"
137_0000000000000000000a,BA03050040,,,,,,,74.05,74,4237.74051506,TASWIL5000020230907KABKOTA,Konawe Selatan,,0.345208073275,5.59324280043,4326,4,,,Konawe Selatan,Sulawesi Tenggara,,0,Kendari,,2025-06,0.07911920269628984,6,0.07911920269628984,VIIRS DNB,nW/cm2/sr,2025,"{""type"":""MultiPoint"",""coordinates"":[]}"
137_0000000000000000000d,BA03050040,,,,,,,74.71,74,265.790696582,TASWIL5000020230907KABKOTA,Kota Kendari,,0.0216443348271,1.21929531969,4326,5,,,Kota Kendari,Sulawesi Tenggara,,0,Kendari,,2025-06,1.454256615262854,6,1.454256615262854,VIIRS DNB,nW/cm2/sr,2025,"{""type"":""MultiPoint"",""coordinates"":[]}"
137_00000000000000000006,BA03050040,,,,,,,74.11,74,3992.53107078,TASWIL5000020230907KABKOTA,Kolaka Timur,,0.325055960897,4.62416724675,4326,4,,,Kolaka Timur,Sulawesi Tenggara,,0,Kolaka,,2025-06,0.037756670471687605,6,0.037756670471687605,VIIRS DNB,nW/cm2/sr,2025,"{""type"":""MultiPoint"",""coordinates"":[]}"
137_00000000000000000007,BA03050040,,,,,,,74.08,74,2932.25192061,TASWIL5000020230907KABKOTA,Kolaka Utara,,0.238597308701,3.90865020949,4326,4,,,Kolaka Utara,Sulawesi Tenggara,,0,Kolaka,,2025-06,0.012548834261539228,6,0.012548834261539228,VIIRS DNB,nW/cm2/sr,2025,"{""type"":""MultiPoint"",""coordinates"":[]}"
137_00000000000000000009,BA03050040,,,,,,,74.12,74,705.711010277,TASWIL5000020230907KABKOTA,Konawe Kepulauan,,0.0574768178025,1.17136047971,4326,4,,,Konawe Kepulauan,Sulawesi Tenggara,,0,Konawe,,2025-06,0.11766599685345361,6,0.11766599685345361,VIIRS DNB,nW/cm2/sr,2025,"{""type"":""MultiPoint"",""coordinates"":[]}"
137_0000000000000000000b,BA03050040,,,,,,,74.09,74,4219.81180817,TASWIL5000020230907KABKOTA,Konawe Utara,,0.343408045869,6.15591332033,4326,4,,,Konawe Utara,Sulawesi Tenggara,,0,Konawe,,2025-06,0.12702161401191953,6,0.12702161401191953,VIIRS DNB,nW/cm2/sr,2025,"{""type"":""MultiPoint"",""coordinates"":[]}"
137_00000000000000000004,BA03050040,,,,,,,74.10,74,1755.8292261,TASWIL5000020230907KABKOTA,Buton Utara,,0.143115018242,4.67921811895,4326,4,,,Buton Utara,Sulawesi Tenggara,,0,Muna,,2025-06,0.23751600909683143,6,0.23751600909683143,VIIRS DNB,nW/cm2/sr,2025,"{""type"":""MultiPoint"",""coordinates"":[]}"
137_0000000000000000000f,BA03050040,,,,,,,74.13,74,818.701593571,TASWIL5000020230907KABKOTA,Muna Barat,,0.0667415576998,2.65906981122,4326,4,,,Muna Barat,Sulawesi Tenggara,,0,Muna,,2025-06,0.2399289392190892,6,0.2399289392190892,VIIRS DNB,nW/cm2/sr,2025,"{""type"":""MultiPoint"",""coordinates"":[]}"
137_00000000000000000013,BA03050040,,,,,,,74.13,74,0.273099429049,TASWIL5000020230907KABKOTA,Muna Barat,Wilayah terapung,2.22679841875E-5,0.0295594995644,4326,4,,,Muna Barat,Sulawesi Tenggara,,0,Muna,,2025-06,0.0,6,0.0,VIIRS DNB,nW/cm2/sr,2025,"{""type"":""MultiPoint"",""coordinates"":[]}"
137_00000000000000000014,BA03050040,,,,,,,74.10,74,0.0480497061255,TASWIL5000020230907KABKOTA,Buton Utara,Wilayah terapung,3.9169026899E-6,0.0168384250334,4326,4,,,Buton Utara,Sulawesi Tenggara,,0,Muna,,2025-06,0.7799999713897705,6,0.7799999713897705,VIIRS DNB,nW/cm2/sr,2025,"{""type"":""MultiPoint"",""coordinates"":[]}"
138_00000000000000000001,BA03050040,,,,,,,74.04,74,1669.32863016,TASWIL5000020230907KABKOTA,Buton,,0.136188299866,3.04087674144,4326,4,,,Buton,Sulawesi Tenggara,,0,,,2025-07,0.2329624196687338,7,0.2329624196687338,VIIRS DNB,nW/cm2/sr,2025,"{""type"":""MultiPoint"",""coordinates"":[]}"
138_00000000000000000005,BA03050040,,,,,,,74.01,74,2958.9208572,TASWIL5000020230907KABKOTA,Kolaka,,0.240980839474,5.39527306777,4326,4,,,Kolaka,Sulawesi Tenggara,,0,,,2025-07,0.5826489601099462,7,0.5826489601099462,VIIRS DNB,nW/cm2/sr,2025,"{""type"":""MultiPoint"",""coordinates"":[]}"
138_00000000000000000008,BA03050040,,,,,,,74.02,74,5351.85263389,TASWIL5000020230907KABKOTA,Konawe,,0.435602118514,6.84601568998,4326,4,,,Konawe,Sulawesi Tenggara,,0,,,2025-07,0.46761274452816065,7,0.46761274452816065,VIIRS DNB,nW/cm2/sr,2025,"{""type"":""MultiPoint"",""coordinates"":[]}"
138_0000000000000000000e,BA03050040,,,,,,,74.03,74,1858.09481163,TASWIL5000020230907KABKOTA,Muna,,0.151502694674,5.32849464874,4326,4,,,Muna,Sulawesi Tenggara,,0,,,2025-07,0.2820320177743783,7,0.2820320177743783,VIIRS DNB,nW/cm2/sr,2025,"{""type"":""MultiPoint"",""coordinates"":[]}"
138_00000000000000000015,BA03050040,,,,,,,74.03,74,0.17024708351,TASWIL5000020230907KABKOTA,Muna,Wilayah terapung,1.38839187565E-5,0.039960941818,4326,4,,,Muna,Sulawesi Tenggara,,0,,,2025-07,0.2123121347902827,7,0.2123121347902827,VIIRS DNB,nW/cm2/sr,2025,"{""type"":""MultiPoint"",""coordinates"":[]}"
138_00000000000000000016,BA03050040,,,,,,,74.04,74,0.188157250699,TASWIL5000020230907KABKOTA,Buton,Wilayah terapung,1.53526521797E-5,0.0397338812277,4326,4,,,Buton,Sulawesi Tenggara,,0,,,2025-07,0.9184782498556635,7,0.9184782498556635,VIIRS DNB,nW/cm2/sr,2025,"{""type"":""MultiPoint"",""coordinates"":[]}"
138_00000000000000000000,BA03050040,,,,,,,74.06,74,3293.96639913,TASWIL5000020230907KABKOTA,Bombana,,0.268524880662,5.47167246052,4326,4,,,Bombana,Sulawesi Tenggara,,0,Buton,,2025-07,0.27767795137176576,7,0.27767795137176576,VIIRS DNB,nW/cm2/sr,2025,"{""type"":""MultiPoint"",""coordinates"":[]}"
138_00000000000000000002,BA03050040,,,,,,,74.15,74,517.631463505,TASWIL5000020230907KABKOTA,Buton Selatan,,0.042249508051,1.85498741345,4326,4,,,Buton Selatan,Sulawesi Tenggara,,0,Buton,,2025-07,0.3294535852868363,7,0.3294535852868363,VIIRS DNB,nW/cm2/sr,2025,"{""type"":""MultiPoint"",""coordinates"":[]}"
138_00000000000000000003,BA03050040,,,,,,,74.14,74,836.955797791,TASWIL5000020230907KABKOTA,Buton Tengah,,0.0682810706644,2.98412837401,4326,4,,,Buton Tengah,Sulawesi Tenggara,,0,Buton,,2025-07,0.3060242375020825,7,0.3060242375020825,VIIRS DNB,nW/cm2/sr,2025,"{""type"":""MultiPoint"",""coordinates"":[]}"
138_0000000000000000000c,BA03050040,,,,,,,74.72,74,294.137423231,TASWIL5000020230907KABKOTA,Kota Bau Bau,,0.0240007870008,0.955179337168,4326,5,,,Kota Bau Bau,Sulawesi Tenggara,,0,Buton,,2025-07,1.51833936434135,7,1.51833936434135,VIIRS DNB,nW/cm2/sr,2025,"{""type"":""MultiPoint"",""coordinates"":[]}"
138_00000000000000000010,BA03050040,,,,,,,74.07,74,450.455914283,TASWIL5000020230907KABKOTA,Wakatobi,,0.0367648905913,3.71804674371,4326,4,,,Wakatobi,Sulawesi Tenggara,,0,Buton,,2025-07,0.3930244171573189,7,0.3930244171573189,VIIRS DNB,nW/cm2/sr,2025,"{""type"":""MultiPoint"",""coordinates"":[]}"
138_00000000000000000011,BA03050040,,,,,,,74.07,74,0.253355482028,TASWIL5000020230907KABKOTA,Wakatobi,Wilayah terapung,2.06703594498E-5,0.0291924563304,4326,4,,,Wakatobi,Sulawesi Tenggara,,0,Buton,,2025-07,2.288372128508812,7,2.288372128508812,VIIRS DNB,nW/cm2/sr,2025,"{""type"":""MultiPoint"",""coordinates"":[]}"
138_00000000000000000012,BA03050040,,,,,,,74.07,74,4.12006083394,TASWIL5000020230907KABKOTA,Wakatobi,Wilayah terapung,3.36232999688E-4,0.124432278786,4326,4,,,Wakatobi,Sulawesi Tenggara,,0,Buton,,2025-07,0.29764496720754186,7,0.29764496720754186,VIIRS DNB,nW/cm2/sr,2025,"{""type"":""MultiPoint"",""coordinates"":[]}"
138_0000000000000000000a,BA03050040,,,,,,,74.05,74,4237.74051506,TASWIL5000020230907KABKOTA,Konawe Selatan,,0.345208073275,5.59324280043,4326,4,,,Konawe Selatan,Sulawesi Tenggara,,0,Kendari,,2025-07,0.38179159413116875,7,0.38179159413116875,VIIRS DNB,nW/cm2/sr,2025,"{""type"":""MultiPoint"",""coordinates"":[]}"
138_0000000000000000000d,BA03050040,,,,,,,74.71,74,265.790696582,TASWIL5000020230907KABKOTA,Kota Kendari,,0.0216443348271,1.21929531969,4326,5,,,Kota Kendari,Sulawesi Tenggara,,0,Kendari,,2025-07,5.982731138031625,7,5.982731138031625,VIIRS DNB,nW/cm2/sr,2025,"{""type"":""MultiPoint"",""coordinates"":[]}"
138_00000000000000000006,BA03050040,,,,,,,74.11,74,3992.53107078,TASWIL5000020230907KABKOTA,Kolaka Timur,,0.325055960897,4.62416724675,4326,4,,,Kolaka Timur,Sulawesi Tenggara,,0,Kolaka,,2025-07,0.2506958687285872,7,0.2506958687285872,VIIRS DNB,nW/cm2/sr,2025,"{""type"":""MultiPoint"",""coordinates"":[]}"
138_00000000000000000007,BA03050040,,,,,,,74.08,74,2932.25192061,TASWIL5000020230907KABKOTA,Kolaka Utara,,0.238597308701,3.90865020949,4326,4,,,Kolaka Utara,Sulawesi Tenggara,,0,Kolaka,,2025-07,0.29515746872112375,7,0.29515746872112375,VIIRS DNB,nW/cm2/sr,2025,"{""type"":""MultiPoint"",""coordinates"":[]}"
138_00000000000000000009,BA03050040,,,,,,,74.12,74,705.711010277,TASWIL5000020230907KABKOTA,Konawe Kepulauan,,0.0574768178025,1.17136047971,4326,4,,,Konawe Kepulauan,Sulawesi Tenggara,,0,Konawe,,2025-07,0.22947867740610708,7,0.22947867740610708,VIIRS DNB,nW/cm2/sr,2025,"{""type"":""MultiPoint"",""coordinates"":[]}"
138_0000000000000000000b,BA03050040,,,,,,,74.09,74,4219.81180817,TASWIL5000020230907KABKOTA,Konawe Utara,,0.343408045869,6.15591332033,4326,4,,,Konawe Utara,Sulawesi Tenggara,,0,Konawe,,2025-07,0.36953917969603167,7,0.36953917969603167,VIIRS DNB,nW/cm2/sr,2025,"{""type"":""MultiPoint"",""coordinates"":[]}"
138_00000000000000000004,BA03050040,,,,,,,74.10,74,1755.8292261,TASWIL5000020230907KABKOTA,Buton Utara,,0.143115018242,4.67921811895,4326,4,,,Buton Utara,Sulawesi Tenggara,,0,Muna,,2025-07,0.1886665131900244,7,0.1886665131900244,VIIRS DNB,nW/cm2/sr,2025,"{""type"":""MultiPoint"",""coordinates"":[]}"
138_0000000000000000000f,BA03050040,,,,,,,74.13,74,818.701593571,TASWIL5000020230907KABKOTA,Muna Barat,,0.0667415576998,2.65906981122,4326,4,,,Muna Barat,Sulawesi Tenggara,,0,Muna,,2025-07,0.28732301512884073,7,0.28732301512884073,VIIRS DNB,nW/cm2/sr,2025,"{""type"":""MultiPoint"",""coordinates"":[]}"
138_00000000000000000013,BA03050040,,,,,,,74.13,74,0.273099429049,TASWIL5000020230907KABKOTA,Muna Barat,Wilayah terapung,2.22679841875E-5,0.0295594995644,4326,4,,,Muna Barat,Sulawesi Tenggara,,0,Muna,,2025-07,0.17018051044712856,7,0.17018051044712856,VIIRS DNB,nW/cm2/sr,2025,"{""type"":""MultiPoint"",""coordinates"":[]}"
138_00000000000000000014,BA03050040,,,,,,,74.10,74,0.0480497061255,TASWIL5000020230907KABKOTA,Buton Utara,Wilayah terapung,3.9169026899E-6,0.0168384250334,4326,4,,,Buton Utara,Sulawesi Tenggara,,0,Muna,,2025-07,0.654285728931427,7,0.654285728931427,VIIRS DNB,nW/cm2/sr,2025,"{""type"":""MultiPoint"",""coordinates"":[]}"
139_00000000000000000001,BA03050040,,,,,,,74.04,74,1669.32863016,TASWIL5000020230907KABKOTA,Buton,,0.136188299866,3.04087674144,4326,4,,,Buton,Sulawesi Tenggara,,0,,,2025-08,0.2587860245555139,8,0.2587860245555139,VIIRS DNB,nW/cm2/sr,2025,"{""type"":""MultiPoint"",""coordinates"":[]}"
139_00000000000000000005,BA03050040,,,,,,,74.01,74,2958.9208572,TASWIL5000020230907KABKOTA,Kolaka,,0.240980839474,5.39527306777,4326,4,,,Kolaka,Sulawesi Tenggara,,0,,,2025-08,0.603016286844132,8,0.603016286844132,VIIRS DNB,nW/cm2/sr,2025,"{""type"":""MultiPoint"",""coordinates"":[]}"
139_00000000000000000008,BA03050040,,,,,,,74.02,74,5351.85263389,TASWIL5000020230907KABKOTA,Konawe,,0.435602118514,6.84601568998,4326,4,,,Konawe,Sulawesi Tenggara,,0,,,2025-08,0.4685650906681347,8,0.4685650906681347,VIIRS DNB,nW/cm2/sr,2025,"{""type"":""MultiPoint"",""coordinates"":[]}"
139_0000000000000000000e,BA03050040,,,,,,,74.03,74,1858.09481163,TASWIL5000020230907KABKOTA,Muna,,0.151502694674,5.32849464874,4326,4,,,Muna,Sulawesi Tenggara,,0,,,2025-08,0.28999722626431795,8,0.28999722626431795,VIIRS DNB,nW/cm2/sr,2025,"{""type"":""MultiPoint"",""coordinates"":[]}"
139_00000000000000000015,BA03050040,,,,,,,74.03,74,0.17024708351,TASWIL5000020230907KABKOTA,Muna,Wilayah terapung,1.38839187565E-5,0.039960941818,4326,4,,,Muna,Sulawesi Tenggara,,0,,,2025-08,0.16734104004898512,8,0.16734104004898512,VIIRS DNB,nW/cm2/sr,2025,"{""type"":""MultiPoint"",""coordinates"":[]}"
139_00000000000000000016,BA03050040,,,,,,,74.04,74,0.188157250699,TASWIL5000020230907KABKOTA,Buton,Wilayah terapung,1.53526521797E-5,0.0397338812277,4326,4,,,Buton,Sulawesi Tenggara,,0,,,2025-08,0.8317391438328704,8,0.8317391438328704,VIIRS DNB,nW/cm2/sr,2025,"{""type"":""MultiPoint"",""coordinates"":[]}"
139_00000000000000000000,BA03050040,,,,,,,74.06,74,3293.96639913,TASWIL5000020230907KABKOTA,Bombana,,0.268524880662,5.47167246052,4326,4,,,Bombana,Sulawesi Tenggara,,0,Buton,,2025-08,0.31694460431317906,8,0.31694460431317906,VIIRS DNB,nW/cm2/sr,2025,"{""type"":""MultiPoint"",""coordinates"":[]}"
139_00000000000000000002,BA03050040,,,,,,,74.15,74,517.631463505,TASWIL5000020230907KABKOTA,Buton Selatan,,0.042249508051,1.85498741345,4326,4,,,Buton Selatan,Sulawesi Tenggara,,0,Buton,,2025-08,0.34815810889821497,8,0.34815810889821497,VIIRS DNB,nW/cm2/sr,2025,"{""type"":""MultiPoint"",""coordinates"":[]}"
139_00000000000000000003,BA03050040,,,,,,,74.14,74,836.955797791,TASWIL5000020230907KABKOTA,Buton Tengah,,0.0682810706644,2.98412837401,4326,4,,,Buton Tengah,Sulawesi Tenggara,,0,Buton,,2025-08,0.3239515982065855,8,0.3239515982065855,VIIRS DNB,nW/cm2/sr,2025,"{""type"":""MultiPoint"",""coordinates"":[]}"
139_0000000000000000000c,BA03050040,,,,,,,74.72,74,294.137423231,TASWIL5000020230907KABKOTA,Kota Bau Bau,,0.0240007870008,0.955179337168,4326,5,,,Kota Bau Bau,Sulawesi Tenggara,,0,Buton,,2025-08,1.452146777495046,8,1.452146777495046,VIIRS DNB,nW/cm2/sr,2025,"{""type"":""MultiPoint"",""coordinates"":[]}"
139_00000000000000000010,BA03050040,,,,,,,74.07,74,450.455914283,TASWIL5000020230907KABKOTA,Wakatobi,,0.0367648905913,3.71804674371,4326,4,,,Wakatobi,Sulawesi Tenggara,,0,Buton,,2025-08,1.3396881663911673,8,1.3396881663911673,VIIRS DNB,nW/cm2/sr,2025,"{""type"":""MultiPoint"",""coordinates"":[]}"
139_00000000000000000011,BA03050040,,,,,,,74.07,74,0.253355482028,TASWIL5000020230907KABKOTA,Wakatobi,Wilayah terapung,2.06703594498E-5,0.0291924563304,4326,4,,,Wakatobi,Sulawesi Tenggara,,0,Buton,,2025-08,2.509961249292359,8,2.509961249292359,VIIRS DNB,nW/cm2/sr,2025,"{""type"":""MultiPoint"",""coordinates"":[]}"
139_00000000000000000012,BA03050040,,,,,,,74.07,74,4.12006083394,TASWIL5000020230907KABKOTA,Wakatobi,Wilayah terapung,3.36232999688E-4,0.124432278786,4326,4,,,Wakatobi,Sulawesi Tenggara,,0,Buton,,2025-08,0.35094437902143033,8,0.35094437902143033,VIIRS DNB,nW/cm2/sr,2025,"{""type"":""MultiPoint"",""coordinates"":[]}"
139_0000000000000000000a,BA03050040,,,,,,,74.05,74,4237.74051506,TASWIL5000020230907KABKOTA,Konawe Selatan,,0.345208073275,5.59324280043,4326,4,,,Konawe Selatan,Sulawesi Tenggara,,0,Kendari,,2025-08,0.37696346844665307,8,0.37696346844665307,VIIRS DNB,nW/cm2/sr,2025,"{""type"":""MultiPoint"",""coordinates"":[]}"
139_0000000000000000000d,BA03050040,,,,,,,74.71,74,265.790696582,TASWIL5000020230907KABKOTA,Kota Kendari,,0.0216443348271,1.21929531969,4326,5,,,Kota Kendari,Sulawesi Tenggara,,0,Kendari,,2025-08,5.273786691713723,8,5.273786691713723,VIIRS DNB,nW/cm2/sr,2025,"{""type"":""MultiPoint"",""coordinates"":[]}"
139_00000000000000000006,BA03050040,,,,,,,74.11,74,3992.53107078,TASWIL5000020230907KABKOTA,Kolaka Timur,,0.325055960897,4.62416724675,4326,4,,,Kolaka Timur,Sulawesi Tenggara,,0,Kolaka,,2025-08,0.2995452689470048,8,0.2995452689470048,VIIRS DNB,nW/cm2/sr,2025,"{""type"":""MultiPoint"",""coordinates"":[]}"
139_00000000000000000007,BA03050040,,,,,,,74.08,74,2932.25192061,TASWIL5000020230907KABKOTA,Kolaka Utara,,0.238597308701,3.90865020949,4326,4,,,Kolaka Utara,Sulawesi Tenggara,,0,Kolaka,,2025-08,0.3289797978139911,8,0.3289797978139911,VIIRS DNB,nW/cm2/sr,2025,"{""type"":""MultiPoint"",""coordinates"":[]}"
139_00000000000000000009,BA03050040,,,,,,,74.12,74,705.711010277,TASWIL5000020230907KABKOTA,Konawe Kepulauan,,0.0574768178025,1.17136047971,4326,4,,,Konawe Kepulauan,Sulawesi Tenggara,,0,Konawe,,2025-08,0.2688599786633173,8,0.2688599786633173,VIIRS DNB,nW/cm2/sr,2025,"{""type"":""MultiPoint"",""coordinates"":[]}"
139_0000000000000000000b,BA03050040,,,,,,,74.09,74,4219.81180817,TASWIL5000020230907KABKOTA,Konawe Utara,,0.343408045869,6.15591332033,4326,4,,,Konawe Utara,Sulawesi Tenggara,,0,Konawe,,2025-08,0.3757868143128419,8,0.3757868143128419,VIIRS DNB,nW/cm2/sr,2025,"{""type"":""MultiPoint"",""coordinates"":[]}"
139_00000000000000000004,BA03050040,,,,,,,74.10,74,1755.8292261,TASWIL5000020230907KABKOTA,Buton Utara,,0.143115018242,4.67921811895,4326,4,,,Buton Utara,Sulawesi Tenggara,,0,Muna,,2025-08,0.22464206599104744,8,0.22464206599104744,VIIRS DNB,nW/cm2/sr,2025,"{""type"":""MultiPoint"",""coordinates"":[]}"
139_0000000000000000000f,BA03050040,,,,,,,74.13,74,818.701593571,TASWIL5000020230907KABKOTA,Muna Barat,,0.0667415576998,2.65906981122,4326,4,,,Muna Barat,Sulawesi Tenggara,,0,Muna,,2025-08,0.2802421023224267,8,0.2802421023224267,VIIRS DNB,nW/cm2/sr,2025,"{""type"":""MultiPoint"",""coordinates"":[]}"
139_00000000000000000013,BA03050040,,,,,,,74.13,74,0.273099429049,TASWIL5000020230907KABKOTA,Muna Barat,Wilayah terapung,2.22679841875E-5,0.0295594995644,4326,4,,,Muna Barat,Sulawesi Tenggara,,0,Muna,,2025-08,0.17974729335695397,8,0.17974729335695397,VIIRS DNB,nW/cm2/sr,2025,"{""type"":""MultiPoint"",""coordinates"":[]}"
139_00000000000000000014,BA03050040,,,,,,,74.10,74,0.0480497061255,TASWIL5000020230907KABKOTA,Buton Utara,Wilayah terapung,3.9169026899E-6,0.0168384250334,4326,4,,,Buton Utara,Sulawesi Tenggara,,0,Muna,,2025-08,0.6357142754963466,8,0.6357142754963466,VIIRS DNB,nW/cm2/sr,2025,"{""type"":""MultiPoint"",""coordinates"":[]}"
140_00000000000000000001,BA03050040,,,,,,,74.04,74,1669.32863016,TASWIL5000020230907KABKOTA,Buton,,0.136188299866,3.04087674144,4326,4,,,Buton,Sulawesi Tenggara,,0,,,2025-09,0.326437556309203,9,0.326437556309203,VIIRS DNB,nW/cm2/sr,2025,"{""type"":""MultiPoint"",""coordinates"":[]}"
140_00000000000000000005,BA03050040,,,,,,,74.01,74,2958.9208572,TASWIL5000020230907KABKOTA,Kolaka,,0.240980839474,5.39527306777,4326,4,,,Kolaka,Sulawesi Tenggara,,0,,,2025-09,0.6611436449864084,9,0.6611436449864084,VIIRS DNB,nW/cm2/sr,2025,"{""type"":""MultiPoint"",""coordinates"":[]}"
140_00000000000000000008,BA03050040,,,,,,,74.02,74,5351.85263389,TASWIL5000020230907KABKOTA,Konawe,,0.435602118514,6.84601568998,4326,4,,,Konawe,Sulawesi Tenggara,,0,,,2025-09,0.5269447606281992,9,0.5269447606281992,VIIRS DNB,nW/cm2/sr,2025,"{""type"":""MultiPoint"",""coordinates"":[]}"
140_0000000000000000000e,BA03050040,,,,,,,74.03,74,1858.09481163,TASWIL5000020230907KABKOTA,Muna,,0.151502694674,5.32849464874,4326,4,,,Muna,Sulawesi Tenggara,,0,,,2025-09,0.3851051972675044,9,0.3851051972675044,VIIRS DNB,nW/cm2/sr,2025,"{""type"":""MultiPoint"",""coordinates"":[]}"
140_00000000000000000015,BA03050040,,,,,,,74.03,74,0.17024708351,TASWIL5000020230907KABKOTA,Muna,Wilayah terapung,1.38839187565E-5,0.039960941818,4326,4,,,Muna,Sulawesi Tenggara,,0,,,2025-09,0.3130057845157006,9,0.3130057845157006,VIIRS DNB,nW/cm2/sr,2025,"{""type"":""MultiPoint"",""coordinates"":[]}"
140_00000000000000000016,BA03050040,,,,,,,74.04,74,0.188157250699,TASWIL5000020230907KABKOTA,Buton,Wilayah terapung,1.53526521797E-5,0.0397338812277,4326,4,,,Buton,Sulawesi Tenggara,,0,,,2025-09,0.9223369732499125,9,0.9223369732499125,VIIRS DNB,nW/cm2/sr,2025,"{""type"":""MultiPoint"",""coordinates"":[]}"
140_00000000000000000000,BA03050040,,,,,,,74.06,74,3293.96639913,TASWIL5000020230907KABKOTA,Bombana,,0.268524880662,5.47167246052,4326,4,,,Bombana,Sulawesi Tenggara,,0,Buton,,2025-09,0.34944398734280396,9,0.34944398734280396,VIIRS DNB,nW/cm2/sr,2025,"{""type"":""MultiPoint"",""coordinates"":[]}"
140_00000000000000000002,BA03050040,,,,,,,74.15,74,517.631463505,TASWIL5000020230907KABKOTA,Buton Selatan,,0.042249508051,1.85498741345,4326,4,,,Buton Selatan,Sulawesi Tenggara,,0,Buton,,2025-09,0.4211760240747682,9,0.4211760240747682,VIIRS DNB,nW/cm2/sr,2025,"{""type"":""MultiPoint"",""coordinates"":[]}"
140_00000000000000000003,BA03050040,,,,,,,74.14,74,836.955797791,TASWIL5000020230907KABKOTA,Buton Tengah,,0.0682810706644,2.98412837401,4326,4,,,Buton Tengah,Sulawesi Tenggara,,0,Buton,,2025-09,0.40987650476050974,9,0.40987650476050974,VIIRS DNB,nW/cm2/sr,2025,"{""type"":""MultiPoint"",""coordinates"":[]}"
140_0000000000000000000c,BA03050040,,,,,,,74.72,74,294.137423231,TASWIL5000020230907KABKOTA,Kota Bau Bau,,0.0240007870008,0.955179337168,4326,5,,,Kota Bau Bau,Sulawesi Tenggara,,0,Buton,,2025-09,1.659441322468476,9,1.659441322468476,VIIRS DNB,nW/cm2/sr,2025,"{""type"":""MultiPoint"",""coordinates"":[]}"
140_00000000000000000010,BA03050040,,,,,,,74.07,74,450.455914283,TASWIL5000020230907KABKOTA,Wakatobi,,0.0367648905913,3.71804674371,4326,4,,,Wakatobi,Sulawesi Tenggara,,0,Buton,,2025-09,0.5343200739528874,9,0.5343200739528874,VIIRS DNB,nW/cm2/sr,2025,"{""type"":""MultiPoint"",""coordinates"":[]}"
140_00000000000000000011,BA03050040,,,,,,,74.07,74,0.253355482028,TASWIL5000020230907KABKOTA,Wakatobi,Wilayah terapung,2.06703594498E-5,0.0291924563304,4326,4,,,Wakatobi,Sulawesi Tenggara,,0,Buton,,2025-09,2.863255821457205,9,2.863255821457205,VIIRS DNB,nW/cm2/sr,2025,"{""type"":""MultiPoint"",""coordinates"":[]}"
140_00000000000000000012,BA03050040,,,,,,,74.07,74,4.12006083394,TASWIL5000020230907KABKOTA,Wakatobi,Wilayah terapung,3.36232999688E-4,0.124432278786,4326,4,,,Wakatobi,Sulawesi Tenggara,,0,Buton,,2025-09,0.37930414257670303,9,0.37930414257670303,VIIRS DNB,nW/cm2/sr,2025,"{""type"":""MultiPoint"",""coordinates"":[]}"
140_0000000000000000000a,BA03050040,,,,,,,74.05,74,4237.74051506,TASWIL5000020230907KABKOTA,Konawe Selatan,,0.345208073275,5.59324280043,4326,4,,,Konawe Selatan,Sulawesi Tenggara,,0,Kendari,,2025-09,0.4663752926166659,9,0.4663752926166659,VIIRS DNB,nW/cm2/sr,2025,"{""type"":""MultiPoint"",""coordinates"":[]}"
140_0000000000000000000d,BA03050040,,,,,,,74.71,74,265.790696582,TASWIL5000020230907KABKOTA,Kota Kendari,,0.0216443348271,1.21929531969,4326,5,,,Kota Kendari,Sulawesi Tenggara,,0,Kendari,,2025-09,6.199913663617558,9,6.199913663617558,VIIRS DNB,nW/cm2/sr,2025,"{""type"":""MultiPoint"",""coordinates"":[]}"
140_00000000000000000006,BA03050040,,,,,,,74.11,74,3992.53107078,TASWIL5000020230907KABKOTA,Kolaka Timur,,0.325055960897,4.62416724675,4326,4,,,Kolaka Timur,Sulawesi Tenggara,,0,Kolaka,,2025-09,0.3088736025381401,9,0.3088736025381401,VIIRS DNB,nW/cm2/sr,2025,"{""type"":""MultiPoint"",""coordinates"":[]}"
140_00000000000000000007,BA03050040,,,,,,,74.08,74,2932.25192061,TASWIL5000020230907KABKOTA,Kolaka Utara,,0.238597308701,3.90865020949,4326,4,,,Kolaka Utara,Sulawesi Tenggara,,0,Kolaka,,2025-09,0.32182960448466286,9,0.32182960448466286,VIIRS DNB,nW/cm2/sr,2025,"{""type"":""MultiPoint"",""coordinates"":[]}"
140_00000000000000000009,BA03050040,,,,,,,74.12,74,705.711010277,TASWIL5000020230907KABKOTA,Konawe Kepulauan,,0.0574768178025,1.17136047971,4326,4,,,Konawe Kepulauan,Sulawesi Tenggara,,0,Konawe,,2025-09,0.3513887483804185,9,0.3513887483804185,VIIRS DNB,nW/cm2/sr,2025,"{""type"":""MultiPoint"",""coordinates"":[]}"
140_0000000000000000000b,BA03050040,,,,,,,74.09,74,4219.81180817,TASWIL5000020230907KABKOTA,Konawe Utara,,0.343408045869,6.15591332033,4326,4,,,Konawe Utara,Sulawesi Tenggara,,0,Konawe,,2025-09,0.4235409894407889,9,0.4235409894407889,VIIRS DNB,nW/cm2/sr,2025,"{""type"":""MultiPoint"",""coordinates"":[]}"
140_00000000000000000004,BA03050040,,,,,,,74.10,74,1755.8292261,TASWIL5000020230907KABKOTA,Buton Utara,,0.143115018242,4.67921811895,4326,4,,,Buton Utara,Sulawesi Tenggara,,0,Muna,,2025-09,0.2773716377300445,9,0.2773716377300445,VIIRS DNB,nW/cm2/sr,2025,"{""type"":""MultiPoint"",""coordinates"":[]}"
140_0000000000000000000f,BA03050040,,,,,,,74.13,74,818.701593571,TASWIL5000020230907KABKOTA,Muna Barat,,0.0667415576998,2.65906981122,4326,4,,,Muna Barat,Sulawesi Tenggara,,0,Muna,,2025-09,0.39313250674964273,9,0.39313250674964273,VIIRS DNB,nW/cm2/sr,2025,"{""type"":""MultiPoint"",""coordinates"":[]}"
140_00000000000000000013,BA03050040,,,,,,,74.13,74,0.273099429049,TASWIL5000020230907KABKOTA,Muna Barat,Wilayah terapung,2.22679841875E-5,0.0295594995644,4326,4,,,Muna Barat,Sulawesi Tenggara,,0,Muna,,2025-09,0.35444043044148793,9,0.35444043044148793,VIIRS DNB,nW/cm2/sr,2025,"{""type"":""MultiPoint"",""coordinates"":[]}"
140_00000000000000000014,BA03050040,,,,,,,74.10,74,0.0480497061255,TASWIL5000020230907KABKOTA,Buton Utara,Wilayah terapung,3.9169026899E-6,0.0168384250334,4326,4,,,Buton Utara,Sulawesi Tenggara,,0,Muna,,2025-09,0.8028571520532881,9,0.8028571520532881,VIIRS DNB,nW/cm2/sr,2025,"{""type"":""MultiPoint"",""coordinates"":[]}"
141_00000000000000000001,BA03050040,,,,,,,74.04,74,1669.32863016,TASWIL5000020230907KABKOTA,Buton,,0.136188299866,3.04087674144,4326,4,,,Buton,Sulawesi Tenggara,,0,,,2025-10,0.32900724986205493,10,0.32900724986205493,VIIRS DNB,nW/cm2/sr,2025,"{""type"":""MultiPoint"",""coordinates"":[]}"
141_00000000000000000005,BA03050040,,,,,,,74.01,74,2958.9208572,TASWIL5000020230907KABKOTA,Kolaka,,0.240980839474,5.39527306777,4326,4,,,Kolaka,Sulawesi Tenggara,,0,,,2025-10,0.5834251946695866,10,0.5834251946695866,VIIRS DNB,nW/cm2/sr,2025,"{""type"":""MultiPoint"",""coordinates"":[]}"
141_00000000000000000008,BA03050040,,,,,,,74.02,74,5351.85263389,TASWIL5000020230907KABKOTA,Konawe,,0.435602118514,6.84601568998,4326,4,,,Konawe,Sulawesi Tenggara,,0,,,2025-10,0.5389737646429619,10,0.5389737646429619,VIIRS DNB,nW/cm2/sr,2025,"{""type"":""MultiPoint"",""coordinates"":[]}"
141_0000000000000000000e,BA03050040,,,,,,,74.03,74,1858.09481163,TASWIL5000020230907KABKOTA,Muna,,0.151502694674,5.32849464874,4326,4,,,Muna,Sulawesi Tenggara,,0,,,2025-10,0.3675860368218681,10,0.3675860368218681,VIIRS DNB,nW/cm2/sr,2025,"{""type"":""MultiPoint"",""coordinates"":[]}"
141_00000000000000000015,BA03050040,,,,,,,74.03,74,0.17024708351,TASWIL5000020230907KABKOTA,Muna,Wilayah terapung,1.38839187565E-5,0.039960941818,4326,4,,,Muna,Sulawesi Tenggara,,0,,,2025-10,0.2714450872702406,10,0.2714450872702406,VIIRS DNB,nW/cm2/sr,2025,"{""type"":""MultiPoint"",""coordinates"":[]}"
141_00000000000000000016,BA03050040,,,,,,,74.04,74,0.188157250699,TASWIL5000020230907KABKOTA,Buton,Wilayah terapung,1.53526521797E-5,0.0397338812277,4326,4,,,Buton,Sulawesi Tenggara,,0,,,2025-10,0.9811413009529529,10,0.9811413009529529,VIIRS DNB,nW/cm2/sr,2025,"{""type"":""MultiPoint"",""coordinates"":[]}"
141_00000000000000000000,BA03050040,,,,,,,74.06,74,3293.96639913,TASWIL5000020230907KABKOTA,Bombana,,0.268524880662,5.47167246052,4326,4,,,Bombana,Sulawesi Tenggara,,0,Buton,,2025-10,0.6303466320546252,10,0.6303466320546252,VIIRS DNB,nW/cm2/sr,2025,"{""type"":""MultiPoint"",""coordinates"":[]}"
141_00000000000000000002,BA03050040,,,,,,,74.15,74,517.631463505,TASWIL5000020230907KABKOTA,Buton Selatan,,0.042249508051,1.85498741345,4326,4,,,Buton Selatan,Sulawesi Tenggara,,0,Buton,,2025-10,0.423898883678333,10,0.423898883678333,VIIRS DNB,nW/cm2/sr,2025,"{""type"":""MultiPoint"",""coordinates"":[]}"
141_00000000000000000003,BA03050040,,,,,,,74.14,74,836.955797791,TASWIL5000020230907KABKOTA,Buton Tengah,,0.0682810706644,2.98412837401,4326,4,,,Buton Tengah,Sulawesi Tenggara,,0,Buton,,2025-10,0.3916577085673469,10,0.3916577085673469,VIIRS DNB,nW/cm2/sr,2025,"{""type"":""MultiPoint"",""coordinates"":[]}"
141_0000000000000000000c,BA03050040,,,,,,,74.72,74,294.137423231,TASWIL5000020230907KABKOTA,Kota Bau Bau,,0.0240007870008,0.955179337168,4326,5,,,Kota Bau Bau,Sulawesi Tenggara,,0,Buton,,2025-10,1.5836612567993524,10,1.5836612567993524,VIIRS DNB,nW/cm2/sr,2025,"{""type"":""MultiPoint"",""coordinates"":[]}"
141_00000000000000000010,BA03050040,,,,,,,74.07,74,450.455914283,TASWIL5000020230907KABKOTA,Wakatobi,,0.0367648905913,3.71804674371,4326,4,,,Wakatobi,Sulawesi Tenggara,,0,Buton,,2025-10,0.5227700803653074,10,0.5227700803653074,VIIRS DNB,nW/cm2/sr,2025,"{""type"":""MultiPoint"",""coordinates"":[]}"
141_00000000000000000011,BA03050040,,,,,,,74.07,74,0.253355482028,TASWIL5000020230907KABKOTA,Wakatobi,Wilayah terapung,2.06703594498E-5,0.0291924563304,4326,4,,,Wakatobi,Sulawesi Tenggara,,0,Buton,,2025-10,2.2796123589194095,10,2.2796123589194095,VIIRS DNB,nW/cm2/sr,2025,"{""type"":""MultiPoint"",""coordinates"":[]}"
141_00000000000000000012,BA03050040,,,,,,,74.07,74,4.12006083394,TASWIL5000020230907KABKOTA,Wakatobi,Wilayah terapung,3.36232999688E-4,0.124432278786,4326,4,,,Wakatobi,Sulawesi Tenggara,,0,Buton,,2025-10,0.3927786953703188,10,0.3927786953703188,VIIRS DNB,nW/cm2/sr,2025,"{""type"":""MultiPoint"",""coordinates"":[]}"
141_0000000000000000000a,BA03050040,,,,,,,74.05,74,4237.74051506,TASWIL5000020230907KABKOTA,Konawe Selatan,,0.345208073275,5.59324280043,4326,4,,,Konawe Selatan,Sulawesi Tenggara,,0,Kendari,,2025-10,0.45071498673855165,10,0.45071498673855165,VIIRS DNB,nW/cm2/sr,2025,"{""type"":""MultiPoint"",""coordinates"":[]}"
141_0000000000000000000d,BA03050040,,,,,,,74.71,74,265.790696582,TASWIL5000020230907KABKOTA,Kota Kendari,,0.0216443348271,1.21929531969,4326,5,,,Kota Kendari,Sulawesi Tenggara,,0,Kendari,,2025-10,6.108144022054718,10,6.108144022054718,VIIRS DNB,nW/cm2/sr,2025,"{""type"":""MultiPoint"",""coordinates"":[]}"
141_00000000000000000006,BA03050040,,,,,,,74.11,74,3992.53107078,TASWIL5000020230907KABKOTA,Kolaka Timur,,0.325055960897,4.62416724675,4326,4,,,Kolaka Timur,Sulawesi Tenggara,,0,Kolaka,,2025-10,0.3121462374620762,10,0.3121462374620762,VIIRS DNB,nW/cm2/sr,2025,"{""type"":""MultiPoint"",""coordinates"":[]}"
141_00000000000000000007,BA03050040,,,,,,,74.08,74,2932.25192061,TASWIL5000020230907KABKOTA,Kolaka Utara,,0.238597308701,3.90865020949,4326,4,,,Kolaka Utara,Sulawesi Tenggara,,0,Kolaka,,2025-10,0.28822398791085907,10,0.28822398791085907,VIIRS DNB,nW/cm2/sr,2025,"{""type"":""MultiPoint"",""coordinates"":[]}"
141_00000000000000000009,BA03050040,,,,,,,74.12,74,705.711010277,TASWIL5000020230907KABKOTA,Konawe Kepulauan,,0.0574768178025,1.17136047971,4326,4,,,Konawe Kepulauan,Sulawesi Tenggara,,0,Konawe,,2025-10,0.3150095393718386,10,0.3150095393718386,VIIRS DNB,nW/cm2/sr,2025,"{""type"":""MultiPoint"",""coordinates"":[]}"
141_0000000000000000000b,BA03050040,,,,,,,74.09,74,4219.81180817,TASWIL5000020230907KABKOTA,Konawe Utara,,0.343408045869,6.15591332033,4326,4,,,Konawe Utara,Sulawesi Tenggara,,0,Konawe,,2025-10,0.38069806624236063,10,0.38069806624236063,VIIRS DNB,nW/cm2/sr,2025,"{""type"":""MultiPoint"",""coordinates"":[]}"
141_00000000000000000004,BA03050040,,,,,,,74.10,74,1755.8292261,TASWIL5000020230907KABKOTA,Buton Utara,,0.143115018242,4.67921811895,4326,4,,,Buton Utara,Sulawesi Tenggara,,0,Muna,,2025-10,0.2824637925722358,10,0.2824637925722358,VIIRS DNB,nW/cm2/sr,2025,"{""type"":""MultiPoint"",""coordinates"":[]}"
141_0000000000000000000f,BA03050040,,,,,,,74.13,74,818.701593571,TASWIL5000020230907KABKOTA,Muna Barat,,0.0667415576998,2.65906981122,4326,4,,,Muna Barat,Sulawesi Tenggara,,0,Muna,,2025-10,0.3633123937075107,10,0.3633123937075107,VIIRS DNB,nW/cm2/sr,2025,"{""type"":""MultiPoint"",""coordinates"":[]}"
141_00000000000000000013,BA03050040,,,,,,,74.13,74,0.273099429049,TASWIL5000020230907KABKOTA,Muna Barat,Wilayah terapung,2.22679841875E-5,0.0295594995644,4326,4,,,Muna Barat,Sulawesi Tenggara,,0,Muna,,2025-10,0.3163898931513624,10,0.3163898931513624,VIIRS DNB,nW/cm2/sr,2025,"{""type"":""MultiPoint"",""coordinates"":[]}"
141_00000000000000000014,BA03050040,,,,,,,74.10,74,0.0480497061255,TASWIL5000020230907KABKOTA,Buton Utara,Wilayah terapung,3.9169026899E-6,0.0168384250334,4326,4,,,Buton Utara,Sulawesi Tenggara,,0,Muna,,2025-10,0.840000033378601,10,0.840000033378601,VIIRS DNB,nW/cm2/sr,2025,"{""type"":""MultiPoint"",""coordinates"":[]}"
